benchmark_id,scenario_id,rep,method,feasibility,seed,m0,m1,n_proxy_total,C_sources,nontransfer_scale,p_dim,pehe,ate_hat,ate_abs_err,ate_bias,tau_corr,tau_kendall,qini_auc,topk_10_ratio,topk_20_ratio,topk_30_ratio,topk_10_captured,topk_20_captured,calib_slope,calib_intercept,calib_r2,tau_ece,tau_mce,policy_value,policy_regret,policy_value_top20,policy_regret_top20,stage2_lambda,stage2_n_selected,stepb_M_fro_norm,stepb_M_effective_rank,runtime_sec
gold_fair_dim_sweep,b84238938c9b,0,TargetOnlyDR,OracleTargetTreated,409809338,50,50,20000,10,0.1,10,1.9606174362507862,0.38936085411954185,0.41004370363251685,0.41004370363251685,0.8012822252822253,0.6054854854854855,0.8122952690405473,0.8406835939521019,0.8192919422700945,0.8188763286139391,4.536833224564209,3.552419871821419,1.095217593933815,-0.44711770733379486,0.6246579861463342,0.437971109030636,1.068229193199905,1.1304472905252496,0.24032863034433527,0.8454890296219923,0.15670870471379228,0.0,0.0,,,4.851436138153076
gold_fair_dim_sweep,b84238938c9b,0,ProxyOnly,FeasibleRestricted,409809338,50,50,20000,10,0.1,10,2.7045643464201605,-0.5277376815897907,0.5070548320768157,-0.5070548320768157,0.5373635613635613,0.3725485485485486,0.5463491960260694,0.5068728093638328,0.5606358012226266,0.5816971040927608,2.7353898882925707,2.430896312246667,0.813941883813776,0.4088649531997339,0.2851943617277173,0.5593406444038977,1.3955457213583136,0.8232957049797258,0.5474802158898591,0.6211843177070419,0.3810134166287428,0.0,0.0,,,12.762643575668335
gold_fair_dim_sweep,b84238938c9b,0,Glmtrans_Auto,OracleTargetTreated,409809338,50,50,20000,10,0.1,10,0.5452362147038624,0.09290535472961822,0.11358820424259324,0.11358820424259324,0.9845757605757606,0.8975775775775776,0.9859101786279189,0.9855891802665632,0.9851332650024606,0.9867737415639682,5.318830736048726,4.271501776632081,1.027637553615035,-0.11615588096505693,0.9712994059253065,0.11358820424259314,0.291476512252995,1.3549784564129264,0.015797464456658528,0.9893054105841247,0.01289232375165994,,,,,12.101385593414307
gold_fair_dim_sweep,b84238938c9b,0,Glmtrans_DR_CrossFit,OracleTargetTreated,409809338,50,50,20000,10,0.1,10,0.659633389869497,0.14306559389653445,0.16374844340950945,0.16374844340950945,0.9766581286581287,0.8707947947947948,0.9788408654910058,0.9750813961514153,0.9825972452143276,0.9781677037924473,5.262124426525019,4.260505687660751,1.017897373134014,-0.16630894172611477,0.9580802547098842,0.16374844340950925,0.27571398672822856,1.3471683488972839,0.02360757197230101,0.9871061927898588,0.015091541545925846,,,,,13.711769104003906
gold_fair_dim_sweep,b84238938c9b,0,Glmtrans_OptionB,FeasibleRestricted,409809338,50,50,20000,10,0.1,10,1.3888650081350327,-0.07416675517044746,0.05348390565747245,-0.05348390565747245,0.8912035232035233,0.7112832832832833,0.8969545535811886,0.8891356087674505,0.9053391699401918,0.8961969090571524,4.798309375868613,3.9255175012737835,1.0151009483420625,0.05460389399599983,0.8010320995725283,0.09047014493882856,0.26090769524627655,1.2549929842965026,0.11578293657308225,0.9201085555124652,0.08208917882331945,,,,,10.052673101425171
gold_fair_dim_sweep,b84238938c9b,0,AnchorOnly,OracleTargetTreated,409809338,50,50,20000,10,0.1,10,1.9766790481716434,0.5559453527151207,0.5766282022280957,0.5766282022280957,0.7919741279741281,0.5983943943943945,0.8012562442144602,0.876244816181221,0.8295838480297492,0.7878841028437956,4.728742922428933,3.597045198464089,1.0289548435580629,-0.5927255129427942,0.6308917933207407,0.5785911516160254,0.9307671312736288,1.1009169186580638,0.26985900221152104,0.8544140949505263,0.1477836393852583,0.01704601236438939,2.0,,,8.177491188049316
gold_fair_dim_sweep,b84238938c9b,0,AnchorPlugin,FeasibleRestricted,409809338,50,50,20000,10,0.1,10,2.3611421309624148,-0.5127377614506354,0.49205491193766043,-0.49205491193766043,0.6731225651225652,0.4863143143143143,0.685443052365356,0.6667403423081353,0.714762498218662,0.6925419572739512,3.5981310434769886,3.099184028673901,0.8366142782237892,0.4082808827011295,0.4664026996536781,0.5991514455394477,1.3871115253261248,1.011597503300804,0.3591784175687809,0.7548418609924887,0.2473558733432959,0.043966290240433664,6.0,,,4.166199445724487
gold_fair_dim_sweep,b84238938c9b,0,IPWTransport,FeasibleRestricted,409809338,50,50,20000,10,0.1,10,1.980142219368168,-0.1672037603316971,0.1465209108187221,-0.1465209108187221,0.766061326061326,0.5713153153153153,0.7757002637744363,0.7882649488913325,0.7890966183315917,0.7790668201625612,4.253950755809993,3.4214940525121165,1.0100741561490203,0.1482053476090069,0.5968760378659552,0.16753631056689788,0.2682397901453044,1.1025799395942422,0.2681959812753427,0.8193038657601319,0.1828938685756527,,,,,0.7175731658935547
gold_fair_dim_sweep,b84238938c9b,0,EntropyBalancing,FeasibleRestricted,409809338,50,50,20000,10,0.1,10,1.9388949457070503,-0.14627059488343572,0.12558774537046072,-0.12558774537046072,0.7764244164244165,0.5815295295295295,0.7858034769385411,0.802544527038127,0.8068029431397952,0.7898583269760692,4.331011929639477,3.498268028747379,1.010016509361316,0.127052866153396,0.6130015681395422,0.1291022901898582,0.2667380029591664,1.120016470716718,0.25075945015286694,0.8346586610071842,0.1675390733286004,,,,,0.6002867221832275
gold_fair_dim_sweep,b84238938c9b,0,OutcomeModelTransport,FeasibleRestricted,409809338,50,50,20000,10,0.1,10,1.9802644814936154,-0.16662937523952198,0.14594652572654698,-0.14594652572654698,0.76597746997747,0.5711951951951952,0.7756286105747274,0.783952088828422,0.7868932233901779,0.7790668201625612,4.230675974468865,3.4119402127005576,1.0101275202142923,0.14763406809258023,0.596809222446503,0.16707225040894946,0.2675068209905638,1.1025799395942422,0.2681959812753427,0.8173930977978201,0.18480463653796453,,,,,0.053879737854003906
gold_fair_dim_sweep,b84238938c9b,2,TargetOnlyDR,OracleTargetTreated,2093751899,50,50,20000,10,0.1,10,1.1500430015251404,0.09827145026463786,0.23614047849375214,0.23614047849375214,0.7816185496185497,0.5891571571571572,0.7933193475590954,0.8026770941997381,0.789618124181815,0.772532776177314,2.305060176976994,1.7942497305620129,1.1585571141591369,-0.25172211605194605,0.5876427968097135,0.4078502081195684,0.868094914634068,-0.10600078700366125,0.1570072190656679,-0.219776140636514,0.09561017216848798,0.0,0.0,,,4.955027341842651
gold_fair_dim_sweep,b84238938c9b,2,ProxyOnly,FeasibleRestricted,2093751899,50,50,20000,10,0.1,10,1.4628322859481544,0.8803181927480097,1.0181872209771239,1.0181872209771239,0.8273411873411874,0.6354354354354355,0.8325175972744076,0.6713113317334068,0.7828888015370492,0.7858802266691722,1.9278150931600024,1.7789586867365603,1.1068308822504411,-1.112232390169508,0.6372677402640226,1.018187220977124,1.7262637162864256,-0.26395950906984844,0.31496594113185505,-0.22283434940160446,0.09866838093357845,0.0,0.0,,,14.834910869598389
gold_fair_dim_sweep,b84238938c9b,2,Glmtrans_Auto,OracleTargetTreated,2093751899,50,50,20000,10,0.1,10,0.4197570998369895,-0.13630292536327399,0.0015661028658402742,0.0015661028658402742,0.9810496770496772,0.8851491491491491,0.9820502653326297,0.9764557957008367,0.9797529564010865,0.9800601736827246,2.804103151208518,2.22629322226045,1.174982765228176,0.022284559922915056,0.9624637001202176,0.2129244479226124,0.4152122714725839,0.04006122532948016,0.010945206732526483,-0.13336744229682654,0.00920147382880053,,,,,11.080391645431519
gold_fair_dim_sweep,b84238938c9b,2,Glmtrans_DR_CrossFit,OracleTargetTreated,2093751899,50,50,20000,10,0.1,10,0.7791391723229235,-0.09981880966065122,0.03805021856846304,0.03805021856846304,0.8969870489870492,0.7215735735735737,0.9031830825538927,0.9015719014989843,0.8977060637107944,0.8895774819380716,2.5890579186125375,2.0398580194774016,1.1635519740015967,-0.021724655205973765,0.8136881119809394,0.19091118708242635,0.40154543752571326,-0.016889404230279133,0.06789583629228577,-0.17065448285343615,0.04648851438541014,,,,,13.970174551010132
gold_fair_dim_sweep,b84238938c9b,2,Glmtrans_OptionB,FeasibleRestricted,2093751899,50,50,20000,10,0.1,10,1.9021361930279137,1.2375047772641543,1.3753738054932685,1.3753738054932685,0.7933148653148655,0.5981301301301302,0.8049677739961502,0.820980519890537,0.8217969465835946,0.7897385283541519,2.3576224065048987,1.8673696877362755,0.6294011916730956,-0.9167560097403221,0.6475300570489868,1.3874613095647643,2.794356863254774,-0.20608104148979509,0.2570874735518017,-0.20515214920166144,0.08098618073363544,,,,,9.433508396148682
gold_fair_dim_sweep,b84238938c9b,2,AnchorOnly,OracleTargetTreated,2093751899,50,50,20000,10,0.1,10,0.9835357816818092,-0.00018966571734786264,0.1376793625117664,0.1376793625117664,0.8236681756681757,0.6342862862862862,0.8339132527227233,0.8269547654997659,0.8249133223776143,0.8210342605156603,2.3747787396565787,1.874451030296065,1.0296160230538047,-0.1376737453675089,0.6836244491754252,0.20641529439966452,0.4398852436386651,-0.07083171966095281,0.12183815172295945,-0.20373588068970355,0.07956991222167754,0.01398583831629368,3.0,,,9.229586362838745
gold_fair_dim_sweep,b84238938c9b,2,AnchorPlugin,FeasibleRestricted,2093751899,50,50,20000,10,0.1,10,1.1427660446257148,0.4715017246665093,0.6093707528956236,0.6093707528956236,0.8262833982833984,0.6316836836836837,0.8329282638911714,0.8300982754334668,0.7963168767577142,0.8008269989596373,2.383806005560223,1.8094713100019009,1.0017537831158745,-0.610197664659449,0.6876746011263302,0.6093707528956235,0.8221296033917065,-0.12221280983848726,0.1732192419004939,-0.2167318247485364,0.09256585628051038,0.029320321994409468,8.0,,,3.4511942863464355
gold_fair_dim_sweep,b84238938c9b,2,IPWTransport,FeasibleRestricted,2093751899,50,50,20000,10,0.1,10,1.3799970377037174,-0.17512736551827734,0.037258337289163085,-0.037258337289163085,0.6621356181356182,0.4755675675675676,0.6820529282495005,0.7007525665032047,0.6655174414751887,0.6674369876066321,2.012361940602499,1.5122556758540495,0.6869489992037866,-0.017565459753137835,0.4594517946999782,0.4259758169516274,0.9319681922793679,-0.17039422279652577,0.22140065485853241,-0.2761749515781067,0.15200898311008065,,,,,0.2693338394165039
gold_fair_dim_sweep,b84238938c9b,2,EntropyBalancing,FeasibleRestricted,2093751899,50,50,20000,10,0.1,10,1.2962493340886356,-0.15338136669953994,0.015512338470425685,-0.015512338470425685,0.6977422937422938,0.5063703703703704,0.7162007081702955,0.7491023979165904,0.6962307058594243,0.6900877073924848,2.151208896320926,1.5820454446783094,0.7292557433498809,-0.026014785640620656,0.5086659206922822,0.35273063795515447,0.8039296813502088,-0.15209630803660473,0.20310274009861137,-0.2622169978132547,0.13805102934522867,,,,,0.9248912334442139
gold_fair_dim_sweep,b84238938c9b,2,OutcomeModelTransport,FeasibleRestricted,2093751899,50,50,20000,10,0.1,10,1.3895875441990808,-0.18812277560094326,0.050253747371829,-0.050253747371829,0.6592106752106752,0.473013013013013,0.679240552229443,0.7007525665032047,0.658767912725635,0.6655514788707296,2.012361940602499,1.4969187176847374,0.6811027602307423,-0.009738086505043217,0.45536298093762984,0.43397358956812526,0.9690813061658523,-0.17471318140190284,0.22571961346390948,-0.2792423432119691,0.1550763747439431,,,,,0.051268577575683594
gold_fair_dim_sweep,b84238938c9b,4,TargetOnlyDR,OracleTargetTreated,1656668457,50,50,20000,10,0.1,10,1.1710674702318236,1.2081215222682158,0.22736340014581602,0.22736340014581602,0.6417070257070258,0.4595075075075075,0.6559107402381675,0.6845127325546259,0.7603393309220353,0.7712255681791677,2.391334936056864,2.2443425948954,0.7256448520738259,0.1040909588088748,0.40004627908042234,0.28972484167018137,0.9439851143053897,0.6952249073616142,0.1311696933610932,0.09141624035610837,0.14148436784942836,0.0,0.0,,,4.913491725921631
gold_fair_dim_sweep,b84238938c9b,4,ProxyOnly,FeasibleRestricted,1656668457,50,50,20000,10,0.1,10,1.5044509702802251,0.9910352577947361,0.010277135672336346,0.010277135672336346,0.38256994656994664,0.259983983983984,0.392200185706679,0.5774317958805758,0.625952253751536,0.6368634563480422,2.017249294291371,1.847663600095151,0.4242331989116973,0.56032806447386,0.15081303388974454,0.6795499006617071,1.2054232814648638,0.5366511904116413,0.2897434103110661,0.012080441396058567,0.22082016680947816,0.0,0.0,,,14.979433536529541
gold_fair_dim_sweep,b84238938c9b,4,Glmtrans_Auto,OracleTargetTreated,1656668457,50,50,20000,10,0.1,10,0.6038905688234433,1.1441638958145437,0.16340577369214393,0.16340577369214393,0.903911283911284,0.7336256256256256,0.9121791604863771,0.9371130464013679,0.9487936552760937,0.9291388155278489,3.2737903333528346,2.800615366984072,0.9634045870800617,-0.12153462347672588,0.832905405193837,0.16340577369214399,0.35369559336623047,0.7896256525780669,0.03676894814464049,0.2026707947738429,0.03022981343169384,,,,,10.531381607055664
gold_fair_dim_sweep,b84238938c9b,4,Glmtrans_DR_CrossFit,OracleTargetTreated,1656668457,50,50,20000,10,0.1,10,0.4828803863718973,1.1344968233082002,0.15373870118580046,0.15373870118580046,0.9472640872640874,0.804956956956957,0.9512171338340235,0.9600417899890897,0.9660394255405405,0.9598438413270122,3.3538915542265215,2.851520818290059,1.0800611494614982,-0.2445678209202734,0.900610426973185,0.1684028257555689,0.2844521314698818,0.8005982482586994,0.02579635246400802,0.21285188503504016,0.02004872317049658,,,,,13.564607858657837
gold_fair_dim_sweep,b84238938c9b,4,Glmtrans_OptionB,FeasibleRestricted,1656668457,50,50,20000,10,0.1,10,1.3628949172185163,-0.3084915937530262,1.289249715875426,-1.289249715875426,0.9526840966840968,0.8124964964964965,0.9569314941749033,0.9649843955657644,0.9703128796499453,0.9666412092849043,3.371158472471477,2.8641350481411405,0.9078191540704645,1.260812699801121,0.9121474136592245,1.2892497158754257,1.5597866947235646,0.5738799671579868,0.2525146335647206,0.21537473100525648,0.01752587720028026,,,,,9.017943620681763
gold_fair_dim_sweep,b84238938c9b,4,AnchorOnly,OracleTargetTreated,1656668457,50,50,20000,10,0.1,10,0.9726499442404535,1.224036456205187,0.24327833408278732,0.24327833408278732,0.759987615987616,0.5626226226226226,0.7684676677769526,0.8295639795200547,0.8417744398645632,0.8558911492453496,2.898069285748981,2.4847198531624772,0.9241357971736045,-0.1504177841023354,0.5621799389694356,0.24473179807424003,0.4173660060642086,0.7186427082283806,0.10775189249432682,0.13949169200952383,0.09340891619601291,0.007473876915325696,3.0,,,9.109941482543945
gold_fair_dim_sweep,b84238938c9b,4,AnchorPlugin,FeasibleRestricted,1656668457,50,50,20000,10,0.1,10,1.396853780012715,0.06926269228116669,0.9114954298412331,-0.9114954298412331,0.7230247830247831,0.5314474474474474,0.7380715240327671,0.8722245856054087,0.8694753018725115,0.8649652022940028,3.0471034714894576,2.566486272432629,0.6904813879622388,0.9329335222220979,0.5532947475560732,0.9114954298412329,1.8647231589105877,0.5481429552009188,0.2782516455217886,0.15584497586355428,0.07705563234198246,0.027247976003863576,9.0,,,3.9805490970611572
gold_fair_dim_sweep,b84238938c9b,4,IPWTransport,FeasibleRestricted,1656668457,50,50,20000,10,0.1,10,1.9278625265788996,-0.6425131394562787,1.6232712615786786,-1.6232712615786786,0.7084300444300445,0.5163163163163164,0.7262736684424702,0.8312999461666672,0.8511267269393348,0.8333824300352336,2.9041338591198538,2.512325601527679,0.752958886080571,1.4645440998995298,0.5170606382732126,1.6232712615786784,2.313609435996918,0.31018011084688485,0.5162144898758225,0.14501284168256412,0.08788776652297262,,,,,0.4467153549194336
gold_fair_dim_sweep,b84238938c9b,4,EntropyBalancing,FeasibleRestricted,1656668457,50,50,20000,10,0.1,10,1.923503302825705,-0.6488781349356199,1.6296362570580196,-1.6296362570580196,0.7130801930801931,0.520048048048048,0.7302109181827341,0.8271702167653784,0.8503736215873964,0.8374728208906075,2.8897067115678903,2.5101026119346646,0.7784585376742529,1.4858828461731786,0.5223794111827319,1.6296362570580196,2.1842235955423974,0.3052045844276334,0.521190016295074,0.14456824376396132,0.08833236444157541,,,,,1.308969259262085
gold_fair_dim_sweep,b84238938c9b,4,OutcomeModelTransport,FeasibleRestricted,1656668457,50,50,20000,10,0.1,10,1.9286876799450976,-0.6433829134431601,1.6241410355655599,-1.6241410355655599,0.7085025125025126,0.5163923923923924,0.7263451476690853,0.8312999461666672,0.8511267269393347,0.8333824300352336,2.9041338591198538,2.5123256015276785,0.7525025417437988,1.464905399802908,0.517167688112989,1.6241410355655599,2.3162044018771524,0.31018011084688485,0.5162144898758225,0.14501284168256412,0.08788776652297262,,,,,0.1140284538269043
gold_fair_dim_sweep,b84238938c9b,1,TargetOnlyDR,OracleTargetTreated,86610260,50,50,20000,10,0.1,10,1.5982997077028673,0.9690982691604026,0.1272347015752796,0.1272347015752796,0.7498432258432259,0.5525925925925926,0.7565293145062376,0.8036217477027418,0.8142771280110966,0.8171403852698468,3.8552195865345964,3.3341814926207025,1.2783678696054313,-0.3970005221997708,0.5630354913592576,0.3252036264740232,0.8445063680841902,0.34506795668283574,0.2160216000236863,-0.20104342775243692,0.15209410684400973,0.0,0.0,,,4.775632619857788
gold_fair_dim_sweep,b84238938c9b,1,ProxyOnly,FeasibleRestricted,86610260,50,50,20000,10,0.1,10,2.1270140437141523,1.5787345593199524,0.7368709917348294,0.7368709917348294,0.563024207024207,0.398006006006006,0.5747915233963066,0.6170588393963359,0.6033215370312234,0.6464171847194347,2.9602201912596944,2.470391754441576,1.1180707044321394,-0.9232732932650989,0.27586509747741883,0.7368709917348292,1.9016085666944704,0.03208305888160038,0.5290064978249217,-0.37380137538826214,0.32485205447983495,0.0,0.0,,,13.494105815887451
gold_fair_dim_sweep,b84238938c9b,1,Glmtrans_Auto,OracleTargetTreated,86610260,50,50,20000,10,0.1,10,0.4247596211672376,0.8466138911715192,0.004750323586396155,0.004750323586396155,0.982033006033006,0.8844404404404403,0.9834638329508023,0.9844723401607918,0.9834087596156517,0.9858196721590328,4.722815253617713,4.026716670773177,1.0093820006057574,-0.012693255626209439,0.9671318651545583,0.03296799414817292,0.06684529370961535,0.5485772470078538,0.012512309698668234,-0.06253639212194206,0.013587071213514872,,,,,11.470655918121338
gold_fair_dim_sweep,b84238938c9b,1,Glmtrans_DR_CrossFit,OracleTargetTreated,86610260,50,50,20000,10,0.1,10,0.5190274580836484,0.8091252898560233,0.03273827772909976,-0.03273827772909976,0.9736992256992258,0.8602842842842843,0.9755125559632353,0.9747611887502069,0.9751410568341282,0.980612782953746,4.676227886821191,3.992863304821495,1.009037012954208,0.02542620200309379,0.9510651376414406,0.04133971285755543,0.09680843665714178,0.5393895440271352,0.021700012679386815,-0.0693070653122785,0.020357744403851304,,,,,14.694867134094238
gold_fair_dim_sweep,b84238938c9b,1,Glmtrans_OptionB,FeasibleRestricted,86610260,50,50,20000,10,0.1,10,1.5690391084554718,0.8404315154605911,0.0014320521245319018,-0.0014320521245319018,0.9184645024645025,0.7528608608608608,0.9242508261274486,0.9643801983537517,0.9470191832635898,0.9463845662934961,4.6264270973098975,3.8777140182073304,0.6262976150897849,0.3155033138058611,0.8545632086473438,1.0221455524425396,2.396912142360112,0.47789515330496846,0.0831944034015536,-0.09233692263511134,0.04338760172668415,,,,,9.805764198303223
gold_fair_dim_sweep,b84238938c9b,1,AnchorOnly,OracleTargetTreated,86610260,50,50,20000,10,0.1,10,1.4579333137811774,0.9061018566421151,0.06423828905699203,0.06423828905699203,0.7903807063807065,0.5943823823823824,0.800775972636558,0.7857041491790225,0.8029798355484429,0.8487104109162137,3.7692633801853166,3.2879230111406845,1.1316849857948492,-0.18355829917759492,0.6209024288869038,0.26604259396918367,0.7513447224217349,0.4008764720060218,0.16021308470050027,-0.2102951240484405,0.16134580314001332,0.00653452064409981,4.0,,,9.180509567260742
gold_fair_dim_sweep,b84238938c9b,1,AnchorPlugin,FeasibleRestricted,86610260,50,50,20000,10,0.1,10,0.8650391952011343,0.48573789439462656,0.3561256731904965,-0.3561256731904965,0.9452653772653773,0.7962882882882883,0.9479582781469007,0.9514393171880865,0.9494441381250731,0.9619272715316132,4.56434572795982,3.8876433645459003,1.1076820362891129,0.3038204276192975,0.8949398923548739,0.36232980625020555,0.7524517261589554,0.5140753756572148,0.04701418104930721,-0.0903510533673973,0.0414017324589701,0.0349019165890843,10.0,,,3.57009220123291
gold_fair_dim_sweep,b84238938c9b,1,IPWTransport,FeasibleRestricted,86610260,50,50,20000,10,0.1,10,1.7345772161811237,-0.7382943845105108,1.5801579520956337,-1.5801579520956337,0.9480921120921121,0.8037837837837838,0.9519068747336374,0.9601525633239117,0.9619511412065896,0.9650266271213646,4.6061458376023925,3.9388551900633355,1.0217486858188902,1.5962148847062039,0.9069142985304989,1.5801579520956344,1.6701854977346082,0.3073856904722069,0.2537038662343152,-0.08010868826391038,0.031159367355483185,,,,,0.2595100402832031
gold_fair_dim_sweep,b84238938c9b,1,EntropyBalancing,FeasibleRestricted,86610260,50,50,20000,10,0.1,10,1.7200466592518453,-0.7376556893098095,1.5795192568949326,-1.5795192568949326,0.952989292989293,0.8131491491491492,0.9565069858989322,0.9584777978052736,0.9648266300484806,0.9686099895338032,4.598111474609151,3.9506293162779422,1.0268658666491968,1.599337016276951,0.9159308636968033,1.579519256894933,1.6983858410737669,0.3176831946445515,0.24340636206197053,-0.07775386302098891,0.02880454211256172,,,,,1.0268278121948242
gold_fair_dim_sweep,b84238938c9b,1,OutcomeModelTransport,FeasibleRestricted,86610260,50,50,20000,10,0.1,10,1.7431317769764512,-0.7459657949313656,1.5878293625164885,-1.5878293625164885,0.9475410115410116,0.8026946946946948,0.9513783955768536,0.9601525633239117,0.9619511412065896,0.9651393587878424,4.6061458376023925,3.9388551900633355,1.0199418207523014,1.6027052786863578,0.9058546626048243,1.587829362516489,1.673434268887791,0.3009571573130521,0.26013239939346994,-0.08010868826391038,0.031159367355483185,,,,,0.04047060012817383
gold_fair_dim_sweep,b84238938c9b,3,TargetOnlyDR,OracleTargetTreated,838772028,50,50,20000,10,0.1,10,2.015614396527979,-0.7463630253401345,0.3591280924099205,0.3591280924099205,0.7975658095658096,0.6020860860860862,0.806593374911298,0.7334772835406518,0.7316476100902194,0.7032296813978189,3.1625194609333738,2.3536204682631876,1.4224163508504157,-0.0438521468360637,0.6381036937027225,0.6761154292990961,1.8255302886516156,-0.13386655081964635,0.22411339886749754,-0.2043405927375921,0.1726513334803677,0.0,0.0,,,4.8652503490448
gold_fair_dim_sweep,b84238938c9b,3,ProxyOnly,FeasibleRestricted,838772028,50,50,20000,10,0.1,10,3.545288837533236,1.1395486711551803,2.2450397889052356,2.2450397889052356,0.47365291765291767,0.3275955955955956,0.48998037344563256,0.24866295482644124,0.22388178692332117,0.18742796284921565,1.0721551321340026,0.7202002014454613,1.5364220252131953,-2.8563187949153015,0.22736471496435517,2.245039788905235,3.78303430500969,-1.3226542034037976,1.4129010514516487,-0.5310246461011373,0.49933538684391293,0.0,0.0,,,14.108851194381714
gold_fair_dim_sweep,b84238938c9b,3,Glmtrans_Auto,OracleTargetTreated,838772028,50,50,20000,10,0.1,10,0.5062473839071575,-1.0659641576558647,0.03952696009419032,0.03952696009419032,0.9924746964746967,0.9285885885885886,0.992828792617835,0.9857352745216525,0.9847166497208749,0.9893680678365017,4.2501752391769205,3.1677124755957498,1.1177742817576646,0.08601620295314225,0.9838441934476889,0.2631388129544006,0.616995837267527,0.0833047542935828,0.006942093754268394,-0.041522191271079714,0.009832932013855322,,,,,11.140066623687744
gold_fair_dim_sweep,b84238938c9b,3,Glmtrans_DR_CrossFit,OracleTargetTreated,838772028,50,50,20000,10,0.1,10,0.43826290037821847,-1.0815760962873242,0.023915021462730834,0.023915021462730834,0.990908814908815,0.9254214214214214,0.9912686369924745,0.9829356241894033,0.9809422420818558,0.9845961090519809,4.238104042347474,3.1555706699611097,1.035248361285129,0.014208763536565033,0.9807794883315673,0.0891867171449137,0.2664500778840311,0.08050449185354981,0.009742356194301388,-0.043950552398007756,0.012261293140783364,,,,,14.144821166992188
gold_fair_dim_sweep,b84238938c9b,3,Glmtrans_OptionB,FeasibleRestricted,838772028,50,50,20000,10,0.1,10,1.8424541031200035,-0.6509938403383903,0.4544972774116648,0.4544972774116648,0.839926067926068,0.6443003003003004,0.8487281914563677,0.7949661943254339,0.8087823344245024,0.7602505390682808,3.4276399784356606,2.6017533993399673,1.3610340383316468,-0.2194663423052677,0.7111340229887518,0.689223774192846,1.623944659264966,-0.092723237617838,0.1829700856656892,-0.15471400652223616,0.12302474726501177,,,,,10.352970361709595
gold_fair_dim_sweep,b84238938c9b,3,AnchorOnly,OracleTargetTreated,838772028,50,50,20000,10,0.1,10,2.0919723443622407,-0.6928825001088302,0.4126086176412248,0.4126086176412248,0.7962511602511604,0.6015775775775776,0.8056834783049405,0.7589059768569936,0.7275382758157719,0.7229453471000021,3.2721598537357774,2.3404012447929126,1.5613546140177688,-0.02365582923296556,0.6349485511078266,0.8580583605829912,1.9308847204862243,-0.13520594520457116,0.22545279325242235,-0.20698443743164716,0.17529517817442275,0.0025490521889382873,2.0,,,8.796243906021118
gold_fair_dim_sweep,b84238938c9b,3,AnchorPlugin,FeasibleRestricted,838772028,50,50,20000,10,0.1,10,2.6930011750773573,0.4069144918909705,1.5124056096410254,1.5124056096410254,0.705841677841678,0.5130930930930931,0.7220102374447562,0.6809126138833904,0.5780585020010192,0.5783291375752466,2.935877416961456,1.859543178163855,1.4482804685143593,-1.6948174287111923,0.5222465260035287,1.5124056096410257,2.8456595527294968,-0.48780405034336966,0.5780508983912208,-0.3031560507574586,0.27146679150023423,0.03306016751997087,9.0,,,3.8402223587036133
gold_fair_dim_sweep,b84238938c9b,3,IPWTransport,FeasibleRestricted,838772028,50,50,20000,10,0.1,10,1.8458855150719147,-0.6452600337063948,0.4602310840436602,0.4602310840436602,0.8388892308892308,0.6431391391391392,0.84770567806191,0.7972059918926085,0.8036118799996024,0.7605272577944572,3.437297269198025,2.5851206827195083,1.3564593507572589,-0.2302221113590713,0.7092882077757316,0.6839816119075017,1.6215078882685496,-0.0893997014604333,0.17964654950828451,-0.1580405498463279,0.1263512905891035,,,,,0.34322333335876465
gold_fair_dim_sweep,b84238938c9b,3,EntropyBalancing,FeasibleRestricted,838772028,50,50,20000,10,0.1,10,1.8593415529701638,-0.6728044615322473,0.4326866562178078,0.4326866562178078,0.8337146217146219,0.6378578578578579,0.8425995587352435,0.7801831757776827,0.792795913734822,0.7545760047098963,3.3639003304633035,2.5503270481422122,1.3552791092201182,-0.19365328644530896,0.7005328883620667,0.6631266629417647,1.593680169339775,-0.09524002011636035,0.18548686816421156,-0.1649992767617872,0.13331001750456278,,,,,1.2276678085327148
gold_fair_dim_sweep,b84238938c9b,3,OutcomeModelTransport,FeasibleRestricted,838772028,50,50,20000,10,0.1,10,1.8363193624518461,-0.6552622444212602,0.4502288733287948,0.4502288733287948,0.8401209961209961,0.6445485485485486,0.8489333252574193,0.7949661943254339,0.8087823344245024,0.7570839970694102,3.4276399784356606,2.6017533993399673,1.3539693181025787,-0.21828614349263556,0.7117272425128023,0.6810661048230856,1.6119873428188258,-0.08643254533274944,0.17667939338060062,-0.15471400652223616,0.12302474726501177,,,,,0.022742748260498047
gold_fair_dim_sweep,9284b9177ebb,1,TargetOnlyDR,OracleTargetTreated,1422679888,50,50,20000,10,0.1,20,2.3800490629766053,-0.3936950482903815,0.7323177765233425,0.7323177765233425,0.6660468060468061,0.4795155155155155,0.6872507032145416,0.6604749779307385,0.5464341177585338,0.5021682490207453,2.6961058109463396,1.6511018692085582,1.4560944718539526,-0.5527556414018248,0.4634561598355248,0.8445106182866093,1.8966432158439495,1.0873810509552075,0.3639326892366437,1.0766162587013963,0.2740983593960149,0.0,0.0,,,4.885306119918823
gold_fair_dim_sweep,9284b9177ebb,1,ProxyOnly,FeasibleRestricted,1422679888,50,50,20000,10,0.1,20,2.6408255973846786,-1.288144819029919,0.16213199421619495,-0.16213199421619495,0.45039208239208245,0.3100780780780781,0.4689624943317727,0.16510785932484354,0.2077077064845831,0.16946530281297464,0.6739820187484868,0.6276082903323834,1.0346418867623635,0.20675576117055558,0.21174658130651725,0.29151236038413836,0.4566180885694173,0.8615930155077356,0.5897207246841156,0.8719175429261617,0.4787970751712495,0.0,0.0,,,13.75055980682373
gold_fair_dim_sweep,9284b9177ebb,1,Glmtrans_Auto,OracleTargetTreated,1422679888,50,50,20000,10,0.1,20,0.5106598833742337,-1.1857533836465723,0.059740558832848345,-0.059740558832848345,0.9837212757212758,0.8923563563563564,0.985497427521085,0.9808191801011067,0.980977277585771,0.9816585531864395,4.003773616440509,2.964114728628132,0.9966935480540547,0.055819922250078716,0.9708205590294429,0.059740558832848255,0.13745736198116631,1.4344451715705904,0.01686856862126085,1.3392188305853114,0.011495787512099787,,,,,12.747288227081299
gold_fair_dim_sweep,9284b9177ebb,1,Glmtrans_DR_CrossFit,OracleTargetTreated,1422679888,50,50,20000,10,0.1,20,0.6047654857465992,-1.2236714766364125,0.09765865182268851,-0.09765865182268851,0.9786779586779588,0.8761601601601603,0.9809004924516274,0.9712262826134395,0.9709145533410845,0.9800470725412703,3.964614726967751,2.9337092647857843,1.0449769106087599,0.15269561444185298,0.9613553727659795,0.11874255252168793,0.4094922222151398,1.4291944398254373,0.022119300366413963,1.333137737816842,0.01757688028056914,,,,,16.62812829017639
gold_fair_dim_sweep,9284b9177ebb,1,Glmtrans_OptionB,FeasibleRestricted,1422679888,50,50,20000,10,0.1,20,1.0397524921293466,-0.9252167966363315,0.2007960281773925,0.2007960281773925,0.932892032892033,0.778922922922923,0.9392264989605453,0.9057435853947536,0.9165803441130456,0.9279679519242705,3.6973097019676175,2.769533362324974,0.9628448596168484,-0.2351725881412651,0.8831987118249206,0.20079602817739228,0.5607943411628379,1.3706406948125667,0.08067304537928455,1.3003025573246798,0.050412060772731415,,,,,9.972942590713501
gold_fair_dim_sweep,9284b9177ebb,1,AnchorOnly,OracleTargetTreated,1422679888,50,50,20000,10,0.1,20,2.323883796694665,-0.5447756347876255,0.5812371900260985,0.5812371900260985,0.6538112698112698,0.4683483483483484,0.6757901972229547,0.617648222769817,0.5629604815258636,0.5233700483741285,2.52128395196375,1.7010378252930514,1.3340429971386212,-0.39925870421354526,0.4539057969750101,0.6534610711567931,1.7252962085454788,1.1057311096951457,0.34558263049670557,1.0866034499182953,0.26411116817911595,0.011306461048407278,4.0,,,9.750653982162476
gold_fair_dim_sweep,9284b9177ebb,1,AnchorPlugin,FeasibleRestricted,1422679888,50,50,20000,10,0.1,20,1.868227532632904,-0.7289131406380334,0.39709968417569064,0.39709968417569064,0.7734321654321655,0.5797157157157158,0.7902239624176073,0.7212335315745174,0.7279339183385163,0.679866751545508,2.944126546049594,2.1995205170555328,1.0820884914443452,-0.337264304066755,0.625384150033319,0.39709968417569075,0.7807524131555565,1.2216086616489026,0.22970507854294864,1.1862999882707919,0.16441462982661936,0.03817913429929213,16.0,,,5.6248016357421875
gold_fair_dim_sweep,9284b9177ebb,1,IPWTransport,FeasibleRestricted,1422679888,50,50,20000,10,0.1,20,0.9418133851574922,-0.8001527405235325,0.32586008429019153,0.32586008429019153,0.9496811296811296,0.80992992992993,0.9543235055709364,0.931612723048438,0.9351058587767933,0.938326214438384,3.802909360823404,2.825509940095839,1.0054823630226832,-0.3214733564930474,0.911411034360672,0.32586008429019186,0.43581191621729065,1.3878586750607165,0.06345506513113475,1.3114978728788529,0.039216745218558335,,,,,0.1080014705657959
gold_fair_dim_sweep,9284b9177ebb,1,EntropyBalancing,FeasibleRestricted,1422679888,50,50,20000,10,0.1,20,0.8938062791711798,-0.7843036692800349,0.3417091555336891,0.3417091555336891,0.9563534483534485,0.8228228228228229,0.9605179073424112,0.9261874378373183,0.9439045869887821,0.9451095521273868,3.7807629609256095,2.8520961215316993,1.015180297540622,-0.3298031924718169,0.9227920866745929,0.34170915553368925,0.415268951079657,1.3897044063232669,0.06160933386858436,1.3168151091660247,0.03389950893138649,,,,,0.7229750156402588
gold_fair_dim_sweep,9284b9177ebb,1,OutcomeModelTransport,FeasibleRestricted,1422679888,50,50,20000,10,0.1,20,0.9783337355696474,-0.7590548694286976,0.3669579553850264,0.3669579553850264,0.9467950427950428,0.803967967967968,0.9518090092201112,0.926873488839422,0.9332166249981335,0.937111362399382,3.783563469885347,2.819801443276291,0.9975995408947901,-0.36878003555770106,0.9066622086296416,0.36695795538502657,0.5224237988351222,1.383584260080097,0.06772948011175428,1.3103561735149434,0.040358444582467845,,,,,0.04760622978210449
gold_fair_dim_sweep,9284b9177ebb,2,TargetOnlyDR,OracleTargetTreated,508628631,50,50,20000,10,0.1,20,2.2908169640942746,-0.2848562844565079,0.17219482165768585,0.17219482165768585,0.6344892224892225,0.45358558558558565,0.6585355669121108,0.5978407402292379,0.6033223009329365,0.5799479383887026,2.818340186386298,2.1881309050537756,1.1537783377274349,-0.1283900957427505,0.4237119780044676,0.3238694567310478,0.9671424283239167,0.613655706072077,0.38972339056510663,0.4944696908011729,0.2877343440917313,0.0,0.0,,,5.165274620056152
gold_fair_dim_sweep,9284b9177ebb,2,ProxyOnly,FeasibleRestricted,508628631,50,50,20000,10,0.1,20,2.36486770839473,-0.23620453639519678,0.22084656971899697,0.22084656971899697,0.5986181626181626,0.42555355355355357,0.6182857870213917,0.3360177821792858,0.40594254103652516,0.4997422834160919,1.584054673980822,1.4722734736384577,1.1761225386576062,-0.1792456271266323,0.38846397787493014,0.3526140397600034,1.4578489194630806,0.5956050608913122,0.40777403574587145,0.3512982045181094,0.43090583037479485,0.0,0.0,,,14.774928331375122
gold_fair_dim_sweep,9284b9177ebb,2,Glmtrans_Auto,OracleTargetTreated,508628631,50,50,20000,10,0.1,20,0.5646461131305232,-0.4290738680011167,0.027977238113077063,0.027977238113077063,0.9777028737028738,0.875927927927928,0.9815987512072916,0.9830707447713866,0.9827207379271048,0.9715124079737272,4.634391067071689,3.5641341524595385,1.03690497085277,-0.012142279520811046,0.9656404074589392,0.09500491300263429,0.28013590300775526,0.9760888595274975,0.027290237109686144,0.7696703402823257,0.012533694610578516,,,,,12.916050672531128
gold_fair_dim_sweep,9284b9177ebb,2,Glmtrans_DR_CrossFit,OracleTargetTreated,508628631,50,50,20000,10,0.1,20,0.6434806824506035,-0.4560582115008689,0.0009928946133248573,0.0009928946133248573,0.9723209643209644,0.8597157157157158,0.9762168164017995,0.9723840872820716,0.9741024531960133,0.9709846464722975,4.584012037618571,3.532877334769402,0.966781824030574,-0.0161423165352621,0.9548011757935582,0.088810945585986,0.2041180623148371,0.9758294611092072,0.0275496355279764,0.7634189767442983,0.018785058148605982,,,,,15.825083017349243
gold_fair_dim_sweep,9284b9177ebb,2,Glmtrans_OptionB,FeasibleRestricted,508628631,50,50,20000,10,0.1,20,0.8010018690321064,0.054361031829222896,0.5114121379434167,0.5114121379434167,0.9730856890856893,0.862042042042042,0.9773611540972887,0.9751293287401761,0.9773483949777189,0.960133455192752,4.596953652001932,3.544649724945552,0.9796979182734006,-0.5103084958324776,0.957889788669243,0.5114121379434167,0.6948483627318718,0.9613261610310534,0.042052935606130215,0.7657734547795283,0.016430580113375948,,,,,10.445873498916626
gold_fair_dim_sweep,9284b9177ebb,2,AnchorOnly,OracleTargetTreated,508628631,50,50,20000,10,0.1,20,2.1531531797169126,-0.26609730686372335,0.1909537992504704,0.1909537992504704,0.6838180558180559,0.49813013013013013,0.7082039354432108,0.6910389938769689,0.6419413271552908,0.6563549873673152,3.257695295333384,2.328194490751744,1.1852586699081626,-0.1416569661147528,0.49754822680386157,0.3116040427370486,1.268293745367282,0.666353865820419,0.3370252308167646,0.5224824079407666,0.25972162695213763,0.00856812660910323,7.0,,,9.984320163726807
gold_fair_dim_sweep,9284b9177ebb,2,AnchorPlugin,FeasibleRestricted,508628631,50,50,20000,10,0.1,20,1.6787090457553453,-0.23817830891062663,0.21887279720356712,0.21887279720356712,0.8250150570150571,0.6339339339339339,0.8414889325636864,0.8107393895930798,0.8043390432018752,0.8105436741698585,3.8219867744381717,2.9171789536867188,1.169877244779866,-0.17841172231950245,0.7049368321336696,0.31327302444635174,1.083665381827423,0.8238562088396866,0.17952288779749703,0.6402793005277614,0.14192473436514286,0.028955184334284494,19.0,,,4.6820220947265625
gold_fair_dim_sweep,9284b9177ebb,2,IPWTransport,FeasibleRestricted,508628631,50,50,20000,10,0.1,20,1.1640203522147559,-0.015391474502395312,0.44165963161179844,0.44165963161179844,0.9237219957219958,0.764960960960961,0.9343262050966441,0.9411891602311419,0.9216605389691939,0.9312133941243904,4.436952945450793,3.342680862564676,0.9252484206590519,-0.44281016863923844,0.875949248544467,0.44165963161179883,0.8870631720232272,0.9111376541613755,0.09224144247580812,0.7253796823033529,0.05682435258955132,,,,,0.27721667289733887
gold_fair_dim_sweep,9284b9177ebb,2,EntropyBalancing,FeasibleRestricted,508628631,50,50,20000,10,0.1,20,1.1541334511317465,-0.008911392298972707,0.44813971381522105,0.44813971381522105,0.9246363126363127,0.7661421421421422,0.9350155810624315,0.9340987444872951,0.9214176980809354,0.9313626546221966,4.403527315037237,3.341800126593558,0.9434786099200598,-0.44864339809550685,0.8765871103892333,0.44813971381522105,0.8099972258295844,0.9105967626747618,0.09278233396242186,0.7252035351091296,0.05700049978377464,,,,,0.9063138961791992
gold_fair_dim_sweep,9284b9177ebb,2,OutcomeModelTransport,FeasibleRestricted,508628631,50,50,20000,10,0.1,20,1.1706387439006425,0.0002231833864494206,0.4572742895006432,0.4572742895006432,0.9237781317781316,0.7650970970970971,0.9344012249658871,0.9411891602311419,0.9216605389691939,0.9299757087829362,4.436952945450793,3.342680862564676,0.9227334994577786,-0.4572570449013932,0.8762173295508993,0.45727428950064364,0.9093819781035695,0.9041889420639607,0.09919015457322289,0.7253796823033529,0.05682435258955132,,,,,0.05463886260986328
gold_fair_dim_sweep,9284b9177ebb,0,TargetOnlyDR,OracleTargetTreated,41841995,50,50,20000,10,0.1,20,2.4038030931582557,0.10160440252811274,0.08778768444674574,0.08778768444674574,0.7446766206766208,0.5467227227227227,0.7544723516794497,0.7225401817979943,0.7835389594145342,0.7839381243434603,4.516686103707426,3.8731864744275835,1.301627346962019,-0.11843435082096136,0.5486977591220521,0.6083100801171805,1.0350334085972883,1.5610114496947436,0.3434147403745127,1.284337224502611,0.21400186029360913,0.0,0.0,,,4.916644811630249
gold_fair_dim_sweep,9284b9177ebb,0,ProxyOnly,FeasibleRestricted,41841995,50,50,20000,10,0.1,20,3.229898577378295,-0.6319161438124665,0.6457328618938335,-0.6457328618938335,0.4351776631776632,0.29693293293293294,0.45478392549652974,0.5203741050888767,0.4966199392812343,0.4956209177701353,3.252921496124108,2.454889586080542,0.6894086016257447,0.4494651431318525,0.20775869407125092,0.7969554948890598,1.9767347357171614,1.1512418607243249,0.7531843293449314,1.0006778468332025,0.49766123796301764,0.0,0.0,,,15.510218620300293
gold_fair_dim_sweep,9284b9177ebb,0,Glmtrans_Auto,OracleTargetTreated,41841995,50,50,20000,10,0.1,20,0.8437176267574511,0.06283513713063434,0.049018419049267334,0.049018419049267334,0.9744198984198984,0.8674114114114114,0.9756340377770185,0.9832525710000949,0.975713768186853,0.9763063841341626,6.1464307947822086,4.82314417738446,1.1033443873717523,-0.05551207780145293,0.949220122263178,0.2500914895943658,0.5811441694564188,1.8734388670683482,0.030987323000908118,1.474328765093986,0.024010319702234106,,,,,12.519049644470215
gold_fair_dim_sweep,9284b9177ebb,0,Glmtrans_DR_CrossFit,OracleTargetTreated,41841995,50,50,20000,10,0.1,20,1.272859916589992,0.051091609960028095,0.03727489187866109,0.03727489187866109,0.9342569982569985,0.7795115115115115,0.9354467782635417,0.9419369981759619,0.94149896910593,0.9476441529114502,5.888162149878463,4.654013727094524,0.9482405879893504,-0.03463042018845258,0.867718569025334,0.18994775968662514,0.46652303446873145,1.8320039995382276,0.07242219053102872,1.4405026750359988,0.05783640976022131,,,,,14.858424425125122
gold_fair_dim_sweep,9284b9177ebb,0,Glmtrans_OptionB,FeasibleRestricted,41841995,50,50,20000,10,0.1,20,2.470905465399956,-0.7084662563215046,0.7222829744028716,-0.7222829744028716,0.7025257505257506,0.5137657657657658,0.725186520422905,0.7996927978812867,0.7856933988672375,0.7227027004287679,4.998976442302748,3.8838362904296093,0.9312637697641503,0.6735856746940261,0.5377323893211237,0.739636909257809,1.161984478357164,1.450390590656628,0.4540355994126284,1.286467187703016,0.2118718970932041,,,,,10.322726249694824
gold_fair_dim_sweep,9284b9177ebb,0,AnchorOnly,OracleTargetTreated,41841995,50,50,20000,10,0.1,20,2.5334667451196067,-0.14090469592745034,0.15472141400881734,-0.15472141400881734,0.7152302232302233,0.5198078078078078,0.7279292498689169,0.7726401915114903,0.7874180461520776,0.7694305590209625,4.829867326522545,3.8923615596029406,1.356709979694774,0.2049835252319963,0.5019482039797671,0.6134360616256214,1.889481026157557,1.5303821388162975,0.3740440512529588,1.2881722415376824,0.21016684325853774,0.06183097050784469,1.0,,,10.4557945728302
gold_fair_dim_sweep,9284b9177ebb,0,AnchorPlugin,FeasibleRestricted,41841995,50,50,20000,10,0.1,20,2.522896108986365,-0.6874490221409064,0.7012657402222734,-0.7012657402222734,0.6991970671970672,0.5088768768768769,0.7188375551015737,0.7298795326960607,0.7182419389814434,0.7211872760971142,4.562565274231947,3.550410518844158,1.0434204951058632,0.731115117123673,0.5115652905783878,0.7012657402222734,1.0527853095894866,1.4759272573294562,0.4284989327398001,1.219782033385926,0.2785570514102942,0.07378944200836045,15.0,,,4.910833835601807
gold_fair_dim_sweep,9284b9177ebb,0,IPWTransport,FeasibleRestricted,41841995,50,50,20000,10,0.1,20,2.4713485724195223,-0.7151579364832544,0.7289746545646214,-0.7289746545646214,0.7033956673956675,0.5145465465465465,0.726024913069691,0.7989113847730237,0.7877656598924445,0.7227027004287679,4.99409173441209,3.8940798823759657,0.9255874996992289,0.6757579644009625,0.538912708794634,0.7519077979565656,1.1724628480088657,1.4474475054595863,0.45697868460966995,1.2885159060922875,0.20982317870393263,,,,,0.3236415386199951
gold_fair_dim_sweep,9284b9177ebb,0,EntropyBalancing,FeasibleRestricted,41841995,50,50,20000,10,0.1,20,2.3699253702952667,-0.6859924736495281,0.6998091917308951,-0.6998091917308951,0.7295572415572416,0.5381061061061061,0.7502759731010671,0.7994954936087585,0.7958323692525434,0.7495696531985925,4.997743069421378,3.933955206010184,0.9693976397262002,0.6788162029071567,0.5734377079645543,0.6998091917308951,0.9771708981462321,1.5100082111482598,0.3944179789209965,1.2964909708191308,0.20184811397708935,,,,,1.2650697231292725
gold_fair_dim_sweep,9284b9177ebb,0,OutcomeModelTransport,FeasibleRestricted,41841995,50,50,20000,10,0.1,20,2.476295589502447,-0.7137619623506873,0.7275786804320543,-0.7275786804320543,0.7017864177864177,0.513013013013013,0.7244801999119572,0.7989113847730237,0.7825897028853126,0.7227027004287679,4.99409173441209,3.8684941135620936,0.9250642964541481,0.6740924256190376,0.5367430263633953,0.7399223656668937,1.1645874640376634,1.450390590656628,0.4540355994126284,1.2833987523295127,0.2149403324667074,,,,,0.07553672790527344
gold_fair_dim_sweep,9284b9177ebb,3,TargetOnlyDR,OracleTargetTreated,967527099,50,50,20000,10,0.1,20,3.1788581093709185,0.18382322888650277,0.00667627224862366,0.00667627224862366,0.7185958905958907,0.5306466466466467,0.7423818185089586,0.780834864929748,0.7821289599076693,0.7419982342377627,6.345805710062518,5.118538414474552,1.3423339137026475,-0.06960519762279783,0.5357387225392723,0.7881445586018767,1.994002148901882,2.147396503566203,0.4521817578813905,1.7421104468316837,0.2851655788952676,0.0,0.0,,,4.991506814956665
gold_fair_dim_sweep,9284b9177ebb,3,ProxyOnly,FeasibleRestricted,967527099,50,50,20000,10,0.1,20,4.22940706276713,-1.5536487336732194,1.7307956903110986,-1.7307956903110986,0.56195160995161,0.3993553553553554,0.5833358539630464,0.6519240526391763,0.6522037639631103,0.6378699113782073,5.298154016389866,4.268260339451137,1.4275659805771823,2.3950830345965852,0.29051078313537304,1.7307956903110986,4.455057393163328,1.4611811172252118,1.1383971442223817,1.5720548318270011,0.4552211938999502,0.0,0.0,,,15.517622709274292
gold_fair_dim_sweep,9284b9177ebb,3,Glmtrans_Auto,OracleTargetTreated,967527099,50,50,20000,10,0.1,20,0.5777911746426405,0.14448093093779438,0.03266602570008473,-0.03266602570008473,0.9911181431181433,0.9202722722722723,0.9918925376629015,0.9905894718688971,0.9914342015665103,0.9913727960528131,8.050470860415567,6.488308586273495,1.0056195011596412,0.03185411494113359,0.9835944360193435,0.04897711550151815,0.11548307964309901,2.583524986190425,0.016053275257168487,2.0160644811914725,0.01121154453547879,,,,,11.675122261047363
gold_fair_dim_sweep,9284b9177ebb,3,Glmtrans_DR_CrossFit,OracleTargetTreated,967527099,50,50,20000,10,0.1,20,1.3537010707380739,-0.32866972675865885,0.505816683396538,-0.505816683396538,0.9572185532185532,0.8226186186186187,0.9609335061332945,0.9677558085961292,0.9681698589195377,0.9623765805951331,7.864902826397245,6.336058206054758,0.9561706183815093,0.4914112925159876,0.9240682394140419,0.5058166833965383,0.8306858090443692,2.508634884463437,0.09094337698415655,1.9856144051477251,0.04166162057922618,,,,,14.774401903152466
gold_fair_dim_sweep,9284b9177ebb,3,Glmtrans_OptionB,FeasibleRestricted,967527099,50,50,20000,10,0.1,20,2.0885596244857045,-0.6347172198992537,0.8118641765371328,-0.8118641765371328,0.9012854052854053,0.7299579579579579,0.9122105216654761,0.9426504809841703,0.9188969395104516,0.9183698781441098,7.660873090446234,6.0135981723302825,1.1758639115609368,0.9234880295636995,0.835801149430959,0.8877681732744753,2.0388472217701636,2.3806676629422947,0.21891059850529881,1.9211223984028303,0.10615362732412104,,,,,10.950578212738037
gold_fair_dim_sweep,9284b9177ebb,3,AnchorOnly,OracleTargetTreated,967527099,50,50,20000,10,0.1,20,3.334796306700016,0.6840987850760541,0.5069518284381751,0.5069518284381751,0.734909978909979,0.5441521521521522,0.7541950786696047,0.7713956554713434,0.7644233187554041,0.7497739287037467,6.269093729117597,5.002666213039293,1.4461785623529957,-0.8121820408708401,0.5121689152810968,1.0857516840414487,2.5673577941836374,2.1495881711810676,0.4499900902665259,1.7189360065446326,0.3083400191823187,0.005047929212056005,5.0,,,10.64842939376831
gold_fair_dim_sweep,9284b9177ebb,3,AnchorPlugin,FeasibleRestricted,967527099,50,50,20000,10,0.1,20,2.6354335697040385,-0.279069743079947,0.4562166997178261,-0.4562166997178261,0.8072811512811514,0.612996996996997,0.8214971983715377,0.840845153871518,0.8227391455864663,0.8020677101540227,6.833506312754545,5.384306345431111,1.1395766817797064,0.4951683284420403,0.6773930001323831,0.5714090352639215,1.3740652059401297,2.241482044620875,0.35809621682671855,1.795264033022996,0.23201199270395523,0.03919093376094506,17.0,,,5.010205507278442
gold_fair_dim_sweep,9284b9177ebb,3,IPWTransport,FeasibleRestricted,967527099,50,50,20000,10,0.1,20,1.9669037812235557,0.21342579662021824,0.036278839982339134,0.036278839982339134,0.8924184524184526,0.7165805805805806,0.9030013647194343,0.9365196681802701,0.9059293712967235,0.9020931898647195,7.611048282864398,5.928733655803337,1.1345874868353976,-0.06500328157529699,0.8205295597317008,0.4000320257782725,1.0656619187856284,2.409835847258156,0.1897424141894377,1.9041494950974411,0.12312653062951018,,,,,0.5200717449188232
gold_fair_dim_sweep,9284b9177ebb,3,EntropyBalancing,FeasibleRestricted,967527099,50,50,20000,10,0.1,20,1.9252505004625073,0.2473060306159698,0.07015907397809071,0.07015907397809071,0.897964857964858,0.7240480480480481,0.9080364411919419,0.9293164544564493,0.9122233689922952,0.9101686002228714,7.552508126894883,5.969923882270852,1.1349467100372297,-0.10353220918208239,0.828887599717175,0.3788809411300001,0.9327116010023628,2.4166341765977957,0.18294408484979785,1.912387540390944,0.11488848533600726,,,,,1.4255170822143555
gold_fair_dim_sweep,9284b9177ebb,3,OutcomeModelTransport,FeasibleRestricted,967527099,50,50,20000,10,0.1,20,1.9738817959594188,0.24265511610997167,0.06550815947209257,0.06550815947209257,0.8916138276138277,0.7152912912912913,0.9022671953537993,0.9365196681802701,0.9051152244298618,0.9078592250404667,7.611048282864398,5.9234055804773105,1.1341852355066677,-0.09806889337420718,0.8192394697945747,0.4252297552557316,1.0468690038748925,2.39893228424191,0.20064597720568367,1.9030838800322358,0.12419214569471548,,,,,0.08009552955627441
gold_fair_dim_sweep,9284b9177ebb,4,TargetOnlyDR,OracleTargetTreated,406285785,50,50,20000,10,0.1,20,3.2725816251236988,-2.4345069012401677,0.19006812457786415,0.19006812457786415,0.764920676920677,0.5686246246246246,0.7775583468156416,0.7271644096750394,0.6611862295460825,0.5834102484591891,3.7750865122526824,2.441477424694586,1.780909136847675,1.7110605583193037,0.6005218437934889,1.3071589344534311,2.9563756003360786,1.7029464363380353,0.4463692290884653,1.8397080912398533,0.2502188142383992,0.0,0.0,,,5.202327728271484
gold_fair_dim_sweep,9284b9177ebb,4,ProxyOnly,FeasibleRestricted,406285785,50,50,20000,10,0.1,20,4.265658209231437,-3.544588792049539,0.9200137662315071,-0.9200137662315071,0.3978243978243978,0.2712952952952953,0.40982700840452396,0.2908702245972938,0.013801574958137422,-0.13515107113283054,1.510057762843291,0.050963302288760275,0.8617305738325546,0.42990550795525845,0.16729919533166715,0.9917751991200204,2.029438778519669,1.4900548463536405,0.6592608190728602,1.3616052667586882,0.7283216387195643,0.0,0.0,,,15.920124053955078
gold_fair_dim_sweep,9284b9177ebb,4,Glmtrans_Auto,OracleTargetTreated,406285785,50,50,20000,10,0.1,20,0.6065792167775252,-2.4958505138252693,0.12872451199276247,0.12872451199276247,0.9910510150510151,0.9187747747747748,0.9917576650458488,0.9827330312409105,0.9866031875641427,0.9819092307674119,5.101875397120527,3.643102808150195,1.0185489547592819,-0.0824290937258857,0.9833746587467718,0.12872451199276275,0.2465584634594613,2.1367247509209664,0.01259091450553429,2.0800331679309756,0.00989373754727696,,,,,11.059324026107788
gold_fair_dim_sweep,9284b9177ebb,4,Glmtrans_DR_CrossFit,OracleTargetTreated,406285785,50,50,20000,10,0.1,20,0.7553715557169599,-2.602832181102632,0.0217428447154,0.0217428447154,0.9849071889071891,0.8944944944944946,0.9862596131763925,0.9737079175980863,0.9662175366863064,0.9775832014735863,5.055021364756926,3.5678273347936016,0.9855761499409074,-0.05928570582460558,0.9727036864174619,0.08927747973915162,0.22941478996555542,2.1298152354688904,0.019500429957610255,2.0649780732596565,0.024948832218596007,,,,,16.047048807144165
gold_fair_dim_sweep,9284b9177ebb,4,Glmtrans_OptionB,FeasibleRestricted,406285785,50,50,20000,10,0.1,20,4.384059448357855,-0.5479561694584886,2.076618856359543,2.076618856359543,0.5876802716802717,0.41425025025025025,0.6043562632464228,0.40599287663666744,0.3285909461024995,0.19165633857375242,2.1077189866136,1.2133455613844935,0.6699732961535353,-2.257459024818263,0.37075898193456946,2.0910855777066946,4.41278949791811,1.1887869659274202,0.9605286994990805,1.5940817185778349,0.4958451869004177,,,,,10.028398275375366
gold_fair_dim_sweep,9284b9177ebb,4,AnchorOnly,OracleTargetTreated,406285785,50,50,20000,10,0.1,20,3.6464589503033986,-1.938447569392969,0.6861274564250628,0.6861274564250628,0.6356531036531037,0.45604004004004006,0.6528681609532981,0.3323155784807577,0.33647808157133274,0.28808700939068527,1.7252220288047175,1.242469373000903,1.1861152077336887,-0.32535288436662524,0.390848684166464,0.9069962530793273,2.0815737158359724,1.6044561053014343,0.5448595601250663,1.5999064809011168,0.4900204245771358,0.0020770263208642527,9.0,,,10.253106355667114
gold_fair_dim_sweep,9284b9177ebb,4,AnchorPlugin,FeasibleRestricted,406285785,50,50,20000,10,0.1,20,3.834847296079404,-1.4670391198393196,1.1575359059787123,1.1575359059787123,0.5968571368571369,0.4225305305305305,0.6143279589694878,0.48335012643416353,0.3896935630633708,0.22085074756109618,2.509320476524243,1.4389713430982827,0.7941581928247775,-1.4595138896031854,0.38073935309058704,1.2034741912269726,2.169664905247229,1.4448497078319211,0.7044659575945795,1.6392068749205928,0.45072003055765975,0.002533987760810778,20.0,,,5.352483749389648
gold_fair_dim_sweep,9284b9177ebb,4,IPWTransport,FeasibleRestricted,406285785,50,50,20000,10,0.1,20,5.847397480634094,-0.0579626243516029,2.566612401466429,2.566612401466429,0.30205970605970606,0.2045005005005005,0.3183732417916012,0.005448101766583143,-0.22106079281053934,-0.41300298567023924,0.0282839138202586,-0.8162827823902867,0.326405306811876,-2.6056557176329243,0.10180535830838522,3.16265950579385,7.629366086520459,0.6744246359069096,1.4748910295195912,1.1881560498228787,0.9017708556553738,,,,,0.5176124572753906
gold_fair_dim_sweep,9284b9177ebb,4,EntropyBalancing,FeasibleRestricted,406285785,50,50,20000,10,0.1,20,5.923882494459661,0.037115539927127426,2.6616905657451593,2.6616905657451593,0.2897768057768058,0.19601601601601604,0.30570909081028624,-0.06588049571313269,-0.21842622917939847,-0.4490374086962524,-0.3420197241203139,-0.8065544678218365,0.3151254722981983,-2.6362710778671707,0.09432564740710758,3.2438842651661424,8.08375203456064,0.6197984956463359,1.5295171697801648,1.190101712736569,0.8998251927416836,,,,,1.3967878818511963
gold_fair_dim_sweep,9284b9177ebb,4,OutcomeModelTransport,FeasibleRestricted,406285785,50,50,20000,10,0.1,20,5.897609737221571,0.051598750465344304,2.676173776283376,2.676173776283376,0.3041862161862162,0.2059219219219219,0.3204897660087507,0.011804288734166744,-0.22620131733227034,-0.41329756246336574,0.06128216754585591,-0.8352645367131366,0.3271945727224462,-2.641457856929553,0.10299471879130162,3.2551870256955864,7.725964921256897,0.6598228037328824,1.4894928616936183,1.184359698958309,0.9055672065199436,,,,,0.04765892028808594
gold_fair_dim_sweep,7c0a7017ab69,3,TargetOnlyDR,OracleTargetTreated,770674802,50,50,20000,10,0.1,50,5.629640875069631,-1.2482715912163995,0.08304507448733611,-0.08304507448733611,0.45691304491304496,0.31626826826826826,0.479968454320716,0.32107700320996274,0.34272371331963125,0.33988429309620216,3.296467617435685,2.734403074474408,0.9681851726289239,0.04333152930056764,0.23440544888483905,0.5766379657218497,1.5545693965705167,2.027820967826867,1.3519490073733613,1.8607092115775254,1.0488088388571828,0.0,0.0,,,4.795825242996216
gold_fair_dim_sweep,7c0a7017ab69,3,ProxyOnly,FeasibleRestricted,770674802,50,50,20000,10,0.1,50,6.6756323839422285,-4.168681030737208,3.003454514008144,-3.003454514008144,0.3730476490476491,0.2525925925925926,0.3793989438204473,0.26363489358184355,0.25696645894666337,0.2368589170763941,2.7067148404594423,2.050193342546018,1.1723872458240818,3.722081955616027,0.14403408229847525,3.0034545140081446,3.9955404518474182,1.4191611735541765,1.9606088016460517,1.7238672651918474,1.1856507852428608,0.0,0.0,,,16.453808784484863
gold_fair_dim_sweep,7c0a7017ab69,3,Glmtrans_Auto,OracleTargetTreated,770674802,50,50,20000,10,0.1,50,2.2844781223769166,-0.7686543596518839,0.3965721570771795,0.3965721570771795,0.9308226548226548,0.7729049049049049,0.9366611904083642,0.9378646836319385,0.932066716933134,0.92582342754463,9.628969151389283,7.436445152017564,0.9989721483659257,-0.39736221971678576,0.8776630802834039,0.3965721570771802,0.6511198072892157,3.2263597804661495,0.1534101947340787,2.801117627086156,0.10840042334855227,,,,,16.118162393569946
gold_fair_dim_sweep,7c0a7017ab69,3,Glmtrans_DR_CrossFit,OracleTargetTreated,770674802,50,50,20000,10,0.1,50,3.5007030348506167,-1.2428381691169315,0.07761165238786805,-0.07761165238786805,0.8394482754482755,0.6517317317317318,0.8524193605475998,0.8563404576490146,0.8614050199879298,0.8325032558127944,8.791967534012535,6.87267452901913,0.8343132485326648,-0.1283101664527267,0.7328470834318881,0.9610152548093435,2.2389633042177195,2.9857092163434937,0.3940607588567344,2.6883635024864696,0.22115454794823863,,,,,19.205185413360596
gold_fair_dim_sweep,7c0a7017ab69,3,Glmtrans_OptionB,FeasibleRestricted,770674802,50,50,20000,10,0.1,50,5.310675535526249,-0.8849364650678482,0.28029005166121523,0.28029005166121523,0.5952445392445394,0.41867467467467473,0.6113307466639117,0.5823825163108667,0.5189778606342459,0.5339092661812009,5.979266925959373,4.140637494724374,0.7309765696747875,-0.5183586951136351,0.37039710114398683,1.1442442120081107,2.9824302504412508,2.481830287378664,0.8979396878215642,2.1419560956275183,0.7675619548071899,,,,,18.630849599838257
gold_fair_dim_sweep,7c0a7017ab69,3,AnchorOnly,OracleTargetTreated,770674802,50,50,20000,10,0.1,50,5.571038621328362,-1.254471402405236,0.0892448856761725,-0.0892448856761725,0.48673549873549876,0.3388988988988989,0.5077334248422349,0.3817059373911067,0.3560542948990561,0.3972027295962529,3.918939224588081,2.8407604166677567,1.2087254115425754,0.3510849454115983,0.25772817846777185,0.7540005593876078,1.8660205426772771,2.035067130525365,1.3447028446748632,1.881980680016195,1.0275373704185133,0.02952814318855083,2.0,,,12.28757905960083
gold_fair_dim_sweep,7c0a7017ab69,3,AnchorPlugin,FeasibleRestricted,770674802,50,50,20000,10,0.1,50,5.638394381738537,-1.3030188175015305,0.13779230077246707,-0.13779230077246707,0.4637448797448798,0.31919519519519524,0.481142903052849,0.4302580943394336,0.42799458857719264,0.3666100910412835,4.4174196873328775,3.4147322562779006,1.0331058279394494,0.18092981754653786,0.23229910430401424,0.5062361357129159,0.8829388683991556,2.0876004956413117,1.2921694795589165,1.9967750479382238,0.9127430024964844,0.33284671864967524,12.0,,,6.010028839111328
gold_fair_dim_sweep,7c0a7017ab69,3,IPWTransport,FeasibleRestricted,770674802,50,50,20000,10,0.1,50,5.2583609279029435,-0.9564925349856876,0.20873398174337576,0.20873398174337576,0.6042353922353924,0.4258498498498498,0.6201868181538166,0.6062430297546626,0.5352567879700507,0.5515619927910886,6.22424058996055,4.270518058065075,0.7364341399899795,-0.460832759320043,0.3816277946927653,1.175546148813167,2.8706028783498185,2.471718710150499,0.9080512650497292,2.167932208295659,0.7415858421390493,,,,,0.6818888187408447
gold_fair_dim_sweep,7c0a7017ab69,3,EntropyBalancing,FeasibleRestricted,770674802,50,50,20000,10,0.1,50,5.163948807766467,-1.0228111110009226,0.14241540572814082,0.14241540572814082,0.6169970689970691,0.4357837837837838,0.631936194708697,0.5828496440664468,0.5707968148750583,0.5835109003059511,5.984062883016653,4.554072288657,0.7579370218969894,-0.3900001092938733,0.3963974328929538,1.0185244249295782,2.5340610270947908,2.493585404353855,0.8861845708463734,2.224643054414044,0.6848749960206644,,,,,1.7178940773010254
gold_fair_dim_sweep,7c0a7017ab69,3,OutcomeModelTransport,FeasibleRestricted,770674802,50,50,20000,10,0.1,50,5.3167336376180065,-0.8841378254941321,0.2810886912349313,0.2810886912349313,0.5954705474705475,0.41872272272272276,0.6115220471783298,0.5772678328461646,0.5180030912040123,0.5339092661812012,5.926754948314563,4.132860348226057,0.7274906801049448,-0.5220244887538305,0.37069700164418995,1.1716559628524779,3.0289049764534006,2.4875383043472596,0.8922316708529685,2.1404006663278548,0.7691173841068535,,,,,0.05993962287902832
gold_fair_dim_sweep,7c0a7017ab69,4,TargetOnlyDR,OracleTargetTreated,1547254433,50,50,20000,10,0.1,50,4.701142555986973,-0.7961497704500691,0.6155079658840243,0.6155079658840243,0.3438552678552679,0.23398998998999002,0.35616232932789016,0.09434275988771046,0.1221216932038743,0.13885462382534727,0.6809107692967639,0.6747705591019434,1.1071218933900127,-0.5302228950513888,0.12244498277079863,0.6772384168124614,1.3605938809917362,-0.14936200016845247,1.1665471153335853,-0.22413814403769805,0.9701248326312863,0.0,0.0,,,5.086142063140869
gold_fair_dim_sweep,7c0a7017ab69,4,ProxyOnly,FeasibleRestricted,1547254433,50,50,20000,10,0.1,50,5.405800023538023,1.4874452348025438,2.899102971136637,2.899102971136637,0.4261365421365422,0.29200000000000004,0.4457098897493661,0.3147300866317592,0.33454761313267706,0.28594924432184426,2.271537377794949,1.84850761594743,1.7966827279187483,-4.084124898428871,0.1965050527300196,2.899102971136637,4.3493206920539285,-1.2066776722665908,2.223862787431724,0.010609267331399344,0.735377421262189,0.0,0.0,,,15.705444097518921
gold_fair_dim_sweep,7c0a7017ab69,4,Glmtrans_Auto,OracleTargetTreated,1547254433,50,50,20000,10,0.1,50,0.7916481494473777,-1.4543042954996572,0.04264655916556381,-0.04264655916556381,0.9877279597279597,0.9048048048048049,0.9887789055065851,0.9841241735724809,0.9859089484875946,0.9851837357864647,7.102831726656647,5.447536100600659,1.0543493072488253,0.12168699015496147,0.9773187152518716,0.20897481444691968,0.45442891742858116,0.9926217273094989,0.024563387855634056,0.730414964262045,0.015571724331543302,,,,,15.970860242843628
gold_fair_dim_sweep,7c0a7017ab69,4,Glmtrans_DR_CrossFit,OracleTargetTreated,1547254433,50,50,20000,10,0.1,50,1.6984742459303825,-1.1951261300288187,0.21653160630527468,0.21653160630527468,0.9380278340278341,0.7847367367367368,0.9423624537569041,0.9253680996489103,0.9312745224377916,0.9234938939129319,6.678764807862091,5.145659331251462,1.019280884044521,-0.193488517973611,0.8855159935881325,0.23042678344555403,0.4982399825399373,0.9252576659737656,0.09192744919136742,0.6700396103922057,0.07594707820138258,,,,,20.17428708076477
gold_fair_dim_sweep,7c0a7017ab69,4,Glmtrans_OptionB,FeasibleRestricted,1547254433,50,50,20000,10,0.1,50,1.191164435683931,-1.6844209159680186,0.27276317963392516,-0.27276317963392516,0.9707505107505108,0.8527007007007007,0.9729947543874373,0.9641514358814912,0.9682458170951795,0.9627884078280466,6.958680207214975,5.349940327626452,1.0325741723260722,0.32763179682030863,0.9465549204068097,0.2895836470440581,0.5627114646206666,0.9605947170811281,0.0565903980840049,0.7108958096672039,0.035090878926384406,,,,,18.82187557220459
gold_fair_dim_sweep,7c0a7017ab69,4,AnchorOnly,OracleTargetTreated,1547254433,50,50,20000,10,0.1,50,4.70022165788585,-0.8197004574470388,0.5919572788870546,0.5919572788870546,0.35979821979821985,0.24695495495495495,0.3675715505137671,0.03785437070099356,0.14035309687890557,0.1531113820408869,0.27321067038887886,0.7755062607473232,1.0539780202684645,-0.5477114709809086,0.12081543536106876,0.7974820026979014,2.0217926048206194,-0.13973426938018815,1.1569193845453212,-0.20399100370862208,0.9499776923022104,0.018006290295279823,2.0,,,12.080952405929565
gold_fair_dim_sweep,7c0a7017ab69,4,AnchorPlugin,FeasibleRestricted,1547254433,50,50,20000,10,0.1,50,3.911810194083161,0.04915097283037839,1.4608087091644717,1.4608087091644717,0.7370721530721531,0.5408488488488489,0.7461946111730575,0.7175261836864423,0.6983779403762636,0.6495051998824408,5.178683624541178,3.8588137858966802,1.67948331737936,-1.4942059752356802,0.5587739167791235,1.7038182549826852,4.328488213897701,0.4423423101220551,0.5748428050430778,0.41267050132124933,0.33331618727233897,0.7736552887184098,0.0,,,6.41911244392395
gold_fair_dim_sweep,7c0a7017ab69,4,IPWTransport,FeasibleRestricted,1547254433,50,50,20000,10,0.1,50,1.2148844851514915,-1.6975422496268509,0.28588451329275744,-0.28588451329275744,0.9693137613137615,0.8494814814814815,0.9717444081844054,0.9643457989996322,0.9687564892383181,0.96419272839003,6.960083006332298,5.352761992790954,1.025135078743102,0.32855237140686994,0.9441683733046339,0.28923288919004675,0.5251428551020476,0.9534158445288955,0.0637692706362375,0.7114601427001042,0.03452654589348414,,,,,0.5524685382843018
gold_fair_dim_sweep,7c0a7017ab69,4,EntropyBalancing,FeasibleRestricted,1547254433,50,50,20000,10,0.1,50,1.504194390818888,-1.7739239402213807,0.36226620388728725,-0.36226620388728725,0.952005472005472,0.8113753753753755,0.9556970704636892,0.9462365903483873,0.9638418112124308,0.9414157663787954,6.829381347733894,5.325606456765118,0.9974538456594406,0.3577495197470702,0.9137872938175334,0.3622662038872875,0.4443351921928055,0.9303499319998086,0.08683518316532435,0.7060290354949368,0.03995765309865151,,,,,2.3270726203918457
gold_fair_dim_sweep,7c0a7017ab69,4,OutcomeModelTransport,FeasibleRestricted,1547254433,50,50,20000,10,0.1,50,1.1884147741486224,-1.6857017761449447,0.27404403981085124,-0.27404403981085124,0.9707821307821307,0.8526886886886886,0.9730216170781204,0.964151435881491,0.9672643603904528,0.9631026510770091,6.958680207214973,5.34451739193003,1.0273647663494492,0.320172875049909,0.9465775040459736,0.2825559409934565,0.5232144961572116,0.9605947170811281,0.0565903980840049,0.7098112225279195,0.03617546606566879,,,,,0.09741592407226562
gold_fair_dim_sweep,7c0a7017ab69,0,TargetOnlyDR,OracleTargetTreated,2096379239,50,50,20000,10,0.1,50,5.181262692529479,1.3276399347269836,0.4584958288975328,0.4584958288975328,0.4645128085128085,0.323963963963964,0.48958495873423,0.600216013713274,0.6209178471327135,0.5863035067170995,6.683182895750326,5.607739297244678,1.0790162414047546,-0.5634009464785132,0.23668272924114675,0.6742615368249163,2.025031645956217,1.249749137152091,1.3144622014260872,0.8390827283394726,0.6847262952207056,0.0,0.0,,,4.72909140586853
gold_fair_dim_sweep,7c0a7017ab69,0,ProxyOnly,FeasibleRestricted,2096379239,50,50,20000,10,0.1,50,5.536025332124901,0.24900805790097996,0.6201360479284708,-0.6201360479284708,0.3694598854598855,0.2515955955955956,0.3887483592819148,0.44158174645066056,0.44786858133976704,0.4504255347792316,4.916849113533316,4.044867215812896,0.7636677860496364,0.6789846735436893,0.14518039634452085,0.9570235220522737,1.4825310933007998,1.0751928704406555,1.4890184681375227,0.5265083120531162,0.997300711507062,0.0,0.0,,,15.854570865631104
gold_fair_dim_sweep,7c0a7017ab69,0,Glmtrans_Auto,OracleTargetTreated,2096379239,50,50,20000,10,0.1,50,1.3017733166466663,0.9574008929981996,0.08825678716874885,0.08825678716874885,0.9715563475563476,0.8571811811811811,0.9745927710798915,0.987402035593395,0.9759260360170741,0.974986604789165,10.99435577315203,8.813949878634173,1.0017956992668127,-0.08997599125035063,0.9515814149577042,0.10047936285355488,0.28631655049257354,2.5077039138323496,0.056507424745828594,1.4803248446173716,0.04348417894280665,,,,,16.311071157455444
gold_fair_dim_sweep,7c0a7017ab69,0,Glmtrans_DR_CrossFit,OracleTargetTreated,2096379239,50,50,20000,10,0.1,50,2.720335646848677,1.2076237198991988,0.338479614069748,0.338479614069748,0.8774758334758335,0.6938378378378378,0.8881464149761582,0.9071481950439575,0.9057859187028029,0.9023225450154653,10.10075899761766,8.18048847308285,0.9705576323119088,-0.30292431247961554,0.7915878435927377,0.34788934297397534,0.649041910195121,2.2996978957289165,0.2645134428492617,1.3536325635071067,0.17017646005307152,,,,,21.58238983154297
gold_fair_dim_sweep,7c0a7017ab69,0,Glmtrans_OptionB,FeasibleRestricted,2096379239,50,50,20000,10,0.1,50,2.468601449063504,-0.5633728419331665,1.4325169477626174,-1.4325169477626174,0.9371430491430491,0.7827267267267267,0.9424298714603855,0.9466419318628571,0.9450977874565745,0.9385547135529393,10.54050712223771,8.535528535591363,1.0716196850781499,1.472865533283453,0.8879405067312107,1.4325169477626174,2.0986701288272798,2.379648352724611,0.18456298585356734,1.4246405760088097,0.09916844755136855,,,,,18.609116315841675
gold_fair_dim_sweep,7c0a7017ab69,0,AnchorOnly,OracleTargetTreated,2096379239,50,50,20000,10,0.1,50,4.991823882237301,1.2389731188097428,0.369829012980292,0.369829012980292,0.5572947052947053,0.3906866866866867,0.5777176378632318,0.6409971212829879,0.6903646601952604,0.6532306338491644,7.137265416630656,6.234939215039942,1.308850643043352,-0.7524866574381084,0.30564538484388004,1.0864071760553204,2.056129464561913,1.3337380813016921,1.230473257276486,0.9645227118985251,0.5592863116616531,0.002122991191311769,5.0,,,12.215526103973389
gold_fair_dim_sweep,7c0a7017ab69,0,AnchorPlugin,FeasibleRestricted,2096379239,50,50,20000,10,0.1,50,4.593390691583246,0.6368380381099615,0.23230606771948925,-0.23230606771948925,0.6363009963009963,0.4552472472472473,0.6541636234145135,0.7072702521478058,0.6669764331519815,0.7137212449291362,7.8751921705395524,6.02371146488084,0.781984181754069,0.3711468336881653,0.4292430943378617,0.9926686537074608,2.272157164806215,1.7228432086328158,0.8413681299453624,0.9222771618667049,0.6015318616934733,0.012163670801545772,46.0,,,7.455793857574463
gold_fair_dim_sweep,7c0a7017ab69,0,IPWTransport,FeasibleRestricted,2096379239,50,50,20000,10,0.1,50,2.2714872809436244,-0.353879066156125,1.2230231719855758,-1.2230231719855758,0.942942714942715,0.7933893893893895,0.9478050785244032,0.9590426926796587,0.9504546824715541,0.9430505297647458,10.678584998688255,8.583908640665545,1.067211022909568,1.2468077460082114,0.8983889629349583,1.2230231719855764,1.9343242086428472,2.3889894794356303,0.17522185914254784,1.434316597023646,0.08949242653653222,,,,,1.1034538745880127
gold_fair_dim_sweep,7c0a7017ab69,0,EntropyBalancing,FeasibleRestricted,2096379239,50,50,20000,10,0.1,50,2.176363597567949,-0.3725539558794043,1.241698061708855,-1.241698061708855,0.9494942654942655,0.8064064064064065,0.9538396703984144,0.9601254691171269,0.9573534909807724,0.9524592538554733,10.690641313084202,8.646214338206624,1.055293268995807,1.2622977878067472,0.9107927614246928,1.2416980617088555,1.7489245382555225,2.4013135319589907,0.1628978066191875,1.4467777365318617,0.07703128702831652,,,,,3.722409248352051
gold_fair_dim_sweep,7c0a7017ab69,0,OutcomeModelTransport,FeasibleRestricted,2096379239,50,50,20000,10,0.1,50,2.459095669585376,-0.557115106383252,1.426259212212703,-1.426259212212703,0.9373075213075214,0.782922922922923,0.9425796845568862,0.9466419318628571,0.9437962251070623,0.9409901655517902,10.54050712223771,8.523773643428289,1.066356325688297,1.4632273236577398,0.888244946863537,1.426259212212703,2.047722504573194,2.379648352724611,0.18456298585356734,1.4222895975761949,0.10151942598398334,,,,,0.11051011085510254
gold_fair_dim_sweep,7c0a7017ab69,1,TargetOnlyDR,OracleTargetTreated,1373892151,50,50,20000,10,0.1,50,4.482563609744398,4.15550302250292,0.91716704165662,0.91716704165662,0.5395779595779596,0.3755315315315315,0.5526127366571854,0.6558881621885452,0.7127215917303001,0.7163794438396215,7.94926940411184,7.4667209825735155,1.2901674328109665,-2.1229586857345057,0.3028333285262592,1.036912906047157,1.8227633168941852,1.6031680569094753,0.7583607402315338,-0.24447278344003484,0.601925841382222,0.0,0.0,,,5.23174524307251
gold_fair_dim_sweep,7c0a7017ab69,1,ProxyOnly,FeasibleRestricted,1373892151,50,50,20000,10,0.1,50,4.805980576133507,4.232993844541834,0.9946578636955343,0.9946578636955343,0.40501311301311305,0.2764084084084084,0.41987941932820716,0.5926882366358718,0.5994891129498051,0.6232448968311439,7.183295472120684,6.280457882045662,0.915439239172598,-0.6367126836233665,0.18338779402669247,0.9946578636955343,1.561749834479703,1.5993571200519698,0.7621716770890392,-0.48172540354560534,0.8391784614877926,0.0,0.0,,,16.523228883743286
gold_fair_dim_sweep,7c0a7017ab69,1,Glmtrans_Auto,OracleTargetTreated,1373892151,50,50,20000,10,0.1,50,1.024404663749415,3.2922455225985003,0.05390954175220042,0.05390954175220042,0.9791955671955672,0.8764364364364364,0.9806377614169123,0.9864322236560429,0.9903047102965862,0.9888108752034468,11.955415491223416,10.374778939363159,1.0173842702083655,-0.11114282750933101,0.9615519138939201,0.09872445773982386,0.3276520116330266,2.3293667311061035,0.03216206603490557,0.3371388079178942,0.020314250024293046,,,,,17.654865741729736
gold_fair_dim_sweep,7c0a7017ab69,1,Glmtrans_DR_CrossFit,OracleTargetTreated,1373892151,50,50,20000,10,0.1,50,1.8030669318539618,3.1514855189731414,0.08685046187315848,-0.08685046187315848,0.933913605913606,0.7774614614614614,0.9383937195264586,0.9553613118835674,0.9655831134936598,0.9581801732737794,11.578840546667859,10.115786834012459,0.979508499544145,0.1514291288218185,0.8803495360910849,0.18056929829715854,0.23832842673278698,2.2592231133978595,0.10230568374314952,0.28534038684775404,0.0721126710944332,,,,,21.325206995010376
gold_fair_dim_sweep,7c0a7017ab69,1,Glmtrans_OptionB,FeasibleRestricted,1373892151,50,50,20000,10,0.1,50,2.721652730862609,1.6135466361251918,1.6247893447211081,-1.6247893447211081,0.9012299652299653,0.7276596596596597,0.9075399631945671,0.932588528203262,0.9393489451398266,0.9443227321421078,11.30283771113525,9.840948499407807,0.9745834812353574,1.6658000830758102,0.8241265614624984,1.6247893447211077,1.8262337741314005,2.0850365263092114,0.2764922708317976,0.23037271992682343,0.1270803380153638,,,,,19.5917387008667
gold_fair_dim_sweep,7c0a7017ab69,1,AnchorOnly,OracleTargetTreated,1373892151,50,50,20000,10,0.1,50,4.348087135979363,3.8911790799186172,0.6528430990723173,0.6528430990723173,0.560887352887353,0.39173173173173176,0.5749133494520853,0.7219731172084248,0.7076307980080709,0.7119660816388947,8.750209474837835,7.413388044797012,1.3220799136967134,-1.9061137213109627,0.3360487321278689,0.9256482776178915,2.536571869202546,1.6765488781545754,0.6849799189864336,-0.25513937099533546,0.6125924289375226,0.0005793996319775156,3.0,,,12.1752769947052
gold_fair_dim_sweep,7c0a7017ab69,1,AnchorPlugin,FeasibleRestricted,1373892151,50,50,20000,10,0.1,50,3.9932976357712913,1.6410149811621424,1.5973209996841575,-1.5973209996841575,0.7010564450564452,0.5072512512512513,0.7129078338488132,0.7948330042599876,0.8076226469117697,0.8291364738745697,9.633260739238514,8.460937670006194,1.0685977038630408,1.4847511399715831,0.5063646879514032,1.597320999684158,2.184059590935778,1.8152275885155695,0.5463012086254395,-0.045629445953499013,0.40308250389568623,0.0021398109336554613,44.0,,,9.386155128479004
gold_fair_dim_sweep,7c0a7017ab69,1,IPWTransport,FeasibleRestricted,1373892151,50,50,20000,10,0.1,50,2.6826337309073,1.6622562918693915,1.5760796889769084,-1.5760796889769084,0.9022520062520063,0.7289809809809811,0.9084937415271441,0.9357682470566792,0.9439017249928614,0.9448452183374996,11.341375442492994,9.88864501548383,0.9716199751879376,1.6232545637841678,0.8263048546484122,1.5760796889769078,1.9075588152879284,2.103575821463805,0.2579529756772039,0.2399120231420278,0.11754103480015943,,,,,1.2760329246520996
gold_fair_dim_sweep,7c0a7017ab69,1,EntropyBalancing,FeasibleRestricted,1373892151,50,50,20000,10,0.1,50,2.7398271462831074,1.7552495965410249,1.483086384305275,-1.483086384305275,0.889018069018069,0.7093933933933935,0.8960555253043488,0.9242751556450917,0.9291420160827734,0.940457949461396,11.20208084139524,9.73401713624689,0.9668107372214584,1.541341824406804,0.8045426260081144,1.4830863843052746,1.7944012564733978,2.0852188051151077,0.27630999202590134,0.20898644729464033,0.1484666106475469,,,,,1.658742904663086
gold_fair_dim_sweep,7c0a7017ab69,1,OutcomeModelTransport,FeasibleRestricted,1373892151,50,50,20000,10,0.1,50,2.7241490173595033,1.6147960677813817,1.6235399130649182,-1.6235399130649182,0.900885744885745,0.7272392392392394,0.9072456312028223,0.9325885282032618,0.9393489451398266,0.9443227321421078,11.302837711135249,9.840948499407807,0.9692794707916303,1.6731473028307569,0.8237402137978289,1.6235399130649177,1.8753597352144775,2.0850365263092114,0.2764922708317976,0.23037271992682343,0.1270803380153638,,,,,0.04433774948120117
gold_fair_dim_sweep,7c0a7017ab69,2,TargetOnlyDR,OracleTargetTreated,2134818355,50,50,20000,10,0.1,50,5.780681950721575,-2.3741775558489713,1.1624446674996285,-1.1624446674996285,0.40345747945747945,0.2763043043043043,0.4207115240986628,0.42057948722775595,0.3716499738048464,0.3241000523655329,4.116614552605125,2.818075680510727,0.8265070759048574,0.7505416610143317,0.17482875607739257,1.1624446674996285,2.569385269518593,1.416941894318923,1.3434459763702655,1.392241884167709,0.9529062572186029,0.0,0.0,,,5.573573350906372
gold_fair_dim_sweep,7c0a7017ab69,2,ProxyOnly,FeasibleRestricted,2134818355,50,50,20000,10,0.1,50,6.003717505266582,-1.9981752715101777,0.7864423831608349,-0.7864423831608349,0.2891531051531052,0.1955915915915916,0.29512849250889506,0.21787146404891256,0.2451668217988042,0.1669994606624536,2.1325168410209328,1.8590036509517116,1.3158371706534424,1.4175404073842828,0.08470147238551529,0.8290604541895124,2.115564974454565,1.0409614205490134,1.719426450140175,1.200427478255906,1.144720663130406,0.0,0.0,,,15.52747130393982
gold_fair_dim_sweep,7c0a7017ab69,2,Glmtrans_Auto,OracleTargetTreated,2134818355,50,50,20000,10,0.1,50,2.207940930427206,-1.4768750367702075,0.2651421484208647,-0.2651421484208647,0.9280226440226442,0.769925925925926,0.934872973466748,0.9263235160702246,0.9151344696099251,0.9221357217668591,9.066816101304562,6.939105004643441,0.9924032815329958,0.2539227445555758,0.8752512116180683,0.2651421484208648,0.46039874864870356,2.605871046360121,0.15451682432906733,2.2164477489942516,0.12870039239206044,,,,,17.325064659118652
gold_fair_dim_sweep,7c0a7017ab69,2,Glmtrans_DR_CrossFit,OracleTargetTreated,2134818355,50,50,20000,10,0.1,50,3.0458792767010623,-1.6162598476089705,0.40452695925962767,-0.40452695925962767,0.870911886911887,0.6857217217217217,0.8791412786724808,0.8349716608858274,0.8300447148040327,0.8596017569047981,8.172667936974527,6.293902837065677,0.937245322827523,0.30309909429609033,0.76671188996311,0.5327435654032329,0.9442579922318082,2.484214191354368,0.2761736793348204,2.0874073154786994,0.2577408259076126,,,,,21.872623920440674
gold_fair_dim_sweep,7c0a7017ab69,2,Glmtrans_OptionB,FeasibleRestricted,2134818355,50,50,20000,10,0.1,50,4.138013787484544,0.7989853236792728,2.010718212028616,2.010718212028616,0.7977419457419458,0.6044484484484485,0.8130980215858786,0.8031432378725303,0.7774646670781661,0.7912767913102434,7.861132654484497,5.895209000875163,0.9457665283572032,-1.9673864641338439,0.6624264701297128,2.0107182120286153,2.4132617629389017,2.1355523725425813,0.6248354981466071,2.0076685482405963,0.33747959314571574,,,,,20.100736618041992
gold_fair_dim_sweep,7c0a7017ab69,2,AnchorOnly,OracleTargetTreated,2134818355,50,50,20000,10,0.1,50,5.707342379217962,-2.1992972259726584,0.9875643376233156,-0.9875643376233156,0.43398681798681793,0.29435035035035034,0.4490555143633131,0.3060903926242647,0.3192349996301516,0.3137221270554597,2.9960000498248447,2.4206335321793317,1.1101565627747587,1.2298313605565254,0.18102566939043496,1.024782766432053,2.145140303418619,1.283911360293011,1.4764765103961774,1.3127534545014299,1.0323946868848821,0.03180322056442987,8.0,,,13.509093284606934
gold_fair_dim_sweep,7c0a7017ab69,2,AnchorPlugin,FeasibleRestricted,2134818355,50,50,20000,10,0.1,50,5.061612117117293,-1.1824039147323988,0.029328973616943976,0.029328973616943976,0.5634139794139794,0.39327327327327327,0.5847582073761829,0.44552611655347474,0.4662080138845056,0.4796235054208657,4.360791124310077,3.5350721339671476,0.9620028523625533,-0.0742569497321257,0.3350788344890463,0.4134199603661064,1.3597162085929968,1.7282525288639676,1.0321353418252208,1.535641174858993,0.8095069665273189,0.04589251154218599,32.0,,,9.399445295333862
gold_fair_dim_sweep,7c0a7017ab69,2,IPWTransport,FeasibleRestricted,2134818355,50,50,20000,10,0.1,50,4.2183327710026655,0.9082130200991837,2.1199459084485266,2.1199459084485266,0.7952286152286153,0.6017577577577577,0.8105518685963634,0.7932993752872831,0.780076492052948,0.7888153873016772,7.76478133635583,5.9150134431244945,0.9338352375017132,-2.0598542096758123,0.6578364917856139,2.1199459084485266,2.544176793477643,2.1197521598314712,0.6406357108577172,2.011629436690462,0.3335187046958499,,,,,0.46755337715148926
gold_fair_dim_sweep,7c0a7017ab69,2,EntropyBalancing,FeasibleRestricted,2134818355,50,50,20000,10,0.1,50,4.345743972112843,0.9732861462421458,2.1850190345914884,2.1850190345914884,0.7852673092673094,0.5907867867867869,0.8007235566258868,0.7555918472000432,0.7678038914500295,0.7771775496903907,7.3957016175852415,5.821955136294459,0.8997091833755965,-2.0874073721756456,0.6414384115906291,2.1850190345914884,3.2039437224268514,2.1150666855422178,0.6453211851469707,1.9930177753244553,0.35213036606185666,,,,,1.7468688488006592
gold_fair_dim_sweep,7c0a7017ab69,2,OutcomeModelTransport,FeasibleRestricted,2134818355,50,50,20000,10,0.1,50,4.143068643770729,0.8109696698799351,2.0227025582292777,2.0227025582292777,0.7980806700806701,0.6047087087087087,0.8133869722373238,0.8031432378725304,0.7774646670781661,0.7966631439555909,7.861132654484498,5.895209000875163,0.9408349058162199,-1.9747214613306434,0.6630385676162598,2.0227025582292777,2.4685151711675615,2.1427299433159708,0.6176579273732177,2.0076685482405963,0.33747959314571574,,,,,0.06797242164611816
gold_fair_dim_sweep,18f80e047e5e,2,TargetOnlyDR,OracleTargetTreated,966113406,50,50,20000,10,0.1,100,7.756986874775535,1.4301957020465426,0.8491819458515212,0.8491819458515212,0.5213900333900334,0.36085285285285285,0.5288073735391917,0.558917142955456,0.5605214517852382,0.5675422140590614,8.82419128887366,7.175273325458602,1.868249651833254,-2.090948866206848,0.2736576473832417,1.9264059746082849,3.6686546026422486,1.6838788348956042,1.7853741102649692,1.1093885986710181,1.1251589726221076,0.0,0.0,,,4.977547883987427
gold_fair_dim_sweep,18f80e047e5e,2,ProxyOnly,FeasibleRestricted,966113406,50,50,20000,10,0.1,100,8.708503994184369,-0.4964335106257612,1.0774472668207826,-1.0774472668207826,0.16042385242385243,0.10744344344344345,0.1669001330994271,0.16647636907400995,0.17679663077558966,0.19587179112887748,2.628331129759731,2.2631857260676043,0.574794937162158,0.8663612247403452,0.029525530397544797,1.443610459684816,2.6070162310567055,0.4675406426285794,3.001712302531994,0.1269710787928186,2.107576492500307,0.0,0.0,,,16.730708599090576
gold_fair_dim_sweep,18f80e047e5e,2,Glmtrans_Auto,OracleTargetTreated,966113406,50,50,20000,10,0.1,100,4.803261529511984,0.48888270593501043,0.09213105026001095,-0.09213105026001095,0.8262634302634303,0.6301381381381381,0.8355380821199345,0.8707279448874691,0.8487649017004888,0.8341173234325922,13.747064378140246,10.865097382732138,0.940660440694878,0.12114113458208987,0.6980726347619401,0.6041644892195523,1.3222528988604658,2.927694538058117,0.5415584071024564,1.8473534101257252,0.3871941611674006,,,,,23.104665517807007
gold_fair_dim_sweep,18f80e047e5e,2,Glmtrans_DR_CrossFit,OracleTargetTreated,966113406,50,50,20000,10,0.1,100,7.367317193646304,0.38654609595873124,0.19446766023629014,-0.19446766023629014,0.5938546378546379,0.4178418418418418,0.6088735816067795,0.6650766820213324,0.6504036668185454,0.6229324452353396,10.500239504003478,8.325861689039602,0.6729444238617385,0.3208897163540688,0.3710265618463038,2.2044651381304874,5.149443272863303,2.065229418715148,1.4040235264454255,1.3395062713872183,0.8950412999059074,,,,,33.83832836151123
gold_fair_dim_sweep,18f80e047e5e,2,Glmtrans_OptionB,FeasibleRestricted,966113406,50,50,20000,10,0.1,100,4.2430720633286425,0.7380023740701918,0.15698861787517038,0.15698861787517038,0.8699048339048341,0.6846366366366367,0.8793841711948429,0.8635476146703589,0.880473460071854,0.8939840107077502,13.633701229144636,11.27100080060521,1.081008069843412,-0.21677276573845242,0.7667677957990287,0.5692725390002855,0.8713443193496602,3.074716454164747,0.3945364909958262,1.9285340937003392,0.3060134775927865,,,,,26.693373441696167
gold_fair_dim_sweep,18f80e047e5e,2,AnchorOnly,OracleTargetTreated,966113406,50,50,20000,10,0.1,100,7.953603789536246,1.1989274243323111,0.6179136681372898,0.6179136681372898,0.43105564705564703,0.29364564564564566,0.44222666437667485,0.5238418241881472,0.5424209328722869,0.5031771028546054,8.270421689529629,6.943567348605427,1.5521404949657798,-1.2798900496361798,0.19377961367481078,1.5313195912490372,2.722049149707261,1.4052088190422074,2.064044126118366,1.0630474033003832,1.1715001679927426,0.001083959882690933,5.0,,,15.862405776977539
gold_fair_dim_sweep,18f80e047e5e,2,AnchorPlugin,FeasibleRestricted,966113406,50,50,20000,10,0.1,100,7.595839581487705,-0.6799520374276088,1.2609657936226302,-1.2609657936226302,0.5002207762207762,0.3445805805805806,0.5134171532503591,0.4985991893443901,0.567263725186576,0.5469564750752475,7.871890634785703,7.2615816270151035,0.9477905018418807,1.225465838976944,0.25950719732807803,1.2614168097354246,2.418726186437654,1.6788260525290957,1.7904268926314777,1.1266502589823184,1.1078973123108073,0.0021412073225794666,70.0,,,9.493511199951172
gold_fair_dim_sweep,18f80e047e5e,2,IPWTransport,FeasibleRestricted,966113406,50,50,20000,10,0.1,100,4.250152249673995,0.6209692248577748,0.03995546866275346,0.03995546866275346,0.8696905376905378,0.6841401401401401,0.8793554206985573,0.866128953475391,0.8888824388325386,0.8895201563598699,13.674455440540887,11.378644711116962,1.0812144941318242,-0.09038717013100889,0.765682989786364,0.531641554036778,1.104157726497359,3.06250568997944,0.4067472551811333,1.95006287580269,0.28448469549043565,,,,,2.124844551086426
gold_fair_dim_sweep,18f80e047e5e,2,EntropyBalancing,FeasibleRestricted,966113406,50,50,20000,10,0.1,100,4.346636554295228,0.5070614892100657,0.07395226698495572,-0.07395226698495572,0.8595198075198076,0.6725525525525525,0.8706198202984603,0.873514793003849,0.8903790577800934,0.866857384024892,13.791063173278175,11.397803032316917,1.0628617709355108,0.04207748380001348,0.753089642310835,0.5486792826903052,0.9446216742409241,3.041901176375405,0.42735176878516823,1.9538945400426815,0.2806530312504443,,,,,5.823279142379761
gold_fair_dim_sweep,18f80e047e5e,2,OutcomeModelTransport,FeasibleRestricted,966113406,50,50,20000,10,0.1,100,4.2373308243107815,0.7359002772154771,0.15488652102045575,0.15488652102045575,0.8700311820311821,0.684880880880881,0.8795015388399275,0.863547614670359,0.88309662066198,0.8939840107077502,13.633701229144638,11.30458005818898,1.074995158792165,-0.2100754791654287,0.7668285990105153,0.5378351469301471,0.8855303855538725,3.0736828950786803,0.39557005008189305,1.9352499452170944,0.2992976260760314,,,,,0.2895238399505615
gold_fair_dim_sweep,18f80e047e5e,4,TargetOnlyDR,OracleTargetTreated,1987457507,50,50,20000,10,0.1,100,8.917457576706026,-5.3958546120080975,1.1681481426282465,-1.1681481426282465,0.3388004308004308,0.23094694694694692,0.35381852939305103,0.1240647939266797,0.0601892646231053,-0.06380872392433809,1.5758037301665218,0.54862595184257,1.373699904535336,3.184578496022224,0.1312603911739979,1.327207011430577,2.5322683618394555,2.04642583264821,1.9921030704158529,2.13129190014938,1.7132774838723837,0.0,0.0,,,6.217805624008179
gold_fair_dim_sweep,18f80e047e5e,4,ProxyOnly,FeasibleRestricted,1987457507,50,50,20000,10,0.1,100,9.24352518441726,-5.154330457280095,0.9266239879002445,-0.9266239879002445,0.2240898200898201,0.1514034034034034,0.23041520951771843,-0.0008741570912332222,-0.08064275931915325,-0.20373721799632116,-0.011103069303697134,-0.7350598294849071,1.0412969089440234,1.1394819034619472,0.04937943997871741,1.1002547422591142,2.4995356841469443,1.9945800989792346,2.0439488040848284,1.8745547438838845,1.970014640137879,0.0,0.0,,,16.136057138442993
gold_fair_dim_sweep,18f80e047e5e,4,Glmtrans_Auto,OracleTargetTreated,1987457507,50,50,20000,10,0.1,100,5.397496213314962,-4.752080576603572,0.5243741072237214,-0.5243741072237214,0.8164617604617604,0.6221341341341342,0.8314268243767103,0.8250384658084287,0.7575367769096454,0.6859778685146883,10.479191161354958,6.904957850710568,1.1457649029593462,1.2170606713273338,0.6867607209127304,0.9048406626675466,3.1362103994802055,3.477616011113271,0.560912891950792,3.4025582799229794,0.4420111040987842,,,,,24.818238496780396
gold_fair_dim_sweep,18f80e047e5e,4,Glmtrans_DR_CrossFit,OracleTargetTreated,1987457507,50,50,20000,10,0.1,100,7.2467328320107605,-4.725768776879678,0.4980623074998274,-0.4980623074998274,0.6158458838458839,0.44125325325325326,0.6385631293719286,0.43669951636263626,0.40074499619864073,0.3678352340317157,5.546720427818108,3.6527959987939016,0.9460875566879798,0.2432845662105862,0.4138789921918402,0.6842905180944043,1.624356227701187,2.785980363605343,1.25254853945872,2.752125909539646,1.0924434744821174,,,,,33.883465051651
gold_fair_dim_sweep,18f80e047e5e,4,Glmtrans_OptionB,FeasibleRestricted,1987457507,50,50,20000,10,0.1,100,7.026722038408742,-1.9317777998707917,2.2959286695090593,2.2959286695090593,0.6922784242784243,0.5021661661661662,0.7110371884059383,0.5542518459314901,0.5976090495343107,0.5569772756986309,7.0398063675234335,5.447214477258047,1.0019092822287767,-2.2922403604858235,0.5042923671701494,2.295928669509061,3.3421637185614568,3.0255984087703998,1.0129304942936632,3.1110096052324754,0.7335597787892882,,,,,28.557507276535034
gold_fair_dim_sweep,18f80e047e5e,4,AnchorOnly,OracleTargetTreated,1987457507,50,50,20000,10,0.1,100,8.915983188375737,-4.339180284047703,0.11147381466785244,-0.11147381466785244,0.317026301026301,0.2157837837837838,0.33531374334105046,0.03436513892586731,-0.0342223662632877,-0.1385623265550681,0.4364873578807202,-0.3119373260841247,1.191285253828088,0.9414950167077495,0.10946667783796415,0.653568812050595,1.331758717067535,2.0964689178182496,1.9420599852458134,1.959179244564041,1.8853901394577226,0.6453302719210526,0.0,,,15.868972301483154
gold_fair_dim_sweep,18f80e047e5e,4,AnchorPlugin,FeasibleRestricted,1987457507,50,50,20000,10,0.1,100,8.78994619620151,-2.4150228876012187,1.8126835817786322,1.8126835817786322,0.40698344298344297,0.28055655655655654,0.4263683757578787,0.3031135687661864,0.24102431089934234,0.1192023871852291,3.8499841672096355,2.196939816632853,1.3953867501667447,-0.857815530671677,0.18323002377612718,2.020706850093514,4.040514694636711,2.4344668830415794,1.6040620200224835,2.4609546731074365,1.383614710914327,1.2974101425587161,0.0,,,14.001027345657349
gold_fair_dim_sweep,18f80e047e5e,4,IPWTransport,FeasibleRestricted,1987457507,50,50,20000,10,0.1,100,7.120215492199672,-1.7967390279610487,2.4309674414188023,2.4309674414188023,0.6873656073656074,0.497953953953954,0.7055582397126887,0.5567984010898128,0.5896735592518739,0.5457050305023726,7.072151330107512,5.374882377226572,1.0030884059560765,-2.425418381903332,0.49660357522733645,2.4309674414188027,3.4455583378937664,2.9335905591534828,1.1049383439105802,3.09654318522618,0.7480261987955834,,,,,2.7506563663482666
gold_fair_dim_sweep,18f80e047e5e,4,EntropyBalancing,FeasibleRestricted,1987457507,50,50,20000,10,0.1,100,7.859949980474394,-1.5374459834999001,2.690260485879951,2.690260485879951,0.6089893409893411,0.4313073073073073,0.6253843557237994,0.5136201928363133,0.43217658735408887,0.40424641733104155,6.523725145093396,3.939295372454044,0.9027520689412193,-2.8397739268899502,0.39151661169476637,2.6902604858799517,3.832433138253148,2.6391341984560266,1.3993947046080364,2.8094257842716748,1.0351435997500888,,,,,3.4616236686706543
gold_fair_dim_sweep,18f80e047e5e,4,OutcomeModelTransport,FeasibleRestricted,1987457507,50,50,20000,10,0.1,100,7.024376675614037,-1.9404739087666334,2.2872325606132176,2.2872325606132176,0.6923766683766683,0.5022022022022022,0.7110920199259619,0.5507252681970056,0.5950081609886344,0.5569772756986309,6.995013689658615,5.423507343387195,0.9969162076607208,-2.2932165791876433,0.5042177984095785,2.2872325606132184,3.276775462125457,3.0255984087703998,1.0129304942936632,3.1062681784583046,0.738301205563459,,,,,0.20089244842529297
gold_fair_dim_sweep,18f80e047e5e,0,TargetOnlyDR,OracleTargetTreated,1895450048,50,50,20000,10,0.1,100,7.2210502420950915,3.288868945493122,1.884797830673414,1.884797830673414,0.32927267327267323,0.22286686686686688,0.3414201230186827,0.415030955340549,0.45334150404918366,0.46959003501527763,5.8266488499952205,5.178768340199138,1.281504443847927,-2.810629054063172,0.10515180502833399,1.8847978306734143,3.183672858564521,1.288029242095982,2.212746625358986,0.8363535176552155,1.2489558915055023,0.0,0.0,,,4.719149827957153
gold_fair_dim_sweep,18f80e047e5e,0,ProxyOnly,FeasibleRestricted,1895450048,50,50,20000,10,0.1,100,7.428577989127132,1.1261136772492681,0.27795743757043967,-0.27795743757043967,0.12612538212538213,0.08383983983983984,0.12131512970266191,0.18306474953245228,0.2517404598642308,0.27930812735645194,2.570058928406184,2.8757691758807273,0.389026092400627,0.9659835113605242,0.01403951696615402,1.109900123643758,3.5661912077737545,1.018634086631602,2.482141780823366,0.3757536847915334,1.7095557243691843,0.0,0.0,,,17.187838792800903
gold_fair_dim_sweep,18f80e047e5e,0,Glmtrans_Auto,OracleTargetTreated,1895450048,50,50,20000,10,0.1,100,2.2666647650704053,1.2644536327311429,0.13961748208856495,-0.13961748208856495,0.9459669579669581,0.8001841841841842,0.951932178281987,0.9660091640311838,0.9555792560839446,0.9548015759783314,13.561870776768108,10.916105306391012,1.0444195302691321,0.08345104567555024,0.9068482906058732,0.3022173899443476,0.7444131571413397,3.342040619649569,0.15873524780539894,1.9838209108935905,0.10148849826712736,,,,,25.28581476211548
gold_fair_dim_sweep,18f80e047e5e,0,Glmtrans_DR_CrossFit,OracleTargetTreated,1895450048,50,50,20000,10,0.1,100,5.77786248185688,2.4617991589008277,1.0577280440811199,1.0577280440811199,0.6107346587346588,0.43367767767767773,0.6373368392058529,0.7020839660333236,0.7055648749763292,0.6815778316423842,9.85660631007991,8.060054073689123,1.0365453240876936,-1.1476952921819616,0.40294491259893617,1.0577280440811199,1.961753584426387,2.4920462084133623,1.0087296590416055,1.4126106643532128,0.672698744807505,,,,,34.05745768547058
gold_fair_dim_sweep,18f80e047e5e,0,Glmtrans_OptionB,FeasibleRestricted,1895450048,50,50,20000,10,0.1,100,3.968875025819091,-1.0381409595105584,2.442212074330266,-2.442212074330266,0.8922913602913602,0.7146066066066067,0.9035192047548974,0.9135492549805784,0.9169744493991838,0.9174188125490076,12.825382414135607,10.475101452005651,0.9755674241174375,2.4168476165602284,0.8192450669526596,2.4422120743302664,2.766215886342448,2.9952134072869785,0.5055624601679893,1.8956201400165182,0.1896892691441996,,,,,29.47840666770935
gold_fair_dim_sweep,18f80e047e5e,0,AnchorOnly,OracleTargetTreated,1895450048,50,50,20000,10,0.1,100,7.021143801272437,2.9926951999932947,1.5886240851735869,1.5886240851735869,0.39086537486537487,0.2668428428428428,0.4039451738129885,0.5244823265179066,0.5008244999775459,0.5195068649472654,7.363244368461221,5.721192613766043,1.6117454452921598,-3.419391742917196,0.15626665778881332,1.8590330411987805,3.118891049679316,1.4701730432198632,2.0306028242351046,0.9448383723685966,1.1404710367921211,0.060676396745607875,0.0,,,16.529162168502808
gold_fair_dim_sweep,18f80e047e5e,0,AnchorPlugin,FeasibleRestricted,1895450048,50,50,20000,10,0.1,100,6.004664833745192,0.9264086877013934,0.4776624271183144,-0.4776624271183144,0.6296409896409897,0.44995795795795795,0.6525741306441234,0.7400459973614506,0.7289223222614909,0.7031619837841026,10.38955794497668,8.326878989184047,1.8869268598722995,-0.3439943212230993,0.43187365391325194,1.7117652297429133,5.102810151632521,2.4412265424565414,1.0595493249984265,1.4659756474521974,0.6193337617085204,1.7959857256291696,0.0,,,13.219928503036499
gold_fair_dim_sweep,18f80e047e5e,0,IPWTransport,FeasibleRestricted,1895450048,50,50,20000,10,0.1,100,3.9008217784774546,-0.8526964768176931,2.256767591637401,-2.256767591637401,0.8882323322323322,0.7085925925925926,0.8995936545249239,0.9108487522028588,0.9131789005568722,0.9144351264371874,12.787469865199835,10.431742818386898,0.9675743093360755,2.2291183194498916,0.8134248682754791,2.2567675916374013,2.6401651688379317,3.0319910521796465,0.46878481527532134,1.8869484132927676,0.1983609958679502,,,,,1.7041115760803223
gold_fair_dim_sweep,18f80e047e5e,0,EntropyBalancing,FeasibleRestricted,1895450048,50,50,20000,10,0.1,100,4.996286095669021,-0.9877451206080823,2.39181623542779,-2.39181623542779,0.804935016935017,0.6097697697697698,0.8207099416915241,0.8267606755637662,0.8449163027182651,0.8257833029307822,11.606951427375229,9.651941769180578,0.8214085177178988,2.2154133702214795,0.675565874369651,2.4083771197657624,4.367607336522173,2.8218584123242336,0.6789174551307342,1.7309882034515036,0.3543212057092142,,,,,3.992283344268799
gold_fair_dim_sweep,18f80e047e5e,0,OutcomeModelTransport,FeasibleRestricted,1895450048,50,50,20000,10,0.1,100,3.9724558180173655,-1.041304497164626,2.4453756119843337,-2.4453756119843337,0.8922721482721483,0.7145425425425426,0.9035197045921527,0.9191831648611928,0.9164967012995171,0.9145597273586844,12.904477272252691,10.469643873753835,0.9703936016900014,2.4145463362792863,0.8192535237700711,2.445375611984334,2.8071922307528085,2.9942232507398754,0.5065526167150924,1.8945286243661548,0.19078078479456306,,,,,0.35692715644836426
gold_fair_dim_sweep,18f80e047e5e,1,TargetOnlyDR,OracleTargetTreated,1365512085,50,50,20000,10,0.1,100,7.563958476625081,2.2077945628755025,0.5594145260907428,0.5594145260907428,0.28648604248604254,0.19382582582582583,0.29427245105417116,0.4048535410717247,0.4334335531168086,0.3878101126847055,6.243590974583992,5.564712462386553,1.000355770517921,-0.5601999943058391,0.09083297922388889,0.8253405836166456,2.3272379628797633,2.0154839912124114,2.1055182509316746,1.159499914813159,1.4547924797558547,0.0,0.0,,,5.060042858123779
gold_fair_dim_sweep,18f80e047e5e,1,ProxyOnly,FeasibleRestricted,1365512085,50,50,20000,10,0.1,100,8.345208867642672,-1.6031415786312913,3.251521615416051,-3.251521615416051,0.2302738462738463,0.15507507507507506,0.23933397669674913,0.36564411621819826,0.3580085378282931,0.3624869862557199,5.638909067922007,4.596355214698842,1.0540842101556085,3.33822626146394,0.056315036284243725,3.251521615416051,4.2022020327926315,0.96065886111706,3.160343381027026,0.9658284652756165,1.6484639292933974,0.0,0.0,,,16.796072483062744
gold_fair_dim_sweep,18f80e047e5e,1,Glmtrans_Auto,OracleTargetTreated,1365512085,50,50,20000,10,0.1,100,2.3678781092581467,1.7334187507894898,0.08503871400473018,0.08503871400473018,0.9522702042702043,0.810018018018018,0.9555121451226906,0.9572572313586571,0.9687977521956034,0.9672617772408251,14.762678360783617,12.438079346667653,0.9923323149332105,-0.0717474049348086,0.9105826852252698,0.2397900378135332,0.367421268094029,3.995170445791311,0.12583179635277508,2.534173291669379,0.08011910289963486,,,,,25.681031227111816
gold_fair_dim_sweep,18f80e047e5e,1,Glmtrans_DR_CrossFit,OracleTargetTreated,1365512085,50,50,20000,10,0.1,100,5.469698313161211,2.5147674525765553,0.8663874157917957,0.8663874157917957,0.7339446619446619,0.5358318318318319,0.7464960698933815,0.7891843993039007,0.7742931875375685,0.7963221805916996,12.17068419293728,9.940898482010537,0.8614368914549695,-0.5179334202949196,0.5481470024962136,1.0854236288006016,2.625560009786298,3.325711138588071,0.7952911035560151,2.0347371187379557,0.579555275831058,,,,,32.312615394592285
gold_fair_dim_sweep,18f80e047e5e,1,Glmtrans_OptionB,FeasibleRestricted,1365512085,50,50,20000,10,0.1,100,3.0351303099644835,1.8255938742008433,0.17721383741608365,0.17721383741608365,0.9221340821340821,0.7555675675675675,0.9263945908990008,0.9402805457596717,0.9281064592350766,0.9381691435551424,14.500866445532525,11.915657066667004,0.9461979411889558,-0.07899312843124764,0.8560783841647085,0.36767474967426406,1.0734803866218385,3.8946756336609267,0.22632660848315922,2.429688835669249,0.18460355889976476,,,,,28.877790689468384
gold_fair_dim_sweep,18f80e047e5e,1,AnchorOnly,OracleTargetTreated,1365512085,50,50,20000,10,0.1,100,7.323739647378187,2.334215127264225,0.6858350904794652,0.6858350904794652,0.3775121575121575,0.25806206206206206,0.39547103254836824,0.42771914506566755,0.4447486355270202,0.49757881905107315,6.596220911689324,5.709983126478557,1.301967880707116,-1.3906930855739341,0.15904670686027966,0.973084803870149,1.9545365413573654,2.27407375079024,1.8469284913538457,1.1885540476315595,1.4257383469374543,0.0009699586698227512,0.0,,,17.086931705474854
gold_fair_dim_sweep,18f80e047e5e,1,AnchorPlugin,FeasibleRestricted,1365512085,50,50,20000,10,0.1,100,6.685398971867689,-0.6901177093956279,2.3384977461803875,-2.3384977461803875,0.6042788562788564,0.42881281281281286,0.614919547971565,0.6374305669133872,0.64333165637215,0.6669426501469157,9.830359205872185,8.259525964057293,0.9591645815525481,2.3103165007392215,0.37391769017240317,2.338497746180388,2.955983659912768,2.7263853074229503,1.3946169347211357,1.698462615147307,0.9158297794217067,0.0016837510254027702,78.0,,,13.88204550743103
gold_fair_dim_sweep,18f80e047e5e,1,IPWTransport,FeasibleRestricted,1365512085,50,50,20000,10,0.1,100,3.034009496981031,1.7266488657445676,0.07826882895980791,0.07826882895980791,0.9227806547806549,0.7568888888888889,0.9270428659434227,0.9446847106307197,0.9226223363324664,0.940917316980564,14.568786819815687,11.845248195821718,0.9347029902502155,0.03447617886117032,0.857198602013879,0.43023474418593044,1.1338078581594555,3.908538491858764,0.21246375028532194,2.415607061500192,0.19868533306882163,,,,,1.6775259971618652
gold_fair_dim_sweep,18f80e047e5e,1,EntropyBalancing,FeasibleRestricted,1365512085,50,50,20000,10,0.1,100,3.1878409854190957,1.668076948181038,0.019696911396278383,0.019696911396278383,0.9187660507660508,0.7526726726726727,0.9237688674996449,0.9327808492226298,0.9324590074584043,0.9425503300886103,14.385207243227319,11.971538018123852,0.8887773311134342,0.1658310586885747,0.8509568762508329,0.7194467910613271,1.9982936952486003,3.9001118891141777,0.22089035302990823,2.4408650259606195,0.17342736860839425,,,,,5.14699649810791
gold_fair_dim_sweep,18f80e047e5e,1,OutcomeModelTransport,FeasibleRestricted,1365512085,50,50,20000,10,0.1,100,3.0435950751031844,1.834285090806253,0.18590505402149327,0.18590505402149327,0.921923673923674,0.7552432432432432,0.9261980016833243,0.9402805457596717,0.9268812571840123,0.9385267316418442,14.500866445532525,11.899927095894155,0.9415235680271246,-0.07864260669010151,0.8558401259834283,0.4187917639841629,1.1507220039420236,3.896450203987224,0.22455203815686176,2.4265428415146792,0.1877495530543345,,,,,0.27249908447265625
gold_fair_dim_sweep,18f80e047e5e,3,TargetOnlyDR,OracleTargetTreated,259648898,50,50,20000,10,0.1,100,9.541486042513117,1.3781797913604361,0.5959253072347424,0.5959253072347424,0.3204689244689245,0.21705705705705708,0.3357224437253856,0.3632937768207641,0.40410798951848115,0.41141597508490296,6.446050927124154,5.870006539542365,0.7503706055599215,-0.2518911204878836,0.10261072979830654,1.0608141871151315,2.8907334933077102,-1.2138825772936717,2.7722663238287026,-1.6739425190064945,1.7311659700445459,0.0,0.0,,,5.02972936630249
gold_fair_dim_sweep,18f80e047e5e,3,ProxyOnly,FeasibleRestricted,259648898,50,50,20000,10,0.1,100,10.518564642877925,4.393583381136882,3.611328897011188,3.611328897011188,0.15546679146679146,0.1040960960960961,0.15862258460097522,0.1612939692367936,0.1587502346206603,0.2266164583832346,2.8618963667283595,2.3059799349365337,0.7719411677283999,-2.6093334016212033,0.024074400870381263,3.6113288970111888,5.169893268165119,-2.006492837679997,3.5648765842150283,-2.3867478399276605,2.443971290965712,0.0,0.0,,,17.06215190887451
gold_fair_dim_sweep,18f80e047e5e,3,Glmtrans_Auto,OracleTargetTreated,259648898,50,50,20000,10,0.1,100,4.540199713896356,1.81336397225723,1.0311094881315361,1.0311094881315361,0.8918307158307159,0.7105985985985986,0.8996062086055197,0.8844744954511284,0.8659479321430699,0.8958342133541494,15.693546119380025,12.578617984365637,1.0606448521464713,-1.141080678116815,0.8067261213500423,1.0505020943988237,2.250333341612185,1.1555099203183201,0.4028738262167111,-0.3322202300418397,0.389443681079891,,,,,26.3632915019989
gold_fair_dim_sweep,18f80e047e5e,3,Glmtrans_DR_CrossFit,OracleTargetTreated,259648898,50,50,20000,10,0.1,100,7.522463678927697,1.0639641173102465,0.2817096331845528,0.2817096331845528,0.64797245997246,0.4660220220220221,0.6652321231574313,0.6386604064784358,0.6455092473995238,0.6785019229023784,11.331979152863132,9.376561715805881,0.890845405085244,-0.16557306095571722,0.44034795352282663,0.7441476541723584,2.606229331789743,0.2655796841661732,1.292804062368858,-0.9726314837537914,1.0298549347918426,,,,,34.10892462730408
gold_fair_dim_sweep,18f80e047e5e,3,Glmtrans_OptionB,FeasibleRestricted,259648898,50,50,20000,10,0.1,100,5.870089358124906,1.4223953535026863,0.6401408693769925,0.6401408693769925,0.8043746523746524,0.6078438438438438,0.8164984097445209,0.7535998536864793,0.8132535096089485,0.8097827780091403,13.371390718682722,11.813187423981839,1.0765230374364425,-0.748986882262501,0.6621517726957143,0.8438606834928827,2.218840850354816,0.865882513471028,0.6925012330640032,-0.48530634211859924,0.5425297931566506,,,,,29.21175742149353
gold_fair_dim_sweep,18f80e047e5e,3,AnchorOnly,OracleTargetTreated,259648898,50,50,20000,10,0.1,100,9.358487743860724,1.4022055449655102,0.6199510608398164,0.6199510608398164,0.3543253983253984,0.239987987987988,0.36424667201639144,0.3206788289910888,0.4393350273307886,0.3847606828942256,5.689918723675065,6.381708727300011,1.0276021058109155,-0.6586548866606081,0.12629738629912712,1.3776488383210688,2.250731289743993,-0.9209752275890571,2.4793589741240885,-1.5716020814549656,1.628825532493017,0.0010175927617283777,0.0,,,18.562416315078735
gold_fair_dim_sweep,18f80e047e5e,3,AnchorPlugin,FeasibleRestricted,259648898,50,50,20000,10,0.1,100,8.979519301068784,1.899672599378247,1.1174181152525533,1.1174181152525533,0.5206978726978728,0.36102902902902906,0.5394323638547538,0.47352241743960294,0.5354602346168796,0.548996480247055,8.401876973126742,7.7780077612700245,2.0360762826141996,-3.0856238402004204,0.2759657929355479,2.5841075085594194,6.013689652758666,-0.5139593361241259,2.072343082659157,-1.2923422746609625,1.349565725699014,1.5262320480199654,0.0,,,15.011271476745605
gold_fair_dim_sweep,18f80e047e5e,3,IPWTransport,FeasibleRestricted,259648898,50,50,20000,10,0.1,100,5.938336764263515,1.268810188108288,0.4865557039825943,0.4865557039825943,0.7950500790500791,0.5985305305305305,0.8078084059074674,0.7703118695573808,0.7873700414531117,0.823929916887951,13.667917970928738,11.43720840035046,1.0609708491948877,-0.563916138618681,0.6511465310824429,0.6974859847384379,1.6809662907104919,0.8288448559030914,0.7295388906319398,-0.5605021468448756,0.617725597882927,,,,,1.3955833911895752
gold_fair_dim_sweep,18f80e047e5e,3,EntropyBalancing,FeasibleRestricted,259648898,50,50,20000,10,0.1,100,7.029908186851379,0.9178709434553215,0.13561645932962774,0.13561645932962774,0.7034588594588594,0.5136216216216216,0.7200596731836771,0.6783239941495833,0.7305363586012752,0.7251880807579961,12.035744321422051,10.611651621816884,0.8591334188924201,-0.006319117627088036,0.5189045880496738,1.0990385443843858,3.177042248713274,0.4416151592744104,1.1167685872606208,-0.7256135025515905,0.7828369535896418,,,,,2.6516408920288086
gold_fair_dim_sweep,18f80e047e5e,3,OutcomeModelTransport,FeasibleRestricted,259648898,50,50,20000,10,0.1,100,5.863160927123074,1.4427000582775575,0.6604455741518638,0.6604455741518638,0.8047857367857368,0.6083883883883884,0.8169518000960488,0.7586019995107196,0.8155046659534043,0.8097827780091403,13.460145574353872,11.845887352729187,1.0716788394358607,-0.7638566399832486,0.6628505697179261,0.8400233884975987,2.341547135779555,0.8607236193055364,0.6976601272294948,-0.4787663563691301,0.5359898074071814,,,,,0.08371138572692871
gold_fair_dim_sweep,4f977904b183,4,TargetOnlyDR,OracleTargetTreated,1142648431,100,100,20000,10,0.1,10,1.6216810637495156,0.0759707823272158,0.1393914780643067,0.1393914780643067,0.9053170013170013,0.7285565565565566,0.905683938420956,0.860634970594698,0.8808523140286819,0.9095012051340504,4.765381470570862,3.8747222366551726,1.2207466090238397,-0.15616177064792772,0.76260617673116,0.7198137670873641,1.50234405333877,1.0153153973235876,0.08232940873255878,0.6449198472374822,0.10482215484400503,0.0,0.0,,,12.520638942718506
gold_fair_dim_sweep,4f977904b183,4,ProxyOnly,FeasibleRestricted,1142648431,100,100,20000,10,0.1,10,2.206869387496786,0.4219878110042845,0.4854085067413754,0.4854085067413754,0.7216902016902017,0.5342342342342342,0.7407833195713377,0.8181054375149899,0.7482221569587035,0.7542481238593285,4.52989319062097,3.291304323498189,0.9236100919143306,-0.4531728966454853,0.5379270157825643,0.7116702711257658,1.2027824582561983,0.6986920392967364,0.39895276675940994,0.5282362646060854,0.2215057374754018,0.0,0.0,,,4.843483924865723
gold_fair_dim_sweep,4f977904b183,4,Glmtrans_Auto,OracleTargetTreated,1142648431,100,100,20000,10,0.1,10,0.3047084318869353,0.09436950984084426,0.15779020557793516,0.15779020557793516,0.9971915051915051,0.9555555555555556,0.9975704304793082,0.9994761962351113,0.997389648722556,0.9976448106663451,5.534152699517075,4.387350511505997,1.0439613766881106,-0.16193881914792077,0.994935797857036,0.17981185770542113,0.3982184713970689,1.092716003445686,0.004928802610460359,0.7474455022076472,0.0022964998738400633,,,,,14.403125286102295
gold_fair_dim_sweep,4f977904b183,4,Glmtrans_DR_CrossFit,OracleTargetTreated,1142648431,100,100,20000,10,0.1,10,0.25988827376954615,0.12280953437910258,0.1862302301161935,0.1862302301161935,0.9980665580665582,0.9634634634634635,0.9983593098438331,0.9994169448559348,0.9980916170124681,0.9987814355498171,5.533824621488549,4.39043835279225,1.002875949414406,-0.18658342412467446,0.9967059554817554,0.18623023011619363,0.21641398786598415,1.092892882218648,0.004751923837498229,0.7480630704648977,0.0016789316165894963,,,,,15.92594027519226
gold_fair_dim_sweep,4f977904b183,4,Glmtrans_OptionB,FeasibleRestricted,1142648431,100,100,20000,10,0.1,10,1.8875372182611252,0.11049168552667932,0.17391238126377023,0.17391238126377023,0.8778868458868458,0.696860860860861,0.8877659456146699,0.8914229943077567,0.8813120437050167,0.8970918949762902,4.93585639052017,3.876744510731513,1.7413626280649903,-0.25582678762515954,0.7877897511027647,0.9750499009779124,2.0924926522327865,0.9361362060965667,0.16150859995957967,0.6453243020527503,0.10441770002873696,,,,,10.992371082305908
gold_fair_dim_sweep,4f977904b183,4,AnchorOnly,OracleTargetTreated,1142648431,100,100,20000,10,0.1,10,1.6555220908772352,0.09528345280478528,0.1587041485418762,0.1587041485418762,0.8818507138507139,0.6991311311311311,0.8866065483305383,0.8660630593998433,0.8970047516186269,0.8946494006787405,4.795437086129661,3.945774112331924,1.2279462508230847,-0.1804236543742052,0.7530526321774493,0.6437581537501069,1.0346186635204884,0.9618555949258359,0.1357892111303104,0.6591302223728323,0.09061177970865497,0.00047335028976759207,2.0,,,16.28695297241211
gold_fair_dim_sweep,4f977904b183,4,AnchorPlugin,FeasibleRestricted,1142648431,100,100,20000,10,0.1,10,1.5736209294594061,0.2478648142986857,0.31128551003577665,0.31128551003577665,0.8978243618243618,0.7221221221221221,0.9048219145881157,0.8947437740169988,0.9068565968703645,0.9198601141307695,4.954243723867007,3.9891107344433014,1.363596261134206,-0.40140822978150276,0.8191267308014017,0.6903074235534308,1.6551249821214817,0.9732019318401568,0.12444287421598954,0.6677975467951078,0.08194445528637939,0.0437358383681122,6.0,,,3.594782829284668
gold_fair_dim_sweep,4f977904b183,4,IPWTransport,FeasibleRestricted,1142648431,100,100,20000,10,0.1,10,1.8935476415384875,0.09144096959628498,0.1548616653333759,0.1548616653333759,0.8725970485970487,0.6904504504504505,0.8828120626520233,0.8936856078259138,0.8752884407957631,0.8863297875361587,4.94838460155375,3.850247687409884,1.7219115983272562,-0.22087396184722372,0.7790161724257666,0.9392972737563403,2.0567029609983005,0.9328716493361704,0.16477315671997594,0.6400249373884243,0.10971706469306297,,,,,0.39049744606018066
gold_fair_dim_sweep,4f977904b183,4,EntropyBalancing,FeasibleRestricted,1142648431,100,100,20000,10,0.1,10,1.9005365507152423,0.1059034298643386,0.1693241256014295,0.1693241256014295,0.8667115827115828,0.6829109109109109,0.877064708860414,0.895242119802553,0.871307644645431,0.8830810127553065,4.95700309090827,3.8327368298942384,1.694605014336688,-0.24288517902065257,0.7691144550347759,0.9318148948349422,2.027200322581178,0.922774840766109,0.1748699652900373,0.6365227658852951,0.11321923619619212,,,,,1.1227316856384277
gold_fair_dim_sweep,4f977904b183,4,OutcomeModelTransport,FeasibleRestricted,1142648431,100,100,20000,10,0.1,10,1.8833595599947908,0.11124277955697778,0.1746634752940687,0.1746634752940687,0.8773030933030934,0.6962042042042043,0.8872664501551738,0.8914229943077567,0.8813120437050167,0.8999455883136923,4.93585639052017,3.876744510731513,1.7315548552755948,-0.25604367079332824,0.7871031031113678,0.9576363043070187,2.0780497939215024,0.9361362060965667,0.16150859995957967,0.6453243020527503,0.10441770002873696,,,,,0.032038211822509766
gold_fair_dim_sweep,4f977904b183,0,TargetOnlyDR,OracleTargetTreated,476113252,100,100,20000,10,0.1,10,2.2746830998638625,-0.1978067671177819,0.09954836884603435,0.09954836884603435,0.8096856176856176,0.6199399399399399,0.8181959683897959,0.8744593765896971,0.8426921401786711,0.8031110927942242,5.636155833448597,4.348086675377802,1.1067627185509694,-0.07842998064076186,0.6719876968155625,0.3505573466783861,0.9219714497016005,1.2791291148215487,0.31355867492479494,1.015210320428736,0.16233406640681314,0.0,0.0,,,14.155078411102295
gold_fair_dim_sweep,4f977904b183,0,ProxyOnly,FeasibleRestricted,476113252,100,100,20000,10,0.1,10,2.878351162747249,-0.20514669729102708,0.09220843867278916,0.09220843867278916,0.7616101856101857,0.5621621621621622,0.7659075173006148,0.7053270215458175,0.7499824160930187,0.7348984708771128,4.5460465213121495,3.869727026871636,1.739934083987035,0.059586594870212006,0.5668044270142931,1.0573438344499966,2.383721970393955,1.226386832304287,0.3663009574420566,0.9195383907275027,0.2580059961080464,0.0,0.0,,,6.336604118347168
gold_fair_dim_sweep,4f977904b183,0,Glmtrans_Auto,OracleTargetTreated,476113252,100,100,20000,10,0.1,10,0.6717759164896898,-0.3283733886909665,0.031018252727150253,-0.031018252727150253,0.9856301536301537,0.9052092092092092,0.9861879119927432,0.979107037019423,0.9837575751294394,0.9831517244127198,6.310641735913213,5.075950041868632,1.0064208524959914,0.03312668981954348,0.9708918312640592,0.055986883138873365,0.13221771653744074,1.5708586623331096,0.021829127413234062,1.1607829937269016,0.016761393108647438,,,,,16.6156804561615
gold_fair_dim_sweep,4f977904b183,0,Glmtrans_DR_CrossFit,OracleTargetTreated,476113252,100,100,20000,10,0.1,10,0.6395457683866451,-0.3955232955115089,0.09816815954769265,-0.09816815954769265,0.9878130878130879,0.9158358358358358,0.9882124448471188,0.9811833499706379,0.9859712978751459,0.9849719969345809,6.3240242024580775,5.087372313318258,0.9703560243680073,0.0864432766136641,0.9750594137513658,0.1211141088658102,0.3441454201135494,1.5758748949516677,0.01681289479467596,1.163067448016827,0.01447693881872203,,,,,16.118733644485474
gold_fair_dim_sweep,4f977904b183,0,Glmtrans_OptionB,FeasibleRestricted,476113252,100,100,20000,10,0.1,10,2.267027755477962,-0.08668345152831168,0.21067168443550455,0.21067168443550455,0.8404698484698485,0.651975975975976,0.8488538504596991,0.8278166755161659,0.8586381884963955,0.8280917139799012,5.33552948214957,4.4303644099257085,1.3360964211702828,-0.18153768660215178,0.715491173747444,0.7010041984171839,1.736699729492968,1.3436725881731386,0.249015201573205,1.0316658673383172,0.14587851949723185,,,,,12.192034482955933
gold_fair_dim_sweep,4f977904b183,0,AnchorOnly,OracleTargetTreated,476113252,100,100,20000,10,0.1,10,2.2654369017674423,-0.24177029619220813,0.05558483977160811,0.05558483977160811,0.8266685506685507,0.6381981981981982,0.8349567695600327,0.8913392325563043,0.8554502363465485,0.8120514082507327,5.744951623419987,4.413915351481242,1.2555550126166686,0.006200771322127142,0.6968809551088418,0.5307236988170152,1.2954424824473962,1.3369681585884519,0.25571963115789176,1.0283760556494237,0.14916833118612538,0.005728619406644608,2.0,,,13.928853988647461
gold_fair_dim_sweep,4f977904b183,0,AnchorPlugin,FeasibleRestricted,476113252,100,100,20000,10,0.1,10,2.1907509499500937,-0.038951853987191414,0.2584032819766248,0.2584032819766248,0.866986538986539,0.6801001001001001,0.8723741315692021,0.8549408245022013,0.8803022716505217,0.8464585037219798,5.510352846879414,4.5421458147893645,1.4027264088880098,-0.24271634170083348,0.7559888004901418,0.8350517545469734,1.8734774305076671,1.3931526370357457,0.19953515271059796,1.0540221483110483,0.12352223852450073,0.03429258512153141,5.0,,,3.526221513748169
gold_fair_dim_sweep,4f977904b183,0,IPWTransport,FeasibleRestricted,476113252,100,100,20000,10,0.1,10,2.2641511598747983,0.0762014887571905,0.37355662472100676,0.37355662472100676,0.8510506070506072,0.6637117117117117,0.8589375645534715,0.8434875374184363,0.8596612463781386,0.8347568846087541,5.436532938788232,4.43564314000002,1.376092217224484,-0.40221541158350543,0.7318882066029986,0.7688295165354798,2.0509064085533595,1.3606368005844278,0.2320509891619158,1.0327216133531794,0.14482277348236972,,,,,0.32114195823669434
gold_fair_dim_sweep,4f977904b183,0,EntropyBalancing,FeasibleRestricted,476113252,100,100,20000,10,0.1,10,2.277354929045613,0.07075479164754137,0.36810992761135763,0.36810992761135763,0.8626230946230946,0.6753233233233233,0.8700524353813871,0.839430878310796,0.8483509802173436,0.8383201958416725,5.410386540789727,4.377284914921165,1.4726108887621003,-0.4015494125760796,0.7503631303691962,0.946704544998674,2.407185045871471,1.4033490531568946,0.189338736589449,1.0210499683374086,0.1564944184981405,,,,,0.5774087905883789
gold_fair_dim_sweep,4f977904b183,0,OutcomeModelTransport,FeasibleRestricted,476113252,100,100,20000,10,0.1,10,2.259520000360997,-0.09045284515573317,0.2069022908080831,0.2069022908080831,0.8408575568575568,0.6523643643643644,0.8492365714707668,0.827816675516166,0.8559513044584788,0.8280917139799012,5.335529482149571,4.416500741182965,1.3289114883792716,-0.17715131087977148,0.7161866642062603,0.6885188594552236,1.7080818139078326,1.3436725881731386,0.249015201573205,1.0288931335897684,0.14865125324578066,,,,,0.018604755401611328
gold_fair_dim_sweep,4f977904b183,3,TargetOnlyDR,OracleTargetTreated,1859126212,100,100,20000,10,0.1,10,1.0575343787154843,-0.14212995172624254,0.023212705416010837,0.023212705416010837,0.9131178491178491,0.7438238238238238,0.9181504901523725,0.8788669064746876,0.9123139221807663,0.9070699155071317,3.512415311235792,2.910650744036317,1.0657818309142517,-0.013863136963704295,0.8161681901770996,0.26704904628302517,0.4444725362670532,1.1898994782948233,0.09345308222420212,0.9645633338798802,0.055950817244156514,0.0,0.0,,,12.561269998550415
gold_fair_dim_sweep,4f977904b183,3,ProxyOnly,FeasibleRestricted,1859126212,100,100,20000,10,0.1,10,1.3054980370822091,-0.6998353367469202,0.5344926796046668,-0.5344926796046668,0.8826713586713587,0.6965605605605606,0.8894102771728714,0.8827085217707008,0.88596938075888,0.8909690276335683,3.527768430446662,2.8266009918330224,0.9099993142993457,0.4715070194198952,0.7702891339179656,0.5344926796046671,1.0418265251664998,1.1470982161608794,0.1362543443581461,0.9477533834392213,0.07276076768481543,0.0,0.0,,,6.359118461608887
gold_fair_dim_sweep,4f977904b183,3,Glmtrans_Auto,OracleTargetTreated,1859126212,100,100,20000,10,0.1,10,0.25684042135373253,-0.21751679522417636,0.05217413808192298,-0.05217413808192298,0.9940652020652021,0.9351991991991992,0.9946826239459519,0.9953286594318358,0.9949775688182012,0.9949876618778152,3.9778578500849084,3.1743812415550554,0.9964612921546445,0.05140440969216646,0.9894357770963348,0.052174138081923116,0.1032584638591354,1.2765355469355126,0.006817013583512832,1.0173094333836281,0.003204717740408647,,,,,16.26775622367859
gold_fair_dim_sweep,4f977904b183,3,Glmtrans_DR_CrossFit,OracleTargetTreated,1859126212,100,100,20000,10,0.1,10,0.3002937557731839,-0.2204629443721722,0.055120287229918824,-0.055120287229918824,0.99185245985246,0.9230790790790792,0.9926337522694877,0.9918533160118457,0.990532886409949,0.9932833889062268,3.963968546311781,3.1602009053308087,0.9944901587375127,0.053905571402167715,0.9854577834425968,0.055120287229918935,0.11339256158378053,1.2749377750799011,0.008414785439124328,1.0144733661387788,0.006040784985257952,,,,,18.080990076065063
gold_fair_dim_sweep,4f977904b183,3,Glmtrans_OptionB,FeasibleRestricted,1859126212,100,100,20000,10,0.1,10,0.5190257325270943,-0.4350247837917248,0.26968212664947144,-0.26968212664947144,0.9914554034554035,0.9214294294294294,0.9923433940071988,0.9903170693538107,0.9894485691406188,0.9903953764679392,3.9578288950815836,3.1567414942772065,0.8818598472902669,0.21828823225979851,0.9847859725869071,0.3336793760051923,0.9101570021458656,1.274134846251327,0.009217714267698573,1.0137814839280581,0.006732667195978648,,,,,13.546426773071289
gold_fair_dim_sweep,4f977904b183,3,AnchorOnly,OracleTargetTreated,1859126212,100,100,20000,10,0.1,10,1.0260028616577248,-0.06977130329700362,0.09557135384524976,0.09557135384524976,0.9185094425094426,0.7474434434434435,0.9225856210025517,0.8857764300394964,0.9007091977168724,0.9226647964218124,3.5400294086418795,2.873626975052907,1.076849406478695,-0.09020947059763013,0.8297088111703412,0.19664693142896342,0.5863826762656408,1.205111938028428,0.07824062249059738,0.9571585800831984,0.06335557104083833,0.01156706909162921,3.0,,,11.398327589035034
gold_fair_dim_sweep,4f977904b183,3,AnchorPlugin,FeasibleRestricted,1859126212,100,100,20000,10,0.1,10,0.8511823362177766,-0.5067253564209304,0.34138269927867704,-0.34138269927867704,0.9515085035085036,0.8098938938938939,0.9554718243324292,0.9465573189273926,0.9620808700943019,0.950844116543744,3.7829418714819134,3.069427455046814,0.9052283964855451,0.29335952470923204,0.90828222914644,0.35788876096218636,0.8070086701046453,1.2379293931714674,0.045423167347558024,0.9963186760819798,0.02419547504205699,0.026012127679946147,9.0,,,3.521266460418701
gold_fair_dim_sweep,4f977904b183,3,IPWTransport,FeasibleRestricted,1859126212,100,100,20000,10,0.1,10,0.5604008194963588,-0.1720380992382258,0.00669544209597242,-0.00669544209597242,0.9856027816027816,0.8977017017017017,0.9869838879140735,0.9862183897699399,0.9846541100155403,0.9856766001593261,3.94144841150645,3.1414452287260857,0.8580198512809537,-0.017730552819213118,0.9741619851875514,0.31788088726341845,0.803033286414033,1.2730331835946724,0.01031937692435303,1.010722230817834,0.009791920306202684,,,,,0.6014342308044434
gold_fair_dim_sweep,4f977904b183,3,EntropyBalancing,FeasibleRestricted,1859126212,100,100,20000,10,0.1,10,0.5767045889188274,-0.17562752626590797,0.010284869123654589,-0.010284869123654589,0.9853708333708334,0.8967167167167168,0.9867761958137752,0.9853336201611871,0.9846541100155403,0.9848028407651827,3.9379124058862534,3.1414452287260857,0.8519493200653706,-0.01571690555525021,0.9738055889488941,0.3333605195502105,0.8420037326247787,1.2727361765028975,0.010616384016127967,1.010722230817834,0.009791920306202684,,,,,1.7543892860412598
gold_fair_dim_sweep,4f977904b183,3,OutcomeModelTransport,FeasibleRestricted,1859126212,100,100,20000,10,0.1,10,0.5590656468038061,-0.173817449465945,0.00847479232369161,-0.00847479232369161,0.9856946656946657,0.8980340340340341,0.9870722805098805,0.9862183897699397,0.9845187998947459,0.9856766001593262,3.941448411506449,3.1410135346631205,0.8582479617582232,-0.016164185420093267,0.9743210250131896,0.31753078885470376,0.8038501825196169,1.2732541218778533,0.010098438641172214,1.010635892005241,0.009878259118795807,,,,,0.06464505195617676
gold_fair_dim_sweep,4f977904b183,1,TargetOnlyDR,OracleTargetTreated,319000252,100,100,20000,10,0.1,10,1.2361737289886174,-0.3214110603586023,0.06726649763458592,-0.06726649763458592,0.8022993702993704,0.6107867867867868,0.8182298913187754,0.7674872846609124,0.8312962949414964,0.7870115495171808,2.46422491250777,2.120014091485566,1.3211385858267841,0.17048399102723474,0.6701754173241259,0.35633863399856713,0.9518507792476862,0.8020975260129319,0.16313134593409873,0.7037103843197798,0.08604735379820805,0.0,0.0,,,12.797080993652344
gold_fair_dim_sweep,4f977904b183,1,ProxyOnly,FeasibleRestricted,319000252,100,100,20000,10,0.1,10,1.587151348402365,-0.6387427837854118,0.38459822106139546,-0.38459822106139546,0.6515100155100156,0.4676076076076076,0.6651301078639281,0.6200279727077792,0.6080094089776942,0.5611795582827372,1.9907670229002445,1.5505765184232376,1.1964983876826167,0.5101101482191355,0.43686082021150485,0.4513901879950709,0.8990045003550354,0.619860841348768,0.3453680305982627,0.5898228697073141,0.19993486841067376,0.0,0.0,,,6.696037530899048
gold_fair_dim_sweep,4f977904b183,1,Glmtrans_Auto,OracleTargetTreated,319000252,100,100,20000,10,0.1,10,0.37642156537323607,-0.2761983671545202,0.02205380443050381,-0.02205380443050381,0.9838565158565159,0.8982542542542542,0.9850561438541122,0.9838806996609399,0.9862266755158251,0.9860835236714134,3.1590143309165644,2.515125427859216,0.9936972970711878,0.020313008172905947,0.9658008580200513,0.05230396287305798,0.1004558744101246,0.9539497735658061,0.01127909838122454,0.7827326515945098,0.007025086523478108,,,,,13.774056434631348
gold_fair_dim_sweep,4f977904b183,1,Glmtrans_DR_CrossFit,OracleTargetTreated,319000252,100,100,20000,10,0.1,10,0.48360203109004696,-0.2864844392761834,0.032339876552167024,-0.032339876552167024,0.9761555441555443,0.875903903903904,0.9779459443222379,0.9751301977874921,0.9811903140067298,0.9766670570444285,3.130918484712385,2.5022814425869746,0.9175662603983249,0.008723892884942432,0.9512250811999472,0.15685564635373833,0.4005391798844897,0.9495530807109918,0.015675791236038905,0.7801638545400615,0.009593883577926343,,,,,16.47023320198059
gold_fair_dim_sweep,4f977904b183,1,Glmtrans_OptionB,FeasibleRestricted,319000252,100,100,20000,10,0.1,10,1.8242954988720166,-0.03993172568788455,0.2142128370361318,0.2142128370361318,0.5690339810339811,0.39963563563563564,0.5896285017200203,0.5549189491224283,0.5576797061235846,0.5375345072875518,1.7817169433032074,1.4222231504120129,0.6114964102440293,-0.22972645581102558,0.34238610821986115,0.6179416890548511,1.5656434030512218,0.6331410944987728,0.3320877774482579,0.5641521961050692,0.22560554201291871,,,,,15.427498579025269
gold_fair_dim_sweep,4f977904b183,1,AnchorOnly,OracleTargetTreated,319000252,100,100,20000,10,0.1,10,1.1963620833046875,-0.2938109772952271,0.03966641457121073,-0.03966641457121073,0.8108374868374868,0.6206686686686687,0.8288506526139573,0.8723798719270918,0.841268510805301,0.8253165774694626,2.8010108526069786,2.145445743573092,1.3212498946664686,0.13405316007915483,0.6943936012792872,0.3698791134625043,0.9896002332571652,0.8080188593667538,0.1572100125802769,0.7087967147372849,0.08096102338070299,0.00024849582819913075,5.0,,,13.961857795715332
gold_fair_dim_sweep,4f977904b183,1,AnchorPlugin,FeasibleRestricted,319000252,100,100,20000,10,0.1,10,1.415883441861792,-0.39861695545694636,0.14447239273293,-0.14447239273293,0.7105499065499066,0.5246686686686687,0.7271156244847423,0.7271826408314497,0.728379765126032,0.7311004313995397,2.3348159836573124,1.8575511227664117,0.9059060148546736,0.10696493484748926,0.5246409909688973,0.19425545086290666,0.417573892468714,0.7466885183902887,0.21854035355674195,0.6512177905759489,0.13853994754203902,0.00047247669093982775,10.0,,,3.924337863922119
gold_fair_dim_sweep,4f977904b183,1,IPWTransport,FeasibleRestricted,319000252,100,100,20000,10,0.1,10,1.8123131754528714,-0.06248705239396851,0.19165751033004785,0.19165751033004785,0.5734764574764575,0.40313513513513516,0.5941006113906571,0.564781936975638,0.5649762344553979,0.5477682072848135,1.8133847257738696,1.4408311280687116,0.6158482577696892,-0.21566202037402743,0.34789277799474216,0.6085875035426151,1.5166741342437762,0.6388208628328241,0.32640800911420653,0.5678737916364088,0.22188394648157905,,,,,1.085658073425293
gold_fair_dim_sweep,4f977904b183,1,EntropyBalancing,FeasibleRestricted,319000252,100,100,20000,10,0.1,10,1.7761035855677163,-0.06523554321633196,0.1889090195076844,0.1889090195076844,0.587009423009423,0.4141541541541542,0.6079009636197218,0.553587096609558,0.585268158001704,0.5612792914504117,1.7774406716208027,1.492580623553404,0.6345525247243828,-0.21274918407432628,0.3647635137416624,0.5752405079354356,1.5377618631248817,0.6582770931567404,0.30695177879029023,0.5782236907333473,0.21153404738464054,,,,,1.1328198909759521
gold_fair_dim_sweep,4f977904b183,1,OutcomeModelTransport,FeasibleRestricted,319000252,100,100,20000,10,0.1,10,1.8339136599024681,-0.036903384771115495,0.21724117795290088,0.21724117795290088,0.5675831435831437,0.3984944944944945,0.5882141148162094,0.5549189491224283,0.5576797061235846,0.5358131679091087,1.7817169433032074,1.4222231504120129,0.6053863456084457,-0.23180375747684837,0.34075078381244206,0.6338677864786437,1.5935469237176472,0.6322831969032559,0.3329456750437748,0.5641521961050692,0.22560554201291871,,,,,0.03061199188232422
gold_fair_dim_sweep,4f977904b183,2,TargetOnlyDR,OracleTargetTreated,850089656,100,100,20000,10,0.1,10,2.0123795777049036,-2.559271418754326,0.18934601613596191,-0.18934601613596191,0.8996170676170676,0.724852852852853,0.905843870562777,0.7667855674175369,0.791830267259197,0.8231747304815997,3.6497276114640522,2.6082344551331222,1.3113389009874776,0.9861467669795969,0.7970680564568817,0.8017108551827322,1.8840848724282955,1.2416655982029818,0.17232299923320893,1.2430102042518087,0.13713935723365966,0.0,0.0,,,13.121254920959473
gold_fair_dim_sweep,4f977904b183,2,ProxyOnly,FeasibleRestricted,850089656,100,100,20000,10,0.1,10,4.168582785312317,-1.9467923547247536,0.4231330478936106,0.4231330478936106,0.1923947523947524,0.13141541541541543,0.2046111862028254,-0.1915073178329181,-0.4269264849398859,-0.744861070314359,-0.9115319528590254,-1.4062664864824905,0.3956021119440502,-1.599770235572722,0.046482013931770316,1.2198527866299194,2.813547159476139,0.48029463970486497,0.9336939577313258,0.4401100159286865,0.9400395455567819,0.0,0.0,,,7.020165205001831
gold_fair_dim_sweep,4f977904b183,2,Glmtrans_Auto,OracleTargetTreated,850089656,100,100,20000,10,0.1,10,0.3758404132088231,-2.421210949731999,0.051285547113634866,-0.051285547113634866,0.9973047853047855,0.9571131131131131,0.9976032660696292,0.9974574249190349,0.9982293201382416,0.9959578314913909,4.747674003890718,3.2880987435864313,1.0612117859669112,0.19949219354937375,0.9947492057034022,0.18982814453109065,0.4608791212915033,1.4096763099390195,0.004312287497171274,1.3789830619424706,0.0011664995429978564,,,,,17.44265103340149
gold_fair_dim_sweep,4f977904b183,2,Glmtrans_DR_CrossFit,OracleTargetTreated,850089656,100,100,20000,10,0.1,10,0.28321859110521647,-2.403364404941643,0.0334390023232789,-0.0334390023232789,0.9974851694851696,0.9586266266266267,0.9977759745053586,0.9962779823359172,0.9966386431352187,0.9978575745972474,4.74206012128174,3.282859162911354,1.0021913096700046,0.03870551798437343,0.9951205051086566,0.03453277618429643,0.0694763871441404,1.4117063189082582,0.002282278527932613,1.3779351458074551,0.0022144156780132818,,,,,16.079919815063477
gold_fair_dim_sweep,4f977904b183,2,Glmtrans_OptionB,FeasibleRestricted,850089656,100,100,20000,10,0.1,10,3.435023130121741,-1.2810831042555808,1.0888422983627835,1.0888422983627835,0.5708631788631788,0.40266666666666673,0.592027651602964,0.41027491060992216,0.2695626769930666,0.14824371537955341,1.9528167106575256,0.8879209232363057,0.812505043521312,-1.3290389192407666,0.3639569370937278,1.088842298362784,2.0009079244103356,0.7838305883482847,0.6301580090879061,0.8989474978724457,0.48120206361302276,,,,,16.5191433429718
gold_fair_dim_sweep,4f977904b183,2,AnchorOnly,OracleTargetTreated,850089656,100,100,20000,10,0.1,10,2.465939678355142,-2.4936939044415967,0.1237685018232324,-0.1237685018232324,0.836980124980125,0.6495575575575575,0.8442906862755125,0.5608933456896035,0.6933709825348171,0.6892003705373989,2.6697267369602016,2.2839163411832955,1.293337144583091,0.8552615512163899,0.6593587623806216,0.8836603455379322,1.9905244905368096,1.063343719955657,0.35064487748053375,1.1781465814618437,0.2020029800236247,0.0002621525324850343,4.0,,,11.479313135147095
gold_fair_dim_sweep,4f977904b183,2,AnchorPlugin,FeasibleRestricted,850089656,100,100,20000,10,0.1,10,3.7446302515076755,-1.227283423858062,1.1426419787603022,1.1426419787603022,0.45346734946734946,0.31422622622622626,0.4746445585683988,0.27238650682820653,0.06478058400190384,-0.06153368737902476,1.2964987829769765,0.21338278947362205,0.7637550093478077,-1.4325815397572406,0.2374406843365643,1.1426419787603022,2.2549820997791303,0.6549698243882328,0.759018773047958,0.7640398711199089,0.6161096903655595,0.001528839611438784,10.0,,,5.423394680023193
gold_fair_dim_sweep,4f977904b183,2,IPWTransport,FeasibleRestricted,850089656,100,100,20000,10,0.1,10,3.41569896346991,-1.291577625401755,1.0783477772166092,1.0783477772166092,0.5766695646695648,0.4072352352352353,0.5977984799100523,0.40801634330146,0.2746163444007302,0.16927638840598513,1.9420664359805955,0.9045673561935554,0.8129623898402714,-1.3199213696075323,0.37098327168069345,1.0783477772166092,2.0514590508808928,0.8059812525638697,0.6080073448723211,0.9022767844638956,0.4778727770215728,,,,,0.6706838607788086
gold_fair_dim_sweep,4f977904b183,2,EntropyBalancing,FeasibleRestricted,850089656,100,100,20000,10,0.1,10,3.346337282319325,-1.3211340556792186,1.0487913469391457,1.0487913469391457,0.5960089640089641,0.422942942942943,0.6171112213089304,0.4096230202316562,0.33148182414393257,0.20072270659919142,1.949713858420468,1.091878336471283,0.8263498109358832,-1.278206525486885,0.39381812789707205,1.048791346939146,2.0912549369141376,0.8347501417966935,0.5792384556394973,0.9397389805194412,0.44041058096602725,,,,,1.459453821182251
gold_fair_dim_sweep,4f977904b183,2,OutcomeModelTransport,FeasibleRestricted,850089656,100,100,20000,10,0.1,10,3.4325657662029156,-1.2878106058300531,1.0821147967883111,1.0821147967883111,0.5717437757437758,0.4033433433433434,0.5929140126404454,0.41027491060992216,0.2695626769930666,0.14824371537955344,1.9528167106575256,0.8879209232363057,0.8091285684947104,-1.3279210506307888,0.36502915288975946,1.0821147967883114,2.0241654367442137,0.7799380205899223,0.6340505768462684,0.8989474978724457,0.48120206361302276,,,,,0.06223249435424805
gold_fair_dim_sweep,11bc5f76312b,4,TargetOnlyDR,OracleTargetTreated,81850079,100,100,20000,10,0.1,20,3.026888269044436,1.4985277460423547,0.5355058933213507,0.5355058933213507,0.7831637071637073,0.586970970970971,0.7965712716514661,0.8183140310506236,0.8232194460787637,0.8296206005253411,7.060251969933983,5.881216025307098,1.6231570793358125,-1.4693240668487844,0.6322394743429764,1.1981581517930593,3.034541226725544,0.9020273819578929,0.5073668074307559,0.30757213458397487,0.25258990944311727,0.0,0.0,,,17.432030200958252
gold_fair_dim_sweep,11bc5f76312b,4,ProxyOnly,FeasibleRestricted,81850079,100,100,20000,10,0.1,20,4.009489225882064,2.2654473716691164,1.3024255189481124,1.3024255189481124,0.483993951993952,0.33571571571571573,0.5036593298236797,0.5236503896622126,0.5130300406357708,0.5351718585097867,4.517952222354866,3.6651715539799876,0.9565978101244559,-1.2041001419698771,0.25369741800365053,1.3024255189481122,1.9536551103579276,0.5493976771933275,0.8599965121953212,-0.1356367596814472,0.6957988037085393,0.0,0.0,,,8.644466876983643
gold_fair_dim_sweep,11bc5f76312b,4,Glmtrans_Auto,OracleTargetTreated,81850079,100,100,20000,10,0.1,20,0.694954191432913,1.0263831568351096,0.06336130411410557,0.06336130411410557,0.9866492546492547,0.9022262262262263,0.9879473100835018,0.9945508115590974,0.9879736709459065,0.9913986489732429,8.58078813275923,7.0582474865305995,1.0322777873474762,-0.09649068138746053,0.9760797189155253,0.13756461589071572,0.29519684922461975,1.3860409016961135,0.023353287692535307,0.5429784268286751,0.01718361719841699,,,,,12.934449672698975
gold_fair_dim_sweep,11bc5f76312b,4,Glmtrans_DR_CrossFit,OracleTargetTreated,81850079,100,100,20000,10,0.1,20,0.6290811112173083,1.0110644221625629,0.048042569441558824,0.048042569441558824,0.989048945048945,0.9114794794794795,0.9900974424275829,0.9954571866002213,0.9904431805516468,0.9912726269704938,8.588608157745698,7.075890072036944,0.9745549930701585,-0.022316028213115287,0.9802347548236696,0.09122884290087407,0.3183940016068121,1.3908588664741866,0.01853532291446225,0.5465069439299443,0.013655100097147876,,,,,19.579655408859253
gold_fair_dim_sweep,11bc5f76312b,4,Glmtrans_OptionB,FeasibleRestricted,81850079,100,100,20000,10,0.1,20,3.8215565957816695,0.5790403527595798,0.3839814999614243,-0.3839814999614243,0.5080194160194161,0.3523683683683684,0.5243324204625291,0.5989116294610085,0.5750221654737735,0.5615572718540233,5.167291346928976,4.1080535580151745,0.7442081909304726,0.5320952793180548,0.28254681791595115,0.8170596014768574,1.5606911985767566,0.6213311309580916,0.7880630584305572,-0.047060358874409805,0.607222402901502,,,,,16.359584093093872
gold_fair_dim_sweep,11bc5f76312b,4,AnchorOnly,OracleTargetTreated,81850079,100,100,20000,10,0.1,20,3.1345168460784265,1.6660472783257083,0.7030254256047043,0.7030254256047043,0.7783986583986584,0.5827507507507508,0.7919377910587457,0.7899553768561548,0.8150773322689524,0.8343665050569742,6.815579097975383,5.823047416139482,1.6764799363825063,-1.8300729824567268,0.6156241226542998,1.3132880997720537,3.443682849950661,0.8430024060574313,0.5663917833312175,0.29593841275045174,0.2642236312766404,0.0023745538751272083,9.0,,,11.364951848983765
gold_fair_dim_sweep,11bc5f76312b,4,AnchorPlugin,FeasibleRestricted,81850079,100,100,20000,10,0.1,20,3.3937523631920343,1.3194544292649029,0.3564325765438988,0.3564325765438988,0.6216382416382418,0.4405685685685686,0.638281090179932,0.633185416142893,0.6539866153609846,0.6694004959512477,5.462998814668708,4.67218866235258,0.9173584478476469,-0.24739081451515055,0.411763188808841,0.3932718400525881,1.0585841582456492,0.810823613689715,0.5985705756989338,0.06576666199307135,0.4943953820340208,0.013031321039945584,20.0,,,7.314349174499512
gold_fair_dim_sweep,11bc5f76312b,4,IPWTransport,FeasibleRestricted,81850079,100,100,20000,10,0.1,20,3.832973477430727,0.5782576226673044,0.38476423005369964,-0.38476423005369964,0.5054100014100015,0.3504624624624625,0.5217975717234844,0.6012318770501398,0.5712116845776529,0.5578232530254822,5.187309985239341,4.080830851582355,0.7378113342571064,0.5363768245964977,0.2800215503290632,0.840512774157349,1.6005825284987978,0.6166442766976017,0.7927499126910471,-0.052504900160973776,0.6126669441880659,,,,,1.0426995754241943
gold_fair_dim_sweep,11bc5f76312b,4,EntropyBalancing,FeasibleRestricted,81850079,100,100,20000,10,0.1,20,3.8503490862109127,0.579334550605491,0.38368730211551305,-0.38368730211551305,0.5014185694185694,0.34750750750750753,0.5177087515568191,0.5874177500669291,0.5645951333660846,0.5570370499456103,5.068124423773515,4.033561114207835,0.7301042738505183,0.5400472213346659,0.2753051895102081,0.8500949342506852,1.6300902596916576,0.588917874739133,0.8204763146495158,-0.06195884763587757,0.6221208916629697,,,,,2.532041072845459
gold_fair_dim_sweep,11bc5f76312b,4,OutcomeModelTransport,FeasibleRestricted,81850079,100,100,20000,10,0.1,20,3.8232732093721973,0.5805214742228122,0.38250037849819185,-0.38250037849819185,0.5084072444072444,0.3526486486486487,0.5247619195113059,0.6027980652422551,0.5779337295249326,0.564219884775888,5.200822747881908,4.12885425367166,0.7407976220431391,0.5329729250717671,0.28308448736412894,0.8257597365075214,1.5911936800351758,0.6141184076116342,0.7952757817770146,-0.042900219743112575,0.6030622637702047,,,,,0.062174081802368164
gold_fair_dim_sweep,11bc5f76312b,2,TargetOnlyDR,OracleTargetTreated,1616744023,100,100,20000,10,0.1,20,2.6627398913552445,0.27690844481085597,0.023946644881406798,0.023946644881406798,0.6967588927588928,0.5040960960960961,0.7091009405321721,0.6310168872571953,0.7080544461194769,0.7387586180444071,4.206524286338342,3.7629581058176815,1.2750676273334727,-0.10011519378413097,0.4782157928023667,0.6172133589225671,1.3684188333251543,1.469905527497355,0.38648483633207786,1.0381816146638725,0.31030915615400967,0.0,0.0,,,17.060014724731445
gold_fair_dim_sweep,11bc5f76312b,2,ProxyOnly,FeasibleRestricted,1616744023,100,100,20000,10,0.1,20,3.0096158534001733,-0.39796765124718714,0.6509294511766364,-0.6509294511766364,0.5680901440901441,0.40044444444444444,0.5864272043679186,0.638315959750251,0.6581543702074565,0.6105432721063642,4.255181820438961,3.4977639584422264,1.1757326151688015,0.7208653472828902,0.34515234723192667,0.6509294511766363,1.6172664291936134,1.2087607253135433,0.6476296385158895,0.9851427851887813,0.36334798562910087,0.0,0.0,,,8.666784524917603
gold_fair_dim_sweep,11bc5f76312b,2,Glmtrans_Auto,OracleTargetTreated,1616744023,100,100,20000,10,0.1,20,0.35599007588995507,0.3445738078396515,0.09161200791020235,0.09161200791020235,0.9955926475926478,0.9437037037037038,0.9960361633703319,0.9970260600510615,0.9959824563505706,0.9952256675242097,6.646437552482788,5.2931526352483,1.0343159067356467,-0.10343637056357448,0.9920111121198755,0.12044137820654162,0.2706505637654306,1.8508993861409757,0.005490977688457077,1.3442205205499962,0.004270250267885967,,,,,14.08069634437561
gold_fair_dim_sweep,11bc5f76312b,2,Glmtrans_DR_CrossFit,OracleTargetTreated,1616744023,100,100,20000,10,0.1,20,0.44061537766873426,0.36569057080240974,0.11272877087296057,0.11272877087296057,0.9938122058122058,0.9332212212212212,0.9944204916340763,0.9944096865647647,0.9949115239207604,0.9941174701226425,6.62899611971848,5.287461160687801,0.9510686118852894,-0.09483502362313792,0.988694238551853,0.1776618087934961,0.42965363535349166,1.8472953610615386,0.009095002767894211,1.3430822256378965,0.00540854517998568,,,,,18.751288414001465
gold_fair_dim_sweep,11bc5f76312b,2,Glmtrans_OptionB,FeasibleRestricted,1616744023,100,100,20000,10,0.1,20,1.9773508344710653,-0.615755876177795,0.8687176761072442,-0.8687176761072442,0.8534688614688614,0.6667307307307307,0.8656950348613227,0.8979606618042765,0.8793159410434186,0.8601475678151224,5.986041591493189,4.673127986213794,1.009730303828596,0.8747091678666978,0.7579443935368704,0.8687176761072447,1.0843329969873015,1.604383853718987,0.25200651011044584,1.220215590743095,0.12827518007478722,,,,,15.619384765625
gold_fair_dim_sweep,11bc5f76312b,2,AnchorOnly,OracleTargetTreated,1616744023,100,100,20000,10,0.1,20,2.7083652906054665,0.33376135146849073,0.08079955153904156,0.08079955153904156,0.6976566496566496,0.5091731731731732,0.7102217757286697,0.6055048958693792,0.6311127960170112,0.6997197025257887,4.036454651859666,3.3540514073076544,1.256399047972599,-0.16637564430561058,0.4566290601309452,0.7598931557656657,1.8809351649623154,1.507574116252738,0.3488162475766947,0.956400274961867,0.3920904958560152,0.0013091054055995779,9.0,,,13.082416534423828
gold_fair_dim_sweep,11bc5f76312b,2,AnchorPlugin,FeasibleRestricted,1616744023,100,100,20000,10,0.1,20,1.9209672475438262,-0.304287913812093,0.5572497137415422,-0.5572497137415422,0.8461378501378503,0.6569249249249249,0.8567899381006654,0.8684288336701683,0.8350357729989851,0.8572183969342264,5.789174669585499,4.437800861042895,1.0217133433119991,0.5638568216798362,0.740993206891535,0.5572497137415423,0.9158109157706603,1.620634335361501,0.23575602846793187,1.1731501657089152,0.17534060510896698,0.004907756971651338,20.0,,,9.92057466506958
gold_fair_dim_sweep,11bc5f76312b,2,IPWTransport,FeasibleRestricted,1616744023,100,100,20000,10,0.1,20,1.974289398523778,-0.6171269812758253,0.8700887812052744,-0.8700887812052744,0.8541474501474502,0.6675195195195196,0.866313882928832,0.8905359454829957,0.8793159410434186,0.8612325125185528,5.936546482637394,4.673127986213794,1.0030787593064505,0.871988766642139,0.7589924558621135,0.8700887812052744,1.0398928380237058,1.6004373323762986,0.2559530314531342,1.220215590743095,0.12827518007478722,,,,,0.7771363258361816
gold_fair_dim_sweep,11bc5f76312b,2,EntropyBalancing,FeasibleRestricted,1616744023,100,100,20000,10,0.1,20,1.9239446786374463,-0.6097033307995875,0.8626651307290367,-0.8626651307290367,0.8634275994275995,0.6787307307307308,0.8748752082663079,0.8913001449099612,0.8802983932615751,0.8714617460570229,5.9416408367094515,4.678349232345574,1.0061962078033055,0.8664429792650381,0.7730876948310946,0.8626651307290367,1.0437062958599514,1.616092730541261,0.24029763328817189,1.221259839969451,0.12723093084843118,,,,,1.8110105991363525
gold_fair_dim_sweep,11bc5f76312b,2,OutcomeModelTransport,FeasibleRestricted,1616744023,100,100,20000,10,0.1,20,1.9764765720990984,-0.6191802021699409,0.87214200209939,-0.87214200209939,0.8539268419268421,0.6672072072072072,0.8661238039646614,0.8979606618042765,0.8793159410434186,0.8641566267981472,5.986041591493189,4.673127986213794,1.0047555676433166,0.8750865554342113,0.7586137141385381,0.8721420020993897,1.0948389118920545,1.604383853718987,0.25200651011044584,1.220215590743095,0.12827518007478722,,,,,0.018634319305419922
gold_fair_dim_sweep,11bc5f76312b,3,TargetOnlyDR,OracleTargetTreated,502768153,100,100,20000,10,0.1,20,3.08001248721974,0.8561187141122863,0.062247592195651125,-0.062247592195651125,0.601976785976786,0.42741141141141137,0.6235297653376989,0.6055691447103901,0.6291184304639937,0.6864109475682051,4.495994825544169,3.9139277970504183,1.4121229154747947,-0.2905785482568365,0.3846768934119916,0.6669273225799777,1.7439766531324743,1.063112409654711,0.4970934487428036,0.3026305636809054,0.4614723124070808,0.0,0.0,,,15.577195644378662
gold_fair_dim_sweep,11bc5f76312b,3,ProxyOnly,FeasibleRestricted,502768153,100,100,20000,10,0.1,20,3.2485835976631217,1.0807329880130514,0.16236668170511392,0.16236668170511392,0.5535408855408855,0.39041041041041047,0.5712143337164929,0.6684518587294244,0.6868375192558218,0.6676112422740932,4.962862002175107,4.273014949967148,1.2239993449365714,-0.40445016307138115,0.2902587649809031,0.6784926806933507,1.5162109316262171,0.8433764267228344,0.7168294316746803,0.3744479942642512,0.38965488182373503,0.0,0.0,,,9.308475732803345
gold_fair_dim_sweep,11bc5f76312b,3,Glmtrans_Auto,OracleTargetTreated,502768153,100,100,20000,10,0.1,20,0.8822366780338279,1.0295117127651823,0.1111454064572448,0.1111454064572448,0.9776244296244297,0.8785425425425425,0.9801712338737927,0.9812160237630223,0.9862128013273601,0.9851583825019947,7.284952022595812,6.135515206692126,1.1366744818692394,-0.2518533863777388,0.9615505128943593,0.36090633634148334,0.8786431927073286,1.5287289553445014,0.031476903053013316,0.746948045609247,0.017154830478739225,,,,,13.832518577575684
gold_fair_dim_sweep,11bc5f76312b,3,Glmtrans_DR_CrossFit,OracleTargetTreated,502768153,100,100,20000,10,0.1,20,0.7310520447038941,0.9787574982421402,0.060391191934202726,0.060391191934202726,0.9801249921249922,0.8861741741741742,0.9824419865249613,0.9884416594927012,0.9879880392032802,0.9869291264553718,7.338598119223539,6.1465594751994335,1.0530375800249228,-0.11230212107221349,0.9661741535808573,0.18866939210270628,0.3288454790945545,1.539159267157036,0.021046591240478696,0.7491568993107083,0.014945976777277936,,,,,29.013558626174927
gold_fair_dim_sweep,11bc5f76312b,3,Glmtrans_OptionB,FeasibleRestricted,502768153,100,100,20000,10,0.1,20,2.146182225045403,1.0663289689015476,0.14796266259361013,0.14796266259361013,0.8173639573639574,0.6250690690690691,0.830835029617902,0.8369948443996513,0.8296972948526307,0.8568194768423002,6.214194567703199,5.161786951728963,0.992550322993246,-0.14001885619234927,0.6867315479808564,0.21991702661575252,0.5022941020199827,1.3177216569888734,0.24248420140864124,0.5522023946166145,0.21190048147137175,,,,,12.650470495223999
gold_fair_dim_sweep,11bc5f76312b,3,AnchorOnly,OracleTargetTreated,502768153,100,100,20000,10,0.1,20,3.03718536058915,1.0154240964804466,0.09705779017250915,0.09705779017250915,0.6208745248745249,0.44151351351351353,0.6426158079568944,0.6702633206325033,0.6569550318093027,0.679506246491274,4.976311041668042,4.087107348793103,1.4362204005222288,-0.540006496239132,0.4078179543838234,0.7341988359825962,2.049473538657338,1.0735943556154497,0.486611502782065,0.3372664740294423,0.4268364020585439,0.0008580310401263378,9.0,,,13.800597190856934
gold_fair_dim_sweep,11bc5f76312b,3,AnchorPlugin,FeasibleRestricted,502768153,100,100,20000,10,0.1,20,2.2217511163026047,0.8567336356919923,0.06163267061594513,-0.06163267061594513,0.80792343992344,0.6146986986986988,0.8199953662042613,0.8553558659744201,0.8449942680047035,0.8524465916662253,6.350514356637203,5.256953848026176,1.1184265020730624,-0.03982729706739552,0.6704135948753454,0.3444946587005418,0.6449804671876285,1.304748126404316,0.25545773199319877,0.5712357738760566,0.1928671022119296,0.015309044226531827,20.0,,,8.138755083084106
gold_fair_dim_sweep,11bc5f76312b,3,IPWTransport,FeasibleRestricted,502768153,100,100,20000,10,0.1,20,2.1590323498498862,1.092762915528906,0.17439660922096856,0.17439660922096856,0.8153601113601116,0.622978978978979,0.8288683683687459,0.8378790078120263,0.8252704197264841,0.8576816181726303,6.220758961153058,5.134246080612666,0.9789954967086294,-0.15144366696505432,0.6838090030192321,0.21647597548695516,0.5942386198006835,1.3159200306025323,0.24428582779498242,0.5466942203933545,0.21740865569463175,,,,,0.26053404808044434
gold_fair_dim_sweep,11bc5f76312b,3,EntropyBalancing,FeasibleRestricted,502768153,100,100,20000,10,0.1,20,2.191674569919538,1.1334059396358247,0.21503963332788723,0.21503963332788723,0.8111702831702833,0.6182862862862863,0.8246246557172543,0.8336602878259617,0.8178459584424771,0.8512694980197604,6.189437445858818,5.088056358629529,0.9564414983096733,-0.16567016879043403,0.676272516191237,0.23872110515539766,0.7592369617426868,1.3136491827933015,0.24655667560421324,0.5374562759967274,0.2266466000912588,,,,,1.3831210136413574
gold_fair_dim_sweep,11bc5f76312b,3,OutcomeModelTransport,FeasibleRestricted,502768153,100,100,20000,10,0.1,20,2.1413482367802237,1.069618884053439,0.1512525777455016,0.1512525777455016,0.8183503103503104,0.6261021021021022,0.8317422269569847,0.836505153221564,0.8296972948526307,0.8568194768423002,6.210558898643726,5.161786951728963,0.9883676445204856,-0.1388103906585908,0.6882719843431734,0.21678957445741326,0.5385212377131632,1.3177216569888734,0.24248420140864124,0.5522023946166145,0.21190048147137175,,,,,0.020853757858276367
gold_fair_dim_sweep,11bc5f76312b,1,TargetOnlyDR,OracleTargetTreated,777390654,100,100,20000,10,0.1,20,2.97211365798104,0.07710209655934332,0.7192753880541544,-0.7192753880541544,0.8257201177201178,0.6306466466466466,0.8362386267226781,0.7892381177707556,0.8186403558719291,0.8510323753858311,6.338070008639293,5.31910233283032,1.9689131328098644,0.6445701541306322,0.6665162083289689,1.6307613261187632,3.0068080390254757,1.6194667085399592,0.2679025825880881,0.8969613316254168,0.235676264734209,0.0,0.0,,,15.890419721603394
gold_fair_dim_sweep,11bc5f76312b,1,ProxyOnly,FeasibleRestricted,777390654,100,100,20000,10,0.1,20,3.565439544310352,0.19893500111285078,0.5974424835006469,-0.5974424835006469,0.5177857817857818,0.3627667667667668,0.5435145769536747,0.6640636762391866,0.6399048209442797,0.5950158753864188,5.332841857773609,4.157771115801889,0.785197308982061,0.6401742570773439,0.28614104405629526,0.9071915782175681,2.220347446830604,1.1181445417689384,0.7692247493591089,0.6646950882197308,0.467942508139895,0.0,0.0,,,9.433162927627563
gold_fair_dim_sweep,11bc5f76312b,1,Glmtrans_Auto,OracleTargetTreated,777390654,100,100,20000,10,0.1,20,0.6591434910541132,0.642429933758636,0.15394755085486167,-0.15394755085486167,0.9877726957726959,0.9080440440440442,0.9889829751205873,0.9920756901613512,0.9912471792457703,0.9909615860109923,7.966981113218576,6.440612346702471,1.0468925391666868,0.12382238002423324,0.9775162169054475,0.1954785174271292,0.5002763722278649,1.8655069838035379,0.021862307324509445,1.1212633343998473,0.011374261959778531,,,,,14.21876072883606
gold_fair_dim_sweep,11bc5f76312b,1,Glmtrans_DR_CrossFit,OracleTargetTreated,777390654,100,100,20000,10,0.1,20,0.6335832823492936,0.6541973292712991,0.14218015534219852,-0.14218015534219852,0.9882005682005682,0.9106746746746747,0.9893250612099396,0.989606073220648,0.9892198023493338,0.9903409410914185,7.947148562417672,6.427439498452307,0.9727648902399881,0.1599972914096087,0.9780806623766058,0.15037714665028165,0.39371236841939083,1.8664872130331547,0.02088207809489262,1.118628764749814,0.0140088316098117,,,,,26.96150803565979
gold_fair_dim_sweep,11bc5f76312b,1,Glmtrans_OptionB,FeasibleRestricted,777390654,100,100,20000,10,0.1,20,1.7913621327738327,-0.19776598445830532,0.994143469071803,-0.994143469071803,0.9246977646977648,0.764012012012012,0.9322902211004467,0.9501263848994604,0.9416923235520648,0.9306212258215874,7.630102258058071,6.118630481732335,1.0746025224990186,1.0088973103768946,0.8720512767737196,0.9941434690718032,1.4493734619741048,1.7280202370347806,0.15934905409326672,1.0568669614058201,0.07577063495380565,,,,,13.986191511154175
gold_fair_dim_sweep,11bc5f76312b,1,AnchorOnly,OracleTargetTreated,777390654,100,100,20000,10,0.1,20,2.9353940667288088,0.3348572697327447,0.46152021488075295,-0.46152021488075295,0.8068672948672949,0.6118398398398399,0.8232299006180961,0.8297598869186714,0.8549459687830561,0.8661881315178037,6.66348486627293,5.554997459359632,2.0120308366805277,0.12263433202456595,0.6692144826395361,1.3967198910714005,3.2673319514393713,1.5991283817730364,0.2882409093550109,0.9441403569312793,0.1884972394283465,0.008303203376570664,8.0,,,16.352189540863037
gold_fair_dim_sweep,11bc5f76312b,1,AnchorPlugin,FeasibleRestricted,777390654,100,100,20000,10,0.1,20,2.0747657318007757,0.2194445485016667,0.5769329361118309,-0.5769329361118309,0.8622382422382423,0.6802042042042042,0.8744731359844562,0.9014595737752074,0.897311992269229,0.8922670249586321,7.2392776779250365,5.830270004551994,1.0477671673376352,0.5664506916422201,0.765227909623043,0.5769329361118306,1.0074788629256561,1.6552628194249537,0.23210647170309362,0.9991948659697516,0.1334427303898742,0.03358768737123975,18.0,,,6.085598707199097
gold_fair_dim_sweep,11bc5f76312b,1,IPWTransport,FeasibleRestricted,777390654,100,100,20000,10,0.1,20,1.802003444544439,-0.2223578975225231,1.0187353821360208,-1.0187353821360208,0.9246156366156365,0.7640760760760761,0.9322591358760978,0.946082018818281,0.9462981845047277,0.9264597344775176,7.597623498117428,6.148556987996381,1.06985957130303,1.0342692095327877,0.8722376229554848,1.018735382136021,1.4108244063758457,1.7298418568277025,0.15752743430034477,1.0628522626586288,0.06978533370099704,,,,,0.42182326316833496
gold_fair_dim_sweep,11bc5f76312b,1,EntropyBalancing,FeasibleRestricted,777390654,100,100,20000,10,0.1,20,1.8225982532905405,-0.21439335724005265,1.0107708418535504,-1.0107708418535504,0.9212502812502815,0.7585745745745747,0.9292660925807731,0.9397236174777523,0.9425598281532361,0.9264688310090392,7.54656160446089,6.124267078700386,1.071949157279503,1.0261962632332955,0.8670203237929687,1.0107708418535504,1.3824605167858754,1.7115316442744668,0.1758376468535805,1.05799428079943,0.07464331556019577,,,,,1.5842480659484863
gold_fair_dim_sweep,11bc5f76312b,1,OutcomeModelTransport,FeasibleRestricted,777390654,100,100,20000,10,0.1,20,1.7836766897877763,-0.19605179080056734,0.992429275414065,-0.992429275414065,0.9251484371484372,0.7648288288288287,0.9326995704617544,0.9501263848994604,0.9438028330133398,0.9317168611406438,7.630102258058071,6.132343482463861,1.0692971345564664,1.0060151027412083,0.872947014263353,0.9924292754140652,1.4124885697630987,1.72880563042833,0.1585636606997174,1.059609561552125,0.07302803480750075,,,,,0.04817986488342285
gold_fair_dim_sweep,11bc5f76312b,0,TargetOnlyDR,OracleTargetTreated,378905977,100,100,20000,10,0.1,20,2.6532463483334845,1.5304085996084469,0.20363550084175186,0.20363550084175186,0.8300575220575221,0.6334734734734735,0.8374469401361445,0.8450987138725846,0.8632242791170104,0.8606972398253098,6.933780216549951,5.984605566508289,1.6390745536569078,-1.181680693549215,0.6873754966000161,1.042993916189531,2.6855997889017775,1.1347070742730148,0.2545115729393037,0.19666432743702772,0.1896491468930448,0.0,0.0,,,17.279025554656982
gold_fair_dim_sweep,11bc5f76312b,0,ProxyOnly,FeasibleRestricted,378905977,100,100,20000,10,0.1,20,2.9186693141649287,1.3047967155821618,0.02197638318453321,-0.02197638318453321,0.7295477255477256,0.5324604604604605,0.743108481424469,0.7981524735780104,0.7913792941608271,0.7727378111073391,6.548600465530951,5.486514969086391,1.4355996271669376,-0.5463925796517024,0.542208088996674,0.7428999496925052,1.7488445009637115,1.007870575578505,0.38134807163381357,0.09704620795264801,0.2892672663774245,0.0,0.0,,,9.444681882858276
gold_fair_dim_sweep,11bc5f76312b,0,Glmtrans_Auto,OracleTargetTreated,378905977,100,100,20000,10,0.1,20,0.6028259961622835,1.4145598820724348,0.08778678330573975,0.08778678330573975,0.9906719706719708,0.9206726726726727,0.991772435652537,0.9921216507403819,0.9940937032995283,0.9920824044393401,8.140059097701702,6.891903824209713,1.071092735887785,-0.18835171539937248,0.9831306458039503,0.21169980799036628,0.6978400067921546,1.3733350578922245,0.015883589320093927,0.3781239789773123,0.008189495352760201,,,,,14.062343120574951
gold_fair_dim_sweep,11bc5f76312b,0,Glmtrans_DR_CrossFit,OracleTargetTreated,378905977,100,100,20000,10,0.1,20,0.6124624198426997,1.3948468566500964,0.06807375788340142,0.06807375788340142,0.9893298173298175,0.913037037037037,0.990438059170425,0.9946962612544255,0.9901878553924671,0.9926500868085709,8.161183000926915,6.8648251614658395,1.0516954113445436,-0.1401809399005721,0.980286823361619,0.1517693652053045,0.5294746236937362,1.3711311847566678,0.018087462455650627,0.37270824642853767,0.013605227901534844,,,,,24.572991132736206
gold_fair_dim_sweep,11bc5f76312b,0,Glmtrans_OptionB,FeasibleRestricted,378905977,100,100,20000,10,0.1,20,2.5739658777307657,0.7038402107121537,0.6229328880545413,-0.6229328880545413,0.7897824217824219,0.59396996996997,0.8017295142464913,0.806151914875964,0.8312745866578731,0.8462391590005889,6.61423347017846,5.763103099577256,0.8953644674098579,0.696579583360765,0.6369361337295121,0.7234253274182743,1.1741360938981604,1.06899805204625,0.3202205951660684,0.15236383405082082,0.2339496402792517,,,,,15.452574491500854
gold_fair_dim_sweep,11bc5f76312b,0,AnchorOnly,OracleTargetTreated,378905977,100,100,20000,10,0.1,20,2.657983114059127,1.4988454145827623,0.1720723158160673,0.1720723158160673,0.8162501522501524,0.6204204204204204,0.8262004472437368,0.8711055144421146,0.8839377254203685,0.8709577323635879,7.147158176218642,6.128208809660171,1.5612790114053223,-1.0133427883624828,0.6668577978945787,0.9448078825046108,2.397855488197192,1.1146079105027724,0.27461073670954605,0.22538497606740382,0.1609284982626687,0.00713643859549564,8.0,,,16.171421766281128
gold_fair_dim_sweep,11bc5f76312b,0,AnchorPlugin,FeasibleRestricted,378905977,100,100,20000,10,0.1,20,2.4944189137565207,1.0105951127712987,0.31617798599539637,-0.31617798599539637,0.7946222786222787,0.5970650650650651,0.806382354795117,0.7732695085220379,0.8307608866892107,0.8209056833928943,6.344443237503009,5.7595416940812045,1.0455245754777247,0.27017107250661854,0.6363040560590395,0.330096173125823,0.8313708848158763,1.12811544684884,0.26110320036347856,0.1516515529516107,0.2346619213784618,0.031631935320382665,19.0,,,6.934553861618042
gold_fair_dim_sweep,11bc5f76312b,0,IPWTransport,FeasibleRestricted,378905977,100,100,20000,10,0.1,20,2.5723125972843874,0.6894149683924491,0.6373581303742459,-0.6373581303742459,0.7911374751374752,0.5954314314314315,0.8030985019105996,0.8070099801170166,0.8285610336122837,0.8481708047610298,6.621273636842135,5.744290439814881,0.8926060748238717,0.7113971099050868,0.6390792675823104,0.7405061451876477,1.152666089529693,1.0698171324330037,0.3194015147793148,0.14860130209834596,0.23771217223172655,,,,,0.4647047519683838
gold_fair_dim_sweep,11bc5f76312b,0,EntropyBalancing,FeasibleRestricted,378905977,100,100,20000,10,0.1,20,2.560152138667177,0.6847100538178986,0.6420630449487964,-0.6420630449487964,0.7933948453948454,0.5982582582582583,0.8054047471557555,0.8115139576996827,0.8305968750684457,0.8553741385929658,6.658227415313016,5.758404625902809,0.8948604576989608,0.7140531466161301,0.6427802530455922,0.7379546987260239,1.1732732950952642,1.0622203068918326,0.3269983403204859,0.1514241393159316,0.23488933501414092,,,,,1.5640466213226318
gold_fair_dim_sweep,11bc5f76312b,0,OutcomeModelTransport,FeasibleRestricted,378905977,100,100,20000,10,0.1,20,2.5835486130949343,0.7050339088154439,0.6217391899512511,-0.6217391899512511,0.7883853563853563,0.5926846846846847,0.8004080995012463,0.8076921730551002,0.831274586657873,0.8462391590005889,6.62687082427161,5.763103099577255,0.8893303295547278,0.6997650602925979,0.6350370785525821,0.7268434242404822,1.191692256635174,1.0664073453300824,0.32281130188223606,0.15236383405082082,0.2339496402792517,,,,,0.06099104881286621
gold_fair_dim_sweep,1fea266645bd,0,TargetOnlyDR,OracleTargetTreated,2038385967,100,100,20000,10,0.1,50,4.521066280777055,-3.753682938964486,0.29431773035555553,-0.29431773035555553,0.6610197850197851,0.47437837837837843,0.6808653913674957,0.47397143554872584,0.3861251487459917,0.3105776569738677,2.8049141388932144,1.583122594285189,2.4656335880893283,5.795841524739768,0.4610211927002009,1.767936431638533,3.9042298014576913,1.0016250800920137,0.8213846209253846,1.282883060687726,0.503380393760881,0.0,0.0,,,19.707035779953003
gold_fair_dim_sweep,1fea266645bd,0,ProxyOnly,FeasibleRestricted,2038385967,100,100,20000,10,0.1,50,4.684576055979128,-3.277639610145238,0.18172559846369252,0.18172559846369252,0.5078838158838159,0.3537297297297297,0.5214636882905086,0.23281188328329824,0.029821927477071127,-0.16678292377209364,1.3777567468125358,0.1222706351746681,1.5037145546849442,1.469269178178351,0.27525578902434855,0.7847549347825972,2.4749290451622885,1.049346539543846,0.7736631614735523,0.9907126688656216,0.7955507855829853,0.0,0.0,,,5.108215808868408
gold_fair_dim_sweep,1fea266645bd,0,Glmtrans_Auto,OracleTargetTreated,2038385967,100,100,20000,10,0.1,50,0.8290989879733086,-3.478533896717343,0.019168688108412546,-0.019168688108412546,0.987035295035295,0.9041121121121121,0.9882079920001933,0.9857532341889714,0.9783573136284027,0.9778979093988599,5.833586112284004,4.011289017354801,1.0254792940197146,0.10779927602041758,0.976910965037411,0.10561734391827267,0.31552291529123533,1.8021068379523821,0.020902863065016097,1.768516345301648,0.017747109146958984,,,,,28.960554838180542
gold_fair_dim_sweep,1fea266645bd,0,Glmtrans_DR_CrossFit,OracleTargetTreated,2038385967,100,100,20000,10,0.1,50,1.170119337553877,-3.301234055888977,0.1581311527199536,0.1581311527199536,0.9747307707307709,0.8644724724724726,0.9769124325756652,0.950322435563126,0.9475623494495435,0.9500961048527353,5.623910295211067,3.8850289078020137,1.009509700889176,-0.12673740428329014,0.9537315396450862,0.17867099548430887,0.4194710997139586,1.7692380340986802,0.05377166691871804,1.7432643233910907,0.04299913105751618,,,,,25.98417854309082
gold_fair_dim_sweep,1fea266645bd,0,Glmtrans_OptionB,FeasibleRestricted,2038385967,100,100,20000,10,0.1,50,1.390968221891327,-2.484086714865189,0.9752784937437418,0.9752784937437418,0.9823466023466025,0.8861821821821821,0.9838557633733781,0.9681049023195598,0.9679784825228164,0.9672299031826842,5.729145101970623,3.9687355548857384,0.9604544697921207,-1.073513019965437,0.9677208094960631,0.9752784937437426,1.3375326199995206,1.760005047059603,0.06300465395779531,1.7600056528078358,0.026257801640771072,,,,,15.969252347946167
gold_fair_dim_sweep,1fea266645bd,0,AnchorOnly,OracleTargetTreated,2038385967,100,100,20000,10,0.1,50,4.562664546401707,-4.070442318188994,0.6110771095800636,-0.6110771095800636,0.6793622833622834,0.4952032032032032,0.6952374736775255,0.6490091294814916,0.5558230410261233,0.3656629266396225,3.840769183581461,2.278888120938261,2.525536288155761,6.820684574822232,0.46444479141738404,1.8744806195673318,5.5148245987722415,0.9697241535398935,0.8532855474775047,1.4220361660183403,0.36422728843026664,0.0034667730647794616,22.0,,,9.369901180267334
gold_fair_dim_sweep,1fea266645bd,0,AnchorPlugin,FeasibleRestricted,2038385967,100,100,20000,10,0.1,50,3.352311765955861,-1.9261713811476486,1.533193827461282,1.533193827461282,0.8381598821598821,0.6453973973973974,0.8460774354325353,0.751794277295056,0.712414998160081,0.6704780950571655,4.449041101986673,2.92091899156976,1.2047856303702904,-1.1387416069717502,0.7141595635502881,1.5331938274612824,2.64150623606219,1.5306349797716703,0.29237472124572794,1.55044234014464,0.2358211143039668,0.016465667407366175,48.0,,,3.6641509532928467
gold_fair_dim_sweep,1fea266645bd,0,IPWTransport,FeasibleRestricted,2038385967,100,100,20000,10,0.1,50,2.127077431263924,-1.752403508645516,1.7069616999634145,1.7069616999634145,0.9677587037587038,0.84596996996997,0.9707588376864337,0.9589098415889652,0.9373129391192981,0.9410565062804351,5.674729679612169,3.8430060736908236,0.986233263647896,-1.7310865770494395,0.9446385768341348,1.7069616999634147,1.833777590058499,1.6690597009381922,0.153950000079206,1.7348597565688528,0.05140369787975407,,,,,0.4479982852935791
gold_fair_dim_sweep,1fea266645bd,0,EntropyBalancing,FeasibleRestricted,2038385967,100,100,20000,10,0.1,50,2.2702748626919,-1.7730280915943888,1.6863371170145418,1.6863371170145418,0.9554127794127795,0.8187307307307307,0.9592816800536064,0.941513708688367,0.91761843954026,0.9201227291206383,5.571781156820996,3.7622581416590095,0.952846783193111,-1.7699410950221983,0.9225859577292697,1.6863371170145418,2.1507945482499498,1.6136653411561215,0.20934435986127675,1.7187101701624898,0.06755328428611707,,,,,2.071267604827881
gold_fair_dim_sweep,1fea266645bd,0,OutcomeModelTransport,FeasibleRestricted,2038385967,100,100,20000,10,0.1,50,1.9236159007805291,-1.9428318885408553,1.5165333200680753,1.5165333200680753,0.971974307974308,0.8562682682682683,0.9745793902366294,0.9561580700965633,0.9462609493020329,0.9461698238771317,5.658444979338817,3.8796931352308115,0.9940470447951065,-1.5280989112711998,0.9517412540359488,1.5165333200680755,1.608272294130721,1.7095148826288356,0.11349481838856268,1.7421971688768503,0.044066285571756625,,,,,0.0748739242553711
gold_fair_dim_sweep,1fea266645bd,1,TargetOnlyDR,OracleTargetTreated,1931019034,100,100,20000,10,0.1,50,5.791031475971421,4.641327502192078,0.5784809656691765,0.5784809656691765,0.5865601185601186,0.4122682682682683,0.5959128395920408,0.6979499449104809,0.701552118022411,0.7159698877624406,11.270920730035051,9.738617571606488,1.3864065789009177,-2.371920447349961,0.3491392588003006,1.050588453719243,3.786696686426357,3.0209517619789565,1.012936218752178,0.6821166904589148,0.8285827133780653,0.0,0.0,,,17.96578574180603
gold_fair_dim_sweep,1fea266645bd,1,ProxyOnly,FeasibleRestricted,1931019034,100,100,20000,10,0.1,50,6.210759598876933,3.1598966681198943,0.9029498684030068,-0.9029498684030068,0.505885501885502,0.3505545545545546,0.5175425698300372,0.6175215292731819,0.6506719166582466,0.6887629384047622,9.972113697094349,9.032322472036853,1.5219668314720505,-0.7464113832346257,0.2594873835418119,1.2929705964801759,2.933917488023976,2.9891386500494117,1.0447493306817228,0.540857670544988,0.9698417332919921,0.0,0.0,,,9.924023866653442
gold_fair_dim_sweep,1fea266645bd,1,Glmtrans_Auto,OracleTargetTreated,1931019034,100,100,20000,10,0.1,50,0.7271404325996224,4.0693587658371255,0.006512229314224349,0.006512229314224349,0.9951349431349432,0.9412452452452452,0.9956856945151898,0.9959760392204414,0.997381441784544,0.9967244360229361,16.083627585224136,13.845181541090993,1.0440670478774647,-0.18583685687894624,0.9909693412333943,0.2601671486553003,0.5484102746934321,4.0223482554721235,0.011539725259011036,1.5034294843558156,0.007269919481164511,,,,,28.50785541534424
gold_fair_dim_sweep,1fea266645bd,1,Glmtrans_DR_CrossFit,OracleTargetTreated,1931019034,100,100,20000,10,0.1,50,1.3697401729457173,4.236660032340502,0.1738134958176012,0.1738134958176012,0.9805340725340727,0.8806046046046045,0.9824223676720589,0.9866473904860208,0.9915226530621005,0.989760085495491,15.932982884739944,13.76385258300652,0.9480227977096705,0.04639623971871103,0.9652060482900022,0.3295444048937024,0.8207370607959614,3.9905693066596672,0.04331867407146728,1.4871636927389214,0.023535711098058743,,,,,26.598575830459595
gold_fair_dim_sweep,1fea266645bd,1,Glmtrans_OptionB,FeasibleRestricted,1931019034,100,100,20000,10,0.1,50,4.949027102945926,0.351612908347417,3.711233628175484,-3.711233628175484,0.8761173721173722,0.6928408408408409,0.8851921972341399,0.9134481355271956,0.9181029084963005,0.909830080329849,14.750916740663722,12.744674112635884,1.0948941546230144,3.677867618483317,0.7870143080651313,3.711233628175485,4.441982241162453,3.3757616322885857,0.6581263484425488,1.2833279986647943,0.2273714051721858,,,,,15.944225788116455
gold_fair_dim_sweep,1fea266645bd,1,AnchorOnly,OracleTargetTreated,1931019034,100,100,20000,10,0.1,50,5.843919931840119,4.329072916615287,0.26622638009238564,0.26622638009238564,0.565909057909058,0.3943863863863864,0.5787374420672718,0.6998511100890117,0.7165856034826553,0.7283849343712347,11.301621903060678,9.94730536814301,1.410306582905693,-2.042473495658387,0.332183287804779,1.1015879194426295,2.1168315683102747,3.020987916814357,1.0129000639167773,0.7238542497662195,0.7868451540707606,0.007395067977418571,19.0,,,10.652990579605103
gold_fair_dim_sweep,1fea266645bd,1,AnchorPlugin,FeasibleRestricted,1931019034,100,100,20000,10,0.1,50,5.247501641536517,1.339140822527981,2.72370571399492,-2.72370571399492,0.7743596343596344,0.5786626626626626,0.7863071657179016,0.8571645932373747,0.8468992574333315,0.851800400487277,13.84201582566256,11.756258413230618,1.2949992547415197,2.328660169355219,0.6214389287899367,2.723705713994921,5.2238802535171125,3.415596063770646,0.6182919169604886,1.0856448587837408,0.42505454505323925,0.0383018165574547,45.0,,,5.419518709182739
gold_fair_dim_sweep,1fea266645bd,1,IPWTransport,FeasibleRestricted,1931019034,100,100,20000,10,0.1,50,6.21896485298333,-0.5466337377687563,4.609480274291657,-4.609480274291657,0.7825254745254745,0.5874154154154154,0.7974764751024043,0.8742458635472564,0.837743353421918,0.8691980952785704,14.117854580339547,11.629160446595094,1.0075192282398653,4.613590538129551,0.644146944844596,4.609480274291658,5.320434337036712,2.768690423084444,1.2651975576466907,1.0602252654566362,0.4504741383803439,,,,,0.28349852561950684
gold_fair_dim_sweep,1fea266645bd,1,EntropyBalancing,FeasibleRestricted,1931019034,100,100,20000,10,0.1,50,6.451987439936116,-0.20130918269838957,4.264155719221291,-4.264155719221291,0.7052703212703214,0.5143743743743744,0.7237277416017913,0.788640166378868,0.7903400845761712,0.8102037628456278,12.735441652506958,10.971130494046324,0.8732008380915527,4.238629883570661,0.5324722458510833,4.264155719221291,5.125114530073363,2.6859184218202774,1.3479695589108571,0.9286192749468819,0.5820801288900982,,,,,1.3662629127502441
gold_fair_dim_sweep,1fea266645bd,1,OutcomeModelTransport,FeasibleRestricted,1931019034,100,100,20000,10,0.1,50,4.944000002802608,0.352514315500709,3.7103322210221923,-3.7103322210221923,0.8763197163197164,0.6930530530530531,0.885379820019056,0.9177347136265022,0.9165586107558458,0.9089721760028049,14.820139014141494,12.723236895464652,1.0894299717248614,3.678806875754355,0.7872866832696173,3.7103322210221936,4.402851433886552,3.3748532026393754,0.6590347780917591,1.2790405552305477,0.23165884860643238,,,,,0.04953122138977051
gold_fair_dim_sweep,1fea266645bd,2,TargetOnlyDR,OracleTargetTreated,396573473,100,100,20000,10,0.1,50,4.666586360980253,-1.643080949152833,0.4849556980967049,-0.4849556980967049,0.5578196338196338,0.3912992992992993,0.5797242273748496,0.5175932758494464,0.503238175530289,0.4759764299195971,4.52973492403648,3.34772055517364,1.574439362222556,1.4288060706080894,0.3272720837989702,1.1494727129053683,2.400500676234898,0.6795898723839604,1.0240836403932516,0.6970400497921577,0.6609275097424389,0.0,0.0,,,18.49462890625
gold_fair_dim_sweep,1fea266645bd,2,ProxyOnly,FeasibleRestricted,396573473,100,100,20000,10,0.1,50,5.434496459799322,0.23315050266930995,1.391275753725438,1.391275753725438,0.28701683901683905,0.1908908908908909,0.3055232306238694,0.12830371418180267,0.12462734367672512,0.10806889501900609,1.1228542605371015,0.8290657196736274,0.8112553986778818,-1.3472698550510684,0.08703947587197769,1.3912757537254383,2.631399561240578,0.13320088711558242,1.5704726256616297,0.19330908269215502,1.1646584768424415,0.0,0.0,,,14.817798852920532
gold_fair_dim_sweep,1fea266645bd,2,Glmtrans_Auto,OracleTargetTreated,396573473,100,100,20000,10,0.1,50,0.7121742964387191,-1.3370459250590565,0.17892067400292833,-0.17892067400292833,0.9908881988881989,0.9192472472472474,0.9918656817764525,0.9948921938124742,0.9911297437547616,0.9922215164389141,8.70683242275056,6.593349982869279,1.0090347536928228,0.19100055461182922,0.9842785864328002,0.17892067400292871,0.3250294442991333,1.689061441355531,0.014612071421681083,1.3461659353312856,0.01180162420331099,,,,,24.971168756484985
gold_fair_dim_sweep,1fea266645bd,2,Glmtrans_DR_CrossFit,OracleTargetTreated,396573473,100,100,20000,10,0.1,50,1.2900536435522656,-1.4526131487777199,0.2944878977215917,-0.2944878977215917,0.9793585753585755,0.8768608608608609,0.9813105346098567,0.9806742236164688,0.9797256000061927,0.9780752742268055,8.582403379424873,6.5174855347856075,0.8868005057645664,0.13005282396021284,0.9632410058023598,0.6099898366223624,1.5405859176686203,1.662525039117627,0.04114847365958507,1.3309930457145513,0.02697451382004523,,,,,26.88748860359192
gold_fair_dim_sweep,1fea266645bd,2,Glmtrans_OptionB,FeasibleRestricted,396573473,100,100,20000,10,0.1,50,2.2436955350787544,-0.23681696079713746,0.9213082902589907,0.9213082902589907,0.9211235491235491,0.7578978978978979,0.9279221949466783,0.9258375450827906,0.9152470001245032,0.9151270877545994,8.102498346917427,6.088550798335438,1.059581171762923,-0.907198458241363,0.8635619576977132,0.9213082902589905,1.4114909851101203,1.5097703478794615,0.1939031648977505,1.2452060984245172,0.11276146111007934,,,,,15.47795581817627
gold_fair_dim_sweep,1fea266645bd,2,AnchorOnly,OracleTargetTreated,396573473,100,100,20000,10,0.1,50,4.759689036776753,-1.6460684453898418,0.4879431943337136,-0.4879431943337136,0.5327739047739047,0.3707227227227228,0.5552967065607638,0.46028759910059336,0.43668788252104196,0.46989968404427224,4.0282223707893055,2.905004174157599,1.5939961083316616,1.465701444942828,0.29568098868821613,1.1197556994002027,2.2718400619269428,0.5362097225298751,1.167463790247337,0.6084967735889494,0.7494707859456472,0.0061706990443669354,22.0,,,11.868676662445068
gold_fair_dim_sweep,1fea266645bd,2,AnchorPlugin,FeasibleRestricted,396573473,100,100,20000,10,0.1,50,4.1021902990658825,-0.005671697253098287,1.1524535538030298,1.1524535538030298,0.6829169869169869,0.49342942942942947,0.7019655527292873,0.6464276653682526,0.6265048581840097,0.6150975732506044,5.657233407594842,4.167734670464243,1.0743183959508855,-1.1520320423608605,0.4869417247223189,1.1524535538030303,1.872742831589287,0.9780999674325499,0.7255735453446621,0.8610428728502781,0.49692468668431844,0.02196332485686089,47.0,,,4.595582962036133
gold_fair_dim_sweep,1fea266645bd,2,IPWTransport,FeasibleRestricted,396573473,100,100,20000,10,0.1,50,2.4689276548609684,-0.44589563890527756,0.7122296121508507,0.7122296121508507,0.8925946965946967,0.715951951951952,0.901449116274332,0.8847614889100847,0.8781250442744112,0.8770886470663117,7.743019862808776,5.841602254503987,1.0168414532685797,-0.704720081585564,0.8144042574509105,0.7122296121508508,0.9376114927247663,1.4471266786734691,0.2565468341037429,1.1958163896582266,0.16215116987637002,,,,,0.8177456855773926
gold_fair_dim_sweep,1fea266645bd,2,EntropyBalancing,FeasibleRestricted,396573473,100,100,20000,10,0.1,50,2.489212684905693,-0.43547944546850353,0.7226458055876246,0.7226458055876246,0.8908976668976671,0.7134174174174174,0.8999860334601488,0.8877487370541982,0.8825935954102575,0.8651194544753564,7.769162865194089,5.871328656865162,1.0339967834403334,-0.707840905187316,0.8122115677933563,0.7226458055876249,1.033438907266385,1.4378872851209883,0.26578622765622373,1.2017616701304619,0.1562058894041347,,,,,2.289393663406372
gold_fair_dim_sweep,1fea266645bd,2,OutcomeModelTransport,FeasibleRestricted,396573473,100,100,20000,10,0.1,50,2.4709398500279067,-0.5180853359674187,0.6400399150887095,0.6400399150887095,0.8907751587751588,0.7134934934934936,0.8996353733507486,0.8784211614447333,0.8697054736133085,0.8750151447749379,7.687532274214244,5.785592255385361,1.0031920716530922,-0.6383861495738844,0.8106125564878635,0.6400399150887097,0.8264843463683191,1.4500470998188966,0.25362641295831545,1.1846143898345016,0.17335316970009496,,,,,0.07697844505310059
gold_fair_dim_sweep,1fea266645bd,3,TargetOnlyDR,OracleTargetTreated,577974997,100,100,20000,10,0.1,50,4.922191361976375,0.8266120203595728,0.15203100518716417,-0.15203100518716417,0.5482380082380082,0.3853173173173174,0.5671919256929185,0.586706043872699,0.5768686035772015,0.5852281731860086,6.5160810411147665,5.2229309407037725,1.3501881002125895,-0.13743868783544466,0.3257995203576747,0.7168411247411927,2.0900291749774222,2.5431235947771293,0.9331903862811286,1.636395948113496,0.7662008466592058,0.0,0.0,,,22.345093727111816
gold_fair_dim_sweep,1fea266645bd,3,ProxyOnly,FeasibleRestricted,577974997,100,100,20000,10,0.1,50,5.787763105984025,-1.7145341624156891,2.693177187962426,-2.693177187962426,0.5011044451044451,0.34330730730730735,0.5131385513503874,0.5342897305014882,0.5756608520911648,0.572384532428547,5.933934411861046,5.211996037042894,1.1923614591462806,3.0229874812008544,0.2517626375687756,2.6931771879624264,3.588557154300162,1.823693654334643,1.652620326723615,1.6342089673813203,0.7683878273913816,0.0,0.0,,,13.18554401397705
gold_fair_dim_sweep,1fea266645bd,3,Glmtrans_Auto,OracleTargetTreated,577974997,100,100,20000,10,0.1,50,0.8903514577564628,1.1502665420982043,0.17162351655146735,0.17162351655146735,0.9881885681885683,0.9076436436436437,0.9893957931438627,0.9897320189648171,0.9878854561342317,0.9859943318236672,10.992172505998933,8.94425087917656,1.0218093413935365,-0.19671007226164988,0.9784945581183667,0.20354633021185467,0.49350058812146536,3.455307805173663,0.021006175884594747,2.380659935808053,0.02193685896464892,,,,,19.74240803718567
gold_fair_dim_sweep,1fea266645bd,3,Glmtrans_DR_CrossFit,OracleTargetTreated,577974997,100,100,20000,10,0.1,50,0.9624055137852783,1.13979303036073,0.161150004813993,0.161150004813993,0.9857694377694378,0.8983823823823824,0.9872268968494067,0.9916814052723446,0.9851201875243064,0.9871715185805653,11.013822801394637,8.919214316443599,1.0197503628360494,-0.18366133072161703,0.974474759700416,0.18634576913269324,0.523528383848392,3.4525310489118946,0.0237829321463634,2.3756526232614616,0.026944171511240178,,,,,28.459282159805298
gold_fair_dim_sweep,1fea266645bd,3,Glmtrans_OptionB,FeasibleRestricted,577974997,100,100,20000,10,0.1,50,2.850807739866915,0.3677815783909461,0.6108614471557909,-0.6108614471557909,0.8729129849129849,0.6903583583583583,0.8836967876364868,0.8847873836495883,0.8874430803247519,0.8977030071553319,9.826635256662808,8.034852119875003,0.907109424758594,0.6450248895357179,0.7852353481636871,0.7422493850303417,1.556061415331321,3.201965156069374,0.27434882498888413,2.1987801839477417,0.20381661082496016,,,,,16.66008710861206
gold_fair_dim_sweep,1fea266645bd,3,AnchorOnly,OracleTargetTreated,577974997,100,100,20000,10,0.1,50,4.9227446244176845,0.9871342785523398,0.008491253005602828,0.008491253005602828,0.5771429051429052,0.4104504504504504,0.5947896298720649,0.562136439861302,0.6351948447363275,0.6379297778958272,6.243205838006925,5.751012947101579,1.5881788250725248,-0.5891027331533331,0.35123918205818905,0.9672182033822806,3.541268408526176,2.5058302802757053,0.9704837007825526,1.7420123493930573,0.6605844453796446,0.0030723425394909324,21.0,,,12.366692543029785
gold_fair_dim_sweep,1fea266645bd,3,AnchorPlugin,FeasibleRestricted,577974997,100,100,20000,10,0.1,50,4.276568719704063,-1.0033475062740207,1.9819905318207578,-1.9819905318207578,0.7496732096732096,0.5533253253253253,0.7663125894437164,0.7702344211610899,0.7808518350514057,0.8021523447698584,8.554385899646137,7.069781895054214,0.9871389488440343,1.9690864282153568,0.5870932612345093,1.9819905318207578,2.622047177295173,2.754878727658995,0.721435253399263,2.005766138983584,0.3968306557891177,0.009187927235560025,48.0,,,7.055697679519653
gold_fair_dim_sweep,1fea266645bd,3,IPWTransport,FeasibleRestricted,577974997,100,100,20000,10,0.1,50,2.758153573221554,0.5225092731725212,0.45613375237421583,-0.45613375237421583,0.877954201954202,0.69604004004004,0.8882907284265901,0.9091244981539384,0.8871924934193917,0.8972006278592342,10.096928382280657,8.032583322278418,0.921672563009351,0.4970605645456663,0.7929259133483229,0.6200661811674159,1.2057889714392154,3.220010006055429,0.2563039750028291,2.1983264244284246,0.2042703703442772,,,,,0.4084587097167969
gold_fair_dim_sweep,1fea266645bd,3,EntropyBalancing,FeasibleRestricted,577974997,100,100,20000,10,0.1,50,2.8783293954719213,0.6059256413180378,0.37271738422869916,-0.37271738422869916,0.8662873222873223,0.6812812812812813,0.8776669203758818,0.8969060497187691,0.8739448935913883,0.8921755995552372,9.961227717472916,7.912640412224585,0.9047817331098698,0.43041257365929314,0.7743056644785027,0.6438922892414696,1.2204794977269398,3.173982703813492,0.30233127724476594,2.1743378424176583,0.22825895235504357,,,,,1.8231511116027832
gold_fair_dim_sweep,1fea266645bd,3,OutcomeModelTransport,FeasibleRestricted,577974997,100,100,20000,10,0.1,50,2.6605948576675895,0.5783428466567156,0.40030017889002134,-0.40030017889002134,0.8856863616863617,0.705977977977978,0.8954448049835657,0.9059656438582849,0.8982235310453198,0.9031194525912446,10.06184548037004,8.132457621845525,0.9314237133708241,0.43996078371228553,0.8053932795468597,0.5402512841190221,1.0348785543767178,3.2401187568394243,0.23619522421883365,2.2183012843418455,0.18429551043085635,,,,,0.11269044876098633
gold_fair_dim_sweep,1fea266645bd,4,TargetOnlyDR,OracleTargetTreated,574093586,100,100,20000,10,0.1,50,7.3382813506584545,-0.4232954694388662,0.3378137308315276,-0.3378137308315276,0.4395691875691876,0.30152952952952955,0.44711326575841626,0.47302648105564693,0.5420697260157776,0.5086735141173117,6.753524604300217,6.132843935892481,0.917027607345547,0.3026918929323954,0.18540391442175685,1.283211372711824,2.1284503870448894,1.8369799727701581,1.9115700881399973,1.7723447144086029,1.036182162212829,0.0,0.0,,,21.629043579101562
gold_fair_dim_sweep,1fea266645bd,4,ProxyOnly,FeasibleRestricted,574093586,100,100,20000,10,0.1,50,7.732751780529063,-0.31008934174560143,0.22460760313826283,-0.22460760313826283,0.31127277527277525,0.21044644644644647,0.3282125530654205,0.34079281577100246,0.3045157375478219,0.28090541377092226,4.865589472162048,3.445216371204668,1.5725470754071806,0.4021483488696449,0.10678427279614,0.8945957767517325,2.4338322596835185,1.4622104383248538,2.2863396225853014,1.2348192014710402,1.5737076751503918,0.0,0.0,,,13.337684154510498
gold_fair_dim_sweep,1fea266645bd,4,Glmtrans_Auto,OracleTargetTreated,574093586,100,100,20000,10,0.1,50,0.9037243924054156,-0.04966240733098263,0.03581933127635597,0.03581933127635597,0.9934127494127494,0.9330130130130131,0.9940886521974862,0.9951941712664781,0.9885802204699039,0.9934907825664756,14.208651293062927,11.184554162088803,1.022912958601625,-0.03468141859312443,0.9881114497926,0.16134190429874193,0.4286474075714075,3.7314070254948146,0.01714303541534079,2.7826867596478673,0.025840116973564697,,,,,21.566211462020874
gold_fair_dim_sweep,1fea266645bd,4,Glmtrans_DR_CrossFit,OracleTargetTreated,574093586,100,100,20000,10,0.1,50,2.620105336470362,-0.38500608998791586,0.29952435138057726,-0.29952435138057726,0.9425403905403906,0.7956276276276277,0.9477537178976327,0.958084448463463,0.9430342222388859,0.9523630426294982,13.678825932229818,10.669257908397745,0.9534938753133569,0.28161921015448216,0.8992410203282359,0.45182233905419594,0.9537027523567119,3.5645396919715218,0.18401036893863365,2.679627508909656,0.1288993677117758,,,,,28.615842819213867
gold_fair_dim_sweep,1fea266645bd,4,Glmtrans_OptionB,FeasibleRestricted,574093586,100,100,20000,10,0.1,50,4.742516478080092,-1.4326746088965143,1.3471928702891758,-1.3471928702891758,0.8418310578310579,0.651971971971972,0.8536397339868318,0.8871178154746606,0.852967182478793,0.8393703441159659,12.665616479548378,9.650261509767663,1.3473720663100925,1.844864009531562,0.7348194591525481,1.790211426563725,4.883695904422103,3.1197222460522873,0.6288278148578681,2.4758282291836395,0.3326986474377924,,,,,15.51449728012085
gold_fair_dim_sweep,1fea266645bd,4,AnchorOnly,OracleTargetTreated,574093586,100,100,20000,10,0.1,50,7.376469684454353,-0.5551449046923069,0.46966316608496833,-0.46966316608496833,0.4324791004791005,0.2982062062062062,0.45414323476022256,0.3817895263718313,0.47324873598007233,0.4572052622284049,5.450910389333917,5.354220133185766,1.0110988244064196,0.47582462190226726,0.17699006669770267,0.7739538130051526,2.8750422104931017,2.005570950525656,1.7429791103844994,1.6166199538672599,1.191906922754172,0.002444948565711085,24.0,,,11.646501064300537
gold_fair_dim_sweep,1fea266645bd,4,AnchorPlugin,FeasibleRestricted,574093586,100,100,20000,10,0.1,50,7.665981978020252,-0.47317136542502364,0.38768962681768504,-0.38768962681768504,0.3448553728553729,0.23526726726726727,0.360927044954234,0.3238548353623173,0.30247144904029766,0.3201789510368928,4.6237614307764465,3.4220877923985165,0.7601529881416947,0.27420088872357923,0.12189609579727201,0.9598583169571202,2.020790655484449,1.6840615950946325,2.064488465815523,1.23019348570981,1.578333390911622,0.004847367975280887,50.0,,,6.825589418411255
gold_fair_dim_sweep,1fea266645bd,4,IPWTransport,FeasibleRestricted,574093586,100,100,20000,10,0.1,50,7.949029837477595,-2.2326409730353345,2.147159234427996,-2.147159234427996,0.362932862932863,0.24842042042042045,0.38517092699557054,0.3819396699588717,0.35010014250552524,0.36096093661474854,5.453054029171992,3.9609471491820774,0.6595722718538811,1.3871063402116368,0.1504501462376927,2.306275064215233,5.016764677129201,1.5511412837036465,2.197408777206509,1.337965357066522,1.47056151955491,,,,,0.30374860763549805
gold_fair_dim_sweep,1fea266645bd,4,EntropyBalancing,FeasibleRestricted,574093586,100,100,20000,10,0.1,50,7.983507131093571,-2.1585927340286015,2.073110995421263,-2.073110995421263,0.3493447213447214,0.2383583583583584,0.3707914547378078,0.34052709338787873,0.33172161173346615,0.35411022737304043,4.86179568317938,3.7530169594176055,0.6443330752464564,1.3053709559139663,0.13991331944665397,2.3064730778597164,4.7882617040514,1.5422022756904716,2.206347785219684,1.296379319113628,1.512147557507804,,,,,1.7394003868103027
gold_fair_dim_sweep,1fea266645bd,4,OutcomeModelTransport,FeasibleRestricted,574093586,100,100,20000,10,0.1,50,7.921802201037169,-2.1403449772950456,2.054863238687707,-2.054863238687707,0.3665439905439905,0.25099899899899897,0.3885851440006286,0.36595532109299855,0.3761543018399163,0.3733554615154859,5.224841238402899,4.255717518029509,0.6559081788633783,1.3183880375896333,0.15320802933418343,2.231921551376663,5.019532132434829,1.6162521581804732,2.1322979027296824,1.3969194308360084,1.4116074457854235,,,,,0.15889239311218262
gold_fair_dim_sweep,493be6e60c4f,1,TargetOnlyDR,OracleTargetTreated,713173113,200,200,20000,10,0.1,10,0.7493460815494689,0.9308829315190092,0.10554279102764652,-0.10554279102764652,0.8803534603534604,0.6996596596596597,0.886928014725147,0.9193259286016313,0.939860749716886,0.9410666777488591,3.4393021407137785,2.993420332232708,1.2061629183272469,-0.08637075075533492,0.7820556455869324,0.19108536445632146,0.5223424448632077,0.8699721572302511,0.06003627511256138,0.2781716663583045,0.03830823972954145,0.0,0.0,,,17.29841136932373
gold_fair_dim_sweep,493be6e60c4f,1,ProxyOnly,FeasibleRestricted,713173113,200,200,20000,10,0.1,10,1.2147534058339042,0.6373761914050073,0.39904953114164843,-0.39904953114164843,0.716907428907429,0.5266066066066066,0.7348365478826692,0.8508036326292189,0.855656441082446,0.8417594329839159,3.1829524915931313,2.725232848497635,0.6870291270754822,0.5985297141469783,0.535128486211975,0.5049078672118356,1.2881537945998378,0.740676628536435,0.18933180380637749,0.22453416961128983,0.0919457364765561,0.0,0.0,,,7.26897120475769
gold_fair_dim_sweep,493be6e60c4f,1,Glmtrans_Auto,OracleTargetTreated,713173113,200,200,20000,10,0.1,10,0.25158908022443105,1.0064331170533973,0.02999260549325844,-0.02999260549325844,0.9858926898926899,0.902986986986987,0.9870664599924889,0.9957154274473459,0.9900945245244008,0.9892712053198449,3.725083884417828,3.1534129725455524,0.9636559519594271,0.06657045904907023,0.9740865295351042,0.054180564316706765,0.1526385415713889,0.9249553983808678,0.005053033961944675,0.31017019442087335,0.006309711666972584,,,,,10.492855072021484
gold_fair_dim_sweep,493be6e60c4f,1,Glmtrans_DR_CrossFit,OracleTargetTreated,713173113,200,200,20000,10,0.1,10,0.28111697111148026,0.9689242391176819,0.06750148342897389,-0.06750148342897389,0.9824377784377787,0.890846846846847,0.9838527938459878,0.9928254029480124,0.9873184276924407,0.9875974773638027,3.714271976325132,3.1445712109297603,0.9855051289959504,0.08154591528768225,0.9676284437666635,0.07025987245597433,0.15881819803617314,0.923751041610135,0.0062573907326775036,0.308401842097715,0.008078063990130946,,,,,14.535023927688599
gold_fair_dim_sweep,493be6e60c4f,1,Glmtrans_OptionB,FeasibleRestricted,713173113,200,200,20000,10,0.1,10,1.006344297660479,0.26033173797849757,0.7760939845681583,-0.7760939845681583,0.9065690105690107,0.7351351351351352,0.912809720669769,0.9398291439599514,0.9419970907147824,0.9390664114032954,3.5160069852955553,3.0002244961278506,0.907019486354313,0.8002997632836734,0.8291596912794452,0.7760939845681581,1.1334171842261171,0.8198825345945967,0.1101258977482158,0.279532499137333,0.03694740695051291,,,,,12.500987529754639
gold_fair_dim_sweep,493be6e60c4f,1,AnchorOnly,OracleTargetTreated,713173113,200,200,20000,10,0.1,10,0.7942839818149457,0.9176223123896114,0.11880341015704432,-0.11880341015704432,0.8578634338634339,0.6737417417417417,0.8654417347799064,0.9170240767203348,0.9412941830212567,0.9450861016894225,3.4306906528217844,2.997985762164211,1.1161955962825336,0.012179738406775826,0.7381601289231742,0.18577787039071883,0.4336743361425137,0.8524748603239953,0.07753357201881717,0.27908475234460517,0.03739515374324076,0.00024233502277144515,5.0,,,11.684876203536987
gold_fair_dim_sweep,493be6e60c4f,1,AnchorPlugin,FeasibleRestricted,713173113,200,200,20000,10,0.1,10,1.1239381119092804,0.4469975184984419,0.5894282040482139,-0.5894282040482139,0.8507763707763708,0.6625865865865866,0.8603928832272528,0.9185895934967103,0.9175639802089457,0.9204033007670994,3.436547427914054,2.9224059790870105,0.6982455581406946,0.7243116907552059,0.7369697776607465,0.628097762193673,1.612872400446002,0.8008523432725215,0.12915608907029097,0.263968795729165,0.052511110358680946,0.0050534892190017685,10.0,,,3.572981119155884
gold_fair_dim_sweep,493be6e60c4f,1,IPWTransport,FeasibleRestricted,713173113,200,200,20000,10,0.1,10,1.0220899408262747,0.2578749760463659,0.7785507465002899,-0.7785507465002899,0.9018010578010579,0.7282602602602604,0.9082540074759035,0.9398291439599515,0.9400041895068276,0.9375587641256699,3.5160069852955558,2.9938771824456696,0.8914966346894222,0.8065310492307056,0.820295033323073,0.7785507465002899,1.1669286487466097,0.8160209380769265,0.11398749426588595,0.2782630364008968,0.03821686968694915,,,,,0.6563282012939453
gold_fair_dim_sweep,493be6e60c4f,1,EntropyBalancing,FeasibleRestricted,713173113,200,200,20000,10,0.1,10,1.0265727561683702,0.2565597809602075,0.7798659415864483,-0.7798659415864483,0.9001409161409163,0.7257937937937938,0.9066349842785337,0.9375133105713047,0.9406345329177664,0.9354563415083514,3.507343191005293,2.9958848019607536,0.8897650281371314,0.8081478018217404,0.8175718295762052,0.7798659415864483,1.1659918063409584,0.8155667537914244,0.11444167855138809,0.2786645603039135,0.03781534578393242,,,,,0.8811914920806885
gold_fair_dim_sweep,493be6e60c4f,1,OutcomeModelTransport,FeasibleRestricted,713173113,200,200,20000,10,0.1,10,1.0062275575458546,0.2633875078452821,0.7730382147013737,-0.7730382147013737,0.9061962181962183,0.7346066066066066,0.9124523684845812,0.9430100392768271,0.9420846747681492,0.9389118972325523,3.5279070739717855,3.0005034479685424,0.9012182247899191,0.7990561002944898,0.8284309249075466,0.7730382147013738,1.1463545671001794,0.821001672488008,0.10900675985480446,0.27958828950547127,0.036891616582374664,,,,,0.024072885513305664
gold_fair_dim_sweep,493be6e60c4f,2,TargetOnlyDR,OracleTargetTreated,752893815,200,200,20000,10,0.1,10,1.9024635331415187,1.0444539197609888,0.04427652388678838,0.04427652388678838,0.8791685911685911,0.6964844844844845,0.8909878125996457,0.9437824509415103,0.9120209880276788,0.9195268431526505,7.075074872341832,5.5118473790574445,1.3685060338617485,-0.4291640954092669,0.780753499412746,0.7328939831571932,1.802456430179487,1.8572110918192217,0.183439308391667,1.1741675264115197,0.10634116822254192,0.0,0.0,,,19.169476747512817
gold_fair_dim_sweep,493be6e60c4f,2,ProxyOnly,FeasibleRestricted,752893815,200,200,20000,10,0.1,10,2.9076684001410595,0.32385998459670534,0.676317411277495,-0.676317411277495,0.5788566748566749,0.4116516516516517,0.6131740875827103,0.6928788828513154,0.6356087947842916,0.6814679178835036,5.194173687746846,3.841335578487076,1.127064848262025,0.6351661914765734,0.3951721928767771,0.758161407149402,1.4001500850827862,1.4981001240872205,0.5425502761236682,0.840065166297446,0.4404435283366156,0.0,0.0,,,5.475646018981934
gold_fair_dim_sweep,493be6e60c4f,2,Glmtrans_Auto,OracleTargetTreated,752893815,200,200,20000,10,0.1,10,0.6663312856306622,1.06998396612158,0.06980657024737957,0.06980657024737957,0.9835240315240316,0.9092052052052052,0.9858158849052344,0.9882570212570112,0.9913491214980829,0.9896344116755719,7.408478947172316,5.991271175542592,1.0674697309997503,-0.1419981006156484,0.9703895720706203,0.20279806381281654,0.5429531001785479,2.022092028248394,0.018558371962494657,1.2700522857085494,0.01045640892551214,,,,,10.205260992050171
gold_fair_dim_sweep,493be6e60c4f,2,Glmtrans_DR_CrossFit,OracleTargetTreated,752893815,200,200,20000,10,0.1,10,0.6170905998534988,1.0728700038589405,0.07269260798474009,0.07269260798474009,0.9850464970464969,0.9157557557557557,0.9870211829925122,0.989610548383235,0.9915172242755321,0.9900351146211716,7.418625677226712,5.992287113624565,1.038174463088153,-0.1136488443454404,0.9726787514067134,0.14603622220864274,0.3635360403317254,2.020784077100116,0.019866323110772743,1.2702554733249436,0.010253221309117988,,,,,14.8232901096344
gold_fair_dim_sweep,493be6e60c4f,2,Glmtrans_OptionB,FeasibleRestricted,752893815,200,200,20000,10,0.1,10,1.1739641715624662,0.9796738441070764,0.02050355176712404,-0.02050355176712404,0.9625320265320265,0.8424864864864865,0.9674051359398507,0.9710599417333975,0.9687425385231601,0.9717507180445177,7.279560863249685,5.854647088207454,1.2704709824696543,-0.24446979534834057,0.9374189518008463,0.5594983332434614,1.503508595508813,2.0005305936090534,0.04011980660183534,1.2427274682415217,0.03778122639253989,,,,,12.348762273788452
gold_fair_dim_sweep,493be6e60c4f,2,AnchorOnly,OracleTargetTreated,752893815,200,200,20000,10,0.1,10,1.880218197379389,1.0161560882191962,0.015978692344995826,0.015978692344995826,0.8606880206880209,0.6770930930930932,0.8752624279488854,0.8864077388372043,0.8540161586739413,0.8624548204212374,6.644964751612135,5.161292105831244,1.2180093740743485,-0.23751024509950103,0.754603326105565,0.6406847118381669,1.1372692390218346,1.849488275522039,0.19116212468884974,1.1040564717662797,0.17645222286778184,0.0003740387073786001,5.0,,,13.092705965042114
gold_fair_dim_sweep,493be6e60c4f,2,AnchorPlugin,FeasibleRestricted,752893815,200,200,20000,10,0.1,10,2.013929599502967,0.6525378688207186,0.3476395270534818,-0.3476395270534818,0.8276753636753637,0.6380620620620621,0.8437972292535678,0.8731739958680066,0.8795118155639974,0.8796081007006316,6.5457578610252245,5.3153764651294955,1.1738928204202095,0.23416787661325347,0.7156208581350274,0.4443933444616292,1.419189834065171,1.8283283435355102,0.2123220566753785,1.1348733436259297,0.14563535100813185,0.0007662093263788978,10.0,,,4.503244400024414
gold_fair_dim_sweep,493be6e60c4f,2,IPWTransport,FeasibleRestricted,752893815,200,200,20000,10,0.1,10,2.158485475829813,1.154168278430423,0.15399088255622262,0.15399088255622262,0.8199499719499719,0.6325085085085085,0.838880572338658,0.8361417997603278,0.848356359217992,0.8684199315772624,6.268145621162427,5.127086806603724,1.4165045700527017,-0.6347072451323523,0.7077008155670934,0.6998202507947182,1.9435284995884183,1.8185410181005073,0.22210938211038145,1.0972154119207755,0.18329328271328604,,,,,0.4144926071166992
gold_fair_dim_sweep,493be6e60c4f,2,EntropyBalancing,FeasibleRestricted,752893815,200,200,20000,10,0.1,10,2.134322557751038,1.136445004401084,0.1362676085268837,0.1362676085268837,0.8216740496740497,0.6342182182182182,0.8405705358807471,0.8375678936265334,0.8506461586298091,0.8693138592873226,6.278836348531141,5.1409253312125545,1.3930099584242868,-0.5829018124580424,0.7105938011927084,0.6727916744012666,1.8223460472356972,1.8210686378751577,0.219581762335731,1.0999831168425416,0.18052557779152,,,,,0.8769872188568115
gold_fair_dim_sweep,493be6e60c4f,2,OutcomeModelTransport,FeasibleRestricted,752893815,200,200,20000,10,0.1,10,2.191302922376815,1.1296320669044106,0.12945467103021024,0.12945467103021024,0.8138917898917899,0.6261861861861863,0.8330827747970161,0.8360980637902834,0.8482134254557547,0.8608328771972029,6.267817754012143,5.126222978804684,1.4312195847658427,-0.6165741418589118,0.698508174794445,0.7117365572453596,1.9063422244743968,1.8263552642237637,0.21429513598712502,1.0970426463609677,0.18346604827309387,,,,,0.054546356201171875
gold_fair_dim_sweep,493be6e60c4f,0,TargetOnlyDR,OracleTargetTreated,1663953001,200,200,20000,10,0.1,10,1.9033236065072234,1.0340438637394074,0.16973689074454867,-0.16973689074454867,0.8780991140991141,0.6954674674674676,0.8829655094179021,0.8877845050131585,0.905483782376462,0.9135330006409053,6.8534696638984425,5.786883477256415,1.2443063819136821,-0.0828866243456711,0.771867039690618,0.6060744952147115,1.1617743280198907,1.7832407914684347,0.152847147305601,0.9113923107555583,0.12080930630539444,0.0,0.0,,,17.879096031188965
gold_fair_dim_sweep,493be6e60c4f,0,ProxyOnly,FeasibleRestricted,1663953001,200,200,20000,10,0.1,10,3.6376445136242235,-0.47451050210582096,1.678291256589777,-1.678291256589777,0.4992804192804194,0.3481641641641642,0.5199628137338312,0.5961449266816764,0.6000065267001569,0.634498316306468,4.602086595597063,3.834599716953922,0.8038914298264127,1.5852356804894536,0.2685606558712508,1.6782912565897774,2.3392047131554565,0.9552127190332508,0.980875219740785,0.5209355586950598,0.5112660583658929,0.0,0.0,,,6.916504859924316
gold_fair_dim_sweep,493be6e60c4f,0,Glmtrans_Auto,OracleTargetTreated,1663953001,200,200,20000,10,0.1,10,0.5603746082819405,1.198981962991519,0.0047987914924370045,-0.0047987914924370045,0.9888659928659931,0.918118118118118,0.9892967442626811,0.9846926785214934,0.9865352608381791,0.9924927291270894,7.601576015803443,6.304877803213664,1.0049663265885171,-0.0011557445095208589,0.9774919474349749,0.03128895453320541,0.0750795985491175,1.9267281020718032,0.009359836702232505,1.0149911759470083,0.01721044111394443,,,,,11.202375173568726
gold_fair_dim_sweep,493be6e60c4f,0,Glmtrans_DR_CrossFit,OracleTargetTreated,1663953001,200,200,20000,10,0.1,10,0.5629455431258342,1.2079884197727273,0.004207665288771256,0.004207665288771256,0.9887526647526647,0.9172492492492493,0.9891871550066964,0.9860307635679253,0.9864903741674366,0.9904781054300538,7.611905690653198,6.30459093564262,1.0035944935767647,-0.008549771904451066,0.977272993031097,0.033435105154883224,0.06120830939688243,1.9216649893630742,0.01442294941096156,1.0149338024327994,0.0172678146281533,,,,,15.046684503555298
gold_fair_dim_sweep,493be6e60c4f,0,Glmtrans_OptionB,FeasibleRestricted,1663953001,200,200,20000,10,0.1,10,3.5299174363198196,0.23666507074466459,0.9671156837392915,-0.9671156837392915,0.392948060948061,0.2691091091091091,0.4082411754515947,0.47394797563848134,0.4944192563998718,0.5182216588927785,3.6587573391543553,3.1597988626463076,0.9788695949153823,0.9721165125535066,0.1730638444431405,0.9671156837392918,1.330929121394267,1.0593264784252974,0.8767614603487384,0.3859753878335369,0.6462262292274158,,,,,13.463306188583374
gold_fair_dim_sweep,493be6e60c4f,0,AnchorOnly,OracleTargetTreated,1663953001,200,200,20000,10,0.1,10,1.866656964467613,1.1162304543724726,0.08755030011148346,-0.08755030011148346,0.8896608976608978,0.7112912912912913,0.8947840083701702,0.8963840503466602,0.926438392868909,0.9328696562646186,6.919855957794843,5.920802926274963,1.1926114751953607,-0.12744849436318675,0.7706145401355499,0.5965763623858027,1.3870193638500594,1.770380443677555,0.16570749509648075,0.938176200559268,0.09402541650168472,0.0005206125095996767,5.0,,,12.834733009338379
gold_fair_dim_sweep,493be6e60c4f,0,AnchorPlugin,FeasibleRestricted,1663953001,200,200,20000,10,0.1,10,3.4640650590680035,-0.027959271548613145,1.2317400260325693,-1.2317400260325693,0.49420881820881823,0.3434794794794795,0.5121367813927197,0.6141988964878442,0.5780884604104793,0.5889540985117067,4.741458632032499,3.6945228893687188,0.7784437250138067,1.2255454739769311,0.2696285437212146,1.2317400260325695,1.9349016861144417,1.1382590799328625,0.7978288588411733,0.49292019317801905,0.5392814238829337,0.001025282496768009,10.0,,,4.904578447341919
gold_fair_dim_sweep,493be6e60c4f,0,IPWTransport,FeasibleRestricted,1663953001,200,200,20000,10,0.1,10,3.5282545834261434,0.23595991936638877,0.9678208351175672,-0.9678208351175672,0.39391258591258593,0.2698658658658659,0.4087843113754634,0.4763300222359448,0.4944067847803921,0.5157554434347453,3.6771461305801147,3.1597191573991164,0.9945493160645211,0.969106978059475,0.17392854141680247,0.9678208351175674,1.5127093480823233,1.0398876684878209,0.8962002702862149,0.38595944678409866,0.646242170276854,,,,,0.7352867126464844
gold_fair_dim_sweep,493be6e60c4f,0,EntropyBalancing,FeasibleRestricted,1663953001,200,200,20000,10,0.1,10,3.5324683434598034,0.2274130253814021,0.976367729102554,-0.976367729102554,0.39310473310473315,0.2692772772772773,0.4077705399561016,0.47500185429467584,0.48871131342754753,0.5194204511235941,3.6668930132496715,3.1233197986160564,1.005234323412172,0.9751773757795674,0.17298542978869436,0.9763677291025541,1.6292836499741992,1.0361804097760756,0.8999075289979601,0.3786795750274866,0.6535220420334661,,,,,1.772575855255127
gold_fair_dim_sweep,493be6e60c4f,0,OutcomeModelTransport,FeasibleRestricted,1663953001,200,200,20000,10,0.1,10,3.529514061441311,0.23527416472862114,0.9685065897553349,-0.9685065897553349,0.3932236052236053,0.2692732732732733,0.40855670950006656,0.47730031426446395,0.4914045162414325,0.5155166166531158,3.684636537255415,3.1405318692990534,0.9751102833378342,0.9743624970533583,0.17349376863928978,0.9685065897553353,1.3485795701013021,1.0598032761340292,0.8762846626400065,0.3821219891640861,0.6500796278968666,,,,,0.05989575386047363
gold_fair_dim_sweep,493be6e60c4f,4,TargetOnlyDR,OracleTargetTreated,782771700,200,200,20000,10,0.1,10,1.1514503781006935,0.3358194559700077,0.06596213010665553,-0.06596213010665553,0.8687107247107247,0.6822222222222223,0.8780551120412571,0.9027239477378955,0.8980285899181494,0.8902334401770801,4.074859599480231,3.3288296875423207,1.0961982735116635,0.03365687823071473,0.7694129900454544,0.15464025761320208,0.5593747762751784,0.8715959249892846,0.11429250379865641,0.4932790284884608,0.07559791769924723,0.0,0.0,,,18.467419624328613
gold_fair_dim_sweep,493be6e60c4f,4,ProxyOnly,FeasibleRestricted,782771700,200,200,20000,10,0.1,10,1.53983465706406,0.2408352439893842,0.160946342087279,-0.160946342087279,0.7608279168279168,0.5674594594594594,0.7716220224078792,0.8402029264419025,0.8038481089138573,0.8050873279771622,3.792642223464351,2.9797196651290276,1.1310278589158473,0.12939021571587417,0.5881651600147799,0.23668107981137704,0.9708741604379103,0.7762318375697758,0.20965659121816527,0.42345702400580215,0.14541992218190586,0.0,0.0,,,3.95709490776062
gold_fair_dim_sweep,493be6e60c4f,4,Glmtrans_Auto,OracleTargetTreated,782771700,200,200,20000,10,0.1,10,0.26141276508371086,0.36699958420453344,0.034782001872129764,-0.034782001872129764,0.9930425490425491,0.9363963963963964,0.9938696542330255,0.9948433898190044,0.9955421468809919,0.9923166433900767,4.490683056699468,3.6902948201672694,0.9889378586164671,0.03884180316029808,0.9881096467636865,0.040596759294749006,0.09276225837269436,0.9792100955573694,0.006678333230571654,0.5655720550134504,0.003304891174257585,,,,,10.05153489112854
gold_fair_dim_sweep,493be6e60c4f,4,Glmtrans_DR_CrossFit,OracleTargetTreated,782771700,200,200,20000,10,0.1,10,0.26286203002024044,0.3657897658537808,0.03599182022288239,-0.03599182022288239,0.9932850092850093,0.9380900900900901,0.994073863735721,0.9952603260113217,0.9959694072327837,0.9931138152582334,4.492565089905624,3.691878597075178,0.9769998501837863,0.04440503963875658,0.9884131337809454,0.05886265682436163,0.11971779862610465,0.9791713907073383,0.006717038080602755,0.5658888103950321,0.0029881357926758723,,,,,14.914034366607666
gold_fair_dim_sweep,493be6e60c4f,4,Glmtrans_OptionB,FeasibleRestricted,782771700,200,200,20000,10,0.1,10,1.001529579561331,-0.017830272781933887,0.4196118588585971,-0.4196118588585971,0.9152596592596594,0.747083083083083,0.9223457238189807,0.9312004697573552,0.9368373809652081,0.9296719992347413,4.2034014747695485,3.4726868622753106,0.9770501363519699,0.41920265652944433,0.8524607271390083,0.41961185885859714,0.5742682988098107,0.8971010808308333,0.08878734795710774,0.5220504634350587,0.046826482752649334,,,,,12.072107791900635
gold_fair_dim_sweep,493be6e60c4f,4,AnchorOnly,OracleTargetTreated,782771700,200,200,20000,10,0.1,10,1.1713924332154917,0.2811488848848949,0.12063270119176828,-0.12063270119176828,0.8706290106290107,0.6864944944944945,0.880996995373623,0.8974899431202692,0.8827058388491097,0.9116592853046638,4.051233513107643,3.272031018517664,1.153639136981387,0.0774372291547736,0.7706921267802724,0.2738859073584978,0.9072395393262167,0.8616340305864947,0.12425439820144635,0.4819192946835294,0.08695765150417861,0.00022539508375679225,4.0,,,11.570255041122437
gold_fair_dim_sweep,493be6e60c4f,4,AnchorPlugin,FeasibleRestricted,782771700,200,200,20000,10,0.1,10,0.7952904353060314,0.1629935520783548,0.2387880339983084,-0.2387880339983084,0.9476723756723757,0.8126966966966968,0.9528851224627534,0.9696732725916004,0.9545272354558269,0.9681732522316114,4.377066159683339,3.5382599558914536,1.1257091757399478,0.2182982489156118,0.9083334024281468,0.2847419460948778,0.7526688506183667,0.9308559282965664,0.05503250049137465,0.5351650821582872,0.033711864029420835,0.01044030001850114,9.0,,,6.014796495437622
gold_fair_dim_sweep,493be6e60c4f,4,IPWTransport,FeasibleRestricted,782771700,200,200,20000,10,0.1,10,1.088028913740157,-0.14641086165072426,0.5481924477273874,-0.5481924477273874,0.9108473628473629,0.739963963963964,0.9184500920225189,0.9283658112993589,0.9351827862732258,0.9281782441629846,4.190605940478298,3.46655357877704,0.9422464174771631,0.5397366959468025,0.845088226639526,0.5481924477273876,0.8956718195574256,0.8878841216483577,0.0980043071395833,0.5208238067354043,0.04805313945230372,,,,,0.553987979888916
gold_fair_dim_sweep,493be6e60c4f,4,EntropyBalancing,FeasibleRestricted,782771700,200,200,20000,10,0.1,10,1.087745612003737,-0.11885147893613988,0.520633065012803,-0.520633065012803,0.9083135003135003,0.7360640640640641,0.9163068145083487,0.9231588948768787,0.9270904347423313,0.9180002812963447,4.167102129129321,3.4365566941338397,0.9332672865634084,0.5127017833274427,0.8410519350583514,0.5206330650128032,0.8977520578273772,0.8863442512169358,0.0995441775710052,0.5148244298067646,0.05405251638094344,,,,,1.0334270000457764
gold_fair_dim_sweep,493be6e60c4f,4,OutcomeModelTransport,FeasibleRestricted,782771700,200,200,20000,10,0.1,10,0.9939687267216193,-0.009845648307369715,0.4116272343840329,-0.4116272343840329,0.9163679203679204,0.7489009009009009,0.9233238813753764,0.9325397599284286,0.9368760345993957,0.9296719992347413,4.2094469767458325,3.4728301443116063,0.971325314382778,0.41134491351412084,0.8542473065905821,0.411627234384033,0.5888679449778036,0.8971366338493869,0.08875179493855412,0.5220791198423178,0.0467978263453902,,,,,0.040802001953125
gold_fair_dim_sweep,493be6e60c4f,3,TargetOnlyDR,OracleTargetTreated,1520646490,200,200,20000,10,0.1,10,0.693478024932416,-0.11312133296595164,0.09384295764265321,0.09384295764265321,0.887023463023463,0.7049889889889891,0.8903186770618294,0.8640672153230896,0.8759140569393615,0.8510373753596456,1.8975285024787352,1.5118128848962697,1.095018971274744,-0.08309428495500079,0.7703036033149014,0.15937328099902107,0.35300546887911555,0.2765992328200803,0.052857448013358954,0.16080957597381795,0.04283404885841788,0.0,0.0,,,18.555081129074097
gold_fair_dim_sweep,493be6e60c4f,3,ProxyOnly,FeasibleRestricted,1520646490,200,200,20000,10,0.1,10,1.244688623141257,0.4194889128000584,0.6264532034086633,0.6264532034086633,0.6958287838287839,0.5044964964964965,0.704899999874532,0.66640497384558,0.6472486270391473,0.6844867879155335,1.463453779568245,1.1171402106598967,0.7507522976064578,-0.5218965557136838,0.47535407425297926,0.6663525730639716,1.0188514981828223,0.08226972701341739,0.24718695382002187,0.0818750411265433,0.12176858370569253,0.0,0.0,,,5.410643815994263
gold_fair_dim_sweep,493be6e60c4f,3,Glmtrans_Auto,OracleTargetTreated,1520646490,200,200,20000,10,0.1,10,0.33572842405342823,-0.15515509362000482,0.05180919698860004,0.05180919698860004,0.9792788832788832,0.8772692692692693,0.9806277275846828,0.9762922614132387,0.972072470469762,0.9758896342217561,2.143979495956623,1.6777806843792586,1.1403392682668276,-0.030034844682097522,0.9596495053153019,0.1453102877297477,0.33877511060581966,0.3172214632947564,0.012235217538682841,0.19400313587041576,0.00964048896182007,,,,,10.622976064682007
gold_fair_dim_sweep,493be6e60c4f,3,Glmtrans_DR_CrossFit,OracleTargetTreated,1520646490,200,200,20000,10,0.1,10,0.25500880299074913,-0.15924243381649153,0.047721856792113326,0.047721856792113326,0.9854227934227936,0.8977897897897898,0.9859826145652629,0.9866324984013429,0.9845695246577366,0.9882242073439861,2.1666870979340644,1.6993503890722557,1.0327746934992528,-0.04250273483170272,0.9696744025227978,0.054747490292746524,0.15624092941864443,0.32405561987889553,0.005401060954543735,0.1983170768090151,0.005326548023220717,,,,,16.299638509750366
gold_fair_dim_sweep,493be6e60c4f,3,Glmtrans_OptionB,FeasibleRestricted,1520646490,200,200,20000,10,0.1,10,0.8542487685268598,-0.7024934895111923,0.4955291989025874,-0.4955291989025874,0.8971151491151492,0.7214534534534535,0.9031760870691375,0.9224019150421007,0.9092198258685668,0.8611792919389928,2.0256339940856263,1.5692980801727239,0.788319488187556,0.3468250174979486,0.81741288819423,0.5179815559717629,1.0893241639955407,0.24969464268118507,0.07976203815225419,0.17230661502910877,0.031337009803127064,,,,,11.560286045074463
gold_fair_dim_sweep,493be6e60c4f,3,AnchorOnly,OracleTargetTreated,1520646490,200,200,20000,10,0.1,10,0.7096746759741873,-0.11971442808252149,0.08724986252608337,0.08724986252608337,0.879926703926704,0.6958398398398399,0.8822495430150518,0.8234506166988835,0.8509601847542424,0.8776954584547239,1.8083327174791257,1.4687429224968316,1.0339187082528594,-0.08318930376629424,0.7533822734790605,0.14895288207058058,0.2265564331330201,0.28122186750575384,0.04823481332768542,0.15219558349393028,0.05144804133830555,0.0001331549866635542,3.0,,,11.799410343170166
gold_fair_dim_sweep,493be6e60c4f,3,AnchorPlugin,FeasibleRestricted,1520646490,200,200,20000,10,0.1,10,0.9299315670241476,-0.11663093802451392,0.09033335258409093,0.09033335258409093,0.793937533937534,0.6012172172172172,0.8017211702680667,0.8163611715956718,0.7746748130864965,0.7715063209627214,1.7927639932970927,1.3370756579944385,0.7433305670789891,-0.12026894930788855,0.65022931451495,0.33914214530574865,0.7926707546243856,0.22124959409320422,0.10820708674023505,0.12586213059345164,0.0777814942387842,0.00445107865314785,10.0,,,5.649108171463013
gold_fair_dim_sweep,493be6e60c4f,3,IPWTransport,FeasibleRestricted,1520646490,200,200,20000,10,0.1,10,0.855244951215448,-0.7244641338680792,0.5174998432594743,-0.5174998432594743,0.904911484911485,0.7322762762762762,0.9103938856994078,0.9326786279501528,0.9225516396593737,0.884792543864073,2.0482020944706507,1.5923085658571374,0.7870499962179748,0.3632252032123255,0.8294483473136348,0.5368098238239642,1.137595881880293,0.2533108092156554,0.07614587161778386,0.17690871216599152,0.02673491266624431,,,,,0.8369605541229248
gold_fair_dim_sweep,493be6e60c4f,3,EntropyBalancing,FeasibleRestricted,1520646490,200,200,20000,10,0.1,10,0.8319981766083745,-0.7215947186330048,0.5146304280244,-0.5146304280244,0.9152617952617952,0.7473993993993995,0.9200481447845398,0.9403935515837106,0.9244709526020257,0.9036564473672193,2.0651443962146754,1.5956212676157877,0.7907764525434173,0.3636558211660681,0.8460400953858268,0.5342187516575312,1.1176676149000908,0.254262297222369,0.07519438361107028,0.17757125251772155,0.026072372314514286,,,,,1.7246551513671875
gold_fair_dim_sweep,493be6e60c4f,3,OutcomeModelTransport,FeasibleRestricted,1520646490,200,200,20000,10,0.1,10,0.8579323384456449,-0.7070203226135465,0.5000560320049416,-0.5000560320049416,0.8980934980934981,0.7226866866866868,0.9041029164917969,0.9224019150421007,0.9112176707162216,0.8666573933436957,2.0256339940856263,1.572746326674512,0.7850046015817378,0.3480499160548341,0.819009688758298,0.5246481947444488,1.10828126768304,0.24969464268118507,0.07976203815225419,0.17299626432946644,0.030647360502769394,,,,,0.06706714630126953
gold_fair_dim_sweep,270e058ba4cb,1,TargetOnlyDR,OracleTargetTreated,1941057843,200,200,20000,10,0.1,20,2.264522827192764,0.05140290915680421,0.043593911425490205,0.043593911425490205,0.8160924120924122,0.621973973973974,0.8267444032454287,0.8141175210344044,0.8004825169856566,0.8094032358713258,4.695265811326594,3.7889889237593843,1.6570052179043564,-0.07736589095697428,0.6829411886460619,0.9450471599464998,2.4111520416525396,0.5817237346807553,0.22481560475603057,0.15952779903210126,0.18887846197676386,0.0,0.0,,,8.05349326133728
gold_fair_dim_sweep,270e058ba4cb,1,ProxyOnly,FeasibleRestricted,1941057843,200,200,20000,10,0.1,20,2.5831207461550347,0.744862582701348,0.7370535849700339,0.7370535849700339,0.7333465453465454,0.5399319319319319,0.7439099852059468,0.7602246430700074,0.7542767059509143,0.7862996401363785,4.384449030158786,3.570279204922271,1.3650986657100854,-1.0090019200516644,0.5304652302017225,1.0246928301312588,1.7661955527656763,0.2698312676892276,0.5367080717475583,0.11578585526467869,0.23262040574418644,0.0,0.0,,,3.2269093990325928
gold_fair_dim_sweep,270e058ba4cb,1,Glmtrans_Auto,OracleTargetTreated,1941057843,200,200,20000,10,0.1,20,0.5044967136619416,-0.03842360121678139,0.0462325989480954,-0.0462325989480954,0.9915611955611957,0.9244884884884885,0.9922437981612684,0.9887524350673442,0.9936279630310054,0.9911459898853989,5.702439002097623,4.703219953434084,1.0649421671139576,0.04872791087943568,0.9827586312157952,0.17302976376329834,0.36532843010666216,0.7973358916103196,0.009203447826466316,0.34237400496704146,0.006032256041823669,,,,,12.00804591178894
gold_fair_dim_sweep,270e058ba4cb,1,Glmtrans_DR_CrossFit,OracleTargetTreated,1941057843,200,200,20000,10,0.1,20,0.41806726874064,-0.03403657987917346,0.04184557761048747,-0.04184557761048747,0.9931237651237652,0.9322762762762763,0.9936858814355505,0.9880313830665652,0.9921247330977503,0.9923198442801537,5.698280473727979,4.6961045930781635,1.006722819936652,0.042074399408274586,0.9857178131708212,0.05225614940341404,0.09178402183785372,0.7986556554645827,0.007883683972203182,0.34095093289585704,0.007455328113008086,,,,,16.708780765533447
gold_fair_dim_sweep,270e058ba4cb,1,Glmtrans_OptionB,FeasibleRestricted,1941057843,200,200,20000,10,0.1,20,1.641307594700655,0.24771805045008563,0.2399090527187716,0.2399090527187716,0.8909736749736751,0.7107907907907908,0.8963770543816116,0.8652134672769821,0.8852694977070679,0.8884056480252046,4.989951828138188,4.19031802716338,0.892149968640952,-0.21319265320952746,0.7933151584491012,0.3439482107439287,1.1489089339902305,0.676479053114836,0.13006028632194988,0.23979361971290045,0.10861264129596468,,,,,13.086770296096802
gold_fair_dim_sweep,270e058ba4cb,1,AnchorOnly,OracleTargetTreated,1941057843,200,200,20000,10,0.1,20,2.2370694957305193,-0.017373780485672376,0.025182778216986383,-0.025182778216986383,0.8055094575094576,0.610034034034034,0.8162060429655211,0.7523989523395415,0.8033693395634668,0.8254559376497667,4.339315867946423,3.8026533555740487,1.4947958984611918,0.03377925354206218,0.6577726133465287,0.7574950932229325,2.117854615248257,0.5369642536864544,0.2695750857503315,0.16226068539503413,0.186145575613831,0.00036344498624914007,10.0,,,11.025551080703735
gold_fair_dim_sweep,270e058ba4cb,1,AnchorPlugin,FeasibleRestricted,1941057843,200,200,20000,10,0.1,20,1.5754403134601016,0.14289373511526443,0.1350847373839504,0.1350847373839504,0.889893433893434,0.707971971971972,0.8957044020021876,0.8831168779669418,0.8797057306076232,0.8957308253483661,5.09320629686882,4.163982596386508,0.9759568878104469,-0.13164912727938974,0.7964932832916564,0.1464769347507327,0.34936327597050987,0.6704241157006912,0.13611522373609475,0.234526533557526,0.11387972745133912,0.0007837931352848243,20.0,,,6.754266738891602
gold_fair_dim_sweep,270e058ba4cb,1,IPWTransport,FeasibleRestricted,1941057843,200,200,20000,10,0.1,20,1.628378266582575,0.2687011021725,0.260892104441186,0.260892104441186,0.893877341877342,0.7147947947947948,0.8992956726760931,0.8660944129956806,0.8899462294283428,0.8866435865796259,4.995032512692653,4.212454781327647,0.8875212925932092,-0.23066895179004332,0.7989238326620283,0.37054860745911355,1.2169935285290912,0.6790560145110697,0.12748332492571623,0.2442209705457538,0.10418529046311131,,,,,0.5134797096252441
gold_fair_dim_sweep,270e058ba4cb,1,EntropyBalancing,FeasibleRestricted,1941057843,200,200,20000,10,0.1,20,1.5901715789988393,0.25131433852872215,0.24350534079740813,0.24350534079740813,0.897968205968206,0.7206886886886887,0.9034554143962111,0.8754862986836305,0.8947689575936989,0.8954629534358625,5.049198402303393,4.235282592320506,0.8915383124705625,-0.21624736354023852,0.8074986291212858,0.3476509188481418,1.1475824813095548,0.6862830084933521,0.1202563309434338,0.24878653274432566,0.09961972826453946,,,,,0.7218639850616455
gold_fair_dim_sweep,270e058ba4cb,1,OutcomeModelTransport,FeasibleRestricted,1941057843,200,200,20000,10,0.1,20,1.6528672531205362,0.2515238194826071,0.24371482175129308,0.24371482175129308,0.8901913581913582,0.7098298298298299,0.8956469714245442,0.865213467276982,0.8852034776646323,0.8847376072924434,4.989951828138187,4.1900055291334715,0.8866778025939915,-0.21521158982757174,0.791652339164697,0.36014783447237436,1.1830782206989507,0.676479053114836,0.13006028632194988,0.23973112010691863,0.1086751409019465,,,,,0.022919654846191406
gold_fair_dim_sweep,270e058ba4cb,0,TargetOnlyDR,OracleTargetTreated,1361086117,200,200,20000,10,0.1,20,1.8964699612260414,-2.5258510371213267,0.05785831328357105,-0.05785831328357105,0.7499049779049779,0.5546226226226226,0.7656135286719038,0.513740159522684,0.3299683161319694,-0.22306429378071213,1.2215983941390414,0.44010610553864943,1.5917407888832436,1.5525073985913038,0.5768288425001507,0.5966695062441293,1.455542713598101,1.1021209136658199,0.21076675678115175,1.1297901883784658,0.17873536370487408,0.0,0.0,,,8.4185631275177
gold_fair_dim_sweep,270e058ba4cb,0,ProxyOnly,FeasibleRestricted,1361086117,200,200,20000,10,0.1,20,2.219458948416128,-2.548593971854114,0.08060124801635826,-0.08060124801635826,0.5462637422637423,0.3796556556556557,0.5676570473982211,0.03472920893644607,-0.40307230222295287,-1.3034639791662646,0.08258094112381435,-0.5376109538677437,1.123999565346855,0.39662579277188303,0.31533250455871664,0.25253615827926973,0.5942489623262244,1.0780174078172782,0.23487026262969346,0.9342467764971868,0.3742787755861531,0.0,0.0,,,2.8628532886505127
gold_fair_dim_sweep,270e058ba4cb,0,Glmtrans_Auto,OracleTargetTreated,1361086117,200,200,20000,10,0.1,20,0.30753345224710976,-2.4011431417274727,0.06684958211028302,0.06684958211028302,0.9930737490737491,0.9297697697697699,0.9940103106155893,0.9915490393664343,0.9858470483776517,0.9699005936115507,2.3577575000668443,1.3149059588640426,1.0239881127819543,-0.009250689620908435,0.9879311683130741,0.0804400893349927,0.16133674290758204,1.31013130960026,0.002756360846711603,1.304750159043544,0.0037753930397959046,,,,,12.891353607177734
gold_fair_dim_sweep,270e058ba4cb,0,Glmtrans_DR_CrossFit,OracleTargetTreated,1361086117,200,200,20000,10,0.1,20,0.2828096379887962,-2.399508875105238,0.06848384873251767,0.06848384873251767,0.9943593103593105,0.936952952952953,0.9950910179107161,0.995564651439363,0.9870925130213111,0.9774602774798066,2.3673060338321092,1.3165671383382798,0.9793296193343234,-0.11808261059161294,0.9899036607887136,0.0835910512702365,0.14834203931548096,1.3093599369089393,0.0035277335380323738,1.3050823949383916,0.00344315714494825,,,,,20.08134126663208
gold_fair_dim_sweep,270e058ba4cb,0,Glmtrans_OptionB,FeasibleRestricted,1361086117,200,200,20000,10,0.1,20,1.866502106918736,-0.7536349270643293,1.7143577967734265,1.7143577967734265,0.9557941157941158,0.8194554554554554,0.960747554374452,0.906722505035213,0.900880016341891,0.827805531835248,2.1560525015405907,1.2015783824264292,1.0126728753800778,-1.7048070752606668,0.9238965574646999,1.714357796773427,1.8119793973667173,1.0926774442417198,0.22021022620525188,1.2820846437560216,0.02644090832731827,,,,,12.06445574760437
gold_fair_dim_sweep,270e058ba4cb,0,AnchorOnly,OracleTargetTreated,1361086117,200,200,20000,10,0.1,20,1.9157930968619563,-2.406308921865668,0.06168380197208778,0.06168380197208778,0.7412590772590774,0.545965965965966,0.7617252199051902,0.5732333670638785,0.3763766931028842,-0.20733233889615998,1.3630644747001326,0.502004806275935,1.6320568088655263,1.4592401363269707,0.5727690483072243,0.6023563389405331,1.645547239948275,1.0993700585439288,0.21351761190304286,1.1421699285259228,0.16635562355741706,0.003230809397200398,9.0,,,11.62617015838623
gold_fair_dim_sweep,270e058ba4cb,0,AnchorPlugin,FeasibleRestricted,1361086117,200,200,20000,10,0.1,20,1.727027453794116,-1.7258158694898034,0.7421768543479523,0.7421768543479523,0.797944937944938,0.6051851851851852,0.8141775377565252,0.6785206913475965,0.4946732071219179,0.0773627074781884,1.6134222166132548,0.659786676650704,0.8863296284472583,-0.9383509854644753,0.670690865853682,0.742176854347953,1.10513968491757,1.1333509032193778,0.17953676722759382,1.1737263026008766,0.13479924948246325,0.0059513465369018135,20.0,,,7.1192076206207275
gold_fair_dim_sweep,270e058ba4cb,0,IPWTransport,FeasibleRestricted,1361086117,200,200,20000,10,0.1,20,1.8121921017111002,-0.8281220239193754,1.6398706999183803,1.6398706999183803,0.9516686196686198,0.8110430430430431,0.9569608774128275,0.9055789468811737,0.9046007987710809,0.8088743090542875,2.1533332887660297,1.2065410984946365,0.9967297612771214,-1.642578856628271,0.9167560683961888,1.6398706999183812,1.7607433514747395,1.1106442823455023,0.20224338810146936,1.2830771869696629,0.025448365113676985,,,,,0.3731520175933838
gold_fair_dim_sweep,270e058ba4cb,0,EntropyBalancing,FeasibleRestricted,1361086117,200,200,20000,10,0.1,20,1.8296159815662252,-0.8215005108084552,1.6464922130293005,1.6464922130293005,0.9483820563820564,0.8048448448448449,0.953994851779396,0.9014347077643596,0.8928652179752242,0.8081783987470851,2.1434788988450006,1.190888381225161,0.9860318104974454,-1.6579670878407191,0.9110938198214436,1.6464922130293007,1.7352475567527934,1.1047509478286002,0.20813672261837146,1.2799466435157678,0.02857890856757206,,,,,1.1041312217712402
gold_fair_dim_sweep,270e058ba4cb,0,OutcomeModelTransport,FeasibleRestricted,1361086117,200,200,20000,10,0.1,20,1.8630021299584818,-0.7559045837649926,1.7120881400727632,1.7120881400727632,0.9562241602241602,0.8203523523523523,0.9611340973800221,0.906722505035213,0.9028709400762096,0.8279239567860066,2.1560525015405907,1.2042338425063752,1.0071239808906085,-1.7067030902628988,0.9245365722588291,1.7120881400727637,1.8017432258073522,1.0926774442417198,0.22021022620525188,1.2826157357720105,0.02590981631132938,,,,,0.037412405014038086
gold_fair_dim_sweep,270e058ba4cb,2,TargetOnlyDR,OracleTargetTreated,1285879938,200,200,20000,10,0.1,20,2.064405249918748,0.9709144010929504,0.2619947154050978,-0.2619947154050978,0.7964611364611365,0.6023063063063063,0.8108905690085652,0.8477036711301277,0.8557560865235275,0.8552628452020958,5.7924474047076595,4.8581227182259274,1.4604228861930006,-0.1850364953924672,0.6535533380531193,0.7087881559515091,1.8399271577396754,1.3955098267969996,0.21546169930980041,0.5897882654706921,0.16377438479524042,0.0,0.0,,,7.513460397720337
gold_fair_dim_sweep,270e058ba4cb,2,ProxyOnly,FeasibleRestricted,1285879938,200,200,20000,10,0.1,20,2.7509606492596586,0.30463466099501224,0.9282744555030359,-0.9282744555030359,0.5795434115434116,0.40852852852852856,0.598329507011169,0.5295146201615378,0.6537579241638518,0.706316069878289,3.618228505747063,3.711380232775373,1.0648818004628617,0.908509210214286,0.34331168659802624,0.9282744555030359,1.7893701151546009,1.092365912686335,0.5186056134204651,0.3604397683805813,0.3931228818853512,0.0,0.0,,,5.698541164398193
gold_fair_dim_sweep,270e058ba4cb,2,Glmtrans_Auto,OracleTargetTreated,1285879938,200,200,20000,10,0.1,20,0.42981334155017864,1.2942763769812673,0.061367260483219166,0.061367260483219166,0.9915457635457636,0.9245525525525526,0.9922912475321195,0.989648683742595,0.9937363227111992,0.9928865989715485,6.762372447998015,5.641435779793124,1.045085147176933,-0.11971990142704733,0.9840753593060995,0.12517657763876916,0.28776620272296416,1.6010230467553486,0.009948479351451489,0.7464508777841313,0.007111772481801171,,,,,13.72670865058899
gold_fair_dim_sweep,270e058ba4cb,2,Glmtrans_DR_CrossFit,OracleTargetTreated,1285879938,200,200,20000,10,0.1,20,0.4113702480495423,1.3208227170406677,0.08791360054261954,0.08791360054261954,0.9915636915636916,0.925865865865866,0.9923425270384174,0.9919149221553242,0.9950910392382305,0.9952380764124135,6.7778578909178995,5.649126498258783,1.0107014155808574,-0.10204827334630867,0.9842652257030284,0.08791360054261989,0.15726388218769927,1.6021737556269484,0.008797770479851641,0.7479890214772633,0.005573628788669183,,,,,18.52888560295105
gold_fair_dim_sweep,270e058ba4cb,2,Glmtrans_OptionB,FeasibleRestricted,1285879938,200,200,20000,10,0.1,20,1.536151519935525,0.007957050194105537,1.2249520663039426,-1.2249520663039426,0.9515194235194236,0.8116356356356357,0.9561851669844538,0.9630747716573714,0.9728232592846138,0.9574100831895757,6.580790141192889,5.522712430768365,0.9952404567109538,1.2249899382287948,0.915715926950109,1.2249520663039428,1.2981706989913713,1.476722592534303,0.134248933572497,0.7227062079791797,0.030856442286752772,,,,,12.551118850708008
gold_fair_dim_sweep,270e058ba4cb,2,AnchorOnly,OracleTargetTreated,1285879938,200,200,20000,10,0.1,20,2.0857985335247453,0.9693291583450856,0.26357995815296253,-0.26357995815296253,0.7997502197502196,0.6038598598598599,0.8113654338432218,0.8654952342864014,0.8500628665366308,0.8742646148477647,5.914019007308907,4.825802338863436,1.516581116979196,-0.23715718118544638,0.6560865527601512,0.7119474687939863,2.0210608931677077,1.3883349107432201,0.22263661536357993,0.5833241895981941,0.1702384606677384,0.00030854472176146906,10.0,,,11.797113180160522
gold_fair_dim_sweep,270e058ba4cb,2,AnchorPlugin,FeasibleRestricted,1285879938,200,200,20000,10,0.1,20,1.8839793380950831,0.19943863368585005,1.033470482812198,-1.033470482812198,0.8666344226344227,0.6823663663663664,0.8759145118114489,0.8985097018170268,0.9069319502476636,0.9049241566516663,6.139610299736164,5.148647822397915,1.1341644240854964,1.0067129133833377,0.7672844695309216,1.0334704828121983,1.7296170341171937,1.412275661511122,0.198695864595678,0.6478932863050895,0.10566936396084303,0.0006631274934906888,20.0,,,6.449624061584473
gold_fair_dim_sweep,270e058ba4cb,2,IPWTransport,FeasibleRestricted,1285879938,200,200,20000,10,0.1,20,1.7664513836920366,-0.26293350146273947,1.4958426179607875,-1.4958426179607875,0.9533813093813095,0.8130370370370371,0.9572389348725816,0.9576826013125427,0.9620564789567473,0.9621891381623738,6.543944880067612,5.4615894765333,1.0531628255532808,1.509820905831165,0.9157176410397212,1.4958426179607878,1.8456870141510855,1.4261327048284362,0.18483882127836382,0.7104816171321664,0.0430810331337661,,,,,0.7747576236724854
gold_fair_dim_sweep,270e058ba4cb,2,EntropyBalancing,FeasibleRestricted,1285879938,200,200,20000,10,0.1,20,1.7648023035077127,-0.25131203842977756,1.4842211549278257,-1.4842211549278257,0.9512078672078673,0.8088808808808808,0.9553039247547607,0.9564611306899583,0.9584452573501796,0.9574974318349918,6.535598444185976,5.4410885908210105,1.0427858717666296,1.494973759577492,0.9120931447702865,1.4842211549278255,1.784227517623667,1.4301494831415238,0.18082204296527626,0.7063814399897087,0.047181210276223795,,,,,1.5712785720825195
gold_fair_dim_sweep,270e058ba4cb,2,OutcomeModelTransport,FeasibleRestricted,1285879938,200,200,20000,10,0.1,20,1.7542514631364177,-0.2596968417275434,1.4926059582255915,-1.4926059582255915,0.9558223038223038,0.8178938938938939,0.9594800703746773,0.9656516103590145,0.9625012268075164,0.9634151600176664,6.598397948210857,5.464114307699247,1.0662844802989397,1.5098198284147781,0.9202054712529634,1.4926059582255917,1.9479175373416258,1.4267777596083946,0.18419376649840546,0.7109865833653557,0.0425760669005768,,,,,0.0381011962890625
gold_fair_dim_sweep,270e058ba4cb,3,TargetOnlyDR,OracleTargetTreated,874611299,200,200,20000,10,0.1,20,2.8127421252939007,-0.6175091244558721,0.13248728105636864,0.13248728105636864,0.8313442113442114,0.6367487487487488,0.8381720528349482,0.8260956258650708,0.8101544922406035,0.8093038219308893,5.470725648274065,4.259489020452816,1.6131120611414158,0.24611501101240268,0.6838510147418757,1.2186054201100336,2.4185477423835167,1.753661312845421,0.24115767655935438,1.4596874433763185,0.1996273213636106,0.0,0.0,,,7.5418102741241455
gold_fair_dim_sweep,270e058ba4cb,3,ProxyOnly,FeasibleRestricted,874611299,200,200,20000,10,0.1,20,3.3170821554616663,-0.5504971321900771,0.19949927332216366,0.19949927332216366,0.7092367452367452,0.517033033033033,0.723336402681729,0.7311133309808671,0.7259987850832328,0.6958915735783745,4.8417160512182695,3.8170298178211204,1.714889954549957,0.1940455964890815,0.5128528271643226,1.147379659726253,2.3863470846762302,1.5418389166173485,0.4529800727874269,1.3711956028499794,0.2881191618899497,0.0,0.0,,,5.823705673217773
gold_fair_dim_sweep,270e058ba4cb,3,Glmtrans_Auto,OracleTargetTreated,874611299,200,200,20000,10,0.1,20,0.22786903436584838,-0.7564063581666587,0.006409952654417905,-0.006409952654417905,0.9988126348126349,0.9712792792792793,0.999013076414121,0.9987568200082443,0.9991940675519742,0.9989897732538104,6.614155045169298,5.253388336178279,1.0276131611261434,0.027296723299312913,0.9979934189310903,0.09190694293990546,0.20755351065942396,1.9919771147403929,0.002841874664382571,1.658467306521411,0.0008474582185180601,,,,,13.643388748168945
gold_fair_dim_sweep,270e058ba4cb,3,Glmtrans_DR_CrossFit,OracleTargetTreated,874611299,200,200,20000,10,0.1,20,0.2492205135556106,-0.7431058731589765,0.0068905323532643115,0.0068905323532643115,0.9983669183669184,0.9661461461461461,0.9986191160817791,0.9990321442808836,0.9989858440209252,0.9984087365575597,6.615978349291436,5.252293574805235,0.9781526588539307,-0.023125419871816544,0.9972351838413908,0.08231273468114561,0.18923411544552593,1.991380879448123,0.003438109956652502,1.6582483542468023,0.0010664104931268348,,,,,18.711046934127808
gold_fair_dim_sweep,270e058ba4cb,3,Glmtrans_OptionB,FeasibleRestricted,874611299,200,200,20000,10,0.1,20,1.5904995139374192,-1.4205015623259538,0.670505156813713,-0.670505156813713,0.9453504573504574,0.7994034034034034,0.951158482176152,0.9414006184100709,0.9440787990158972,0.937637848352476,6.234320031708089,4.963612887869085,1.1462894470599951,0.8783095449142357,0.9054071537998982,0.7347156241285536,1.556162970081406,1.8564308777510712,0.13838811165370424,1.6005122168595725,0.05880254788035666,,,,,13.719757556915283
gold_fair_dim_sweep,270e058ba4cb,3,AnchorOnly,OracleTargetTreated,874611299,200,200,20000,10,0.1,20,2.789027300025872,-0.6259055935752593,0.12409081193698146,0.12409081193698146,0.8376073776073776,0.6442402402402403,0.8468182793796576,0.8438315916564594,0.8339091990377021,0.8395502018256233,5.588180092909642,4.384382375677546,1.6810244916063926,0.3021662267212066,0.7081579699050714,1.2494630265232114,2.551702487051047,1.7454514537619539,0.24936753564282155,1.4846661144212647,0.1746486503186644,0.0004384127586125527,10.0,,,14.38264513015747
gold_fair_dim_sweep,270e058ba4cb,3,AnchorPlugin,FeasibleRestricted,874611299,200,200,20000,10,0.1,20,1.9830159235990263,-0.7521141537893163,0.0021177482770755596,-0.0021177482770755596,0.896783372783373,0.7205965965965966,0.9042823264825969,0.9076444480197412,0.8816067443518311,0.8629585188464961,6.010773578537485,4.635158212279024,1.2062725065404276,0.15725821998373093,0.8171954712839744,0.5468663955836522,1.1993112108472381,1.8249940889205267,0.1698249004842487,1.53482128174156,0.12449348299836904,0.004120684119892387,20.0,,,8.560600519180298
gold_fair_dim_sweep,270e058ba4cb,3,IPWTransport,FeasibleRestricted,874611299,200,200,20000,10,0.1,20,1.604550974232131,-1.4145441491668527,0.6645477436546119,-0.6645477436546119,0.943079095079095,0.7949429429429429,0.9491081443101209,0.9399049160704939,0.940205819250638,0.9330177459362852,6.224414910684431,4.943250210201357,1.139480757902329,0.8618494336667104,0.9013889801969425,0.7130720368186745,1.5137760680241144,1.8558603298494318,0.1389586595553436,1.5964396813260269,0.06287508341390224,,,,,0.7186310291290283
gold_fair_dim_sweep,270e058ba4cb,3,EntropyBalancing,FeasibleRestricted,874611299,200,200,20000,10,0.1,20,1.6281409718291455,-1.420656705200788,0.6706602996885471,-0.6706602996885471,0.9412245532245533,0.7913753753753754,0.9474420971791921,0.936325199432648,0.936825621100165,0.9307566162581747,6.200708638660887,4.9254783937801765,1.1391732472256724,0.868377706544265,0.8977022377581452,0.7203630553761993,1.503953813599919,1.850996978170304,0.14382201123447147,1.5928853180417908,0.06642944669813833,,,,,2.936825752258301
gold_fair_dim_sweep,270e058ba4cb,3,OutcomeModelTransport,FeasibleRestricted,874611299,200,200,20000,10,0.1,20,1.5893312953602845,-1.422978594855884,0.6729821893436432,-0.6729821893436432,0.944860100860101,0.7985145145145146,0.9507181315165706,0.9414006184100709,0.9440787990158972,0.9364815165151484,6.234320031708089,4.963612887869085,1.1398192542544243,0.8719419952964016,0.9046436514063466,0.7253701907410145,1.5277443163602857,1.8555750722025424,0.13924391720223306,1.6005122168595725,0.05880254788035666,,,,,0.15411853790283203
gold_fair_dim_sweep,270e058ba4cb,4,TargetOnlyDR,OracleTargetTreated,1864378558,200,200,20000,10,0.1,20,3.187622144340629,2.010223322787819,0.15250342623382274,-0.15250342623382274,0.8133155733155734,0.6226666666666667,0.8257536271613529,0.8867261327286956,0.8741470113474877,0.8836896336974658,9.55876576343853,7.905824786534135,1.7554906295399153,-1.3662014574149686,0.6850322362399788,1.2810141578948908,3.8329979837456047,2.0864907906456227,0.35749855859525903,0.8610403916145115,0.22764401507583765,0.0,0.0,,,7.41668963432312
gold_fair_dim_sweep,270e058ba4cb,4,ProxyOnly,FeasibleRestricted,1864378558,200,200,20000,10,0.1,20,4.0327070508935865,1.3658565043412298,0.7968702446804119,-0.7968702446804119,0.613004245004245,0.43349749749749755,0.6257181300914179,0.6551175133344725,0.6915918862562255,0.6993834353174311,7.062061922343851,6.25478804543656,1.6916687031584725,-0.14784995237785,0.3828880911304965,1.202553858514915,3.1166409081058495,1.8920658809111566,0.5519234683297252,0.5308330433949967,0.5578513632953525,0.0,0.0,,,6.091388463973999
gold_fair_dim_sweep,270e058ba4cb,4,Glmtrans_Auto,OracleTargetTreated,1864378558,200,200,20000,10,0.1,20,0.36939633607751376,2.140665044515843,0.022061704505798918,-0.022061704505798918,0.9971049971049971,0.9551471471471471,0.9974769453388905,0.9988563762713702,0.9978925900836699,0.9982630550401251,10.767511838986616,9.024985352087594,1.0312194631210356,-0.04476870890595333,0.9949859412816715,0.10917585371388536,0.29648104913463413,2.4393441099318824,0.004645239308999294,1.0848725047252032,0.003811901965145914,,,,,12.535462856292725
gold_fair_dim_sweep,270e058ba4cb,4,Glmtrans_DR_CrossFit,OracleTargetTreated,1864378558,200,200,20000,10,0.1,20,0.3148890810487386,2.156440362103779,0.006286386917862874,-0.006286386917862874,0.9975239295239297,0.9591991991991993,0.9978584910038065,0.9985545367306277,0.9984265747747327,0.9992023990312049,10.764258057055972,9.029814733589141,0.9913527933389644,0.024933572381172657,0.9957558959246154,0.053131374143212416,0.09488130972399289,2.4408804654009226,0.003108883839959109,1.0858383810255126,0.0028460256648366045,,,,,18.67835831642151
gold_fair_dim_sweep,270e058ba4cb,4,Glmtrans_OptionB,FeasibleRestricted,1864378558,200,200,20000,10,0.1,20,4.123009281053089,1.6382381992180115,0.5244885498036302,-0.5244885498036302,0.4962792642792643,0.3433193193193193,0.5188569828587773,0.6259921425614853,0.6342490561599989,0.6485958103604735,6.748095087808858,5.736176917537214,0.9572205124786356,0.5945715404040998,0.27163683819292306,0.556356031260699,1.2011035206786698,1.6850447608558836,0.7589445883849981,0.42711081781512733,0.6615735888752219,,,,,15.436607837677002
gold_fair_dim_sweep,270e058ba4cb,4,AnchorOnly,OracleTargetTreated,1864378558,200,200,20000,10,0.1,20,3.371119277376088,1.9275074864418273,0.2352192625798144,-0.2352192625798144,0.7326420726420727,0.5447087087087087,0.7507623126331286,0.8619769504592159,0.8684557516368001,0.8377683197381844,9.291973540429822,7.854352778389876,1.4378431928786792,-0.6087267695814325,0.558931199635962,0.9647710019949578,3.333598541236383,2.0180422608631,0.42594708837778184,0.8507459899856595,0.23793841670468963,0.0005577153737614998,9.0,,,14.317192077636719
gold_fair_dim_sweep,270e058ba4cb,4,AnchorPlugin,FeasibleRestricted,1864378558,200,200,20000,10,0.1,20,3.8244965213954054,1.403390567309315,0.7593361817123268,-0.7593361817123268,0.6070342150342151,0.4317037037037037,0.62478727809897,0.683523572550155,0.69489050713405,0.6999422853156968,7.3682746934387,6.284620920638049,1.1676577616765798,0.5240468604392219,0.39579530165767907,0.8104426705415414,1.6361001848521806,1.8869626160498132,0.5570267331910685,0.5367996184352944,0.5518847882550547,0.0011438177763989025,20.0,,,8.228594064712524
gold_fair_dim_sweep,270e058ba4cb,4,IPWTransport,FeasibleRestricted,1864378558,200,200,20000,10,0.1,20,4.109255780499,1.7240231624088387,0.43870358661280306,-0.43870358661280306,0.49918311118311115,0.3451811811811812,0.5217598964490555,0.6334159432437776,0.6271190256728959,0.6488497163108803,6.828122470759801,5.671692601945044,0.9235946890318568,0.5704281124529312,0.27430498342664966,0.5393391911191544,1.1079919885094611,1.688838911147383,0.7551504380934988,0.41421395469669336,0.6744704519936557,,,,,0.9889950752258301
gold_fair_dim_sweep,270e058ba4cb,4,EntropyBalancing,FeasibleRestricted,1864378558,200,200,20000,10,0.1,20,4.1280127390194865,1.6822531989851628,0.48047355003647896,-0.48047355003647896,0.49613102813102816,0.3428788788788789,0.5185682548802586,0.6180198200413507,0.6215591857952527,0.6419668847260693,6.662154727253512,5.621409160666585,0.9023653141008242,0.6447198127222791,0.2705342377091253,0.5731189746884717,1.0587339383531815,1.6794029499516818,0.7645863992891999,0.40415726644100164,0.6845271402493476,,,,,2.867194175720215
gold_fair_dim_sweep,270e058ba4cb,4,OutcomeModelTransport,FeasibleRestricted,1864378558,200,200,20000,10,0.1,20,4.11950454758301,1.6467232947800372,0.5160034542416045,-0.5160034542416045,0.49697538497538507,0.34383183183183186,0.5195820957713412,0.6259921425614852,0.6296294782077712,0.6538351870503145,6.748095087808857,5.69439724729416,0.9545881352920036,0.5907842297156618,0.2725854449909543,0.5474509948688657,1.19193033376034,1.6966329832083116,0.7473563660325702,0.41875488376651665,0.6699295229238325,,,,,0.07599949836730957
gold_fair_dim_sweep,f2e0a8cce77b,0,TargetOnlyDR,OracleTargetTreated,668769054,100,100,20000,10,0.1,100,8.007335139980729,7.304237302329564,0.1867651695133521,-0.1867651695133521,0.4393863913863914,0.30222622622622625,0.4630316823176976,0.6342324874280434,0.6838667759093597,0.7008292332888559,14.449225628430776,13.472740401685446,1.678469797221966,-4.768939231859301,0.171271663991317,1.6344288064271422,3.7422251392865107,5.7759451135151725,0.9711808158628008,1.0529359814673667,1.2456171320378822,0.0,0.0,,,13.226334810256958
gold_fair_dim_sweep,f2e0a8cce77b,0,ProxyOnly,FeasibleRestricted,668769054,100,100,20000,10,0.1,100,8.547220882120419,5.566777654573348,1.9242248172695682,-1.9242248172695682,0.23909715509715512,0.16252252252252253,0.2640806309646678,0.5812657886606998,0.5740660961405013,0.6078490636425656,13.24252651343266,11.309576308083544,1.072733739268402,1.5193322627766674,0.07317187606010866,1.9242248172695688,3.688331607478988,5.839850104146946,0.9072758252310269,0.6203031627469862,1.6782499507582627,0.0,0.0,,,7.380216598510742
gold_fair_dim_sweep,f2e0a8cce77b,0,Glmtrans_Auto,OracleTargetTreated,668769054,100,100,20000,10,0.1,100,2.512673422371687,7.240338913281591,0.2506635585613246,-0.2506635585613246,0.949979401979402,0.8102942942942943,0.9554726368526483,0.976708715599324,0.9737028802775086,0.9746614004334712,22.251595250472892,19.182751080293755,0.9910185771716088,0.3156921037623675,0.9165103578886167,0.2506635585613249,0.82592135045001,6.652880831116503,0.09424509826146998,2.1949381171890283,0.10361499631622051,,,,,28.201409816741943
gold_fair_dim_sweep,f2e0a8cce77b,0,Glmtrans_DR_CrossFit,OracleTargetTreated,668769054,100,100,20000,10,0.1,100,4.242063903096755,6.814101146301725,0.6769013255411904,-0.6769013255411904,0.870005946005946,0.6882202202202202,0.8837583902662429,0.9393590052050748,0.9385433463402647,0.9381162587086119,21.400685838954796,18.490079217779527,0.8481463352820368,1.7116475563659832,0.7909040023690055,1.2323098458574346,2.9832875388456292,6.420371681869877,0.326754247508096,2.0564037446861825,0.24214936881906635,,,,,35.84929966926575
gold_fair_dim_sweep,f2e0a8cce77b,0,Glmtrans_OptionB,FeasibleRestricted,668769054,100,100,20000,10,0.1,100,5.385556086719132,6.104423077285113,1.3865793945578027,-1.3865793945578027,0.7856703056703057,0.5893213213213213,0.79645989566122,0.8462437931000384,0.8571302563683639,0.8725155452395903,19.279314361121905,16.88617409308334,0.976369825483928,1.5308279771939903,0.6383225456246084,1.3865793945578033,2.013858015044718,6.234875865632479,0.5122500637454941,1.7356227197469456,0.5629303937583032,,,,,28.610328435897827
gold_fair_dim_sweep,f2e0a8cce77b,0,AnchorOnly,OracleTargetTreated,668769054,100,100,20000,10,0.1,100,8.22415455872429,6.6133347406010135,0.8776677312419023,-0.8776677312419023,0.3682618402618403,0.2523203203203203,0.3875077104734907,0.5502156885431447,0.6273224371510793,0.6727852645360399,12.535136224733801,12.358770219024834,1.3245462651066688,-1.2686653587203325,0.11284443135982669,1.4745240038519452,3.5179131924743903,5.786066084648931,0.9610598447290419,0.8301419449352441,1.4684111685700048,0.00065885801206134,38.0,,,18.259369134902954
gold_fair_dim_sweep,f2e0a8cce77b,0,AnchorPlugin,FeasibleRestricted,668769054,100,100,20000,10,0.1,100,8.214823506627015,2.487038071741773,5.003964400101143,-5.003964400101143,0.6422566142566143,0.45943943943943943,0.6600533137524682,0.7490203032641592,0.7808698723592287,0.8040062421825963,17.06434718604252,15.383781532307585,1.0735764388539837,4.8209769954881105,0.434616255807147,5.003964400101143,5.701155606255915,5.447617103067821,1.2995088263101522,1.4351442075917942,0.8634089059134546,0.006223685425796647,95.0,,,13.160371780395508
gold_fair_dim_sweep,f2e0a8cce77b,0,IPWTransport,FeasibleRestricted,668769054,100,100,20000,10,0.1,100,5.393060724132842,6.117006605880882,1.3739958659620335,-1.3739958659620335,0.784951912951913,0.5885845845845846,0.7958281837663288,0.8535251073585144,0.8574546777939513,0.8663162096311539,19.4451988824571,16.892565463159585,0.9700401483738368,1.5572604762704871,0.6370104835821162,1.373995865962033,2.2395767653189846,6.224590778455748,0.5225351509222254,1.7369009937621944,0.5616521197430544,,,,,0.6021182537078857
gold_fair_dim_sweep,f2e0a8cce77b,0,EntropyBalancing,FeasibleRestricted,668769054,100,100,20000,10,0.1,100,5.712508251318215,6.098293878199829,1.3927085936430865,-1.3927085936430865,0.7554491994491994,0.5599999999999999,0.7678369741196736,0.8580281229316109,0.8419900063917047,0.8577996687690842,19.547787585044478,16.587898661759873,0.9255376174874246,1.846802085075705,0.5935084603504699,1.3992349293082305,2.2136014522517384,6.152903007064969,0.594222922313004,1.675967633482252,0.6225854800229969,,,,,2.162094831466675
gold_fair_dim_sweep,f2e0a8cce77b,0,OutcomeModelTransport,FeasibleRestricted,668769054,100,100,20000,10,0.1,100,5.378007672046021,6.140939566563504,1.3500629052794118,-1.3500629052794118,0.7856688896688897,0.5892052052052053,0.7964308722589355,0.8517941250142549,0.8571302563683639,0.8735037745954439,19.405763257592685,16.88617409308334,0.9706740029837567,1.5301520806853837,0.6382814608132561,1.3500629052794109,2.1534521604782766,6.234875865632479,0.5122500637454941,1.7356227197469456,0.5629303937583032,,,,,0.2139873504638672
gold_fair_dim_sweep,f2e0a8cce77b,4,TargetOnlyDR,OracleTargetTreated,1365482426,100,100,20000,10,0.1,100,6.933346111941238,-0.1549258715981922,0.028575984572799723,-0.028575984572799723,0.46325842325842326,0.31780980980980983,0.476704336572616,0.47694249207642697,0.46578384435633147,0.49703062481427945,6.347939265612114,4.980413184016161,1.6085219566558369,0.12285177909434254,0.22844605750039837,1.2249420784132778,2.809867774750707,1.9896475440840895,1.6368332344232166,1.61440936544337,1.14242570536506,0.0,0.0,,,14.598266124725342
gold_fair_dim_sweep,f2e0a8cce77b,4,ProxyOnly,FeasibleRestricted,1365482426,100,100,20000,10,0.1,100,7.419534819703529,-0.7404530185887058,0.6141031315633133,-0.6141031315633133,0.2887049767049767,0.19394194194194198,0.29985719373426395,0.23968351610477168,0.2784188803147816,0.29452021638981135,3.1901045272301793,2.977005490851579,1.1979345763463343,0.7606643861020336,0.08769108847656792,0.9204629420108417,1.7604870702409223,1.363037273263139,2.263443505244167,1.2137278268104537,1.5431072439979763,0.0,0.0,,,12.479159355163574
gold_fair_dim_sweep,f2e0a8cce77b,4,Glmtrans_Auto,OracleTargetTreated,1365482426,100,100,20000,10,0.1,100,0.9447335137521801,0.007433501033377453,0.13378338805876994,0.13378338805876994,0.9916102636102637,0.9226946946946948,0.9926538095385494,0.9941456756331483,0.9944616276535336,0.9929674717598785,13.231734380837857,10.633322433516698,1.0147894666860402,-0.13389332557466366,0.9855763398814682,0.15915727919899966,0.30015749512537226,3.6007594083360304,0.025721370171275737,2.744991215343478,0.011843855464952036,,,,,25.568352460861206
gold_fair_dim_sweep,f2e0a8cce77b,4,Glmtrans_DR_CrossFit,OracleTargetTreated,1365482426,100,100,20000,10,0.1,100,2.241946620574952,-0.24025748857856247,0.11390760155316998,-0.11390760155316998,0.9530916650916652,0.8125285285285286,0.9573434898481111,0.9441350697811981,0.9561941854104526,0.953164450962914,12.566110550169036,10.224146211165339,0.9923168014470014,0.11206165556457642,0.9161784533256839,0.18094540543049803,0.35439150178717505,3.5092659537159476,0.11721482479135847,2.663155970873206,0.09367909993522394,,,,,38.2978937625885
gold_fair_dim_sweep,f2e0a8cce77b,4,Glmtrans_OptionB,FeasibleRestricted,1365482426,100,100,20000,10,0.1,100,2.40214243349076,-0.07730872004009834,0.04904116698529415,0.04904116698529415,0.9421161781161782,0.7948668668668669,0.9485607251647402,0.9571835602282102,0.9515024379798445,0.9435022344357549,12.739781435530785,10.173979506066827,1.0318175945365586,-0.04658138947691763,0.9043596558136985,0.20167431080808979,0.6991572990780082,3.478074804209233,0.14840597429807323,2.6531226298535033,0.1037124409549266,,,,,27.329599142074585
gold_fair_dim_sweep,f2e0a8cce77b,4,AnchorOnly,OracleTargetTreated,1365482426,100,100,20000,10,0.1,100,6.951165349347244,0.23478000868660878,0.36112989571200127,0.36112989571200127,0.43276900876900876,0.2966326326326327,0.44952997376614934,0.45875938699921504,0.4599957992439269,0.40391155682412916,6.105928439133083,4.918524270227543,1.3009443839121013,-0.4317856207810706,0.20473582609569585,1.0718414673418466,2.7999985576458126,1.918729867576751,1.707750910930555,1.6020315826856468,1.154803488122783,0.0011009836041403916,22.0,,,20.273083925247192
gold_fair_dim_sweep,f2e0a8cce77b,4,AnchorPlugin,FeasibleRestricted,1365482426,100,100,20000,10,0.1,100,6.067562882210454,-0.7723141514486292,0.6459642644232367,-0.6459642644232367,0.6148649188649189,0.43325325325325326,0.6293536103711568,0.6597587617876497,0.6236643031626611,0.6019896786977931,8.781160453013973,6.668556575129628,1.1090231176795289,0.730164361042186,0.39485376434692354,0.8094364006331582,1.670359472902562,2.490586667025484,1.135894111481822,1.9520380436660634,0.8047970271423666,0.06471142720105508,63.0,,,8.726034164428711
gold_fair_dim_sweep,f2e0a8cce77b,4,IPWTransport,FeasibleRestricted,1365482426,100,100,20000,10,0.1,100,3.020384133161479,-0.23714392730749634,0.11079404028210385,-0.11079404028210385,0.9094726654726656,0.7413093093093093,0.9187867405898938,0.9293206980723258,0.919480356333434,0.919067853332567,12.368936397250293,9.831582062394611,0.9631432415207177,0.10205368382850324,0.848819557627207,0.27747515241105575,0.6461425083398531,3.393513117882402,0.23296766062490404,2.5846431411190602,0.1721919296893697,,,,,1.397172451019287
gold_fair_dim_sweep,f2e0a8cce77b,4,EntropyBalancing,FeasibleRestricted,1365482426,100,100,20000,10,0.1,100,4.402308694238462,-0.3726561710881699,0.2463062840627774,-0.2463062840627774,0.8195161715161715,0.6252932932932933,0.834224090165541,0.8484755158851938,0.8335445443673914,0.8378851476318684,11.292915042543605,8.912709808492673,0.8392588304154194,0.18640509526915372,0.7025412855399298,0.989231253539316,2.32280776095977,3.2015774675596367,0.4249033109476694,2.4008686903386725,0.3559663804697575,,,,,2.8326072692871094
gold_fair_dim_sweep,f2e0a8cce77b,4,OutcomeModelTransport,FeasibleRestricted,1365482426,100,100,20000,10,0.1,100,2.392665945824286,-0.04816140977977333,0.07818847724561916,0.07818847724561916,0.9423976863976866,0.7954274274274276,0.9487947678174965,0.9607163977448948,0.9511156804889157,0.9470863825055184,12.786802278428542,10.16984408546309,1.0204098118236968,-0.07720551193484994,0.9046838920171714,0.19099110015983822,0.5535904411708881,3.4821643232809003,0.1443164552264058,2.6522955457327564,0.10453952507567355,,,,,0.15860462188720703
gold_fair_dim_sweep,f2e0a8cce77b,1,TargetOnlyDR,OracleTargetTreated,666721269,100,100,20000,10,0.1,100,7.366952449474906,-0.39848872238216776,0.2024065933902724,-0.2024065933902724,0.4567668247668248,0.31520720720720724,0.47228433940973585,0.3894858841428112,0.453875706379854,0.43948594731337215,5.43398024165611,5.06642351666619,1.6473426884813103,0.46036535426662784,0.2051270824121576,1.5394497020734366,2.844378767838,1.8295047865773801,1.7761840585950974,1.5006591391080164,1.2192311354528282,0.0,0.0,,,15.223877191543579
gold_fair_dim_sweep,f2e0a8cce77b,1,ProxyOnly,FeasibleRestricted,666721269,100,100,20000,10,0.1,100,7.887338497749177,-2.162792572308587,1.9667104433166913,-1.9667104433166913,0.3651882051882052,0.2469109109109109,0.3750157441520784,0.32943572863320697,0.32982285026350566,0.38541620150504274,4.596180023900544,3.681673686034207,1.6759676261183423,3.4286882042065088,0.13231741189767832,1.9758717533080339,4.124442726981839,0.9519993560931845,2.653689489079293,1.22370917298162,1.4961811015792246,0.0,0.0,,,13.674862623214722
gold_fair_dim_sweep,f2e0a8cce77b,1,Glmtrans_Auto,OracleTargetTreated,666721269,100,100,20000,10,0.1,100,1.645365908474685,-0.16832148423000184,0.02776064476189352,0.02776064476189352,0.975968571968572,0.8687767767767769,0.9790664338125808,0.9809464060769418,0.9772198841149479,0.9809090132034389,13.685844868234508,10.908294346316525,0.9922481566192761,-0.029065446545255096,0.9588087170900653,0.10232342762808333,0.21948804714231862,3.5173456211118954,0.08834322406058215,2.669033305038084,0.05085696952276075,,,,,27.47200655937195
gold_fair_dim_sweep,f2e0a8cce77b,1,Glmtrans_DR_CrossFit,OracleTargetTreated,666721269,100,100,20000,10,0.1,100,4.146955518277175,-0.23516186245677495,0.039079733464879585,-0.039079733464879585,0.8463106983106983,0.6584824824824825,0.860112988136124,0.849957441457822,0.8523140548978888,0.8509916461968315,11.858329482967559,9.514023135897567,0.9158807292321071,0.0192980890825964,0.7441935539377368,0.6016110371306252,1.3007543921738147,3.1270221051819824,0.47866673999049514,2.390179062954292,0.3297112116065528,,,,,37.69462847709656
gold_fair_dim_sweep,f2e0a8cce77b,1,Glmtrans_OptionB,FeasibleRestricted,666721269,100,100,20000,10,0.1,100,4.051098842397776,0.014868064320128284,0.21095019331202364,0.21095019331202364,0.8537130737130738,0.6664864864864866,0.8682840921380052,0.8777283268333955,0.857241643562141,0.8522186524664583,12.245779833719759,9.569027734597396,1.0729527523595237,-0.21203485952643508,0.754033874322166,0.41768688586288016,1.0749117599276659,3.157035700962043,0.44865314421043445,2.401179982694258,0.3187102918665867,,,,,32.45199918746948
gold_fair_dim_sweep,f2e0a8cce77b,1,AnchorOnly,OracleTargetTreated,666721269,100,100,20000,10,0.1,100,7.461419027635301,-0.2825938661996206,0.08651173720772526,-0.08651173720772526,0.3902364542364543,0.2666066066066066,0.4100096766911159,0.42098185990152287,0.4228269394643538,0.4113453288815598,5.873401840570243,4.719839197098035,1.6157624993667707,0.2605224425645228,0.17734877135298155,1.1073176596296506,3.1689859457840246,1.6666734026266044,1.9390154425458732,1.4313422751943856,1.288547999366459,0.0006531637998958168,32.0,,,16.936116218566895
gold_fair_dim_sweep,f2e0a8cce77b,1,AnchorPlugin,FeasibleRestricted,666721269,100,100,20000,10,0.1,100,6.098557739957943,-0.3711108661492942,0.17502873715739886,-0.17502873715739886,0.6558795678795679,0.47044244244244243,0.6715303788376262,0.6747986242224286,0.6865553440217215,0.6702085797484216,9.414570695396234,7.663728398658549,1.16514778650529,0.23631687525001585,0.44249808350173425,0.8470811046431106,1.669169985209014,2.5059616693128164,1.0997271758596612,2.0201201155064883,0.6997701590543564,0.012494879126794528,87.0,,,10.232747077941895
gold_fair_dim_sweep,f2e0a8cce77b,1,IPWTransport,FeasibleRestricted,666721269,100,100,20000,10,0.1,100,4.0559082808329405,0.0293922045240939,0.22547433351598928,0.22547433351598928,0.8540496140496141,0.666982982982983,0.8687165834092136,0.8730249022555121,0.8421845550144909,0.8592464378114464,12.180159185411572,9.40095179125423,1.0731070754629575,-0.22762311163015458,0.7535477257759571,0.4217696356274937,1.3317715261464134,3.1496245679700485,0.45606427720242904,2.367564794025624,0.3523254805352205,,,,,1.1850111484527588
gold_fair_dim_sweep,f2e0a8cce77b,1,EntropyBalancing,FeasibleRestricted,666721269,100,100,20000,10,0.1,100,4.243359598466226,-0.1299508038319812,0.06613132515991416,0.06613132515991416,0.8385199905199906,0.6487567567567568,0.854160610140974,0.8272552791758033,0.8426519998247756,0.8416400100645641,11.541596306475526,9.406169680967825,1.0356416853917987,-0.06149965949332322,0.7264916637055442,0.23496578078860295,0.7072104017766403,3.1188373808398,0.48685146433267734,2.3686083719683433,0.35128190259250136,,,,,3.937713146209717
gold_fair_dim_sweep,f2e0a8cce77b,1,OutcomeModelTransport,FeasibleRestricted,666721269,100,100,20000,10,0.1,100,4.040852959625981,0.0014887112244734056,0.19757084021636878,0.19757084021636878,0.8541537741537742,0.6670350350350351,0.868680613223587,0.8777283268333955,0.8565503613248353,0.8578806968098004,12.245779833719759,9.561311241878114,1.0679983103817818,-0.1976720700642792,0.754788033249988,0.3775887710221415,1.0220308052558096,3.1621760793654525,0.44351276580702503,2.399636684150401,0.32025359041044377,,,,,0.31461596488952637
gold_fair_dim_sweep,f2e0a8cce77b,3,TargetOnlyDR,OracleTargetTreated,1223023217,100,100,20000,10,0.1,100,7.3894114166904545,-2.351885231409456,0.5104816795680382,-0.5104816795680382,0.5143849663849666,0.3572812812812813,0.5306278726811523,0.35205873440743407,0.3862922922904542,0.36181898182502387,4.344154627954608,3.6577888884099377,2.108962749678206,3.1186347927194316,0.2671233505010294,2.1664399856745504,4.09995355942318,0.8883465724018439,1.9076844804464361,1.1294505274870816,1.1622355810835747,0.0,0.0,,,15.707951545715332
gold_fair_dim_sweep,f2e0a8cce77b,3,ProxyOnly,FeasibleRestricted,1223023217,100,100,20000,10,0.1,100,7.763268535189307,-0.9912788895124348,0.8501246623289828,0.8501246623289828,0.3618844458844459,0.24540140140140143,0.37577034291412803,0.17425870306383442,0.22015681300149112,0.2727035020483735,2.1502285766330336,2.084657551746078,1.6209448271423317,-0.23459516363084112,0.13598090130297003,1.387794477345269,3.087516932177902,1.013133148762593,1.7828979040856872,0.81482426015431,1.4768618484163465,0.0,0.0,,,12.975890398025513
gold_fair_dim_sweep,f2e0a8cce77b,3,Glmtrans_Auto,OracleTargetTreated,1223023217,100,100,20000,10,0.1,100,1.9348248873800618,-1.5552297346518198,0.2861738171895978,0.2861738171895978,0.9692450252450253,0.8492932932932933,0.9723820391076611,0.9645971978782508,0.9617502639960007,0.9619080454975902,11.902444029198234,9.106781313733261,1.0328041903108913,-0.23515576499692167,0.9465965697332309,0.3043914704095337,0.8156462832851474,2.6981884353712147,0.09784261747706546,2.2192490125517463,0.07243709601891002,,,,,28.09700083732605
gold_fair_dim_sweep,f2e0a8cce77b,3,Glmtrans_DR_CrossFit,OracleTargetTreated,1223023217,100,100,20000,10,0.1,100,2.959596606039563,-1.8121833288572577,0.029220222984159827,0.029220222984159827,0.9271294831294832,0.7660100100100101,0.9339590776367861,0.9347312459223317,0.9181224242436432,0.9125945599818086,11.53391940325492,8.693670747831748,0.9551901139221889,-0.11042395150236113,0.8718981836440175,0.36879794824709883,0.7103580677462915,2.5848000018038064,0.2112310510444737,2.1366268993714437,0.15505920919921268,,,,,35.98994731903076
gold_fair_dim_sweep,f2e0a8cce77b,3,Glmtrans_OptionB,FeasibleRestricted,1223023217,100,100,20000,10,0.1,100,3.919578429706734,-2.585373915293844,0.7439703634524264,-0.7439703634524264,0.8703494943494945,0.6846006006006006,0.8802296662023634,0.8690013652395431,0.8648747505732893,0.86975865149675,10.722859379865223,8.189470293998587,1.0150243892090387,0.7828140274066968,0.7803176627765807,0.7439703634524256,1.3101691827730528,2.4100222935333067,0.38600875931497347,2.035786808604812,0.2558992999658445,,,,,31.67452383041382
gold_fair_dim_sweep,f2e0a8cce77b,3,AnchorOnly,OracleTargetTreated,1223023217,100,100,20000,10,0.1,100,7.342158173603937,-2.177796479333733,0.3363929274923154,-0.3363929274923154,0.5192957792957793,0.36283883883883883,0.5409572980670102,0.4874547002115807,0.44111485054510824,0.4255648824217108,6.014844640643717,4.176901872075947,2.1178064040724918,2.7707477788580883,0.2791867147212346,2.072207951656699,4.677205201006931,1.088873272550183,1.707157780298097,1.2332731242202837,1.0584129843503727,0.009121699908175924,3.0,,,18.09668755531311
gold_fair_dim_sweep,f2e0a8cce77b,3,AnchorPlugin,FeasibleRestricted,1223023217,100,100,20000,10,0.1,100,6.351406915287849,-1.3354623212155081,0.5059412306259095,0.5059412306259095,0.6302406782406783,0.44819219219219225,0.6509157752424508,0.5889972316436058,0.5773581428765615,0.5749301100685464,7.26780732767127,5.4669850830442535,1.372218293133495,-0.00885772487897713,0.437094990424143,1.163396496714236,3.2565431401393212,1.6754074619701087,1.1206235908781714,1.491289766413945,0.8003963421567113,0.29565973315595656,44.0,,,10.537579774856567
gold_fair_dim_sweep,f2e0a8cce77b,3,IPWTransport,FeasibleRestricted,1223023217,100,100,20000,10,0.1,100,3.9958036193396405,-2.5108848093392315,0.669481257497814,-0.669481257497814,0.8635044235044236,0.6762202202202202,0.8741183725891167,0.8562094205025617,0.8498143815263873,0.8535867978004216,10.56501587110175,8.04686415959068,0.996511636765516,0.6607223792428921,0.7696361651699444,0.6694812574978143,1.2877482221898284,2.42993140157974,0.36609965126854016,2.0072655817232303,0.284420526847426,,,,,1.3223304748535156
gold_fair_dim_sweep,f2e0a8cce77b,3,EntropyBalancing,FeasibleRestricted,1223023217,100,100,20000,10,0.1,100,4.4397966873344705,-2.566658083775293,0.7252545319338752,-0.7252545319338752,0.8332840732840734,0.64,0.8455297707191369,0.7972721190936608,0.8007397066547647,0.8186666207819898,9.837771449498142,7.582177692813389,0.9280523952046772,0.5405896304776895,0.7195050010373967,0.8799216439704378,1.7598337867042049,2.3351781930145243,0.4608528598337558,1.9143282883677721,0.3773578202028842,,,,,4.319341659545898
gold_fair_dim_sweep,f2e0a8cce77b,3,OutcomeModelTransport,FeasibleRestricted,1223023217,100,100,20000,10,0.1,100,3.926240104852689,-2.6019279759553045,0.7605244241138869,-0.7605244241138869,0.86998430998431,0.6842042042042042,0.8798920895346196,0.8660287974825004,0.8648747505732893,0.8684398042915461,10.686180005895421,8.189470293998587,1.0091468399113184,0.784323842770731,0.7798045808109889,0.7605244241138863,1.3573229993130456,2.413541463533242,0.3824895893150382,2.035786808604812,0.2558992999658445,,,,,0.33057093620300293
gold_fair_dim_sweep,f2e0a8cce77b,2,TargetOnlyDR,OracleTargetTreated,2130687140,100,100,20000,10,0.1,100,6.51152933086831,3.7764631636279806,0.20503260474320406,-0.20503260474320406,0.41484508284508287,0.2853213213213214,0.4343221772863956,0.5871706005140334,0.5998958893991242,0.6224281356674121,9.676915918332455,8.354999227355194,1.3526462768849605,-1.1267230697034003,0.1823759083123231,0.7191483836595118,2.206341043394306,1.4710984971968535,1.257951750145681,-0.8719718913033923,1.1144832275081213,0.0,0.0,,,15.259286642074585
gold_fair_dim_sweep,f2e0a8cce77b,2,ProxyOnly,FeasibleRestricted,2130687140,100,100,20000,10,0.1,100,7.090065128050181,5.539450638297231,1.557954869926046,1.557954869926046,0.2616685896685897,0.17711311311311312,0.26861495165652044,0.41508877258224663,0.4251079923847873,0.496415812650177,6.840906454454239,5.920655584879894,0.7963514394372517,-0.42985372112841413,0.06689732298697981,1.5579548699260457,2.9891112291331776,1.4688743752700684,1.260175872072466,-1.3588406197984517,1.6013519560031808,0.0,0.0,,,14.567461252212524
gold_fair_dim_sweep,f2e0a8cce77b,2,Glmtrans_Auto,OracleTargetTreated,2130687140,100,100,20000,10,0.1,100,0.8764259106767229,3.8708842055991455,0.11061156277203921,-0.11061156277203921,0.9920348600348601,0.9257577577577577,0.993055780828182,0.9942024930936652,0.9960288964582992,0.9949799580493907,16.385040264348117,13.872108156413525,1.0397291289509298,-0.04317529498632701,0.9866286698319333,0.23025277763598245,0.5401361446041939,2.713763803993472,0.015286443349062484,0.23144989450827402,0.011061441696455093,,,,,26.252551555633545
gold_fair_dim_sweep,f2e0a8cce77b,2,Glmtrans_DR_CrossFit,OracleTargetTreated,2130687140,100,100,20000,10,0.1,100,1.6084478147412564,3.57283270557959,0.4086630627915948,-0.4086630627915948,0.9724249804249805,0.8588828828828828,0.9758082698790098,0.9853768063634377,0.9885886666657208,0.9845875904569841,16.239587770072713,13.768484985682012,1.0315133886826469,0.2960709970425957,0.9534671906256824,0.40866306279159453,0.949050873628277,2.6748089365407606,0.05424131080177386,0.21072526036197115,0.03178607584275797,,,,,41.15045690536499
gold_fair_dim_sweep,f2e0a8cce77b,2,Glmtrans_OptionB,FeasibleRestricted,2130687140,100,100,20000,10,0.1,100,1.8204057858457825,2.5785222311142433,1.4029735372569414,-1.4029735372569414,0.9850941370941372,0.8965645645645646,0.986909559532909,0.99033026346761,0.9893920664123076,0.9925135269068041,16.32122364874269,13.779674267656778,0.9710598726195653,1.4775962990786733,0.9744991509622916,1.4029735372569403,1.7260274723669458,2.637711274287067,0.09133897305546723,0.21296311675692442,0.029548219447804697,,,,,32.61730217933655
gold_fair_dim_sweep,f2e0a8cce77b,2,AnchorOnly,OracleTargetTreated,2130687140,100,100,20000,10,0.1,100,6.668901512168386,3.6523655533629418,0.3291302150082429,-0.3291302150082429,0.3422639822639823,0.2323843843843844,0.357721265544458,0.5973237524745311,0.5756253185017198,0.5727930189439057,9.844245818265755,8.016972905323891,1.1085705664833556,-0.06740918212466218,0.1318987499013926,0.6731970762119778,2.270617651676356,1.5547698686121145,1.17428037873042,-0.9395771557096525,1.1820884919143817,0.0008311558906202303,31.0,,,16.32559037208557
gold_fair_dim_sweep,f2e0a8cce77b,2,AnchorPlugin,FeasibleRestricted,2130687140,100,100,20000,10,0.1,100,5.1007357541041385,3.273572298533768,0.7079234698374166,-0.7079234698374166,0.6874584034584035,0.4996556556556557,0.7096984033791929,0.7899288941998087,0.7931838442174529,0.7805064751731523,13.018491532002697,11.04700085914127,0.9776131468290717,0.7812084522291122,0.5002601579219235,0.8940396078652311,1.6137222808548224,2.1611994550700557,0.5678507922724787,-0.3335715649461764,0.5760829011509055,0.0331599466432229,70.0,,,9.001388549804688
gold_fair_dim_sweep,f2e0a8cce77b,2,IPWTransport,FeasibleRestricted,2130687140,100,100,20000,10,0.1,100,1.9838198908475941,2.570880160083243,1.4106156082879417,-1.4106156082879417,0.979898335898336,0.8784984984984985,0.9819727921034704,0.9832026984516465,0.987045379811539,0.98602846515238,16.203757196400655,13.74699098863664,0.9577522677730713,1.5192294648786626,0.9637484733145261,1.4106156082879417,1.9139467912746806,2.6143236551912543,0.11472659215128012,0.20642646095289688,0.03608487525183224,,,,,1.1379384994506836
gold_fair_dim_sweep,f2e0a8cce77b,2,EntropyBalancing,FeasibleRestricted,2130687140,100,100,20000,10,0.1,100,2.988408624647856,2.5209077318933946,1.4605880364777901,-1.4605880364777901,0.932916308916309,0.7758238238238239,0.9380369350300339,0.9476427074147328,0.9455978374360658,0.9579581808176959,15.617707685373329,13.169733850119306,0.8943997824772426,1.7267964413205377,0.8790592258781899,1.4605880364777895,2.6121556773035195,2.4908176769608117,0.23823257038172274,0.09097503324942967,0.15153630295529946,,,,,4.362514972686768
gold_fair_dim_sweep,f2e0a8cce77b,2,OutcomeModelTransport,FeasibleRestricted,2130687140,100,100,20000,10,0.1,100,1.8228103388137025,2.58371308281611,1.3977826855550748,-1.3977826855550748,0.9849859089859089,0.8961801801801801,0.9868127800949816,0.988854000275445,0.9902124571638319,0.9930318635328879,16.296893965391032,13.791100190414777,0.9660321446060696,1.4855458779315802,0.97438176900274,1.3977826855550743,1.7881780657541277,2.637711274287067,0.09133897305546723,0.21524830130852468,0.027263034896204436,,,,,0.16792988777160645
gold_fair_dim_sweep,3909026444bd,0,TargetOnlyDR,OracleTargetTreated,604188558,200,200,20000,10,0.1,50,5.690559405276996,-1.7079991402017767,0.12668849370241686,-0.12668849370241686,0.6607456807456809,0.47204404404404404,0.6759724236603368,0.5995773315626013,0.5883365514428219,0.5909614197923524,6.147449226990357,4.637967043028635,2.1492172554964255,2.089550577995359,0.4380431726492403,2.2031846522982947,4.572683264141462,1.306034400977405,1.0644135060448652,1.2905191910523104,0.6490439876786278,0.0,0.0,,,14.444303274154663
gold_fair_dim_sweep,3909026444bd,0,ProxyOnly,FeasibleRestricted,604188558,200,200,20000,10,0.1,50,6.1868900026966065,-1.3979309695096265,0.18337967698973334,0.18337967698973334,0.4783630423630424,0.3303183183183183,0.49555993213949145,0.41951519206224946,0.45677151957262896,0.3722082007535081,4.301277262155001,3.600815296579189,1.8522354062501512,1.0079865907199703,0.23849642334591126,1.3873374373303622,2.761605214761773,1.1022419379038304,1.2682059691184397,1.0830888417624214,0.8564743369685168,0.0,0.0,,,5.730449438095093
gold_fair_dim_sweep,3909026444bd,0,Glmtrans_Auto,OracleTargetTreated,604188558,200,200,20000,10,0.1,50,0.9661532085612302,-1.5854690753924423,0.004158428893082489,-0.004158428893082489,0.9902511062511061,0.9165565565565567,0.9911931131098447,0.9829847364173425,0.9878286204646567,0.9912713015923873,10.078514379927293,7.7872377207228105,1.039522614861457,0.06682031253456878,0.981600288751751,0.21945780861037856,0.484000580550763,2.355317531199618,0.015130375822652198,1.9203733265911458,0.019189852139792407,,,,,18.48030710220337
gold_fair_dim_sweep,3909026444bd,0,Glmtrans_DR_CrossFit,OracleTargetTreated,604188558,200,200,20000,10,0.1,50,0.9103335064784742,-1.508157980938796,0.07315266556056388,0.07315266556056388,0.990877662877663,0.9205965965965965,0.9918027686732414,0.9833458234016805,0.9896321277780386,0.9919962444993186,10.082216594447246,7.801455106096562,0.9816800106372028,-0.10078210372878021,0.9828608544732214,0.13171781729048665,0.4036874557805845,2.3478010984351667,0.02264680858710344,1.9232168036658959,0.01634637506504233,,,,,29.837088346481323
gold_fair_dim_sweep,3909026444bd,0,Glmtrans_OptionB,FeasibleRestricted,604188558,200,200,20000,10,0.1,50,3.1294069445114645,-2.1279987303678496,0.5466880838684898,-0.5466880838684898,0.8848100128100128,0.7058578578578578,0.8948217360403156,0.8771740459517324,0.8929284554569876,0.8692834142015067,8.993640397759046,7.039121975399576,1.0264313761428683,0.6029340187423896,0.7989469324188114,0.5466880838684893,0.9693362722929955,2.10132532376026,0.2691225832620101,1.7707501775264987,0.16881300120443954,,,,,19.456716775894165
gold_fair_dim_sweep,3909026444bd,0,AnchorOnly,OracleTargetTreated,604188558,200,200,20000,10,0.1,50,5.687748210713226,-1.2090228164524943,0.3722878300468655,0.3722878300468655,0.6255390615390617,0.44204204204204206,0.6393637087782608,0.49228739078944084,0.5607489616504302,0.5448627105022036,5.047408533739194,4.420488914328448,1.5372590984087244,0.27727067827597773,0.3600582921404787,1.499921365500743,4.809088997321832,1.3701851043208284,1.0002628027014417,1.2470235653122732,0.692539613418665,0.0004564223815995137,24.0,,,13.206856489181519
gold_fair_dim_sweep,3909026444bd,0,AnchorPlugin,FeasibleRestricted,604188558,200,200,20000,10,0.1,50,4.183991207447248,-1.1157807626059895,0.46552988389337036,0.46552988389337036,0.7881880161880163,0.5926286286286286,0.8023154389408494,0.798009137130182,0.7733174488242985,0.7649989328924561,8.181964852468704,6.0962060450780085,1.1232528659119492,-0.3280067071727625,0.6406330333137813,0.6179219534239331,1.8672305434003942,1.8396049801411025,0.5308429268811676,1.5821669914621852,0.357396187268753,0.0058025452692190135,50.0,,,4.193442344665527
gold_fair_dim_sweep,3909026444bd,0,IPWTransport,FeasibleRestricted,604188558,200,200,20000,10,0.1,50,3.2721095828141777,-2.5239724001083297,0.9426617536089699,-0.9426617536089699,0.8802013962013963,0.6997837837837838,0.8906877773970437,0.8737137308436508,0.8964574776951179,0.8695546413337558,8.95816188595327,7.066941917564352,1.012982108552255,0.975428237290073,0.7916729112749488,0.9426617536089693,1.409547399353524,2.0719419959523346,0.2985059110699355,1.7763141659594543,0.16324901277148385,,,,,0.3071885108947754
gold_fair_dim_sweep,3909026444bd,0,EntropyBalancing,FeasibleRestricted,604188558,200,200,20000,10,0.1,50,3.321434713856406,-2.5742311548396373,0.9929205083402775,-0.9929205083402775,0.8771712011712013,0.6955475475475476,0.887997450058704,0.8737707592971299,0.8885317926906089,0.8727786803484123,8.958746597055244,7.004462260717958,0.9947008543480194,0.9792792825089167,0.7867254448229768,0.9929205083402779,1.2374336923409963,2.050394972971044,0.32005293405122615,1.763818234590175,0.17574494414076325,,,,,1.7790429592132568
gold_fair_dim_sweep,3909026444bd,0,OutcomeModelTransport,FeasibleRestricted,604188558,200,200,20000,10,0.1,50,3.1764256768488206,-2.4593154953332497,0.8780048488338899,-0.8780048488338899,0.8870059430059432,0.7086606606606607,0.8969760448138802,0.8729008555340322,0.8998160892121153,0.8709232410649826,8.94982749865959,7.0934184801508,1.0328067456182815,0.9586869866843859,0.8029542187592272,0.8780048488338896,1.4723005374581648,2.077899417318901,0.292548489703369,1.7816094784767436,0.15795370025419464,,,,,0.04705214500427246
gold_fair_dim_sweep,3909026444bd,1,TargetOnlyDR,OracleTargetTreated,1973740971,200,200,20000,10,0.1,50,4.140811737842447,-0.9926737279893947,0.5263020681702686,0.5263020681702686,0.6461968541968542,0.4667107107107107,0.6711990512886851,0.6455686453419462,0.6477967793129734,0.6429498156254128,5.2052687784017255,3.878809220651324,1.3264164856556544,-0.20227699847727248,0.4260516496573664,1.2758597474061584,2.2800367614511816,1.6626149987658558,0.6095539368124498,1.6242691812764158,0.4217770583524023,0.0,0.0,,,16.455764293670654
gold_fair_dim_sweep,3909026444bd,1,ProxyOnly,FeasibleRestricted,1973740971,200,200,20000,10,0.1,50,4.4480347015522845,-1.2243637611741642,0.29461203498549904,0.29461203498549904,0.5736602616602617,0.4042562562562563,0.5932788746054123,0.484877704485865,0.43770107224659,0.43747307149308834,3.909605577523822,2.62082030836834,1.5822294571168842,0.4182486129965208,0.34660974684440493,1.02731872519354,2.0528927252430504,1.425278915963617,0.8468900196146887,1.372671398819819,0.6733748408089992,0.0,0.0,,,6.902522087097168
gold_fair_dim_sweep,3909026444bd,1,Glmtrans_Auto,OracleTargetTreated,1973740971,200,200,20000,10,0.1,50,0.6538846527786872,-1.4437753041601926,0.07520049199947065,0.07520049199947065,0.9914734154734155,0.9258458458458458,0.9927406075392121,0.9921815615565369,0.992404659149018,0.9892380315530948,8.000034918270433,5.9422159316800025,1.0391767582757765,-0.018638055903850707,0.9864019131409758,0.16752581493992608,0.4221152978733542,2.2591433598381463,0.01302557574015939,2.0369505234821514,0.00909571614666671,,,,,20.132803440093994
gold_fair_dim_sweep,3909026444bd,1,Glmtrans_DR_CrossFit,OracleTargetTreated,1973740971,200,200,20000,10,0.1,50,0.6004334964988066,-1.4584699109457455,0.060505885213917754,0.060505885213917754,0.9920229080229082,0.9288328328328329,0.9932653461368152,0.9935740242020499,0.9916669371719928,0.9910051503546855,8.011262449821226,5.937798677846482,1.0057243293221334,-0.052157123137241364,0.9873446744744332,0.06751970313848185,0.14462972641397798,2.258263891399928,0.013905044178377679,2.036067072715447,0.009979166913371085,,,,,29.840481758117676
gold_fair_dim_sweep,3909026444bd,1,Glmtrans_OptionB,FeasibleRestricted,1973740971,200,200,20000,10,0.1,50,2.3575641875055293,-0.6736032212374083,0.8453725749222549,0.8453725749222549,0.9146789666789668,0.7472512512512514,0.9235371726189698,0.9104522931204596,0.8822108935520528,0.8952071785916078,7.341045649907519,5.282409326112893,0.8487639491246275,-0.9472456659591308,0.8549463015329357,1.0345162177818525,2.453775624753714,2.102759985804764,0.16940894977354182,1.9049892023687294,0.14105703726008878,,,,,18.904165744781494
gold_fair_dim_sweep,3909026444bd,1,AnchorOnly,OracleTargetTreated,1973740971,200,200,20000,10,0.1,50,4.214292464799555,-1.1336617089393308,0.38531408722033245,0.38531408722033245,0.5946557106557107,0.422998998998999,0.618627615033267,0.6106129688876832,0.5410948442354899,0.4205418108747099,4.923418517258838,3.239910629523992,1.136982860634234,-0.23002186333832864,0.3793598934457295,0.817892896748575,2.2613116120222383,1.4192879881686113,0.8528809474096943,1.4964894630509495,0.5495567765778686,0.005919310312365555,22.0,,,9.681674242019653
gold_fair_dim_sweep,3909026444bd,1,AnchorPlugin,FeasibleRestricted,1973740971,200,200,20000,10,0.1,50,3.215377123773469,-0.8508080010398023,0.668167795119861,0.668167795119861,0.7902908142908143,0.5951031031031031,0.8074325842314201,0.7668538144175452,0.7730838931650396,0.780433911719213,6.183200263190597,4.628990184739445,1.055574162733955,-0.620884852814724,0.6501076331117714,0.688991286241297,1.4799109413005418,1.8903698246718414,0.38179911090646423,1.77430537409404,0.27174086553477816,0.021317029243551583,46.0,,,3.8414664268493652
gold_fair_dim_sweep,3909026444bd,1,IPWTransport,FeasibleRestricted,1973740971,200,200,20000,10,0.1,50,1.229395110705396,-1.7796559434479018,0.2606801472882385,-0.2606801472882385,0.9685356925356926,0.8513353353353353,0.9729804620988394,0.9786339340863135,0.9753804973517768,0.9637565556641187,7.890799374070763,5.8402804515082245,0.9987435578546435,0.25844411255665606,0.9486826829695831,0.26068014728823824,0.5213871757890471,2.2216292487940854,0.05053968678422027,2.0165634274477955,0.029482812181022666,,,,,0.6820042133331299
gold_fair_dim_sweep,3909026444bd,1,EntropyBalancing,FeasibleRestricted,1973740971,200,200,20000,10,0.1,50,1.4214690873931521,-1.7510977615601362,0.23212196540047292,-0.23212196540047292,0.9574859494859495,0.8263903903903904,0.9633420867906413,0.9764217890364739,0.9708115425280736,0.9503184693403127,7.872962681343646,5.812922945782872,0.9748027661369617,0.1879991455853989,0.9307005962354973,0.24148125665632322,0.5509822408767935,2.1919295805457497,0.08023935503255597,2.011091926302725,0.034954313326093,,,,,1.9428775310516357
gold_fair_dim_sweep,3909026444bd,1,OutcomeModelTransport,FeasibleRestricted,1973740971,200,200,20000,10,0.1,50,1.0468072215243254,-1.8510259281159083,0.332050131956245,-0.332050131956245,0.9790147150147152,0.8792192192192193,0.9819463506576696,0.984342471767585,0.9823088689574405,0.971134084576254,7.936827744836684,5.881765424151418,1.0200426549096986,0.36914960586237616,0.9653338104741046,0.3320501319562455,0.5649076756823961,2.230790002136634,0.04137893344167187,2.0248604219764346,0.021185817652383587,,,,,0.039247751235961914
gold_fair_dim_sweep,3909026444bd,3,TargetOnlyDR,OracleTargetTreated,1958986355,200,200,20000,10,0.1,50,3.611113111663741,0.3186221220546123,0.3480287696944474,0.3480287696944474,0.6715291075291075,0.4838598598598599,0.681833020829817,0.6566555925562462,0.6774797193880401,0.6924747343089767,5.194649795626754,4.311711840999746,1.5753036975865893,-0.5313332546453513,0.4552565553735073,1.1061314733905436,2.2163744614476113,2.6871100729035304,0.5846614026688979,2.2691637112129683,0.41052579821378954,0.0,0.0,,,16.923712491989136
gold_fair_dim_sweep,3909026444bd,3,ProxyOnly,FeasibleRestricted,1958986355,200,200,20000,10,0.1,50,4.4053531132366395,-2.1905570633569913,2.1611504157171564,-2.1611504157171564,0.6247342207342208,0.44257457457457455,0.6382042125754478,0.6841302861026659,0.6714495815184699,0.6232926631639469,5.411995711558464,4.273333988333437,1.9646796497725483,4.274336236403164,0.40763389827644536,2.2295325348582042,4.804833666030459,1.8431559940291449,1.4286154815432834,2.261488140679706,0.4182013687470518,0.0,0.0,,,7.828100681304932
gold_fair_dim_sweep,3909026444bd,3,Glmtrans_Auto,OracleTargetTreated,1958986355,200,200,20000,10,0.1,50,0.566319440949428,0.10191981062138684,0.13132645826122194,0.13132645826122194,0.9923489723489723,0.9253093093093093,0.9930106483361129,0.9937096084644614,0.9922322415891434,0.9930821215178652,7.861005789088905,6.314904170040837,0.9958399086659167,-0.13090246254028454,0.9857947382947441,0.13132645826122213,0.19078801334616918,3.2589287771966102,0.012842698375818085,2.6698021770211864,0.009887332405571492,,,,,25.962049961090088
gold_fair_dim_sweep,3909026444bd,3,Glmtrans_DR_CrossFit,OracleTargetTreated,1958986355,200,200,20000,10,0.1,50,0.6072596038226074,0.068884245307513,0.09829089294734808,0.09829089294734808,0.9912060672060673,0.9202842842842843,0.9920172329071201,0.9881510559518678,0.9923316717661794,0.9909459822961868,7.817033371887491,6.315536977576487,0.9715336719497243,-0.09633001142292874,0.9840150751848701,0.13986032567540707,0.35578689656030704,3.254107948221444,0.01766352735098442,2.669928738528316,0.009760770898441962,,,,,29.320368766784668
gold_fair_dim_sweep,3909026444bd,3,Glmtrans_OptionB,FeasibleRestricted,1958986355,200,200,20000,10,0.1,50,2.731147334170051,0.4376445047431446,0.4670511523829797,0.4670511523829797,0.8526284886284886,0.6585785785785786,0.858703586321916,0.8234094520599133,0.856060380167717,0.8588541877916467,6.513800827019972,5.448260032217653,0.7636604040241709,-0.363618426950943,0.7306206350215103,1.0029307598537085,2.9479628117961223,3.0080397526037346,0.26373172296869374,2.4964733494565494,0.18321615997020846,,,,,16.258870840072632
gold_fair_dim_sweep,3909026444bd,3,AnchorOnly,OracleTargetTreated,1958986355,200,200,20000,10,0.1,50,3.6503012525559098,0.4729487999264377,0.5023554475662728,0.5023554475662728,0.6868134628134629,0.4968408408408409,0.6977531799514685,0.7289050460935584,0.7506610821678756,0.7322838999295855,5.766198432851825,4.777462976285886,1.7547956476732125,-0.8593351433230167,0.47528724684546786,1.3191167274183497,2.3465235703517098,2.6333106171107574,0.6384608584616709,2.362313938270196,0.3173755711565618,0.0005217482741445248,24.0,,,10.401259660720825
gold_fair_dim_sweep,3909026444bd,3,AnchorPlugin,FeasibleRestricted,1958986355,200,200,20000,10,0.1,50,2.5949145554886828,-0.9141460694872517,0.8847394218474166,-0.8847394218474166,0.8477598797598798,0.6534094094094094,0.8555665976842611,0.8259113310898392,0.8535169889863667,0.8599519342060465,6.533592610625887,5.432073023870262,1.1088495468248767,0.9842438072428465,0.7281255752667367,0.8847394218474168,1.5102200309922194,2.95866735573602,0.3131041198364084,2.4932359477870714,0.18645356163968652,0.006080416055296867,49.0,,,5.3832221031188965
gold_fair_dim_sweep,3909026444bd,3,IPWTransport,FeasibleRestricted,1958986355,200,200,20000,10,0.1,50,0.8362118766021945,-0.30842132337943634,0.27901467573960126,-0.27901467573960126,0.984893988893989,0.8939539539539539,0.9858969447936574,0.9856597525566743,0.9773637339924923,0.9879075263438598,7.797325249670322,6.220275920031547,1.0165777949600137,0.28412762119988194,0.9711356932322499,0.2790146757396009,0.4355222392439382,3.2407764479587775,0.030995027613650805,2.650876527019328,0.02881298240742991,,,,,0.994117259979248
gold_fair_dim_sweep,3909026444bd,3,EntropyBalancing,FeasibleRestricted,1958986355,200,200,20000,10,0.1,50,0.9892831368705817,-0.31898397307094034,0.28957732543110526,-0.28957732543110526,0.9780313020313021,0.8716676676676677,0.9794038354005826,0.9798714271233873,0.9688757885622864,0.979603396384412,7.751535152289144,6.166255742349716,0.9979250421259664,0.28891544712449135,0.9580672520717072,0.28957732543110537,0.40903668665398185,3.228849401513393,0.04292207405903525,2.640072491482962,0.03961701794379602,,,,,2.7142386436462402
gold_fair_dim_sweep,3909026444bd,3,OutcomeModelTransport,FeasibleRestricted,1958986355,200,200,20000,10,0.1,50,0.7018332340655696,-0.2979459774941442,0.2685393298543091,-0.2685393298543091,0.98996216996217,0.9140580580580581,0.9906547250006729,0.9904962824665177,0.9838949169250403,0.9901308898943504,7.835585913848795,6.261842594250872,1.0262706293231156,0.2763665581873711,0.9809376733161824,0.2685393298543092,0.4715765476432816,3.248686257525805,0.023085218046623446,2.6591898618631933,0.020499647563564594,,,,,0.0822901725769043
gold_fair_dim_sweep,b69b6dc98ec6,0,TargetOnlyDR,OracleTargetTreated,1415368237,500,500,20000,10,0.1,10,1.0763078434386089,1.1546829223545838,0.013577143961058802,0.013577143961058802,0.8901870981870982,0.7161841841841842,0.8979308139073457,0.8803708808734065,0.9418143033356292,0.9313318177373396,4.549265884417344,4.092858057858797,1.1114065053362414,-0.14221633311202125,0.7895880622616347,0.19227045238798962,0.5829462289007576,-0.07361210422691364,0.07587999385382455,-0.7843874641673911,0.05057170964625535,0.0,0.0,,,23.200124740600586
gold_fair_dim_sweep,b69b6dc98ec6,0,ProxyOnly,FeasibleRestricted,1415368237,500,500,20000,10,0.1,10,1.9111138098851788,2.568408666994639,1.4273028886011139,1.4273028886011139,0.8390533790533791,0.6473553553553554,0.8481946028464863,0.8389252763987728,0.897158185865251,0.8881032291907177,4.335098107413576,3.898795226604266,1.0879932509379087,-1.6533055169470738,0.7001007385988609,1.4273028886011137,1.9780825733483027,-0.2700236346064495,0.2722915242333604,-0.8232000304182975,0.08938427589716169,0.0,0.0,,,8.409221887588501
gold_fair_dim_sweep,b69b6dc98ec6,0,Glmtrans_Auto,OracleTargetTreated,1415368237,500,500,20000,10,0.1,10,0.516258516988775,1.143048721181227,0.0019429427877020178,0.0019429427877020178,0.9749268989268989,0.8811971971971971,0.9765043238193866,0.9847449885400198,0.9845499570434554,0.9863506063725682,5.088613081763486,4.2785750978490125,1.01244923246576,-0.016173022037376573,0.9499013879182782,0.04545463367263825,0.1113327610901167,-0.017225490601471476,0.019493380228382377,-0.7472440561693482,0.013428301648212404,,,,,14.254094362258911
gold_fair_dim_sweep,b69b6dc98ec6,0,Glmtrans_DR_CrossFit,OracleTargetTreated,1415368237,500,500,20000,10,0.1,10,0.5211279731477341,1.1455512009259778,0.004445422532452836,0.004445422532452836,0.9745075825075825,0.8794994994994996,0.9761318959997275,0.9850087537335893,0.9843342034870265,0.9863506063725682,5.089976073228415,4.277637494036017,1.0180540290854716,-0.025127237232867482,0.9491069919493511,0.05375926105752576,0.12260232460069043,-0.01737446327662402,0.01964235290353492,-0.7474315769319475,0.013615822410811718,,,,,20.11596131324768
gold_fair_dim_sweep,b69b6dc98ec6,0,Glmtrans_OptionB,FeasibleRestricted,1415368237,500,500,20000,10,0.1,10,1.2306241759676417,0.40977204741334483,0.7313337309801802,-0.7313337309801802,0.9033252033252033,0.7331371371371372,0.9081175666203618,0.927924506430274,0.9368953185834656,0.9433286185038527,4.794996509005462,4.071481544136216,1.0210546564771097,0.7227061212879695,0.8156822683383202,0.7313337309801803,0.9650610449137692,-0.12967109751462502,0.13193898714153593,-0.7886627669119074,0.05484701239077161,,,,,11.110862016677856
gold_fair_dim_sweep,b69b6dc98ec6,0,AnchorOnly,OracleTargetTreated,1415368237,500,500,20000,10,0.1,10,1.0468572048088491,1.2072911126783252,0.06618533428480022,0.06618533428480022,0.9006900366900369,0.7303303303303303,0.9066264947403647,0.8850031524780679,0.9374308921553454,0.9358039606326777,4.573202881467422,4.073808995101317,1.1138568464638137,-0.2036436931381421,0.8026190939461537,0.20600690221689386,0.7338117411642004,-0.0668624985578785,0.0691303881847894,-0.7881972767188872,0.054381522197751386,0.00019856808090991393,5.0,,,8.673259735107422
gold_fair_dim_sweep,b69b6dc98ec6,0,AnchorPlugin,FeasibleRestricted,1415368237,500,500,20000,10,0.1,10,1.1229859922591452,1.4746024509630515,0.33349667256952653,0.33349667256952653,0.8828473988473988,0.7025225225225226,0.8906534019369376,0.9009727452827773,0.9200551282825244,0.914405528880998,4.655724833650149,3.9982988494956992,1.013097007893737,-0.3528095525099142,0.7833644010727217,0.3334966725695263,0.548259822728784,-0.08862088234555715,0.09088877197246806,-0.8032993058400107,0.06948355131887496,0.0004073689392504942,10.0,,,7.901067733764648
gold_fair_dim_sweep,b69b6dc98ec6,0,IPWTransport,FeasibleRestricted,1415368237,500,500,20000,10,0.1,10,1.2047204342361924,0.3868437470922645,0.7542620313012605,-0.7542620313012605,0.9127283047283048,0.7453453453453455,0.9178586867171065,0.9324592393223843,0.9374526064556358,0.9462575345980933,4.818429480369254,4.073903359296679,1.021789736659568,0.7458328079237193,0.8340281092068649,0.7542620313012608,0.8931897754649677,-0.12050833759175275,0.12277622721866366,-0.7881784038798149,0.05436264935867907,,,,,0.4680626392364502
gold_fair_dim_sweep,b69b6dc98ec6,0,EntropyBalancing,FeasibleRestricted,1415368237,500,500,20000,10,0.1,10,1.2033378017244147,0.38973205389290805,0.7513737245006169,-0.7513737245006169,0.9126174126174127,0.7450970970970971,0.917732682467026,0.9324592393223843,0.9374526064556358,0.9462464428553404,4.818429480369254,4.073903359296679,1.022163363525159,0.742735951312781,0.8338487096577526,0.7513737245006171,0.8836520614985974,-0.12050833759175275,0.12277622721866366,-0.7881784038798149,0.05436264935867907,,,,,1.1049222946166992
gold_fair_dim_sweep,b69b6dc98ec6,0,OutcomeModelTransport,FeasibleRestricted,1415368237,500,500,20000,10,0.1,10,1.2296884491798559,0.41052233056766263,0.7305834478258624,-0.7305834478258624,0.9033176913176915,0.732968968968969,0.9081470501918372,0.9271863537761017,0.9378595741795307,0.941980079334181,4.791182147626555,4.075671925692552,1.0163394152499121,0.7238757529973555,0.8157735017914698,0.7305834478258624,0.9539934510687722,-0.12883153153162782,0.13109942115853873,-0.7878246906006402,0.05400893607950441,,,,,0.05277299880981445
gold_fair_dim_sweep,b69b6dc98ec6,1,TargetOnlyDR,OracleTargetTreated,1735675453,500,500,20000,10,0.1,10,1.6247504624574265,-0.1594487499147559,0.09450419504917378,-0.09450419504917378,0.8337367257367256,0.6424024024024024,0.8509551454022427,0.9029523194806254,0.8691463319122048,0.8391524763236478,4.406807984999399,3.356542524258505,1.3579385470327965,0.15157704891985718,0.7209711291946752,0.5085271251232946,1.511017337489001,0.6758267867712954,0.1548554338416327,0.41816855494965355,0.1010683437909875,0.0,0.0,,,21.712721824645996
gold_fair_dim_sweep,b69b6dc98ec6,1,ProxyOnly,FeasibleRestricted,1735675453,500,500,20000,10,0.1,10,2.3355123908696034,0.47280950002860733,0.5377540548941895,0.5377540548941895,0.5933500373500374,0.42052452452452455,0.6121531121598498,0.6543714355650744,0.6305837878640639,0.5809629826272003,3.193622968998381,2.4352415943780765,0.8112159838172588,-0.4484951785894352,0.37406571690209856,0.6111860684456318,1.4335824714144152,0.34036061414479485,0.4903216064681332,0.23390836897356784,0.28532852976707324,0.0,0.0,,,7.055422306060791
gold_fair_dim_sweep,b69b6dc98ec6,1,Glmtrans_Auto,OracleTargetTreated,1735675453,500,500,20000,10,0.1,10,0.2618997851408289,-0.07792718913818292,0.012982634272600782,-0.012982634272600782,0.995980571980572,0.9510510510510511,0.9963115337498255,0.9962137743277059,0.994284441727856,0.9975026899802173,4.861965267445024,3.839811418781082,0.9922805684823836,0.012381080672688128,0.9915003439688848,0.03916813854213085,0.07896783306364341,0.8277927198669986,0.0028895007459294186,0.5148223338541689,0.004414564886472183,,,,,14.80278992652893
gold_fair_dim_sweep,b69b6dc98ec6,1,Glmtrans_DR_CrossFit,OracleTargetTreated,1735675453,500,500,20000,10,0.1,10,0.2626543181876945,-0.08237368250091094,0.017429127635328806,-0.017429127635328806,0.9959065079065079,0.9506306306306306,0.9962557036666325,0.9963009877937772,0.9937258662643539,0.9975026899802174,4.862390907858577,3.8376542649999372,0.9956457679642016,0.01707045350807664,0.9914267027137832,0.037039542528843505,0.0744947891228046,0.827660286440772,0.0030219341721560156,0.5143909030979399,0.004845995642701162,,,,,15.538533449172974
gold_fair_dim_sweep,b69b6dc98ec6,1,Glmtrans_OptionB,FeasibleRestricted,1735675453,500,500,20000,10,0.1,10,1.4670168398582553,0.30766049736443385,0.372605052230016,0.372605052230016,0.8517486237486238,0.6686766766766767,0.8664445680339943,0.8490377696174893,0.8596499067502208,0.860942752215511,4.143681058229691,3.3198684295585834,0.9092353222093662,-0.344680346317827,0.7556674144100985,0.3726050522300161,0.9770268067019421,0.646806450174506,0.18387577043842207,0.4108337360096691,0.10840316273097195,,,,,11.366328239440918
gold_fair_dim_sweep,b69b6dc98ec6,1,AnchorOnly,OracleTargetTreated,1735675453,500,500,20000,10,0.1,10,1.5858816314738466,-0.10984545869032104,0.04490090382473891,-0.04490090382473891,0.8520385440385441,0.6621781781781783,0.8662613728907484,0.8701897923562053,0.8693358378101491,0.867843795327802,4.246912314955936,3.3572743740997724,1.4108966762668989,0.09003603770360473,0.7491657473309385,0.5403708348825167,1.354909089951339,0.6781484523530049,0.15253376825992315,0.418314924917907,0.10092197382273405,0.0002626560500502513,5.0,,,11.10873556137085
gold_fair_dim_sweep,b69b6dc98ec6,1,AnchorPlugin,FeasibleRestricted,1735675453,500,500,20000,10,0.1,10,1.6534011327446418,0.5071280655650001,0.5720726204305823,0.5720726204305823,0.8250472530472532,0.6322402402402403,0.8393590644189614,0.850870330964799,0.8374295946388148,0.8204638033225702,4.152624770764779,3.2340561563362598,0.9045084003066934,-0.5236461502004085,0.7068306258245218,0.5720726204305823,1.0476211303276468,0.6273637059492869,0.20331851466364115,0.3936712813652045,0.12556561737543653,0.0005462567426880993,10.0,,,7.754531383514404
gold_fair_dim_sweep,b69b6dc98ec6,1,IPWTransport,FeasibleRestricted,1735675453,500,500,20000,10,0.1,10,1.5224268930654645,0.3085277439484807,0.37347229881406285,0.37347229881406285,0.8393474633474635,0.6544624624624624,0.855317788372012,0.8401163037254475,0.854516023691819,0.8359005549165409,4.100140345965324,3.300041967468841,0.8965437838448576,-0.34155318584627037,0.7373139556089413,0.37618097092979286,1.0409738551548529,0.6402604667579279,0.19042175385500015,0.40686844359172064,0.11236845514892041,,,,,0.6272060871124268
gold_fair_dim_sweep,b69b6dc98ec6,1,EntropyBalancing,FeasibleRestricted,1735675453,500,500,20000,10,0.1,10,1.5213213820516143,0.30783313100035076,0.3727776858659329,0.3727776858659329,0.8396370476370477,0.6547307307307307,0.8555709787744628,0.8401163037254475,0.854516023691819,0.8359005549165409,4.100140345965324,3.300041967468841,0.896554177479088,-0.3409336344304142,0.7376726308296775,0.37841368358400845,1.040763130442854,0.6413662827924651,0.18931593782046297,0.40686844359172064,0.11236845514892041,,,,,1.6065690517425537
gold_fair_dim_sweep,b69b6dc98ec6,1,OutcomeModelTransport,FeasibleRestricted,1735675453,500,500,20000,10,0.1,10,1.4695360305639815,0.30776841521752335,0.3727129700831055,0.3727129700831055,0.8516282036282037,0.6685485485485485,0.8663433840421443,0.8550239964547803,0.858647552357267,0.8620373493666195,4.172896501456822,3.315997452922319,0.9047768057067802,-0.3434062784835311,0.7555910371562611,0.37271297008310544,0.9717078980034142,0.646806450174506,0.18387577043842207,0.4100595406824162,0.10917735805822487,,,,,0.07139062881469727
gold_fair_dim_sweep,3909026444bd,2,TargetOnlyDR,OracleTargetTreated,1251530164,200,200,20000,10,0.1,50,5.423489424917143,0.8842409722927251,0.27969660327358226,0.27969660327358226,0.7261476421476423,0.533985985985986,0.7430659135427579,0.798751011356481,0.8013885061476548,0.7734117297389341,10.589495731704993,8.534890456876495,1.9061553280327048,-1.0809562715814545,0.5460983708644778,2.113522415295567,4.8221615490744005,1.6250094601364204,0.7380807614465157,0.9037483829199402,0.42304758066845505,0.0,0.0,,,15.35351276397705
gold_fair_dim_sweep,3909026444bd,2,ProxyOnly,FeasibleRestricted,1251530164,200,200,20000,10,0.1,50,6.382544943959294,0.21696957178143905,0.3875747972377038,-0.3875747972377038,0.4721486201486202,0.32558158158158157,0.4903352825373931,0.5761561139060781,0.6174012043955482,0.5734507627841761,7.638428774747673,6.575402076566255,1.5557395317810805,0.2669962290051457,0.23072106624296296,1.1221109214841867,3.8881793788625676,0.8895926078327927,1.4734976137501434,0.5118507068578922,0.814945256730503,0.0,0.0,,,7.193620443344116
gold_fair_dim_sweep,3909026444bd,2,Glmtrans_Auto,OracleTargetTreated,1251530164,200,200,20000,10,0.1,50,0.6121916211325992,0.626041166182351,0.02149679716320807,0.02149679716320807,0.9967590367590368,0.9515355355355356,0.9971061638300338,0.9983291547216605,0.9968445776418451,0.9984860991851622,13.235416509593005,10.616522707073718,1.037233571898702,-0.04480654593580528,0.9939144389257321,0.21046904505669545,0.4583707289013148,2.3489023736405725,0.014187847942363607,1.3200748329593848,0.006721130629010474,,,,,25.585970640182495
gold_fair_dim_sweep,3909026444bd,2,Glmtrans_DR_CrossFit,OracleTargetTreated,1251530164,200,200,20000,10,0.1,50,0.46733710668061906,0.6462794453115402,0.041735076292397366,0.041735076292397366,0.9976899856899858,0.9594354354354354,0.9979452376314111,0.9976036985491294,0.9973848604316905,0.9984211643826338,13.225798725160393,10.62227678813639,1.0048204361418942,-0.044850425088340876,0.9957591410377803,0.05949516469139912,0.11086815972264041,2.355756969602821,0.00733325198011503,1.321225649171919,0.005570314416476263,,,,,33.91153573989868
gold_fair_dim_sweep,3909026444bd,2,Glmtrans_OptionB,FeasibleRestricted,1251530164,200,200,20000,10,0.1,50,4.2253966113722745,1.5677328868018492,0.9631885177827063,0.9631885177827063,0.8001028401028403,0.6071791791791792,0.8148405365713203,0.8216787629875683,0.8076886253306971,0.8431641551655241,10.893461954699399,8.601987534860571,1.075334562764031,-1.0812929893407164,0.6701913823521797,0.9856374788420461,2.0610019523848315,1.8082466109646342,0.5548436106183019,0.9171677985167555,0.4096281650716398,,,,,17.78075122833252
gold_fair_dim_sweep,3909026444bd,2,AnchorOnly,OracleTargetTreated,1251530164,200,200,20000,10,0.1,50,5.492179910560365,0.8846005799678569,0.280056210948714,0.280056210948714,0.7290815010815012,0.5326686686686687,0.7408955037731841,0.7720570320353501,0.7814665815412795,0.7826408284003068,10.2355984895553,8.322719402635997,1.9781735556220235,-1.1453491055611769,0.5399621579568127,2.288917635651038,4.454704314448588,1.544488199701551,0.8186020218813852,0.8613141720718402,0.465481791516555,0.0019022283002215043,24.0,,,11.936855792999268
gold_fair_dim_sweep,3909026444bd,2,AnchorPlugin,FeasibleRestricted,1251530164,200,200,20000,10,0.1,50,4.971941820729739,0.44925093791823345,0.15529343110090943,-0.15529343110090943,0.7131667251667252,0.5192272272272273,0.7304859223675443,0.7032594391865927,0.7170778097906857,0.748864364677337,9.32350973415421,7.636970718535345,1.2139041705650204,0.059196781849952244,0.5304677527581927,0.8908044643544353,1.5921965006311587,1.6654433926969907,0.6976468288859454,0.72416443525171,0.6026315283366852,0.002413536114962668,50.0,,,7.089539289474487
gold_fair_dim_sweep,3909026444bd,2,IPWTransport,FeasibleRestricted,1251530164,200,200,20000,10,0.1,50,4.229717240522291,1.3527674768375963,0.7482231078184535,0.7482231078184535,0.795795015795016,0.6027387387387387,0.8101263338956716,0.8324516684350377,0.8214302734518297,0.8254568730734044,11.036284479656585,8.748337851231593,1.0458212035597263,-0.8102085417436062,0.6602106243919795,0.7482231078184534,1.5314325498267483,1.807639574400718,0.555450647182218,0.9464378617909599,0.38035810179743534,,,,,0.812476634979248
gold_fair_dim_sweep,3909026444bd,2,EntropyBalancing,FeasibleRestricted,1251530164,200,200,20000,10,0.1,50,4.309058600237195,1.3893278106572289,0.784783441638086,0.784783441638086,0.7874635994635996,0.5941061061061061,0.802070405422854,0.8307792448982493,0.8253550239401268,0.8235324398721056,11.014112211136577,8.790136947713789,1.0206021274033517,-0.8134065501982659,0.6469775258385776,0.784783441638086,1.4038820291822534,1.807431446465292,0.555658775117644,0.9547976810873992,0.3719982825009961,,,,,3.2114322185516357
gold_fair_dim_sweep,3909026444bd,2,OutcomeModelTransport,FeasibleRestricted,1251530164,200,200,20000,10,0.1,50,4.222214115618508,1.566609099859962,0.9620647308408191,0.9620647308408191,0.8003080283080284,0.6072992992992994,0.8150156580161557,0.8216787629875684,0.8076886253306971,0.8413616109531794,10.8934619546994,8.601987534860571,1.070080753164316,-1.0718538764730763,0.670263414667406,0.9711716194756375,2.030258043584575,1.8049184248710404,0.5581717967118958,0.9171677985167555,0.4096281650716398,,,,,0.08796572685241699
gold_fair_dim_sweep,3909026444bd,4,TargetOnlyDR,OracleTargetTreated,137384448,200,200,20000,10,0.1,50,3.653186350016485,-1.3301087467900343,0.2984518174845552,-0.2984518174845552,0.6610787770787772,0.4751711711711712,0.6766430349732921,0.6494889014983853,0.6360185743854688,0.6198373943773824,4.626310257069162,3.5290135378643708,1.6089071343094368,1.1083645228123906,0.4499308846121538,1.036945648219808,2.3642446889069797,1.0518021482896003,0.6155270836327325,0.979467302214716,0.40391756789994826,0.0,0.0,,,16.59028387069702
gold_fair_dim_sweep,3909026444bd,4,ProxyOnly,FeasibleRestricted,137384448,200,200,20000,10,0.1,50,3.93775102899253,-0.7008421475913761,0.33081478171410306,0.33081478171410306,0.5343797463797464,0.37313713713713714,0.5546090097137366,0.41285218383923383,0.4500978442703561,0.47771942896451325,2.940746621447232,2.497413518667115,1.1446326534970859,-0.22945012222536726,0.29094370481456977,0.6941632359126646,1.5680981862204186,0.8919353056775176,0.7753939262448152,0.7731472983752646,0.6102375717393996,0.0,0.0,,,7.5575971603393555
gold_fair_dim_sweep,3909026444bd,4,Glmtrans_Auto,OracleTargetTreated,137384448,200,200,20000,10,0.1,50,0.4122955295529651,-1.0184568733679547,0.01320005593752449,0.01320005593752449,0.9960382800382801,0.947971971971972,0.9965570876887798,0.9957246875719304,0.9971231437585093,0.9962997145812877,7.092548193977816,5.532638848860097,1.03302114020659,0.020430551272323953,0.9931431019236922,0.12250473519274123,0.293762213396664,1.6606152945331638,0.0067139373891689225,1.3801923644138614,0.0031925057008028723,,,,,27.880618810653687
gold_fair_dim_sweep,3909026444bd,4,Glmtrans_DR_CrossFit,OracleTargetTreated,137384448,200,200,20000,10,0.1,50,0.42026143255889004,-1.0238441419654891,0.007812787339990024,0.007812787339990024,0.9953456153456153,0.9427787787787789,0.9959137926536511,0.9956781774453373,0.9961049949517682,0.9970321963073049,7.092216902287967,5.526989546988652,0.9950050973237571,-0.012926789184748919,0.9918406265892312,0.03449628020349989,0.07002709494055026,1.6597503027107536,0.0075789292115791,1.3790625040395725,0.0043223660750917325,,,,,29.36028742790222
gold_fair_dim_sweep,3909026444bd,4,Glmtrans_OptionB,FeasibleRestricted,137384448,200,200,20000,10,0.1,50,2.119048490926088,-0.7760701967368022,0.2555867325686769,0.2555867325686769,0.8930823530823532,0.7148708708708709,0.9013061869549263,0.8727333977092917,0.8529449340576081,0.8589687481066685,6.216481082578366,4.732651435927785,0.8706297003811739,-0.35598716644575845,0.8128246659800245,0.5708477737928933,1.328045981916139,1.4879144345901851,0.1794147973321476,1.2201948818273987,0.1631899882872656,,,,,17.981266021728516
gold_fair_dim_sweep,3909026444bd,4,AnchorOnly,OracleTargetTreated,137384448,200,200,20000,10,0.1,50,3.6853903141306033,-1.2392377176187654,0.2075807883132863,-0.2075807883132863,0.6314342594342595,0.45236436436436434,0.6490279249419453,0.5995355595141337,0.5704717636148797,0.5532626847217769,4.270492539686348,3.1653204133408552,1.5684535074963453,0.9120298155154385,0.4287133041186083,0.8505104544286859,2.3928750681716515,0.9939920056401628,0.67333722628217,0.9067286773100129,0.4766561928046513,0.00408800958439479,22.0,,,10.018133878707886
gold_fair_dim_sweep,3909026444bd,4,AnchorPlugin,FeasibleRestricted,137384448,200,200,20000,10,0.1,50,2.733379257304016,-0.3778792592208216,0.6537776700846576,0.6537776700846576,0.8056765576765578,0.612072072072072,0.8199654254505044,0.7776305857204355,0.7727932597426008,0.7751091908562292,5.539063633927384,4.287921745425496,0.9648645700238184,-0.6670546203364628,0.6743728481044563,0.6537776700846574,1.0610587482239977,1.292800045007564,0.37452918691476866,1.1312489437269413,0.252135926387723,0.010785217379108893,46.0,,,8.178611993789673
gold_fair_dim_sweep,3909026444bd,4,IPWTransport,FeasibleRestricted,137384448,200,200,20000,10,0.1,50,2.248021846451612,-0.8467139233684642,0.18494300593701496,0.18494300593701496,0.8808114288114288,0.6973053053053053,0.8898348478251011,0.8756708128034467,0.8401258534084289,0.8642862048726551,6.237404293965056,4.661523467381208,0.8511781280306714,-0.3109525570352042,0.7915226940770086,0.6124421793118396,1.312641971229076,1.461600388403135,0.20572884351919773,1.2059692881180835,0.1774155819965808,,,,,0.4608192443847656
gold_fair_dim_sweep,3909026444bd,4,EntropyBalancing,FeasibleRestricted,137384448,200,200,20000,10,0.1,50,2.401532238729814,-0.8372685642180427,0.1943883650874364,0.1943883650874364,0.8686849366849367,0.6814934934934935,0.8784555891243392,0.8423877697468056,0.8252564113544762,0.8516894348759417,6.000329136677251,4.57901886072001,0.8209774891325744,-0.34427828572411506,0.7710706107942028,0.7099134633014634,1.7626794501391574,1.4399841962811266,0.22734503564120612,1.189468366785844,0.19391650332882038,,,,,2.668566942214966
gold_fair_dim_sweep,3909026444bd,4,OutcomeModelTransport,FeasibleRestricted,137384448,200,200,20000,10,0.1,50,2.1245263495443036,-0.7817669759785597,0.24988995332691943,0.24988995332691943,0.8932525372525373,0.7150830830830831,0.9014513998554455,0.8759050880243602,0.8600273575940546,0.8600562438815847,6.239073036656406,4.771948980917188,0.8663832273179342,-0.35434713364659254,0.813003563817702,0.5783562235473955,1.339706434588705,1.4898023979649586,0.17752683395737412,1.2280543908252795,0.15533047928938482,,,,,0.1828310489654541
gold_fair_dim_sweep,b69b6dc98ec6,2,TargetOnlyDR,OracleTargetTreated,801628800,500,500,20000,10,0.1,10,1.6087566238198876,0.9936585711861275,0.006801826452495052,-0.006801826452495052,0.8900462660462661,0.7103543543543543,0.8957592331337227,0.9124830484526284,0.916659936734083,0.9101489784734903,6.093809896185447,5.036048073747838,1.3711712862225252,-0.3620157034806971,0.7927887113795661,0.5834689395087205,1.7225481947095007,1.6742018799750786,0.11819659194782783,0.9911229014294622,0.0915725774100451,0.0,0.0,,,21.786458253860474
gold_fair_dim_sweep,b69b6dc98ec6,2,ProxyOnly,FeasibleRestricted,801628800,500,500,20000,10,0.1,10,2.1487546527706542,0.9354556285251995,0.06500476911342312,-0.06500476911342312,0.7555177555177556,0.5580780780780781,0.7677856655176453,0.8278865656403553,0.7942244353377093,0.8098718865093715,5.528851582693364,4.363398330635494,1.4454149430250893,-0.3516611463686275,0.5824324254508292,0.5689053451999003,1.832999122691528,1.532163225956992,0.2602352459659145,0.8565929528069932,0.22610252603251413,0.0,0.0,,,9.963568687438965
gold_fair_dim_sweep,b69b6dc98ec6,2,Glmtrans_Auto,OracleTargetTreated,801628800,500,500,20000,10,0.1,10,0.4102981466412719,1.0248640844761352,0.024403686837512595,0.024403686837512595,0.9925950805950806,0.9325165165165166,0.9929742036283898,0.9911797810118788,0.9965458550686617,0.9948323882608999,6.619368073381454,5.474934196099599,1.0242808198478466,-0.049288227041206015,0.9833564394047748,0.08620958551980466,0.26165462698934405,1.7839702304706067,0.008428241452299812,1.0789001258998145,0.0037953529396927976,,,,,14.343586921691895
gold_fair_dim_sweep,b69b6dc98ec6,2,Glmtrans_DR_CrossFit,OracleTargetTreated,801628800,500,500,20000,10,0.1,10,0.3929458206736672,1.0346197736841138,0.03415937604549124,0.03415937604549124,0.9932434652434653,0.9373573573573574,0.9935748138537901,0.9915304665745011,0.9962657907953341,0.9958810467204102,6.621710046917928,5.473395547918637,1.0125598011850714,-0.0471539947051066,0.9844427025077056,0.07704622421164957,0.1838767422117753,1.7845058886533303,0.007892583269576203,1.0785923962636217,0.004103082575885653,,,,,16.329002618789673
gold_fair_dim_sweep,b69b6dc98ec6,2,Glmtrans_OptionB,FeasibleRestricted,801628800,500,500,20000,10,0.1,10,2.4995718523728714,-0.07486319476001116,1.0753235923986337,-1.0753235923986337,0.8835093555093555,0.702982982982983,0.8944945947961034,0.9236703778695723,0.922694976527557,0.9290781163866287,6.168521923798965,5.069204045018058,2.747651821930734,1.2061583911165232,0.8028737095297814,1.6800679469017163,4.409305501022517,1.5458028716049041,0.24659560031800232,0.9977540956835059,0.08494138315600142,,,,,11.380016565322876
gold_fair_dim_sweep,b69b6dc98ec6,2,AnchorOnly,OracleTargetTreated,801628800,500,500,20000,10,0.1,10,1.6076431759020324,1.009725221253283,0.009264823614660411,0.009264823614660411,0.8807664527664529,0.6965845845845846,0.8871947270077345,0.8556796504846723,0.908251906615428,0.9095070154874363,5.714461360055287,4.989855104920239,1.2843565556928256,-0.29638680972642034,0.77295574499974,0.5232603027363865,0.9966639173343568,1.6716945563940468,0.12070391552885962,0.9818843076639422,0.10081117117556515,0.0007852424863278581,4.0,,,13.021408081054688
gold_fair_dim_sweep,b69b6dc98ec6,2,AnchorPlugin,FeasibleRestricted,801628800,500,500,20000,10,0.1,10,2.061199030232186,0.4834843338171887,0.5169760638214339,-0.5169760638214339,0.8751716151716152,0.6937257257257258,0.885513509958383,0.903276341249954,0.9099147233549626,0.9061377291952987,6.032325002238016,4.998990472031367,1.97950775170227,0.043399411020889865,0.7837849880709251,1.1789857044099157,3.021181494126244,1.6670558468481549,0.12534262507475158,0.9837113810861677,0.0989840977533396,0.005393493116817328,10.0,,,2.6838219165802
gold_fair_dim_sweep,b69b6dc98ec6,2,IPWTransport,FeasibleRestricted,801628800,500,500,20000,10,0.1,10,2.534953092166276,-0.08677770298521073,1.0872381006238334,-1.0872381006238334,0.835924303924304,0.6455495495495496,0.85012640929355,0.8933054734111479,0.888721925148822,0.8790722911325528,5.965736835791843,4.88255912567667,2.509552553394152,1.2182336037428374,0.7246365466172062,1.535610882626622,4.1539396727884865,1.4948834518444298,0.29751502007847663,0.9604251118152285,0.12227036702427885,,,,,0.39499855041503906
gold_fair_dim_sweep,b69b6dc98ec6,2,EntropyBalancing,FeasibleRestricted,801628800,500,500,20000,10,0.1,10,2.533764142439328,-0.08441218765627632,1.0848725852948988,-1.0848725852948988,0.8336495216495217,0.642946946946947,0.8479663409403153,0.8933054734111477,0.8869342769702845,0.8790722911325528,5.9657368357918426,4.872737945754552,2.4909739948101786,1.2107289619354433,0.7207511111726624,1.5310431461496943,4.143006949368342,1.4969171550301057,0.29548131689280077,0.9584608758308047,0.1242346030087026,,,,,0.886066198348999
gold_fair_dim_sweep,b69b6dc98ec6,2,OutcomeModelTransport,FeasibleRestricted,801628800,500,500,20000,10,0.1,10,2.4883133711752645,-0.0722628549256513,1.0727232525642738,-1.0727232525642738,0.8846236406236406,0.7043963963963964,0.8955161697971248,0.9236703778695723,0.9226949765275568,0.9303931982597465,6.168521923798965,5.069204045018057,2.718043912773385,1.1968740105889153,0.804784781944356,1.6740162121715012,4.384409464326809,1.546481327426393,0.24591714449651336,0.9977540956835059,0.08494138315600142,,,,,0.05926942825317383
gold_fair_dim_sweep,b69b6dc98ec6,4,TargetOnlyDR,OracleTargetTreated,1905313749,500,500,20000,10,0.1,10,1.0225401614777827,-2.1072579506432785,0.08124579849074154,-0.08124579849074154,0.923881787881788,0.7612612612612613,0.9300897852282008,0.897895654786553,0.8349659224682958,0.8406687022161545,2.247356802050879,1.291332735977322,1.1114665741344787,0.3161346230665895,0.8549398511041901,0.2798488019417924,0.5576421404741185,1.4730801828018119,0.05207510232692458,1.4733749169770916,0.051047330467933305,0.0,0.0,,,22.96799874305725
gold_fair_dim_sweep,b69b6dc98ec6,4,ProxyOnly,FeasibleRestricted,1905313749,500,500,20000,10,0.1,10,1.2206419572675047,-2.2329551752198804,0.20694302306734347,-0.20694302306734347,0.8842746802746803,0.7028148148148148,0.891369251032624,0.8064920136170324,0.7250744430965091,0.6607311582807408,2.0185812270500496,1.121377937944049,1.0104929141732757,0.23037323007369645,0.7860628805311553,0.24908605370794615,0.40215073793947553,1.4431470914452058,0.08200819368353063,1.439383957370437,0.08503829007458785,0.0,0.0,,,8.273509502410889
gold_fair_dim_sweep,b69b6dc98ec6,4,Glmtrans_Auto,OracleTargetTreated,1905313749,500,500,20000,10,0.1,10,0.28455342831927666,-2.0781319379564156,0.05211978580387866,-0.05211978580387866,0.9937112857112856,0.9363243243243243,0.9942982984986675,0.9971105280080547,0.9843360963348584,0.9806913715837928,2.495683229526421,1.5223440744069336,1.008674448755104,0.07014643480602657,0.9884998721110461,0.05211978580387845,0.10824398602142615,1.5198515347028527,0.005303750425883713,1.519577184663014,0.0048450627820109116,,,,,11.936908721923828
gold_fair_dim_sweep,b69b6dc98ec6,4,Glmtrans_DR_CrossFit,OracleTargetTreated,1905313749,500,500,20000,10,0.1,10,0.2427934944871385,-2.0966611140201095,0.07064896186757252,-0.07064896186757252,0.995892467892468,0.9508348348348349,0.9961792514487424,0.9967347537082313,0.9925301130140024,0.986355535766823,2.4947426982695404,1.5350166897702566,1.0054498478496052,0.08207544593116434,0.9920492311277603,0.07064896186757243,0.10459957452028945,1.5218272401304462,0.0033280449982902027,1.5221117077356785,0.0023105397093463598,,,,,14.559757232666016
gold_fair_dim_sweep,b69b6dc98ec6,4,Glmtrans_OptionB,FeasibleRestricted,1905313749,500,500,20000,10,0.1,10,1.0558782052449398,-1.257641109478042,0.768371042674495,0.768371042674495,0.9710931950931951,0.8526446446446447,0.9736150018394282,0.940498481283265,0.9341911311330867,0.9317888410938399,2.353988069730573,1.444791406247653,0.8646393462667119,-0.9386061654153004,0.945607783922126,0.768371042674495,1.5162544544397853,1.4405507235091286,0.08460456161960783,1.5040666510311578,0.020355596413867083,,,,,9.615533828735352
gold_fair_dim_sweep,b69b6dc98ec6,4,AnchorOnly,OracleTargetTreated,1905313749,500,500,20000,10,0.1,10,1.0431387050603607,-2.033282744175384,0.007270592022846856,-0.007270592022846856,0.9187376467376468,0.7510310310310311,0.9247223563606862,0.9160449903384671,0.8278929326404869,0.799923894793868,2.292783052292611,1.2803938664257553,1.1110745740219965,0.23311660669840378,0.8475504109533176,0.20838679842475963,0.6195616393267402,1.470242690226738,0.0549125949019984,1.4711871430667782,0.053235104378246634,0.00034036965013720273,5.0,,,12.74705171585083
gold_fair_dim_sweep,b69b6dc98ec6,4,AnchorPlugin,FeasibleRestricted,1905313749,500,500,20000,10,0.1,10,1.075305423239021,-1.5488131837625718,0.4771989683899651,0.4771989683899651,0.935863151863152,0.7811451451451452,0.9395843339872733,0.9293901090753534,0.8451328058804952,0.8122633426734934,2.326184754603608,1.3070565266372172,1.154736218487974,-0.23754147319022498,0.878445869579637,0.5058466782794859,1.0798914853006707,1.4772112701747606,0.04794401495397582,1.4765196751090708,0.047902572335954074,0.0007005414894434462,10.0,,,3.4422390460968018
gold_fair_dim_sweep,b69b6dc98ec6,4,IPWTransport,FeasibleRestricted,1905313749,500,500,20000,10,0.1,10,1.667750904999784,-0.993821236036228,1.032190916116309,1.032190916116309,0.9112053232053234,0.7421701701701703,0.9177954550258934,0.8488137550580881,0.7921656790941837,0.7391861475799799,2.1245089626339855,1.225139189762403,1.509205929193576,-0.5261312501681732,0.8420809420724208,1.102969184645454,2.431651645588132,1.440851316685396,0.08430396844334043,1.4601362077341078,0.06428603971091706,,,,,0.42961716651916504
gold_fair_dim_sweep,b69b6dc98ec6,4,EntropyBalancing,FeasibleRestricted,1905313749,500,500,20000,10,0.1,10,1.6674475793245633,-0.9925170369455444,1.0334951152069927,1.0334951152069927,0.9110929310929311,0.74198998998999,0.917702669022041,0.8488137550580881,0.792165679094184,0.7391861475799799,2.1245089626339855,1.2251391897624035,1.5059998768956835,-0.5312816166956777,0.8417970805283795,1.1029095139777467,2.4272143437381577,1.4408508782483491,0.08430440688038732,1.4601362077341078,0.06428603971091706,,,,,1.2163987159729004
gold_fair_dim_sweep,b69b6dc98ec6,4,OutcomeModelTransport,FeasibleRestricted,1905313749,500,500,20000,10,0.1,10,1.6772055450963494,-0.9934251646019953,1.0325869875505416,1.0325869875505416,0.9036297036297037,0.7311671671671672,0.9107450243297378,0.848257398849063,0.7613287022539681,0.7139694695181864,2.123116450147651,1.1774476653530856,1.4821672504197612,-0.5535899074365995,0.8294415528248671,1.0970920990989506,2.407666123919646,1.439330595961142,0.08582468916759445,1.4505979028522444,0.07382434459278042,,,,,0.05689644813537598
gold_fair_dim_sweep,b69b6dc98ec6,3,TargetOnlyDR,OracleTargetTreated,2057174292,500,500,20000,10,0.1,10,0.9309035251003321,0.5305181468982968,0.02683974260275579,0.02683974260275579,0.8815863775863777,0.6993473473473474,0.8903701667431572,0.8753736156850903,0.8914109563688132,0.9209698769241134,3.6579366924510133,2.9943424760254116,1.109190451649712,-0.08476725867094932,0.7785176291195364,0.19689824496300895,0.39762217805482547,0.26673420932343733,0.07159811930367993,-0.09892236582232058,0.07295238710108709,0.0,0.0,,,21.597882747650146
gold_fair_dim_sweep,b69b6dc98ec6,3,ProxyOnly,FeasibleRestricted,2057174292,500,500,20000,10,0.1,10,1.7010294263793433,0.545162482185672,0.04148407789013098,0.04148407789013098,0.5994796074796075,0.4193033033033033,0.6178241240549877,0.614239782009534,0.6567508598052483,0.6966405976260264,2.56673287418806,2.2060947104484865,0.6247530578696326,0.1630864765142432,0.36778363398431735,0.6013300542307392,1.445709769106583,0.07161309456935365,0.2667192340577636,-0.2565719189377057,0.2306019402164722,0.0,0.0,,,8.568258047103882
gold_fair_dim_sweep,b69b6dc98ec6,3,Glmtrans_Auto,OracleTargetTreated,2057174292,500,500,20000,10,0.1,10,0.19278611865768375,0.5741759672055562,0.07049756291001519,0.07049756291001519,0.9962157122157123,0.9482402402402402,0.9965529503806146,0.9948509854616278,0.9958235235864589,0.9966751847310555,4.157198547037634,3.3450751911854666,1.007684938045112,-0.07491006964498223,0.9915414296616231,0.0753108383793997,0.13112235015443524,0.3355427725269009,0.0027895561002163616,-0.028775822790309612,0.002805844069076125,,,,,11.443352699279785
gold_fair_dim_sweep,b69b6dc98ec6,3,Glmtrans_DR_CrossFit,OracleTargetTreated,2057174292,500,500,20000,10,0.1,10,0.19238694562342556,0.571330042554421,0.06765163825887999,0.06765163825887999,0.9961885321885323,0.948016016016016,0.9965324011132638,0.9948509854616275,0.9965501261506542,0.9966667077343054,4.157198547037633,3.3475159250642847,1.0081611202228429,-0.07231433142308852,0.9914854065135726,0.07373774803781702,0.12899098100694406,0.3353014434899462,0.0030308851371710355,-0.028287676014545914,0.002317697293312427,,,,,15.784311532974243
gold_fair_dim_sweep,b69b6dc98ec6,3,Glmtrans_OptionB,FeasibleRestricted,2057174292,500,500,20000,10,0.1,10,0.7403114864732767,0.18598539898528663,0.31769300531025435,-0.31769300531025435,0.9377697377697379,0.7853773773773775,0.944941102820705,0.9677292886820158,0.9568365426166311,0.9493039616102117,4.0438647110229065,3.2141138514174488,1.1309383934927886,0.2933403759540058,0.8937100246635621,0.31769300531025435,0.8314816364694151,0.29520470247063685,0.043127626156480414,-0.0549680907439132,0.028998112022679712,,,,,11.62419319152832
gold_fair_dim_sweep,b69b6dc98ec6,3,AnchorOnly,OracleTargetTreated,2057174292,500,500,20000,10,0.1,10,0.9529720521152258,0.5519430007400576,0.04826459644451664,0.04826459644451664,0.8738065778065779,0.6897897897897898,0.8841050322111402,0.8815280415744188,0.9127900918740839,0.9190494152209859,3.6836542830639383,3.0661572244158823,1.1024832020384168,-0.10482948250304987,0.7670299676349644,0.21654671875317544,0.37954470960878095,0.2526749253527206,0.08565740327439664,-0.08455941614422659,0.0585894374229931,0.0004235880763644629,5.0,,,11.846660614013672
gold_fair_dim_sweep,b69b6dc98ec6,3,AnchorPlugin,FeasibleRestricted,2057174292,500,500,20000,10,0.1,10,1.192531226835899,0.3756107004983004,0.12806770379724058,-0.12806770379724058,0.809872373872374,0.6162482482482482,0.8242764530255431,0.85878261189003,0.8524375765630543,0.8549177682615062,3.588607619174058,2.86342682398762,0.7897408552244618,0.20704328845255437,0.6760976008603392,0.3711801048541601,0.9627773506312862,0.2081301713583563,0.13020215726876097,-0.12510549622987893,0.09913551750864544,0.0007153740237541846,10.0,,,3.4927992820739746
gold_fair_dim_sweep,b69b6dc98ec6,3,IPWTransport,FeasibleRestricted,2057174292,500,500,20000,10,0.1,10,0.7550266546591975,0.19491797823754445,0.3087604260579966,-0.3087604260579966,0.9300048660048661,0.7718758758758759,0.9378995381795755,0.9659599414683021,0.9489421540581376,0.9430007705734401,4.036471113616313,3.187595775984275,1.0912273618428507,0.29097857312764336,0.8805841983582685,0.30876042605799625,0.7324962245054443,0.288973974999721,0.04935835362739627,-0.060271705830547986,0.0343017271093145,,,,,0.20581841468811035
gold_fair_dim_sweep,b69b6dc98ec6,3,EntropyBalancing,FeasibleRestricted,2057174292,500,500,20000,10,0.1,10,0.7552265778539919,0.1949950935146062,0.3086833107809348,-0.3086833107809348,0.930047106047106,0.7718718718718719,0.9379253483342038,0.9659599414683023,0.9489421540581376,0.9430007705734401,4.036471113616314,3.187595775984275,1.0922620268689383,0.29069266822377926,0.8806204734562533,0.3086833107809347,0.7350898762155382,0.28891752906431417,0.04941479956280309,-0.060271705830547986,0.0343017271093145,,,,,0.6610021591186523
gold_fair_dim_sweep,b69b6dc98ec6,3,OutcomeModelTransport,FeasibleRestricted,2057174292,500,500,20000,10,0.1,10,0.7361235883433422,0.18845829467879394,0.31522010961674707,-0.31522010961674707,0.9380611940611941,0.7857977977977978,0.9451942834359959,0.967729288682016,0.9568365426166311,0.9493039616102117,4.043864711022907,3.2141138514174488,1.1260388631292328,0.29146704040815813,0.8941541316280156,0.31522010961674685,0.8145630692337669,0.29386335911333566,0.0444689695137816,-0.0549680907439132,0.028998112022679712,,,,,0.020047426223754883
gold_fair_dim_sweep,f1af25258149,0,TargetOnlyDR,OracleTargetTreated,2022169362,500,500,20000,10,0.1,20,2.2941986461801007,-2.1467491918581008,0.10879713252398249,0.10879713252398249,0.8114466914466915,0.6207207207207207,0.8302246676492893,0.7363550887250286,0.6824589571684879,0.6656377390778232,3.1425890496448416,1.9513848733918298,1.4995735541502557,0.9636619911217561,0.6754018205935529,0.8176457721611257,2.539045316719708,2.3005198518826075,0.22812745448145666,2.3295686470312105,0.18159181036567418,0.0,0.0,,,17.28162121772766
gold_fair_dim_sweep,f1af25258149,0,ProxyOnly,FeasibleRestricted,2022169362,500,500,20000,10,0.1,20,3.5617594663707144,-2.9135576924974877,0.6580113681154045,-0.6580113681154045,0.49226529626529625,0.34000400400400405,0.5061208784186926,0.33672457313457765,0.16743018747292968,-8.336275482866192e-05,1.4370606959629608,0.478740489449201,0.5391897452932246,-0.6845858942672489,0.25121552114883783,1.3766601574327582,3.521773628058196,2.044053407878626,0.4845938984854383,2.0350397702426846,0.4761206871542001,0.0,0.0,,,4.284456014633179
gold_fair_dim_sweep,f1af25258149,0,Glmtrans_Auto,OracleTargetTreated,2022169362,500,500,20000,10,0.1,20,0.2649336899177735,-2.251200424171016,0.004345900211067288,0.004345900211067288,0.996950976950977,0.9581101101101103,0.997432930779512,0.9984976066637133,0.9967998895933214,0.993769337723124,4.261351205205995,2.8501937089688316,1.0222728640987695,0.04579478089558526,0.9951334799593048,0.06324957335066685,0.143393650400629,2.5243398527242835,0.0043074536397806895,2.5093304141466106,0.0018300432502740271,,,,,15.213411092758179
gold_fair_dim_sweep,f1af25258149,0,Glmtrans_DR_CrossFit,OracleTargetTreated,2022169362,500,500,20000,10,0.1,20,0.2645772116816796,-2.2504517905445245,0.005094533837558757,0.005094533837558757,0.996981060981061,0.958022022022022,0.9974538031693583,0.9981636886835102,0.9968181968621891,0.99335691230059,4.25992612238368,2.8502460557468554,1.0212234925961083,0.04266791307696189,0.9951057852570724,0.05951114341116825,0.13817028038510593,2.525118961135323,0.0035283452287413475,2.5093408835022157,0.0018195738946689133,,,,,22.121030569076538
gold_fair_dim_sweep,f1af25258149,0,Glmtrans_OptionB,FeasibleRestricted,2022169362,500,500,20000,10,0.1,20,2.3930717707860705,-0.7854557243346878,1.4700906000473954,1.4700906000473954,0.8603078603078604,0.673085085085085,0.8694264456838325,0.807632853284494,0.7538879983382732,0.7139580061377385,3.4467856605158023,2.155625068344959,0.8692741429153311,-1.5727699728131066,0.7455734920061495,1.4700906000473948,2.084893786324261,2.224342079862233,0.30430522650183134,2.3704166860218363,0.14074377137504834,,,,,12.579658508300781
gold_fair_dim_sweep,f1af25258149,0,AnchorOnly,OracleTargetTreated,2022169362,500,500,20000,10,0.1,20,2.2995335694286037,-2.2628512102618115,0.007304885879728218,-0.007304885879728218,0.8022987222987223,0.6093573573573574,0.8213130367988862,0.7092431623205885,0.6463031981712786,0.6109637198200547,3.0268817715422434,1.8480031235414336,1.4857985430815304,1.1065947070351922,0.6692238396638956,0.7389532835658968,2.295337150868259,2.280888415576066,0.24775889078799818,2.308892297061131,0.20226816033575368,0.0018342433546190192,9.0,,,18.787006616592407
gold_fair_dim_sweep,f1af25258149,0,AnchorPlugin,FeasibleRestricted,2022169362,500,500,20000,10,0.1,20,2.507890481977,-1.7922230867735545,0.4633232376085288,0.4633232376085288,0.7489662889662889,0.5564844844844845,0.7637632505454912,0.6405807169484276,0.5254863187280764,0.45025607608248536,2.733846723299416,1.502546113241452,0.768954489737354,-0.87740833519662,0.5911707750882722,0.8015772823375332,1.8190107011057017,2.2104478309980395,0.31819947536602466,2.2398008950011348,0.2713595623957499,0.004696542789364506,20.0,,,7.96559739112854
gold_fair_dim_sweep,f1af25258149,0,IPWTransport,FeasibleRestricted,2022169362,500,500,20000,10,0.1,20,2.379039735364136,-0.7775386677837168,1.4780076565983664,1.4780076565983664,0.8634837354837355,0.6771411411411412,0.8725769167186943,0.818522901989081,0.7541162078076383,0.7028129905475563,3.493261808142336,2.156277597704866,0.8712988142698606,-1.578077805093164,0.7519899832116795,1.4780076565983666,2.0774242622077774,2.233786180148272,0.2948611262157921,2.370547191893818,0.14061326550306674,,,,,0.573291540145874
gold_fair_dim_sweep,f1af25258149,0,EntropyBalancing,FeasibleRestricted,2022169362,500,500,20000,10,0.1,20,2.375376847251584,-0.7794575307114244,1.4760887936706588,1.4760887936706588,0.863889335889336,0.6776416416416416,0.8729667579791917,0.818522901989081,0.7541162078076383,0.7074567564347866,3.493261808142336,2.156277597704866,0.8725464693570703,-1.5754334079460501,0.7525327216101415,1.4760887936706588,2.0716253015564097,2.233786180148272,0.2948611262157921,2.370547191893818,0.14061326550306674,,,,,2.310314655303955
gold_fair_dim_sweep,f1af25258149,0,OutcomeModelTransport,FeasibleRestricted,2022169362,500,500,20000,10,0.1,20,2.3902050767614855,-0.7928190226311799,1.4627273017509035,1.4627273017509035,0.8606543126543127,0.6734614614614615,0.8697554161490213,0.807632853284494,0.7531372583535996,0.7099934425811489,3.4467856605158023,2.1534784445303625,0.8652244501512987,-1.569579921456531,0.7462184109762369,1.4627273017509033,2.107528383843145,2.225522135416977,0.30312517094708724,2.3699873612589166,0.14117309613796802,,,,,0.1364881992340088
gold_fair_dim_sweep,f1af25258149,1,TargetOnlyDR,OracleTargetTreated,453960931,500,500,20000,10,0.1,20,2.772450242236054,-1.0647223027297412,0.3446020336038047,-0.3446020336038047,0.799848691848692,0.6073113113113113,0.8174249361858712,0.8411835846702628,0.7841111775866815,0.7500491981982281,5.818211829281268,4.236969046459361,1.4688734763593452,0.843822081042026,0.678542657915542,0.9217232618901935,2.522685460111925,1.902638634839994,0.3802161468065277,1.7140934749207768,0.23331238839295154,0.0,0.0,,,12.192087650299072
gold_fair_dim_sweep,f1af25258149,1,ProxyOnly,FeasibleRestricted,453960931,500,500,20000,10,0.1,20,3.8000445632680573,-1.8991556644394647,1.1790353953135282,-1.1790353953135282,0.5754084834084834,0.40665465465465467,0.6018838957621695,0.559054292379876,0.5821472764752713,0.56880697426935,3.8668090490735083,3.145650848260832,1.2725078451531773,1.6965702130403764,0.34212482239253517,1.1825389230078658,2.4635933081893566,1.4642798568931497,0.818574924753372,1.495829835281071,0.4515760280326573,0.0,0.0,,,5.252915143966675
gold_fair_dim_sweep,f1af25258149,1,Glmtrans_Auto,OracleTargetTreated,453960931,500,500,20000,10,0.1,20,0.2052589979258364,-0.6860042127322364,0.03411605639370008,0.03411605639370008,0.9987607227607227,0.9717557557557558,0.9989446367015493,0.9994812703786996,0.998412077189064,0.9995819718294303,6.913108929416317,5.394950598308001,1.005288182251804,-0.030488341091266802,0.9979131519141616,0.04287773771098996,0.06871497005985994,2.280879991182884,0.001974790463637799,1.9456897852905046,0.0017160780232237105,,,,,12.922752141952515
gold_fair_dim_sweep,f1af25258149,1,Glmtrans_DR_CrossFit,OracleTargetTreated,453960931,500,500,20000,10,0.1,20,0.21593699746112807,-0.7065616802063089,0.013558588919627579,0.013558588919627579,0.9986007866007868,0.9696376376376378,0.998802989509536,0.9994812703786996,0.9970657646822841,0.9997773343556523,6.913108929416317,5.387675756957513,1.0060960637347283,-0.009251343884572577,0.997639447323858,0.03647457075358556,0.07016031462012506,2.280600922826391,0.0022538588201306275,1.9442348170204073,0.0031710462933209893,,,,,18.341122150421143
gold_fair_dim_sweep,f1af25258149,1,Glmtrans_OptionB,FeasibleRestricted,453960931,500,500,20000,10,0.1,20,2.702238093078213,0.02600166068436318,0.7461219298102997,0.7461219298102997,0.8142220542220543,0.6206446446446447,0.827163166014753,0.8507372740555005,0.8124758018602767,0.7902328231343438,5.884291802318614,4.39023817269674,1.264493846164696,-0.7529992090513757,0.6816722661865108,0.9137443067332455,2.296681487640017,1.9658168053991443,0.3170379762473774,1.7447473001682527,0.2026585631454756,,,,,12.16069221496582
gold_fair_dim_sweep,f1af25258149,1,AnchorOnly,OracleTargetTreated,453960931,500,500,20000,10,0.1,20,2.7764468923783707,-0.9619345794467438,0.24181431032080725,-0.24181431032080725,0.8083761283761284,0.6139019019019019,0.8240504078282783,0.838713452191102,0.7812999579107501,0.7920547192415414,5.8011266718054735,4.221778533825199,1.4584837333512273,0.6828456675451935,0.671506775565821,1.0078411030945431,2.362754313773993,1.96222989377596,0.32062488787056176,1.7110553723939446,0.23635049091978377,0.00034844667411018074,10.0,,,19.69446086883545
gold_fair_dim_sweep,f1af25258149,1,AnchorPlugin,FeasibleRestricted,453960931,500,500,20000,10,0.1,20,2.945112384569614,-1.1116658825431804,0.3915456134172439,-0.3915456134172439,0.7498053178053178,0.5538898898898899,0.7643241881072479,0.7185543736507504,0.7210184394526871,0.7230071602575204,4.970022754777591,3.8960454808077944,1.18429651867511,0.5964217654998456,0.5741384780683244,0.5644820870352038,1.1945404386648781,1.876233330167945,0.40662145147857665,1.6459087617904635,0.3014971015232648,0.004265233304200105,20.0,,,8.22169017791748
gold_fair_dim_sweep,f1af25258149,1,IPWTransport,FeasibleRestricted,453960931,500,500,20000,10,0.1,20,2.6803546946135404,0.05574518129548759,0.7758654504214241,0.7758654504214241,0.8184615624615624,0.6254534534534535,0.8318443187373658,0.8489448119968486,0.7960894644312374,0.8110764847885212,5.871893885688709,4.301694090612152,1.2565570023197594,-0.7901672670283657,0.68898568429777,0.9253795202649601,2.1057539073086637,1.956572134944755,0.32628264670176677,1.7270384837513353,0.22036737956239305,,,,,0.3778960704803467
gold_fair_dim_sweep,f1af25258149,1,EntropyBalancing,FeasibleRestricted,453960931,500,500,20000,10,0.1,20,2.682340659739442,0.045988766720611786,0.7661090358465483,0.7661090358465483,0.8181315501315501,0.624988988988989,0.83153216434516,0.8485577258672188,0.8028344816390561,0.8088508077047608,5.8692165282849205,4.338141000112055,1.2607798952851599,-0.7781019816162429,0.6883888241661676,0.9208461371137486,2.116233255030023,1.953099963927804,0.32975481771871773,1.7343278656513157,0.21307799766241264,,,,,2.662844181060791
gold_fair_dim_sweep,f1af25258149,1,OutcomeModelTransport,FeasibleRestricted,453960931,500,500,20000,10,0.1,20,2.69492733012822,0.025208000766506474,0.7453282698924429,0.7453282698924429,0.8148056988056989,0.6211931931931932,0.8276954618689751,0.8507372740555005,0.8124758018602768,0.7921585748244673,5.884291802318614,4.3902381726967405,1.2582131001544643,-0.7518373059190584,0.682570390666356,0.9073921002998656,2.2670525864731497,1.9658168053991443,0.3170379762473774,1.7447473001682527,0.2026585631454756,,,,,0.17941570281982422
gold_fair_dim_sweep,f1af25258149,3,TargetOnlyDR,OracleTargetTreated,1904091667,500,500,20000,10,0.1,20,2.337760085392155,0.8261245037002429,0.13276217739841778,0.13276217739841778,0.802941418941419,0.6074314314314315,0.8159317625195752,0.7706949305288744,0.8049185529399412,0.8474442150205775,5.6828399535115945,4.847703069169251,1.2319222215237717,-0.3243588075518009,0.6537147030398758,0.5433020662219645,1.4568257537950693,0.9866809539721789,0.2657953928095568,0.3229247523620951,0.23497953331971183,0.0,0.0,,,12.796364307403564
gold_fair_dim_sweep,f1af25258149,3,ProxyOnly,FeasibleRestricted,1904091667,500,500,20000,10,0.1,20,3.331175290892716,1.290181779692832,0.596819453391007,0.596819453391007,0.5561518481518481,0.3901341341341341,0.572500121673277,0.5644027818147006,0.6099630439189822,0.6034981455309661,4.161712438109129,3.6735638770976347,1.712982576532305,-1.5166965828714374,0.3284719195534286,0.7971057156673056,2.730000238528561,0.5532637640407441,0.6992125827409916,0.08809691394777185,0.4698073717340351,0.0,0.0,,,6.92928147315979
gold_fair_dim_sweep,f1af25258149,3,Glmtrans_Auto,OracleTargetTreated,1904091667,500,500,20000,10,0.1,20,0.25084469007966986,0.737524807380584,0.044162481078758864,0.044162481078758864,0.9976069096069097,0.9623823823823824,0.9979412913901784,0.9960622718374283,0.9995102737759859,0.9991898873070347,7.344621393446667,6.019651310250738,0.9936130910874398,-0.03945197731326501,0.9959059223126709,0.050649120213338825,0.08659626115306196,1.2484885173207358,0.003987829460999848,0.5573144005783924,0.0005898851034145114,,,,,13.48294973373413
gold_fair_dim_sweep,f1af25258149,3,Glmtrans_DR_CrossFit,OracleTargetTreated,1904091667,500,500,20000,10,0.1,20,0.25431407841703874,0.738919479250407,0.04555715294858187,0.04555715294858187,0.9975657495657496,0.9621861861861862,0.9979061521165917,0.9963681974344107,0.9990971454958578,0.9991898873070347,7.346877183820351,6.017163203566872,0.9926141919981156,-0.040099635545985994,0.9958095297090018,0.053447837176127604,0.08640041344831317,1.2482263295598037,0.004250017221931968,0.5568167792416195,0.0010875064401874024,,,,,21.584304809570312
gold_fair_dim_sweep,f1af25258149,3,Glmtrans_OptionB,FeasibleRestricted,1904091667,500,500,20000,10,0.1,20,3.5070156553393015,0.16330424881686617,0.530058077484959,-0.530058077484959,0.4343488583488584,0.30093293293293294,0.4586325702711845,0.5039821920894547,0.5189214975024771,0.5198439974024974,3.7161917428195737,3.125256992664152,0.7348079930361281,0.573365058974431,0.21260643262125267,0.7283816207028619,1.3165310414605238,0.4056064958142665,0.8468698509674693,-0.021564462938924663,0.5794687486207316,,,,,13.987021684646606
gold_fair_dim_sweep,f1af25258149,3,AnchorOnly,OracleTargetTreated,1904091667,500,500,20000,10,0.1,20,2.3455877255079947,1.0166645345677068,0.32330220826588163,0.32330220826588163,0.8283910923910925,0.6358798798798799,0.8398045431962425,0.8026683014420273,0.8472677878630267,0.8650326593302834,5.918600618952877,5.102755602576229,1.4015082745532725,-0.7315014313396668,0.6906351579969428,0.8419502929695386,1.9717684084848406,0.977524570671635,0.2749517761101007,0.3739352590434909,0.18396902663831605,0.0003173087412064625,10.0,,,17.269360542297363
gold_fair_dim_sweep,f1af25258149,3,AnchorPlugin,FeasibleRestricted,1904091667,500,500,20000,10,0.1,20,3.1874988228602947,0.8256298628138513,0.13226753651202616,0.13226753651202616,0.5383435543435544,0.37910710710710716,0.5555114480782724,0.6149241446998391,0.5992175036868219,0.6098461552011143,4.534239631602543,3.608847778589204,1.0388941572594415,-0.16437971423439893,0.31255389226058583,0.22823867735457237,0.5997614241963175,0.6030763265911744,0.6494000201905613,0.07515369424608577,0.4827505914357212,0.0006610953245003031,20.0,,,10.815662384033203
gold_fair_dim_sweep,f1af25258149,3,IPWTransport,FeasibleRestricted,1904091667,500,500,20000,10,0.1,20,3.5849535423428933,0.2450101751353749,0.4483521511664502,-0.4483521511664502,0.40346746346746354,0.27786186186186185,0.42722927727542015,0.47366957199464294,0.4747057414030315,0.5059502815231135,3.4926768840255717,2.8589631474471013,0.6772152442702708,0.5274377006988205,0.18375090360656732,0.8356312403845485,1.5877831444805346,0.348838913848313,0.9036374329334227,-0.07482323198233477,0.6327275176641417,,,,,0.5163135528564453
gold_fair_dim_sweep,f1af25258149,3,EntropyBalancing,FeasibleRestricted,1904091667,500,500,20000,10,0.1,20,3.606893773841107,0.2236417231702052,0.46972060313161995,-0.46972060313161995,0.39821088221088224,0.274022022022022,0.42191906762311754,0.45811171988671584,0.4730747733647951,0.5038401517588652,3.3779586212635717,2.8491404781400047,0.6619162806471452,0.5453302287034849,0.17945027376258527,0.8558348463423964,1.6856643969811422,0.34912859346229674,0.903347753319439,-0.07678776584375412,0.6346920515255611,,,,,1.4484643936157227
gold_fair_dim_sweep,f1af25258149,3,OutcomeModelTransport,FeasibleRestricted,1904091667,500,500,20000,10,0.1,20,3.5106169536664855,0.16362922636318647,0.5297330999386387,-0.5297330999386387,0.4338769938769939,0.3005645645645646,0.4581802191032622,0.5039821920894547,0.5233462477129752,0.5182587549002423,3.7161917428195737,3.1519054965374873,0.730054181079795,0.5739041254485291,0.21218851797741967,0.7423337527069009,1.3390170416748526,0.40330388227959935,0.8491724645021363,-0.016234762164257583,0.5741390478460645,,,,,0.11558413505554199
gold_fair_dim_sweep,f1af25258149,4,TargetOnlyDR,OracleTargetTreated,2006509168,500,500,20000,10,0.1,20,3.349152993501456,1.596535399824184,0.19632028984448602,0.19632028984448602,0.7896469416469417,0.6025385385385386,0.8071249686194543,0.8578104740811433,0.8631641715402472,0.8553437363534073,9.06513503366727,7.503517947319494,1.4405225158092445,-0.8996300807535526,0.6581717699229275,1.0194146586023236,3.2118706898263807,1.5315288792051085,0.436845407342221,0.5825471118819187,0.23790377972985977,0.0,0.0,,,13.406294822692871
gold_fair_dim_sweep,f1af25258149,4,ProxyOnly,FeasibleRestricted,2006509168,500,500,20000,10,0.1,20,5.105335709045217,2.089377191433551,0.689162081453853,0.689162081453853,0.2563032883032883,0.173005005005005,0.27251282441737223,0.3954970496338404,0.3880224742732385,0.39713156939005223,4.179517817368863,3.3730936659212394,1.0426063911436796,-0.7781829033187543,0.07670577209761775,0.6997390717968928,1.3859349455535175,0.600169125992334,1.3682051605549956,-0.24353774439773218,1.0639886360095105,0.0,0.0,,,7.731936693191528
gold_fair_dim_sweep,f1af25258149,4,Glmtrans_Auto,OracleTargetTreated,2006509168,500,500,20000,10,0.1,20,0.3812388410247972,1.3527687530802681,0.04744635689942989,-0.04744635689942989,0.9972592212592214,0.9616816816816817,0.9976786368084674,0.9985186989137333,0.997868962986804,0.997536594059187,10.552105753885341,8.674511662692955,1.0119782328334923,0.031242577805160945,0.9949757872853983,0.07277011211502674,0.12327030431854968,1.9650362042690688,0.0033380822782607122,0.8167458549566111,0.003705036655167304,,,,,12.809754610061646
gold_fair_dim_sweep,f1af25258149,4,Glmtrans_DR_CrossFit,OracleTargetTreated,2006509168,500,500,20000,10,0.1,20,0.3688797895813062,1.3569878471760513,0.04322726280364675,-0.04322726280364675,0.9974043494043495,0.9638678678678679,0.9978180503161136,0.997979121938486,0.9979116745749375,0.9979894183212253,10.546403634023825,8.67488295610235,1.0109347763033831,0.028388904248366927,0.9952735724097947,0.0716392212449076,0.11255405887268921,1.9650552260271223,0.00331906052020714,0.81682011363849,0.0036307779732883683,,,,,18.381020307540894
gold_fair_dim_sweep,f1af25258149,4,Glmtrans_OptionB,FeasibleRestricted,2006509168,500,500,20000,10,0.1,20,4.538137367265654,0.22468878890137556,1.1755263210783224,-1.1755263210783224,0.5386149466149467,0.3773933933933934,0.559573545991319,0.6120594655838997,0.6523647155421413,0.6420317035944009,6.468097408224737,5.6710305092177835,1.1076626388139827,1.1513357331532823,0.3096114126368319,1.1755263210783222,1.8719246716085935,0.9579350814381664,1.010439205109163,0.2160496242615767,0.6044012673502017,,,,,12.99493408203125
gold_fair_dim_sweep,f1af25258149,4,AnchorOnly,OracleTargetTreated,2006509168,500,500,20000,10,0.1,20,3.4323676336220688,1.743448116884733,0.3432330069050349,0.3432330069050349,0.7804626484626486,0.5921921921921922,0.7984112719539717,0.8255379976839305,0.8512170380126383,0.8464906466554105,8.724087255339606,7.399661075360282,1.4275092932823812,-1.0885732792289236,0.6361741049569187,1.0405895075879585,3.2869555073535577,1.5217653141427627,0.44660897240456676,0.5617757374900761,0.2586751541217023,0.0018765313508279213,9.0,,,18.7861008644104
gold_fair_dim_sweep,f1af25258149,4,AnchorPlugin,FeasibleRestricted,2006509168,500,500,20000,10,0.1,20,4.6461636884429405,1.172694662472667,0.22752044750703093,-0.22752044750703093,0.45496155496155505,0.31183183183183183,0.47204995902444424,0.5293143615385577,0.587409266424518,0.5942147960390233,5.5936670250455744,5.106370396691833,1.0595813914676984,0.15764966775016626,0.2235929635927385,0.3031098217608443,0.9260905689349164,0.8795244807449487,1.0888498058023808,0.10311760175638673,0.7173332898553917,0.0024143806994946317,20.0,,,10.734872341156006
gold_fair_dim_sweep,f1af25258149,4,IPWTransport,FeasibleRestricted,2006509168,500,500,20000,10,0.1,20,4.716371502848426,0.16558238844188167,1.2346327215378163,-1.2346327215378163,0.4847949167949169,0.33692892892892895,0.5051022283279737,0.5953254754157852,0.5977959031630903,0.6283373297841466,6.2912566198343765,5.196661812565935,1.0016103648675605,1.2343660734767823,0.2523049718458601,1.2346327215378161,1.6744809379241772,0.8307315944629596,1.1376426920843699,0.12117588493120701,0.6992750066805714,,,,,0.4673604965209961
gold_fair_dim_sweep,f1af25258149,4,EntropyBalancing,FeasibleRestricted,2006509168,500,500,20000,10,0.1,20,4.727730682421101,0.18225486616754846,1.2179602438121495,-1.2179602438121495,0.4800552000552,0.3335095095095095,0.5000996593202383,0.5953308240532778,0.5898491375840228,0.6285308791563666,6.291313142950591,5.127580286580825,0.9908894802120907,1.2196206803768113,0.2469784094330223,1.2179602438121495,1.799911705608531,0.8283554528396649,1.1400188337076647,0.10735957973418493,0.7130913118775934,,,,,2.749668598175049
gold_fair_dim_sweep,f1af25258149,4,OutcomeModelTransport,FeasibleRestricted,2006509168,500,500,20000,10,0.1,20,4.535843143228005,0.2263650100793842,1.1738500999003139,-1.1738500999003139,0.538998694998695,0.3776896896896897,0.5598826552793068,0.6120594655838997,0.6523647155421413,0.6420469443866733,6.468097408224737,5.6710305092177835,1.1021731546823272,1.1507216727108056,0.30995914841684424,1.1738500999003136,1.8536037056044874,0.9579350814381664,1.010439205109163,0.2160496242615767,0.6044012673502017,,,,,0.16994500160217285
gold_fair_dim_sweep,f1af25258149,2,TargetOnlyDR,OracleTargetTreated,764779638,500,500,20000,10,0.1,20,2.165480496084134,0.15621725190129995,0.16280431009811433,-0.16280431009811433,0.8045571245571245,0.6095255255255255,0.8161232368132602,0.8437106400266631,0.8183883223572543,0.8194402280545272,5.400176283170285,4.23124659132712,1.4036804320185257,0.09974246236185062,0.6652116918078521,0.6388913677796865,1.9251485921457356,1.449320932739664,0.23901782796570537,0.9860314916355373,0.18779441763237092,0.0,0.0,,,12.843755722045898
gold_fair_dim_sweep,f1af25258149,2,ProxyOnly,FeasibleRestricted,764779638,500,500,20000,10,0.1,20,2.526823488067669,0.6008078793918055,0.2817863173923912,0.2817863173923912,0.688835224835225,0.500932932932933,0.7046898956285893,0.8027416516182515,0.775500448789749,0.7811619043825399,5.137953965407893,4.009506906284843,1.0583365429066138,-0.3168353720271633,0.4743130751609146,0.5617321763798044,1.3402545330680318,1.2173148862434264,0.4710238744619428,0.9416835546270818,0.23214235464082644,0.0,0.0,,,7.641045570373535
gold_fair_dim_sweep,f1af25258149,2,Glmtrans_Auto,OracleTargetTreated,764779638,500,500,20000,10,0.1,20,0.263425454908186,0.2726189646348515,0.04640259736456276,-0.04640259736456276,0.9980634500634502,0.9647247247247247,0.9982306895908728,0.9991710767750536,0.9983245996978202,0.9986302667141592,6.395201975240995,5.161556493551022,1.046545344994961,0.033713453603464574,0.9963496468488592,0.13739623715992794,0.31607850432894313,1.6847763592006728,0.003562401504696444,1.1720934720803178,0.0017324371875904188,,,,,15.055641651153564
gold_fair_dim_sweep,f1af25258149,2,Glmtrans_DR_CrossFit,OracleTargetTreated,764779638,500,500,20000,10,0.1,20,0.2192995542425283,0.27466456167429465,0.04435700032511963,-0.04435700032511963,0.998018906018906,0.9637957957957959,0.9981857458228114,0.9992183095195033,0.9981469066109785,0.9984431364834431,6.395504288776307,5.160637781434217,1.0114529136952302,0.04121129080512559,0.996271753626197,0.05434041798898376,0.11788744566253495,1.6854294966577976,0.002909264047571636,1.1719097296569567,0.001916179610951474,,,,,20.59242558479309
gold_fair_dim_sweep,f1af25258149,2,Glmtrans_OptionB,FeasibleRestricted,764779638,500,500,20000,10,0.1,20,1.6664755776946112,-0.1668624091632271,0.48588397116264137,-0.48588397116264137,0.8908979428979431,0.7131451451451452,0.8982346552293032,0.9100386146865856,0.8896074634336636,0.917819967480025,5.824708982743582,4.599465124857532,1.187576847462011,0.5171834958333955,0.8077210708304,0.5824059586776396,1.3115706639272338,1.5293660495487194,0.1589727111566499,1.0596751983416193,0.11415071092628892,,,,,14.283026456832886
gold_fair_dim_sweep,f1af25258149,2,AnchorOnly,OracleTargetTreated,764779638,500,500,20000,10,0.1,20,2.244554059566144,0.14533180036915222,0.17368976163026206,-0.17368976163026206,0.7741314661314662,0.5784944944944945,0.7881486188629528,0.7962911588815522,0.8049822933117485,0.7831061692714211,5.0966675382385205,4.161934489538274,1.3544468120193194,0.12217736830438794,0.6240871726708537,0.5205968258827144,1.606236121452275,1.3943019193407526,0.2940368413646166,0.9721690712777681,0.20165683799014011,0.0002664373088874064,10.0,,,17.048113346099854
gold_fair_dim_sweep,f1af25258149,2,AnchorPlugin,FeasibleRestricted,764779638,500,500,20000,10,0.1,20,1.8762151706128491,0.23833131305376962,0.08069024894564467,-0.08069024894564467,0.8266864666864666,0.6361681681681681,0.8388302516943215,0.8565141998907014,0.8664924505820027,0.8526535679617145,5.482125564165183,4.479955453635247,1.0573676064129978,0.06701775198248282,0.7083455326032748,0.15071035148674367,0.3706909066656534,1.4481820508310608,0.24015670987430848,1.0357732640971626,0.13805264517074556,0.0005536462896996127,20.0,,,10.082741737365723
gold_fair_dim_sweep,f1af25258149,2,IPWTransport,FeasibleRestricted,764779638,500,500,20000,10,0.1,20,1.6822375239743206,-0.1864403976284998,0.5054619596279141,-0.5054619596279141,0.8883142323142323,0.7096576576576576,0.8957985733259206,0.9023149633226053,0.8824779880929364,0.9079466564925914,5.775273694225797,4.562604178275948,1.1730862273607239,0.5377322246810644,0.8022452209316375,0.5941294543353512,1.2339362145704218,1.5272573139527525,0.1610814467526167,1.0523030090253027,0.12152290024260548,,,,,0.5120677947998047
gold_fair_dim_sweep,f1af25258149,2,EntropyBalancing,FeasibleRestricted,764779638,500,500,20000,10,0.1,20,1.6759348438733739,-0.18194719116912494,0.5009687531685392,-0.5009687531685392,0.8890503370503371,0.7107427427427427,0.896477293262732,0.9024545900423714,0.878923652769783,0.911906894618955,5.776167376093498,4.544227487395013,1.1722595249309808,0.532310889881859,0.8035221345295753,0.589459196477678,1.2229933312795325,1.5259905311400017,0.16234822956536754,1.048627670849116,0.12519823841879218,,,,,1.842923641204834
gold_fair_dim_sweep,f1af25258149,2,OutcomeModelTransport,FeasibleRestricted,764779638,500,500,20000,10,0.1,20,1.6630452380040024,-0.1685564200172081,0.4875779820166224,-0.4875779820166224,0.8909305229305229,0.7131771771771772,0.8982769558238239,0.9082042396260734,0.8896074634336636,0.917803713309695,5.81296805140259,4.599465124857532,1.1811452365336979,0.518111174589913,0.8076593360684325,0.5757788065445453,1.2754653287846986,1.5293660495487194,0.1589727111566499,1.0596751983416193,0.11415071092628892,,,,,0.09038305282592773
gold_fair_dim_sweep,3ffce904ee7c,0,TargetOnlyDR,OracleTargetTreated,1431144899,200,200,20000,10,0.1,100,6.726466195761843,1.9758205813293148,0.10034111638439236,-0.10034111638439236,0.5489012609012609,0.3836036036036036,0.5711889122551057,0.5867890104876263,0.5925864990639167,0.6290962538510966,9.139898971200786,7.663488794987977,1.8240795514274404,-1.527892221978573,0.3257124907119199,1.7680280026818216,4.797855010677752,4.446689408318754,1.2632127042191623,2.968754101606787,1.0537563053773638,0.0,0.0,,,18.832476139068604
gold_fair_dim_sweep,3ffce904ee7c,0,ProxyOnly,FeasibleRestricted,1431144899,200,200,20000,10,0.1,100,8.202881625270216,-1.9004870452020188,3.9766487429157262,-3.9766487429157262,0.4404715644715645,0.30421621621621625,0.45815320465465875,0.4975700728480557,0.5567247501447145,0.5571235414078994,7.75021364688653,7.199714963749653,1.9146293120463838,5.714889901621915,0.2035205896301988,3.976648742915727,6.603487441434345,2.6123816355058427,3.0975204770320737,2.8759993353591224,1.1465110716250284,0.0,0.0,,,12.748192310333252
gold_fair_dim_sweep,3ffce904ee7c,0,Glmtrans_Auto,OracleTargetTreated,1431144899,200,200,20000,10,0.1,100,0.95257287756437,2.1262580672676905,0.05009636955398333,0.05009636955398333,0.9920574560574561,0.9253613613613614,0.9930297119069615,0.9921194378339233,0.9932672029371233,0.9936306027239268,15.453376370547746,12.845199970235353,1.0342368684009398,-0.1228927871894633,0.9862625105777844,0.19669723017068064,0.42721862652294185,5.693194703199422,0.016707409338494017,4.005096336656262,0.017414070327888886,,,,,33.61439800262451
gold_fair_dim_sweep,3ffce904ee7c,0,Glmtrans_DR_CrossFit,OracleTargetTreated,1431144899,200,200,20000,10,0.1,100,0.9514433325807861,2.1186083561146796,0.04244665840097239,0.04244665840097239,0.9915909555909556,0.9228708708708709,0.9925487209716177,0.9903733597077915,0.9914315416624657,0.9941958369429886,15.426179239409578,12.821460702412082,1.0110461897147454,-0.06584920823385881,0.9853229633430671,0.0782854354450452,0.16559676418591707,5.681722276023543,0.028179836514373058,4.000348483091608,0.022161923892542568,,,,,35.36084032058716
gold_fair_dim_sweep,3ffce904ee7c,0,Glmtrans_OptionB,FeasibleRestricted,1431144899,200,200,20000,10,0.1,100,3.1473648972565478,0.10407866788369102,1.9720830298300163,-1.9720830298300163,0.942963294963295,0.7945505505505506,0.9488528740588587,0.9481881410691153,0.9595817378574306,0.9600106514671978,14.769097001084926,12.409570429906692,1.0164323840304097,1.9703727691899777,0.9017054894227643,1.972083029830017,2.2865656813336175,5.410143439309967,0.2997586732279496,3.91797042859053,0.10453997839362072,,,,,28.355066537857056
gold_fair_dim_sweep,3ffce904ee7c,0,AnchorOnly,OracleTargetTreated,1431144899,200,200,20000,10,0.1,100,6.676397305608281,1.8199146426304875,0.25624705508321965,-0.25624705508321965,0.5995999555999556,0.4250730730730731,0.6151045496016075,0.6223715947197961,0.6432250949538625,0.6395712814923338,9.694137750734187,8.318360805756935,2.145850539613026,-1.8291031202245696,0.3792809788194986,2.18340048504787,5.48353357872644,4.5931078309635325,1.1167942815743839,3.099728503760579,0.922781903223572,0.0020918125012213454,48.0,,,29.583796977996826
gold_fair_dim_sweep,3ffce904ee7c,0,AnchorPlugin,FeasibleRestricted,1431144899,200,200,20000,10,0.1,100,5.709875499158711,-0.8185048458009767,2.894666543514684,-2.894666543514684,0.7726516486516487,0.5740620620620621,0.7858565230423331,0.7799559482582576,0.8061628798116435,0.8201367896465465,12.148691338209558,10.425516285185237,1.127723978995095,2.9992092392471523,0.6111575495375394,2.894666543514684,3.8999090840918638,4.800917175874898,0.9089849366630185,3.5211595996462393,0.5013508073379116,0.0093387935560354,99.0,,,15.754769325256348
gold_fair_dim_sweep,3ffce904ee7c,0,IPWTransport,FeasibleRestricted,1431144899,200,200,20000,10,0.1,100,3.497453486964531,0.13865126967657873,1.9375104280371285,-1.9375104280371285,0.9186880026880028,0.7547787787787787,0.9271868882434977,0.9376381899591671,0.94221620541907,0.9401001582123176,14.60476964393844,12.184994670130527,0.9837430827708626,1.9397644702519763,0.8613968636038116,1.937510428037129,2.4468707745224125,5.3984668182141435,0.3114352943237728,3.8730552766352977,0.14945513034885316,,,,,1.307732343673706
gold_fair_dim_sweep,3ffce904ee7c,0,EntropyBalancing,FeasibleRestricted,1431144899,200,200,20000,10,0.1,100,3.9312948868768487,0.2592772414676503,1.8168844562460569,-1.8168844562460569,0.8831789471789473,0.7043283283283284,0.895158052168034,0.9093242417283024,0.9124925265555226,0.9138502101525036,14.163748047281645,11.800600020106536,0.9328178642200741,1.834303255086982,0.8051438833900098,1.8168844562460575,2.6847074765053787,5.310447464769849,0.39945464776806716,3.796176346630499,0.2263340603536519,,,,,3.2806293964385986
gold_fair_dim_sweep,3ffce904ee7c,0,OutcomeModelTransport,FeasibleRestricted,1431144899,200,200,20000,10,0.1,100,3.1483256811010802,0.0965207089336385,1.9796409887800688,-1.9796409887800688,0.9430969990969992,0.7947747747747749,0.9489874180030632,0.9494363823831673,0.9595817378574303,0.9600106514671978,14.788539763812594,12.409570429906688,1.0111759579081507,1.9785622773997618,0.9019700413321402,1.979640988780069,2.2379736140698334,5.405603419951507,0.30429869258640974,3.91797042859053,0.10453997839362072,,,,,0.12691020965576172
gold_fair_dim_sweep,3ffce904ee7c,1,TargetOnlyDR,OracleTargetTreated,697347465,200,200,20000,10,0.1,100,7.183679459113545,-1.2045084020811692,0.5016273654460415,-0.5016273654460415,0.4873858513858514,0.3389229229229229,0.5033670911504523,0.5436993058368262,0.44352192342551683,0.43904425770357347,6.994560993820227,4.620199997280611,1.5834029509817409,1.2043411217024966,0.25734903696374345,1.5074142523020526,3.752676849214829,2.804347188317548,1.7439289240654103,2.5781851987990247,1.1593744850395962,0.0,0.0,,,19.645585775375366
gold_fair_dim_sweep,3ffce904ee7c,1,ProxyOnly,FeasibleRestricted,697347465,200,200,20000,10,0.1,100,8.016585346157937,-3.75500147960828,3.052120442973152,-3.052120442973152,0.42679143079143084,0.29304904904904905,0.44841669406241774,0.408616625772444,0.4104913822258183,0.41167803070201986,5.256754756483243,4.276118457449689,1.499648223457507,4.928300261339738,0.18892605136244178,3.052120442973152,5.1550173649604405,1.9702380281524747,2.5780380842304838,2.5093688908328415,1.2281907930057794,0.0,0.0,,,17.50410532951355
gold_fair_dim_sweep,3ffce904ee7c,1,Glmtrans_Auto,OracleTargetTreated,697347465,200,200,20000,10,0.1,100,0.916815332377544,-0.6093167981665217,0.09356423846860595,0.09356423846860595,0.9944770424770426,0.9386386386386387,0.994825024340724,0.9937380698612917,0.994198979432103,0.9953364157313583,12.784201610902988,10.356642771098517,1.0476188013259928,-0.06454930291212489,0.9894493903899719,0.30391623386722205,0.7800195804571288,4.52498505496625,0.023291057416708227,3.7254737535626066,0.012085930276014345,,,,,30.795954704284668
gold_fair_dim_sweep,3ffce904ee7c,1,Glmtrans_DR_CrossFit,OracleTargetTreated,697347465,200,200,20000,10,0.1,100,1.2816376308967166,-0.6079336456590207,0.09494739097610694,0.09494739097610694,0.9866180306180307,0.9013893893893894,0.9877871952499462,0.9860883628324025,0.9858735380020792,0.9901788298328854,12.685789967143268,10.269916044772856,0.9854743807151088,-0.10377800366342553,0.9754765575643154,0.1604928150069497,0.47860634683638104,4.507622800540966,0.04065331184199206,3.708128408297474,0.029431275541146995,,,,,36.01735830307007
gold_fair_dim_sweep,3ffce904ee7c,1,Glmtrans_OptionB,FeasibleRestricted,697347465,200,200,20000,10,0.1,100,3.2850959192735893,-1.4634364360848808,0.7605553994497531,-0.7605553994497531,0.9172698652698654,0.7511871871871871,0.923597270153969,0.9161857107334358,0.9102175968321194,0.9268459926287369,11.78650913583252,9.481802626414606,1.0750709093012334,0.8704169034112013,0.8494925548092258,0.8941885284310833,1.7501777785304276,4.271189103738211,0.2770870086447479,3.550505724625824,0.18705395921279688,,,,,29.655543088912964
gold_fair_dim_sweep,3ffce904ee7c,1,AnchorOnly,OracleTargetTreated,697347465,200,200,20000,10,0.1,100,7.367577177495134,-1.194843528944522,0.4919624923093944,-0.4919624923093944,0.4112541632541633,0.2835955955955956,0.4293182869535929,0.4328164295647631,0.3559190909835957,0.3287691697726814,5.568079420404477,3.707634947318862,1.1850684460256358,0.7130903274549442,0.1862919949263273,1.4838724146378774,2.729950613252072,2.488867114947168,2.0594089974357903,2.3956721888066754,1.3418874950319455,0.00379669410838662,44.0,,,29.14306354522705
gold_fair_dim_sweep,3ffce904ee7c,1,AnchorPlugin,FeasibleRestricted,697347465,200,200,20000,10,0.1,100,5.603049142752221,-2.1904580162838387,1.487576979648711,-1.487576979648711,0.7366722046722047,0.5440040040040041,0.7499652306733533,0.7744090294004691,0.7303733033354461,0.7338280776913838,9.962586179818178,7.608351596290265,1.0986605772998634,1.7036888320863877,0.5626799576176936,1.5123174558327193,2.272751805267075,3.6415549868562174,0.9067211255267411,3.1758155186009556,0.5617441652376653,0.00913780713001131,97.0,,,12.694641828536987
gold_fair_dim_sweep,3ffce904ee7c,1,IPWTransport,FeasibleRestricted,697347465,200,200,20000,10,0.1,100,3.1561416971569,-0.6909450397029463,0.011935996932181392,0.011935996932181392,0.9185723465723467,0.754054054054054,0.9248933701378881,0.9135540213551203,0.9089741909448716,0.9115895744949224,11.752653084011587,9.468849977236609,1.0642782224781857,0.03247672205004332,0.8522798513853986,0.4592987842124183,1.495938452532938,4.297938796101411,0.25033731628154765,3.547915194790225,0.18964448904839593,,,,,0.4336514472961426
gold_fair_dim_sweep,3ffce904ee7c,1,EntropyBalancing,FeasibleRestricted,697347465,200,200,20000,10,0.1,100,3.6828280710728096,-0.5269772790826844,0.17590375755244325,0.17590375755244325,0.8833437433437434,0.7046566566566567,0.8923994224787434,0.880539490841727,0.8539313515976586,0.8794215183082696,11.327929077783828,8.895464733417837,0.9740382911388518,-0.18958498824842848,0.7956619027168174,0.3146962081967467,1.1467966674829135,4.222035641524517,0.32624047085844143,3.4332381460264703,0.30432153781215066,,,,,3.66294002532959
gold_fair_dim_sweep,3ffce904ee7c,1,OutcomeModelTransport,FeasibleRestricted,697347465,200,200,20000,10,0.1,100,3.2775886416407336,-1.4624226988490103,0.7595416622138826,-0.7595416622138826,0.9175285255285255,0.7515675675675676,0.9238254213165636,0.9158233955545982,0.909654228542951,0.9256924268188863,11.781848038071018,9.47593397814581,1.0693228270924746,0.8609209381023025,0.8496439012123483,0.8795120461182077,1.706460559882765,4.271189103738211,0.2770870086447479,3.5493319949720643,0.1882276888665566,,,,,0.2198622226715088
gold_fair_dim_sweep,3ffce904ee7c,4,TargetOnlyDR,OracleTargetTreated,680498491,200,200,20000,10,0.1,100,6.647261897358711,0.303880400661733,0.19411691819861585,0.19411691819861585,0.5014327534327535,0.3475115115115115,0.5205555582999555,0.5756212531598343,0.5208294038242024,0.46442295207958184,7.812773245569771,5.641173604962323,1.360188774326993,-0.30357122725496105,0.2669796864643026,1.3540913257772627,4.041184293611461,3.8627727408908705,1.5334918183419881,3.4142232147233904,1.0379922867539766,0.0,0.0,,,21.87753677368164
gold_fair_dim_sweep,3ffce904ee7c,4,ProxyOnly,FeasibleRestricted,680498491,200,200,20000,10,0.1,100,8.076012076180623,-3.974870563931253,4.08463404639437,-4.08463404639437,0.41463355863355866,0.2828908908908909,0.4325917774265408,0.43609006820090757,0.41247581752424417,0.4647933098834924,5.918948959573417,4.467581279816551,1.360611260741505,5.518017131737915,0.1866280124880546,4.08463404639437,5.9580013038685165,2.681675110624315,2.714589448608544,3.179504749694236,1.2727107517831309,0.0,0.0,,,17.382569074630737
gold_fair_dim_sweep,3ffce904ee7c,4,Glmtrans_Auto,OracleTargetTreated,680498491,200,200,20000,10,0.1,100,0.8180812195459257,0.015417662538238347,0.09434581992487881,-0.09434581992487881,0.9936173016173017,0.9326326326326326,0.9943587142659984,0.9915291089480197,0.9956673080173191,0.9939724536303612,13.45779373514846,10.784207066786553,1.0009833731008058,0.09433065861026166,0.9887566756656991,0.0991554933739643,0.2012058978923914,5.379301030526261,0.01696352870659723,4.442829907088237,0.009385594389129892,,,,,30.1672203540802
gold_fair_dim_sweep,3ffce904ee7c,4,Glmtrans_DR_CrossFit,OracleTargetTreated,680498491,200,200,20000,10,0.1,100,1.108614559455912,-0.06407608722553436,0.1738395696886515,-0.1738395696886515,0.9892032412032413,0.9114194194194195,0.9902967999196551,0.9862553979255205,0.9886027704828927,0.9932793211424283,13.386214883333537,10.70769010676499,1.0384200481628731,0.1763013760459446,0.9809299897232204,0.29998807193682403,0.6063639248561099,5.366826664753307,0.029437894479551474,4.427526515083924,0.024688986393442747,,,,,37.3893187046051
gold_fair_dim_sweep,3ffce904ee7c,4,Glmtrans_OptionB,FeasibleRestricted,680498491,200,200,20000,10,0.1,100,2.6698436436203923,-0.24474983922315674,0.3545133216862739,-0.3545133216862739,0.9322476682476684,0.7765725725725726,0.938660813165572,0.9273204143591989,0.9354040152157755,0.9411257027122286,12.586304073391293,10.131487204574377,0.9751116717691531,0.3484219073532408,0.8813402801333515,0.3710832707582099,0.8840541903109996,5.177024608946774,0.21923995028608445,4.312285934645801,0.1399295668315661,,,,,27.851481199264526
gold_fair_dim_sweep,3ffce904ee7c,4,AnchorOnly,OracleTargetTreated,680498491,200,200,20000,10,0.1,100,6.625678500180911,-0.08902511289855033,0.19878859536166749,-0.19878859536166749,0.5261442101442102,0.36473673673673673,0.5430605403159272,0.56000470897117,0.5427491462839799,0.5135484551031794,7.6008135273423845,5.878589295558404,1.5563617690129836,0.2483187646604855,0.2902594040157027,1.4448692736737907,3.153414810048778,3.991851712834258,1.4044128463986008,3.461706352842607,0.9905091486347599,0.0033652567025779017,44.0,,,30.26686668395996
gold_fair_dim_sweep,3ffce904ee7c,4,AnchorPlugin,FeasibleRestricted,680498491,200,200,20000,10,0.1,100,5.334315152200546,-2.3816703697019896,2.4914338521651067,-2.4914338521651067,0.7778561378561379,0.5821661661661661,0.7919005567894141,0.8314229995542359,0.8057770979337109,0.8094251716727058,11.28471079031722,8.727480558837765,1.0070081789825687,2.5081250243934594,0.6212053967914113,2.4914338521651067,3.014478033265423,4.562638404132909,0.8336261550999495,4.031484605498479,0.42073089597888824,0.006544339041872191,98.0,,,9.544377088546753
gold_fair_dim_sweep,3ffce904ee7c,4,IPWTransport,FeasibleRestricted,680498491,200,200,20000,10,0.1,100,2.7753624062872797,-0.06024276180857737,0.17000624427169453,-0.17000624427169453,0.9267805107805109,0.7663223223223223,0.9332740996601245,0.9128781802676572,0.9307073176971578,0.940389700695248,12.39028299269412,10.08061663951415,0.9621833147004704,0.16772806270680496,0.8706796227174214,0.31719806533313805,0.8058665335593673,5.152433805535367,0.24383075369749196,4.302111821633757,0.1501036798436104,,,,,1.0160152912139893
gold_fair_dim_sweep,3ffce904ee7c,4,EntropyBalancing,FeasibleRestricted,680498491,200,200,20000,10,0.1,100,3.3377688649475954,-0.3011899427066724,0.4109534251697895,-0.4109534251697895,0.8954471474471475,0.7194994994994995,0.9033845052874617,0.8927992432217311,0.9090952427897637,0.8981422593453678,12.11775625520701,9.846533337724969,0.9361411794778776,0.3917197906754157,0.8169778084501412,0.5970146795041685,1.227581669322812,5.0870714666979575,0.3091930925349011,4.255295161275919,0.19692034020144789,,,,,3.0670368671417236
gold_fair_dim_sweep,3ffce904ee7c,4,OutcomeModelTransport,FeasibleRestricted,680498491,200,200,20000,10,0.1,100,2.674199761291865,-0.2415526618462023,0.35131614430931946,-0.35131614430931946,0.9321257961257962,0.7764484484484484,0.9385470038659041,0.9250554178291711,0.9342576392253705,0.9417148698438665,12.55556180285495,10.11907065141714,0.9699081479214655,0.34404737733986734,0.8811795181525899,0.389417588171481,0.9527419295146446,5.177024608946774,0.21923995028608445,4.309802624014353,0.14241287746301357,,,,,0.45212459564208984
gold_fair_dim_sweep,3ffce904ee7c,3,TargetOnlyDR,OracleTargetTreated,142086382,200,200,20000,10,0.1,100,9.217112301631982,3.93897857386442,0.3055938388392567,0.3055938388392567,0.5691935211935212,0.3999159159159159,0.5864541121688435,0.6924189257848488,0.6698651834631574,0.7007665503924125,15.477513588413991,12.456699030065272,2.115202894032029,-4.698354143943009,0.3295598658776998,2.74333782354804,6.816438332490328,1.2747140136062107,2.120651291888433,-0.34690010506321406,1.2278261806904154,0.0,0.0,,,21.873838424682617
gold_fair_dim_sweep,3ffce904ee7c,3,ProxyOnly,FeasibleRestricted,142086382,200,200,20000,10,0.1,100,10.261888386892778,4.242419756724916,0.6090350216997522,0.6090350216997522,0.25207348807348806,0.16886486486486488,0.2592586432819539,0.36976447000199664,0.4137223146115027,0.45796762606149677,8.265277559364236,7.6935098022166635,1.147613546663889,-1.2352736484268712,0.05866226580617895,0.91855616662161,1.8160582538330683,0.7905704058965537,2.6047948995980903,-1.2995379506329359,2.180464026260137,0.0,0.0,,,18.55406641960144
gold_fair_dim_sweep,3ffce904ee7c,3,Glmtrans_Auto,OracleTargetTreated,142086382,200,200,20000,10,0.1,100,0.7253238475244347,3.70053177953201,0.0671470445068465,0.0671470445068465,0.9973956133956133,0.9577097097097098,0.9977370094906404,0.9961066203361412,0.9975475726460102,0.9979591902911621,22.265789073119983,18.550225011518247,1.0123557751222325,-0.11286998300741548,0.9954645028489402,0.11459171370042892,0.3765447875651944,3.387069115985864,0.008296189508779861,0.8718050912273814,0.009120984399819898,,,,,34.24533224105835
gold_fair_dim_sweep,3ffce904ee7c,3,Glmtrans_DR_CrossFit,OracleTargetTreated,142086382,200,200,20000,10,0.1,100,2.0175165013763317,3.7649000216971524,0.13151528667198908,0.13151528667198908,0.9809143049143051,0.8822102102102102,0.9829172157017805,0.9836176799782113,0.9882001957042189,0.9885168941268223,21.98662607381916,18.376402779584215,0.9493671254511498,0.05911242381556419,0.966352562872802,0.4914742714873528,1.0221400649958898,3.305395537543037,0.08996976795160672,0.8370406448405747,0.043885430786626545,,,,,39.44163942337036
gold_fair_dim_sweep,3ffce904ee7c,3,Glmtrans_OptionB,FeasibleRestricted,142086382,200,200,20000,10,0.1,100,7.527392242813422,3.729537263941748,0.09615252891658477,0.09615252891658477,0.6828637308637309,0.4927687687687688,0.7022386326419942,0.7723701614174434,0.7801949762319847,0.7570881426078327,17.26464893355399,14.508373092994598,1.0177124290050392,-0.16221169292580173,0.49141681015737293,0.42861322690949083,1.4368043207641075,2.1903343475044292,1.2050309579902145,0.063434707522651,0.8174913681045503,,,,,31.15532088279724
gold_fair_dim_sweep,3ffce904ee7c,3,AnchorOnly,OracleTargetTreated,142086382,200,200,20000,10,0.1,100,9.349119287017189,4.127515932417601,0.4941311973924374,0.4941311973924374,0.5331218691218691,0.3710870870870871,0.5517217568686202,0.580977366511385,0.6407544830973436,0.6842823417443098,12.986480799248106,11.915361396817017,1.7173977123201667,-3.455201684873865,0.2632277202130491,2.6090891850999642,4.30823294437379,1.1679993310524277,2.227365974442216,-0.45516763171286495,1.3360937073400663,0.011375682028627397,42.0,,,29.061561822891235
gold_fair_dim_sweep,3ffce904ee7c,3,AnchorPlugin,FeasibleRestricted,142086382,200,200,20000,10,0.1,100,9.496529624631236,2.735860881487017,0.8975238535381465,-0.8975238535381465,0.4362056442056443,0.2994194194194194,0.45063131383032023,0.5774860999717248,0.5913507747588058,0.5801264355627244,12.908441156921583,10.996658438468476,0.8873628505826513,1.2056834244312786,0.20062347750689513,1.0914751594748922,2.6596842358179265,1.3081420920404385,2.0872232134542053,-0.6389082233825731,1.5198342990097744,0.02814428477637727,89.0,,,7.801347970962524
gold_fair_dim_sweep,3ffce904ee7c,3,IPWTransport,FeasibleRestricted,142086382,200,200,20000,10,0.1,100,10.038569029223094,3.8789261389521017,0.24554140392693835,0.24554140392693835,0.4152970632970633,0.2824904904904905,0.4298088326238709,0.5385639524522288,0.5520133317284166,0.5419239729710069,12.038421513191567,10.265146037855931,0.5890082335302628,1.3486653019266213,0.18633608964664672,2.6082267045103715,6.209616339562901,1.3641786200503765,2.0311866854442675,-0.7852107035050819,1.6661367791322832,,,,,0.15336894989013672
gold_fair_dim_sweep,3ffce904ee7c,3,EntropyBalancing,FeasibleRestricted,142086382,200,200,20000,10,0.1,100,10.305762587927195,3.764042900468101,0.1306581654429375,0.1306581654429375,0.38894407694407696,0.2633113113113113,0.40243932072615085,0.5107801768107157,0.52726397967877,0.5156681455283886,11.417375858580758,9.804911296175954,0.5421194813263026,1.5928237501334428,0.16191837217176797,3.195445382014129,7.192916913256436,1.2473042610989395,2.1480610443957042,-0.8772576518410776,1.7581837274682788,,,,,1.5251483917236328
gold_fair_dim_sweep,3ffce904ee7c,3,OutcomeModelTransport,FeasibleRestricted,142086382,200,200,20000,10,0.1,100,9.812875129612822,4.041430397746363,0.4080456627211997,0.4080456627211997,0.43933145533145535,0.299983983983984,0.45549166887586723,0.5967381521917834,0.5498440682977023,0.5621056592697368,13.33877875854485,10.224806784017368,0.630015282981602,1.087221819338539,0.20881488427124673,2.3573903827827998,4.886269330104412,1.4373025869417364,1.9580627185529074,-0.7932785542727951,1.6742046298999964,,,,,0.09167695045471191
gold_fair_dim_sweep,3ffce904ee7c,2,TargetOnlyDR,OracleTargetTreated,1813026246,200,200,20000,10,0.1,100,10.187607009577452,1.9760123825393356,0.0721524786809451,-0.0721524786809451,0.5192618552618553,0.3617177177177177,0.5298862544885146,0.5020122042138472,0.5443062844380139,0.5620918416831453,11.657142038990553,10.281342377584199,1.2288964375185218,-0.38014971617479404,0.26262810205490683,1.3811266766091572,4.4490108779074875,3.0189143119903257,2.0764288158657145,1.3570090063193367,1.72150983479589,0.0,0.0,,,23.432772874832153
gold_fair_dim_sweep,3ffce904ee7c,2,ProxyOnly,FeasibleRestricted,1813026246,200,200,20000,10,0.1,100,11.10881850247305,1.8506765366364453,0.19748832458383547,-0.19748832458383547,0.3553316233316233,0.24237437437437437,0.3685390316627831,0.4279356578971204,0.408406913108974,0.42547801689850995,9.937022856780187,7.714353890624286,1.787663098592149,-1.2602212907550139,0.13978542501618485,1.7076247722895717,3.7772338479125254,2.2988211534329093,2.796521974423131,0.8436113089273544,2.234907532187872,0.0,0.0,,,17.66095519065857
gold_fair_dim_sweep,3ffce904ee7c,2,Glmtrans_Auto,OracleTargetTreated,1813026246,200,200,20000,10,0.1,100,1.14202563855574,2.0614554056766217,0.013290544456340925,0.013290544456340925,0.9951981951981953,0.9413653653653654,0.9956708916648146,0.9977511912155709,0.99537690747353,0.9958792283054565,23.16861474271528,18.80156645819831,1.025581974038956,-0.06602664312682448,0.9912370116458061,0.2555912082684644,0.5366782598727475,5.079607594107065,0.015735533748975072,3.061053822442159,0.0174650186730676,,,,,36.03399205207825
gold_fair_dim_sweep,3ffce904ee7c,2,Glmtrans_DR_CrossFit,OracleTargetTreated,1813026246,200,200,20000,10,0.1,100,1.5314816510670883,2.068505183642829,0.02034032242254824,0.02034032242254824,0.9911119751119751,0.9190910910910911,0.9918780543047458,0.9922427130130111,0.9935234559180133,0.993086062653968,23.040703285011816,18.766556812770077,0.9857824474660883,0.00906875869256181,0.9833372856411515,0.12863430966107964,0.32439541441401865,5.064403189012568,0.030939938843472348,3.054051893356512,0.024466947758714497,,,,,38.849942445755005
gold_fair_dim_sweep,3ffce904ee7c,2,Glmtrans_OptionB,FeasibleRestricted,1813026246,200,200,20000,10,0.1,100,8.22721478596425,1.3046007062971825,0.7435641549230982,-0.7435641549230982,0.7148292548292549,0.5218978978978979,0.7306676759728823,0.7813678239234038,0.7390512563541975,0.7502814681592903,18.144012499528863,13.959859032321301,1.2712546105025202,0.38968519847514344,0.5417847572999783,1.8177989142144484,4.72735699085225,3.835235824748315,1.2601073031077252,2.092712337266757,0.9858065038484698,,,,,28.52230167388916
gold_fair_dim_sweep,3ffce904ee7c,2,AnchorOnly,OracleTargetTreated,1813026246,200,200,20000,10,0.1,100,10.503115551534878,1.9565593811699362,0.09160548005034452,-0.09160548005034452,0.4642250362250362,0.320956956956957,0.47710740825212034,0.507169307653878,0.49462212913376574,0.5358347118483578,11.776894281676267,9.34286375621121,1.1064121201842263,-0.116596151966287,0.20851304597362685,1.311488031356549,3.6177567650128495,2.7370225093070184,2.3583206185490218,1.1693132820447394,1.9092055590704873,0.005259448837547719,40.0,,,33.02565050125122
gold_fair_dim_sweep,3ffce904ee7c,2,AnchorPlugin,FeasibleRestricted,1813026246,200,200,20000,10,0.1,100,10.66638456005156,0.6430361856472232,1.4051286755730574,-1.4051286755730574,0.4177680577680578,0.2850810810810811,0.43319337663468016,0.4769928788654725,0.4545631253562841,0.47442417978033213,11.076172439332211,8.586193578194681,1.016215807165198,1.3947013247863576,0.19591453359921995,1.4246794282021735,3.4552249705066904,2.381336847611991,2.714006280244049,1.0179792464414337,2.060539594673793,0.01177600194870081,98.0,,,6.52339506149292
gold_fair_dim_sweep,3ffce904ee7c,2,IPWTransport,FeasibleRestricted,1813026246,200,200,20000,10,0.1,100,8.878794825876692,1.5658392720817282,0.4823255891385525,-0.4823255891385525,0.6437856317856319,0.460064064064064,0.6613246004322643,0.7312228072960859,0.7045815375194141,0.685609974100736,16.97960339459965,13.308764251438184,1.1689472116741677,0.21778141019043648,0.44391675289188437,0.9442735924314596,3.4154283117856057,3.547168147312335,1.5481749805437053,1.9624933810901342,1.1160254600250925,,,,,0.2814004421234131
gold_fair_dim_sweep,3ffce904ee7c,2,EntropyBalancing,FeasibleRestricted,1813026246,200,200,20000,10,0.1,100,8.89926233013305,1.5259337491176355,0.5222311121026453,-0.5222311121026453,0.6400956520956521,0.4589029029029029,0.6574075994536955,0.7299231002042905,0.7027303482762328,0.6852634447524268,16.9494231120269,13.273797338582312,1.1012861291131384,0.367675189371421,0.4360029559129337,0.9447866513299144,2.6078203482810682,3.549181415109709,1.546161712746331,1.9554999985189592,1.1230188425962675,,,,,1.559462308883667
gold_fair_dim_sweep,3ffce904ee7c,2,OutcomeModelTransport,FeasibleRestricted,1813026246,200,200,20000,10,0.1,100,9.147319304077262,1.1498309319650115,0.8983339292552692,-0.8983339292552692,0.6134182214182214,0.43536336336336334,0.6311247301103032,0.6949300031047166,0.6511270832465266,0.6729104316596454,16.136854214597953,12.299068861729594,1.1212539242588808,0.7589124165202656,0.4087388287204019,1.045147118930073,3.1251022427114794,3.400785257416264,1.6945578704397763,1.7605543031484163,1.3179645379668103,,,,,0.1161806583404541
gold_fair_dim_sweep,75e51acfd0c3,1,TargetOnlyDR,OracleTargetTreated,387595405,500,500,20000,10,0.1,50,5.189461285635168,0.5024760488272003,0.5042484046337666,0.5042484046337666,0.6575248895248896,0.4697577577577578,0.6740730862214364,0.6823918352217467,0.6909833442614045,0.6829643753395535,7.936461251430857,6.391249042627542,1.4457845327089036,-0.7282444552576164,0.44576615932790387,1.2991591995230283,2.7642391494891427,1.2640049005828429,0.9000136588264391,0.7626072577567687,0.571649786220637,0.0,0.0,,,17.61475419998169
gold_fair_dim_sweep,75e51acfd0c3,1,ProxyOnly,FeasibleRestricted,387595405,500,500,20000,10,0.1,50,5.516919353436911,0.10667009820589592,0.10844245401246219,0.10844245401246219,0.6553121233121234,0.4685205205205205,0.6730535271340891,0.6744707951848613,0.6991167980279442,0.682972284028807,7.844336721096544,6.466479406760583,2.1538431060285412,-0.23152301144672288,0.44817620218401977,1.9978455481337647,4.59129110912443,1.301237940913968,0.862780618495314,0.777653330583377,0.5566037133940287,0.0,0.0,,,7.3414952754974365
gold_fair_dim_sweep,75e51acfd0c3,1,Glmtrans_Auto,OracleTargetTreated,387595405,500,500,20000,10,0.1,50,0.5081188090993309,0.007508172715236185,0.009280528521802466,0.009280528521802466,0.9974774054774055,0.9588468468468468,0.9977629722770454,0.9986190155860354,0.9965435474862331,0.9983158406748154,11.614296527397878,9.217527523208343,1.0366012293160438,-0.009555336873097195,0.9954687061382534,0.18440006082904187,0.4874874893003316,2.156093367478307,0.00792519193097485,1.327862953872929,0.0063940901044767795,,,,,18.625409603118896
gold_fair_dim_sweep,75e51acfd0c3,1,Glmtrans_DR_CrossFit,OracleTargetTreated,387595405,500,500,20000,10,0.1,50,0.38560168662025,0.00260742693718754,0.004379782743753821,0.004379782743753821,0.9981409581409584,0.9652772772772773,0.9983737670997804,0.998737221785554,0.9988580132074688,0.9988079487392345,11.615671307800772,9.238935169207181,1.0016319080824587,-0.004384037824846914,0.9966776604779926,0.03465162185648361,0.09171446855024001,2.1579821114682045,0.006036447941077494,1.3321444830726965,0.0021125609047092375,,,,,30.72440457344055
gold_fair_dim_sweep,75e51acfd0c3,1,Glmtrans_OptionB,FeasibleRestricted,387595405,500,500,20000,10,0.1,50,2.698038645369295,0.430683881444447,0.4324562372510133,0.4324562372510133,0.9120071280071281,0.7421741741741742,0.9179315029721421,0.9090481037097307,0.9183171806774864,0.9014317469989526,10.57255476750326,8.493972901918523,1.027176810911341,-0.4441608516595918,0.8419683631021577,0.4324562372510137,0.8128655097489732,1.9453987726305535,0.2186197867787285,1.1831520296149656,0.15110501436244017,,,,,21.36301016807556
gold_fair_dim_sweep,75e51acfd0c3,1,AnchorOnly,OracleTargetTreated,387595405,500,500,20000,10,0.1,50,5.299347729567015,0.5649128373953187,0.566685193201885,0.566685193201885,0.6430070110070111,0.45773773773773774,0.6613585976882459,0.6332446063622463,0.679612904744454,0.6326312449022202,7.364861391459089,6.2860781853550804,1.5324959163388432,-0.8674989722022806,0.43116173447711337,1.439486370210531,2.6762722347000087,1.2848032513810876,0.8792153080281944,0.7415730863022766,0.5926839576751292,0.0004090286236642555,25.0,,,7.913332223892212
gold_fair_dim_sweep,75e51acfd0c3,1,AnchorPlugin,FeasibleRestricted,387595405,500,500,20000,10,0.1,50,4.119225198910492,0.0006817366894944427,0.0024540924960607243,0.0024540924960607243,0.7902394062394063,0.5955355355355355,0.8052407400371652,0.7863493036096039,0.7797084370004278,0.7926084509795572,9.145523812076782,7.211911608136209,1.255813552694571,-0.002628489980602541,0.6473741867060814,1.0147626215673644,2.0480146935297467,1.6103092276280926,0.5537093317811894,0.9267397708585022,0.4075172731189035,0.0008629792386808119,50.0,,,3.318903923034668
gold_fair_dim_sweep,75e51acfd0c3,1,IPWTransport,FeasibleRestricted,387595405,500,500,20000,10,0.1,50,2.7157756846168644,0.37382936466707223,0.3756017204736385,0.3756017204736385,0.9099203259203258,0.7385545545545547,0.9158166988702039,0.9116654090144738,0.9146071432691206,0.8995810965074139,10.602994964853377,8.45965691842738,1.006735088603321,-0.3781194943671948,0.838241410725982,0.37560172047363877,0.5829382288991707,1.9440334085025184,0.21998515090676363,1.1762888329167362,0.1579682110606695,,,,,0.33470582962036133
gold_fair_dim_sweep,75e51acfd0c3,1,EntropyBalancing,FeasibleRestricted,387595405,500,500,20000,10,0.1,50,2.7160850870469435,0.3898994901222924,0.3916718459288587,0.3916718459288587,0.9099983739983741,0.7388108108108108,0.9158394200088875,0.911665409014474,0.9173264835789576,0.8958105334352398,10.602994964853378,8.484809451113101,1.0061698649995023,-0.39407747314628777,0.8384735987549126,0.3916718459288586,0.6602330207625968,1.940277206097407,0.22374135331187506,1.1813193394538808,0.15293770452352495,,,,,1.1033425331115723
gold_fair_dim_sweep,75e51acfd0c3,1,OutcomeModelTransport,FeasibleRestricted,387595405,500,500,20000,10,0.1,50,2.701249222279397,0.43304171290239346,0.4348140687089597,0.4348140687089597,0.9116599796599797,0.7417337337337337,0.9176238811673176,0.9090481037097307,0.9201018434723509,0.9008307744792137,10.57255476750326,8.510480136823416,1.0220088358487986,-0.444344812683911,0.8414272273942127,0.43481406870895983,0.7999625361056364,1.9464600175775364,0.2175585418317456,1.1864534765959438,0.14780356738146194,,,,,0.0296785831451416
gold_fair_dim_sweep,75e51acfd0c3,0,TargetOnlyDR,OracleTargetTreated,1284807587,500,500,20000,10,0.1,50,5.310708230067004,-0.4094522522690508,0.26537493361213793,0.26537493361213793,0.6658969498969499,0.4766566566566567,0.6751224479860033,0.6515881082687289,0.6865687996067105,0.6083226257323981,6.974580965851868,5.78413423321268,1.9129267362812061,0.10842497471483539,0.4597512154265937,1.6619024964231648,4.158837780520203,2.4306256032175964,0.9079612172358069,2.1423038521893596,0.5281125903158648,0.0,0.0,,,16.701814651489258
gold_fair_dim_sweep,75e51acfd0c3,0,ProxyOnly,FeasibleRestricted,1284807587,500,500,20000,10,0.1,50,5.603101022025977,-1.0441660044993315,0.3693388186181428,-0.3693388186181428,0.5844779244779245,0.41563563563563566,0.6038881722391921,0.6262227485251017,0.6461287016976482,0.5778548888593259,6.703070861516256,5.443438654205491,2.05130530962048,1.4670760832734915,0.38434788694986244,1.6718491110603257,4.402693380947458,2.236613299933889,1.1019735205195142,2.074164736387922,0.5962517061173025,0.0,0.0,,,8.698459386825562
gold_fair_dim_sweep,75e51acfd0c3,0,Glmtrans_Auto,OracleTargetTreated,1284807587,500,500,20000,10,0.1,50,0.33345845330752594,-0.6554488258709948,0.019378360010193885,0.019378360010193885,0.9989583629583632,0.9735695695695696,0.9990728525445105,0.9994959811576198,0.9986415555574982,0.9991717702899787,10.698577148913154,8.413252701721564,1.0249877736561082,-0.003000153106167143,0.9980526031054526,0.12985119301413459,0.2959150014496785,3.336876797828674,0.0017100226247293016,2.668127545891136,0.002288896614088376,,,,,21.628273963928223
gold_fair_dim_sweep,75e51acfd0c3,0,Glmtrans_DR_CrossFit,OracleTargetTreated,1284807587,500,500,20000,10,0.1,50,0.3305613364111887,-0.6592861323695476,0.015541053511641145,0.015541053511641145,0.9985701985701985,0.9684444444444446,0.9987571868998172,0.998668270090402,0.9984462662164657,0.9986988416516758,10.689717352699283,8.411607448159948,0.9996780202801168,-0.01575333027586519,0.9975005779179792,0.022263923305227452,0.0663197193347611,3.3368556224028194,0.0017311980505838598,2.667798495178813,0.0026179473264114073,,,,,34.4224374294281
gold_fair_dim_sweep,75e51acfd0c3,0,Glmtrans_OptionB,FeasibleRestricted,1284807587,500,500,20000,10,0.1,50,1.9611651438467366,-1.1967550458148986,0.5219278599337098,-0.5219278599337098,0.9581474741474743,0.820056056056056,0.9608423752545125,0.9458654560954759,0.9569383329447801,0.958241390019214,10.124517502120453,8.061915679579444,1.0550873039717488,0.5878538689222386,0.920580088522872,0.52192785993371,1.0452992598181226,3.223328839774567,0.11525798067883608,2.5978601414627125,0.07255630104251187,,,,,25.020684003829956
gold_fair_dim_sweep,75e51acfd0c3,0,AnchorOnly,OracleTargetTreated,1284807587,500,500,20000,10,0.1,50,5.395925556774998,-0.3671623785109139,0.30766480737027485,0.30766480737027485,0.6409525489525489,0.4573853853853854,0.6489337143512747,0.6675403063605675,0.5892186980332534,0.5597275440374604,7.145332849999131,4.963989106547561,1.8478992428621865,0.003651895376608297,0.42393159244978385,1.683631365464834,3.413859640587873,2.342441566437442,0.9961452540159614,1.9782748268563353,0.6921416156488891,0.00040097467980572084,24.0,,,7.971268177032471
gold_fair_dim_sweep,75e51acfd0c3,0,AnchorPlugin,FeasibleRestricted,1284807587,500,500,20000,10,0.1,50,3.817669683317712,-1.0217894031286021,0.3469622172474134,-0.3469622172474134,0.8123024963024964,0.6147667667667668,0.8225057574173784,0.8128018006673318,0.8325782942873049,0.8135980106667494,8.700207839898912,7.0142200120011875,1.1243660000782796,0.474038078236891,0.6769148676008683,0.633891238181267,1.2267438506977255,2.848394596637985,0.49019222381541816,2.388321007947061,0.2820954345581632,0.0008775587017592749,50.0,,,3.196289300918579
gold_fair_dim_sweep,75e51acfd0c3,0,IPWTransport,FeasibleRestricted,1284807587,500,500,20000,10,0.1,50,1.7969984516741209,-1.4060646341053802,0.7312374482241915,-0.7312374482241915,0.9680518760518761,0.8432312312312313,0.9702158656673754,0.9555887123761216,0.9660357515397229,0.9705107845800554,10.22859496658075,8.138558676405133,1.0418352678869531,0.7900605388583608,0.939743259869204,0.7312374482241916,1.134144568183558,3.231550686651997,0.10703613380140631,2.61318874082785,0.057227701677374565,,,,,0.0809788703918457
gold_fair_dim_sweep,75e51acfd0c3,0,EntropyBalancing,FeasibleRestricted,1284807587,500,500,20000,10,0.1,50,1.7541388657688628,-1.3620250772280649,0.6871978913468761,-0.6871978913468761,0.9690478290478292,0.8456896896896897,0.97114158511284,0.9556924443720346,0.9679145694082907,0.9682134883487131,10.229705310976334,8.154387148013193,1.0402120956901926,0.7419677740848121,0.9416923958538553,0.6871978913468766,1.0687389458087644,3.2358575584904528,0.10272926196295051,2.616354435149462,0.054062007355762276,,,,,0.728459358215332
gold_fair_dim_sweep,75e51acfd0c3,0,OutcomeModelTransport,FeasibleRestricted,1284807587,500,500,20000,10,0.1,50,1.9555687023637052,-1.2150081140486693,0.5401809281674805,-0.5401809281674805,0.9583161703161703,0.8203763763763764,0.9610009447194636,0.9458654560954759,0.9569383329447804,0.9567894895430112,10.124517502120453,8.061915679579446,1.0493156559096712,0.6000998502473636,0.9210519719386687,0.5401809281674808,1.0022227582803769,3.220837104901645,0.11774971555175817,2.5978601414627125,0.07255630104251187,,,,,0.0356602668762207
gold_fair_dim_sweep,75e51acfd0c3,3,TargetOnlyDR,OracleTargetTreated,1081874618,500,500,20000,10,0.1,50,4.097780173130236,-2.1036049789878404,0.017996433390232713,0.017996433390232713,0.6851732411732412,0.4994114114114114,0.6998785158535712,0.6030765776462028,0.5533825634441658,0.5719711493533577,4.466480612058893,3.067882201196726,1.4180751635509736,0.8614685622467517,0.48215548602907454,0.9413873189451004,2.948901490927498,1.4486581372476968,0.5876005479196005,1.3688959282791944,0.4951979967803941,0.0,0.0,,,13.592635869979858
gold_fair_dim_sweep,75e51acfd0c3,3,ProxyOnly,FeasibleRestricted,1081874618,500,500,20000,10,0.1,50,4.5675251992699515,-1.5440011780708953,0.5776002343071778,0.5776002343071778,0.5763040203040204,0.4053093093093093,0.5922344892436815,0.5884329004630492,0.5302920925908867,0.47680330499746204,4.358027220479531,2.9398715820923997,1.311702700169862,-0.09633089803703207,0.33455863526580487,1.0629554083679775,1.9273445036377779,1.3771400477899811,0.6591186373773161,1.3432938044583294,0.5208001206012591,0.0,0.0,,,13.055318593978882
gold_fair_dim_sweep,75e51acfd0c3,3,Glmtrans_Auto,OracleTargetTreated,1081874618,500,500,20000,10,0.1,50,0.4013064203102225,-2.154935809377831,0.03333439699975793,-0.03333439699975793,0.9972041772041772,0.9558678678678678,0.9975482451223322,0.9987796485080302,0.996541274936827,0.9979563647009911,7.397120201867952,5.524697455425069,1.0208168545025167,0.07819338220584046,0.9950822655552206,0.10779404734713766,0.23661194741055347,2.0270679745826348,0.009190710584662476,1.8602589791248634,0.003834945934725109,,,,,30.374323844909668
gold_fair_dim_sweep,75e51acfd0c3,3,Glmtrans_DR_CrossFit,OracleTargetTreated,1081874618,500,500,20000,10,0.1,50,0.37670783127982616,-2.165042192714851,0.043440780336777784,-0.043440780336777784,0.9973994173994176,0.9569889889889891,0.9976951170012414,0.9970802178655481,0.9976095435700532,0.9978404174656957,7.384533949478892,5.530619800187025,0.9986800495725646,0.04058303196908876,0.9953340438614922,0.044520304023401874,0.0997399962452108,2.030254136513702,0.006004548653595343,1.8614434480772544,0.0026504769823341157,,,,,27.225708723068237
gold_fair_dim_sweep,75e51acfd0c3,3,Glmtrans_OptionB,FeasibleRestricted,1081874618,500,500,20000,10,0.1,50,2.6074702504126086,-3.0554261513583625,0.9338247389802894,-0.9338247389802894,0.8968751608751608,0.7195595595595595,0.9053438816836006,0.8847691799727235,0.8717558661121181,0.8568954441706517,6.552740621960876,4.832903098335596,0.8748549698306112,0.5514533410882066,0.8191871420368464,1.0000709403941381,2.399312379816422,1.8379616036028141,0.1982970815644831,1.7219001077069689,0.1421938173526196,,,,,14.067209959030151
gold_fair_dim_sweep,75e51acfd0c3,3,AnchorOnly,OracleTargetTreated,1081874618,500,500,20000,10,0.1,50,4.093111874329678,-2.2254791620696945,0.10387774969162145,-0.10387774969162145,0.6852956292956294,0.4994754754754755,0.6979373447814943,0.5504803521149385,0.5113446127937643,0.5373779712999109,4.076944638833473,2.8348291758674136,1.362427368338754,0.9104523056932761,0.4755210198122849,0.9501862609091698,2.412833705649854,1.4226841834581971,0.6135745017091001,1.322285323213332,0.5418086018462565,0.0007150304081885372,25.0,,,8.40599536895752
gold_fair_dim_sweep,75e51acfd0c3,3,AnchorPlugin,FeasibleRestricted,1081874618,500,500,20000,10,0.1,50,2.893107488183355,-1.298446361162171,0.823155051215902,0.823155051215902,0.853032253032253,0.6624544544544545,0.8647630367118235,0.8380232197846968,0.837513538992533,0.8077022699550471,6.206532640071077,4.643068013464277,1.0666020056601098,-0.7366759193204291,0.7464776349063065,0.8231550512159023,1.4392112648888347,1.7615045912112477,0.27475409395604955,1.6839330907327048,0.18016083432688368,0.0026161173184824065,50.0,,,4.326168060302734
gold_fair_dim_sweep,75e51acfd0c3,3,IPWTransport,FeasibleRestricted,1081874618,500,500,20000,10,0.1,50,1.1400495612579302,-1.8569997859110234,0.26460162646704966,0.26460162646704966,0.9780740100740101,0.8728648648648649,0.9800862925966268,0.9704231152941759,0.9713423296467476,0.965567202241096,7.187107227530245,5.384997723537574,1.0145521000364905,-0.23757837981472954,0.959204692728525,0.26460162646705054,0.4691794795814963,1.9930779965320076,0.04318068863528968,1.8323190327473642,0.0317748923122243,,,,,0.15220189094543457
gold_fair_dim_sweep,75e51acfd0c3,3,EntropyBalancing,FeasibleRestricted,1081874618,500,500,20000,10,0.1,50,1.1733276647601873,-1.8787101339632875,0.24289127841478564,0.24289127841478564,0.9763311283311282,0.8675475475475476,0.9785219943515472,0.9696162466341032,0.967964287432511,0.9627817431870134,7.181131430491734,5.366270289265978,1.0142960751604457,-0.21603309713495558,0.9562637082207982,0.2428912784147854,0.43100053267479677,1.9905121672241353,0.04574651794316198,1.828573545893045,0.03552037916654349,,,,,1.2142679691314697
gold_fair_dim_sweep,75e51acfd0c3,3,OutcomeModelTransport,FeasibleRestricted,1081874618,500,500,20000,10,0.1,50,0.963198769651673,-1.8388444805616946,0.2827569318163785,0.2827569318163785,0.9843835443835445,0.8937777777777778,0.9860815572355738,0.9892618895348797,0.9830322564176845,0.9727217534743977,7.326630172078127,5.449805183408812,1.02408378016947,-0.23847060558068678,0.9722758733530549,0.28275693181637823,0.4727698897606514,2.014821414174893,0.021437270992404223,1.8452805247216115,0.01881340033797696,,,,,0.09534192085266113
gold_fair_dim_sweep,75e51acfd0c3,4,TargetOnlyDR,OracleTargetTreated,1346069896,500,500,20000,10,0.1,50,4.324387965969897,-0.5178388323579393,0.012040755859430874,-0.012040755859430874,0.7290409170409171,0.5354234234234235,0.7474453014171905,0.7600069454168535,0.7049082594386263,0.7219624013257693,7.183205899396073,5.196078857965384,2.032616569847279,0.546769714662606,0.5593531432373937,1.6799522835646408,4.19626671170988,2.4829426731440614,0.5826159642043147,2.111720854913839,0.4350409954090382,0.0,0.0,,,16.69000768661499
gold_fair_dim_sweep,75e51acfd0c3,4,ProxyOnly,FeasibleRestricted,1346069896,500,500,20000,10,0.1,50,5.104163393970291,-1.4956281334216546,0.9898300569231462,-0.9898300569231462,0.4853998733998734,0.33426626626626627,0.5064393075531828,0.47993614265922196,0.5002425001377834,0.4559393379483933,4.536116613239925,3.687429454850916,1.7273500966971886,2.0776753243904227,0.26210904356723064,1.3421518399012593,3.229402135823788,1.8104694273832274,1.2550892099651487,1.8099909742909455,0.7367708760319316,0.0,0.0,,,13.064822435379028
gold_fair_dim_sweep,75e51acfd0c3,4,Glmtrans_Auto,OracleTargetTreated,1346069896,500,500,20000,10,0.1,50,0.4817196444385784,-0.537448240825736,0.03165016432722756,-0.03165016432722756,0.9963180363180363,0.9508828828828829,0.9968097039738478,0.995741117807711,0.9962866351990395,0.9982414805930365,9.411247508777013,7.343911569079753,1.0259237179651335,0.045582820943251286,0.99340615580683,0.13128317377925774,0.25098990975935465,3.0557877982312167,0.009770839117159369,2.5412873971367125,0.005474453186164574,,,,,28.77870225906372
gold_fair_dim_sweep,75e51acfd0c3,4,Glmtrans_DR_CrossFit,OracleTargetTreated,1346069896,500,500,20000,10,0.1,50,0.4435340838392756,-0.5485497018209047,0.04275162532239629,-0.04275162532239629,0.9966267246267246,0.9531291291291292,0.9970852214257148,0.9956246591675368,0.9972727922224063,0.9977961499215747,9.410146799900364,7.35118081240488,0.9906325608798854,0.03761311938623202,0.9939918701258252,0.060179023961988085,0.1761092812191416,3.0561259620766306,0.009432675271745516,2.542741245801738,0.0040206045211390595,,,,,24.95612907409668
gold_fair_dim_sweep,75e51acfd0c3,4,Glmtrans_OptionB,FeasibleRestricted,1346069896,500,500,20000,10,0.1,50,4.898985703142856,1.2027662458809967,1.708564322379505,1.708564322379505,0.6075143595143596,0.42998998998999,0.6234476763062208,0.5608364081923823,0.6052238968357114,0.6150837290500615,5.300745500048016,4.461277127307185,0.7476054854525517,-1.4049927196363141,0.3843178484662134,1.8265392169781816,4.466276204815168,2.1215658207102166,0.9439928166381595,1.964760508782199,0.582001341540678,,,,,15.784165143966675
gold_fair_dim_sweep,75e51acfd0c3,4,AnchorOnly,OracleTargetTreated,1346069896,500,500,20000,10,0.1,50,4.472950575627931,-0.5413886812772812,0.03559060477877285,-0.03559060477877285,0.6846921246921247,0.4962202202202202,0.7025040910130138,0.6813515259381643,0.6504118036593883,0.6635778468277839,6.43979417582439,4.794370014414518,1.7974541786077556,0.4673232709142835,0.4658301178035994,1.635857949318627,3.6657985332227376,2.3642283297764513,0.7013303075719248,2.031379086203666,0.5153827641192112,0.0003889600483199291,24.0,,,8.23786449432373
gold_fair_dim_sweep,75e51acfd0c3,4,AnchorPlugin,FeasibleRestricted,1346069896,500,500,20000,10,0.1,50,4.420662356439759,-0.7047982980402712,0.19900022154176278,-0.19900022154176278,0.5993781353781354,0.4251131131131132,0.6203325832459138,0.6274697300262079,0.626092787375944,0.5705781312171261,5.93053036369892,4.615107642801006,0.9914667304351785,0.19298598767575822,0.3899157866425642,0.33776876127383526,0.706849798266658,2.2285234409688783,0.8370351963794977,1.9955266118809634,0.5512352384419137,0.0023291310807937405,49.0,,,3.969806671142578
gold_fair_dim_sweep,75e51acfd0c3,4,IPWTransport,FeasibleRestricted,1346069896,500,500,20000,10,0.1,50,5.222275905324979,1.0482757287558484,1.5540738052543568,1.5540738052543568,0.5491702411702413,0.38365165165165166,0.5658574073625804,0.5159277631711645,0.5431210565375697,0.5412821950834888,4.876291426574569,4.00349946450925,0.6461904117513776,-1.1831838012922251,0.31759520363804883,1.888562596876099,5.153415221277606,2.072846570072823,0.9927120672755532,1.8732049762226124,0.6735568741002647,,,,,0.2922351360321045
gold_fair_dim_sweep,75e51acfd0c3,4,EntropyBalancing,FeasibleRestricted,1346069896,500,500,20000,10,0.1,50,5.322926654967046,1.1005206184015073,1.6063186949000157,1.6063186949000157,0.5324439884439884,0.37053053053053053,0.5490890130797365,0.5103068601520582,0.5332726587201044,0.5106778989189152,4.823165459805104,3.930904128876615,0.6278307204149521,-1.196738729181035,0.29963491615073456,2.027334039982014,5.2577997714008555,2.0629870913138246,1.0025715460345515,1.8586859090960852,0.6880759412267918,,,,,1.4097375869750977
gold_fair_dim_sweep,75e51acfd0c3,4,OutcomeModelTransport,FeasibleRestricted,1346069896,500,500,20000,10,0.1,50,4.905683994605482,1.2062830090401893,1.7120810855386976,1.7120810855386976,0.6075903315903316,0.43018618618618626,0.6235112680477428,0.5637400255476749,0.6118978542540106,0.6150837290500615,5.328189040454988,4.5104727617402425,0.7439173294255259,-1.4031729111150735,0.38438538466342276,1.820631607016546,4.485510777236131,2.1234764187928965,0.9420822185554796,1.9745996356688107,0.5721622146540664,,,,,0.08373665809631348
gold_fair_dim_sweep,75e51acfd0c3,2,TargetOnlyDR,OracleTargetTreated,1810292448,500,500,20000,10,0.1,50,3.3650564654252317,-0.9491586882845661,0.27184472669281545,-0.27184472669281545,0.7277851637851639,0.5312232232232232,0.7375899303924116,0.7236206356928057,0.7609123848171578,0.7642279535850528,5.058827094670225,4.201933901202962,1.7814069839306281,1.0135239545768098,0.5323054182675424,1.225209694408563,2.895078655221749,1.9786834826845583,0.4371671323523003,1.7880421106263333,0.2640594043783264,0.0,0.0,,,12.634923696517944
gold_fair_dim_sweep,75e51acfd0c3,2,ProxyOnly,FeasibleRestricted,1810292448,500,500,20000,10,0.1,50,3.679683524092271,-0.9387139538597098,0.2613999922679592,-0.2613999922679592,0.5534655254655255,0.38573773773773773,0.5685506599908472,0.5468844695808184,0.5475512341448725,0.5171835488988354,3.8232657222676054,3.0237043571734237,1.221566552565511,0.4693876068697956,0.32806837920801846,0.4825058680083697,1.2430776801721346,1.6876353260567138,0.7282152889801448,1.5523962018204254,0.4997053131842344,0.0,0.0,,,9.912773370742798
gold_fair_dim_sweep,75e51acfd0c3,2,Glmtrans_Auto,OracleTargetTreated,1810292448,500,500,20000,10,0.1,50,0.5384688149621335,-0.6575410099163467,0.019772951675403938,0.019772951675403938,0.991859887859888,0.9333293293293293,0.9928533294763965,0.9925839652660977,0.9931063138040972,0.9905051052647333,6.939147958952088,5.484162396009469,1.019384139906023,-0.007027084745237327,0.9856821303328266,0.08480274449399024,0.24846852056161062,2.400082232213049,0.015768382823809546,2.044487809587635,0.007613705417024885,,,,,40.11612033843994
gold_fair_dim_sweep,75e51acfd0c3,2,Glmtrans_DR_CrossFit,OracleTargetTreated,1810292448,500,500,20000,10,0.1,50,0.5495798353685672,-0.6454521693359355,0.03186179225581509,0.03186179225581509,0.9917911637911638,0.9336656656656658,0.9927337751456814,0.9925475549207964,0.9873364489245131,0.9888405503700407,6.938893414468071,5.4522998697493525,0.9726719683053429,-0.04950072959681261,0.9855226318838523,0.12589458542170384,0.27203237677270575,2.401262199454197,0.01458841558266144,2.0381153043356113,0.013986210669048482,,,,,23.467982053756714
gold_fair_dim_sweep,75e51acfd0c3,2,Glmtrans_OptionB,FeasibleRestricted,1810292448,500,500,20000,10,0.1,50,2.3443563821846234,1.0767732103747507,1.7540871719665012,1.7540871719665012,0.9338893058893061,0.7804764764764766,0.9396602088165023,0.9464765596842919,0.9332629284849492,0.9384173083924634,6.616811390428345,5.153693403057405,0.9361227320559692,-1.6853058410924393,0.8815043033594534,1.7540871719665012,2.235585294952335,2.2045288220610035,0.21132179297585507,1.9783940109972218,0.07370750400743797,,,,,14.032854795455933
gold_fair_dim_sweep,75e51acfd0c3,2,AnchorOnly,OracleTargetTreated,1810292448,500,500,20000,10,0.1,50,3.389596560403391,-0.8649722310642474,0.18765826947249675,-0.18765826947249675,0.7091484851484853,0.5133293293293293,0.7161523902155382,0.69967193325446,0.7136699114220384,0.7353194798598371,4.891401873772116,3.9410500537369604,1.6799876306337527,0.775828687437866,0.5017195669338521,1.1234318570764956,2.564285015393824,1.9566034642453483,0.45924715079151035,1.7358653411331328,0.3162361738715269,0.00030843630098590724,25.0,,,8.919228792190552
gold_fair_dim_sweep,75e51acfd0c3,2,AnchorPlugin,FeasibleRestricted,1810292448,500,500,20000,10,0.1,50,2.4944476442746693,-0.15542184444404789,0.5218921171477027,0.5218921171477027,0.8246862806862808,0.6322682682682683,0.8360110821232548,0.8542163937963329,0.8362176948873885,0.8154048364410567,5.971821178801884,4.617787213146017,1.0300013807444932,-0.5172292472165253,0.6990625692049336,0.5219373085242928,0.7707615459828112,2.1005886897175166,0.31526192531934205,1.8712127730149444,0.18088874198971538,0.0023104672551024215,50.0,,,4.461877822875977
gold_fair_dim_sweep,75e51acfd0c3,2,IPWTransport,FeasibleRestricted,1810292448,500,500,20000,10,0.1,50,2.4216648823138676,0.9652042524620033,1.6425182140537538,1.6425182140537538,0.9192670632670633,0.7570570570570571,0.925888791410912,0.9190107455722275,0.9133101050286965,0.9132443973811313,6.424798065000914,5.043509304364239,0.878545904097813,-1.5252902042100356,0.8558796235298025,1.6425182140537542,2.6012586294500126,2.2063933865436876,0.20945722849317105,1.9563571912585886,0.09574432374607111,,,,,0.28909802436828613
gold_fair_dim_sweep,75e51acfd0c3,2,EntropyBalancing,FeasibleRestricted,1810292448,500,500,20000,10,0.1,50,2.471633539852856,0.9916371890092756,1.6689511506010262,1.6689511506010262,0.9153046233046235,0.7508508508508508,0.9221888920702492,0.9101453708966719,0.9117062173847316,0.9077770202075307,6.362820289076703,5.034652266419567,0.8747903551857319,-1.5447886103805548,0.8489591921890256,1.6689511506010253,2.6980459800018455,2.1870606624552766,0.22878995258158197,1.954585783669654,0.09751573133500568,,,,,1.3660962581634521
gold_fair_dim_sweep,75e51acfd0c3,2,OutcomeModelTransport,FeasibleRestricted,1810292448,500,500,20000,10,0.1,50,2.34718072839781,1.0764055477641168,1.7537195093558675,1.7537195093558675,0.9339278379278378,0.7806486486486487,0.9396998350243458,0.9495781901632516,0.9296010761571798,0.9384173083924634,6.638494868663586,5.133471808897191,0.9307475762289928,-1.6791758162126438,0.8815433499209772,1.753719509355867,2.3240519624656075,2.2033596249851652,0.21249099005169336,1.9743496921651789,0.0777518228394809,,,,,0.04107308387756348
gold_fair_dim_sweep,2a3628f1bfbd,0,TargetOnlyDR,OracleTargetTreated,1131833278,500,500,20000,10,0.1,100,7.225653301153255,-3.9412301397209766,0.19424102237754504,-0.19424102237754504,0.4978175458175459,0.34393993993993993,0.5154001120712249,0.49657925076857784,0.34631042844147136,0.1877695355622058,5.566088623521019,2.868914232024034,1.2819381740744786,1.3054242515777779,0.2611551145453993,1.087446019605724,4.102166233376066,3.4657555916356357,1.2763466672341726,3.456176448051445,1.0830625711214505,0.0,0.0,,,17.38535165786743
gold_fair_dim_sweep,2a3628f1bfbd,0,ProxyOnly,FeasibleRestricted,1131833278,500,500,20000,10,0.1,100,7.984697508926261,-6.442299043356329,2.695309926012898,-2.695309926012898,0.4826520506520507,0.33322922922922926,0.4917889517313988,0.2739201165652687,0.28719964357448013,0.10869399533147639,3.070332967411957,2.3792270668577595,1.9425983521283907,8.76781038819888,0.24370025243774007,3.132693256298455,5.831918955901688,2.8916833808155444,1.8504188780542639,3.35823901501819,1.1810000041547055,0.0,0.0,,,15.185919046401978
gold_fair_dim_sweep,2a3628f1bfbd,0,Glmtrans_Auto,OracleTargetTreated,1131833278,500,500,20000,10,0.1,100,0.46564906181079835,-3.69971299800759,0.04727611933584175,0.04727611933584175,0.9985559305559306,0.968052052052052,0.9987220724499244,0.9985918802248315,0.9976444530210937,0.9991885053340499,11.193079242552214,8.264713201542445,1.0214705096799208,0.03215860440080807,0.9973496795919674,0.1461352083157705,0.3541506658578015,4.740531140328998,0.001571118540810268,4.535336241955128,0.00390277721776755,,,,,41.04435157775879
gold_fair_dim_sweep,2a3628f1bfbd,0,Glmtrans_DR_CrossFit,OracleTargetTreated,1131833278,500,500,20000,10,0.1,100,0.4248558360015831,-3.712257921429507,0.034731195913924484,0.034731195913924484,0.9985251625251628,0.9679039039039039,0.9987193280181975,0.9991161910676993,0.9964957041311464,0.9985266777207239,11.198956170783022,8.255196704871457,1.005792559795948,-0.013227719926063084,0.9974505471806477,0.06021034276316946,0.11200406535843399,4.74024275466558,0.0018595042042282017,4.53343294262093,0.005806076551965411,,,,,30.796613693237305
gold_fair_dim_sweep,2a3628f1bfbd,0,Glmtrans_OptionB,FeasibleRestricted,1131833278,500,500,20000,10,0.1,100,3.8163312024656966,-4.6119723912072,0.8649832738637682,-0.8649832738637682,0.8924402924402924,0.7138738738738739,0.8997647998362894,0.8926800365177582,0.8675321575954078,0.8179444188249436,10.0059279319776,7.186833399343093,0.9922291446955995,0.8291443037438051,0.8010443236182967,0.864983273863768,1.4160936090177163,4.37326870527272,0.3688335535970886,4.319760281515257,0.2194787376576386,,,,,23.19260597229004
gold_fair_dim_sweep,2a3628f1bfbd,0,AnchorOnly,OracleTargetTreated,1131833278,500,500,20000,10,0.1,100,7.254635291204851,-3.763040540588785,0.01605142324535347,-0.01605142324535347,0.499983811983812,0.34743943943943945,0.5147779420015954,0.4100515495408069,0.3264454691426514,0.1754771629938824,4.5962115038510065,2.7043483981060565,1.3432934799774054,1.3078787057201382,0.2588440749174201,1.25818193302007,3.388796231142093,3.443832747765706,1.2982695111041025,3.4232632812678494,1.1159757379050461,0.0010265762504424532,48.0,,,12.282528638839722
gold_fair_dim_sweep,2a3628f1bfbd,0,AnchorPlugin,FeasibleRestricted,1131833278,500,500,20000,10,0.1,100,5.543684107824439,-4.208947159755747,0.4619580424123151,-0.4619580424123151,0.7411845211845212,0.5463263263263264,0.7559841752167223,0.7343251638096984,0.6867366560729598,0.5641163851738983,8.23094991166112,5.689082408308945,1.1745835564242788,1.1967710063643404,0.5730722023585979,0.8951446840718651,2.9541322406193187,4.013180707105755,0.7289215517640537,4.020210083308426,0.5190289358644691,0.003924061031450495,97.0,,,9.363044261932373
gold_fair_dim_sweep,2a3628f1bfbd,0,IPWTransport,FeasibleRestricted,1131833278,500,500,20000,10,0.1,100,4.202397068525675,-4.821957910913896,1.0749687935704642,-1.0749687935704642,0.8721102201102201,0.687043043043043,0.8796416273253792,0.8381724456986156,0.8112483394002146,0.7813684966506647,9.39495983235525,6.720565468055159,0.961223171791474,0.8879885600302132,0.7635147849246823,1.074968793570464,1.6012974469682,4.334878637020962,0.4072236218488463,4.22650669525767,0.31273232391522576,,,,,0.142075777053833
gold_fair_dim_sweep,2a3628f1bfbd,0,EntropyBalancing,FeasibleRestricted,1131833278,500,500,20000,10,0.1,100,4.656356223032463,-4.896002641640355,1.1490135242969237,-1.1490135242969237,0.8436354156354157,0.6527047047047048,0.8512843992760786,0.7682380940806999,0.7825913400756974,0.7393314789164099,8.611075289593298,6.483164378000762,0.911788515060893,0.7171298610120346,0.7133965141953099,1.1652622830844157,2.3969155753673945,4.245358167814631,0.49674409105517725,4.179026477246791,0.36021254192610463,,,,,1.9104433059692383
gold_fair_dim_sweep,2a3628f1bfbd,0,OutcomeModelTransport,FeasibleRestricted,1131833278,500,500,20000,10,0.1,100,3.8186515430798504,-4.6314304374702955,0.8844413201268639,-0.8844413201268639,0.8926746406746408,0.7141261261261261,0.899988896121065,0.8983370702000332,0.8675321575954078,0.8179444188249436,10.069336845606294,7.186833399343093,0.9868665825545219,0.8236148108218723,0.8013722562219295,0.8844413201268624,1.4240117563415993,4.37326870527272,0.3688335535970886,4.319760281515257,0.2194787376576386,,,,,0.3160114288330078
gold_fair_dim_sweep,2a3628f1bfbd,1,TargetOnlyDR,OracleTargetTreated,1985127737,500,500,20000,10,0.1,100,6.544978976942307,-0.1947579816433419,0.6260240311370742,-0.6260240311370742,0.637866337866338,0.4532572572572573,0.6513249873343222,0.643506240297853,0.6325017740035769,0.6577673705023769,8.797229689720128,6.978834828804802,2.400906704923851,0.8988617934586677,0.4218722475363371,2.49478046915471,5.517865073195512,3.093612206594072,1.087936990740972,2.290739672738686,0.8109730358142242,0.0,0.0,,,18.35941457748413
gold_fair_dim_sweep,2a3628f1bfbd,1,ProxyOnly,FeasibleRestricted,1985127737,500,500,20000,10,0.1,100,7.333247695402623,-1.7330707486335197,2.164336798127252,-2.164336798127252,0.4493071253071253,0.30958558558558563,0.45670661861028017,0.5173606828746187,0.4725924233998291,0.4441814379070471,7.072722026086092,5.214443025788796,2.011413183253336,3.917187400805923,0.22111311297276837,2.555733848684222,5.761993719386869,1.796547283318827,2.385001914016217,1.9378613121354846,1.1638513964174255,0.0,0.0,,,13.579233407974243
gold_fair_dim_sweep,2a3628f1bfbd,1,Glmtrans_Auto,OracleTargetTreated,1985127737,500,500,20000,10,0.1,100,0.5286820357300218,0.41099466641824894,0.020271383075483373,-0.020271383075483373,0.99785446985447,0.9613533533533535,0.9981387346739373,0.9984344791542711,0.9991097669851231,0.9992216708381711,13.649374152441316,11.023877443852665,1.0315110419098976,0.007320512917233333,0.9961837583057729,0.188944769860704,0.4147933022506667,4.1765727047168975,0.0049764926181463665,3.099748195748259,0.001964512804651264,,,,,44.011125564575195
gold_fair_dim_sweep,2a3628f1bfbd,1,Glmtrans_DR_CrossFit,OracleTargetTreated,1985127737,500,500,20000,10,0.1,100,0.46482027229236916,0.48156172980784134,0.050295680314109026,0.050295680314109026,0.997971325971326,0.9619979979979981,0.998241257601836,0.9989833240277244,0.9982259079400929,0.9987529575995964,13.65687728778552,11.014125208300554,0.997009187964943,-0.04885541969697721,0.9963779970677233,0.055473864101795695,0.12033712352267578,4.178189006307713,0.00336019102733065,3.097797748637837,0.0039149599150731795,,,,,28.800718069076538
gold_fair_dim_sweep,2a3628f1bfbd,1,Glmtrans_OptionB,FeasibleRestricted,1985127737,500,500,20000,10,0.1,100,3.056318178167961,0.4545749008153458,0.023308851321613477,0.023308851321613477,0.9068142188142188,0.73593993993994,0.9147047167923321,0.8983567154386787,0.91406734004555,0.9210661055674402,12.281233458371123,10.08554481705971,0.9832755977211548,-0.015706357814511816,0.8414110155686569,0.31010549867042286,0.7908348488447414,3.940144984297519,0.24140421303752468,2.912081670389667,0.18963103816324312,,,,,23.058579921722412
gold_fair_dim_sweep,2a3628f1bfbd,1,AnchorOnly,OracleTargetTreated,1985127737,500,500,20000,10,0.1,100,6.5884188771579595,-0.11786609986739213,0.5491321493611244,-0.5491321493611244,0.6050794730794731,0.42910910910910915,0.6215607617145443,0.6245375906819526,0.6329560477882257,0.627341934628316,8.53791352909104,6.983847149466059,2.257545104861568,0.6973540862784878,0.3871263628069711,2.265840073242908,4.916861289580341,2.9754196484157154,1.2061295489193284,2.2917421368709374,0.8099705716819727,0.0008936289327284117,49.0,,,13.469835758209229
gold_fair_dim_sweep,2a3628f1bfbd,1,AnchorPlugin,FeasibleRestricted,1985127737,500,500,20000,10,0.1,100,5.080212847755542,-0.18758524390576337,0.6188512933994956,-0.6188512933994956,0.7324869244869245,0.5402442442442442,0.7526400787194527,0.7197548877087939,0.7561790452184056,0.7619970478922992,9.839607871622537,8.34345273718193,1.1082078864770248,0.6391494961768155,0.573111310319754,0.8099701389179057,1.6230192840573583,3.3998793557335594,0.7816698416014844,2.5636632544141116,0.5380494541387986,0.004658865904227978,100.0,,,8.184747219085693
gold_fair_dim_sweep,2a3628f1bfbd,1,IPWTransport,FeasibleRestricted,1985127737,500,500,20000,10,0.1,100,3.9314751169357214,0.11930433611527955,0.3119617133784528,-0.3119617133784528,0.846967158967159,0.6592192192192192,0.8587904787821754,0.8773289509124874,0.8654660546830899,0.8721220536289241,11.993767598968375,9.549292814373153,0.9187366700848387,0.32165678100449757,0.7446486912323242,0.5759817029855239,1.549723588638142,3.7324310713365203,0.4491181259985235,2.804831269852356,0.29688143870055406,,,,,0.3217275142669678
gold_fair_dim_sweep,2a3628f1bfbd,1,EntropyBalancing,FeasibleRestricted,1985127737,500,500,20000,10,0.1,100,4.393115669410307,0.08831042584802773,0.3429556236457046,-0.3429556236457046,0.8109281709281709,0.6182502502502503,0.8246280714502608,0.8436415658997499,0.8353560814161646,0.8385841922955548,11.533234903176776,9.217068402100736,0.8682602095750613,0.3545896206392607,0.68969764261258,0.8312390988171393,1.7532278639588714,3.6417232923704588,0.539825904964585,2.7383863873978727,0.3633263211550375,,,,,2.9395275115966797
gold_fair_dim_sweep,2a3628f1bfbd,1,OutcomeModelTransport,FeasibleRestricted,1985127737,500,500,20000,10,0.1,100,3.0628768468290977,0.4564857348887684,0.025219685395036107,0.025219685395036107,0.9065172665172666,0.7355235235235236,0.9144533762677153,0.8992680383428521,0.9148088188108763,0.9210661055674402,12.293691949691745,10.09372607131853,0.9774528198890117,-0.014927219312402387,0.8409341715523226,0.30066827095900467,0.8180075499039843,3.940144984297519,0.24140421303752468,2.9137179212414313,0.1879947873114789,,,,,0.21871352195739746
gold_fair_dim_sweep,2a3628f1bfbd,2,TargetOnlyDR,OracleTargetTreated,1363794346,500,500,20000,10,0.1,100,10.053742244083075,-0.7277437069964482,0.3779505312854136,-0.3779505312854136,0.5529309129309129,0.3857577577577577,0.5733719564283262,0.5800152519902597,0.6044162693591641,0.6169596444770964,11.488987505855514,9.55972722525686,1.335871465243403,0.6223788764759769,0.29210745443938235,2.3037379199870687,6.078934836506964,1.9517968712146514,2.019212883530584,1.372756912242598,1.2513470438793497,0.0,0.0,,,30.089977502822876
gold_fair_dim_sweep,2a3628f1bfbd,2,ProxyOnly,FeasibleRestricted,1363794346,500,500,20000,10,0.1,100,11.306204029030013,1.3839205196479625,1.733713695358997,1.733713695358997,0.3278721638721639,0.22166566566566567,0.34098594875800814,0.3006045169028176,0.25543605468322733,0.2793393266065199,5.954397797384476,4.04009476590775,1.61466887164049,-2.584366559611131,0.11896515352551063,1.7765173229270201,7.981043424409396,0.7742098109517014,3.196799943793534,0.26883042037277594,2.3552735357491716,0.0,0.0,,,18.05048394203186
gold_fair_dim_sweep,2a3628f1bfbd,2,Glmtrans_Auto,OracleTargetTreated,1363794346,500,500,20000,10,0.1,100,0.44216944622785354,-0.30205711525452444,0.04773606045651013,0.04773606045651013,0.9992366672366674,0.9776216216216216,0.9993722432671979,0.9994486184640252,0.9998543286143067,0.9994716980051666,19.79715645558674,15.81415843865253,1.011091594732057,-0.04438576534817265,0.9987296081340863,0.11283395894011235,0.2879949250743614,3.9686354547658325,0.0023742999794027497,2.623643154921732,0.0004608012002158546,,,,,30.437891960144043
gold_fair_dim_sweep,2a3628f1bfbd,2,Glmtrans_DR_CrossFit,OracleTargetTreated,1363794346,500,500,20000,10,0.1,100,0.4655884573764063,-0.33296312113386684,0.01683005457716774,0.01683005457716774,0.9991293391293392,0.9757277277277278,0.9992690107660909,0.9996791402541844,0.9998239170506897,0.999037680868542,19.801722649247818,15.8136774352987,1.009929697965244,-0.013523831350743363,0.9985386053627102,0.0942000304292622,0.2531578585558911,3.9698609380998446,0.0011488166453905713,2.6235469542509664,0.0005570018709812885,,,,,29.25175714492798
gold_fair_dim_sweep,2a3628f1bfbd,2,Glmtrans_OptionB,FeasibleRestricted,1363794346,500,500,20000,10,0.1,100,9.565055577102218,1.8523148174479547,2.202107993158989,2.202107993158989,0.60991962991963,0.42948148148148146,0.6246539913236991,0.6063835167130632,0.5857374527952823,0.5971542934697418,12.011292157176076,9.26429442456365,0.9463837756926928,-2.102793866418952,0.3777174320127821,2.2021079931589895,3.254587320347442,2.212091815882631,1.7589179388626044,1.3136703521039557,1.310433604017992,,,,,21.10919952392578
gold_fair_dim_sweep,2a3628f1bfbd,2,AnchorOnly,OracleTargetTreated,1363794346,500,500,20000,10,0.1,100,10.144612815212824,-0.8392600684708842,0.4894668927598496,-0.4894668927598496,0.569856485856486,0.40097297297297296,0.58889744086426,0.639083269245679,0.6754194135017985,0.6674212741221501,12.659011414562258,10.682745788041162,1.2596634892552596,0.7073920905316082,0.27271826676300637,2.933101805291725,7.623704060128493,1.9262182160253738,2.0447915387198616,1.597360624799458,1.0267433313224896,0.0005356782925813133,49.0,,,15.501131772994995
gold_fair_dim_sweep,2a3628f1bfbd,2,AnchorPlugin,FeasibleRestricted,1363794346,500,500,20000,10,0.1,100,10.132025499422673,0.5957070181546809,0.9455001938657155,0.9455001938657155,0.49509295509295514,0.3423943943943944,0.519228435157212,0.4882298448122747,0.5158294882232479,0.4843897406668531,9.670894976962085,8.158597728327893,1.0933566305335713,-1.0011133938658374,0.26964154836089727,1.2172982286253886,3.0691241905966624,1.631587773625627,2.3394219811196084,1.0925310128568042,1.5315729432651435,0.0016669554889920165,100.0,,,6.854335069656372
gold_fair_dim_sweep,2a3628f1bfbd,2,IPWTransport,FeasibleRestricted,1363794346,500,500,20000,10,0.1,100,9.61522613117751,1.9475859954865473,2.2973791711975817,2.2973791711975817,0.6118168558168559,0.4315595595595596,0.6275091623112488,0.5736372570928917,0.5975145318335037,0.6005669355200132,11.36265168375975,9.450566152879395,0.8892505272731583,-2.081685049107265,0.3785364586113781,2.2973791711975817,4.567037833511584,2.2780892848645893,1.692920469880646,1.3509246977671048,1.273179258354843,,,,,0.15000104904174805
gold_fair_dim_sweep,2a3628f1bfbd,2,EntropyBalancing,FeasibleRestricted,1363794346,500,500,20000,10,0.1,100,9.900862982414418,1.8248457748077613,2.174638950518796,2.174638950518796,0.5885246285246285,0.4120920920920921,0.6030951789237426,0.5553146312824664,0.5789870726825537,0.5959117077608096,10.999715677701108,9.15752729102354,0.8146434357941761,-1.8363918074949146,0.3465395915232047,2.3019372010101855,5.292970469201615,2.078358788312483,1.8926509664327522,1.2923169253959335,1.3317870307260142,,,,,1.8566579818725586
gold_fair_dim_sweep,2a3628f1bfbd,2,OutcomeModelTransport,FeasibleRestricted,1363794346,500,500,20000,10,0.1,100,9.572498696729127,1.8647833125149835,2.214576488226018,2.214576488226018,0.6096856416856418,0.42928928928928933,0.6243766013746805,0.6112834831871754,0.5857374527952823,0.5973493920012625,12.108351076587269,9.26429442456365,0.9411180744375406,-2.1047744560283936,0.3773534715284135,2.214576488226017,3.4093817911096123,2.195579078634203,1.7754306761110321,1.3136703521039557,1.310433604017992,,,,,0.2871358394622803
gold_fair_dim_sweep,2a3628f1bfbd,4,TargetOnlyDR,OracleTargetTreated,1666425959,500,500,20000,10,0.1,100,6.828148670867853,3.1643266273699417,0.3036665188475167,0.3036665188475167,0.6196671196671197,0.44336336336336335,0.6432979481213837,0.6965953815777486,0.7103469613909528,0.7154727357525256,11.651461139497972,9.826230978437087,2.4267533784496034,-4.818380224965618,0.40616200165842253,2.4078563742147896,6.146715867524067,3.0104428994774044,1.4489587453510047,1.625817369328776,0.8013542158061528,0.0,0.0,,,31.14961886405945
gold_fair_dim_sweep,2a3628f1bfbd,4,ProxyOnly,FeasibleRestricted,1666425959,500,500,20000,10,0.1,100,7.354114291757668,1.6908599701484763,1.1698001383739487,-1.1698001383739487,0.438942078942079,0.30063663663663664,0.4511753485504538,0.5375495844280682,0.5573050126141226,0.6020951056992054,8.9912139229678,7.709201386128305,1.4919870597026252,0.33791891329173107,0.18872445429076812,1.5581000183571552,3.1767142507904156,2.9227771969729712,1.5366244478554378,1.2024114508670198,1.224760134267909,0.0,0.0,,,17.970776081085205
gold_fair_dim_sweep,2a3628f1bfbd,4,Glmtrans_Auto,OracleTargetTreated,1666425959,500,500,20000,10,0.1,100,0.5905338229306211,2.8897998710633184,0.029139762540893344,0.029139762540893344,0.9976154896154897,0.9598598598598599,0.9979821080708905,0.999541107872684,0.9981185050195436,0.9980728524952943,16.718621288202552,13.806975333532082,1.0414432304134096,-0.1489024044460126,0.996088064382204,0.2558233284197007,0.5818124171072245,4.45211355911628,0.007288085712128911,2.421966240347775,0.005205344787154065,,,,,27.770385265350342
gold_fair_dim_sweep,2a3628f1bfbd,4,Glmtrans_DR_CrossFit,OracleTargetTreated,1666425959,500,500,20000,10,0.1,100,0.4521070262897451,2.873988366427881,0.013328257905456109,0.013328257905456109,0.9981562341562343,0.9642962962962963,0.9984243084953905,0.9995691587450356,0.9987186897119404,0.998502689059018,16.719090475420522,13.815277689616869,1.0086887099953057,-0.03829950935122972,0.9968514751651212,0.0667095964699024,0.15617507816395015,4.455222772521576,0.004178872306833448,2.4236267115647325,0.003544873570196394,,,,,29.745505332946777
gold_fair_dim_sweep,2a3628f1bfbd,4,Glmtrans_OptionB,FeasibleRestricted,1666425959,500,500,20000,10,0.1,100,3.8883627190310013,2.2595174421371422,0.6011426663852828,-0.6011426663852828,0.8674634794634796,0.6829069069069069,0.8787279632023142,0.8933285453688383,0.9053990048849591,0.9165035746494355,14.942078438123472,12.524386297402984,0.9530300837421248,0.7072720114256733,0.7689976813261667,0.601142666385284,1.0672590655770864,4.092278342471742,0.3671233023566671,2.1654484331219557,0.26172315201297325,,,,,20.56716799736023
gold_fair_dim_sweep,2a3628f1bfbd,4,AnchorOnly,OracleTargetTreated,1666425959,500,500,20000,10,0.1,100,6.809055605659099,2.8197254269889918,0.04093468153343327,-0.04093468153343327,0.5931647331647333,0.42110510510510507,0.6201154439335526,0.6963375975964338,0.7123639245541108,0.7343225428764164,11.647149368102255,9.854131634022888,2.181106465441296,-3.2894612510524857,0.3798306369861152,2.1816414401511435,4.862190388107497,3.03380801716863,1.425593627659779,1.6313975004459365,0.7957740846889925,0.0007281662024963459,48.0,,,16.102645874023438
gold_fair_dim_sweep,2a3628f1bfbd,4,AnchorPlugin,FeasibleRestricted,1666425959,500,500,20000,10,0.1,100,5.308335129458946,1.423757996761331,1.436902111761094,-1.436902111761094,0.7593264273264274,0.5622222222222223,0.7726104846942332,0.8185332492218139,0.8444292670194933,0.8535485939309683,13.691030111474426,11.68099178806672,1.1156213212292647,1.2722853310648174,0.5943282169913022,1.436902111761094,2.5497795002970367,3.7052117159311533,0.7541899288972558,1.9967695312547027,0.43040205388022623,0.0036030245584767868,98.0,,,7.759221315383911
gold_fair_dim_sweep,2a3628f1bfbd,4,IPWTransport,FeasibleRestricted,1666425959,500,500,20000,10,0.1,100,4.433284192204138,2.3635548487621563,0.49710525976026876,-0.49710525976026876,0.8320726840726841,0.6393593593593594,0.8441442947829481,0.8708681831328979,0.8655184259914604,0.8783811524526911,14.566399751913437,11.97271816751621,0.8824624443683963,0.7749117192849972,0.7063035719439619,0.8883982198907883,2.167837438572594,4.005087160450376,0.4543144843780329,2.0551148071446006,0.3720567779903283,,,,,0.5377969741821289
gold_fair_dim_sweep,2a3628f1bfbd,4,EntropyBalancing,FeasibleRestricted,1666425959,500,500,20000,10,0.1,100,4.711842071685983,2.505010008760054,0.35565009976237105,-0.35565009976237105,0.8170876930876932,0.6217657657657658,0.8293359919417794,0.8578706076281807,0.8687540272339608,0.8719025024466268,14.348998445637333,12.01747624616086,0.831354313071581,0.7781092334522751,0.6796410745933125,1.1359354013976488,2.863656554571973,3.9538344696788807,0.5055671751495283,2.0640664228735313,0.36310516226139766,,,,,1.527965784072876
gold_fair_dim_sweep,2a3628f1bfbd,4,OutcomeModelTransport,FeasibleRestricted,1666425959,500,500,20000,10,0.1,100,3.889967637916716,2.280362227853864,0.580297880668561,-0.580297880668561,0.8674907434907435,0.6828868868868869,0.8786813101705716,0.8908711168187099,0.9056020285288434,0.9165035746494355,14.900974758696165,12.52719472388655,0.9477288214244278,0.6994951018976986,0.7688831426926955,0.6022982240475535,1.1038829753922421,4.097834067362304,0.36156757746610513,2.166010118418669,0.26116146671625984,,,,,0.08005285263061523
gold_fair_dim_sweep,2a3628f1bfbd,3,TargetOnlyDR,OracleTargetTreated,849438337,500,500,20000,10,0.1,100,7.52620820568118,-0.7728558461110542,0.44796756299894724,-0.44796756299894724,0.5572476532476532,0.38829229229229234,0.5722932967639481,0.6603066391975679,0.5588528491498483,0.5270044980899691,9.889394091293049,6.641532651555545,1.6317307248244401,0.9362043468474904,0.32985741681935477,1.7355426139781103,5.044281788543084,0.8103206670364707,1.6586540723010492,0.3940101618300907,1.048538344563892,0.0,0.0,,,30.210482835769653
gold_fair_dim_sweep,2a3628f1bfbd,3,ProxyOnly,FeasibleRestricted,849438337,500,500,20000,10,0.1,100,8.227297611758729,1.7183611309342994,2.0432494140464064,2.0432494140464064,0.46728088728088735,0.3222022022022022,0.4816327824811057,0.5363229822113419,0.5040753520615798,0.47214249056110286,8.032494323775152,5.990544585491889,1.6655523172016964,-3.1869086465290573,0.22643260566256784,2.5350263540633544,4.259205558852421,-0.04797082888088182,2.516945568218402,0.2638125486173596,1.178735957776623,0.0,0.0,,,18.42234444618225
gold_fair_dim_sweep,2a3628f1bfbd,3,Glmtrans_Auto,OracleTargetTreated,849438337,500,500,20000,10,0.1,100,0.5168527681923882,-0.3288636294895108,0.003975346377403877,-0.003975346377403877,0.9985012345012345,0.9676836836836837,0.998696789118161,0.9978774968989712,0.9972124120144452,0.9989845178487138,14.94518339791264,11.85109605329136,1.0281526691835514,0.013233735344923883,0.9973422886727081,0.2008110727221174,0.4625711489129287,2.4649338231455475,0.004040916191972332,1.4359228421772536,0.006625664216729055,,,,,29.367520809173584
gold_fair_dim_sweep,2a3628f1bfbd,3,Glmtrans_DR_CrossFit,OracleTargetTreated,849438337,500,500,20000,10,0.1,100,0.45027416274264304,-0.3100293921637164,0.014858890948390546,0.014858890948390546,0.9985532905532906,0.9684964964964966,0.9987553832907969,0.9986414598710746,0.997818188187538,0.9992435839247316,14.95662525000649,11.858295233253045,1.0039997315502416,-0.013618856607050934,0.9974338587193043,0.048250859783881925,0.08057688325005685,2.4644996216918442,0.0044751176456756525,1.4373626781695907,0.005185828224391953,,,,,30.598944664001465
gold_fair_dim_sweep,2a3628f1bfbd,3,Glmtrans_OptionB,FeasibleRestricted,849438337,500,500,20000,10,0.1,100,4.0557124771523005,-1.3071743934029092,0.9822861102908023,-0.9822861102908023,0.8903199143199143,0.7106186186186186,0.8980804034299016,0.9059350509787681,0.8972673988203932,0.8986485917189101,13.568163953541687,10.663327091393375,0.940857116321838,0.9049760471947025,0.805782089486881,0.985423713249297,2.1280029309577273,2.0794094716194724,0.38956526771804745,1.1983690497976562,0.24417945659632645,,,,,23.22052264213562
gold_fair_dim_sweep,2a3628f1bfbd,3,AnchorOnly,OracleTargetTreated,849438337,500,500,20000,10,0.1,100,7.610997996341738,-1.0868824652995168,0.7619941821874099,-0.7619941821874099,0.5648237408237409,0.39326926926926925,0.5790051706284504,0.6083406212092783,0.56611385606137,0.5540909403879644,9.111100491419592,6.727824086875956,1.8023621720852692,1.6340675578465231,0.3353575987658376,2.0386740430830077,5.164249310614187,0.8034359729566017,1.665538766380918,0.41126844889417286,1.0312800574998098,0.0011582976967899298,48.0,,,15.490814208984375
gold_fair_dim_sweep,2a3628f1bfbd,3,AnchorPlugin,FeasibleRestricted,849438337,500,500,20000,10,0.1,100,5.900985158775195,1.0093202655710563,1.3342085486831632,1.3342085486831632,0.7586667986667986,0.5619379379379379,0.7704031050589933,0.7760381786427074,0.7702424538359295,0.7683427010126175,11.622702124899789,9.153734144055369,1.1773872096635765,-1.5132490542497135,0.5922015254005757,1.4093982086946153,3.0587673334483263,1.6555285830055446,0.8134461563319753,0.8964504603300554,0.5460980460639273,0.005806532754495797,99.0,,,6.168994665145874
gold_fair_dim_sweep,2a3628f1bfbd,3,IPWTransport,FeasibleRestricted,849438337,500,500,20000,10,0.1,100,4.645214232937058,-0.7672756117672509,0.44238732865514396,-0.44238732865514396,0.8513811953811954,0.6608768768768769,0.8618251597508547,0.8782878928771944,0.8427493160874167,0.8481612194220374,13.154093238906723,10.015421963733942,0.8661773662065544,0.33970848544297305,0.7451878026195737,1.0683350162547547,2.6388491638270164,1.9634249546123228,0.5055497847251971,1.0687880242657697,0.373760482128213,,,,,0.27245020866394043
gold_fair_dim_sweep,2a3628f1bfbd,3,EntropyBalancing,FeasibleRestricted,849438337,500,500,20000,10,0.1,100,4.6576926452434275,-0.7057056643211997,0.3808173812090928,-0.3808173812090928,0.8507129627129628,0.6597397397397398,0.8611234531322531,0.8723985804812274,0.8535918598212808,0.8430272965204034,13.065889171655131,10.144277186256158,0.8638166811300123,0.2847120416964826,0.7437600975198329,1.082483329199853,2.2726324201312753,1.9860907078849717,0.4828840314525482,1.094559068770213,0.34798943762376977,,,,,1.5100739002227783
gold_fair_dim_sweep,2a3628f1bfbd,3,OutcomeModelTransport,FeasibleRestricted,849438337,500,500,20000,10,0.1,100,4.059994943382244,-1.312088930597895,0.9872006474857882,-0.9872006474857882,0.8905082545082547,0.7109109109109109,0.8982466248095817,0.9059350509787681,0.8978826041683631,0.8981817052152886,13.568163953541687,10.670638329784966,0.9359852348931139,0.9032075827942188,0.8060487489635974,1.0054935223591501,2.211136554601186,2.0899545013688385,0.37902023796868134,1.1998312974759742,0.24271720891800852,,,,,0.07444620132446289
