benchmark_id,scenario_id,method,feasibility,m0,m1,n_proxy_total,C_sources,p_dim,nontransfer_scale,pehe_mean,pehe_sd,pehe_median,pehe_n,ate_hat_mean,ate_hat_sd,ate_hat_median,ate_hat_n,ate_abs_err_mean,ate_abs_err_sd,ate_abs_err_median,ate_abs_err_n,ate_bias_mean,ate_bias_sd,ate_bias_median,ate_bias_n,tau_corr_mean,tau_corr_sd,tau_corr_median,tau_corr_n,tau_kendall_mean,tau_kendall_sd,tau_kendall_median,tau_kendall_n,qini_auc_mean,qini_auc_sd,qini_auc_median,qini_auc_n,topk_10_ratio_mean,topk_10_ratio_sd,topk_10_ratio_median,topk_10_ratio_n,topk_20_ratio_mean,topk_20_ratio_sd,topk_20_ratio_median,topk_20_ratio_n,topk_30_ratio_mean,topk_30_ratio_sd,topk_30_ratio_median,topk_30_ratio_n,topk_10_captured_mean,topk_10_captured_sd,topk_10_captured_median,topk_10_captured_n,topk_20_captured_mean,topk_20_captured_sd,topk_20_captured_median,topk_20_captured_n,calib_slope_mean,calib_slope_sd,calib_slope_median,calib_slope_n,calib_intercept_mean,calib_intercept_sd,calib_intercept_median,calib_intercept_n,calib_r2_mean,calib_r2_sd,calib_r2_median,calib_r2_n,tau_ece_mean,tau_ece_sd,tau_ece_median,tau_ece_n,tau_mce_mean,tau_mce_sd,tau_mce_median,tau_mce_n,policy_value_mean,policy_value_sd,policy_value_median,policy_value_n,policy_regret_mean,policy_regret_sd,policy_regret_median,policy_regret_n,policy_value_top20_mean,policy_value_top20_sd,policy_value_top20_median,policy_value_top20_n,policy_regret_top20_mean,policy_regret_top20_sd,policy_regret_top20_median,policy_regret_top20_n,stage2_lambda_mean,stage2_lambda_sd,stage2_lambda_median,stage2_lambda_n,stage2_n_selected_mean,stage2_n_selected_sd,stage2_n_selected_median,stage2_n_selected_n,runtime_sec_mean,runtime_sec_sd,runtime_sec_median,runtime_sec_n,pehe_delta_vs_ProxyOnly,pehe_p_value,pehe_q_value,ate_hat_delta_vs_ProxyOnly,ate_hat_p_value,ate_hat_q_value,ate_abs_err_delta_vs_ProxyOnly,ate_abs_err_p_value,ate_abs_err_q_value,ate_bias_delta_vs_ProxyOnly,ate_bias_p_value,ate_bias_q_value,tau_corr_delta_vs_ProxyOnly,tau_corr_p_value,tau_corr_q_value,tau_kendall_delta_vs_ProxyOnly,tau_kendall_p_value,tau_kendall_q_value,qini_auc_delta_vs_ProxyOnly,qini_auc_p_value,qini_auc_q_value,topk_10_ratio_delta_vs_ProxyOnly,topk_10_ratio_p_value,topk_10_ratio_q_value,topk_20_ratio_delta_vs_ProxyOnly,topk_20_ratio_p_value,topk_20_ratio_q_value,topk_30_ratio_delta_vs_ProxyOnly,topk_30_ratio_p_value,topk_30_ratio_q_value,topk_10_captured_delta_vs_ProxyOnly,topk_10_captured_p_value,topk_10_captured_q_value,topk_20_captured_delta_vs_ProxyOnly,topk_20_captured_p_value,topk_20_captured_q_value,calib_slope_delta_vs_ProxyOnly,calib_slope_p_value,calib_slope_q_value,calib_intercept_delta_vs_ProxyOnly,calib_intercept_p_value,calib_intercept_q_value,calib_r2_delta_vs_ProxyOnly,calib_r2_p_value,calib_r2_q_value,tau_ece_delta_vs_ProxyOnly,tau_ece_p_value,tau_ece_q_value,tau_mce_delta_vs_ProxyOnly,tau_mce_p_value,tau_mce_q_value,policy_value_delta_vs_ProxyOnly,policy_value_p_value,policy_value_q_value,policy_regret_delta_vs_ProxyOnly,policy_regret_p_value,policy_regret_q_value,policy_value_top20_delta_vs_ProxyOnly,policy_value_top20_p_value,policy_value_top20_q_value,policy_regret_top20_delta_vs_ProxyOnly,policy_regret_top20_p_value,policy_regret_top20_q_value,stage2_lambda_delta_vs_ProxyOnly,stage2_lambda_p_value,stage2_lambda_q_value,stage2_n_selected_delta_vs_ProxyOnly,stage2_n_selected_p_value,stage2_n_selected_q_value,runtime_sec_delta_vs_ProxyOnly,runtime_sec_p_value,runtime_sec_q_value
gold_fair_sources_sweep,0b8ef5969735,AnchorOnly,OracleTargetTreated,250,200,10000,10,50,0.1,4.794655176547016,0.8073816341898528,4.6160128808283325,100,-0.020452173908097268,1.7147029272654446,0.03647133008182062,100,0.26955896777152816,0.19903245932023908,0.2118631476670363,100,-0.057301334738749043,0.33119980055324105,-0.02743590795710793,100,0.6469361151761152,0.04536823502737693,0.6532864012864014,100,0.46475299299299294,0.03776172095410787,0.46993593593593597,100,0.6646136752399064,0.04503614063445536,0.6692986216730314,100,0.6477319155362881,0.09148383307897898,0.6594109836596642,100,0.6510677856214205,0.09257725748886006,0.6724462984224332,100,0.6489941590431798,0.10826959155813262,0.6797756127178878,100,6.80520996604538,1.8248507337990574,6.7366600688915845,100,5.5127771349628025,1.695314857331694,5.4431203273188835,100,1.7592051455824296,0.3211823634688791,1.7255499154822092,100,0.03087378580066793,1.3753763069697698,0.06395631410812999,100,0.4303187184864675,0.06061591247322208,0.43291779193500257,100,1.4761763129334557,0.39208267457866763,1.5056712510794998,100,3.5073577424125824,0.8502130549611173,3.5433432469941133,100,1.7191005993307318,0.9042496056675448,1.8002104221926682,100,0.818801950580543,0.18753601035816675,0.8019573217043654,100,1.1661008975700944,0.8936638116174451,1.2573950515289178,100,0.5632809512196565,0.12968684313388304,0.5465543350406024,100,0.002045785857734008,0.001955452912411926,0.0013739989471703083,100,23.54,0.8923920866769474,24.0,100,13.385615572929382,2.4250200195134415,13.76592481136322,100,-0.6108838382046015,4.531861061109546e-18,7.987947682446614e-16,0.013331410682009543,0.23826065856422385,1.0,-0.759074253052544,1.822758080253685e-15,2.9528680900109697e-13,0.013331410682009548,0.23826065856422385,1.0,0.16007181035181037,2.0195637546078604e-17,7.987947682446614e-16,0.12556352352352354,2.2731525308328643e-17,7.987497077178259e-16,0.1606505034008984,2.2731525308328643e-17,7.987947682446614e-16,0.15554800932208868,1.0732910429952938e-15,2.253911190290117e-14,0.16943523999086324,8.49113044453792e-17,2.207693915579859e-15,0.17668900890164455,6.166069759616455e-17,1.5415174399041137e-15,1.631116438543053,8.576774246556675e-16,1.8868903342424685e-14,1.38935431837978,6.928021197254875e-17,2.21696678312156e-15,0.22494120793843306,6.0072691135597744e-05,0.002102544189745921,-0.06750900289814282,0.3919187494866655,1.0,0.17157048643743844,5.0264575344033727e-17,1.0555560822247083e-15,0.01624153342528798,0.2833800008206221,1.0,0.22401352553043516,0.0658411207762095,1.0,0.45653931559152916,1.1147719595548441e-17,7.987947682446614e-16,-0.45653931559152916,1.1147719595548441e-17,7.987947682446614e-16,0.27787086367595604,6.928021197254875e-17,2.21696678312156e-15,-0.27787086367595604,6.928021197254875e-17,2.21696678312156e-15,0.002045785857734008,3.896559845095909e-18,1.7534519302931591e-16,23.54,7.353643209430192e-19,2.322572520658786e-17,7.068391699790954,4.670683307897806e-18,8.767259651465796e-16
gold_fair_sources_sweep,0b8ef5969735,AnchorPlugin,FeasibleRestricted,250,200,10000,10,50,0.1,4.164609633321018,1.3335955368423882,3.7943274934450217,100,0.0018341027007366239,1.1761683617990026,-0.04072960326557514,100,0.8872317063900585,0.8181643595177853,0.7276550327321369,100,-0.03501505812991512,1.2096635463946288,-0.16434246395659297,100,0.7178251411051412,0.12285022751074812,0.7536649836649838,100,0.5336131331331331,0.1087734017734806,0.5561221221221222,100,0.7326745321686013,0.12172171429669515,0.7689418827216306,100,0.7222673703723542,0.1409006097734465,0.7565271725056673,100,0.7186455075114889,0.15271052383738715,0.7724532969433083,100,0.7137354255770652,0.164740900360563,0.766621931212925,100,7.50412303687882,2.0453660419940998,7.582002877825811,100,6.015668068666247,1.9348712496337448,6.027689590831019,100,1.0464899513853914,0.14582070080993328,1.045309324074434,100,0.025519498038027173,1.1430076893951957,0.19159076665554042,100,0.5515464810004649,0.16272598923506745,0.5850813732602055,100,1.030139776873098,0.752600419447663,0.8610317837306206,100,1.9581710537729304,1.0955548049073645,1.6899254729567055,100,1.8416536529664251,0.9368509252589339,1.940533924151084,100,0.6962488969448495,0.4457391310801466,0.5278947804098656,100,1.2666790843107827,0.8821916254800171,1.3423145774412901,100,0.46270276447896763,0.2732229269664276,0.3567403246007399,100,0.007172517574863231,0.00507202347217956,0.00665936912363139,100,49.3,1.1326200964261066,50.0,100,8.077030942440032,2.3747452011377934,8.340116024017334,100,-1.2409293814306,3.896559845095909e-18,7.987947682446614e-16,0.03561768729084343,0.2943212430119939,1.0,-0.1414015144340139,0.04180176387558987,1.0,0.03561768729084343,0.2943212430119939,1.0,0.2309608362808363,3.896559845095909e-18,7.987947682446614e-16,0.19442366366366368,3.896559845095909e-18,7.987497077178259e-16,0.2287113603295934,3.896559845095909e-18,7.987947682446614e-16,0.23008346415815495,3.896559845095909e-18,7.987947682446614e-16,0.23701296188093163,3.896559845095909e-18,7.987947682446614e-16,0.24143027543552992,3.896559845095909e-18,7.987947682446614e-16,2.3300295093764936,3.896559845095909e-18,7.987947682446614e-16,1.8922452520832247,3.896559845095909e-18,7.987947682446614e-16,-0.48777398625860546,8.74112997534717e-17,1.2762049764006868e-14,-0.07286329066078343,0.5224792307772006,1.0,0.29279824895143586,3.896559845095909e-18,7.987947682446614e-16,-0.4297950026350695,2.2168074241185726e-11,3.36954728466023e-09,-1.325173163109216,9.190398504353317e-15,1.3693693771486441e-12,0.579092369227223,4.670683307897806e-18,7.987947682446614e-16,-0.579092369227223,4.670683307897806e-18,7.987947682446614e-16,0.3784490504166449,3.896559845095909e-18,7.987947682446614e-16,-0.3784490504166449,3.896559845095909e-18,7.987947682446614e-16,0.007172517574863231,3.896559845095909e-18,1.7534519302931591e-16,49.3,3.2837014785916485e-19,1.1821325322929934e-17,1.7598070693016052,1.9680740218844173e-08,5.510607261276368e-07
gold_fair_sources_sweep,0b8ef5969735,EntropyBalancing,FeasibleRestricted,250,200,10000,10,50,0.1,3.4285731696351354,1.7064255326751654,3.067068383791109,100,0.006507379685478809,1.4033927650992777,-0.06265357678458224,100,1.0072979412463738,0.8584765832530071,0.8527921723190764,100,-0.03034178114517301,1.327008004782758,-0.20938047312156632,100,0.8151898925098926,0.14388650508259015,0.8446831606831607,100,0.6460504104104104,0.15234037804075148,0.6545065065065065,100,0.8259093184045622,0.14022763775397123,0.8559954698892751,100,0.8181529006214882,0.1618750675376172,0.861046201672127,100,0.8145591627412909,0.16867794487110443,0.8651468506232554,100,0.8083767386674429,0.18360045790974322,0.8673610576130544,100,8.469200076678645,2.205356668124694,8.587229968980834,100,6.779784502742039,2.0228811061502503,6.8733742241842934,100,0.9223409254185388,0.12034663117340322,0.9460994049563491,100,0.036438117264331965,1.2539384262097903,0.1847874341783407,100,0.7016946771888596,0.2070378901266769,0.7311327251157285,100,1.1229928631482065,0.8408595344623301,0.9581902347033218,100,2.064715160049019,1.5258195343949272,1.748254958658236,100,2.0467181454778625,0.9650680185097349,2.142711995020589,100,0.49118440443341227,0.499166261945511,0.3279288810765706,100,1.4195023711259416,0.8928879889598251,1.5181592284197922,100,0.3098794776638089,0.29502620523513545,0.209425951974616,100,,,,0,,,,0,2.039357450008392,1.1241203529022754,2.0721375942230225,100,-1.9769658451164815,1.1147719595548441e-17,7.987947682446614e-16,0.040290964275585546,0.5964572394238804,1.0,-0.021335279577698527,0.7361501939167332,1.0,0.040290964275585546,0.5964572394238804,1.0,0.32832558768558767,4.2663227307182344e-18,7.987947682446614e-16,0.30686094094094096,4.2663227307182344e-18,7.987497077178259e-16,0.3219461465655543,4.2663227307182344e-18,7.987947682446614e-16,0.325968994407289,4.3971135541818935e-18,7.987947682446614e-16,0.3329266171107338,4.3971135541818935e-18,7.987947682446614e-16,0.3360715885259076,4.3971135541818935e-18,7.987947682446614e-16,3.2951065491763165,4.3971135541818935e-18,7.987947682446614e-16,2.6563616861590185,4.3971135541818935e-18,7.987947682446614e-16,-0.6119230122254575,7.78699366986276e-18,1.5807597149821403e-15,-0.06194467143447868,0.6474574389756316,1.0,0.4429464451398304,4.139373908714419e-18,7.987947682446614e-16,-0.3369419163599612,9.656669707689486e-05,0.006856235492459535,-1.2186290568331275,5.384309387228941e-09,4.7381922607614677e-07,0.7841568617386601,6.348428415673146e-17,1.3966542514480922e-15,-0.78415686173866,6.348428415673146e-17,1.3966542514480922e-15,0.5312723372318037,4.3971135541818935e-18,7.987947682446614e-16,-0.5312723372318037,4.3971135541818935e-18,7.987947682446614e-16,,,,,,,-4.277866423130035,4.0161556854627e-18,8.767259651465796e-16
gold_fair_sources_sweep,0b8ef5969735,Glmtrans_Auto,OracleTargetTreated,250,200,10000,10,50,0.1,0.5860755820661605,0.12161775043912092,0.5800399413736729,100,0.04039590772374476,1.676825307141308,0.06610980911034445,100,0.04569816795266274,0.03488778092940109,0.04089661339985051,100,0.0035467468930929606,0.05756620103251008,0.004825809415484161,100,0.9945984474384474,0.0032163536557937578,0.9952519612519614,100,0.9412964564564567,0.01440866883009936,0.9426006006006006,100,0.9952235825191547,0.002915911040078002,0.9958470112344555,100,0.9948645034052801,0.0038788171862902203,0.9961152355158145,100,0.9950590717892389,0.0035905660660214985,0.9964608323076767,100,0.9952783006379878,0.00298171991692578,0.9958665701445544,100,10.357588191982627,2.0380089374756545,10.239499894808027,100,8.29111211868543,1.8445369714706756,8.165865766883975,100,1.0312957025947014,0.01430969508212959,1.0333044716917628,100,-0.009211591187464487,0.07928538698654823,-0.009337911263950612,100,0.9904187070295268,0.005842496930759166,0.9916831977005809,100,0.15902442651614584,0.05716528108961884,0.16284122529558692,100,0.3745269859333756,0.13820997515458022,0.36691931076916506,100,2.5274613443442924,0.9147057802904397,2.512939705410483,100,0.010441205566982515,0.006037716713544851,0.009128612220058896,100,1.7217678943146197,0.9303311837325542,1.735407928772375,100,0.0076139544751308574,0.004656132938680038,0.005926538662130498,100,,,,0,,,,0,14.66274869441986,1.8376119408104623,14.329755306243896,100,-4.819463432685458,3.896559845095909e-18,7.987947682446614e-16,0.07417949231385153,0.18787938276041638,1.0,-0.9829350528714096,3.896559845095909e-18,7.987947682446614e-16,0.07417949231385154,0.18787938276041638,1.0,0.5077341426141427,3.896559845095909e-18,7.987947682446614e-16,0.6021069869869871,3.896559845095909e-18,7.987497077178259e-16,0.4912604106801467,3.896559845095909e-18,7.987947682446614e-16,0.5026805971910807,3.896559845095909e-18,7.987947682446614e-16,0.5134265261586816,3.896559845095909e-18,7.987947682446614e-16,0.5229731504964527,3.896559845095909e-18,7.987947682446614e-16,5.183494664480301,3.896559845095909e-18,7.987947682446614e-16,4.167689302102408,3.896559845095909e-18,7.987947682446614e-16,-0.5029682350492953,4.880034421013085e-16,6.002442337846095e-14,-0.10759437988627511,0.43509678080987746,1.0,0.7316704749804976,3.896559845095909e-18,7.987947682446614e-16,-1.3009103529920223,3.896559845095909e-18,7.987947682446614e-16,-2.9088172309487708,3.896559845095909e-18,7.987947682446614e-16,1.26490006060509,3.896559845095909e-18,7.987947682446614e-16,-1.26490006060509,3.896559845095909e-18,7.987947682446614e-16,0.8335378604204817,3.896559845095909e-18,7.987947682446614e-16,-0.8335378604204817,3.896559845095909e-18,7.987947682446614e-16,,,,,,,8.345524821281433,3.896559845095909e-18,8.767259651465796e-16
gold_fair_sources_sweep,0b8ef5969735,Glmtrans_DR_CrossFit,OracleTargetTreated,250,200,10000,10,50,0.1,0.5742431414325775,0.1278884586094924,0.5549341412437339,100,0.0404358249858679,1.6706000105142578,0.09780051766175027,100,0.05544608078783652,0.0363515983411966,0.051050265059842226,100,0.0035866641552161228,0.06643617754489523,0.011919436048844656,100,0.9942252181452182,0.0035056034978192593,0.9949973569973569,100,0.9391571971971971,0.015552075253984549,0.940980980980981,100,0.9948856999672561,0.0031975907902241202,0.9955833025497391,100,0.9946378655362524,0.004044185070613961,0.995811740128721,100,0.9949078620230037,0.003988042578200227,0.9960610592022985,100,0.995047621186837,0.0031247852022809135,0.9958271661679716,100,10.355412743659683,2.038472378839026,10.231111574451376,100,8.289962818039795,1.8446481850198178,8.168075880035493,100,0.9985792960036208,0.013537667375171812,0.9980493911987722,100,-0.004924667776096936,0.06822438388670259,-0.017566827140955102,100,0.9897486034686754,0.0064584713450925755,0.9913076800731796,100,0.08915171097073112,0.0335903187213548,0.08772182736086889,100,0.1985679090273173,0.08034921333953181,0.18522527346825823,100,2.5267105972623667,0.9152070243940739,2.511439142935596,100,0.011191952648908255,0.006170872008536521,0.010044825266404489,100,1.7215380341854924,0.9303346538869509,1.7350145358282112,100,0.007843814604258004,0.005295488884941227,0.0061522414542914405,100,,,,0,,,,0,17.212295753955843,2.7921871267324168,16.704618334770203,100,-4.83129587331904,3.896559845095909e-18,7.987947682446614e-16,0.07421940957597468,0.19253205034070664,1.0,-0.9731871400362359,4.0161556854627e-18,8.112634484634654e-16,0.07421940957597468,0.19253205034070664,1.0,0.5073609133209134,3.896559845095909e-18,7.987947682446614e-16,0.5999677277277278,3.896340037647931e-18,7.987497077178259e-16,0.49092252812824794,3.896559845095909e-18,7.987947682446614e-16,0.5024539593220531,3.896559845095909e-18,7.987947682446614e-16,0.5132753163924465,3.896559845095909e-18,7.987947682446614e-16,0.5227424710453017,3.896559845095909e-18,7.987947682446614e-16,5.181319216157357,3.896559845095909e-18,7.987947682446614e-16,4.166540001456773,3.896559845095909e-18,7.987947682446614e-16,-0.5356846416403757,6.928021197254875e-17,1.0392031795882312e-14,-0.10330745647490751,0.42905212231325207,1.0,0.7310003714196462,3.896559845095909e-18,7.987947682446614e-16,-1.370783068537437,3.896559845095909e-18,7.987947682446614e-16,-3.0847763078548294,3.896559845095909e-18,7.987947682446614e-16,1.264149313523164,3.896559845095909e-18,7.987947682446614e-16,-1.264149313523164,3.896559845095909e-18,7.987947682446614e-16,0.8333080002913548,3.896559845095909e-18,7.987947682446614e-16,-0.8333080002913548,3.896559845095909e-18,7.987947682446614e-16,,,,,,,10.895071880817413,3.896559845095909e-18,8.767259651465796e-16
gold_fair_sources_sweep,0b8ef5969735,Glmtrans_OptionB,FeasibleRestricted,250,200,10000,10,50,0.1,2.964147718284413,1.7122532210428631,2.605021428373492,100,0.005844563667520495,1.4120094234447564,-0.011324499989939639,100,0.9486329831315023,0.7899322566265622,0.8099284264550348,100,-0.031004597163131267,1.237746523551533,-0.22815158070130948,100,0.8585267143667146,0.13817003254069732,0.9120460740460741,100,0.7027835435435434,0.15688379782611514,0.742956956956957,100,0.8672343775303106,0.13430440792526835,0.9198824475758794,100,0.8650535623197781,0.15039540356801379,0.9176754899124507,100,0.8597409492007816,0.16142140379753375,0.9163875177227855,100,0.8528475719003974,0.17612426997829417,0.9181398934963445,100,8.951652943365781,2.1969529465600375,8.9754866798209,100,7.147143033953088,2.0421385226882856,7.251023873257319,100,0.9510763748301787,0.11876946032210667,0.9634500253708765,100,0.031193326465684925,1.1787185996852696,0.19456901320151276,100,0.7700714442529102,0.20248426104430656,0.8481651555182756,100,1.0599192128208246,0.7646587159497655,0.8901407075087352,100,1.9030758418475557,1.3178204943708836,1.6121150471263404,100,2.154704058813943,0.9611548736282798,2.2716410286663082,100,0.3831984910973314,0.4778664897231745,0.21472262568125888,100,1.492974077368151,0.9031957011977932,1.5381463057882399,100,0.23640777142159944,0.2875217010792747,0.14389336057994762,100,,,,0,,,,0,12.994928736686706,2.578037826703858,12.24037480354309,100,-2.441391296467205,7.55704804907942e-18,7.987947682446614e-16,0.03962814825762728,0.4576765516449649,1.0,-0.08000023769256977,0.4014966599965911,1.0,0.039628148257627276,0.4576765516449649,1.0,0.37166240954240953,4.139373908714419e-18,7.987947682446614e-16,0.363594074074074,4.139373908714419e-18,7.987497077178259e-16,0.36327120569130267,4.139373908714419e-18,7.987947682446614e-16,0.3728696561055787,4.0161556854627e-18,7.987947682446614e-16,0.3781084035702244,4.139373908714419e-18,7.987947682446614e-16,0.38054242175886216,4.139373908714419e-18,7.987947682446614e-16,3.777559415863455,4.0161556854627e-18,7.987947682446614e-16,3.0237202173700655,4.139373908714419e-18,7.987947682446614e-16,-0.5831875628138179,3.750168121901122e-17,6.0752723574798176e-15,-0.06718946223312575,0.6573723697180689,1.0,0.5113232122038812,4.139373908714419e-18,7.987947682446614e-16,-0.40001556668734317,5.75624329737253e-06,0.0005007931668714102,-1.380268375034591,1.519835877394086e-11,1.504637518620145e-09,0.8921427750747409,4.6041751652443625e-17,1.2519769756076529e-15,-0.8921427750747409,4.6041751652443625e-17,1.2519769756076529e-15,0.6047440434740131,4.139373908714419e-18,7.987947682446614e-16,-0.6047440434740131,4.139373908714419e-18,7.987947682446614e-16,,,,,,,6.6777048635482785,3.896559845095909e-18,8.767259651465796e-16
gold_fair_sources_sweep,0b8ef5969735,IPWTransport,FeasibleRestricted,250,200,10000,10,50,0.1,3.4068417861164035,1.7095036565623762,3.0440585236312305,100,0.0083179373320888,1.4076365539211029,-0.04206100196064002,100,1.0080736177830079,0.8667312085485045,0.8634273794474451,100,-0.02853122349856295,1.3329958459811715,-0.16380937534701037,100,0.8174922653322654,0.14341267948825936,0.8475752055752057,100,0.649096016016016,0.15293434667832992,0.6581001001001001,100,0.8281367236661812,0.13965382497090773,0.859006461584549,100,0.8215186530322844,0.1583144504957485,0.863857243597757,100,0.8176564483178049,0.1674986480492052,0.8633268739572646,100,0.8107039822904117,0.18321827428496074,0.8657760991945733,100,8.506930439529405,2.192460944615128,8.638053179344706,100,6.805765923289577,2.0222324228325363,6.869635814337789,100,0.9276930879264697,0.11942213914132609,0.9439850996852532,100,0.03645514332435157,1.2598553639139387,0.15060901400498358,100,0.7052878300356933,0.20690208853693037,0.7348949039832161,100,1.1261088166090198,0.8416558231902904,0.9549983054688508,100,2.0490372949941182,1.466141519184706,1.665986870185463,100,2.0518730445876203,0.9652395621582822,2.162870874313331,100,0.48602950532365463,0.4995451395644779,0.33194046381949305,100,1.424698655235449,0.8922638313820904,1.4972498232250513,100,0.3046831935543013,0.2925483004505728,0.20973147059514763,100,,,,0,,,,0,0.7556160354614258,0.3841792511742392,0.8171365261077881,100,-1.9986972286352143,1.1147719595548441e-17,7.987947682446614e-16,0.04210152192219562,0.5775215365287132,1.0,-0.020559603041064394,0.7622156087305044,1.0,0.04210152192219561,0.5775215365287132,1.0,0.3306279605079605,4.139373908714419e-18,7.987947682446614e-16,0.30990654654654654,4.139373908714419e-18,7.987497077178259e-16,0.32417355182717317,4.139373908714419e-18,7.987947682446614e-16,0.329334746818085,4.139373908714419e-18,7.987947682446614e-16,0.33602390268724763,4.2663227307182344e-18,7.987947682446614e-16,0.33839883214887656,4.3971135541818935e-18,7.987947682446614e-16,3.332836912027078,4.139373908714419e-18,7.987947682446614e-16,2.682343106706556,4.2663227307182344e-18,7.987947682446614e-16,-0.6065708497175266,1.0501887534614503e-17,2.0688718443190573e-15,-0.061927645374459044,0.6253783479405848,1.0,0.4465395979866642,4.139373908714419e-18,7.987947682446614e-16,-0.33382596289914784,0.0001051325851580842,0.007359280961065894,-1.2343069218880283,3.008928865084491e-09,2.708035978576042e-07,0.7893117608484178,6.729249235397462e-17,1.413142339433467e-15,-0.7893117608484178,6.729249235397462e-17,1.413142339433467e-15,0.5364686213413113,4.2663227307182344e-18,7.987947682446614e-16,-0.5364686213413113,4.2663227307182344e-18,7.987947682446614e-16,,,,,,,-5.561607837677002,3.896559845095909e-18,8.767259651465796e-16
gold_fair_sources_sweep,0b8ef5969735,OutcomeModelTransport,FeasibleRestricted,250,200,10000,10,50,0.1,3.2982476814682786,1.7092349580286263,2.9545538384369086,100,0.008533913466126482,1.3673199781697265,-0.07170780734373758,100,1.0029268350751808,0.813258886955766,0.8575650384392741,100,-0.028315247364525283,1.2948369111926334,-0.2335490512853889,100,0.8275777192177194,0.14016479052898245,0.8580863160863161,100,0.6619204404404405,0.15373454938201717,0.6708368368368369,100,0.8378752210525533,0.13631663769135613,0.8715971453186278,100,0.8350318854616589,0.1536924824077321,0.8852082032867377,100,0.8277346675538563,0.16406027653656383,0.8690952362990073,100,0.8213198591672777,0.17826698631220952,0.8719007786251373,100,8.637152395144264,2.1411402143729776,8.729980467419626,100,6.883625186999199,2.0056422723771936,6.918371543912038,100,0.9514349818178861,0.11801971428375142,0.9622552584392502,100,0.031064735751974534,1.2382977376413575,0.23160352089436573,100,0.7208060344446068,0.2047892076997456,0.7594103140112447,100,1.0975076881889958,0.793672888772601,0.937894909741473,100,1.9241814253731244,1.3139834824139887,1.6393115491135104,100,2.076769700410458,0.9496029492882586,2.201554581722003,100,0.4611328495008161,0.47793311005016803,0.3047055423272339,100,1.440270507977373,0.88586636646722,1.4947232710219702,100,0.28911134081237727,0.2906016658439267,0.18246765537823606,100,,,,0,,,,0,0.13732262134552,0.08002921269041043,0.12896263599395752,100,-2.1072913332833387,8.023842397878198e-18,7.987947682446614e-16,0.04231749805623327,0.5964572394238804,1.0,-0.025706385748891423,0.7387436743898753,1.0,0.04231749805623328,0.5964572394238804,1.0,0.3407134143934144,4.139373908714419e-18,7.987947682446614e-16,0.322730970970971,4.139373908714419e-18,7.987497077178259e-16,0.3339120492135453,4.139373908714419e-18,7.987947682446614e-16,0.34284797924745936,4.0161556854627e-18,7.987947682446614e-16,0.34610212192329876,4.139373908714419e-18,7.987947682446614e-16,0.34901470902574244,4.2663227307182344e-18,7.987947682446614e-16,3.4630588676419394,4.0161556854627e-18,7.987947682446614e-16,2.760202370416177,4.139373908714419e-18,7.987947682446614e-16,-0.5828289558261102,1.960659347540535e-17,3.529186825572963e-15,-0.06731805294683606,0.6499304018341789,1.0,0.4620578023955778,4.139373908714419e-18,7.987947682446614e-16,-0.36242709131917217,2.012289516401296e-05,0.001609831613121037,-1.3591627915090232,6.604299422380144e-11,6.340127445484938e-09,0.8142084166712563,5.486894326681338e-17,1.278953373521963e-15,-0.8142084166712563,5.486894326681338e-17,1.278953373521963e-15,0.5520404740832352,4.139373908714419e-18,7.987947682446614e-16,-0.5520404740832352,4.139373908714419e-18,7.987947682446614e-16,,,,,,,-6.1799012517929075,3.896559845095909e-18,8.767259651465796e-16
gold_fair_sources_sweep,0b8ef5969735,ProxyOnly,FeasibleRestricted,250,200,10000,10,50,0.1,5.405539014751618,1.0625738441300019,5.143293544098325,100,-0.03378358459010677,1.7321916246509697,-0.13259361916729537,100,1.028633220824072,0.8192555949134115,0.7943256390703191,100,-0.07063274542075859,1.3171614915048275,-0.2413995356614395,100,0.48686430482430487,0.10157136718153525,0.49647716247716256,100,0.33918946946946954,0.07599263244111547,0.3449249249249249,100,0.503963171839008,0.10436470541216744,0.5178443458137927,100,0.49218390621419933,0.15713801111229395,0.537905384188771,100,0.48163254563055735,0.1777499391460453,0.5337032382864536,100,0.47230515014153523,0.20365395619976792,0.5338714623727072,100,5.174093527502327,2.0826545733976674,5.435215508760155,100,4.123422816583021,1.9499962572575629,4.165817611044793,100,1.5342639376439962,0.42054222746204906,1.4928520786945392,100,0.09838278869881062,2.0220036525487237,0.2671455091299585,100,0.258748232049029,0.10150940927923237,0.2662558275701667,100,1.459934779508168,0.6713507313821009,1.3500961983375301,100,3.2833442168821474,1.37366126017796,3.1338591541033907,100,1.2625612837392024,0.9452599972656985,1.3904395913136582,100,1.2753412661720724,0.44369738903044026,1.1119274861191901,100,0.888230033894138,0.8804580018697258,0.9382100605369618,100,0.8411518148956126,0.29678838811629327,0.7458401769293913,100,0.0,0.0,0.0,100,0.0,0.0,0.0,100,6.317223873138428,1.741316052637586,6.3741538524627686,100,,,,,,,,,,,,,,,,,,,,,,,,,,,,,,,,,,,,,,,,,,,,,,,,,,,,,,,,,,,,,,,,,,,,,,,,
gold_fair_sources_sweep,0b8ef5969735,TargetOnlyDR,OracleTargetTreated,250,200,10000,10,50,0.1,4.733807810826997,0.777728543438301,4.589926471162478,100,-0.0387397093248256,1.735499546243634,0.022895023699081918,100,0.2615109814951926,0.2214714144798262,0.1800028347539303,100,-0.07558887015547736,0.33519692343965424,-0.04977194973450649,100,0.6611043530643531,0.045336663708810565,0.6656956076956078,100,0.47658010010010016,0.038446288565545036,0.47949949949949955,100,0.6783453075072287,0.04476350787332011,0.6827865549637,100,0.6647178098334081,0.10132636913743998,0.6854019825973172,100,0.6635703326484252,0.09966021756556097,0.6787930106585067,100,0.6600337642900065,0.11148477789769218,0.6799604021005845,100,7.014494448293132,1.9791576231216443,7.120293459330914,100,5.63492951872353,1.7693702109793001,5.4739493522414016,100,1.7684414819778822,0.3080476779197268,1.8034015657153444,100,0.05705567127048741,1.5004557796198605,0.12599823441082048,100,0.45184471849628927,0.06658103620846878,0.45822459328293486,100,1.488636500903513,0.3820857374962661,1.512662097676834,100,3.570023844290497,0.9467066205653294,3.5174655564904933,100,1.7492005083566176,0.903243975902168,1.848489345164813,100,0.7887020415546574,0.1769527307520805,0.7725152850465081,100,1.1905313743222397,0.8953153107031233,1.2818421573589025,100,0.538850474467511,0.12461559217802784,0.5183927873920278,100,0.0,0.0,0.0,100,0.0,0.0,0.0,100,10.91038794517517,2.9154674846217983,11.543274760246277,100,-0.6717312039246218,4.670683307897806e-18,7.987947682446614e-16,-0.004956124734718788,0.31704318981210255,1.0,-0.7671222393288799,1.3051821803023527e-15,2.1404987756958584e-13,-0.004956124734718788,0.31704318981210255,1.0,0.17424004824004824,1.1147719595548441e-17,7.987947682446614e-16,0.13739063063063064,1.0501887534614503e-17,7.987497077178259e-16,0.17438213566822053,1.1147719595548441e-17,7.987947682446614e-16,0.17253390361920865,5.164212615311754e-16,1.1877689015217034e-14,0.18193778701786806,2.2731525308328643e-17,9.319925376414744e-16,0.18772861414847125,1.2559216589141089e-17,7.987947682446614e-16,1.8404009207908072,2.0762237175488676e-16,5.813426409136829e-15,1.511506702140508,1.960659347540535e-17,8.626901129178354e-16,0.2341775443338858,6.881249880501417e-06,0.0002752499952200567,-0.041327117428323144,0.31704318981210255,1.0,0.19309648644726024,1.5465938818405608e-17,7.987947682446614e-16,0.028701721395345447,0.19253205034070664,1.0,0.28667962740835107,0.009433383853358793,0.4622358088145809,0.48663922461741493,1.7415252083634357e-17,7.987947682446614e-16,-0.48663922461741493,1.7415252083634357e-17,7.987947682446614e-16,0.3023013404281016,1.960659347540535e-17,8.626901129178354e-16,-0.3023013404281016,1.960659347540535e-17,8.626901129178354e-16,0.0,,,0.0,,,4.5931640720367435,1.0148444729189685e-15,4.363831233551564e-14
gold_fair_sources_sweep,0ca2e349992e,AnchorOnly,infeasible_no_target_treated,50,0,2000,2,50,0.1,,,,0,,,,0,,,,0,,,,0,,,,0,,,,0,,,,0,,,,0,,,,0,,,,0,,,,0,,,,0,,,,0,,,,0,,,,0,,,,0,,,,0,,,,0,,,,0,,,,0,,,,0,,,,0,,,,0,0.0,0.0,0.0,100,,,,,,,,,,,,,,,,,,,,,,,,,,,,,,,,,,,,,,,,,,,,,,,,,,,,,,,,,,,,,,,,,,,,,,-3.4652260160446167,3.896559845095909e-18,8.767259651465796e-16
gold_fair_sources_sweep,0ca2e349992e,AnchorPlugin,FeasibleRestricted,50,0,2000,2,50,0.1,4.470477030787423,1.0192291792718144,4.207925266951534,100,-0.06549182095890799,1.2033625000573218,-0.09722615166610551,100,0.8408960624688474,0.6566711502276448,0.6051040907630809,100,0.027801289313719568,1.0698995070972135,-0.0533677298752534,100,0.6470576150576152,0.10613889686768535,0.6658250158250159,100,0.4667614014014013,0.08529100253152481,0.4784724724724725,100,0.66288686175047,0.10636286354480837,0.6802723795558989,100,0.6526081754452736,0.11689349121872859,0.6666056325484871,100,0.6482468969072172,0.12994659128111213,0.6752475230684741,100,0.6410098923337653,0.14344362221516146,0.6801306159051415,100,6.578272133962485,2.0091091738296876,6.582415951621102,100,5.239654835437809,1.845974667517653,5.220423236716972,100,1.0865378380465933,0.28492028614208276,1.0466963538570337,100,-0.03340526177989974,1.1073368066117255,0.03706222989699319,100,0.4501040435825853,0.12042012242433829,0.4637638879364624,100,1.1216747693443836,0.582674846285474,0.9882023752022882,100,2.179458693154098,1.115618986778449,1.9301895157191407,100,1.566278182216443,0.8839544800793651,1.548039457805479,100,0.8088779691962192,0.3443825505240799,0.7304826939626579,100,1.0951821540666977,0.9032362584798864,0.9758417766975748,100,0.5467854439399178,0.23776464154051505,0.4937044519951802,100,0.10422912346157726,0.15143166896396223,0.05769169933779324,100,32.54,10.35083561746577,35.0,100,3.963508415222168,0.4905594966337024,3.8743338584899902,100,-1.1961801783191934,3.896559845095909e-18,7.987947682446614e-16,0.17602126166513976,0.26972230853401546,1.0,-0.4462894931054893,1.060310144478976e-05,0.0012617690719299813,0.17602126166513976,0.26972230853401546,1.0,0.31197401109401107,4.3971135541818935e-18,7.987947682446614e-16,0.23876772772772775,4.2663227307182344e-18,7.987497077178259e-16,0.31534824730688976,4.531861061109546e-18,7.987947682446614e-16,0.3283893800487633,4.0161556854627e-18,7.987947682446614e-16,0.33570667651692787,4.139373908714419e-18,7.987947682446614e-16,0.3365042355851128,4.139373908714419e-18,7.987947682446614e-16,3.230675341017823,4.0161556854627e-18,7.987947682446614e-16,2.595318722836172,4.139373908714419e-18,7.987947682446614e-16,0.060837351429674495,0.07717817232321368,1.0,-0.30312896373853315,0.1294431942035884,1.0,0.32370584134991676,4.0161556854627e-18,7.987947682446614e-16,-0.3772924694371291,2.690513446127218e-05,0.00209860048797923,-0.513184562508343,6.0072691135597744e-05,0.0043853064528986355,0.7701782155723345,4.0161556854627e-18,7.987947682446614e-16,-0.7701782155723345,4.0161556854627e-18,7.987947682446614e-16,0.5190637445672344,4.139373908714419e-18,7.987947682446614e-16,-0.5190637445672344,4.139373908714419e-18,7.987947682446614e-16,0.10422912346157726,3.896559845095909e-18,1.7534519302931591e-16,32.54,3.8074175699209014e-18,4.5255026333886757e-17,0.4982823991775513,1.534086101076588e-14,6.136344404306351e-13
gold_fair_sources_sweep,0ca2e349992e,EntropyBalancing,FeasibleRestricted,50,0,2000,2,50,0.1,3.7612264451660367,1.451837149573386,3.533626708560499,100,-0.03860808315967941,1.6204659427477732,0.12840643564476284,100,0.8166537339756283,0.6342207801571699,0.6806740199584509,100,0.05468502711294814,1.0357969200695596,0.04872629519581939,100,0.7740683890283891,0.14966762545905532,0.8093215613215614,100,0.5968850850850851,0.1437861370111404,0.6183183183183183,100,0.786663726603769,0.14652837965465287,0.8254652649142646,100,0.7808100304663225,0.1604318533281684,0.824775365588098,100,0.7764899983843329,0.15943615102798808,0.810946250601579,100,0.7688832990818136,0.16344599812006666,0.8017817250293172,100,7.8027671520481885,2.387825442517603,7.696814921925364,100,6.204491073072501,2.0748709575828688,6.274863181887342,100,0.809830564807235,0.17637183489729055,0.8342134303612174,100,-0.027852628426575776,0.8875948759908304,0.042838087335756246,100,0.6401370923249814,0.20017950361512377,0.6870821266732583,100,1.3282552116922202,0.7429768965508492,1.176153638057846,100,2.9371246716996176,1.8265166752671373,2.465501791225221,100,1.8504176277846744,0.9348928889199603,1.8353773651332879,100,0.5247385236279879,0.42028513082416236,0.4449829138092256,100,1.2881494015936361,0.9291674242496974,1.208123409425192,100,0.3538181964129794,0.2952245105551962,0.2870797328756207,100,,,,0,,,,0,0.7874626874923706,0.258324357135222,0.7835029363632202,100,-1.9054307639405799,3.0528209793531665e-17,1.007430923186545e-15,0.20290499946436835,0.3356825574357155,1.0,-0.47053182159870877,0.00034001616518924467,0.03468164884930296,0.20290499946436835,0.3356825574357155,1.0,0.43898478506478505,4.139373908714419e-18,7.987947682446614e-16,0.36889141141141146,4.139373908714419e-18,7.987497077178259e-16,0.4391251121601891,4.139373908714419e-18,7.987947682446614e-16,0.45659123506981203,4.0161556854627e-18,7.987947682446614e-16,0.4639497779940438,4.0161556854627e-18,7.987947682446614e-16,0.4643776423331614,3.896559845095909e-18,7.987947682446614e-16,4.455170359103528,4.0161556854627e-18,7.987947682446614e-16,3.560154960470864,4.0161556854627e-18,7.987947682446614e-16,-0.21586992180968373,1.267216221744908e-08,7.223132463945975e-07,-0.29757633038520914,0.407310248043495,1.0,0.5137388900923128,4.0161556854627e-18,7.987947682446614e-16,-0.1707120270892926,0.20576253719593485,1.0,0.24448141603717688,0.5091522042708133,1.0,1.0543176611405654,3.896559845095909e-18,7.987947682446614e-16,-1.0543176611405654,3.896559845095909e-18,7.987947682446614e-16,0.7120309920941728,4.0161556854627e-18,7.987947682446614e-16,-0.7120309920941728,4.0161556854627e-18,7.987947682446614e-16,,,,,,,-2.677763328552246,3.896559845095909e-18,8.767259651465796e-16
gold_fair_sources_sweep,0ca2e349992e,Glmtrans_Auto,infeasible_no_target_treated,50,0,2000,2,50,0.1,,,,0,,,,0,,,,0,,,,0,,,,0,,,,0,,,,0,,,,0,,,,0,,,,0,,,,0,,,,0,,,,0,,,,0,,,,0,,,,0,,,,0,,,,0,,,,0,,,,0,,,,0,,,,0,,,,0,0.0,0.0,0.0,100,,,,,,,,,,,,,,,,,,,,,,,,,,,,,,,,,,,,,,,,,,,,,,,,,,,,,,,,,,,,,,,,,,,,,,-3.4652260160446167,3.896559845095909e-18,8.767259651465796e-16
gold_fair_sources_sweep,0ca2e349992e,Glmtrans_DR_CrossFit,infeasible_no_target_treated,50,0,2000,2,50,0.1,,,,0,,,,0,,,,0,,,,0,,,,0,,,,0,,,,0,,,,0,,,,0,,,,0,,,,0,,,,0,,,,0,,,,0,,,,0,,,,0,,,,0,,,,0,,,,0,,,,0,,,,0,,,,0,,,,0,0.0,0.0,0.0,100,,,,,,,,,,,,,,,,,,,,,,,,,,,,,,,,,,,,,,,,,,,,,,,,,,,,,,,,,,,,,,,,,,,,,,-3.4652260160446167,3.896559845095909e-18,8.767259651465796e-16
gold_fair_sources_sweep,0ca2e349992e,Glmtrans_OptionB,FeasibleRestricted,50,0,2000,2,50,0.1,3.5065573206468734,1.4687329444480566,3.220560973232378,100,-0.09355982865124277,1.5399621986873384,0.05568170211123623,100,0.7899592564874887,0.6378325872028627,0.6184763871703884,100,-0.0002667183786152294,1.0184151189577402,-0.028073242577162635,100,0.7958912587712587,0.15064781640439934,0.8371380391380392,100,0.6223180380380381,0.15004228175553969,0.6454954954954956,100,0.8075464481478335,0.14678705948666385,0.8490797609485043,100,0.7997465381328803,0.16076414357110083,0.8580359659235348,100,0.7964281797528727,0.15977776464826096,0.8468106466005318,100,0.793683587932908,0.1626180493958795,0.8510939102350654,100,7.989800609244604,2.418301453395543,7.838131339888754,100,6.357285653384763,2.0768395409456573,6.385230605736794,100,0.8559277450184308,0.1762910101639442,0.8793043671815834,100,0.01312777936439254,0.9038019425045308,0.025702950516940312,100,0.6731442356419212,0.20560019030037419,0.7221963863175693,100,1.1911898184719736,0.7091263155904177,1.036534664566541,100,2.560774493807409,1.6842906913559466,2.154820784969085,100,1.899567052515929,0.9499526443264136,1.9379143874917806,100,0.47558909889673323,0.41197759064509537,0.3770156715770695,100,1.3187083176560888,0.9378461892432811,1.2350327152745169,100,0.32325928035052676,0.29137465459116185,0.24182499892642953,100,,,,0,,,,0,8.505325102806092,0.5228819981733699,8.516812205314636,100,-2.1600998884597433,7.78699366986276e-18,7.987947682446614e-16,0.14795325397280498,0.6229452589763704,1.0,-0.49722629908684823,0.00012272953727478355,0.013009330951127057,0.14795325397280498,0.6229452589763704,1.0,0.46080765480765484,3.896559845095909e-18,7.987947682446614e-16,0.3943243643643644,3.896559845095909e-18,7.987497077178259e-16,0.4600078337042534,4.0161556854627e-18,7.987947682446614e-16,0.4755277427363701,4.0161556854627e-18,7.987947682446614e-16,0.4838879593625838,3.896559845095909e-18,7.987947682446614e-16,0.4891779311842556,3.896559845095909e-18,7.987947682446614e-16,4.642203816299945,4.0161556854627e-18,7.987947682446614e-16,3.712949540783128,3.896559845095909e-18,7.987947682446614e-16,-0.1697727415984878,1.700125535642449e-06,7.65056491039102e-05,-0.25659592259424074,0.5869540189208129,1.0,0.5467460334092525,4.0161556854627e-18,7.987947682446614e-16,-0.3077774203095391,0.011611693025983272,0.5921963443251469,-0.1318687618550323,0.3322421202721664,1.0,1.10346708587182,3.896559845095909e-18,7.987947682446614e-16,-1.10346708587182,3.896559845095909e-18,7.987947682446614e-16,0.7425899081566253,3.896559845095909e-18,7.987947682446614e-16,-0.7425899081566253,3.896559845095909e-18,7.987947682446614e-16,,,,,,,5.040099086761475,3.896559845095909e-18,8.767259651465796e-16
gold_fair_sources_sweep,0ca2e349992e,IPWTransport,FeasibleRestricted,50,0,2000,2,50,0.1,3.6393708201839665,1.4456427077507195,3.34870692823233,100,-0.061923707100530356,1.5949475695203472,0.12195628897354985,100,0.7932685609816308,0.6296629305973435,0.6589431591197701,100,0.03136940317209718,1.0154372210989588,-0.0009109429503887491,100,0.7846286194286196,0.14959941279651795,0.8224634584634585,100,0.6085403803803804,0.14540978966783438,0.6318078078078078,100,0.7968022598497505,0.14623120715987592,0.8367655967173111,100,0.7917733016601639,0.1573861384306273,0.8418000428556167,100,0.7874077352967648,0.15765746986788368,0.8267716230875968,100,0.7800193138770084,0.1638268015657379,0.8300737843284027,100,7.920812702140608,2.4274772060306615,7.75944940930891,100,6.286657166095459,2.0626245746068452,6.295284857098979,100,0.829053838129133,0.17510000837277354,0.8563850555226931,100,-0.010606124393030443,0.8808357744808396,0.009676825817427613,100,0.6560131202861021,0.20156717183954923,0.7022186049450859,100,1.2554865704656302,0.7067528555055457,1.142013369173756,100,2.7669158941119245,1.7236825422036623,2.263237278029245,100,1.8719937489676253,0.9392634484686581,1.8472014306670794,100,0.5031624024450372,0.41827470921162124,0.38853855180690355,100,1.304582620198228,0.9254398127645733,1.2205007047397793,100,0.3373849778083875,0.29242170108474713,0.25873686849960753,100,,,,0,,,,0,0.41346785306930545,0.18859781741901985,0.39056217670440674,100,-2.0272863889226493,1.2559216589141089e-17,7.987947682446614e-16,0.17958937552351734,0.4660476227591346,1.0,-0.4939169945927062,0.00014307720449163792,0.014736952062638706,0.17958937552351734,0.4660476227591346,1.0,0.44954501546501546,4.0161556854627e-18,7.987947682446614e-16,0.38054670670670665,4.0161556854627e-18,7.987497077178259e-16,0.44926364540617053,4.0161556854627e-18,7.987947682446614e-16,0.4675545062636536,3.896559845095909e-18,7.987947682446614e-16,0.4748675149064755,3.896559845095909e-18,7.987947682446614e-16,0.475513657128356,3.896559845095909e-18,7.987947682446614e-16,4.573215909195946,3.896559845095909e-18,7.987947682446614e-16,3.642321053493824,3.896559845095909e-18,7.987947682446614e-16,-0.19664664848778557,9.668752478190519e-08,5.124438813440975e-06,-0.2803298263516638,0.48518973727290204,1.0,0.5296149180534333,4.0161556854627e-18,7.987947682446614e-16,-0.2434806683158827,0.05374324838018211,1.0,0.07427263844948395,0.9917699870208231,1.0,1.0758937823235162,3.896559845095909e-18,7.987947682446614e-16,-1.0758937823235162,3.896559845095909e-18,7.987947682446614e-16,0.7284642106987647,3.896559845095909e-18,7.987947682446614e-16,-0.7284642106987647,3.896559845095909e-18,7.987947682446614e-16,,,,,,,-3.0517581629753114,3.896559845095909e-18,8.767259651465796e-16
gold_fair_sources_sweep,0ca2e349992e,OutcomeModelTransport,FeasibleRestricted,50,0,2000,2,50,0.1,3.5404958639715387,1.4482774492727724,3.2384604606415195,100,-0.09597392981264558,1.550526131345491,0.05922649796738998,100,0.7912344484360214,0.6424150086128413,0.6044877667153299,100,-0.002680819540018059,1.0222844483755391,-0.03766656507384164,100,0.7939969066369068,0.14950292040387392,0.8362624222624222,100,0.619385865865866,0.1475064278408646,0.6444624624624624,100,0.8057587033082079,0.14574837954596953,0.8476557527764909,100,0.7977036814762412,0.1593604494911974,0.8559145099750747,100,0.7939592648816978,0.1580283184492952,0.8468106466005318,100,0.7909913197132515,0.16137574324852766,0.850676779212465,100,7.975017496832522,2.42818085898746,7.87048344486509,100,6.343496613860732,2.0849607811216493,6.390498981447154,100,0.8480869449482954,0.17420136881111895,0.8711394567267807,100,0.012427792782043146,0.9048591805470064,0.022951173851987063,100,0.6699575398077208,0.20341095715232962,0.721609135961943,100,1.2123751997530838,0.7068250860459985,1.0605036171835116,100,2.6118242060310166,1.6787967972345326,2.1831590180532574,100,1.894833806254495,0.9403782624727065,1.9379143874917806,100,0.4803223451581674,0.4087492517305816,0.3808252559133499,100,1.315950509751282,0.9303604929790958,1.2398769012257236,100,0.32601708825533315,0.2876693560676939,0.2534134858486059,100,,,,0,,,,0,0.08504387617111206,0.04109085250929781,0.08137142658233643,100,-2.1261613451350776,9.601770743442903e-18,7.987947682446614e-16,0.14553915281140223,0.615670737630266,1.0,-0.49595110713831553,0.00012621354652986807,0.013252422385636148,0.14553915281140217,0.615670737630266,1.0,0.45891330267330266,4.0161556854627e-18,7.987947682446614e-16,0.39139219219219223,4.0161556854627e-18,7.987497077178259e-16,0.45822008886462784,4.0161556854627e-18,7.987947682446614e-16,0.47348488607973094,3.896559845095909e-18,7.987947682446614e-16,0.4814190444914089,3.896559845095909e-18,7.987947682446614e-16,0.4864856629645991,3.896559845095909e-18,7.987947682446614e-16,4.627420703887862,3.896559845095909e-18,7.987947682446614e-16,3.6991605012590947,3.896559845095909e-18,7.987947682446614e-16,-0.17761354166862342,7.507645897310535e-07,3.528593571735952e-05,-0.25729590917659023,0.5728322123507377,1.0,0.5435593375750524,4.0161556854627e-18,7.987947682446614e-16,-0.2865920390284289,0.017183434164736427,0.8248048399073484,-0.0808190496314251,0.4310615640798099,1.0,1.0987338396103858,3.896559845095909e-18,7.987947682446614e-16,-1.0987338396103858,3.896559845095909e-18,7.987947682446614e-16,0.7398321002518188,3.896559845095909e-18,7.987947682446614e-16,-0.7398321002518188,3.896559845095909e-18,7.987947682446614e-16,,,,,,,-3.380182139873505,3.896559845095909e-18,8.767259651465796e-16
gold_fair_sources_sweep,0ca2e349992e,ProxyOnly,FeasibleRestricted,50,0,2000,2,50,0.1,5.666657209106616,1.0495335709148421,5.5267082168730095,100,-0.2415130826240478,2.1394339991148295,0.14095732345760642,100,1.2871855555743368,1.0454778927857584,1.0753534482011986,100,-0.14821997235142018,1.6566277290516112,-0.06903751482219228,100,0.3350836039636039,0.09276695810042354,0.3338490938490939,100,0.22799367367367362,0.06504300263167151,0.22663863863863865,100,0.3475386144435799,0.09647872885110767,0.3483790556032369,100,0.3242187953965102,0.1406880471223986,0.34829732809792535,100,0.31254022039028917,0.16548908459820535,0.34401864292495343,100,0.3045056567486524,0.20218987502768773,0.3477265144956001,100,3.347596792944661,1.696441586000896,3.4335729105656103,100,2.644336112601636,1.5796862292366425,2.7098158284201674,100,1.0257004866169188,0.3376306415256222,1.027119464106474,100,0.26972370195863327,1.8516586309175511,0.13358710648291594,100,0.12639820223266865,0.06419333169841668,0.11923862055459489,100,1.4989672387815125,0.9374319079228334,1.3060575273992747,100,2.692643255662441,1.2414484929566967,2.524384208786162,100,0.7960999666441088,0.8513181858245978,0.7818615969680737,100,1.5790561847685536,0.5089990217629402,1.4952613847186287,100,0.5761184094994631,0.8895411039201814,0.38288070567718263,100,1.0658491885071522,0.2854721084870352,1.00157507076337,100,0.0,0.0,0.0,100,0.0,0.0,0.0,100,3.4652260160446167,0.23432184976462742,3.4021248817443848,100,,,,,,,,,,,,,,,,,,,,,,,,,,,,,,,,,,,,,,,,,,,,,,,,,,,,,,,,,,,,,,,,,,,,,,,,
gold_fair_sources_sweep,0ca2e349992e,TargetOnlyDR,infeasible_no_target_treated,50,0,2000,2,50,0.1,,,,0,,,,0,,,,0,,,,0,,,,0,,,,0,,,,0,,,,0,,,,0,,,,0,,,,0,,,,0,,,,0,,,,0,,,,0,,,,0,,,,0,,,,0,,,,0,,,,0,,,,0,,,,0,,,,0,0.0,0.0,0.0,100,,,,,,,,,,,,,,,,,,,,,,,,,,,,,,,,,,,,,,,,,,,,,,,,,,,,,,,,,,,,,,,,,,,,,,-3.4652260160446167,3.896559845095909e-18,8.767259651465796e-16
gold_fair_sources_sweep,1b9160e9b053,AnchorOnly,OracleTargetTreated,100,50,2000,2,50,0.1,5.390152644697446,1.0027835537801773,5.258338975348572,100,0.32137198480113005,1.6025720890870045,0.23785111131848413,100,0.5414017729559323,0.45850900191397387,0.4375200456310706,100,0.09360149167977372,0.7053066102394115,0.06946104059969516,100,0.4640118182118183,0.08262814057157568,0.46169923169923166,100,0.32197857857857864,0.06088181872786344,0.3193253253253253,100,0.48113165774380134,0.08455068428430208,0.48071726968430323,100,0.45543692974381256,0.12333537699434297,0.4661702225093474,100,0.47498777710504325,0.12150046112266144,0.4824971352364933,100,0.48271997020505225,0.13438559953089635,0.5126507435734535,100,4.877953541231949,1.8774004613607185,4.758240347282691,100,4.113207693763267,1.6353853367974922,3.954536775434545,100,1.0810495972897147,0.3825392573449592,1.0693094458618702,100,-0.05295154565135318,0.8734609732551863,-0.09376813032461764,100,0.20478382787230212,0.0894842059612126,0.19862925646369,100,1.09706733531563,0.39096382483245834,1.0284904038108067,100,2.7784934633005935,1.3311186032224946,2.416177670684511,100,1.2063799582281605,0.9020264958337378,1.1544014650794179,100,1.196006800830552,0.29776824160060283,1.1326862631658856,100,0.6914537838043916,0.775747385182169,0.7047414884870297,100,0.8745605584418138,0.24599700501535052,0.8520203602043975,100,0.007284521306929912,0.003649658848874677,0.0067532602703350144,100,19.9,2.6723424446380633,20.0,100,6.289314091205597,0.889787501957135,6.2558794021606445,100,-0.22781417135797555,1.3319815646801613e-07,6.621920708481221e-07,0.16529328089607123,0.2787763214683321,1.0,-0.6155407465426671,3.604869491730007e-07,4.686330339249009e-05,0.16529328089607123,0.2787763214683321,1.0,0.056285639525639516,6.356011702128781e-08,5.720410531915903e-07,0.04185757757757758,3.069488746833424e-08,2.7625398721500816e-07,0.0572869203935281,3.9965354711058935e-08,3.596881923995304e-07,0.028558315102849827,0.052475138087962746,0.31485082852777646,0.047073999400549245,0.00013346309008559364,0.0008007785405135619,0.06250476240605055,1.4355718709886548e-07,1.2920146838897894e-06,0.29604901430165553,0.07434398189444387,0.4608878454334665,0.3616880445718012,0.00030188229444763794,0.0012690843741817361,-0.3804382019459873,2.766870616083989e-09,1.6601223696503935e-07,0.01858631499805862,0.8635033772834252,1.0,0.020075832515652453,0.012073897894067653,0.09472636490095818,-0.41396910764593137,3.2743335064694673e-05,0.00252123679998149,-0.29929481557971754,0.04961324326130095,1.0,0.3040443594360369,8.150968582112724e-13,8.150968582112724e-12,-0.3040443594360369,8.150968582112724e-13,8.150968582112724e-12,0.07233760891436024,0.00030188229444763794,0.0012690843741817361,-0.07233760891436025,0.00030188229444763794,0.0012690843741817361,0.007284521306929912,3.896559845095909e-18,1.7534519302931591e-16,19.9,3.1454312777669914e-18,4.5255026333886757e-17,3.1469628477096556,4.0161556854627e-18,8.767259651465796e-16
gold_fair_sources_sweep,1b9160e9b053,AnchorPlugin,FeasibleRestricted,100,50,2000,2,50,0.1,4.449073178994011,1.2128591410848657,4.2367565006345345,100,0.0630003185002407,1.1402198305370572,0.14871767485880788,100,1.0169712058823652,0.846807338791396,0.8184513803251379,100,-0.16477017462111557,1.3169420753350136,-0.23712855664511912,100,0.6743230562830562,0.11435484193353057,0.6792382332382333,100,0.49222638638638644,0.09721076337818624,0.49240840840840844,100,0.6907347588293838,0.11276849926985566,0.703874924138171,100,0.6952872853929459,0.12190782153532309,0.7119112347681,100,0.6969665318107577,0.12056023310723382,0.7055882567387212,100,0.6916179537597078,0.12196619553320141,0.7031855052275451,100,7.332079870691103,2.0119500775242414,7.170991753468507,100,5.906595495062406,1.779673006437846,5.712416190287333,100,1.0089100643295328,0.1796740873205148,1.0150518227367133,100,0.1902940393901435,1.2740674235915759,0.21999681718032899,100,0.4890153461464447,0.14467152675896827,0.49386481903341667,100,1.180454649281952,0.7602492964446788,1.0236712265688275,100,2.2860363382062974,1.2438634689081542,2.066799820902933,100,1.612580951554927,0.8932845793781007,1.679164777983733,100,0.7898058075037856,0.4124066964961106,0.6990191274485289,100,1.0501313440642195,0.8000515044981105,1.0404548990829134,100,0.5158829981819859,0.2617997241027863,0.450809100174432,100,0.02015871213697124,0.01162685451034315,0.017606750829300997,100,47.04,2.514282434734841,47.5,100,3.572686610221863,1.1542627464292174,3.326854109764099,100,-1.1688936370614107,4.670683307897806e-18,7.987947682446614e-16,-0.09307838540481814,0.09956676117970463,1.0,-0.1399713136162344,0.014499318987456775,0.9279564151972336,-0.09307838540481814,0.09956676117970463,1.0,0.2665968775968776,4.531861061109546e-18,7.987947682446614e-16,0.21210538538538543,4.531861061109546e-18,7.987497077178259e-16,0.26689002147911056,4.531861061109546e-18,7.987947682446614e-16,0.26840867075198305,4.670683307897806e-18,7.987947682446614e-16,0.269052754106264,9.893009181510365e-18,7.987947682446614e-16,0.27140274596070607,7.78699366986276e-18,7.987947682446614e-16,2.7501753437608096,4.531861061109546e-18,7.987947682446614e-16,2.1550758458709414,1.1147719595548441e-17,7.987947682446614e-16,-0.45257773490616915,1.043664781540866e-15,1.2315244422182218e-13,0.26183190003955525,0.10461306570522193,1.0,0.3043073507897951,4.531861061109546e-18,7.987947682446614e-16,-0.3305817936796094,2.3982552911437016e-10,3.189679537221123e-08,-0.7917519406740139,1.1101394142242552e-09,1.0324296552285573e-07,0.7102453527628033,5.112831740936498e-18,7.987947682446614e-16,-0.7102453527628033,5.112831740936498e-18,7.987947682446614e-16,0.43101516917418814,1.1147719595548441e-17,7.987947682446614e-16,-0.43101516917418814,1.1147719595548441e-17,7.987947682446614e-16,0.02015871213697124,3.896559845095909e-18,1.7534519302931591e-16,47.04,3.218716238410593e-18,4.5255026333886757e-17,0.43033536672592165,3.6366664685075e-05,0.0006182332996462751
gold_fair_sources_sweep,1b9160e9b053,EntropyBalancing,FeasibleRestricted,100,50,2000,2,50,0.1,4.225228508616581,1.8676284568346393,4.0078984178487005,100,-0.12447819686302923,1.4838443963132337,0.025253099308300157,100,1.1377667898187722,0.9582276333656259,1.0012344928549202,100,-0.3522486899843856,1.4492953090098692,-0.2753124427981889,100,0.7316624907824908,0.1858481203043117,0.7432136692136693,100,0.5625049449449449,0.1764079003784738,0.5468628628628629,100,0.7455512031032454,0.18178240437780616,0.7577581024502492,100,0.7510263180889427,0.18624642343416958,0.7807476970999687,100,0.749246872700229,0.18590024390904974,0.7834948205512721,100,0.7470435419533153,0.19039777354838258,0.7815206023020174,100,7.8536050967574,2.357848625786117,7.745720418164776,100,6.303690402134403,2.0549751337148927,6.212355886862457,100,0.7844054621353981,0.2067041982951329,0.8086466899195675,100,0.3005060329838838,1.2330159295843917,0.18498384808585627,100,0.5893542490166752,0.24347856059432701,0.5706866035843869,100,1.660603895266054,1.091648218981126,1.3488527199130913,100,3.599486316262759,2.630931089151336,2.742614822499936,100,1.7267475076837138,0.9212613210896883,1.7751054321403965,100,0.6756392513749984,0.5434022108318335,0.5611433418790176,100,1.129550325478619,0.8260441146681632,1.1422697937427366,100,0.4364640167675863,0.36146292636431016,0.35796988085014425,100,,,,0,,,,0,0.6741540169715882,0.45771967863885266,0.5316596031188965,100,-1.3927383074388404,1.2156669300063897e-12,1.5803670090083066e-11,-0.28055690076808804,0.04284956892471004,1.0,-0.019175729679827086,0.7206533187202941,1.0,-0.28055690076808804,0.04284956892471004,1.0,0.3239363120963121,9.893009181510365e-18,7.987947682446614e-16,0.28238394394394395,9.601770743442903e-18,7.987497077178259e-16,0.3217064657529724,9.601770743442903e-18,7.987947682446614e-16,0.32414770344798005,1.219062650217942e-17,7.987947682446614e-16,0.32133309499573476,2.0195637546078604e-17,9.088036895735373e-16,0.3268283341543136,2.6346826245998054e-17,9.484857448559299e-16,3.2717005698271073,1.0501887534614503e-17,7.987947682446614e-16,2.5521707529429385,1.5932071996658114e-17,7.987947682446614e-16,-0.677082337100304,7.55704804907942e-18,1.5416378020122019e-15,0.3720438936332956,0.05205803368568372,1.0,0.4046462536600255,9.044445868078014e-18,7.987947682446614e-16,0.14956745230449336,0.32205802039588505,1.0,0.5216980373824471,0.3322421202721664,1.0,0.8244119088915904,6.311606041551026e-18,7.987947682446614e-16,-0.8244119088915904,6.311606041551026e-18,7.987947682446614e-16,0.5104341505885878,1.5932071996658114e-17,7.987947682446614e-16,-0.5104341505885878,1.5932071996658114e-17,7.987947682446614e-16,,,,,,,-2.468197226524353,3.896559845095909e-18,8.767259651465796e-16
gold_fair_sources_sweep,1b9160e9b053,Glmtrans_Auto,OracleTargetTreated,100,50,2000,2,50,0.1,1.7607023122410141,0.721400342242815,1.6710604518979753,100,0.24414570812561273,1.4736092394098674,0.24050248039912797,100,0.208408618590654,0.17269394927761203,0.17684045489965672,100,0.016375215004256406,0.2709708932752378,0.017422429393406547,100,0.9435574455574455,0.04596937654192417,0.956068448068448,100,0.8092815615615615,0.07682749485589747,0.8210930930930932,100,0.9487113314815145,0.04199027302910892,0.9607669249766777,100,0.950561744898831,0.039403336665615976,0.9626406909952225,100,0.9491661489087592,0.041803744147434395,0.9609295500892376,100,0.9499425051447323,0.041256975255161914,0.9632925058741778,100,10.070014328866321,2.2986371992619707,9.667954763805671,100,8.063973616453477,2.040103150005024,7.862231782473355,100,1.0018143879584767,0.05560255454883462,1.0142164616299927,100,-0.006957623941216249,0.26621249963649746,0.0004714420850283595,100,0.9021273542327597,0.0759985334421513,0.9232256934814066,100,0.3221514502454099,0.18456232973716577,0.27927854725244267,100,0.7226761392218706,0.40728292862604887,0.6087359226599436,100,2.283844557179757,0.949746916100151,2.362842625598228,100,0.11854220187895476,0.099596425334949,0.08982921798730725,100,1.4816069683424338,0.8336445732264529,1.453783234411258,100,0.08440737390377169,0.0709636731130386,0.06659809113835358,100,,,,0,,,,0,9.188181231021881,0.6953037022971937,9.217716455459595,100,-3.8572645038144073,3.896559845095909e-18,7.987947682446614e-16,0.08806700422055384,0.44119029984120706,1.0,-0.9485339009079454,7.199382493919608e-15,1.1447018165332176e-12,0.08806700422055387,0.44119029984120706,1.0,0.5358312668712669,3.896559845095909e-18,7.987947682446614e-16,0.5291605605605606,3.896559845095909e-18,7.987497077178259e-16,0.5248665941312411,3.896559845095909e-18,7.987947682446614e-16,0.5236831302578682,3.896559845095909e-18,7.987947682446614e-16,0.5212523712042652,3.896559845095909e-18,7.987947682446614e-16,0.5297272973457307,3.896559845095909e-18,7.987947682446614e-16,5.488109801936028,3.896559845095909e-18,7.987947682446614e-16,4.312453967262012,3.896559845095909e-18,7.987947682446614e-16,-0.4596734112772252,3.6981696794020436e-14,2.958535743521635e-12,0.0645802367081955,0.8554012757415651,1.0,0.7174193588761103,3.896559845095909e-18,7.987947682446614e-16,-1.1888849927161511,4.531861061109546e-18,7.987947682446614e-16,-2.3551121396584405,4.3971135541818935e-18,7.987947682446614e-16,1.3815089583876343,3.896559845095909e-18,7.987947682446614e-16,-1.3815089583876343,3.896559845095909e-18,7.987947682446614e-16,0.8624907934524026,3.896559845095909e-18,7.987947682446614e-16,-0.8624907934524026,3.896559845095909e-18,7.987947682446614e-16,,,,,,,6.04582998752594,3.896559845095909e-18,8.767259651465796e-16
gold_fair_sources_sweep,1b9160e9b053,Glmtrans_DR_CrossFit,OracleTargetTreated,100,50,2000,2,50,0.1,3.1675112994923733,1.2504070839863632,3.0927390638404892,100,0.21528761611688538,1.4481639772076826,0.26007719908797977,100,0.40019849146256736,0.43861195197451147,0.24224416454621323,100,-0.012482877004470937,0.5949786943994217,-0.01830421588247924,100,0.8211029716229717,0.1429469297542544,0.8532068172068172,100,0.648532052052052,0.14226110989061067,0.6646226226226226,100,0.8322740004412548,0.1395186339868713,0.8648344626041489,100,0.8341861050800213,0.13875157661400722,0.8716050745735417,100,0.8338888039096498,0.13783621278250371,0.8563487486757064,100,0.8314746712943137,0.14101315885009957,0.8657427415982639,100,8.841463392016253,2.486918811652545,8.823496027140674,100,7.095934799180501,2.176591644105311,6.8027346282708585,100,0.9593592411674287,0.20037577515949076,0.9499761384586245,100,0.04679888530385475,0.6264353848661202,0.0396827175198943,100,0.7119499963867919,0.19045958753257952,0.7469530272644882,100,0.7370123243978313,0.554653587992246,0.5748681125478948,100,1.6287031558415768,1.1711470925306067,1.3085765293983718,100,1.999521444956464,0.9755300241451899,2.1108985016639927,100,0.4028653141022485,0.3849243889605796,0.31107237882469274,100,1.2879992048878386,0.8431863428434455,1.2862679371433834,100,0.2780151373583669,0.24048510514237528,0.2256340735652026,100,,,,0,,,,0,10.286539130210876,0.5814116426755299,10.260331630706787,100,-2.450455516563048,4.531861061109546e-18,7.987947682446614e-16,0.05920891221182653,0.579872956766072,1.0,-0.756744028036032,3.974582501006171e-11,5.683652976438824e-09,0.059208912211826545,0.579872956766072,1.0,0.4133767929367929,5.269204481546392e-18,7.987947682446614e-16,0.3684110510510511,5.112831740936498e-18,7.987497077178259e-16,0.4084292630909813,5.269204481546392e-18,7.987947682446614e-16,0.4073074904390587,4.3971135541818935e-18,7.987947682446614e-16,0.4059750262051558,4.3971135541818935e-18,7.987947682446614e-16,0.4112594634953119,4.531861061109546e-18,7.987947682446614e-16,4.259558865085961,4.531861061109546e-18,7.987947682446614e-16,3.344415149989036,4.531861061109546e-18,7.987947682446614e-16,-0.5021285580682732,4.220912101095269e-14,3.3345205598652623e-12,0.1183367459532665,0.6698511676891292,1.0,0.5272420010301423,4.670683307897806e-18,7.987947682446614e-16,-0.7740241185637299,9.218942242931724e-12,1.4197171054114855e-09,-1.4490851230387343,3.2597229137929655e-12,3.4553062886205436e-10,1.0971858461643402,5.112831740936498e-18,7.987947682446614e-16,-1.0971858461643402,5.112831740936498e-18,7.987947682446614e-16,0.668883029997807,4.531861061109546e-18,7.987947682446614e-16,-0.668883029997807,4.531861061109546e-18,7.987947682446614e-16,,,,,,,7.144187886714935,3.896559845095909e-18,8.767259651465796e-16
gold_fair_sources_sweep,1b9160e9b053,Glmtrans_OptionB,FeasibleRestricted,100,50,2000,2,50,0.1,3.8896357760484417,1.9456726418397143,3.623645179932671,100,-0.09837888366982873,1.3892540115407728,0.06652670171419968,100,1.0860849829780224,0.91548514312843,0.8716181598588901,100,-0.32614937679118505,1.3864201015802329,-0.24881861578471826,100,0.7614919030519032,0.19350585195443573,0.8142878082878084,100,0.598553993993994,0.19139658581341262,0.6208188188188188,100,0.7739014699796009,0.18881807981031917,0.8289205141049694,100,0.7793206631840853,0.18984741242772982,0.8243648802830372,100,0.7763897170083,0.19374150589611264,0.8342448771052209,100,0.7738225997654413,0.1979212134641858,0.8323806902889846,100,8.165268211595778,2.4982950989429993,8.016097666976169,100,6.541150846958862,2.1805026693668403,6.329976302680791,100,0.8298289431027466,0.22159035370378985,0.8556338629600263,100,0.25835832511554,1.2149283186677167,0.14614181500309542,100,0.6347545305023135,0.25719535190594234,0.6895932723506503,100,1.5215390216229798,1.0744347336947835,1.2398329492722846,100,3.2952613850661665,2.548732021482497,2.420057399900789,100,1.7972140427647927,0.9234095083187164,1.8286040025693102,100,0.6051727162939201,0.5578083993927202,0.448516409022812,100,1.177042414443511,0.8272677339695554,1.1477288528495377,100,0.3889719278026945,0.36810671447447135,0.28975394525080644,100,,,,0,,,,0,8.88597368478775,0.564319969334417,8.919650077819824,100,-1.7283310400069793,5.076698437799151e-14,9.645727031818386e-13,-0.25445758757488757,0.041457350458652086,1.0,-0.07085753652057691,0.7206533187202941,1.0,-0.25445758757488757,0.041457350458652086,1.0,0.35376572436572445,7.55704804907942e-18,7.987947682446614e-16,0.318432992992993,7.117077537219983e-18,7.987497077178259e-16,0.35005673262932774,6.504110965076778e-18,7.987947682446614e-16,0.3524420485431225,7.117077537219983e-18,7.987947682446614e-16,0.34847593930380605,1.219062650217942e-17,7.987947682446614e-16,0.3536073919664397,1.4573676877736123e-17,7.987947682446614e-16,3.583363684665484,6.12472726248735e-18,7.987947682446614e-16,2.7896311977673975,9.893009181510365e-18,7.987947682446614e-16,-0.6316588561329555,7.78699366986276e-18,1.5807597149821403e-15,0.3298961857649518,0.08372368855732577,1.0,0.4500465351456638,7.55704804907942e-18,7.987947682446614e-16,0.010502578661418727,0.7387436743898753,1.0,0.21747310618585497,0.7491470801654898,1.0,0.8948784439726688,6.12472726248735e-18,7.987947682446614e-16,-0.8948784439726688,6.12472726248735e-18,7.987947682446614e-16,0.5579262395534796,9.893009181510365e-18,7.987947682446614e-16,-0.5579262395534795,9.893009181510365e-18,7.987947682446614e-16,,,,,,,5.743622441291809,3.896559845095909e-18,8.767259651465796e-16
gold_fair_sources_sweep,1b9160e9b053,IPWTransport,FeasibleRestricted,100,50,2000,2,50,0.1,4.1695848495823284,1.8750277315271118,4.003196676560528,100,-0.11887363499655666,1.4719848180049402,0.033430969712015784,100,1.1337087814449105,0.9502765352304356,0.9989696498917249,100,-0.34664412811791295,1.442195537269248,-0.301281164727055,100,0.7367273026073026,0.18628681380469903,0.7466861366861368,100,0.5682631831831833,0.17815700682357719,0.5518318318318318,100,0.750424355510545,0.18210890385122985,0.7638046806057863,100,0.7550347575387757,0.18680843185233256,0.7890913354662186,100,0.7538143233414547,0.18727141099342307,0.8023348081011679,100,0.7511305161002123,0.19016600002485223,0.7905546428785994,100,7.890988259937782,2.354647918277903,7.739978044608911,100,6.334423370644247,2.053329527952412,6.216097517563053,100,0.793701154774034,0.2081643477971964,0.8141137644525651,100,0.29649378772597684,1.2345941385933172,0.21766445263857376,100,0.5967064725460424,0.2448470532445815,0.5831502689713539,100,1.6341529193366058,1.0787650159352145,1.3674629990938594,100,3.525767486274461,2.591977585184886,2.6985743614458366,100,1.7353666006027177,0.9171497936870767,1.7597618360123053,100,0.6670201584559942,0.5478743990859208,0.5485451788168336,100,1.1356969191805881,0.8243868677505183,1.1152362744259048,100,0.43031742306561754,0.36757557579946426,0.33731414024798945,100,,,,0,,,,0,0.29249579429626466,0.19461403611494055,0.2310091257095337,100,-1.4483819664730933,4.564456497586088e-13,6.390239096620524e-12,-0.2749523389016155,0.045752803008419725,1.0,-0.02323373805368883,0.6849466319950608,1.0,-0.2749523389016155,0.045752803008419725,1.0,0.3290011239211239,1.0192962404545369e-17,7.987947682446614e-16,0.2881421821821822,1.0192962404545369e-17,7.987497077178259e-16,0.32657961816027176,8.519072542858556e-18,7.987947682446614e-16,0.32815614289781303,1.219062650217942e-17,7.987947682446614e-16,0.3259005456369604,2.1426597410614454e-17,9.213436886564216e-16,0.33091530830121074,2.483725635893387e-17,9.189784852805533e-16,3.3090837330074887,9.893009181510365e-18,7.987947682446614e-16,2.5829037214527824,1.7939298766693858e-17,8.252077432679174e-16,-0.6677866444616681,9.601770743442903e-18,1.9107523779451377e-15,0.3680316483753887,0.05205803368568372,1.0,0.41199847718939275,8.267798584515514e-18,7.987947682446614e-16,0.12311647637504468,0.45976137200079736,1.0,0.44797920739415015,0.44119029984120706,1.0,0.8330310018105945,5.430296382634715e-18,7.987947682446614e-16,-0.8330310018105945,5.430296382634715e-18,7.987947682446614e-16,0.5165807442905566,1.7939298766693858e-17,8.252077432679174e-16,-0.5165807442905566,1.7939298766693858e-17,8.252077432679174e-16,,,,,,,-2.8498554491996764,3.896559845095909e-18,8.767259651465796e-16
gold_fair_sources_sweep,1b9160e9b053,OutcomeModelTransport,FeasibleRestricted,100,50,2000,2,50,0.1,4.011682017136136,1.9322259585829038,3.7763447751909953,100,-0.10136415460811542,1.422928726875788,0.11532720764501841,100,1.1148494965264373,0.933281374428035,0.8960915628248494,100,-0.32913464772947165,1.4202232596523559,-0.27873622435591294,100,0.7508977202977204,0.19024969317388976,0.7581717861717863,100,0.5858454854854854,0.18687744832996694,0.5645705705705706,100,0.7638422765744451,0.18568282509904377,0.7752466381362787,100,0.7708156025431478,0.1854200337673604,0.7880256973104909,100,0.7672883274400216,0.18837290236889126,0.8061352083791608,100,0.7648746805137663,0.19123788295759547,0.8148324230097517,100,8.04923474174417,2.3419830679006104,8.009830781684117,100,6.443104233516928,2.0640708233040606,6.242886926712448,100,0.8196470191937546,0.21673286784161958,0.8444161028421677,100,0.27660547790871504,1.2292808687016301,0.23251467289269542,100,0.6181309506330529,0.2522409749052767,0.6052282684681556,100,1.5577699899306594,1.079052884710928,1.305744748182876,100,3.3636728188624754,2.582956076680437,2.4248682188732142,100,1.7709817410074684,0.9157100381857507,1.8303442328826462,100,0.6314050180512439,0.5535267584369333,0.47857666772111584,100,1.157433091755124,0.8270412602033425,1.1212962382089215,100,0.4085812504910814,0.3690344353986785,0.3232506943964169,100,,,,0,,,,0,0.04786771535873413,0.033437130134829705,0.037886857986450195,100,-1.6062847989192865,1.0292226093423223e-13,1.8526006968161802e-12,-0.2574428585131743,0.04882002072628644,1.0,-0.042093022972161956,0.7779874954111793,1.0,-0.2574428585131743,0.04882002072628644,1.0,0.3431715416115415,7.78699366986276e-18,7.987947682446614e-16,0.3057244844844845,7.78699366986276e-18,7.987497077178259e-16,0.339997539224172,6.702409068617996e-18,7.987947682446614e-16,0.343936987902185,7.117077537219983e-18,7.987947682446614e-16,0.33937454973552783,1.2938800168252932e-17,7.987947682446614e-16,0.34465947271476444,1.5932071996658114e-17,7.987947682446614e-16,3.4673302148138787,6.311606041551026e-18,7.987947682446614e-16,2.6915845843254633,9.601770743442903e-18,7.987947682446614e-16,-0.6418407800419473,1.082004916926409e-17,2.1099095880064973e-15,0.3481433385581267,0.06000407156781899,1.0,0.4334229552764033,7.78699366986276e-18,7.987947682446614e-16,0.04673354696909822,0.9506505527719576,1.0,0.28588453998216534,0.9533889759974613,1.0,0.8686461422153446,5.767203615817138e-18,7.987947682446614e-16,-0.8686461422153446,5.767203615817138e-18,7.987947682446614e-16,0.5383169168650926,9.601770743442903e-18,7.987947682446614e-16,-0.5383169168650926,9.601770743442903e-18,7.987947682446614e-16,,,,,,,-3.094483528137207,3.896559845095909e-18,8.767259651465796e-16
gold_fair_sources_sweep,1b9160e9b053,ProxyOnly,FeasibleRestricted,100,50,2000,2,50,0.1,5.617966816055421,1.0564690148515217,5.514969558215714,100,0.15607870390505882,1.5598795575770847,0.2415556100098457,100,1.1569425194985996,0.9712981313325867,0.7982328984198366,100,-0.07169178921629749,1.51336208092893,-0.3018821379027178,100,0.4077261786861787,0.09978077273826277,0.4163420423420424,100,0.28012100100100107,0.07143627408758697,0.2854134134134134,100,0.4238447373502733,0.10002908202499558,0.4361272246889537,100,0.42687861464096266,0.12674703990668734,0.4320992805730275,100,0.42791377770449407,0.1356526572890769,0.42453298105912685,100,0.42021520779900173,0.15343475427050365,0.43401876923804017,100,4.581904526930293,1.89117398073739,4.2575125385842885,100,3.7515196491914655,1.7442948211523248,3.4146135605601557,100,1.461487799235702,0.4464370500112572,1.4422733008991515,100,-0.07153786064941176,2.0826669630837267,0.026230136872958325,100,0.18470799535664967,0.080258774325396,0.1904187076401334,100,1.5110364429615608,0.7931806238766707,1.247102738702251,100,3.0777882788803113,1.217322109536637,2.938449759758832,100,0.9023355987921233,0.9299684196360848,0.972820655530861,100,1.5000511602665887,0.4546098737723839,1.421331794551317,100,0.6191161748900312,0.7815825756426602,0.6298311797638269,100,0.9468981673561742,0.25068005729407816,0.9128372453236586,100,0.0,0.0,0.0,100,0.0,0.0,0.0,100,3.1423512434959413,0.57619979068899,3.1808247566223145,100,,,,,,,,,,,,,,,,,,,,,,,,,,,,,,,,,,,,,,,,,,,,,,,,,,,,,,,,,,,,,,,,,,,,,,,,
gold_fair_sources_sweep,1b9160e9b053,TargetOnlyDR,OracleTargetTreated,100,50,2000,2,50,0.1,5.333159846436388,0.9191224688412448,5.209191037279134,100,0.3325961336239937,1.5545926108210082,0.3194394794550177,100,0.49244610067156636,0.4085917838679054,0.36080707869389106,100,0.10482564050263737,0.6330880869229761,0.05478185514566289,100,0.47176160452160454,0.07839718602296626,0.47899414699414705,100,0.32736108108108114,0.05769994528741843,0.332004004004004,100,0.4885137028567906,0.08040557397370011,0.49641953164989194,100,0.4678581463588426,0.11476574239235673,0.46502908713102,100,0.4874146614442745,0.11478300056840533,0.4859362905963959,100,0.4941279297848638,0.12535220580830247,0.49877007543797985,100,5.0604102234307975,1.9888614315851452,4.78900566069786,100,4.25906028689243,1.756353446853093,4.000517592870771,100,1.0718593592992802,0.3557616423911647,1.0562975164330464,100,-0.06889559679587019,0.8276706576093371,-0.09588861071392965,100,0.21748401006480692,0.08560491692675674,0.22293732630201035,100,1.0129982608547223,0.3719032080778719,0.9815338407596412,100,2.563153430839119,1.4008648824288543,2.1975520656041176,100,1.225155181565231,0.9202331883356187,1.1413406245159334,100,1.177231577493481,0.2420013889474682,1.1579283835291192,100,0.7206243024302239,0.8234521798424733,0.7417774777678336,100,0.8453900398159816,0.19355507955126683,0.8271287828959311,100,0.0,0.0,0.0,100,0.0,0.0,0.0,100,5.977711255550385,1.1448603768167624,6.27723753452301,100,-0.28480696961903296,1.056669149321793e-08,9.510022343896136e-08,0.17651742971893486,0.23417989735759404,1.0,-0.664496418827033,4.668420678844066e-08,6.2089995028626085e-06,0.17651742971893486,0.23417989735759404,1.0,0.06403542583542583,1.8631210320966557e-07,1.4904968256773246e-06,0.04724008008008008,1.4089667001638243e-07,9.86276690114677e-07,0.0646689655065174,1.9334598049879118e-07,1.5467678439903294e-06,0.04097953171787994,0.004319841023634615,0.043198410236346144,0.05950088373978048,1.043620810921467e-05,0.0001043620810921467,0.07391272198586202,2.2613493018572627e-08,2.2613493018572628e-07,0.4785056965005047,0.0030724215044493825,0.030724215044493824,0.5075406377009631,1.043620810921467e-05,0.0001043620810921467,-0.38962843993642193,3.9466942854531636e-09,2.3285496284173666e-07,0.002642263853541603,0.8770384213786963,1.0,0.03277601470815725,0.0020411585418374637,0.020411585418374636,-0.4980381821068388,3.5400885394897876e-07,3.469286768699992e-05,-0.5146348480411921,0.0009641238143119254,0.05881155267302745,0.32281958277310757,8.787363278671952e-13,8.150968582112724e-12,-0.3228195827731075,8.787363278671952e-13,8.150968582112724e-12,0.10150812754019262,1.043620810921467e-05,0.0001043620810921467,-0.10150812754019262,1.043620810921467e-05,0.0001043620810921467,0.0,,,0.0,,,2.8353600120544433,3.896559845095909e-18,8.767259651465796e-16
gold_fair_sources_sweep,1fada43d6e69,AnchorOnly,OracleTargetTreated,100,50,5000,5,50,0.1,5.165680400307427,1.0320075821055599,4.885417445039807,100,0.24327424365788924,1.6568381161551207,0.22697794096592622,100,0.5258931457327595,0.3603381582615822,0.4485333404650464,100,0.04360936899180858,0.6381847489711605,0.06019594268324471,100,0.4871704590904591,0.09369106965879695,0.49258677658677663,100,0.3395921921921922,0.06984558090979665,0.3412732732732733,100,0.5037314611672904,0.09456690426701285,0.5092349631412585,100,0.4648153425931964,0.1459750392348091,0.4881037851771044,100,0.4843288501712791,0.15397503900715934,0.5306629138246195,100,0.49055010736422444,0.18241351223188576,0.543856480771568,100,4.850209656915744,1.9411899675479616,4.879054736369766,100,4.099277185596165,1.6988807586249246,4.149241787911016,100,1.1386282028320023,0.4081761329713353,1.1680390750562464,100,0.009801489522451006,0.8727792835818583,0.07697856721554439,100,0.23043022633268975,0.10711318894982895,0.2322261307203587,100,1.1184398853199156,0.38784481209633576,1.04921513946169,100,2.89075529679295,1.39031397009768,2.6695763092065175,100,1.2514901871498245,0.8921760348722664,1.1939578737116974,100,1.1118717258316235,0.33603649480883363,1.0554316249159523,100,0.7224483071514866,0.814501718218097,0.7249762623627544,100,0.8229532098024319,0.2620932375024342,0.787577930129408,100,0.006608305070338384,0.0047221432066844125,0.005644226198641241,100,20.09,2.5587836441117364,21.0,100,8.590781354904175,1.4586867412400424,8.135931015014648,100,-0.18021475903393014,4.810833685355619e-07,1.4432501056066858e-06,0.23107641959253664,0.15460097100352582,1.0,-0.4725416196645322,6.11649580871073e-08,8.012609509411057e-06,0.23107641959253664,0.15460097100352582,1.0,0.05491268779268779,1.8518258457591688e-06,1.1110955074555013e-05,0.041369329329329345,8.796831074091287e-07,5.278098644454772e-06,0.05573718362199039,1.4566472957384038e-06,8.739883774430424e-06,0.022075449274433973,0.17882391733984515,0.7152956693593806,0.04580416998297487,0.0005779359977929994,0.0017338079933789982,0.06136547579823655,3.45489866160799e-06,1.381959464643196e-05,0.16740785836780192,0.28183975315858,0.5918065640018292,0.3159889914471734,0.0012440340007009926,0.0033075324748750657,-0.3910374397593321,1.2126284110596416e-07,6.305667737510136e-06,-0.17779962852092873,0.36950402743405597,1.0,0.021651813886621074,0.0338842516508269,0.13763359743747905,-0.2877542752418274,3.2320821098517744e-06,0.00028442322566695616,-0.06871811619136618,0.2727176260813148,1.0,0.23468352583797764,1.7532632363263363e-10,7.013052945305345e-10,-0.23468352583797764,1.7532632363263363e-10,7.013052945305345e-10,0.0631977982894347,0.0012440340007009926,0.0033075324748750657,-0.0631977982894347,0.0012440340007009926,0.0033075324748750657,0.006608305070338384,3.896559845095909e-18,1.7534519302931591e-16,20.09,3.116669373617922e-18,4.5255026333886757e-17,4.383530893325806,3.896559845095909e-18,8.767259651465796e-16
gold_fair_sources_sweep,1fada43d6e69,AnchorPlugin,FeasibleRestricted,100,50,5000,5,50,0.1,3.965964908828579,1.0404969159117181,3.5804340720742323,100,0.04301802649416351,1.0437736113293148,0.12010448829354323,100,0.8662129776822556,0.6983028627543457,0.6864256328972034,100,-0.15664684817191715,1.1048731847850872,-0.14066287518053872,100,0.7261908826308828,0.10781016249933442,0.7458033798033799,100,0.5395983183183184,0.09662623809986712,0.5498238238238238,100,0.7409663517689816,0.1063576169845068,0.7617772779067076,100,0.7324790894907737,0.12602838920225296,0.7528072418156523,100,0.7327788156882765,0.12624977903227022,0.7700739785803055,100,0.7333990394197173,0.1327761969802098,0.7691760499602953,100,7.550716641032417,2.1558675127941274,7.336839018072888,100,6.081022604079469,1.9438192302115176,5.792821458732913,100,1.0284907510841164,0.15634536037743066,1.034057955063486,100,0.15089644337963395,1.113375714439565,0.1012270649884166,100,0.5588384721819998,0.14645172868229156,0.5781817381196751,100,1.0168520870543574,0.6349508093383276,0.8729415908029212,100,1.969081313912267,1.0378890494203457,1.6595431631676845,100,1.7379163366576953,0.8401389640601982,1.7353351714517649,100,0.6254455763237526,0.32230847757003145,0.5227271382916838,100,1.1187973908481472,0.837653988069102,1.07389574436084,100,0.4266041261057713,0.21356145160444487,0.3688952104913332,100,0.018577532067676938,0.011856924470601549,0.017289864907725605,100,46.66,2.8148954445301095,47.0,100,5.161733868122101,1.684992812817436,5.075075030326843,100,-1.3799302505127795,4.2663227307182344e-18,7.987947682446614e-16,0.030820202428810894,0.8285088118253296,1.0,-0.13222178771503595,0.0394409506326527,1.0,0.030820202428810905,0.8285088118253296,1.0,0.29393311133311134,3.896559845095909e-18,7.987947682446614e-16,0.24137545545545547,3.896559845095909e-18,7.987497077178259e-16,0.2929720742236815,3.896559845095909e-18,7.987947682446614e-16,0.2897391961720114,3.896559845095909e-18,7.987947682446614e-16,0.29425413549997215,4.0161556854627e-18,7.987947682446614e-16,0.3042144078537294,3.896559845095909e-18,7.987947682446614e-16,2.8679148424844745,3.896559845095909e-18,7.987947682446614e-16,2.297734409930477,4.0161556854627e-18,7.987947682446614e-16,-0.5011748915072178,3.537195355033052e-15,3.643311215684044e-13,-0.036704674663745745,0.8365569764052994,1.0,0.3500600597359311,3.896559845095909e-18,7.987947682446614e-16,-0.38934207350738576,4.029597162274453e-09,4.351964935256409e-07,-0.9903920990720492,1.1681027180135773e-10,1.1096975821128984e-08,0.7211096753458484,3.896559845095909e-18,7.987947682446614e-16,-0.7211096753458484,3.896559845095909e-18,7.987947682446614e-16,0.45954688198609533,4.0161556854627e-18,7.987947682446614e-16,-0.45954688198609533,4.0161556854627e-18,7.987947682446614e-16,0.018577532067676938,3.896559845095909e-18,1.7534519302931591e-16,46.66,3.3041301906020062e-18,4.5255026333886757e-17,0.9544834065437316,2.6433140750645974e-06,5.8152909651421145e-05
gold_fair_sources_sweep,1fada43d6e69,EntropyBalancing,FeasibleRestricted,100,50,5000,5,50,0.1,3.3595735938280864,1.3836765403210256,3.131221379041759,100,0.07858971042868869,1.2849160291390915,0.07736201517454515,100,0.9012563771199972,0.7269954554486382,0.6933944821900204,100,-0.121075164237392,1.1550683351269848,0.11940298515011061,100,0.8151204833604834,0.12871490645131514,0.8374109434109435,100,0.6400859259259257,0.13404353537347202,0.6486106106106106,100,0.8267154076086028,0.12516157240923118,0.851541601274239,100,0.8266960139619018,0.13061582437559374,0.8641126904729165,100,0.8241321107311187,0.1332497572863927,0.8584456567000736,100,0.8248459440757487,0.1318843984798949,0.863192128118417,100,8.451688138776797,2.1300944427741952,8.372415446043128,100,6.761795537648738,1.9073514683797685,6.7409577553232864,100,0.8782251182395376,0.1404155947977844,0.8935297372284268,100,0.13000023769170013,1.103598515516343,-0.07629383610589034,100,0.6985018757187962,0.18628764945786605,0.7258995939008291,100,1.1350081640471479,0.7319515195465032,0.9796477669354229,100,2.258817411522296,1.5714310108058613,1.885583968162916,100,1.9184697723240873,0.8676177455410784,1.9053305443399677,100,0.44489214065736044,0.3691186148174789,0.3371449068458975,100,1.2549519775620015,0.8467848323555923,1.2868520230567935,100,0.29044953939191714,0.2385662374790086,0.20459836871404546,100,,,,0,,,,0,1.2391648292541504,0.7914528419488032,1.0318129062652588,100,-1.9863215655132718,1.4573676877736123e-17,7.987947682446614e-16,0.06639188636333605,0.6084337865773708,1.0,-0.09717838827729436,0.16480744054104957,1.0,0.06639188636333605,0.6084337865773708,1.0,0.38286271206271216,3.896559845095909e-18,7.987947682446614e-16,0.34186306306306313,3.896559845095909e-18,7.987497077178259e-16,0.37872113006330294,3.896559845095909e-18,7.987947682446614e-16,0.3839561206431394,3.896559845095909e-18,7.987947682446614e-16,0.3856074305428144,4.3971135541818935e-18,7.987947682446614e-16,0.3956613125097608,3.896559845095909e-18,7.987947682446614e-16,3.768886340228856,3.896559845095909e-18,7.987947682446614e-16,2.978507343499748,4.2663227307182344e-18,7.987947682446614e-16,-0.6514405243517966,2.2731525308328643e-17,3.978016928957513e-15,-0.05760088035167959,0.6132542176643868,1.0,0.4897234632727275,3.896559845095909e-18,7.987947682446614e-16,-0.27118599651459496,0.00029790182071668823,0.019363618346584736,-0.7006560014620205,4.4128114120751404e-05,0.003265480444935604,0.9016631110122407,4.139373908714419e-18,7.987947682446614e-16,-0.9016631110122407,4.139373908714419e-18,7.987947682446614e-16,0.5957014686999496,4.2663227307182344e-18,7.987947682446614e-16,-0.5957014686999496,4.2663227307182344e-18,7.987947682446614e-16,,,,,,,-2.9680856323242186,4.139373908714419e-18,8.767259651465796e-16
gold_fair_sources_sweep,1fada43d6e69,Glmtrans_Auto,OracleTargetTreated,100,50,5000,5,50,0.1,1.5244268895760433,0.697976327131599,1.3123871141307972,100,0.2135872408187246,1.5240670825633986,0.38106247666170906,100,0.17798676041342557,0.14930627301192728,0.1452741143395867,100,0.013922366152643872,0.23258515141528624,-0.016209845188089544,100,0.9562378373578375,0.04128329102587174,0.9681630501630503,100,0.8335880280280281,0.07056659123139868,0.8470970970970971,100,0.9601572879655901,0.03841518349992701,0.9716306369143396,100,0.9614695521977623,0.03707113049306692,0.9723360100145453,100,0.961065126200308,0.036766303877328696,0.9712364954509203,100,0.9598573207262007,0.03709891891366042,0.9719205723970266,100,9.85591396258797,2.207515559596641,9.914088347240948,100,7.8920363943218765,1.9819092646560752,8.061624994845085,100,1.0070421961447007,0.050727636192338325,1.0107128195582036,100,-0.014880133861701778,0.22390297422580083,-0.02408606557691159,100,0.9230229507953703,0.0701985094112377,0.942889798946547,100,0.2800524919119614,0.1682283838741755,0.24177244418443777,100,0.6305064382238311,0.4134225619551408,0.5418130251986351,100,2.272669877516048,0.863440360127026,2.226173826505513,100,0.0906920354653998,0.08709378627745452,0.057335697610410685,100,1.4810001488966293,0.831898575481201,1.446034692582574,100,0.06440136805728941,0.06610481544133455,0.04315902831610896,100,,,,0,,,,0,10.994128584861755,0.9311533235371392,10.956855416297913,100,-3.8214682697653153,3.896559845095909e-18,7.987947682446614e-16,0.20138941675337194,0.15163463740335387,1.0,-0.8204480049838662,2.404661875175231e-15,3.8715056190321215e-13,0.20138941675337194,0.15163463740335387,1.0,0.5239800660600661,3.896559845095909e-18,7.987947682446614e-16,0.5353651651651652,3.896559845095909e-18,7.987497077178259e-16,0.5121630104202901,3.896559845095909e-18,7.987947682446614e-16,0.5187296588789999,3.896559845095909e-18,7.987947682446614e-16,0.5225404460120037,3.896559845095909e-18,7.987947682446614e-16,0.5306726891602128,3.896559845095909e-18,7.987947682446614e-16,5.1731121640400275,3.896559845095909e-18,7.987947682446614e-16,4.1087482001728866,3.896559845095909e-18,7.987947682446614e-16,-0.5226234464466335,5.191257998789323e-15,5.243170578777216e-13,-0.2024812519050815,0.3071679920485064,1.0,0.7142445383493013,3.896559845095909e-18,7.987947682446614e-16,-1.1261416686497816,4.670683307897806e-18,8.080282122663204e-16,-2.328966974760485,4.813701823147399e-18,8.279567135813526e-16,1.2558632162042012,3.896559845095909e-18,7.987947682446614e-16,-1.2558632162042014,3.896559845095909e-18,7.987947682446614e-16,0.8217496400345773,3.896559845095909e-18,7.987947682446614e-16,-0.8217496400345773,3.896559845095909e-18,7.987947682446614e-16,,,,,,,6.786878123283386,3.896559845095909e-18,8.767259651465796e-16
gold_fair_sources_sweep,1fada43d6e69,Glmtrans_DR_CrossFit,OracleTargetTreated,100,50,5000,5,50,0.1,2.755816144973324,1.113492931491001,2.569290414947619,100,0.3372972587638077,1.5913193608722085,0.43320460888781265,100,0.36810143527022243,0.36447564440062524,0.25932088355111865,100,0.1376323840977271,0.5005754909346407,0.060636922881000144,100,0.8620256195456197,0.09395757674939133,0.8896117336117337,100,0.6913929929929928,0.11014752870915394,0.7102902902902903,100,0.8719638986172328,0.08987560947912802,0.8977297886312541,100,0.8735149596135462,0.09114389883987303,0.9002377075490147,100,0.8738447683302265,0.08820066670055603,0.8996433405079286,100,0.871862644693919,0.09008268370045838,0.9064000565250447,100,8.942588540897736,2.1142866991198273,9.0758835815633,100,7.176185864167394,1.914843888255754,7.306575166772508,100,0.9480098831740831,0.11708703563863247,0.9577641821111562,100,-0.1149346345170137,0.45096922663750244,-0.08903438497704089,100,0.768397621602913,0.14702967240112105,0.8064238794073668,100,0.5772660418494222,0.4340964869524467,0.4554926012160667,100,1.2419416051835537,1.017571990850731,1.0116013856920278,100,2.0641504399314594,0.8788877967954742,2.0382963711487436,100,0.2992114730499883,0.23453210519893494,0.22737254607779678,100,1.3378300428657328,0.8459677157452861,1.3578929322601645,100,0.20757147408818574,0.16022823005432663,0.1604537179522746,100,,,,0,,,,0,12.52782058238983,0.7372109022026753,12.61400854587555,100,-2.590079014368035,4.2663227307182344e-18,7.987947682446614e-16,0.3250994346984551,0.02977871411538426,1.0,-0.6303333301270693,4.783742429152475e-11,6.792914249396515e-09,0.3250994346984551,0.02977871411538426,1.0,0.4297678482478482,3.896559845095909e-18,7.987947682446614e-16,0.39317013013013,3.896559845095909e-18,7.987497077178259e-16,0.4239696210719326,3.896559845095909e-18,7.987947682446614e-16,0.4307750662947839,3.896559845095909e-18,7.987947682446614e-16,0.43532008814192225,3.896559845095909e-18,7.987947682446614e-16,0.4426780131279311,3.896559845095909e-18,7.987947682446614e-16,4.259786742349792,3.896559845095909e-18,7.987947682446614e-16,3.392897670018404,3.896559845095909e-18,7.987947682446614e-16,-0.5816557594172512,2.9988154022389913e-15,3.148756172350941e-13,-0.3025357525603935,0.1083403464685038,1.0,0.5596192091568442,3.896559845095909e-18,7.987947682446614e-16,-0.8289281187123209,1.3421069512895994e-15,2.268160747679423e-13,-1.717531807800762,2.8379592703006497e-15,4.45559605437202e-13,1.0473437786196127,3.896559845095909e-18,7.987947682446614e-16,-1.0473437786196127,3.896559845095909e-18,7.987947682446614e-16,0.6785795340036808,3.896559845095909e-18,7.987947682446614e-16,-0.6785795340036808,3.896559845095909e-18,7.987947682446614e-16,,,,,,,8.320570120811462,3.896559845095909e-18,8.767259651465796e-16
gold_fair_sources_sweep,1fada43d6e69,Glmtrans_OptionB,FeasibleRestricted,100,50,5000,5,50,0.1,3.0125242528621157,1.3737829685457175,2.8265506131579494,100,0.08424045131169118,1.318714138377471,0.07714877110163967,100,0.8663172119389912,0.7023714477578705,0.697664867168148,100,-0.11542442335438949,1.1126341064621894,0.08772744944311134,100,0.8485289756489758,0.12091489915410225,0.8701370701370701,100,0.6814652252252253,0.13585019699053474,0.6851931931931932,100,0.858421960697881,0.11741419431062301,0.8796569519607587,100,0.857582191771164,0.12420747502926369,0.8865056291085351,100,0.861045791266783,0.11884156312861134,0.8848451183318844,100,0.8598575148717694,0.11712275617146913,0.8881707417987137,100,8.763345462442672,2.1838744962499756,8.811282167956676,100,7.060388005067632,1.948779116828694,7.105698963176544,100,0.9352278712563502,0.14781956488205727,0.9574211811195452,100,0.10454822286444253,1.0583003735837078,-0.0450466085231116,100,0.7499621019180216,0.178747456272654,0.7790600312112874,100,1.049807346348494,0.7116152703285459,0.9021364158621752,100,2.010763884541881,1.4684901473838043,1.6369848099784716,100,1.9937340797969612,0.8909827612276396,1.9826339994739577,100,0.36962783318448694,0.3392921663651406,0.26565762729001285,100,1.31467047104578,0.8636202840107848,1.3309482125584629,100,0.23073104590813842,0.21374998828838335,0.1796158000854261,100,,,,0,,,,0,10.103055527210236,1.314726753061489,9.767548322677612,100,-2.3333709064792423,1.1485179010089616e-17,7.987947682446614e-16,0.07204262724633854,0.6205162798090659,1.0,-0.1321175534583005,0.05331773175249094,1.0,0.07204262724633853,0.6205162798090659,1.0,0.4162712043512044,4.0161556854627e-18,7.987947682446614e-16,0.38324236236236237,4.0161556854627e-18,7.987497077178259e-16,0.41042768315258116,4.0161556854627e-18,7.987947682446614e-16,0.4148422984524015,4.531861061109546e-18,7.987947682446614e-16,0.4225211110784789,4.2663227307182344e-18,7.987947682446614e-16,0.43067288330578163,4.0161556854627e-18,7.987947682446614e-16,4.080543663894731,4.531861061109546e-18,7.987947682446614e-16,3.277099810918641,4.139373908714419e-18,7.987947682446614e-16,-0.5944377713349841,3.097733124502193e-16,4.1199850555879166e-14,-0.08305289517893717,0.49166378509120057,1.0,0.5411836894719527,4.0161556854627e-18,7.987947682446614e-16,-0.35638681421324914,9.336270456051868e-06,0.0008029192592204607,-0.9487095284424352,9.487277678157031e-08,8.159058803215047e-06,0.9769274184851143,4.670683307897806e-18,7.987947682446614e-16,-0.9769274184851143,4.670683307897806e-18,7.987947682446614e-16,0.6554199621837281,4.139373908714419e-18,7.987947682446614e-16,-0.6554199621837281,4.139373908714419e-18,7.987947682446614e-16,,,,,,,5.895805065631866,3.896559845095909e-18,8.767259651465796e-16
gold_fair_sources_sweep,1fada43d6e69,IPWTransport,FeasibleRestricted,100,50,5000,5,50,0.1,3.2710680793821676,1.403114439137234,3.033008761817684,100,0.08091993504367252,1.2896930436595833,0.03864655422926085,100,0.9042123388936012,0.7354935157230168,0.7021372947761872,100,-0.11874493962240816,1.1629989089841783,0.11647433062592266,100,0.8234002593202595,0.1294045860625529,0.8489178389178389,100,0.6506924524524524,0.13710419378812033,0.6608888888888889,100,0.8344955564310037,0.12588007750030497,0.8597898055917697,100,0.832428716044239,0.13277811636022765,0.8700879431082086,100,0.8329835038887459,0.1338861670803055,0.8709743102829599,100,0.8336946695551751,0.1327626351171869,0.8688219444851959,100,8.508104859408142,2.145646085289239,8.463545764614658,100,6.834001453490817,1.9271154358919451,6.861772259733181,100,0.8944271203217317,0.14298276263411344,0.9125440718618996,100,0.1288206267609241,1.1151110243582019,-0.061935228576279366,100,0.71161647027032,0.18783519426535902,0.7413518142862757,100,1.114836574248093,0.741382393602178,0.9263928402363102,100,2.2018846888301398,1.5841917558787628,1.8166450255231208,100,1.934172975512328,0.8745480864334642,1.9186848996494281,100,0.4291889374691201,0.3642975867712481,0.33779657861702583,100,1.2693931607304174,0.8501261470042087,1.2952912271546313,100,0.2760083562235011,0.23631474937956826,0.2041710526403181,100,,,,0,,,,0,0.5315379905700683,0.3416301558084261,0.5308021306991577,100,-2.0748270799591895,1.3732250242604873e-17,7.987947682446614e-16,0.0687221109783199,0.6132542176643868,1.0,-0.09422242650369028,0.16690827813258957,1.0,0.06872211097831991,0.6132542176643868,1.0,0.391142488022488,4.0161556854627e-18,7.987947682446614e-16,0.35246958958958957,4.0161556854627e-18,7.987497077178259e-16,0.3865012788857038,4.0161556854627e-18,7.987947682446614e-16,0.3896888227254767,4.0161556854627e-18,7.987947682446614e-16,0.39445882370044166,4.2663227307182344e-18,7.987947682446614e-16,0.4045100379891872,3.896559845095909e-18,7.987947682446614e-16,3.8253030608602008,4.0161556854627e-18,7.987947682446614e-16,3.050713259341828,4.2663227307182344e-18,7.987947682446614e-16,-0.635238522269603,3.536288390303153e-17,5.764150076194139e-15,-0.05878049128245564,0.5893232417473824,1.0,0.5028380578242513,4.0161556854627e-18,7.987947682446614e-16,-0.2913575863136502,0.00011281357453431966,0.007784136642868056,-0.757588724154176,8.084056448901311e-06,0.0006224723465654009,0.9173663142004809,4.139373908714419e-18,7.987947682446614e-16,-0.9173663142004809,4.139373908714419e-18,7.987947682446614e-16,0.6101426518683656,4.2663227307182344e-18,7.987947682446614e-16,-0.6101426518683656,4.2663227307182344e-18,7.987947682446614e-16,,,,,,,-3.6757124710083007,3.896559845095909e-18,8.767259651465796e-16
gold_fair_sources_sweep,1fada43d6e69,OutcomeModelTransport,FeasibleRestricted,100,50,5000,5,50,0.1,3.116093696538103,1.4435439780941595,2.957528552107972,100,0.06148428573257263,1.2819471418925126,0.14572287333163172,100,0.8909887749154369,0.7329392159193706,0.7099513314261325,100,-0.1381805889335081,1.1488224173577544,0.0562713465058082,100,0.8366356655956656,0.13221118573766777,0.8636488016488016,100,0.6691105505505506,0.14425643743405359,0.6804024024024025,100,0.8468774823651626,0.12886961521322915,0.8765509683878892,100,0.8436868315321719,0.14110178050247138,0.8804176084370676,100,0.8465376981631952,0.13659531866155508,0.8805938479522861,100,0.8470258519927617,0.1334198000501772,0.8751516536544607,100,8.62025173849016,2.1932584289136696,8.770589661457148,100,6.946431895677343,1.9570936811400736,7.039416763569738,100,0.9215140167415907,0.15002458199556518,0.9571535668748432,100,0.13965410641193896,1.100272582869862,-0.032384674167550774,100,0.7328392553313782,0.1912493654759388,0.7667631321183908,100,1.0690987034104977,0.7659910176570023,0.9172265826554048,100,2.0385074465918733,1.6397061229748793,1.6048675936973091,100,1.9657371913946506,0.878435683408664,1.9391590417388511,100,0.39762472158679735,0.35630342788493874,0.2993979291402806,100,1.2918792491677222,0.858663318771182,1.3567443425145416,100,0.2535222677861963,0.2314703673375942,0.19048981998987818,100,,,,0,,,,0,0.07269081830978394,0.04832970645038321,0.058319687843322754,100,-2.229801462803254,2.1426597410614454e-17,7.987947682446614e-16,0.049286461667220005,0.6824217651170663,1.0,-0.1074459904818548,0.09816119491270844,1.0,0.049286461667220005,0.6824217651170663,1.0,0.4043778942978943,4.0161556854627e-18,7.987947682446614e-16,0.3708876876876877,4.0161556854627e-18,7.987497077178259e-16,0.39888320481986256,4.0161556854627e-18,7.987947682446614e-16,0.4009469382134095,4.531861061109546e-18,7.987947682446614e-16,0.408013017974891,4.2663227307182344e-18,7.987947682446614e-16,0.4178412204267737,4.0161556854627e-18,7.987947682446614e-16,3.937449939942218,4.531861061109546e-18,7.987947682446614e-16,3.1631437015283512,4.139373908714419e-18,7.987947682446614e-16,-0.6081516258497434,8.012096741807243e-17,1.1777782210456646e-14,-0.047947011631440786,0.6205162798090659,1.0,0.5240608428853094,4.0161556854627e-18,7.987947682446614e-16,-0.3370954571512452,1.1844759453900242e-05,0.0009949597941276203,-0.9209659663924431,1.5183353157679712e-07,1.2602183120874161e-05,0.9489305300828037,4.9610417082651575e-18,7.987947682446614e-16,-0.9489305300828037,4.9610417082651575e-18,7.987947682446614e-16,0.6326287403056704,4.139373908714419e-18,7.987947682446614e-16,-0.6326287403056703,4.139373908714419e-18,7.987947682446614e-16,,,,,,,-4.134559643268585,3.896559845095909e-18,8.767259651465796e-16
gold_fair_sources_sweep,1fada43d6e69,ProxyOnly,FeasibleRestricted,100,50,5000,5,50,0.1,5.345895159341358,0.9180817135006363,5.139208959030393,100,0.012197824065352603,1.441995001089877,0.1388174222082041,100,0.9984347653972915,0.7214385800072258,0.9796336896440055,100,-0.1874670506007281,1.2214401890898552,-0.04448735715425828,100,0.4322577712977714,0.10854015182270321,0.43330976530976534,100,0.29822286286286287,0.07923023955380736,0.2974534534534535,100,0.4479942775452999,0.1108144768795158,0.44842594708364364,100,0.4427398933187623,0.1548099803761186,0.4571515696457592,100,0.4385246801883042,0.18337757558658696,0.4721352129957621,100,0.4291846315659879,0.21510505166921093,0.4622905052308557,100,4.682801798547941,2.079391446130564,4.415274925924359,100,3.7832881941489904,1.8874055063535156,3.540851382315167,100,1.529665642591334,0.47333935333845784,1.5172626761053212,100,0.18760111804337976,1.7898500418734833,0.11318134495148498,100,0.2087784124460687,0.09550888916041271,0.20208128149769594,100,1.406194160561743,0.5461705567667976,1.3820520068469224,100,2.9594734129843165,1.071523878689264,2.8645236732331005,100,1.0168066613118472,0.8930219039701641,1.0004463318058785,100,1.3465552516696013,0.40513643374511554,1.2383061930113237,100,0.6592505088620519,0.8333597158964726,0.7065683054730671,100,0.8861510080918668,0.2648900020833076,0.8114608402518995,100,0.0,0.0,0.0,100,0.0,0.0,0.0,100,4.2072504615783695,1.0756043603560155,4.19564425945282,100,,,,,,,,,,,,,,,,,,,,,,,,,,,,,,,,,,,,,,,,,,,,,,,,,,,,,,,,,,,,,,,,,,,,,,,,
gold_fair_sources_sweep,1fada43d6e69,TargetOnlyDR,OracleTargetTreated,100,50,5000,5,50,0.1,5.118203209940103,0.9502124404713447,4.8473273383074496,100,0.17015025669319442,1.5896954356205357,0.1380293318399456,100,0.4947734182323941,0.39562588652739483,0.3833352177819607,100,-0.029514617972886282,0.6347545985566798,0.03762605973579123,100,0.48864748500748495,0.08963443179326547,0.5018367638367639,100,0.3404833233233234,0.06656879188295677,0.3484964964964965,100,0.5058972455256344,0.0913335178311694,0.5194413728375633,100,0.4812111213618712,0.14149048257740612,0.4964193248371132,100,0.494250183165621,0.14371431438714402,0.5117959514384341,100,0.49484475819776386,0.17284670983069275,0.5196097892719321,100,5.031017611264694,1.988175594228559,5.19054423141373,100,4.210366493874298,1.7784175342181996,4.292277024477143,100,1.127465293939252,0.3788226273628665,1.1267191774314338,100,0.07624878285657508,0.8496108563583648,0.10585470448660689,100,0.23929618047489118,0.10121062713662167,0.24348107097407828,100,1.0588121489492406,0.4222482807574908,1.0037470181343608,100,2.543590420393385,1.1387657684002719,2.404533012211753,100,1.2478269599899108,0.8982796577948794,1.2075815514734825,100,1.1155349529915373,0.3135629963896151,1.0753111914384301,100,0.7446661688071134,0.820542309462989,0.733226621028534,100,0.800735348146805,0.21823970015385913,0.750248911817979,100,0.0,0.0,0.0,100,0.0,0.0,0.0,100,7.4646237134933475,1.6885170714705675,7.853898286819458,100,-0.22769194940125487,1.30723624607853e-07,6.621920708481221e-07,0.15795243262784175,0.31704318981210255,1.0,-0.5036613471648975,2.496364240761498e-08,3.3451280826204076e-06,0.15795243262784175,0.31704318981210255,1.0,0.05638971370971371,4.888105250042001e-06,2.4440526250210004e-05,0.042260460460460454,2.8270866987962608e-06,1.4135433493981304e-05,0.057902967980334535,2.923510254872339e-06,1.4617551274361696e-05,0.03847122804310871,0.010628687688281067,0.0956581891945296,0.05572550297731681,0.00015547504127876003,0.0008007785405135619,0.06566012663177605,2.471036938663164e-06,1.2355184693315821e-05,0.34821581271675256,0.012674538462229224,0.1013963076978338,0.427078299725308,0.0002538168748363472,0.0012690843741817361,-0.4022003486520823,2.6485745381729024e-08,1.4832017413768254e-06,-0.1113523351868047,0.5091522042708133,1.0,0.030517768028822466,0.0036279240707813355,0.03265131663703202,-0.3473820116125026,3.292021924265814e-07,3.2591017050231554e-05,-0.4158829925909313,0.0006395631729325215,0.03965291672181633,0.23102029867806395,1.1419186889976034e-10,5.709593444988017e-10,-0.2310202986780639,1.1419186889976034e-10,5.709593444988017e-10,0.08541565994506156,0.0002538168748363472,0.0012690843741817361,-0.08541565994506156,0.0002538168748363472,0.0012690843741817361,0.0,,,0.0,,,3.257373251914978,5.164212615311754e-16,2.2722535507371717e-14
gold_fair_sources_sweep,2366f8ec7eee,AnchorOnly,OracleTargetTreated,150,100,50000,50,50,0.1,5.09643434802053,1.2445366482912454,4.71252595548883,100,0.19595757554402077,1.7418607126464032,0.38762100287054246,100,0.38025101598976846,0.2882434638328465,0.3250285356816094,100,0.023579540634116585,0.47809416671312815,0.024198596888991925,100,0.5848535902535903,0.06828885190004094,0.5935680535680536,100,0.41438302302302304,0.05359964397731607,0.4196636636636637,100,0.6026475025243779,0.06791173919273572,0.6151998591473959,100,0.5782907968873578,0.11212336426430759,0.5998712806225552,100,0.5914857179228539,0.1288157980794176,0.6229837556191968,100,0.58549750052849,0.16557207335800989,0.6273116396765053,100,6.213116250711181,2.1136218383263214,6.113891798119797,100,5.166689064610211,2.0405256925779325,5.057025878436548,100,1.5396126304461288,0.39121988725191004,1.5522437511019846,100,-0.06165445527985042,1.1462991147996178,-0.1808786343936326,100,0.340331555732427,0.08937767032299228,0.356254297480589,100,1.3065943491932466,0.4049072464921936,1.2940970978581483,100,3.0755956918903853,1.0334441658578037,3.093520904104424,100,1.5635556003084343,1.0379298171613762,1.379852858216362,100,0.9672787672227594,0.30080278851214387,0.8923234569578316,100,1.0017167067822088,0.9286458289307569,0.8943466428170257,100,0.675954569193292,0.25699965261487956,0.6090195036426479,100,0.004192432972308328,0.0029699025078744634,0.0038371732041992453,100,22.46,1.2178802581667556,23.0,100,24.027222855091097,7.586580565382548,25.812649130821228,100,-0.5225755521760769,5.269204481546392e-18,7.987947682446614e-16,0.0973066262329743,0.8500082762349129,1.0,-0.7770735307208579,9.472454917086356e-13,1.4113957826458671e-10,0.09730662623297429,0.8500082762349129,1.0,0.1393237918837919,2.0762237175488676e-16,2.9067132045684147e-15,0.10629045045045045,1.254999862967743e-16,1.7569998081548401e-15,0.14060825505966823,1.8511572479713263e-16,2.4469525216221773e-15,0.12063128317549834,9.035425550265615e-14,1.5360223435451545e-12,0.13954758058476974,9.868085234330903e-16,1.6775744898362534e-14,0.14348759769304803,7.452269101258844e-16,9.687949831636497e-15,1.3094023080728234,3.0383342586188437e-13,4.86133481379015e-12,1.2107148062568611,1.5862688510866552e-15,2.700679115188782e-14,0.016969225768519523,0.687475023529822,1.0,0.01974710665106657,0.7648376056140332,1.0,0.11584901887217854,4.690843471216412e-14,5.629012165459694e-13,-0.22886041498453863,0.19607673207783693,1.0,-0.15842465114965087,0.8500082762349129,1.0,0.4642093623672146,1.388390715047386e-16,2.1646235215315666e-15,-0.4642093623672146,1.388390715047386e-16,2.1646235215315666e-15,0.24214296125137216,1.5862688510866552e-15,2.700679115188782e-14,-0.24214296125137216,1.5862688510866552e-15,2.700679115188782e-14,0.004192432972308328,3.896559845095909e-18,1.7534519302931591e-16,22.46,2.0635268154142378e-18,4.5255026333886757e-17,8.869278869628907,4.172445151568837e-10,1.3351824485020278e-08
gold_fair_sources_sweep,2366f8ec7eee,AnchorPlugin,FeasibleRestricted,150,100,50000,50,50,0.1,4.27147393800883,1.6183981882623506,3.791797264830172,100,0.02467341549651706,1.140981859319056,0.02809806871711723,100,0.8825769085737353,0.8901075585931488,0.628098978291056,100,-0.14770461941338703,1.2478239225039969,0.023983381768726608,100,0.7136235974235973,0.11211763828786835,0.7356921576921578,100,0.5274586986986987,0.09623482593116525,0.540042042042042,100,0.7290698405499021,0.11121002408959081,0.7507893066496798,100,0.7283346512635417,0.11933670705286985,0.7541563861096616,100,0.723770963600371,0.12565076003502473,0.7572114925061567,100,0.7152891045101358,0.14810751889929347,0.7465234398883551,100,7.681083267343439,2.0745482622887765,7.514562162310904,100,6.149451979652127,1.8878407435535418,6.137438408768386,100,1.0494600371522267,0.14031976186244546,1.0339709125666259,100,0.14433985056031615,1.2773320178328271,-0.0341842341685081,100,0.5435650088640985,0.14129605797067515,0.5637085029837468,100,1.0143957210950578,0.8471695364169438,0.6882205083079259,100,1.8659287721978715,1.3609297097602262,1.533852378249496,100,1.8089855382204691,0.9311600637493056,1.700772003215795,100,0.721848829310725,0.5435402608549299,0.5743446953700053,100,1.1982692897905927,0.9278619871038609,1.0972134613864184,100,0.47940198618490804,0.33516196399463266,0.38772690642071983,100,0.01271319357389691,0.007697270484516869,0.011744256665730583,100,48.43,1.57155909204776,49.0,100,16.544142792224886,5.1891741856670155,16.728642344474792,100,-1.3475359621877765,3.896559845095909e-18,7.987947682446614e-16,-0.07397753381452932,0.35501304550262447,1.0,-0.274747638136891,8.482458592651109e-06,0.001026377489710784,-0.07397753381452932,0.35501304550262447,1.0,0.26809379905379904,3.896559845095909e-18,7.987947682446614e-16,0.21936612612612613,3.896559845095909e-18,7.987497077178259e-16,0.2670305930851925,3.896559845095909e-18,7.987947682446614e-16,0.27067513755168227,3.896559845095909e-18,7.987947682446614e-16,0.27183282626228683,4.0161556854627e-18,7.987947682446614e-16,0.2732792016746936,3.896559845095909e-18,7.987947682446614e-16,2.7773693247050812,3.896559845095909e-18,7.987947682446614e-16,2.1934777212987804,4.0161556854627e-18,7.987947682446614e-16,-0.4731833675253827,1.405205713543345e-13,1.0117481137512085e-11,0.22574141249123303,0.2522248272969543,1.0,0.3190824720038499,3.896559845095909e-18,7.987947682446614e-16,-0.5210590430827272,4.944734111085703e-14,8.010469259958839e-12,-1.368091570842165,6.166069759616455e-17,1.0482318591347973e-14,0.7096393002792492,3.896559845095909e-18,7.987947682446614e-16,-0.7096393002792492,3.896559845095909e-18,7.987947682446614e-16,0.4386955442597561,4.0161556854627e-18,7.987947682446614e-16,-0.4386955442597561,4.0161556854627e-18,7.987947682446614e-16,0.01271319357389691,3.896559845095909e-18,1.7534519302931591e-16,48.43,2.2104578574638835e-18,4.5255026333886757e-17,1.3861988067626954,0.11610962557336571,0.81276737901356
gold_fair_sources_sweep,2366f8ec7eee,EntropyBalancing,FeasibleRestricted,150,100,50000,50,50,0.1,3.2761361686828074,1.9408780581670946,2.723793549537545,100,0.06333746572827818,1.251283290076785,0.07351853350309256,100,0.8783504331835938,0.8702132407879482,0.6948407265619116,100,-0.10904056918162595,1.2347281266791967,-0.1151143693764235,100,0.8374076711276713,0.12932775191789928,0.8692036072036073,100,0.6699206006006005,0.14338040451849499,0.6872092092092092,100,0.8477183399880752,0.12488405614892588,0.8831247308536125,100,0.8466685885885253,0.11928985679264306,0.8770744549855243,100,0.8464701865518965,0.12729904587246202,0.8836262513756536,100,0.84219298172952,0.1361750410682457,0.8836649476804108,100,8.841959138951632,1.905191171060007,8.825024281029872,100,7.098205329366715,1.8111139787384511,7.203828370225768,100,0.9857425632704652,0.08728159512919956,0.9822753590438189,100,0.1047699629875602,1.2465347385143115,0.1441727866806492,100,0.7339044920943394,0.19046297535449588,0.7755597047607923,100,0.9692666132771319,0.8198308435746797,0.7821578716809008,100,1.6840499160230689,1.1758607320276102,1.4069435486883846,100,2.0816061945206723,0.9373308701853073,2.0292735892644074,100,0.44922817301052187,0.5226562979554195,0.27361814399507545,100,1.3880199597335094,0.9262512724071538,1.3233978091795837,100,0.28965131624199103,0.33129280984014114,0.17721466065948954,100,,,,0,,,,0,4.577340078353882,2.2361489529332195,4.032182574272156,100,-2.342873731513798,3.896559845095909e-18,7.987947682446614e-16,-0.0353134835827682,0.8044753358016482,1.0,-0.2789741135270324,0.006602072935193469,0.4555430325283494,-0.03531348358276823,0.8044753358016482,1.0,0.3918778727578729,3.896559845095909e-18,7.987947682446614e-16,0.3618280280280281,3.896559845095909e-18,7.987497077178259e-16,0.3856790925233657,3.896559845095909e-18,7.987947682446614e-16,0.38900907487666603,3.896559845095909e-18,7.987947682446614e-16,0.3945320492138125,3.896559845095909e-18,7.987947682446614e-16,0.40018307889407806,3.896559845095909e-18,7.987947682446614e-16,3.9382451963132774,3.896559845095909e-18,7.987947682446614e-16,3.1422310710133647,3.896559845095909e-18,7.987947682446614e-16,-0.5369008414071438,1.7079003674309875e-14,1.485873319664959e-12,0.18617152491847716,0.48518973727290204,1.0,0.509421955234091,3.896559845095909e-18,7.987947682446614e-16,-0.5661881509006537,8.303582149243268e-11,1.1791086651925441e-08,-1.5499704270169676,1.631012778441796e-15,2.5770001899380377e-13,0.9822599565794519,3.896559845095909e-18,7.987947682446614e-16,-0.9822599565794519,3.896559845095909e-18,7.987947682446614e-16,0.6284462142026732,3.896559845095909e-18,7.987947682446614e-16,-0.6284462142026732,3.896559845095909e-18,7.987947682446614e-16,,,,,,,-10.580603907108307,5.94331234302936e-18,8.767259651465796e-16
gold_fair_sources_sweep,2366f8ec7eee,Glmtrans_Auto,OracleTargetTreated,150,100,50000,50,50,0.1,0.655647783525675,0.15376074843809887,0.63936652359952,100,0.18238315995709545,1.6724940974818372,0.3532752951731244,100,0.08221327383646063,0.0706432524203146,0.060618620808303325,100,0.010005125047191301,0.10824347923577042,-0.004621993601432672,100,0.9931864216264217,0.0032277135010809815,0.9939328599328601,100,0.9327694494494493,0.015618989151453508,0.9343103103103103,100,0.9939582545795704,0.0029227983735576014,0.9946363320733049,100,0.9935268804204016,0.003824110614690959,0.994187304712923,100,0.9936036754241937,0.003566672308914965,0.9945106405126221,100,0.9936164288750416,0.003853407072488303,0.994606697519171,100,10.604647575407594,3.136594905319524,9.961233672232176,100,8.496533206380676,2.7810129813042574,8.149744387970694,100,1.0211260138439022,0.015440768552447574,1.020182237011698,100,-0.01158798518454609,0.12617876726248864,-0.0019500748470847966,100,0.9879114252377373,0.005848974613217441,0.9892402752377714,100,0.14870389197446007,0.07540454748743751,0.12945001308082724,100,0.33834438029960295,0.1694679346542176,0.30844159623821543,100,2.516325138413706,1.1782787177012732,2.339970890141072,100,0.014509229117488271,0.007114006057013128,0.013110704205670398,100,1.6676855351363022,1.0115484498914145,1.5998357106679082,100,0.00998574083919842,0.004812709784255703,0.00909695611001593,100,,,,0,,,,0,55.26289544343948,20.04648548497521,48.11186218261719,100,-4.963362116670932,3.896559845095909e-18,7.987947682446614e-16,0.08373221064604902,0.8743284035131398,1.0,-1.0751112728741659,6.311606041551026e-18,1.192893541853144e-15,0.08373221064604902,0.8743284035131398,1.0,0.5476566232566232,3.896559845095909e-18,7.987947682446614e-16,0.6246768768768769,3.896559845095909e-18,7.987497077178259e-16,0.5319190071148608,3.896559845095909e-18,7.987947682446614e-16,0.5358673667085422,3.896559845095909e-18,7.987947682446614e-16,0.5416655380861095,3.896559845095909e-18,7.987947682446614e-16,0.5516065260395995,3.896559845095909e-18,7.987947682446614e-16,5.700933632769236,3.896559845095909e-18,7.987947682446614e-16,4.540558948027328,3.896559845095909e-18,7.987947682446614e-16,-0.5015173908337069,1.2344747158137792e-13,9.135112897021966e-12,0.06981357674637083,0.9260348271927795,1.0,0.763428888377489,3.896559845095909e-18,7.987947682446614e-16,-1.3867508722033253,3.896559845095909e-18,7.987947682446614e-16,-2.895675962740433,3.896559845095909e-18,7.987947682446614e-16,1.4169789004724855,3.896559845095909e-18,7.987947682446614e-16,-1.4169789004724855,3.896559845095909e-18,7.987947682446614e-16,0.9081117896054656,3.896559845095909e-18,7.987947682446614e-16,-0.9081117896054656,3.896559845095909e-18,7.987947682446614e-16,,,,,,,40.10495145797729,3.896559845095909e-18,8.767259651465796e-16
gold_fair_sources_sweep,2366f8ec7eee,Glmtrans_DR_CrossFit,OracleTargetTreated,150,100,50000,50,50,0.1,1.260408063044255,0.5708140322622011,1.0322987739330913,100,0.20714822833385407,1.6913039692878058,0.4046997857835253,100,0.1366029956417416,0.11521189110259583,0.10077657676124141,100,0.03477019342394999,0.1757881361428196,0.01568325691339384,100,0.9761169443169444,0.01346849975484177,0.9796669816669817,100,0.8725123923923924,0.034743832465894915,0.8784204204204205,100,0.978504186757734,0.012297246120710748,0.9819696671144575,100,0.9787045838332382,0.012416059324628071,0.9810166546171116,100,0.9784180622327748,0.013483249369360774,0.9820912257108432,100,0.9772487636813145,0.015130148911282235,0.9818901577313737,100,10.433709532493552,3.0168765972526046,9.837838834423062,100,8.35867675414701,2.688123698477793,8.02608381054855,100,0.9845702378371162,0.03901926646924789,0.9902143570880781,100,-0.037750359685664515,0.1792158223509573,-0.017145878323548247,100,0.9575459111659975,0.02382843576773859,0.9641697116796765,100,0.23347309644293976,0.17413634230594194,0.18688578989880597,100,0.5270338721920867,0.4351408763725547,0.413891164728974,100,2.4780988052867197,1.15921846577494,2.3168607646400847,100,0.05273556224447397,0.03686635413287543,0.03778165035060965,100,1.6401142446895687,1.0035985595588786,1.5832747340107494,100,0.03755703128593187,0.029786082054880852,0.027828012891786102,100,,,,0,,,,0,60.35511949777603,11.698005260934767,57.88497352600098,100,-4.358601837152351,3.896559845095909e-18,7.987947682446614e-16,0.10849727902280769,0.8446222853530765,1.0,-1.020721551068885,1.2938800168252932e-17,2.3807392309585396e-15,0.10849727902280773,0.8446222853530765,1.0,0.5305871459471461,3.896559845095909e-18,7.987947682446614e-16,0.5644198198198198,3.896559845095909e-18,7.987497077178259e-16,0.5164649392930243,3.896559845095909e-18,7.987947682446614e-16,0.5210450701213787,3.896559845095909e-18,7.987947682446614e-16,0.5264799248946906,3.896559845095909e-18,7.987947682446614e-16,0.5352388608458726,3.896559845095909e-18,7.987947682446614e-16,5.529995589855194,3.896559845095909e-18,7.987947682446614e-16,4.402702495793661,3.896559845095909e-18,7.987947682446614e-16,-0.538073166840493,1.7542968918093306e-14,1.491152358037931e-12,0.04365120224525243,0.9616074190130767,1.0,0.733063374305749,3.896559845095909e-18,7.987947682446614e-16,-1.3019816677348452,4.139373908714419e-18,7.987947682446614e-16,-2.706986470847949,3.896559845095909e-18,7.987947682446614e-16,1.3787525673454997,3.896559845095909e-18,7.987947682446614e-16,-1.3787525673454997,3.896559845095909e-18,7.987947682446614e-16,0.8805404991587321,3.896559845095909e-18,7.987947682446614e-16,-0.8805404991587321,3.896559845095909e-18,7.987947682446614e-16,,,,,,,45.19717551231384,3.896559845095909e-18,8.767259651465796e-16
gold_fair_sources_sweep,2366f8ec7eee,Glmtrans_OptionB,FeasibleRestricted,150,100,50000,50,50,0.1,2.2440523179996195,1.608812244926123,1.8280698412598104,100,0.12315555010367224,1.3902227767337185,0.25961618646867973,100,0.6905982748778813,0.6716254308283676,0.5351594879153342,100,-0.04922248480623187,0.9645604203160345,0.04559273554813606,100,0.9246077218877218,0.09488210064650598,0.9490079710079712,100,0.7876322322322321,0.11663714706126765,0.8052572572572573,100,0.9302762990543947,0.09154123769317159,0.9538063014440545,100,0.9327168848340511,0.07420246516276158,0.9500727598470553,100,0.9312377002916332,0.07688893516895932,0.9537185362516831,100,0.9310986137384049,0.077728779774734,0.9506374803843345,100,9.835426366196796,2.379842854551958,9.600224128213869,100,7.864766516761824,2.1562683838099894,7.8266378387701305,100,1.0372448987626077,0.10210684364226745,1.0190320644625237,100,0.04398581630247222,0.9860422570995545,-0.027172450799080025,100,0.873747263643792,0.13552488697757425,0.9094129234575484,100,0.8003670444023114,0.6816255158682808,0.6590330408967818,100,1.499195870626632,1.215799853453359,1.1546678771883554,100,2.3188359910394603,1.0223903088387662,2.194953731738001,100,0.21199837649173314,0.4214251727143103,0.11501057322560404,100,1.5413321972125322,0.9705814819067434,1.4805892711208342,100,0.13633907876296886,0.26582670120716917,0.07062665656279121,100,,,,0,,,,0,46.91422640323639,17.321401755651603,42.371492981910706,100,-3.374957582196987,3.896559845095909e-18,7.987947682446614e-16,0.024504600792625827,0.8446222853530765,1.0,-0.46672627183274507,1.820481280431822e-06,0.00023302160389527323,0.024504600792625838,0.8446222853530765,1.0,0.4790779235179235,3.896559845095909e-18,7.987947682446614e-16,0.47953965965965956,3.896559845095909e-18,7.987497077178259e-16,0.468237051589685,3.896559845095909e-18,7.987947682446614e-16,0.4750573711221917,3.896559845095909e-18,7.987947682446614e-16,0.4792995629535492,3.896559845095909e-18,7.987947682446614e-16,0.48908871090296274,3.896559845095909e-18,7.987947682446614e-16,4.93171242355844,3.896559845095909e-18,7.987947682446614e-16,3.9087922584084764,3.896559845095909e-18,7.987947682446614e-16,-0.4853985059150018,4.681588885474814e-13,3.1366645532681256e-11,0.12538737823338916,0.756979822125134,1.0,0.6492647267835434,3.896559845095909e-18,7.987947682446614e-16,-0.7350877197754735,9.967579141863275e-15,1.6546181375493037e-12,-1.7348244724134048,7.343095847008848e-17,1.2409831981444953e-14,1.2194897530982407,3.896559845095909e-18,7.987947682446614e-16,-1.2194897530982407,3.896559845095909e-18,7.987947682446614e-16,0.7817584516816954,3.896559845095909e-18,7.987947682446614e-16,-0.7817584516816954,3.896559845095909e-18,7.987947682446614e-16,,,,,,,31.7562824177742,3.896559845095909e-18,8.767259651465796e-16
gold_fair_sources_sweep,2366f8ec7eee,IPWTransport,FeasibleRestricted,150,100,50000,50,50,0.1,3.2306797580827493,1.9702941097686586,2.6745558645955754,100,0.06042438807333052,1.2499603019406291,0.059772738718011156,100,0.8827330405601416,0.8816637164258262,0.690442332769008,100,-0.11195364683657359,1.2456962685845134,-0.11247315998901473,100,0.8415893372693373,0.13160025805105047,0.8742478182478184,100,0.6762071671671671,0.14660779819263112,0.689981981981982,100,0.8516023637767103,0.12716860450295422,0.883022010519706,100,0.8505731416789264,0.12147007730995979,0.8808480786889359,100,0.84895247031609,0.1303286753574877,0.8907981150415571,100,0.8457784897199488,0.13908400431034057,0.8839978036956044,100,8.880166900799484,1.8875358804686266,8.942542983701038,100,7.11111553613522,1.784050166563135,7.214203043546771,100,0.9928026461099462,0.08823263173683721,0.9879643790407784,100,0.10827584675013574,1.2664863554931978,0.134239885586623,100,0.7411083110256935,0.192487497109772,0.7779448991423842,100,0.9643637110542691,0.836415487785592,0.7565843379445676,100,1.6376661805016592,1.1586650016930282,1.3247712148958963,100,2.0892976601870776,0.940250706216609,2.0525857573208817,100,0.441536707344116,0.5385278104661058,0.2588415510833332,100,1.3906020010872109,0.9304865990869449,1.337431966421134,100,0.2870692748882897,0.34307145296776315,0.1689174748348683,100,,,,0,,,,0,1.0201548528671265,0.6039172497932557,0.97440505027771,100,-2.388330142113856,3.896559845095909e-18,7.987947682446614e-16,-0.038226561237715874,0.7465418609724369,1.0,-0.2745915061504848,0.009062468723194324,0.5981229357308254,-0.03822656123771586,0.7465418609724369,1.0,0.39605953889953893,3.896559845095909e-18,7.987947682446614e-16,0.36811459459459456,3.896559845095909e-18,7.987497077178259e-16,0.3895631163120008,3.896559845095909e-18,7.987947682446614e-16,0.392913627967067,3.896559845095909e-18,7.987947682446614e-16,0.3970143329780059,3.896559845095909e-18,7.987947682446614e-16,0.40376858688450673,3.896559845095909e-18,7.987947682446614e-16,3.9764529581611274,3.896559845095909e-18,7.987947682446614e-16,3.1551412777818713,3.896559845095909e-18,7.987947682446614e-16,-0.5298407585676629,1.8019328432324392e-14,1.513623588315249e-12,0.18967740868105268,0.47238131655432447,1.0,0.516625774165445,3.896559845095909e-18,7.987947682446614e-16,-0.5710910531235158,7.074751092493396e-11,1.018764157319049e-08,-1.5963541625383773,4.235271113204814e-16,6.903491914523847e-14,0.9899514222458579,3.896559845095909e-18,7.987947682446614e-16,-0.9899514222458579,3.896559845095909e-18,7.987947682446614e-16,0.6310282555563742,3.896559845095909e-18,7.987947682446614e-16,-0.6310282555563742,3.896559845095909e-18,7.987947682446614e-16,,,,,,,-14.137789132595062,3.896559845095909e-18,8.767259651465796e-16
gold_fair_sources_sweep,2366f8ec7eee,OutcomeModelTransport,FeasibleRestricted,150,100,50000,50,50,0.1,3.2237244843862425,1.9711232470216309,2.68879625917646,100,0.05469121329305498,1.260640653020665,0.1180399602632515,100,0.8725215264873742,0.8696712251879332,0.6519303307422248,100,-0.11768682161684912,1.2293582072527358,-0.1482251281685129,100,0.8419101915501918,0.13228211030426973,0.8746009546009548,100,0.6767676476476475,0.14715265089709098,0.6924964964964966,100,0.8518842739382992,0.127869788713486,0.8863680911128182,100,0.8503881763173898,0.1251009844519499,0.8840316975014271,100,0.8501516466056215,0.13033467834780738,0.8914364081748036,100,0.8452866396835045,0.14117257387179932,0.8830905788684249,100,8.875926460517157,1.888624775868028,8.99141473179549,100,7.117826319839609,1.7728262134935393,7.219760531855819,100,0.9924858027742096,0.08807546153001593,0.9862398809580339,100,0.1161711655756565,1.252313932094314,0.15421994821302265,100,0.7417162828414644,0.1931156444615109,0.7843120101719523,100,0.9543508921386312,0.8240155249669818,0.7369560041031524,100,1.6342016369529782,1.1780211942159797,1.333904934664253,100,2.0915229774189177,0.9411284468853374,2.05815236845726,100,0.43931139011227616,0.543475097359543,0.26278501971245105,100,1.3919441578280891,0.9312582406607791,1.3384891823997669,100,0.2857271181474121,0.34949563610043666,0.16811062717680908,100,,,,0,,,,0,0.24556055784225464,0.13523058467383853,0.18949520587921143,100,-2.3952854158103647,3.896559845095909e-18,7.987947682446614e-16,-0.043959736017991406,0.7753522914731348,1.0,-0.28480302022325193,0.0062019903455061256,0.44654330487644106,-0.04395973601799139,0.7753522914731348,1.0,0.3963803931803932,3.896559845095909e-18,7.987947682446614e-16,0.36867507507507513,3.896559845095909e-18,7.987497077178259e-16,0.38984502647358965,3.896559845095909e-18,7.987947682446614e-16,0.39272866260553035,3.896559845095909e-18,7.987947682446614e-16,0.3982135092675373,4.0161556854627e-18,7.987947682446614e-16,0.4032767368480621,3.896559845095909e-18,7.987947682446614e-16,3.9722125178788006,3.896559845095909e-18,7.987947682446614e-16,3.1618520614862597,4.0161556854627e-18,7.987947682446614e-16,-0.5301576019033996,1.662711556005802e-14,1.4631861692851056e-12,0.1975727275065734,0.4618514981768562,1.0,0.5172337459812159,3.896559845095909e-18,7.987947682446614e-16,-0.5811038720391543,3.7070625821242335e-11,5.375240744080139e-09,-1.5998187060870581,2.7637372191402876e-16,4.5601664115814745e-14,0.9921767394776977,3.896559845095909e-18,7.987947682446614e-16,-0.9921767394776977,3.896559845095909e-18,7.987947682446614e-16,0.6323704122972521,4.0161556854627e-18,7.987947682446614e-16,-0.6323704122972521,4.0161556854627e-18,7.987947682446614e-16,,,,,,,-14.912383427619934,3.896559845095909e-18,8.767259651465796e-16
gold_fair_sources_sweep,2366f8ec7eee,ProxyOnly,FeasibleRestricted,150,100,50000,50,50,0.1,5.619009900196606,1.503103232970341,5.2382427645706455,100,0.09865094931104645,1.6757056533220291,0.1420113963598975,100,1.1573245467106266,1.0071738953981515,0.7680118315268799,100,-0.07372708559885771,1.5368272729729133,0.10504461440266993,100,0.44552979836979845,0.11852362456298682,0.4753798873798874,100,0.30809257257257255,0.08521119639700031,0.3282622622622623,100,0.46203924746470953,0.11975147350014557,0.491000155712356,100,0.4576595137118595,0.14392735889445507,0.4880805705993524,100,0.45193813733808413,0.1687563807414436,0.48673257250255353,100,0.44200990283544206,0.20093414438803486,0.4922959734885688,100,4.9037139426383565,1.997905547757191,5.04844604644605,100,3.9559742583533493,1.8678892176028579,4.025365386809765,100,1.5226434046776092,0.48331749653295103,1.5533281047313592,100,-0.08140156193091691,2.1091221525084145,-0.054195827517445214,100,0.22448253686024855,0.09483902785499533,0.23636963191119736,100,1.535454764177785,0.8669734021446522,1.2704149989614164,100,3.2340203430400356,1.6363911862273437,2.8059737915825456,100,1.09934623794122,0.9303457175727426,1.0833059744117444,100,1.4314881295899737,0.718832539683686,1.2463141386034553,100,0.7595737455308366,0.9107705039396575,0.6443513853454277,100,0.918097530444664,0.4168843938437508,0.791388836470599,100,0.0,0.0,0.0,100,0.0,0.0,0.0,100,15.15794398546219,5.884136426095187,13.907164454460144,100,,,,,,,,,,,,,,,,,,,,,,,,,,,,,,,,,,,,,,,,,,,,,,,,,,,,,,,,,,,,,,,,,,,,,,,,
gold_fair_sources_sweep,2366f8ec7eee,TargetOnlyDR,OracleTargetTreated,150,100,50000,50,50,0.1,5.048124706290003,1.1773032773909278,4.722055777291066,100,0.17582186064203043,1.7080809083699469,0.42047112178785684,100,0.3856918358686719,0.3055448817474581,0.33648188439797755,100,0.003443825732126289,0.4935650871844509,-0.023349340751557535,100,0.581642398922399,0.055178250909396646,0.5935343515343515,100,0.4111171171171172,0.04348791740863549,0.41863663663663664,100,0.5996111408257703,0.05518886253744021,0.6087886998419066,100,0.5855460278922258,0.10709893657014148,0.604050996519278,100,0.5887438372852369,0.1133081336345132,0.6120095423976415,100,0.5838637436206833,0.14591909134077202,0.6234227286387557,100,6.3260850923647265,2.2835150123150445,6.176080017815155,100,5.158504341828071,2.090001836711174,5.181989967730125,100,1.4982584026307264,0.31832372802475783,1.4630592372328661,100,-0.043535108014958676,1.0539484155233207,-0.22305238619664738,100,0.34578229245802566,0.07176853965821385,0.3524625276628087,100,1.1963834081997187,0.3565908411355286,1.1632001396051184,100,2.821737074624908,0.8260183198390115,2.702218805747833,100,1.5701532269238478,1.0210619367282376,1.3814858784112483,100,0.960681140607346,0.2770987373504045,0.9004504215402116,100,1.0000797622257813,0.9479844972013113,0.9174176761259553,100,0.6775915137497196,0.2188124195010588,0.6276533460424295,100,0.0,0.0,0.0,100,0.0,0.0,0.0,100,16.575899131298065,8.133226865776637,16.45630443096161,100,-0.5708851939066032,5.596247901468035e-18,7.987947682446614e-16,0.077170911330984,0.6824217651170663,1.0,-0.7716327108419544,1.0732517780223129e-12,1.5776801136927998e-10,0.077170911330984,0.6824217651170663,1.0,0.13611260055260058,2.328219678879701e-16,3.0266855825436117e-15,0.10302454454454457,1.9605090823255597e-16,2.5486618070232274e-15,0.13757189336106065,1.7478232297301266e-16,2.4469525216221773e-15,0.12788651418036628,1.4152626956877279e-14,2.688999121806683e-13,0.1368056999471527,6.848674378293121e-16,1.3012481318756931e-14,0.1418538407852411,4.611279067549772e-16,7.378046508079636e-15,1.422371149726371,1.6186995407842902e-14,3.0755291274901514e-13,1.2025300834747228,6.848674378293121e-16,1.3012481318756931e-14,-0.024385002046882674,0.6723580402630482,1.0,0.03786645391595824,0.5047497647349051,1.0,0.12129975559777717,1.4190703440363424e-15,2.1286055160545138e-14,-0.33907135597806665,0.002113068620757455,0.12255798000393239,-0.4122832684151274,0.04882002072628644,1.0,0.4708069889826279,1.3489339428091349e-16,2.1646235215315666e-15,-0.4708069889826279,1.3489339428091349e-16,2.1646235215315666e-15,0.24050601669494454,6.848674378293121e-16,1.3012481318756931e-14,-0.24050601669494454,6.848674378293121e-16,1.3012481318756931e-14,0.0,,,0.0,,,1.4179551458358766,0.13836211293602899,0.830172677616174
gold_fair_sources_sweep,24ec72a12284,AnchorOnly,OracleTargetTreated,250,200,20000,20,50,0.1,4.749434779653576,0.9059273828889342,4.6092133548571566,100,0.01235523307539199,2.0382022386771745,-0.1423803280558233,100,0.26503350672666537,0.21167525780889057,0.21937504918651662,100,0.058128537654893474,0.3351800110640274,0.037240517067163914,100,0.6389437863037863,0.046894561384504575,0.6427184587184587,100,0.45802210210210204,0.03924981083296453,0.4607907907907908,100,0.6569962640450808,0.04613922269106336,0.6598966150114042,100,0.6453469815686025,0.09377748052314508,0.6616641601450818,100,0.6375430005989781,0.1178156182028252,0.6602979554321098,100,0.6235621275369106,0.15830461578353686,0.6632726706284846,100,6.683726218037453,2.238231153573603,6.476860904646549,100,5.350225514575544,2.2178962239484155,5.081966113727674,100,1.743161569043455,0.32709773973969347,1.725947382805952,100,-0.06210811033142932,1.5758830106175228,0.07623779463616448,100,0.4216573615547706,0.0645995635687321,0.4322163926553359,100,1.4203960593806642,0.4757644680050656,1.3121890447863636,100,3.4273853389896267,0.987413563044801,3.3710489520961207,100,1.633218344729,0.9406733616880105,1.5635246125738915,100,0.8393900166332202,0.2214226875844516,0.8099221427021387,100,1.1123422562848793,0.8162658993999212,1.0790757509274687,100,0.5548738291660305,0.14482474875685336,0.5322751558630162,100,0.0021763780629437276,0.0019290761471719266,0.0016273827459586966,100,23.44,0.9880089150213252,24.0,100,18.18581189393997,3.844365076365957,18.84843599796295,100,-0.5501469986618389,3.896559845095909e-18,7.987947682446614e-16,0.0723976360568777,0.6648484633803489,1.0,-0.8107957737613034,4.124029919832563e-13,6.309765777343822e-11,0.0723976360568777,0.6648484633803489,1.0,0.13470188514188514,5.596247901468035e-18,7.987947682446614e-16,0.10657185185185185,5.430296382634715e-18,7.987497077178259e-16,0.1353381768283197,4.9610417082651575e-18,7.987947682446614e-16,0.14198145326933834,1.8511572479713263e-16,5.368356019116846e-15,0.14584567490506256,1.5013268321137124e-17,7.987947682446614e-16,0.1512633910224056,2.3413085997284582e-17,9.131103538940988e-16,1.4269448310049628,1.698310160677352e-16,4.950541423411592e-15,1.1713378912118138,1.4146791640488978e-17,7.987947682446614e-16,0.18011771478767982,0.0005928020160383884,0.01837686249719004,-0.19799827959850383,0.4053668309798979,1.0,0.14651771398787758,5.767203615817138e-18,7.987947682446614e-16,-0.0986577391103591,0.5025560930996884,1.0,0.16173611349227163,0.44939054842060555,1.0,0.3359324921837882,4.095126545597987e-17,1.2328073778844633e-15,-0.3359324921837882,4.095126545597987e-17,1.2328073778844633e-15,0.2342675782423628,1.4146791640488978e-17,7.987947682446614e-16,-0.2342675782423628,1.4146791640488978e-17,7.987947682446614e-16,0.0021763780629437276,3.896559845095909e-18,1.7534519302931591e-16,23.44,1.0070008772000205e-18,2.8196024561600575e-17,9.833747355937957,4.7408945782600864e-17,2.2282204517822408e-15
gold_fair_sources_sweep,24ec72a12284,AnchorPlugin,FeasibleRestricted,250,200,20000,20,50,0.1,4.062303002294891,1.289720874851568,3.7240132379516924,100,-0.05174337099612561,1.166969948108652,-0.12645290075086013,100,0.9880822456622301,0.9379431431085831,0.6172551093439222,100,-0.005970066416624156,1.3659683540440308,0.020622844260640216,100,0.7330500874500875,0.10018957824022347,0.7564185244185244,100,0.5458612212212212,0.09172336543714718,0.561021021021021,100,0.7483872084707263,0.0979371384386318,0.7703036177878105,100,0.7443265907744919,0.1046512277514345,0.7566424398064648,100,0.7370551925176264,0.11571216823370957,0.756422330654664,100,0.7265168851924131,0.13436082085364,0.7503327046786608,100,7.583863269341075,2.220403992748707,7.4085419583642,100,6.030530651269961,2.130592208651996,5.934885530129791,100,1.054627518741351,0.13512375779776323,1.0525261177798035,100,0.03640471088658526,1.3455182329204265,-0.003875828771795854,100,0.5693623973079204,0.1382281946231766,0.5916222419701238,100,1.125981830172403,0.8578134641811161,0.9208138865765484,100,2.0465210483453364,1.195695915437998,1.8048682383582275,100,1.840857158880092,0.9305107781142079,1.911226778769265,100,0.6317512024821285,0.359162359198444,0.5365253836522117,100,1.2484032836237633,0.8471726331973262,1.2677123431345345,100,0.41881280182714653,0.22054586286139882,0.3555000398808104,100,0.0071618453363134485,0.004858602798648328,0.0066266014712400845,100,49.2,1.1720654306553766,50.0,100,11.331400697231294,2.6030425230876406,11.37598192691803,100,-1.2372787760205253,3.896559845095909e-18,7.987947682446614e-16,0.00829903198536005,0.5224792307772006,1.0,-0.08774703482573835,0.13563807876829767,1.0,0.00829903198536005,0.5224792307772006,1.0,0.2288081862881863,3.896559845095909e-18,7.987947682446614e-16,0.19441097097097096,3.896559845095909e-18,7.987497077178259e-16,0.2267291212539652,3.896559845095909e-18,7.987947682446614e-16,0.24096106247522756,3.896559845095909e-18,7.987947682446614e-16,0.24535786682371086,3.896559845095909e-18,7.987947682446614e-16,0.2542181486779081,3.896559845095909e-18,7.987947682446614e-16,2.327081882308587,3.896559845095909e-18,7.987947682446614e-16,1.851643027906233,3.896559845095909e-18,7.987947682446614e-16,-0.5084163355144239,4.7408945782600864e-17,7.395795542085734e-15,-0.09948545838048921,0.4250496167958784,1.0,0.2942227497410274,3.896559845095909e-18,7.987947682446614e-16,-0.3930719683186203,3.2731004999774603e-10,4.255030649970699e-08,-1.2191281771520188,2.2920849632668923e-14,3.3417057692781707e-12,0.5435713063348797,5.430296382634715e-18,7.987947682446614e-16,-0.5435713063348797,5.430296382634715e-18,7.987947682446614e-16,0.3703286055812467,3.896559845095909e-18,7.987947682446614e-16,-0.3703286055812467,3.896559845095909e-18,7.987947682446614e-16,0.0071618453363134485,3.896559845095909e-18,1.7534519302931591e-16,49.2,4.702020843878424e-19,1.598687086918664e-17,2.9793361592292786,9.218942242931724e-12,3.134440362596786e-10
gold_fair_sources_sweep,24ec72a12284,EntropyBalancing,FeasibleRestricted,250,200,20000,20,50,0.1,3.2207341597247034,1.4864480651710417,2.8931891908702507,100,-0.06476736824026155,1.4383643275999258,-0.03952818469932776,100,0.9880273613064665,0.8268403144923399,0.7682272835003672,100,-0.018994063660760098,1.2920368184581577,-0.006418939220261488,100,0.8382866288066286,0.11426382166546215,0.8669539709539711,100,0.6685232032032034,0.133605931505305,0.6806346346346346,100,0.8489830232744766,0.10882028774013476,0.8765508684358458,100,0.8488715939072633,0.11085467199680965,0.8849165257142668,100,0.8458430569019658,0.1134723239297559,0.8807878481967755,100,0.8387922364306276,0.12139873989286677,0.8766617987177343,100,8.583818079253005,2.240238744993257,8.023965531034943,100,6.830930568769908,2.1439849031870213,6.344828688198947,100,0.953797185854343,0.10695278526451846,0.9635416990663987,100,0.03632971856866368,1.270362295009208,0.005202121052290414,100,0.7328052812551955,0.1750822593635658,0.7659122299493227,100,1.1007392923706223,0.7780645157799911,0.92434758940192,100,1.9263786388330864,1.1682950494430233,1.5297949932828483,100,2.0651680360928286,0.9727897737445806,2.077577987088439,100,0.4074403252693919,0.32906238068787524,0.3117386332523904,100,1.408483267123752,0.8636034849647629,1.4344114143573026,100,0.2587328183271577,0.21833800143432364,0.1956359615199001,100,,,,0,,,,0,2.7959985327720642,1.1823844317464567,2.5997334718704224,100,-2.0788476185907125,3.896559845095909e-18,7.987947682446614e-16,-0.00472496525877589,0.8500082762349129,1.0,-0.08780191918150239,0.37874492892909406,1.0,-0.0047249652587758526,0.8500082762349129,1.0,0.33404472764472765,3.896559845095909e-18,7.987947682446614e-16,0.31707295295295296,3.896559845095909e-18,7.987497077178259e-16,0.32732493605771557,3.896559845095909e-18,7.987947682446614e-16,0.3455060656079989,3.896559845095909e-18,7.987947682446614e-16,0.3541457312080504,3.896559845095909e-18,7.987947682446614e-16,0.3664934999161227,3.896559845095909e-18,7.987947682446614e-16,3.3270366922205183,3.896559845095909e-18,7.987947682446614e-16,2.652042945406177,3.896559845095909e-18,7.987947682446614e-16,-0.6092466684014317,1.0501887534614503e-17,2.0688718443190573e-15,-0.09956045069841078,0.5359832452872442,1.0,0.4576656336883026,3.896559845095909e-18,7.987947682446614e-16,-0.418314506120401,1.359538556883011e-06,0.000123718008676354,-1.339270586664269,2.6743020071878626e-11,2.6208159670441053e-09,0.7678821835476163,3.896559845095909e-18,7.987947682446614e-16,-0.7678821835476163,3.896559845095909e-18,7.987947682446614e-16,0.5304085890812354,3.896559845095909e-18,7.987947682446614e-16,-0.5304085890812354,3.896559845095909e-18,7.987947682446614e-16,,,,,,,-5.55606600522995,3.896559845095909e-18,8.767259651465796e-16
gold_fair_sources_sweep,24ec72a12284,Glmtrans_Auto,OracleTargetTreated,250,200,20000,20,50,0.1,0.582693513279002,0.14060796312875906,0.5583070879318024,100,-0.03921830808899904,2.006513361122958,-0.1889655161596976,100,0.047872305328692605,0.037851762872886455,0.040647828632190984,100,0.006554996490502392,0.06086263745461382,0.0007727419245175948,100,0.9945603435603438,0.0031149493826753572,0.9952438012438014,100,0.9409473073073074,0.014284778834625535,0.9434414414414415,100,0.9952079440700633,0.0027638538316745688,0.9958714557447592,100,0.9948179634355552,0.0035175368864032008,0.996009228612498,100,0.9952650081276905,0.0030289446488412568,0.9961980574822462,100,0.9948613217048217,0.0029993473735772276,0.9956907586077586,100,10.152467371315003,2.661848049549832,9.979885476892168,100,8.088435568559468,2.4466827966498883,7.9106039626234335,100,1.0315924930878062,0.015621236379598093,1.0313132433723724,100,-0.00918597616902388,0.09785148657575557,0.005711214220790364,100,0.9903846525385062,0.005464173846819448,0.9917168679105735,100,0.15757241061083138,0.0646353788854724,0.15490829737811596,100,0.37600549502275626,0.15473776741936404,0.3759948960302584,100,2.4617322549663587,0.9887384385960871,2.331925841199681,100,0.010876106395861786,0.007284455925672637,0.00870474929780174,100,1.6599842670816645,0.8402943486137573,1.594545342873083,100,0.007231818369245357,0.00469822121788889,0.005695198343645291,100,,,,0,,,,0,20.68836580514908,3.2037307034276337,20.24324059486389,100,-4.716888265036413,3.896559845095909e-18,7.987947682446614e-16,0.020824094892486596,0.8635033772834252,1.0,-1.0279569751592763,5.767203615817138e-18,1.1015358906210732e-15,0.02082409489248658,0.8635033772834252,1.0,0.49031844239844247,3.896559845095909e-18,7.987947682446614e-16,0.5894970570570571,3.896559845095909e-18,7.987497077178259e-16,0.47354985685330236,3.896559845095909e-18,7.987947682446614e-16,0.491452435136291,3.896559845095909e-18,7.987947682446614e-16,0.5035676824337751,3.896559845095909e-18,7.987947682446614e-16,0.5225625851903166,3.896559845095909e-18,7.987947682446614e-16,4.895685984282517,3.896559845095909e-18,7.987947682446614e-16,3.90954794519574,3.896559845095909e-18,7.987947682446614e-16,-0.5314513611679684,5.0264575344033727e-17,7.791009178325228e-15,-0.14507614543609837,0.48518973727290204,1.0,0.7152450049716133,3.896559845095909e-18,7.987947682446614e-16,-1.361481387880192,3.896559845095909e-18,7.987947682446614e-16,-2.8896437304745994,3.896559845095909e-18,7.987947682446614e-16,1.1644464024211463,3.896559845095909e-18,7.987947682446614e-16,-1.1644464024211463,3.896559845095909e-18,7.987947682446614e-16,0.7819095890391478,3.896559845095909e-18,7.987947682446614e-16,-0.7819095890391479,3.896559845095909e-18,7.987947682446614e-16,,,,,,,12.336301267147064,3.896559845095909e-18,8.767259651465796e-16
gold_fair_sources_sweep,24ec72a12284,Glmtrans_DR_CrossFit,OracleTargetTreated,250,200,20000,20,50,0.1,0.5666076455870594,0.13921397595145857,0.5399604510556506,100,-0.035902551871271136,2.0067097562176817,-0.16093897145552943,100,0.05097041569894669,0.0404806666933854,0.03902238550060172,100,0.009870752708230277,0.06453289075792037,0.005080610001169994,100,0.9942709197109196,0.003623761969390448,0.9950327330327331,100,0.9394121321321321,0.01541821298896085,0.9412952952952953,100,0.9949493090419322,0.003208247197400455,0.9956457543188973,100,0.9948256509203742,0.003369129386610212,0.9954471542278573,100,0.9949111555407818,0.003107288405530179,0.9957632235353114,100,0.9945928108584243,0.003547225406882746,0.9951126093540423,100,10.152746704036783,2.661874383194831,9.992248645441208,100,8.085927793777207,2.447350483505153,7.919776370328499,100,1.0006635713294074,0.013733916860498335,0.9996312591955183,100,-0.009329488200173512,0.06807594555345634,-0.008692920430703133,100,0.9898921748099353,0.006306100987883817,0.9912537672678727,100,0.0847054411137022,0.03840702393307614,0.07793923783284809,100,0.19053516959982644,0.08410219335848482,0.17266805926685547,100,2.461487080769489,0.9883570754143713,2.3299432753417526,100,0.011121280592731392,0.007387038877052748,0.008734818402081013,100,1.6594827121252127,0.8402955832623296,1.5937072643741614,100,0.00773337332569727,0.0045637268938954765,0.0063623230948592485,100,,,,0,,,,0,24.79853255033493,1.7771764694303558,24.1476833820343,100,-4.732974132728356,3.896559845095909e-18,7.987947682446614e-16,0.02413985111021449,0.8608010376424908,1.0,-1.024858864789022,6.906672275406012e-18,1.2915477155009242e-15,0.02413985111021449,0.8608010376424908,1.0,0.4900290185490186,3.896559845095909e-18,7.987947682446614e-16,0.5879618818818819,3.896559845095909e-18,7.987497077178259e-16,0.47329122182517125,3.896559845095909e-18,7.987947682446614e-16,0.49146012262110994,3.896559845095909e-18,7.987947682446614e-16,0.5032138298468665,3.896559845095909e-18,7.987947682446614e-16,0.5222940743439193,3.896559845095909e-18,7.987947682446614e-16,4.895965317004294,3.896559845095909e-18,7.987947682446614e-16,3.9070401704134796,3.896559845095909e-18,7.987947682446614e-16,-0.5623802829263674,2.1426597410614454e-17,3.7925077416787585e-15,-0.14521965746724796,0.4787621325036495,1.0,0.7147525272430425,3.896559845095909e-18,7.987947682446614e-16,-1.434348357377321,3.896559845095909e-18,7.987947682446614e-16,-3.0751140558975294,3.896559845095909e-18,7.987947682446614e-16,1.1642012282242769,3.896559845095909e-18,7.987947682446614e-16,-1.1642012282242769,3.896559845095909e-18,7.987947682446614e-16,0.7814080340826959,3.896559845095909e-18,7.987947682446614e-16,-0.7814080340826959,3.896559845095909e-18,7.987947682446614e-16,,,,,,,16.446468012332915,3.896559845095909e-18,8.767259651465796e-16
gold_fair_sources_sweep,24ec72a12284,Glmtrans_OptionB,FeasibleRestricted,250,200,20000,20,50,0.1,2.716968666828095,1.5542536961365931,2.3321740576537353,100,-0.04248759506702237,1.4621026515798794,0.04206643431525396,100,0.9143606141638394,0.8477729794945745,0.7000386276795983,100,0.0032857095124790747,1.250283350252961,0.07747959979283281,100,0.8830231384231384,0.1088486882676792,0.9164949404949405,100,0.7312134534534536,0.13989018374655562,0.7506806806806807,100,0.8911144320622258,0.10307689675954533,0.9242754083489736,100,0.887727688144642,0.10289498736252904,0.9171005516549544,100,0.8876047174647863,0.10479765846460093,0.9166558672524432,100,0.8850824811771176,0.10749297526220933,0.9166174948415937,100,8.975514498532657,2.243517702471018,8.953945158812363,100,7.16777342676357,2.160992834342028,7.117979453636145,100,0.9829313586187064,0.09405444554807262,0.9933212209161609,100,0.0014392740517681023,1.245414232093631,-0.06317172971841992,100,0.8043216731790447,0.17085148206403833,0.8524245359174086,100,0.9948549420706521,0.8035070357440364,0.8231727312300018,100,1.6933885743734651,1.1794375832850286,1.2688109211170018,100,2.1647319564966536,0.9496148967628089,2.1418764999013558,100,0.3078764048655665,0.3340217261323097,0.18856714893554116,100,1.4758518387224848,0.8615699456951139,1.4759468923880188,100,0.19136424672842509,0.21337270162843125,0.114313824913581,100,,,,0,,,,0,19.24851581335068,3.9282264619433986,18.611544132232666,100,-2.5826131114873205,3.896559845095909e-18,7.987947682446614e-16,0.017554807914463278,0.9424389080177923,1.0,-0.1614686663241293,0.06384551826051998,1.0,0.0175548079144633,0.9424389080177923,1.0,0.3787812372612373,3.896559845095909e-18,7.987947682446614e-16,0.37976320320320317,3.896559845095909e-18,7.987497077178259e-16,0.3694563448454647,3.896559845095909e-18,7.987947682446614e-16,0.38436215984537797,3.896559845095909e-18,7.987947682446614e-16,0.39590739177087086,3.896559845095909e-18,7.987947682446614e-16,0.4127837446626125,3.896559845095909e-18,7.987947682446614e-16,3.718733111500169,3.896559845095909e-18,7.987947682446614e-16,2.988885803399841,3.896559845095909e-18,7.987947682446614e-16,-0.5801124956370685,1.903450784800175e-17,3.445245920488317e-15,-0.13445089521530634,0.6376046699936373,1.0,0.5291820256121518,3.896559845095909e-18,7.987947682446614e-16,-0.5241988564203712,7.691674678710571e-10,9.691510095175319e-08,-1.5722606511238901,7.397715002246113e-15,1.117054965339163e-12,0.8674461039514415,3.896559845095909e-18,7.987947682446614e-16,-0.8674461039514415,3.896559845095909e-18,7.987947682446614e-16,0.5977771606799682,3.896559845095909e-18,7.987947682446614e-16,-0.5977771606799682,3.896559845095909e-18,7.987947682446614e-16,,,,,,,10.896451275348664,4.9610417082651575e-18,8.767259651465796e-16
gold_fair_sources_sweep,24ec72a12284,IPWTransport,FeasibleRestricted,250,200,20000,20,50,0.1,3.163100586241403,1.507788058583663,2.8264996875066837,100,-0.06115170809915653,1.4363734940476842,-0.06111279680223125,100,0.991209035286352,0.828947828641625,0.767708970876864,100,-0.015378403519655049,1.2958916488572005,0.0025351540549728435,100,0.8434340097140097,0.11512538875395446,0.8743076083076082,100,0.6762436436436436,0.13703265069760387,0.6888608608608608,100,0.8538540245683087,0.10947623116276213,0.8822160846893867,100,0.8544784608230124,0.1104758736214571,0.8875455203469363,100,0.850647923204965,0.11347253939150867,0.886676756493997,100,0.8444418155024103,0.12075465794386428,0.8877266818297136,100,8.640069421868906,2.244605464284031,8.142791059087347,100,6.869230863025142,2.1480849667200967,6.413992671631363,100,0.9639009292789917,0.10636999970022042,0.9738207345339835,100,0.03359166295034176,1.2736477115340965,0.007997767012633356,100,0.7413161126999089,0.17709302320444245,0.776659999908023,100,1.0922683801583275,0.7821245939745045,0.8899329542354624,100,1.8916262860407511,1.1346883674634276,1.59131337992468,100,2.0742128582641355,0.9733488814939598,2.099988201568531,100,0.3983955030980846,0.33604149654401366,0.3033465286576533,100,1.4161433259747995,0.8648381434710474,1.4335176981193354,100,0.2510727594761104,0.21855728017247242,0.18807615502913588,100,,,,0,,,,0,0.862957615852356,0.4217870321671771,0.8111482858657837,100,-2.1364811920740125,3.896559845095909e-18,7.987947682446614e-16,-0.0011093051176708601,0.8933277151725947,1.0,-0.08462024520161684,0.38061003668382276,1.0,-0.001109305117670878,0.8933277151725947,1.0,0.3391921085521086,3.896559845095909e-18,7.987947682446614e-16,0.3247933933933934,3.896559845095909e-18,7.987497077178259e-16,0.3321959373515478,3.896559845095909e-18,7.987947682446614e-16,0.3511129325237479,3.896559845095909e-18,7.987947682446614e-16,0.3589505975110494,3.896559845095909e-18,7.987947682446614e-16,0.3721430789879052,3.896559845095909e-18,7.987947682446614e-16,3.3832880348364176,3.896559845095909e-18,7.987947682446614e-16,2.6903432396614138,3.896559845095909e-18,7.987947682446614e-16,-0.5991429249767832,1.2559216589141089e-17,2.398810368525948e-15,-0.10229850631673265,0.5359832452872442,1.0,0.46617646513301614,3.896559845095909e-18,7.987947682446614e-16,-0.42678541833269584,8.796831074091287e-07,8.181052898904897e-05,-1.3740229394566037,5.5634556953558915e-12,5.730359366216568e-10,0.7769270057189239,3.896559845095909e-18,7.987947682446614e-16,-0.7769270057189239,3.896559845095909e-18,7.987947682446614e-16,0.5380686479322826,3.896559845095909e-18,7.987947682446614e-16,-0.5380686479322826,3.896559845095909e-18,7.987947682446614e-16,,,,,,,-7.4891069221496585,3.896559845095909e-18,8.767259651465796e-16
gold_fair_sources_sweep,24ec72a12284,OutcomeModelTransport,FeasibleRestricted,250,200,20000,20,50,0.1,3.070582580861287,1.5513183203685337,2.6550345728399023,100,-0.05949259588308342,1.4538225875202813,-0.04633924819975752,100,0.975209060628977,0.8430400624178105,0.7887907434806215,100,-0.013719291303582008,1.2927356766363631,0.048526990815115134,100,0.8505507041907043,0.1173694018279754,0.8925330405330406,100,0.6876595795795793,0.1431068141544385,0.7131191191191191,100,0.8605648325381097,0.111501570691639,0.8994166652325313,100,0.8594401658990459,0.11480911268198453,0.8965139187031577,100,0.8572834579875872,0.11718641555455052,0.8998625161249735,100,0.8537285731178496,0.12039332391044348,0.8946124995708558,100,8.689321745894592,2.2701848565116514,8.263239683088628,100,6.923913633196126,2.1770520118743377,6.5514863796724345,100,0.97737804386615,0.10654473331560851,0.986234734754829,100,0.03509453923219041,1.2739209690189313,-0.010904046941052972,100,0.7532256385095074,0.1808839230520683,0.8051997936846855,100,1.0716686706990153,0.7948427109843708,0.921360835917023,100,1.8268614485319128,1.1798560507974512,1.549573195946106,100,2.089532039567655,0.9722406079405119,2.1129337195230526,100,0.3830763217945654,0.3439908901682852,0.2637401920794735,100,1.4270798800089963,0.8689727207593854,1.447382078872909,100,0.2401362054419137,0.22324814954822916,0.15901154030875697,100,,,,0,,,,0,0.18560184955596923,0.11278459661645379,0.16419744491577148,100,-2.2289991974541286,3.896559845095909e-18,7.987947682446614e-16,0.0005498070984022097,0.7991587121799286,1.0,-0.10062021985899182,0.35680454481095936,1.0,0.0005498070984022041,0.7991587121799286,1.0,0.34630880302880307,3.896559845095909e-18,7.987947682446614e-16,0.3362093293293293,3.896559845095909e-18,7.987497077178259e-16,0.3389067453213487,3.896559845095909e-18,7.987947682446614e-16,0.35607463759978164,3.896559845095909e-18,7.987947682446614e-16,0.3655861322936716,3.896559845095909e-18,7.987947682446614e-16,0.3814298366033444,3.896559845095909e-18,7.987947682446614e-16,3.4325403588621026,3.896559845095909e-18,7.987947682446614e-16,2.7450260098323973,3.896559845095909e-18,7.987947682446614e-16,-0.5856658103896248,1.2559216589141089e-17,2.398810368525948e-15,-0.10079563003488407,0.5588737261094053,1.0,0.4780859909426144,3.896559845095909e-18,7.987947682446614e-16,-0.447385127792008,2.2830327928134221e-07,2.3058631207415565e-05,-1.438787776965443,9.010141543147884e-13,1.0631967020914504e-10,0.792246187022443,3.896559845095909e-18,7.987947682446614e-16,-0.792246187022443,3.896559845095909e-18,7.987947682446614e-16,0.5490052019664795,3.896559845095909e-18,7.987947682446614e-16,-0.5490052019664795,3.896559845095909e-18,7.987947682446614e-16,,,,,,,-8.166462688446044,3.896559845095909e-18,8.767259651465796e-16
gold_fair_sources_sweep,24ec72a12284,ProxyOnly,FeasibleRestricted,250,200,20000,20,50,0.1,5.2995817783154155,1.1824792874645385,5.0837713725688864,100,-0.060042402981485665,1.6845893559039087,-0.057481596663391324,100,1.0758292804879688,0.9998416252292717,0.7956569745131292,100,-0.014269098401984197,1.4726089938813898,0.03824195186014197,100,0.5042419011619012,0.08758406753604657,0.5182992322992324,100,0.3514502502502503,0.06519157900927576,0.3602902902902903,100,0.521658087216761,0.08938107006724944,0.5397722095057518,100,0.5033655282992642,0.1421678282741679,0.5303347909303007,100,0.49169732569391555,0.1692175027481025,0.5260079839177105,100,0.472298736514505,0.21174877280965984,0.5337826960896503,100,5.256781387032488,2.2818406252450867,5.176014589277996,100,4.178887623363729,2.1926168770579517,4.052039626855198,100,1.5630438542557752,0.36811422079012357,1.5825524875323418,100,0.13589016926707448,1.8456498837584974,0.09886527566536732,100,0.27513964756689296,0.08550838765328092,0.2873184208059071,100,1.519053798491024,0.806542859619106,1.3288284266130594,100,3.2656492254973557,1.361311575230054,3.22035707830819,100,1.297285852545212,0.9874828403061813,1.323495163458554,100,1.175322508817008,0.4739464624133381,1.0755516477141849,100,0.8780746780425166,0.8282310183452187,0.8511244579012995,100,0.7891414074083933,0.2749746102281798,0.7245405921670278,100,0.0,0.0,0.0,100,0.0,0.0,0.0,100,8.352064538002015,2.335738051388164,8.17534351348877,100,,,,,,,,,,,,,,,,,,,,,,,,,,,,,,,,,,,,,,,,,,,,,,,,,,,,,,,,,,,,,,,,,,,,,,,,
gold_fair_sources_sweep,24ec72a12284,TargetOnlyDR,OracleTargetTreated,250,200,20000,20,50,0.1,4.690309766426143,0.8624961783070159,4.556805083937894,100,-0.011711034899412658,2.0382520109551674,-0.1070939745974821,100,0.26046338228581706,0.2191251536911147,0.20820711353072674,100,0.034062269680088846,0.33966205716437187,0.029657034130623535,100,0.6505585239985241,0.04353950085366662,0.653955155955156,100,0.46774390390390397,0.03697950920298765,0.4714114114114114,100,0.6681190396627613,0.043770827028705536,0.6739892533306959,100,0.6640928974659807,0.09222021888970769,0.6769367949874556,100,0.6568064570032088,0.10182636283275735,0.6740440370474694,100,0.6368073468445786,0.13316035332730222,0.6690715114460293,100,6.8838759175883215,2.3496766357714023,6.666821419697254,100,5.49080625728751,2.202503351726657,5.3255500619884435,100,1.7372926837422604,0.3227754687843464,1.7439495152649789,100,0.01891496306019183,1.736687058183762,0.015811514926427808,100,0.44002656657795847,0.060407520190705756,0.4482813062749614,100,1.4162720580847181,0.4365280133226373,1.386299363967892,100,3.4684158655407127,1.0460093919210054,3.331756517321873,100,1.6674473026657666,0.9518697010187619,1.5708669367631087,100,0.8051610586964536,0.21511963471746687,0.7637963420537965,100,1.1404584048272728,0.8215171227082576,1.0984626738620022,100,0.5267576806236369,0.12792548387849592,0.4975912646321978,100,0.0,0.0,0.0,100,0.0,0.0,0.0,100,13.322128589153289,4.250815600947436,13.602885007858276,100,-0.6092720118892732,3.896559845095909e-18,7.987947682446614e-16,0.048331368082073084,0.5988439481270142,1.0,-0.8153658982021517,6.66687486184253e-13,1.0066981041382221e-10,0.048331368082073084,0.5988439481270142,1.0,0.14631662283662283,3.896559845095909e-18,7.987947682446614e-16,0.11629365365365364,3.896559845095909e-18,7.987497077178259e-16,0.14646095244600013,3.896559845095909e-18,7.987947682446614e-16,0.16072736916671646,3.2378376991430734e-17,1.3922702106315216e-15,0.16510913130929325,1.5465938818405608e-17,7.987947682446614e-16,0.16450861033007363,1.1832715745334615e-17,7.987947682446614e-16,1.6270945305558322,2.2731525308328643e-17,1.0001871135664604e-15,1.3119186339237814,1.2559216589141089e-17,7.987947682446614e-16,0.17424882948648587,0.0011025108249583552,0.0319728139237923,-0.11697520620688259,0.5269610710548687,1.0,0.16488691901106559,4.0161556854627e-18,7.987947682446614e-16,-0.10278174040630506,0.38812672601916176,1.0,0.20276664004335693,0.2288162707681446,1.0,0.3701614501205545,1.960659347540535e-17,7.987947682446614e-16,-0.3701614501205545,1.960659347540535e-17,7.987947682446614e-16,0.2623837267847563,1.2559216589141089e-17,7.987947682446614e-16,-0.2623837267847563,1.2559216589141089e-17,7.987947682446614e-16,0.0,,,0.0,,,4.970064051151276,2.606272864935285e-13,9.643209600260555e-12
gold_fair_sources_sweep,2f64edb7e198,AnchorOnly,OracleTargetTreated,550,500,2000,2,50,0.1,4.521060181427513,0.9424395934390635,4.340014949670039,100,0.0818966062996642,1.4615409948066596,0.10052577213755633,100,0.2052617270921836,0.14262077559443698,0.18560432832175622,100,0.029162245221518356,0.2490775280655112,0.026011980716652117,100,0.665848001968002,0.04660249544774087,0.6655274875274877,100,0.4811063063063063,0.03947807895769993,0.4805785785785786,100,0.6836104465293709,0.04621828265931547,0.685026524500344,100,0.6860223036969532,0.07947624369370719,0.6966348035266139,100,0.6787272778188884,0.08981857619954221,0.700320878223033,100,0.6692436977617815,0.10663213416961378,0.6942577316728867,100,6.95170648863363,2.1390782645978477,6.621934231813516,100,5.5169987943479715,1.9008956482437789,5.135588148195275,100,1.7570984563245218,0.29705918726106373,1.7071298288143044,100,-0.07630292259084326,1.1877106256346526,-0.11988599517688645,100,0.46232064533078693,0.06281839811626133,0.46686881264614544,100,1.4068362833558417,0.40059664298404424,1.3570636790023427,100,3.492926045000595,1.0723904916134819,3.4978022456333893,100,1.5514898772632617,0.9023645064869986,1.5677910819095628,100,0.7499922686969623,0.2102657536444676,0.7177136642974982,100,1.034873864146165,0.8865456063813262,1.010305744945168,100,0.4992775208974318,0.15014946609372343,0.4666222080745954,100,0.0011219696346581264,0.0009439972492527485,0.0006923074272232631,100,24.0,0.6195469181897234,24.0,100,9.010649683475494,1.417843892679466,8.977766513824463,100,-0.6699311251295584,4.813701823147399e-18,7.987947682446614e-16,0.1337309765088946,0.5588737261094053,1.0,-0.922130426498598,2.262528715891485e-16,3.8689241041744394e-14,0.1337309765088946,0.5588737261094053,1.0,0.17576513984513994,1.2938800168252932e-17,7.987947682446614e-16,0.13919343343343346,1.3329700507875106e-17,7.987497077178259e-16,0.1764596931399754,1.3329700507875106e-17,7.987947682446614e-16,0.1851749211231848,1.6412062569258175e-17,7.987947682446614e-16,0.1837706254397033,3.861843481183515e-17,1.2357899139787248e-15,0.18489402480113148,7.343095847008848e-17,1.6154810863419464e-15,1.865489459307751,2.1426597410614454e-17,9.641968834776504e-16,1.4617530888713706,2.3413085997284582e-17,9.599365258886678e-16,0.4136847218967341,1.8992298793321397e-12,1.2534917203592122e-10,-0.20471483252644396,0.35322723435597647,1.0,0.1925651300327288,1.2559216589141089e-17,7.987947682446614e-16,-0.07127818683552185,0.6698511676891292,1.0,0.36576832601116727,0.008191527683583642,0.42595943954634935,0.4848886315240836,5.767203615817138e-18,7.987947682446614e-16,-0.4848886315240836,5.767203615817138e-18,7.987947682446614e-16,0.29235061777427407,2.3413085997284582e-17,9.599365258886678e-16,-0.29235061777427407,2.3413085997284582e-17,9.599365258886678e-16,0.0011219696346581264,3.896559845095909e-18,1.7534519302931591e-16,24.0,1.4655266212971821e-19,6.008659147318447e-18,5.2307538056373595,3.896559845095909e-18,8.767259651465796e-16
gold_fair_sources_sweep,2f64edb7e198,AnchorPlugin,FeasibleRestricted,550,500,2000,2,50,0.1,4.00855014008184,1.3250062272122192,3.6627940590200803,100,-0.09829299967570769,1.176590239766452,-0.0939455712255168,100,0.8187159872867484,0.6701231691856929,0.744730661486664,100,-0.15102736075385356,1.0502818358663693,-0.013685799551247855,100,0.7148536299736299,0.1359743546057298,0.7596980136980138,100,0.531632872872873,0.11521470187509311,0.5623603603603604,100,0.7299431323537605,0.1356307973884554,0.7723539540332556,100,0.723883353894112,0.1415207110442255,0.7676328382982862,100,0.725627165565703,0.1452328202371115,0.7702467887786948,100,0.7189006298736096,0.15479632144415092,0.7629421143813374,100,7.25707990519885,2.3280945345560475,7.176434931045318,100,5.826752760644151,2.0550321578966595,5.525691820175908,100,1.0322441530045063,0.21001547507867233,1.0430578691789243,100,0.13771082541946547,1.0064942503693344,0.06130897054302247,100,0.5512582153175614,0.16767913162427783,0.5879034514250177,100,1.0462621591047876,0.6672085007109758,0.8971198330248809,100,2.0816842820764614,1.408087398948343,1.641174037945888,100,1.6462566482310779,0.8989854497489105,1.7761311514151652,100,0.6552254977291461,0.43763413739197254,0.5073680345537521,100,1.0968246574054008,0.8769843651552683,1.1194207146075756,100,0.4373267276381959,0.2819313366916263,0.36199877016808835,100,0.0035015412713293465,0.0023120643930114658,0.003135735824645057,100,49.54,0.7023769168568492,50.0,100,3.564261076450348,0.8842099759368695,3.523224711418152,100,-1.182441166475232,5.430296382634715e-18,7.987947682446614e-16,-0.04645862946647739,0.7779874954111793,1.0,-0.3086761663040331,2.531779089977173e-05,0.0028609103716742052,-0.04645862946647737,0.7779874954111793,1.0,0.22477076785076783,4.0161556854627e-18,7.987947682446614e-16,0.18971999999999997,4.0161556854627e-18,7.987497077178259e-16,0.222792378964365,4.0161556854627e-18,7.987947682446614e-16,0.2230359713203435,4.3971135541818935e-18,7.987947682446614e-16,0.23067051318651793,4.0161556854627e-18,7.987947682446614e-16,0.2345509569129596,3.896559845095909e-18,7.987947682446614e-16,2.1708628758729707,4.670683307897806e-18,7.987947682446614e-16,1.7715070551675496,4.0161556854627e-18,7.987947682446614e-16,-0.3111695814232807,7.810649014598995e-15,7.342010073723055e-13,0.009298915483864682,0.9260348271927795,1.0,0.28150270001950334,4.0161556854627e-18,7.987947682446614e-16,-0.4318523110865762,4.081605935918749e-10,5.265271657335186e-08,-1.045473436912966,1.8529162237314765e-12,2.056737008341939e-10,0.5796554024919,3.896559845095909e-18,7.987947682446614e-16,-0.5796554024919001,3.896559845095909e-18,7.987947682446614e-16,0.35430141103351,4.0161556854627e-18,7.987947682446614e-16,-0.35430141103351,4.0161556854627e-18,7.987947682446614e-16,0.0035015412713293465,3.896559845095909e-18,1.7534519302931591e-16,49.54,2.3131655002111886e-19,8.790028900802516e-18,-0.21563480138778687,0.2623330281559302,1.0
gold_fair_sources_sweep,2f64edb7e198,EntropyBalancing,FeasibleRestricted,550,500,2000,2,50,0.1,3.7319374506462784,1.9776160968542291,3.3180885247481364,100,0.07237105690087137,1.3919237341425672,0.02720983557446588,100,0.7942728557651041,0.6583172764444,0.542294091190836,100,0.019636695822725498,1.0345211109361991,0.030235903440515327,100,0.7694172172572173,0.20434878722035016,0.825857187857188,100,0.6034940540540541,0.1873688905906395,0.6332252252252253,100,0.7808546731507794,0.20295657987279742,0.8369403824210204,100,0.7820882865015839,0.20740654708571743,0.8591425720256203,100,0.7794817048242412,0.20945661435733864,0.84953294140715,100,0.7745319666007319,0.2182818948020795,0.8484435021617565,100,7.751661228223466,2.69888769736716,7.747046426970439,100,6.181217361097956,2.324176809186411,6.146821982858551,100,0.8120642028937154,0.23014205814963787,0.852847181825855,100,0.06416521708012703,0.9804987084557033,0.02771146220121264,100,0.6513147116721512,0.24741606951227357,0.7029867071449527,100,1.4228892640488977,1.098910810720016,1.1538154821887603,100,3.0650164791717036,2.622954150796185,2.337602988701119,100,1.747485865037098,0.9186730197531505,1.7645887681585322,100,0.5539962809231264,0.5741954664728872,0.37795146021077913,100,1.1677175774961615,0.8789763433902069,1.1493865195199566,100,0.3664338075474354,0.4017467536691251,0.24100971902781787,100,,,,0,,,,0,0.694089195728302,0.33124891753814506,0.6750528812408447,100,-1.4590538559107937,2.673838131172043e-13,4.278141009875269e-12,0.12420542711010173,0.38623912559841633,1.0,-0.3331192978256773,0.003548921708441747,0.280364814966898,0.12420542711010173,0.38623912559841633,1.0,0.2793343551343551,1.6412062569258175e-17,7.987947682446614e-16,0.26158118118118123,1.219062650217942e-17,7.987497077178259e-16,0.27370391976138375,2.0195637546078604e-17,7.987947682446614e-16,0.2812409039278153,6.166069759616455e-17,1.9731423230772655e-15,0.2845250524450561,3.2378376991430734e-17,1.1332431947000757e-15,0.2901822936400819,2.964263914228315e-17,1.007849730837627e-15,2.6654441988975877,2.262528715891485e-16,6.10882753290701e-15,2.1259716556213526,1.273307953842098e-16,3.1832698846052447e-15,-0.5313495315340716,1.690631665125153e-17,3.127668580481533e-15,-0.06424669285547378,0.5775215365287132,1.0,0.38155919637409313,9.893009181510365e-18,7.987947682446614e-16,-0.0552252061424661,0.37874492892909406,1.0,-0.06214123981772385,0.14871185095600323,1.0,0.6808846192979197,1.7415252083634357e-17,7.987947682446614e-16,-0.6808846192979194,1.7415252083634357e-17,7.987947682446614e-16,0.4251943311242706,1.273307953842098e-16,3.1832698846052447e-15,-0.4251943311242706,1.273307953842098e-16,3.1832698846052447e-15,,,,,,,-3.085806682109833,3.896559845095909e-18,8.767259651465796e-16
gold_fair_sources_sweep,2f64edb7e198,Glmtrans_Auto,OracleTargetTreated,550,500,2000,2,50,0.1,0.4520427000775352,0.11077581684622405,0.42954635987274925,100,0.06374226861487665,1.473591767807406,0.05716966449349045,100,0.03425486696655523,0.02594797485098672,0.030219852550146364,100,0.011007907536730772,0.04166710675449948,0.012041904649204405,100,0.996644220644221,0.002183917544224849,0.9972455292455293,100,0.954992872872873,0.01286544825615665,0.9571291291291292,100,0.9970444530898231,0.0019946078580880453,0.9976211686449006,100,0.997128798033015,0.002218881246630194,0.9977410349190509,100,0.9971027805863835,0.0021867144629544233,0.9975716719596506,100,0.9968632440808107,0.0027172920769586236,0.9978165062432618,100,10.02497751734631,2.543893565108526,9.420257763017707,100,7.992381735044208,2.20802283029431,7.389569487381323,100,1.0328506741297068,0.012298268663519185,1.0347192219486028,100,-0.010919218016905962,0.0683944200776023,-0.003940785638554304,100,0.9939822312093607,0.004221974940524434,0.9953097868315695,100,0.14862263049271204,0.04753912453062783,0.14620074522475682,100,0.3515451531692445,0.1178651022353424,0.35193594061036304,100,2.295568958457861,0.9652493824042839,2.3036052223735477,100,0.00591318750236332,0.003541643733484173,0.005046855031637709,100,1.5299504522854128,0.920050357249992,1.4843156540902505,100,0.004200932758184588,0.0026586206604364464,0.0036912293900504822,100,,,,0,,,,0,11.879652194976806,1.7369014660525937,11.593900084495544,100,-4.7389486064795365,3.896559845095909e-18,7.987947682446614e-16,0.11557663882410697,0.5314624520873817,1.0,-1.0931372866242264,5.269204481546392e-18,1.0116872604569072e-15,0.11557663882410697,0.5314624520873817,1.0,0.5065613585213584,3.896559845095909e-18,7.987947682446614e-16,0.6130800000000001,3.896559845095909e-18,7.987497077178259e-16,0.4898936997004279,3.896559845095909e-18,7.987947682446614e-16,0.4962814154592464,3.896559845095909e-18,7.987947682446614e-16,0.5021461282071986,3.896559845095909e-18,7.987947682446614e-16,0.5125135711201608,3.896559845095909e-18,7.987947682446614e-16,4.9387604880204306,3.896559845095909e-18,7.987947682446614e-16,3.937136029567606,3.896559845095909e-18,7.987947682446614e-16,-0.31056306029808034,2.929781311502822e-10,1.7871666000167215e-08,-0.13933112795250682,0.48518973727290204,1.0,0.7242267159113027,3.896559845095909e-18,7.987947682446614e-16,-1.3294918396986517,3.896559845095909e-18,7.987947682446614e-16,-2.7756125658201825,3.896559845095909e-18,7.987947682446614e-16,1.2289677127186827,3.896559845095909e-18,7.987947682446614e-16,-1.2289677127186827,3.896559845095909e-18,7.987947682446614e-16,0.7874272059135212,3.896559845095909e-18,7.987947682446614e-16,-0.7874272059135212,3.896559845095909e-18,7.987947682446614e-16,,,,,,,8.099756317138672,3.896559845095909e-18,8.767259651465796e-16
gold_fair_sources_sweep,2f64edb7e198,Glmtrans_DR_CrossFit,OracleTargetTreated,550,500,2000,2,50,0.1,0.39418117654333557,0.11653002388752011,0.36956092301564786,100,0.06403475278642354,1.4770311107319183,0.05320641666835814,100,0.03705985718630571,0.02655450301760867,0.03471068058998504,100,0.011300391708277666,0.044310935058669974,0.009828662847252312,100,0.9969465427065428,0.002089971859857439,0.9976609996609997,100,0.9575883483483484,0.0125786517211515,0.9604184184184184,100,0.9973145954641918,0.0019101393976170453,0.9979216903838726,100,0.9974016006541915,0.002211731497227336,0.9979035470307596,100,0.9972873919840355,0.002086636747978068,0.9977248489005002,100,0.9971664286916636,0.002542758423372331,0.9979972396115799,100,10.02738181972974,2.543037676918757,9.4249679790579,100,7.993742807330217,2.208103001484318,7.389633224003276,100,1.0045065524173666,0.007107836149248593,1.0050678968349074,100,-0.012332193287869527,0.04854428783395248,-0.011392181563016118,100,0.9945295301424122,0.004050605459195972,0.9957685856700531,100,0.05806280051579024,0.024071025176163167,0.0553496138387394,100,0.1341027769355949,0.057612043777012685,0.12232242423703377,100,2.2960440196217577,0.9650937552266068,2.3032349967540737,100,0.00543812633846619,0.0034889734245455604,0.004708704752369508,100,1.530222666742614,0.919860982838846,1.4842846286131683,100,0.003928718300982612,0.002592068055710728,0.0036192616324486893,100,,,,0,,,,0,13.993457536697388,1.4967640048344912,13.829941749572754,100,-4.7968101300137365,3.896559845095909e-18,7.987947682446614e-16,0.11586912299565387,0.5337204302967387,1.0,-1.0903322964044762,5.112831740936498e-18,9.86776526000744e-16,0.11586912299565387,0.5337204302967387,1.0,0.5068636805836806,3.896559845095909e-18,7.987947682446614e-16,0.6156754754754755,3.896559845095909e-18,7.987497077178259e-16,0.4901638420747963,3.896559845095909e-18,7.987947682446614e-16,0.496554218080423,3.896559845095909e-18,7.987947682446614e-16,0.5023307396048505,3.896559845095909e-18,7.987947682446614e-16,0.5128167557310137,3.896559845095909e-18,7.987947682446614e-16,4.941164790403865,3.896559845095909e-18,7.987947682446614e-16,3.9384971018536157,3.896559845095909e-18,7.987947682446614e-16,-0.33890718201042036,5.246687687977604e-11,3.2529463665461146e-09,-0.14074410322347033,0.4660476227591346,1.0,0.724774014844354,3.896559845095909e-18,7.987947682446614e-16,-1.4200516696755734,3.896559845095909e-18,7.987947682446614e-16,-2.993054942053833,3.896559845095909e-18,7.987947682446614e-16,1.2294427738825795,3.896559845095909e-18,7.987947682446614e-16,-1.2294427738825795,3.896559845095909e-18,7.987947682446614e-16,0.7876994203707234,3.896559845095909e-18,7.987947682446614e-16,-0.7876994203707234,3.896559845095909e-18,7.987947682446614e-16,,,,,,,10.213561658859254,3.896559845095909e-18,8.767259651465796e-16
gold_fair_sources_sweep,2f64edb7e198,Glmtrans_OptionB,FeasibleRestricted,550,500,2000,2,50,0.1,3.4775675083282267,2.002635967017786,3.1083378328562388,100,0.02520548653084074,1.415342409961745,0.03803668871103313,100,0.7838683123242647,0.6699992575562452,0.6041793034568408,100,-0.027528874547305127,1.0338228103690226,-0.00540959432394067,100,0.7871693483693484,0.20643474696321318,0.8665435225435225,100,0.6275170370370371,0.19718265387839548,0.6805185185185185,100,0.7976574177744129,0.20424242333643913,0.8764953241523614,100,0.7943365901353202,0.21100533816794795,0.8696795515257207,100,0.7948718165133214,0.21011226111709427,0.8704455640398348,100,0.7898297609638893,0.22020053478968207,0.879774716199385,100,7.883512622026155,2.7386695313014475,7.984554293526049,100,6.306013070152077,2.3220503101940335,6.171027768992477,100,0.8521075100222707,0.23284602216283304,0.8950716674389423,100,0.09826655402524084,0.9910949810515047,0.07819872470756223,100,0.6781918403667541,0.25815956773599463,0.769526650133473,100,1.2927078550949955,1.0249272366817304,0.9524467783437419,100,2.691215506618403,2.3969680909327127,1.9129888455368635,100,1.7811605352222892,0.9154747948342072,1.8201273133064968,100,0.5203216107379344,0.5878745022488815,0.3301227429373413,100,1.1926767193069856,0.8772868672892249,1.1548925883588619,100,0.34147466573661106,0.39828906046166873,0.20716242976785304,100,,,,0,,,,0,11.338519201278686,1.3914312791100527,11.41936445236206,100,-1.7134237982288454,8.472927436574743e-15,1.8640440360464435e-13,0.07703985674007105,0.4981839177712257,1.0,-0.3435238412665167,0.0018173674444179279,0.15447623277552386,0.07703985674007108,0.4981839177712257,1.0,0.2970864862464862,1.1832715745334615e-17,7.987947682446614e-16,0.2856041641641642,9.318997235593406e-18,7.987497077178259e-16,0.2905066643850176,1.5932071996658114e-17,7.987947682446614e-16,0.2934892075615517,4.8816168731894246e-17,1.6597497368844044e-15,0.29991516413413616,1.7939298766693858e-17,8.252077432679174e-16,0.30548008800323934,1.5932071996658114e-17,7.987947682446614e-16,2.7972955927002765,1.273307953842098e-16,4.329247043063133e-15,2.250767364675474,5.0264575344033727e-17,1.859789287729248e-15,-0.49130622440551647,2.4114800543560524e-17,4.171860494035971e-15,-0.03014535591035999,0.6302567676905975,1.0,0.4084363250686961,7.55704804907942e-18,7.987947682446614e-16,-0.1854066150963679,0.04180176387558987,1.0,-0.43594221237102393,0.008530490516653232,0.43505501634931487,0.7145592894831116,2.3413085997284582e-17,8.662841818995295e-16,-0.7145592894831116,2.3413085997284582e-17,8.662841818995295e-16,0.4501534729350948,5.0264575344033727e-17,1.859789287729248e-15,-0.4501534729350948,5.0264575344033727e-17,1.859789287729248e-15,,,,,,,7.5586233234405515,3.896559845095909e-18,8.767259651465796e-16
gold_fair_sources_sweep,2f64edb7e198,IPWTransport,FeasibleRestricted,550,500,2000,2,50,0.1,3.744082126244423,1.9749916124914957,3.3169067264145236,100,0.07343537673524256,1.3904882950774304,0.04503283055814054,100,0.7911848017788863,0.659459017540636,0.5689022838785918,100,0.02070101565709667,1.032835751350055,0.016133643831152317,100,0.7683187851187852,0.2031546554852676,0.8198151998151999,100,0.6021622022022023,0.18653401352684917,0.6265205205205205,100,0.7798480723129444,0.20170975897997565,0.829684631835113,100,0.78001939554651,0.20548854920509266,0.8467568640937436,100,0.7770176412205917,0.20923402999130306,0.8438380114071933,100,0.7745934125847077,0.21615794010900544,0.8485866874164578,100,7.728926298577594,2.6632748474097547,7.661420288521373,100,6.16144034537535,2.3232769629519234,6.103009652452174,100,0.8103058649244638,0.22971789874116644,0.8426926146190681,100,0.06329009326013865,0.9752553782990904,0.03514549459301347,100,0.6492994023496637,0.24715801492564568,0.6883083576543532,100,1.4338105957169816,1.1014819467552677,1.1659068226104892,100,3.0948985167329544,2.6234201177774454,2.4694236788602835,100,1.7436646784309897,0.922300605793276,1.774317055113221,100,0.5578174675292342,0.574258815221146,0.3839291337352774,100,1.1637621743516404,0.8804294392890413,1.1359344009663577,100,0.3703892106919562,0.4017953670463171,0.2452322186882948,100,,,,0,,,,0,0.23091463327407838,0.11400944622030557,0.2216341495513916,100,-1.446909180312648,3.364689952948779e-13,5.047034929423168e-12,0.12526974694447293,0.38623912559841633,1.0,-0.33620735181189554,0.003708522618562532,0.285556241629315,0.1252697469444729,0.38623912559841633,1.0,0.278235922995923,1.4573676877736123e-17,7.987947682446614e-16,0.2602493293293293,1.1832715745334615e-17,7.987497077178259e-16,0.2726973189235488,1.8478899002670448e-17,7.987947682446614e-16,0.27917201297274136,4.4713463414559033e-17,1.6096846829241253e-15,0.2820609888414067,2.794684092654649e-17,1.0619799552087667e-15,0.2902437396240577,2.8782421504419467e-17,1.0073847526546814e-15,2.6427092692517133,1.3489339428091349e-16,4.329247043063133e-15,2.1061946398987477,1.1676417541676908e-16,3.152632736252765e-15,-0.5331078695033231,1.4573676877736123e-17,2.7544249298921274e-15,-0.06512181667546217,0.5822288568473547,1.0,0.3795438870516058,9.318997235593406e-18,7.987947682446614e-16,-0.04430387447438213,0.4053668309798979,1.0,-0.032259202256473156,0.18558440412527066,1.0,0.6770634326918118,1.903450784800175e-17,7.987947682446614e-16,-0.6770634326918118,1.903450784800175e-17,7.987947682446614e-16,0.4212389279797496,1.1676417541676908e-16,3.152632736252765e-15,-0.4212389279797496,1.1676417541676908e-16,3.152632736252765e-15,,,,,,,-3.5489812445640565,3.896559845095909e-18,8.767259651465796e-16
gold_fair_sources_sweep,2f64edb7e198,OutcomeModelTransport,FeasibleRestricted,550,500,2000,2,50,0.1,3.5156088230705342,1.9817203953594267,3.1165451352811893,100,0.014461226188143899,1.3992258783006921,0.03662939559299187,100,0.8030366529660065,0.6689973600256806,0.6234027604551193,100,-0.03827313489000199,1.0475970224331312,-0.012451732637912716,100,0.7864237095037098,0.20458387821328772,0.8666867066867068,100,0.6248846046046046,0.1931991485901553,0.6806686686686687,100,0.7970400527025829,0.20256256021193447,0.876612435635105,100,0.7941045577100894,0.20913339004896017,0.8685397657244138,100,0.7942290011489531,0.20738767619001555,0.8736314999254557,100,0.7896483261796194,0.2193999401616229,0.8799210900497043,100,7.879387672977156,2.7205690552954347,7.954702367491898,100,6.301229720363008,2.3083521679417673,6.178247075348265,100,0.8480789710543576,0.23164435860599936,0.8920680958947607,100,0.10980119369842271,0.9997843462772907,0.07737272516446708,100,0.6765192042065802,0.2544931089588271,0.7696312859123438,100,1.3151700306226346,1.0236034741745983,1.0122059235458687,100,2.760783549287771,2.4163955517883267,1.9454168552602362,100,1.7768880530612257,0.9148052445589345,1.8268541434632914,100,0.5245940928989983,0.5869926943107008,0.33048292473358043,100,1.1917200493491718,0.8750430251386402,1.1473920176575,100,0.34243133569442485,0.3948502046749493,0.20704530394138998,100,,,,0,,,,0,0.04509345293045044,0.026227021901975626,0.03714871406555176,100,-1.675382483486537,1.3055060419538937e-14,2.741562688103177e-13,0.0662955963973742,0.5822288568473547,1.0,-0.3243555006247751,0.0028728286282878363,0.2355719475196026,0.06629559639737419,0.5822288568473547,1.0,0.2963408473808474,1.1832715745334615e-17,7.987947682446614e-16,0.2829717317317318,9.318997235593406e-18,7.987497077178259e-16,0.2898892993131874,1.5932071996658114e-17,7.987947682446614e-16,0.2932571751363207,4.8816168731894246e-17,1.6597497368844044e-15,0.29927234876976816,1.5932071996658114e-17,7.987947682446614e-16,0.30529865321896943,1.5932071996658114e-17,7.987947682446614e-16,2.793170643651278,1.273307953842098e-16,4.329247043063133e-15,2.245984014886405,4.2169267302822515e-17,1.6024321575072556e-15,-0.49533476337342947,2.1426597410614454e-17,3.7925077416787585e-15,-0.018610716237178145,0.6302567676905975,1.0,0.4067636889085223,7.55704804907942e-18,7.987947682446614e-16,-0.1629444395687289,0.060945996147306315,1.0,-0.366374169701656,0.01477807881436309,0.6945697042750651,0.7102868073220479,2.3413085997284582e-17,8.662841818995295e-16,-0.7102868073220479,2.3413085997284582e-17,8.662841818995295e-16,0.44919680297728093,4.2169267302822515e-17,1.6024321575072556e-15,-0.44919680297728093,4.2169267302822515e-17,1.6024321575072556e-15,,,,,,,-3.7348024249076843,3.896559845095909e-18,8.767259651465796e-16
gold_fair_sources_sweep,2f64edb7e198,ProxyOnly,FeasibleRestricted,550,500,2000,2,50,0.1,5.190991306557072,1.2213765765943594,4.8851265284579615,100,-0.05183437020923031,1.8793848002806834,0.0397938388376968,100,1.1273921535907816,0.9355472648077559,0.9168273708476729,100,-0.10456873128737618,1.4656245079282029,-0.03255758800253053,100,0.49008286212286223,0.11923480734764991,0.5130974970974971,100,0.3419128728728728,0.08767971678417144,0.35774774774774776,100,0.5071507533893955,0.12179495774480417,0.5281984833328732,100,0.5008473825737686,0.1499383257885031,0.5263666787491071,100,0.4949566523791852,0.16990867322508463,0.5324042665125107,100,0.4843496729606501,0.1900784735714664,0.5213159073552901,100,5.086217029325878,2.1317674790322894,5.034293679482067,100,4.055245705476602,1.9621807011581116,3.763635570161787,100,1.3434137344277866,0.4105672627931212,1.361875506268042,100,0.12841190993560078,1.862037087810632,-0.014168603756869694,100,0.26975551529805797,0.10694065281371529,0.28334734860616884,100,1.4781144701913635,0.7794311567852041,1.270226518088503,100,3.1271577189894275,1.3559325981922716,2.922855660264886,100,1.066601245739178,0.9094098690618807,1.2026978633061591,100,1.234880900221046,0.4990418456278916,1.100957894899781,100,0.7425232463718909,0.902736284993543,0.7978034013247381,100,0.7916281386717059,0.32062834527156653,0.6976824895665441,100,0.0,0.0,0.0,100,0.0,0.0,0.0,100,3.779895877838135,0.8186715494836887,3.647334337234497,100,,,,,,,,,,,,,,,,,,,,,,,,,,,,,,,,,,,,,,,,,,,,,,,,,,,,,,,,,,,,,,,,,,,,,,,,
gold_fair_sources_sweep,2f64edb7e198,TargetOnlyDR,OracleTargetTreated,550,500,2000,2,50,0.1,4.461392267098587,0.910523725941924,4.288069947912098,100,0.08123476322305262,1.4729069570165492,0.11297924633651517,100,0.20701953632804113,0.145109277213342,0.18189976480853598,100,0.028500402144906713,0.2520440694372421,0.024878795138781162,100,0.6807284385284385,0.04485320138750323,0.6765075045075045,100,0.4934452452452453,0.038759506169706796,0.48788388388388393,100,0.6979974108765884,0.04374468931760221,0.6944595013684542,100,0.7009800157476643,0.06884125134635599,0.7002275877469887,100,0.6888413454907086,0.0817346992292088,0.7008455688810726,100,0.6856491926538685,0.09858661944019638,0.7021300908831112,100,7.110357207891257,2.1730223709598877,6.660899588727535,100,5.602507949561075,1.9179830000697284,5.298424808827894,100,1.77240147255284,0.28902080709015954,1.7063416846826853,100,-0.09149419750930604,1.2516131696292903,-0.15601202754304716,100,0.48392868134113876,0.06001494968566472,0.48198412051323125,100,1.4406454373109736,0.4454867336640821,1.414955301689641,100,3.588953471508538,1.0586547415004666,3.495019739343144,100,1.5962145746703298,0.8904222869761644,1.6513216902942975,100,0.7052675712898943,0.19022036908427503,0.6823785887348695,100,1.051975695188785,0.893630783317285,1.0151571553372158,100,0.4821756898548115,0.1293008590033579,0.46135547908901964,100,0.0,0.0,0.0,100,0.0,0.0,0.0,100,13.124243185520172,1.9323211131527656,12.865997433662415,100,-0.7295990394584844,4.0161556854627e-18,7.987947682446614e-16,0.1330691334322829,0.5473692910808176,1.0,-0.9203726172627404,2.3957899977091294e-16,4.07284299610552e-14,0.13306913343228288,0.5473692910808176,1.0,0.19064557640557642,8.267798584515514e-18,7.987947682446614e-16,0.15153237237237238,8.267798584515514e-18,7.987497077178259e-16,0.19084665748719287,8.267798584515514e-18,7.987947682446614e-16,0.20013263317389565,5.596247901468035e-18,7.987947682446614e-16,0.1938846931115236,2.2069547466224186e-17,9.269209935814158e-16,0.2012995196932184,3.641679657916183e-17,1.1331893458817622e-15,2.0241401785653794,5.430296382634715e-18,7.987947682446614e-16,1.5472622440844717,1.219062650217942e-17,7.987947682446614e-16,0.4289877381250529,2.673838131172043e-13,1.8449483105087097e-11,-0.21990610744490685,0.32038068918795515,1.0,0.21417316604308095,7.55704804907942e-18,7.987947682446614e-16,-0.03746903288039002,0.43307645328435596,1.0,0.4617957525191103,0.0010760569679083463,0.06456341807450078,0.5296133289311517,4.2663227307182344e-18,7.987947682446614e-16,-0.5296133289311517,4.2663227307182344e-18,7.987947682446614e-16,0.30945244881689427,1.219062650217942e-17,7.987947682446614e-16,-0.30945244881689427,1.219062650217942e-17,7.987947682446614e-16,0.0,,,0.0,,,9.344347307682037,3.896559845095909e-18,8.767259651465796e-16
gold_fair_sources_sweep,33fde3e6ff5c,AnchorOnly,OracleTargetTreated,550,500,5000,5,50,0.1,4.611560938117495,0.8679306503766041,4.447235199404942,100,0.1440876580519726,1.889238915286625,0.28896385684059434,100,0.21020401443090211,0.14795704789064504,0.1731421507868884,100,-0.00313458117484357,0.2579019413215201,0.007340800219867105,100,0.6594702322302323,0.04100520617377356,0.6645667845667846,100,0.47513681681681674,0.03462241990699305,0.4776356356356356,100,0.676776468852625,0.04012640199045856,0.6817880718898119,100,0.6775352199131756,0.08711086462709325,0.6944565759582471,100,0.6641238559163811,0.1370493452793644,0.6934621659522628,100,0.6336075786486584,0.30200008183374905,0.6857101672670565,100,7.060782499803238,2.0766554778037825,6.890497163524885,100,5.643087432645164,2.0352701162149844,5.535320260723051,100,1.7098113369015946,0.3031139622454014,1.6664294723064947,100,-0.17021526042159238,1.3303622507371387,-0.1486637860747398,100,0.4518097051663553,0.05475332178341494,0.4560065004368404,100,1.3649271162897734,0.36093220166012613,1.3599066258952353,100,3.403485254527085,0.8097960007549483,3.4282092420747885,100,1.5556283681555931,0.7712088788599566,1.518985967268854,100,0.759610192668989,0.193771165333852,0.7057461737039018,100,0.9398868567531298,0.8391732549527702,0.8430340817456753,100,0.5242261163620442,0.1487488786471496,0.4932489860313154,100,0.0009320949426934483,0.0008714598677534301,0.0005493362296072565,100,24.13,0.7057484028184605,24.0,100,12.801338913440704,0.5224962577334309,12.791359663009644,100,-0.5969494771297637,4.0161556854627e-18,7.987947682446614e-16,-0.15552702548636343,0.29116666608101216,1.0,-0.9245358337335765,5.486894326681338e-17,9.547196128425528e-15,-0.15552702548636343,0.29116666608101216,1.0,0.1426938048138048,8.519072542858556e-18,7.987947682446614e-16,0.11402170170170171,8.023842397878198e-18,7.987497077178259e-16,0.1430642607134094,8.777880718979924e-18,7.987947682446614e-16,0.1655905326058478,3.750168121901122e-17,1.4625655675414375e-15,0.1576019662756697,5.1755353272287037e-17,1.449149891624037e-15,0.17233574804089768,5.1755353272287037e-17,1.449149891624037e-15,1.652953632601039,2.794684092654649e-17,1.1458204779884061e-15,1.238406867625679,5.328972389674846e-17,1.9184300602829446e-15,0.2512741126525979,3.9455162763770626e-06,0.00016571168360783662,0.18527607925872683,0.48304202468022994,1.0,0.1628035820211867,9.318997235593406e-18,7.987947682446614e-16,-0.1062345908402476,0.358601729152343,1.0,0.31816453990517357,0.027285808816424915,1.0,0.41067230316027037,1.1485179010089616e-17,7.987947682446614e-16,-0.41067230316027037,1.1485179010089616e-17,7.987947682446614e-16,0.24768137352513583,5.328972389674846e-17,1.9184300602829446e-15,-0.24768137352513583,5.328972389674846e-17,1.9184300602829446e-15,0.0009320949426934483,3.896559845095909e-18,1.7534519302931591e-16,24.13,4.357907996874604e-19,1.5252677989061113e-17,6.531571004390717,3.896559845095909e-18,8.767259651465796e-16
gold_fair_sources_sweep,33fde3e6ff5c,AnchorPlugin,FeasibleRestricted,550,500,5000,5,50,0.1,4.078811546511033,1.2734179762900557,3.703186945485549,100,0.21802353001972116,1.2809174259356972,0.43242971712096795,100,0.9300018530520725,0.7971178135398536,0.7481418010739589,100,0.07080129079290493,1.2263658493462322,0.1867065109208914,100,0.7219731521331522,0.10534838761236637,0.7536882696882697,100,0.5352238238238239,0.09287914071237202,0.5593973973973975,100,0.7374362174962132,0.10363163006237963,0.7689903122969386,100,0.730545058735724,0.12850616800154074,0.7659090537161853,100,0.7180550271423075,0.18172923760065257,0.7556518369908127,100,0.6893540548506449,0.3904462604344884,0.7543947436556455,100,7.5457878556116444,2.1856364616729773,7.398543897669798,100,6.021410578147462,2.0992252724131317,5.945035448936044,100,1.0399071128777364,0.12506942534541707,1.0348715730353149,100,-0.09649609072553565,1.1979524335642022,-0.1364171771314224,100,0.5537390635100418,0.13838425806762472,0.5884922169833535,100,1.0435486524351365,0.7305151570340922,0.9065222007053788,100,1.90240715382053,0.9751512976529015,1.7498797281975347,100,1.6656839484372643,0.810619334573843,1.5937025629633292,100,0.6495546123873175,0.37636190944002545,0.5380574929112334,100,1.0155514858535895,0.8570814882129624,0.9859671050005219,100,0.44856148726158446,0.2780973312655937,0.36392028848126956,100,0.003133688734920558,0.0028471927811226463,0.002096188789978405,100,49.58,0.7545150292028179,50.0,100,6.973778309822083,1.119186384118626,6.912544131278992,100,-1.129698868736225,4.139373908714419e-18,7.987947682446614e-16,-0.08159115351861493,0.29116666608101216,1.0,-0.20473799511240628,0.0030724215044493825,0.2488661418604,-0.08159115351861493,0.29116666608101216,1.0,0.2051967247167247,3.896559845095909e-18,7.987947682446614e-16,0.17410870870870876,3.896559845095909e-18,7.987497077178259e-16,0.20372400935699783,3.896559845095909e-18,7.987947682446614e-16,0.2186003714283963,3.896559845095909e-18,7.987947682446614e-16,0.21153313750159636,3.896559845095909e-18,7.987947682446614e-16,0.22808222424288424,4.0161556854627e-18,7.987947682446614e-16,2.137958988409444,3.896559845095909e-18,7.987947682446614e-16,1.6167300131279774,3.896559845095909e-18,7.987947682446614e-16,-0.4186301113712606,4.6041751652443625e-17,7.22855500943365e-15,0.25899524895478354,0.13473933100822336,1.0,0.2647329403648733,3.896559845095909e-18,7.987947682446614e-16,-0.42761305469488453,3.072593914674031e-09,3.349127366994694e-07,-1.1829135608013808,1.3342953499027622e-13,1.7612698618716462e-11,0.520727883441942,5.328972389674846e-17,1.278953373521963e-15,-0.520727883441942,5.328972389674846e-17,1.278953373521963e-15,0.3233460026255955,3.896559845095909e-18,7.987947682446614e-16,-0.3233460026255955,3.896559845095909e-18,7.987947682446614e-16,0.003133688734920558,3.896559845095909e-18,1.7534519302931591e-16,49.58,7.736399044719332e-20,3.4040155796765063e-18,0.7040104007720948,1.2468850162648466e-06,2.992524039035632e-05
gold_fair_sources_sweep,33fde3e6ff5c,EntropyBalancing,FeasibleRestricted,550,500,5000,5,50,0.1,3.562421909097572,1.7381885623333926,3.042230697796074,100,0.12805158015462406,1.4183031914345183,0.15404901160645795,100,1.0193444607930244,1.0351932863570885,0.7650805551875088,100,-0.019170659072192106,1.456301009614358,-0.13842293460288413,100,0.8021957165957165,0.15071036554489622,0.8549292089292091,100,0.6281935935935936,0.1467720576815562,0.6663763763763764,100,0.8136636820839155,0.14810407224442354,0.8660065755298278,100,0.8034775030505213,0.18739380062829272,0.8611250459462696,100,0.7928532134423142,0.2591620688855767,0.8656562210066635,100,0.7592215881677902,0.5385463798545693,0.8687639682068724,100,8.243420666708612,2.4661698512638965,8.451908981764069,100,6.61170277526573,2.2969517701815008,6.661839296483219,100,0.889323164111581,0.1523776070271084,0.9194372477073312,100,0.03909397597415209,1.3897311931352767,0.12528386692876314,100,0.6839228678769064,0.2046700550105503,0.7547633950629483,100,1.2490808808401084,1.0202033305666742,0.9413700822808098,100,2.400844659756055,2.034608445058787,1.8100881427347555,100,1.7983169237310408,0.8530162418208487,1.7299740005241995,100,0.516921637093541,0.551311096216883,0.3198314899165019,100,1.1336099252772434,0.8602534750147371,1.0495335998803212,100,0.3305030478379307,0.34038024770180186,0.2031188196810188,100,,,,0,,,,0,1.685797302722931,0.7211610095036228,1.6279174089431763,100,-1.6460885061496855,9.330061592707218e-16,2.2392147822497323e-14,-0.171563103383712,0.2623330281559302,1.0,-0.11539538737145412,0.20823741115716032,1.0,-0.171563103383712,0.2623330281559302,1.0,0.28541928917928916,6.504110965076778e-18,7.987947682446614e-16,0.26707847847847854,5.767203615817138e-18,7.987497077178259e-16,0.2799514739446998,7.117077537219983e-18,7.987947682446614e-16,0.2915328157431935,7.333806979251821e-18,7.987947682446614e-16,0.28633132380160303,7.333806979251821e-18,7.987947682446614e-16,0.2979497575600295,7.78699366986276e-18,7.987947682446614e-16,2.835591799506413,1.4146791640488978e-17,7.987947682446614e-16,2.207022210246247,7.55704804907942e-18,7.987947682446614e-16,-0.569214060137416,1.690631665125153e-17,3.127668580481533e-15,0.39458531565447125,0.09136948544321029,1.0,0.39491674473173805,4.531861061109546e-18,7.987947682446614e-16,-0.22208082628991285,0.004862747585576055,0.267451117206683,-0.6844760548658556,4.347927921668689e-05,0.0032609459412515167,0.6533608587357181,3.9478812837561016e-15,4.7374575405073216e-14,-0.6533608587357181,3.9478812837561016e-15,4.7374575405073216e-14,0.44140444204924933,7.55704804907942e-18,7.987947682446614e-16,-0.44140444204924933,7.55704804907942e-18,7.987947682446614e-16,,,,,,,-4.583970606327057,3.896559845095909e-18,8.767259651465796e-16
gold_fair_sources_sweep,33fde3e6ff5c,Glmtrans_Auto,OracleTargetTreated,550,500,5000,5,50,0.1,0.4480852146329935,0.12201778662567858,0.43629678853723997,100,0.14727102988032065,1.8905412583835293,0.3277274862298638,100,0.037485347764349745,0.027423839785046977,0.030156478987213686,100,4.879065350439582e-05,0.046598383324329494,0.0018475342602360667,100,0.9967493031893032,0.002705889259606954,0.9974191274191273,100,0.956265985985986,0.013531288011295647,0.958974974974975,100,0.9971360945397921,0.0024639127742972933,0.9978162163202111,100,0.9970682582831504,0.0028835367461661123,0.9980036957391102,100,0.9971195812755888,0.002376229978218438,0.9980063640485128,100,0.9969773527721469,0.0027224098887339387,0.9979488749134231,100,10.293598762332772,2.6212029622055524,9.912074507741725,100,8.24303611484399,2.3978107828868156,7.845122577125952,100,1.031150960601536,0.01089915980508626,1.0318621092823985,100,-0.007991407139521532,0.07346322734220534,-0.007936177928983969,100,0.9942157365122632,0.0050476958490532,0.9955604957888489,100,0.14596554480847793,0.04100625685602623,0.14903333228121085,100,0.34267539706473327,0.09919861403202873,0.35688152129042683,100,2.3094554284410447,0.8346988878477463,2.2300789648905726,100,0.005783132383536753,0.005861911162474948,0.004386354710506302,100,1.4598765931928952,0.8601388440347391,1.4100287972250223,100,0.004236379922278809,0.003062063591593406,0.0032811216810268995,100,,,,0,,,,0,10.743532319068908,0.8216585460855869,10.79293167591095,100,-4.7604252006142636,3.896559845095909e-18,7.987947682446614e-16,-0.15234365365801544,0.2833800008206221,1.0,-1.097254500400129,4.813701823147399e-18,9.338581536905953e-16,-0.15234365365801544,0.2833800008206221,1.0,0.47997287577287584,3.896559845095909e-18,7.987947682446614e-16,0.5951508708708709,3.896559845095909e-18,7.987497077178259e-16,0.4634238864005768,3.896559845095909e-18,7.987947682446614e-16,0.48512357097582237,3.896559845095909e-18,7.987947682446614e-16,0.4905976916348774,3.896559845095909e-18,7.987947682446614e-16,0.5357055221643863,3.896559845095909e-18,7.987947682446614e-16,4.885769895130572,3.896559845095909e-18,7.987947682446614e-16,3.8383555498245063,3.896559845095909e-18,7.987947682446614e-16,-0.42738626364746074,1.3421069512895994e-15,1.5434229939830392e-13,0.34749993254079775,0.10609157247759947,1.0,0.7052096133670943,3.896559845095909e-18,7.987947682446614e-16,-1.3251961623215431,3.896559845095909e-18,7.987947682446614e-16,-2.742645317557177,3.896559845095909e-18,7.987947682446614e-16,1.1644993634457226,3.896559845095909e-18,7.987947682446614e-16,-1.1644993634457226,3.896559845095909e-18,7.987947682446614e-16,0.7676711099649011,3.896559845095909e-18,7.987947682446614e-16,-0.7676711099649011,3.896559845095909e-18,7.987947682446614e-16,,,,,,,4.473764410018921,3.896559845095909e-18,8.767259651465796e-16
gold_fair_sources_sweep,33fde3e6ff5c,Glmtrans_DR_CrossFit,OracleTargetTreated,550,500,5000,5,50,0.1,0.3887659604340651,0.12879032633981197,0.3575725352758607,100,0.14522291153252964,1.891874637795477,0.33158631596466137,100,0.03714083739127263,0.025961472387725153,0.03202325115474414,100,-0.001999327694286566,0.045423957534877414,0.003452190294222307,100,0.9970749604749607,0.0025436427612203685,0.997835821835822,100,0.9590409609609609,0.013247690571833354,0.9621261261261261,100,0.9974237384487763,0.0023194684219303503,0.9981905385765365,100,0.9972688829339202,0.002843819559749633,0.9983135079515836,100,0.997433385002292,0.002035732595540817,0.9982280991015944,100,0.9972993187367761,0.0025402042640506693,0.9982050027512241,100,10.295538706406687,2.6211937270200645,9.910735358311388,100,8.245240100776373,2.397271247539563,7.841745218900759,100,1.0023748122720115,0.006809028743608948,1.002852656830167,100,4.489116719604405e-05,0.04593467013778277,-0.001311635819969779,100,0.9947994864918449,0.004775280816909678,0.9962798875833442,100,0.05590221507465015,0.02133729565346905,0.05322741636338792,100,0.12103459018054105,0.053556875183455095,0.11211039752435448,100,2.3099849446277294,0.8345679799514649,2.2315849666156597,100,0.005253616196852568,0.005306713599846765,0.003960800013263821,100,1.460317390379372,0.8601448678208806,1.4120219663442692,100,0.0037955827358020764,0.002749310428614517,0.003062860127838185,100,,,,0,,,,0,12.887812514305114,0.9141527546988867,12.844373941421509,100,-4.8197444548131925,3.896559845095909e-18,7.987947682446614e-16,-0.15439177200580637,0.27573562109341054,1.0,-1.097599010773206,4.670683307897806e-18,9.1545392834797e-16,-0.15439177200580637,0.27573562109341054,1.0,0.4802985330585331,3.896559845095909e-18,7.987947682446614e-16,0.5979258458458458,3.896559845095909e-18,7.987497077178259e-16,0.46371153030956075,3.896559845095909e-18,7.987947682446614e-16,0.4853241956265923,3.896559845095909e-18,7.987947682446614e-16,0.4909114953615807,3.896559845095909e-18,7.987947682446614e-16,0.5360274881290156,3.896559845095909e-18,7.987947682446614e-16,4.887709839204489,3.896559845095909e-18,7.987947682446614e-16,3.840559535756889,3.896559845095909e-18,7.987947682446614e-16,-0.45616241197698526,3.67462457090672e-16,4.630026959342467e-14,0.3555362308475153,0.09539763158898176,1.0,0.7057933633466764,3.896559845095909e-18,7.987947682446614e-16,-1.4152594920553707,3.896559845095909e-18,7.987947682446614e-16,-2.9642861244413705,3.896559845095909e-18,7.987947682446614e-16,1.1650288796324064,3.896559845095909e-18,7.987947682446614e-16,-1.1650288796324064,3.896559845095909e-18,7.987947682446614e-16,0.768111907151378,3.896559845095909e-18,7.987947682446614e-16,-0.768111907151378,3.896559845095909e-18,7.987947682446614e-16,,,,,,,6.618044605255127,3.896559845095909e-18,8.767259651465796e-16
gold_fair_sources_sweep,33fde3e6ff5c,Glmtrans_OptionB,FeasibleRestricted,550,500,5000,5,50,0.1,3.262556834857011,1.7748030839556046,2.829584623621158,100,0.12937292504140305,1.444694234588156,0.18763179702932298,100,1.0240371422308971,0.9984845214538358,0.7534243988822777,100,-0.01784931418541319,1.4338389160609033,-0.09549081917461344,100,0.8296718391518391,0.1529733686697315,0.879948963948964,100,0.6650393193193193,0.15856545663134627,0.699957957957958,100,0.8396587194612138,0.14926085880946807,0.8910860585654103,100,0.8292686573062731,0.1826330193575343,0.8985674437083029,100,0.8237280320737449,0.2271370583195032,0.8978027150786729,100,0.7974599012340435,0.43104364374228055,0.889963829463358,100,8.516198006905062,2.5241527105394406,8.798094025752821,100,6.833316117300086,2.287762789967349,7.0418852366483,100,0.9322641291549513,0.14986433588150513,0.9566038615519034,100,0.029202304470881423,1.3777545657633228,0.02080499499396709,100,0.727023904037411,0.2129684123000078,0.7925562013158194,100,1.1840427564229976,0.9943928631908958,0.973422344085326,100,2.135052344224596,1.782917079068607,1.7216264646109878,100,1.8594982710053924,0.8529210342856949,1.7921338409832552,100,0.45574028981918935,0.5260867597667445,0.26104157285171437,100,1.1779325936841145,0.8634468296534006,1.126648486497567,100,0.2861803794310597,0.34035012861531166,0.160375796779559,100,,,,0,,,,0,10.009120140075684,0.6032495403030999,9.93368935585022,100,-1.9459535803902464,6.348428415673146e-17,1.8443060901035184e-15,-0.17024175849693304,0.2943212430119939,1.0,-0.11070270593358159,0.2536519936353009,1.0,-0.17024175849693304,0.2943212430119939,1.0,0.3128954117354118,5.430296382634715e-18,7.987947682446614e-16,0.30392420420420424,5.112831740936498e-18,7.987497077178259e-16,0.3059465113219981,5.767203615817138e-18,7.987947682446614e-16,0.31732396999894524,5.112831740936498e-18,7.987947682446614e-16,0.31720614243303363,6.311606041551026e-18,7.987947682446614e-16,0.336188070626283,7.333806979251821e-18,7.987947682446614e-16,3.108369139702863,6.504110965076778e-18,7.987947682446614e-16,2.428635552280602,8.267798584515514e-18,7.987947682446614e-16,-0.5262730950940455,3.0528209793531665e-17,5.1592674551068516e-15,0.3846936441512006,0.09005756221599329,1.0,0.4380177808922426,4.2663227307182344e-18,7.987947682446614e-16,-0.2871189507070233,0.0016941522514060392,0.10503743958717443,-0.9502683703973154,1.0119624185629907e-06,8.196895590360224e-05,0.7145422060100699,7.245464848115237e-16,1.0143650787361332e-14,-0.7145422060100699,7.245464848115237e-16,1.0143650787361332e-14,0.4857271104561204,8.267798584515514e-18,7.987947682446614e-16,-0.4857271104561204,8.267798584515514e-18,7.987947682446614e-16,,,,,,,3.7393522310256957,3.896559845095909e-18,8.767259651465796e-16
gold_fair_sources_sweep,33fde3e6ff5c,IPWTransport,FeasibleRestricted,550,500,5000,5,50,0.1,3.58746386315469,1.7353305570495985,3.056021523956198,100,0.13270820611535028,1.4169842909658426,0.14334408532458998,100,1.0160116829555768,1.0396552640288717,0.7682327989446076,100,-0.014514033111465903,1.4571812141932634,-0.10067975287249942,100,0.799623627063627,0.15092839990172444,0.8542441102441103,100,0.6250566566566568,0.14605449491789912,0.6667487487487488,100,0.811231277051109,0.1483884994508549,0.8659189547604544,100,0.8017295652153124,0.18815305378057126,0.8562864636206818,100,0.7893626751933458,0.26311419946510806,0.8661238338566521,100,0.7564591709750687,0.5483263394530474,0.8676765262949817,100,8.228507246718731,2.4714118404144982,8.479696505014033,100,6.582853024064881,2.2980471156164013,6.668991633344872,100,0.8852372258505588,0.15210072782662096,0.9180156822379987,100,0.035319238893526214,1.3895040478830403,0.11107236506412757,100,0.6800900469694501,0.20433090878833265,0.7469531103606251,100,1.2580603984859422,1.0222622540075414,0.9564045223855786,100,2.4365640739431713,2.0270397835987852,1.8688968781508963,100,1.7917241650594165,0.8521592432655773,1.7307376374129235,100,0.5235143957651652,0.5514149604568476,0.3361870338827332,100,1.1278399750370731,0.8616312776478173,1.0470456723140904,100,0.33627299807810096,0.3456275537009805,0.2146066889014534,100,,,,0,,,,0,0.6551211142539978,0.30338901601435403,0.6490730047225952,100,-1.6210465520925679,1.200308279272379e-15,2.760709042326472e-14,-0.1669064774229858,0.27573562109341054,1.0,-0.1187281652089018,0.19370833943777388,1.0,-0.16690647742298576,0.27573562109341054,1.0,0.2828471996471997,6.504110965076778e-18,7.987947682446614e-16,0.2639415415415416,5.767203615817138e-18,7.987497077178259e-16,0.2775190689118933,7.117077537219983e-18,7.987947682446614e-16,0.2897848779079844,6.311606041551026e-18,7.987947682446614e-16,0.2828407855526345,9.893009181510365e-18,7.987947682446614e-16,0.29518734036730815,7.55704804907942e-18,7.987947682446614e-16,2.820678379516533,9.893009181510365e-18,7.987947682446614e-16,2.178172459045395,1.0192962404545369e-17,7.987947682446614e-16,-0.5732999983984383,1.5013268321137124e-17,2.822494444373779e-15,0.39081057857384544,0.09539763158898176,1.0,0.3910839238242816,4.531861061109546e-18,7.987947682446614e-16,-0.2131013086440788,0.0057025281218700844,0.3079365185809846,-0.64875664067874,7.358431663867957e-05,0.00515090216470757,0.646768100064094,3.9478812837561016e-15,4.7374575405073216e-14,-0.646768100064094,3.9478812837561016e-15,4.7374575405073216e-14,0.43563449180907904,1.0192962404545369e-17,7.987947682446614e-16,-0.43563449180907904,1.0192962404545369e-17,7.987947682446614e-16,,,,,,,-5.61464679479599,3.896559845095909e-18,8.767259651465796e-16
gold_fair_sources_sweep,33fde3e6ff5c,OutcomeModelTransport,FeasibleRestricted,550,500,5000,5,50,0.1,3.3481840485743555,1.753265899045502,2.9141678610598993,100,0.11787962301593242,1.4180061814766556,0.16729680688227005,100,1.020807049550023,0.9933686582700286,0.7267204179721116,100,-0.02934261621088382,1.4277550088367306,-0.15037701906179374,100,0.8212951275751279,0.15079428916204388,0.8743112383112384,100,0.6532815215215215,0.15425385182697884,0.6927047047047048,100,0.831769174241204,0.14722886760643245,0.8858673750375643,100,0.8230769725774469,0.18062047703086193,0.8880018239886629,100,0.8155535325015962,0.22471590694894047,0.8857905507993034,100,0.7894095445668188,0.42951536469789703,0.8797553700872289,100,8.451574943413366,2.4922508777022365,8.693848158432353,100,6.765142512944053,2.2616918591236055,6.919332099730068,100,0.9285891436271503,0.1486508768328922,0.9594130755695118,100,0.04177556296784543,1.3693274204691812,0.08841597590997619,100,0.7132531660347945,0.20939955127838714,0.7826279419933209,100,1.179174658530947,0.9938997031560057,0.9584402672839925,100,2.13704338818596,1.7886088256358248,1.7032871068078477,100,1.842796429303876,0.8507325921199932,1.759023644784186,100,0.4724421315207055,0.521703218080565,0.3166306007117149,100,1.1642978728129076,0.864042885722199,1.1244930392457475,100,0.29981510030226644,0.33741256174064416,0.16676686496142365,100,,,,0,,,,0,0.1239000153541565,0.06300693986221015,0.12863826751708984,100,-1.8603263666729033,7.782675474469018e-17,2.1013223781066348e-15,-0.18173506052240365,0.22354068509721836,1.0,-0.11393279861445553,0.2565231689671972,1.0,-0.18173506052240362,0.22354068509721836,1.0,0.30451870015870014,5.596247901468035e-18,7.987947682446614e-16,0.29216640640640645,5.112831740936498e-18,7.987497077178259e-16,0.2980569661019885,6.12472726248735e-18,7.987947682446614e-16,0.31113228527011916,5.269204481546392e-18,7.987947682446614e-16,0.3090316428608848,6.311606041551026e-18,7.987947682446614e-16,0.32813771395905805,7.55704804907942e-18,7.987947682446614e-16,3.0437460762111663,7.117077537219983e-18,7.987947682446614e-16,2.360461947924568,9.044445868078014e-18,7.987947682446614e-16,-0.5299480806218466,2.6346826245998054e-17,4.478960461819669e-15,0.3972669026481646,0.07775544419099599,1.0,0.4242470428896261,4.2663227307182344e-18,7.987947682446614e-16,-0.2919870485990739,0.0012291614999567042,0.07743717449727236,-0.9482773264359505,1.268671971131564e-06,0.00010149375769052512,0.6978403643085538,7.664886745226835e-16,1.0143650787361332e-14,-0.6978403643085538,7.664886745226835e-16,1.0143650787361332e-14,0.4720923895849137,9.044445868078014e-18,7.987947682446614e-16,-0.4720923895849137,9.044445868078014e-18,7.987947682446614e-16,,,,,,,-6.145867893695831,3.896559845095909e-18,8.767259651465796e-16
gold_fair_sources_sweep,33fde3e6ff5c,ProxyOnly,FeasibleRestricted,550,500,5000,5,50,0.1,5.208510415247258,1.09305520094456,4.918758176230423,100,0.29961468353833604,1.9530937210415549,0.7596729277474129,100,1.1347398481644786,0.7702204027506139,1.0640307284184631,100,0.15239244431151988,1.3676338558587973,0.28788243763709015,100,0.5167764274164274,0.09493778472682313,0.5308138468138469,100,0.3611151151151152,0.07115489053926398,0.3689049049049049,100,0.5337122081392156,0.09579076586708817,0.5470520208714797,100,0.5119446873073278,0.17563190111444474,0.5506158164815692,100,0.5065218896407112,0.23076546019420785,0.534853173802627,100,0.4612718306077606,0.5612329275537092,0.5427625550932478,100,5.4078288672021975,2.232537241175099,5.370454706269526,100,4.4046805650194845,2.025119544684373,4.37425814484604,100,1.458537224248997,0.37983968853753003,1.4166511644767312,100,-0.35549133968031915,2.1308996035034693,-0.4570370799220561,100,0.28900612314516855,0.09414029811226207,0.2968592154566986,100,1.4711617071300211,0.6409134023298678,1.380583489517075,100,3.085320714621911,1.2233591255529606,2.9961543429420763,100,1.1449560649953223,0.8566443955001294,1.1460204307909456,100,1.1702824958292593,0.3914250309697723,1.0630498221396798,100,0.692205483227994,0.8696997059306001,0.6092539331971742,100,0.7719074898871799,0.2775766409083906,0.698523241366521,100,0.0,0.0,0.0,100,0.0,0.0,0.0,100,6.269767909049988,0.4600789866716832,6.384967565536499,100,,,,,,,,,,,,,,,,,,,,,,,,,,,,,,,,,,,,,,,,,,,,,,,,,,,,,,,,,,,,,,,,,,,,,,,,
gold_fair_sources_sweep,33fde3e6ff5c,TargetOnlyDR,OracleTargetTreated,550,500,5000,5,50,0.1,4.560614954844541,0.8593764993760653,4.4004445979683116,100,0.13875169250736638,1.8661298698174171,0.19449361103646168,100,0.22733548579377114,0.16339556359268118,0.19362258472630656,100,-0.008470546719449775,0.280765191875353,-0.018758129769072707,100,0.6725297376497376,0.041314477146984024,0.6766260346260347,100,0.48644096096096084,0.03540474899015613,0.48975975975975977,100,0.6895039331793056,0.040189579864974324,0.6924463824872861,100,0.6917130641034203,0.08812788925497675,0.7044717942123688,100,0.6731816270763386,0.14472217370842036,0.6954883642127556,100,0.6427048668332371,0.32762293690488503,0.6973854669417661,100,7.214389012359718,2.1567231220718073,7.145989782158091,100,5.727167934171099,2.1013508733354653,5.724470125954768,100,1.7238223972305575,0.3170266908665419,1.7069396976542044,100,-0.19416587363639715,1.4603075926150375,-0.09668522941345012,100,0.4712470970751889,0.056259467335043355,0.4732922308793575,100,1.3944358432486101,0.40408131737362235,1.3642920898830584,100,3.5177619435044325,0.9037664100063849,3.491922014149768,100,1.580595501396763,0.7666450792416439,1.5192280009173325,100,0.7346430594278182,0.19377220811842163,0.6991102512822868,100,0.9567029570583169,0.8330531277945646,0.8639456640254266,100,0.507410016056857,0.1541255207573054,0.48726626418135505,100,0.0,0.0,0.0,100,0.0,0.0,0.0,100,10.988697216510772,0.6693501161832718,10.87387478351593,100,-0.6478954604027158,4.0161556854627e-18,7.987947682446614e-16,-0.16086299103096965,0.23283071247871412,1.0,-0.9074043623707075,1.6033960728283034e-16,2.757841245264682e-14,-0.16086299103096963,0.23283071247871412,1.0,0.15575331023331024,6.906672275406012e-18,7.987947682446614e-16,0.12532584584584586,6.1243858043261234e-18,7.987497077178259e-16,0.15579172504008995,7.117077537219983e-18,7.987947682446614e-16,0.17976837679609234,1.903450784800175e-17,8.946218688560823e-16,0.16665973743562718,8.49113044453792e-17,2.207693915579859e-15,0.1814330362254764,2.4114800543560524e-17,9.163624206553e-16,1.806560145157519,2.0195637546078604e-17,9.491949646656944e-16,1.3224873691516146,8.74112997534717e-17,2.5349276928506794e-15,0.26528517298156057,1.3133496145748611e-06,6.041408227044361e-05,0.16132546604392212,0.615670737630266,1.0,0.18224097393002028,7.117077537219983e-18,7.987947682446614e-16,-0.07672586388141087,0.6376046699936373,1.0,0.4324412288825224,0.004810956669188947,0.26941357347458106,0.43563943640144115,7.333806979251821e-18,7.987947682446614e-16,-0.43563943640144115,7.333806979251821e-18,7.987947682446614e-16,0.26449747383032285,8.74112997534717e-17,2.5349276928506794e-15,-0.2644974738303229,8.74112997534717e-17,2.5349276928506794e-15,0.0,,,0.0,,,4.718929307460785,3.896559845095909e-18,8.767259651465796e-16
gold_fair_sources_sweep,3b72ada54330,AnchorOnly,OracleTargetTreated,250,200,5000,5,50,0.1,4.497256339986361,0.7632088949713802,4.3501436854235305,100,0.0289431512919697,1.5533798264536336,-0.1670592718599443,100,0.23699070688690577,0.19073078850030517,0.20060108113688258,100,0.04978912703293653,0.30100855608025034,0.05053763761061486,100,0.6544138674538675,0.055496461255155456,0.6623281163281165,100,0.4712166566566567,0.0461568767558039,0.4757657657657658,100,0.671278069855188,0.05432185441591713,0.6814421094343375,100,0.6559903365540859,0.08734893075131361,0.6583599677120395,100,0.6602122661524359,0.0906431581320867,0.6790858476477917,100,0.6574332548395436,0.10443227563078201,0.6709607524523591,100,6.443707253394068,1.8046332584957803,6.273240502380628,100,5.212511697165954,1.671893316228653,5.154274646526643,100,1.7764329223011353,0.32883317907805165,1.7571495926118978,100,-0.15538930742180268,1.4973828406671716,-0.013535914015818946,100,0.43664712674924694,0.07668203690227238,0.4445179214489745,100,1.4352325469388756,0.36035606490164757,1.4070224590539366,100,3.4053849272149224,0.8776097783027081,3.313132956835537,100,1.4249527096610746,0.8836906109392327,1.4993375624479879,100,0.7914764958309813,0.2192111297659686,0.7594778502883744,100,0.9677700208855591,0.9027707987059369,1.0630934738507092,100,0.5116053841372191,0.1451388177606951,0.4845027416097841,100,0.0020931160583518805,0.002030244415518302,0.0014430386199221264,100,23.49,0.8586458683722454,24.0,100,10.732713725566864,0.3816214213953618,10.726716756820679,100,-0.570798227949419,3.896559845095909e-18,7.987947682446614e-16,-0.001103866531493174,0.8419319948258008,1.0,-0.8115310781064605,8.576083005057974e-14,1.3464450317941019e-11,-0.001103866531493175,0.8419319948258008,1.0,0.15578123774123775,7.117077537219983e-18,7.987947682446614e-16,0.12347347347347347,6.702409068617996e-18,7.987497077178259e-16,0.155375211790725,7.55704804907942e-18,7.987947682446614e-16,0.14791670995556502,4.001557931101309e-16,1.0003894827753273e-14,0.1647779169294788,3.2378376991430734e-17,1.1332431947000757e-15,0.17363940828030713,9.044445868078014e-18,7.987947682446614e-16,1.3943680466186317,3.67462457090672e-16,8.819098970176128e-15,1.2213386988255768,2.483725635893387e-17,9.93490254357355e-16,0.24062275788351734,1.3018380819711494e-05,0.0004946984711490368,0.05962545933198636,0.9862837441089826,1.0,0.16561158029268291,1.8478899002670448e-17,7.987947682446614e-16,0.008276771523777489,0.3039220149315086,1.0,0.29008875345805113,0.03417438138857468,1.0,0.4203628963385205,4.7408945782600864e-17,1.2519769756076529e-15,-0.4203628963385205,4.7408945782600864e-17,1.2519769756076529e-15,0.24426773976511534,2.483725635893387e-17,9.93490254357355e-16,-0.24426773976511534,2.483725635893387e-17,9.93490254357355e-16,0.0020931160583518805,3.896559845095909e-18,1.7534519302931591e-16,23.49,7.320743529863311e-19,2.322572520658786e-17,4.875152719020844,3.896559845095909e-18,8.767259651465796e-16
gold_fair_sources_sweep,3b72ada54330,AnchorPlugin,FeasibleRestricted,250,200,5000,5,50,0.1,3.7810689504288617,1.0194114142054982,3.5209846976927546,100,0.034888726560574145,1.1391007562044102,-0.003515621531858212,100,0.859886422207331,0.6919481857399873,0.713472066157165,100,0.05573470230154096,1.1056798589063497,0.06760244279905114,100,0.7427348286548288,0.09135500012846764,0.7647947427947428,100,0.5537960760760761,0.08359572542204913,0.569077077077077,100,0.7575795206684927,0.09021462361508288,0.777600193341123,100,0.7518377189792838,0.11588757706222183,0.7816019161264596,100,0.7474042196637698,0.11341878572103305,0.7744323303581073,100,0.7439654217840618,0.1162531952957601,0.765544301674965,100,7.318438981944365,1.9392863658909196,7.094733745014869,100,5.840734978047736,1.7884905619142937,5.853678325813374,100,1.0327699366412681,0.12660380202903748,1.0420496359200047,100,-0.0589200768094988,1.0756415830442605,-0.016830772759876798,100,0.5810976196858033,0.1285444306258019,0.6056201712195264,100,0.9744407567512908,0.6214056115215819,0.8654472164766052,100,1.7859632336335387,0.9564396317718767,1.5413614366018118,100,1.6365398543335106,0.9156947405953775,1.7517141223528534,100,0.5798893511585449,0.2933839351802817,0.49794295204942174,100,1.0934146770619153,0.8989690929313646,1.1796768425838962,100,0.38596072796086284,0.19691594917668728,0.33755736007117143,100,0.006827459985497171,0.005214185864792894,0.005862557971580001,100,49.2,1.2060453783110543,50.0,100,6.954842691421509,1.2270794099126616,6.867860674858093,100,-1.2869856175069188,3.896559845095909e-18,7.987947682446614e-16,0.0048417087371112446,0.8851770022716838,1.0,-0.1886353627860354,0.002113068620757455,0.17538469552286878,0.004841708737111236,0.8851770022716838,1.0,0.24410219894219892,3.896559845095909e-18,7.987947682446614e-16,0.20605289289289289,3.896559845095909e-18,7.987497077178259e-16,0.24167666260402965,3.896559845095909e-18,7.987947682446614e-16,0.24376409238076277,4.0161556854627e-18,7.987947682446614e-16,0.25196987044081265,3.896559845095909e-18,7.987947682446614e-16,0.26017157522482537,3.896559845095909e-18,7.987947682446614e-16,2.269099775168929,4.0161556854627e-18,7.987947682446614e-16,1.8495619797073584,3.896559845095909e-18,7.987947682446614e-16,-0.5030402277763498,6.166069759616455e-17,9.310765337020846e-15,0.15609468994429035,0.6824217651170663,1.0,0.31006207322923923,3.896559845095909e-18,7.987947682446614e-16,-0.45251501866380717,2.8147507892817304e-12,4.447306247065134e-10,-1.3293329401233323,5.051315799672732e-15,7.678000015502552e-13,0.6319500410109569,3.896559845095909e-18,7.987947682446614e-16,-0.6319500410109569,3.896559845095909e-18,7.987947682446614e-16,0.36991239594147163,3.896559845095909e-18,7.987947682446614e-16,-0.36991239594147163,3.896559845095909e-18,7.987947682446614e-16,0.006827459985497171,3.896559845095909e-18,1.7534519302931591e-16,49.2,6.008800740023067e-19,1.9829042442076122e-17,1.0972816848754883,1.1101394142242552e-09,3.21940430125034e-08
gold_fair_sources_sweep,3b72ada54330,EntropyBalancing,FeasibleRestricted,250,200,5000,5,50,0.1,3.1852046842857282,1.478840978845809,2.8722483162058854,100,0.04919701296091872,1.3121142218916535,-0.08095698743869989,100,0.8941956696097954,0.8516847052491802,0.6883360918468931,100,0.07004298870188555,1.236152814940491,-0.04548257270587641,100,0.8280182750582752,0.12984239199154204,0.870936480936481,100,0.6573555555555557,0.1400075211788101,0.6859419419419419,100,0.8384854796442848,0.1260989688713916,0.8797937969907039,100,0.8380794627767786,0.132750679793386,0.8741194424819094,100,0.8331499541769193,0.14182576648639067,0.8730035151710672,100,0.8320028538693371,0.14469705313556075,0.8737182623541918,100,8.11789566334535,2.010350303866576,7.975291349138297,100,6.451793126381804,1.8431235579178438,6.224107677304014,100,0.877308604909161,0.13033567574314006,0.9146102399087728,100,-0.052533060567659405,1.1338896581395586,-0.10924907799954026,100,0.7186590119217097,0.19273601904305473,0.7733851450549258,100,1.1361462019560764,0.8084491437902133,0.9184229099997505,100,2.265356215837018,1.6184122028853678,1.8331737898672211,100,1.797399583680109,0.9417340829559686,1.8578230621138916,100,0.41902962181194636,0.3770556369222606,0.2994881125614045,100,1.2156263067287292,0.9162032864097446,1.2787678839648133,100,0.2637490982940491,0.24787581932887562,0.19100362676389365,100,,,,0,,,,0,1.6581119346618651,0.7677561248103795,1.6340372562408447,100,-1.8828498836500511,1.4146791640488978e-17,7.987947682446614e-16,0.01914999513745586,0.9945132706275845,1.0,-0.1543261153835709,0.11217194781344622,1.0,0.019149995137455852,0.9945132706275845,1.0,0.32938564534564535,3.896559845095909e-18,7.987947682446614e-16,0.3096123723723723,3.896559845095909e-18,7.987497077178259e-16,0.3225826215798216,4.0161556854627e-18,7.987947682446614e-16,0.33000583617825774,4.0161556854627e-18,7.987947682446614e-16,0.337715604953962,3.896559845095909e-18,7.987947682446614e-16,0.3482090073101006,4.0161556854627e-18,7.987947682446614e-16,3.068556456569914,4.0161556854627e-18,7.987947682446614e-16,2.460620128041427,3.896559845095909e-18,7.987947682446614e-16,-0.6585015595084568,9.044445868078014e-18,1.808889173615603e-15,0.16248170618612975,0.7859083271789165,1.0,0.4476234654651458,4.0161556854627e-18,7.987947682446614e-16,-0.2908095734590216,0.0017754092402886207,0.10829996365760587,-0.849939957919852,0.00011603173720759753,0.007774126392909034,0.7928097703575553,3.896559845095909e-18,7.987947682446614e-16,-0.7928097703575553,3.896559845095909e-18,7.987947682446614e-16,0.4921240256082854,3.896559845095909e-18,7.987947682446614e-16,-0.4921240256082854,3.896559845095909e-18,7.987947682446614e-16,,,,,,,-4.199449071884155,3.896559845095909e-18,8.767259651465796e-16
gold_fair_sources_sweep,3b72ada54330,Glmtrans_Auto,OracleTargetTreated,250,200,5000,5,50,0.1,0.5972869944152029,0.11839667846092865,0.5809856776492961,100,-0.022030663077166467,1.4957068212852824,-0.13471531556524308,100,0.047829852026285265,0.03876789353664948,0.038976369755898355,100,-0.0011846873361996719,0.06174410644879144,-0.00029389906916366115,100,0.9938070468870468,0.0029530144215925056,0.9944087204087206,100,0.9363328528528527,0.014473057205220978,0.9371151151151151,100,0.9945027694191312,0.0026947832220943976,0.9950014986683632,100,0.9944119279339115,0.0035617512223017163,0.9951559164468542,100,0.9940799859544353,0.0035235768849150063,0.9949607361021706,100,0.9941867235267879,0.0034384999895362687,0.9949472406073117,100,9.679538360135327,2.081661059426588,9.552152839786658,100,7.72740533430035,1.8967308149154338,7.573495603115794,100,1.0362841076267821,0.013350132362692373,1.0353232499529632,100,-0.00010235386617207402,0.07814290694010992,-0.001627881143023729,100,0.9889572112869496,0.005479484706571329,0.9900159215388558,100,0.16752707749653412,0.05479485071167042,0.16300186328322747,100,0.3981502716802925,0.1383144273841864,0.39052360492132543,100,2.205030075570721,0.9246689475061132,2.2966576157720286,100,0.011399129921334083,0.005371096728863836,0.01012330831164121,100,1.4707487483124382,0.9247515021491323,1.5532148850280005,100,0.00862665671033971,0.004839225605575268,0.00702445040998112,100,,,,0,,,,0,10.351958920955658,0.6943740101761838,10.237628102302551,100,-4.470767573520577,3.896559845095909e-18,7.987947682446614e-16,-0.0520776809006294,0.8608010376424908,1.0,-1.0006919329670807,4.670683307897806e-18,9.1545392834797e-16,-0.0520776809006294,0.8608010376424908,1.0,0.4951744171744171,3.896559845095909e-18,7.987947682446614e-16,0.5885896696696696,3.896559845095909e-18,7.987497077178259e-16,0.47859991135466823,3.896559845095909e-18,7.987947682446614e-16,0.48633830133539063,3.896559845095909e-18,7.987947682446614e-16,0.4986456367314782,3.896559845095909e-18,7.987947682446614e-16,0.5103928769675515,3.896559845095909e-18,7.987947682446614e-16,4.630199153359891,3.896559845095909e-18,7.987947682446614e-16,3.736232335959974,3.896559845095909e-18,7.987947682446614e-16,-0.49952605679083584,2.6859459865305284e-16,3.599167621950908e-14,0.214912412887617,0.652407226795377,1.0,0.7179216648303856,3.896559845095909e-18,7.987947682446614e-16,-1.259428697918564,3.896559845095909e-18,7.987947682446614e-16,-2.7171459020765774,3.896559845095909e-18,7.987947682446614e-16,1.2004402622481676,3.896559845095909e-18,7.987947682446614e-16,-1.2004402622481676,3.896559845095909e-18,7.987947682446614e-16,0.7472464671919947,3.896559845095909e-18,7.987947682446614e-16,-0.7472464671919947,3.896559845095909e-18,7.987947682446614e-16,,,,,,,4.494397914409637,3.896559845095909e-18,8.767259651465796e-16
gold_fair_sources_sweep,3b72ada54330,Glmtrans_DR_CrossFit,OracleTargetTreated,250,200,5000,5,50,0.1,0.5759855342670415,0.11857169908906628,0.5513747410132082,100,-0.027071976207134106,1.4958459671276845,-0.13832268312996643,100,0.04755044060458558,0.03731703421432768,0.03827586804088204,100,-0.006226000466167293,0.06030994651380698,-0.013269053813328269,100,0.9935252966852969,0.0032894996221614534,0.9942367722367724,100,0.9348785185185184,0.01582359660948725,0.9362602602602603,100,0.9942445394821562,0.0030064014246201825,0.9948836438235147,100,0.9937869636706458,0.004423631694292672,0.9949682643882316,100,0.9939315160661516,0.003524730793499551,0.9944824649360678,100,0.9939858048982257,0.004117368738060909,0.9948787171571816,100,9.673976507011176,2.082601456484513,9.568016483387495,100,7.726784227466222,1.8982354521522393,7.576400403644914,100,1.0000450228567892,0.013707937688723235,0.9973125666128847,100,0.004149816395853963,0.06509179133415087,0.002383812671591495,100,0.9884254919470294,0.006136553687534323,0.9898160545708542,100,0.08302112557638534,0.03432709326449895,0.07447513974498067,100,0.19108935690636503,0.08071385658080904,0.17505501416130392,100,2.2047803099328305,0.9249513783896919,2.2942508453161494,100,0.011648895559224827,0.0053952074156993,0.010924843336655887,100,1.4706245269456126,0.924736446011807,1.5537207224759682,100,0.008750878077165307,0.0045072887881224535,0.007931965385419237,100,,,,0,,,,0,12.657902352809906,0.8031150044913448,12.559857964515686,100,-4.492069033668739,3.896559845095909e-18,7.987947682446614e-16,-0.05711899403059699,0.8124671821144986,1.0,-1.0009713443887809,4.531861061109546e-18,8.927766290385806e-16,-0.05711899403059701,0.8124671821144986,1.0,0.494892666972667,3.896559845095909e-18,7.987947682446614e-16,0.5871353353353354,3.896559845095909e-18,7.987497077178259e-16,0.47834168141769307,3.896559845095909e-18,7.987947682446614e-16,0.48571333707212466,3.896559845095909e-18,7.987947682446614e-16,0.49849716684319423,3.896559845095909e-18,7.987947682446614e-16,0.5101919583389894,3.896559845095909e-18,7.987947682446614e-16,4.62463730023574,3.896559845095909e-18,7.987947682446614e-16,3.7356112291258454,3.896559845095909e-18,7.987947682446614e-16,-0.5357651415608286,9.263103378466659e-17,1.3338868864991989e-14,0.21916458314964304,0.615670737630266,1.0,0.7173899454904655,3.896559845095909e-18,7.987947682446614e-16,-1.3439346498387126,3.896559845095909e-18,7.987947682446614e-16,-2.9242068168505053,3.896559845095909e-18,7.987947682446614e-16,1.2001904966102768,3.896559845095909e-18,7.987947682446614e-16,-1.2001904966102768,3.896559845095909e-18,7.987947682446614e-16,0.747122245825169,3.896559845095909e-18,7.987947682446614e-16,-0.747122245825169,3.896559845095909e-18,7.987947682446614e-16,,,,,,,6.8003413462638855,3.896559845095909e-18,8.767259651465796e-16
gold_fair_sources_sweep,3b72ada54330,Glmtrans_OptionB,FeasibleRestricted,250,200,5000,5,50,0.1,2.702610709333158,1.5364272114963449,2.1535952515480847,100,0.07159236741619232,1.3370246445960143,-0.006347450705619135,100,0.8432652179740988,0.8091089599309308,0.6468248287037537,100,0.09243834315715915,1.1680347461404064,0.10453244404158342,100,0.870305312945313,0.12943225474515788,0.9178350838350839,100,0.7157419019019018,0.14917471983714076,0.7518298298298298,100,0.8783389249593528,0.12530592557524559,0.9248186581042128,100,0.8762130031973492,0.13619855532090994,0.9320054502653948,100,0.8746221295467972,0.139304848402804,0.9237889389474374,100,0.8744794046386075,0.14311406712282781,0.9217359627129316,100,8.472193290531047,2.0300263834364354,8.094057995927255,100,6.763634366836027,1.8595654871937712,6.441055019627452,100,0.9387807874825738,0.12236540478430086,0.9627671270315309,100,-0.054020347715858036,1.0707285220803,-0.1257172510789074,100,0.7866031423731369,0.1939753310257598,0.8531746044703746,100,0.9853933788060146,0.7877623838940189,0.7340346640621559,100,1.7574673351067391,1.5054543747664477,1.2133840632871742,100,1.8903219960442397,0.9526238383369398,1.9847250795656413,100,0.3261072094478159,0.3718374628185812,0.17892555031885204,100,1.2779945548195735,0.9189250270737219,1.382299129311758,100,0.20138085020320454,0.23494232705599308,0.10751022575025676,100,,,,0,,,,0,9.855348491668702,0.6568333249717702,9.778945088386536,100,-2.365443858602622,6.702409068617996e-18,7.987947682446614e-16,0.04154534959272947,0.8527039152769147,1.0,-0.2052565670192674,0.0394409506326527,1.0,0.041545349592729444,0.8527039152769147,1.0,0.37167268323268315,3.896559845095909e-18,7.987947682446614e-16,0.36799871871871864,3.896559845095909e-18,7.987497077178259e-16,0.3624360668948895,3.896559845095909e-18,7.987947682446614e-16,0.36813937659882834,3.896559845095909e-18,7.987947682446614e-16,0.37918778032384004,3.896559845095909e-18,7.987947682446614e-16,0.3906855580793711,3.896559845095909e-18,7.987947682446614e-16,3.422854083755613,3.896559845095909e-18,7.987947682446614e-16,2.7724613684956494,3.896559845095909e-18,7.987947682446614e-16,-0.5970293769350441,2.2731525308328643e-17,3.978016928957513e-15,0.16099441903793102,0.7491470801654898,1.0,0.5155675959165726,3.896559845095909e-18,7.987947682446614e-16,-0.44156239660908353,2.0510662172105414e-06,0.00018254489333173818,-1.3578288386501307,2.149011483752293e-09,1.9556004502145864e-07,0.8857321827216857,3.896559845095909e-18,7.987947682446614e-16,-0.8857321827216857,3.896559845095909e-18,7.987947682446614e-16,0.5544922736991298,3.896559845095909e-18,7.987947682446614e-16,-0.5544922736991298,3.896559845095909e-18,7.987947682446614e-16,,,,,,,3.9977874851226805,3.896559845095909e-18,8.767259651465796e-16
gold_fair_sources_sweep,3b72ada54330,IPWTransport,FeasibleRestricted,250,200,5000,5,50,0.1,3.1788423945292545,1.4805678465722996,2.864721955799653,100,0.04933788008082184,1.3158155871843347,-0.06184470177254134,100,0.902988204307946,0.8491073885412438,0.6838294127348942,100,0.07018385582178871,1.24081898955987,-0.026359402555632405,100,0.8285728026928026,0.130588068125444,0.874126672126672,100,0.6582486886886888,0.14084777184823039,0.6895975975975976,100,0.8390175868341552,0.12677763724778465,0.8830612175251176,100,0.8376547386662225,0.1372739603279182,0.8743865217867439,100,0.8340610025638081,0.14136790754449588,0.872105868110296,100,0.8325781866128381,0.14420445573589694,0.8653704820019452,100,8.114015533227064,2.0366762616401703,8.044283745693896,100,6.457604304159148,1.8368907219148123,6.277475382841359,100,0.8777456251957304,0.1312591792786608,0.9123633898186296,100,-0.05393867031092741,1.138493468371298,-0.11052934323269605,100,0.7197347125901384,0.19345618641155185,0.7801452060419386,100,1.1423276545238714,0.8104551318790657,0.9255792201571966,100,2.281575259925632,1.6598040074009186,1.782472213419175,100,1.7998078103876083,0.9428599250188905,1.842966402658045,100,0.4166213951044469,0.3759768743321496,0.29774555143812975,100,1.2167885422841977,0.9162782807085036,1.2762775624903262,100,0.2625868627385801,0.24794924239661614,0.18323745581748596,100,,,,0,,,,0,0.6564737892150879,0.3444195088030185,0.6527310609817505,100,-1.8892121734065253,1.4573676877736123e-17,7.987947682446614e-16,0.019290862257358946,0.9835408496499783,1.0,-0.14553358068542005,0.12685646867814937,1.0,0.019290862257358952,0.9835408496499783,1.0,0.329940172980173,4.0161556854627e-18,7.987947682446614e-16,0.31050550550550554,3.896559845095909e-18,7.987497077178259e-16,0.3231147287696922,4.0161556854627e-18,7.987947682446614e-16,0.32958111206770174,4.0161556854627e-18,7.987947682446614e-16,0.33862665334085074,3.896559845095909e-18,7.987947682446614e-16,0.3487843400536017,4.0161556854627e-18,7.987947682446614e-16,3.064676326451627,4.0161556854627e-18,7.987947682446614e-16,2.4664313058187717,3.896559845095909e-18,7.987947682446614e-16,-0.6580645392218877,9.601770743442903e-18,1.9107523779451377e-15,0.16107609644286164,0.7806252551793645,1.0,0.4486991661335742,4.0161556854627e-18,7.987947682446614e-16,-0.2846281208912265,0.00206487521136988,0.12182763747082291,-0.8337209138312383,0.00010814379286022677,0.00735377791449542,0.7952179970650548,3.896559845095909e-18,7.987947682446614e-16,-0.7952179970650548,3.896559845095909e-18,7.987947682446614e-16,0.49328626116375446,3.896559845095909e-18,7.987947682446614e-16,-0.49328626116375446,3.896559845095909e-18,7.987947682446614e-16,,,,,,,-5.201087217330933,3.896559845095909e-18,8.767259651465796e-16
gold_fair_sources_sweep,3b72ada54330,OutcomeModelTransport,FeasibleRestricted,250,200,5000,5,50,0.1,2.9708666049030668,1.5051380597812094,2.6140749858099923,100,0.06607417239336626,1.3047315272635105,0.06592314185191778,100,0.8681845299878492,0.8572169240212308,0.6413808784167687,100,0.08692014813433308,1.2200604026439272,0.0699338450654824,100,0.8457377908577908,0.1294138407483302,0.8881289521289522,100,0.6815827827827827,0.14582272707072955,0.7071471471471472,100,0.8553219688006447,0.12529217886284,0.8953308194628922,100,0.8538538712708322,0.13586866238696105,0.8874217492385144,100,0.8535037308224888,0.13860810095024034,0.8919792460718501,100,0.8509233959697126,0.1431348458696262,0.8943484936252868,100,8.260397567124603,2.002947037214716,8.188344243909356,100,6.60590401889695,1.8365644725494457,6.434166607743451,100,0.9172780259145956,0.1288637471115828,0.9505491976387632,100,-0.062349614956800054,1.11654622199437,-0.12053808861341833,100,0.7468096012474393,0.19405142244154042,0.8012716107350641,100,1.0569671514609547,0.8096047220902205,0.8649960634693159,100,1.949321507734047,1.5495664981637738,1.4873669860468226,100,1.8360330422874722,0.9472836475261375,1.8965613057119453,100,0.3803961632045832,0.37120731837502063,0.24971006048051764,100,1.2464484852317583,0.9194700866168759,1.3057754975817855,100,0.23292691979101973,0.23236781606226725,0.16100733745822843,100,,,,0,,,,0,0.12761322021484375,0.07984647009364365,0.11293315887451172,100,-2.097187963032714,9.044445868078014e-18,7.987947682446614e-16,0.03602715456990339,0.8635033772834252,1.0,-0.1803372550055168,0.06000407156781899,1.0,0.036027154569903394,0.8635033772834252,1.0,0.34710516114516127,3.896559845095909e-18,7.987947682446614e-16,0.3338395995995996,3.896559845095909e-18,7.987497077178259e-16,0.33941911073618153,3.896559845095909e-18,7.987947682446614e-16,0.3457802446723115,3.896559845095909e-18,7.987947682446614e-16,0.3580693815995317,3.896559845095909e-18,7.987947682446614e-16,0.36712954941047626,3.896559845095909e-18,7.987947682446614e-16,3.2110583603491687,3.896559845095909e-18,7.987947682446614e-16,2.614731020556574,3.896559845095909e-18,7.987947682446614e-16,-0.6185321385030222,1.690631665125153e-17,3.127668580481533e-15,0.152665151796989,0.8231532975996094,1.0,0.47577405479087514,3.896559845095909e-18,7.987947682446614e-16,-0.36998862395414345,5.750054383821226e-05,0.004255040244027707,-1.1659746660228234,1.0428838221518426e-07,8.864512488290661e-06,0.8314432289649183,3.896559845095909e-18,7.987947682446614e-16,-0.8314432289649183,3.896559845095909e-18,7.987947682446614e-16,0.5229462041113146,3.896559845095909e-18,7.987947682446614e-16,-0.5229462041113146,3.896559845095909e-18,7.987947682446614e-16,,,,,,,-5.729947786331177,3.896559845095909e-18,8.767259651465796e-16
gold_fair_sources_sweep,3b72ada54330,ProxyOnly,FeasibleRestricted,250,200,5000,5,50,0.1,5.06805456793578,0.9143132966338036,4.829827702614525,100,0.030047017823462863,1.7470836567272336,0.06846887488359785,100,1.0485217849933663,0.8664270341464889,0.7949833274644087,100,0.05089299356442972,1.363298393364457,0.0541756237149483,100,0.49863262971262967,0.09272305868163579,0.5044364524364524,100,0.34774318318318315,0.06904118117288816,0.35032832832832833,100,0.5159028580644633,0.09437274798831187,0.5223435200642577,100,0.5080736265985208,0.1360487156555502,0.5151276342851102,100,0.49543434922295715,0.14824110752070468,0.5152844812923931,100,0.48379384655923646,0.16403343868287149,0.5142591518192912,100,5.049339206775436,1.9948381511251678,4.642355952959939,100,3.991172998340378,1.8052659890664509,3.6658668136119568,100,1.5358101644176185,0.4306716309268098,1.4822459142578481,100,-0.2150147667537891,2.223231201818512,0.030426754772485437,100,0.2710355464565641,0.090228715287627,0.2685134064236564,100,1.426955775415098,0.7330302368888192,1.2965752517371958,100,3.11529617375687,1.4163204401488056,2.8671284742575027,100,1.0045898133225537,0.9444714684187714,1.1739505344273289,100,1.2118393921695017,0.4035990197019108,1.1152216155482275,100,0.7235022811204435,0.8802001601944293,0.737730728097145,100,0.7558731239023346,0.2191933545378559,0.6964341082290226,100,0.0,0.0,0.0,100,0.0,0.0,0.0,100,5.85756100654602,0.5971219048805707,5.998538970947266,100,,,,,,,,,,,,,,,,,,,,,,,,,,,,,,,,,,,,,,,,,,,,,,,,,,,,,,,,,,,,,,,,,,,,,,,,
gold_fair_sources_sweep,3b72ada54330,TargetOnlyDR,OracleTargetTreated,250,200,5000,5,50,0.1,4.446193279804381,0.6985967599356849,4.340451136677289,100,0.06746727066651764,1.5676318716227033,-0.03303297047456097,100,0.2692407637856765,0.19335620644049042,0.24319895996937074,100,0.08831324640748449,0.3205174410801982,0.09045117137104941,100,0.6603322862122865,0.05372339889917018,0.6576549756549757,100,0.475961001001001,0.04557683448137133,0.47290290290290293,100,0.6774355163026574,0.05242442582142173,0.6749451977516401,100,0.659017094957173,0.08528014557567894,0.6690712186051098,100,0.661489445418107,0.09951904381082768,0.6723368184163122,100,0.6568994102434726,0.11548511403728509,0.6653518637223541,100,6.509081374234472,1.931796374663612,6.460241892675635,100,5.250824541639645,1.7834271084475148,5.166040217820493,100,1.7773676090338508,0.33872041041636897,1.8030804190125593,100,-0.21592027799550564,1.5185979667244018,-0.17618224936996427,100,0.45332540279382527,0.07194052913058531,0.44962570343473085,100,1.393883264102203,0.3876771771482457,1.4040625207345478,100,3.298674366746076,0.8583998799559308,3.302476580996178,100,1.4588278250082465,0.8832361584660714,1.5283440234235663,100,0.7576013804838084,0.19545990266093669,0.7276166065556837,100,0.975432589780297,0.9126536292235269,1.01232042311679,100,0.5039428152424812,0.12213978428463802,0.4869936201671317,100,0.0,0.0,0.0,100,0.0,0.0,0.0,100,7.303760290145874,0.9142098111600928,7.123939514160156,100,-0.6218612881314,3.896559845095909e-18,7.987947682446614e-16,0.03742025284305475,0.5542578843858728,1.0,-0.7792810212076898,2.1780705099798338e-13,3.3977899955685406e-11,0.037420252843054766,0.5542578843858728,1.0,0.1616996564996565,4.670683307897806e-18,7.987947682446614e-16,0.12821781781781783,4.670683307897806e-18,7.987497077178259e-16,0.16153265823819413,6.702409068617996e-18,7.987947682446614e-16,0.15094346835865202,4.743781498021361e-16,1.1385075595251266e-14,0.16605509619514966,1.690631665125153e-17,7.987947682446614e-16,0.1731055636842362,1.5932071996658114e-17,7.987947682446614e-16,1.4597421674590374,2.843748309192805e-16,7.109370772982013e-15,1.2596515432992668,1.8478899002670448e-17,8.315504551201701e-16,0.24155744461623274,1.9213684786277983e-05,0.0006916926523060074,-0.00090551124171659,0.8608010376424908,1.0,0.18228985633726133,8.777880718979924e-18,7.987947682446614e-16,-0.033072511312895105,0.49166378509120057,1.0,0.18337819298920544,0.07490391224372553,1.0,0.4542380116856933,9.601770743442903e-18,7.987947682446614e-16,-0.4542380116856933,9.601770743442903e-18,7.987947682446614e-16,0.25193030865985333,1.8478899002670448e-17,8.315504551201701e-16,-0.25193030865985333,1.8478899002670448e-17,8.315504551201701e-16,0.0,,,0.0,,,1.4461992835998536,2.46529261728969e-16,1.1340346039532574e-14
gold_fair_sources_sweep,3f43b07a2782,AnchorOnly,OracleTargetTreated,550,500,20000,20,50,0.1,4.515873870400432,0.8349280694185321,4.348050354276154,100,-0.02020194040938873,1.6563724147495962,0.2223140469575458,100,0.15183560835808385,0.12424560985482168,0.1137097773436615,100,-0.03767831606836377,0.19310592246000063,-0.036473513135461655,100,0.667706499146499,0.03847292683863203,0.6681937341937342,100,0.4822831231231231,0.03292437658007741,0.4830930930930931,100,0.6855321870870956,0.03772464324806214,0.6865227324473466,100,0.6873412919000598,0.07283643482574731,0.6988325946949574,100,0.6717071586330846,0.08437662344774599,0.6803729449188931,100,0.6648201225164422,0.10521472100550529,0.6748234214711084,100,6.9753932520332125,2.098150019142446,6.643323903643747,100,5.487621692616205,1.9349970210894785,5.33663319973202,100,1.737848651977488,0.2780128410613748,1.6755788501555755,100,0.09054328520335296,1.3440273916731698,-0.12415592905199879,100,0.46457703476178286,0.05131318086136297,0.4641621237830487,100,1.3864346523941689,0.41029804766334943,1.3304865752290926,100,3.5000954566685505,0.9893502042956829,3.4121030329328255,100,1.6549968723240953,0.8831088362258795,1.6257110350933568,100,0.731282255795624,0.17089570426228815,0.7100326646198347,100,1.1063453072196108,0.9475450942902943,1.0753197744913714,100,0.506304671935574,0.12603687972841165,0.4899692373448502,100,0.0008922869170232957,0.000734768527179169,0.0005453498602550902,100,24.06,0.6327748733981465,24.0,100,18.82870809316635,5.0491730081325255,19.244309902191162,100,-0.6090127267651039,3.896559845095909e-18,7.987947682446614e-16,0.11052149847103418,0.38812672601916176,1.0,-0.9349070640060698,3.3344510234599337e-17,5.9019783115240824e-15,0.11052149847103422,0.38812672601916176,1.0,0.14739959463959462,8.519072542858556e-18,7.987947682446614e-16,0.11776404404404406,8.267798584515514e-18,7.987497077178259e-16,0.14725269041516614,8.023842397878198e-18,7.987947682446614e-16,0.15094033306216842,2.198665592591444e-16,5.936397099996899e-15,0.14396778392912785,2.536781950250505e-16,5.834598485576162e-15,0.15290026259936432,6.348428415673146e-17,1.5415174399041137e-15,1.495770176588954,4.611279067549772e-16,1.0605941855364477e-14,1.1367258212128362,2.6859459865305284e-16,5.371891973061057e-15,0.2611941966130805,9.487277678157031e-08,5.123129946204797e-06,-0.3038850571591513,0.17117023411272703,1.0,0.17022917974553287,8.267798584515514e-18,7.987947682446614e-16,-0.11727339245345486,0.33395948157301447,1.0,0.2840095268649749,0.007472552147645046,0.4035178159728325,0.4315941937291059,5.430296382634715e-18,7.987947682446614e-16,-0.4315941937291059,5.430296382634715e-18,7.987947682446614e-16,0.2273451642425672,2.6859459865305284e-16,5.371891973061057e-15,-0.2273451642425672,2.6859459865305284e-16,5.371891973061057e-15,0.0008922869170232957,3.896559845095909e-18,1.7534519302931591e-16,24.06,2.762459074460458e-19,1.0221098575503694e-17,9.078803482055664,3.14398699044227e-17,1.5091137554122898e-15
gold_fair_sources_sweep,3f43b07a2782,AnchorPlugin,FeasibleRestricted,550,500,20000,20,50,0.1,3.852023613250146,1.1582683063033739,3.591372039935032,100,-0.07340859218351647,1.215148626118834,-0.13352561447971184,100,0.8241907266753478,0.5865011569253059,0.7325139099780963,100,-0.09088496784249149,1.0108372605094376,-0.0325007290622988,100,0.7431060892260893,0.10457754081474901,0.7650998430998431,100,0.5555825425425427,0.09573861583978759,0.5693173173173173,100,0.7577756576873506,0.10204852123158539,0.7789920315473511,100,0.7567465554632513,0.10194392698009296,0.7767685243737652,100,0.7523134815260376,0.11011133696556942,0.7723461875538201,100,0.7468303891124066,0.12267087553399449,0.7768446646441818,100,7.577926626920219,1.9769571245889361,7.528028379437597,100,6.043574193813865,1.8597988047234448,5.887136882956929,100,1.0650428054946337,0.13902785058627032,1.0647923092043645,100,0.12373390328567005,1.005550592524188,0.16944637259079745,100,0.5836809583067286,0.14245663894150276,0.6109088688369864,100,0.9673873720872375,0.5153428149559994,0.8317093197125238,100,1.8680145942388249,0.8264583025356066,1.734579482936578,100,1.8026229316900817,0.8910885745338578,1.7642437841845062,100,0.5836561964296376,0.3430101477431138,0.4901784295246697,100,1.217535807459143,0.9664358421687497,1.1724019910954282,100,0.39511417169604196,0.2191227679508456,0.3332488123861607,100,0.003004373997475777,0.002328592442610792,0.002610545453993418,100,49.74,0.5049252369900864,50.0,100,11.181186125278472,3.968361581492174,11.785561680793762,100,-1.2728629839153884,3.896559845095909e-18,7.987947682446614e-16,0.05731484669690646,0.45976137200079736,1.0,-0.26255194568880585,0.0010760569679083463,0.09792118407965951,0.05731484669690647,0.45976137200079736,1.0,0.2227991847191847,3.896559845095909e-18,7.987947682446614e-16,0.19106346346346348,3.896559845095909e-18,7.987497077178259e-16,0.2194961610154208,3.896559845095909e-18,7.987947682446614e-16,0.22034559662535994,4.2663227307182344e-18,7.987947682446614e-16,0.22457410682208084,4.139373908714419e-18,7.987947682446614e-16,0.23491052919532876,4.0161556854627e-18,7.987947682446614e-16,2.0983035514759587,4.3971135541818935e-18,7.987947682446614e-16,1.6926783224104966,4.139373908714419e-18,7.987947682446614e-16,-0.41161164986977394,2.4720581888887905e-15,2.645102262111006e-13,-0.27069443907683416,0.10170516363941541,1.0,0.2893331032904786,3.896559845095909e-18,7.987947682446614e-16,-0.5363206727603866,3.2238208079928203e-11,4.739016587749446e-09,-1.3480713355647505,2.9912514299969816e-14,4.277489544895684e-12,0.579220253095092,3.896559845095909e-18,7.987947682446614e-16,-0.5792202530950921,3.896559845095909e-18,7.987947682446614e-16,0.3385356644820993,4.139373908714419e-18,7.987947682446614e-16,-0.3385356644820993,4.139373908714419e-18,7.987947682446614e-16,0.003004373997475777,3.896559845095909e-18,1.7534519302931591e-16,49.74,2.823558614648247e-20,1.2706013765917113e-18,1.4312815141677857,0.00034452085377202716,0.004478771099036353
gold_fair_sources_sweep,3f43b07a2782,EntropyBalancing,FeasibleRestricted,550,500,20000,20,50,0.1,3.027654559431996,1.5535949239538798,2.6207863582821873,100,-0.13605410217463232,1.2985951533209394,0.002018121567993249,100,0.7993074939527319,0.5828571105268728,0.6833696838956596,100,-0.1535304778336074,0.9804379816194491,-0.2041788926740472,100,0.8399664123264123,0.13267366306099435,0.8704342024342024,100,0.6740405205205205,0.14626118584894635,0.6864624624624625,100,0.8497884700321546,0.12897517616311063,0.8812543844063828,100,0.8499029479927639,0.1276652694522812,0.8793691627933987,100,0.8469497524524091,0.13541265803753258,0.8709633258158049,100,0.8472683371848249,0.13838463330813675,0.8783012265931387,100,8.42586802027862,2.0133525869216395,8.159765528994399,100,6.703732854100411,1.8680107480745962,6.499878165344109,100,0.955288352145437,0.1093436569043972,0.9677942685024461,100,0.14336142785504175,0.9822064221492041,0.19388735808810997,100,0.7384311675012714,0.19470713676310672,0.7765189408917854,100,0.8821765099717856,0.590419405788061,0.766386690189677,100,1.6383433871847446,1.0733243859258532,1.3510905656489938,100,1.9956365050879186,0.9091928108218331,1.9962182438204221,100,0.39064262303180053,0.3894279229924073,0.2484381820761996,100,1.349567539516452,0.9710285440184782,1.3337869131757627,100,0.26308243963873273,0.2763259309741436,0.18436989748119026,100,,,,0,,,,0,2.8376387119293214,1.7025605566352067,2.841989040374756,100,-2.09723203773354,4.813701823147399e-18,7.987947682446614e-16,-0.005330663294209425,0.9835408496499783,1.0,-0.2874351784114215,0.0035882251228733166,0.280364814966898,-0.0053306632942094435,0.9835408496499783,1.0,0.3196595078195078,4.139373908714419e-18,7.987947682446614e-16,0.30952144144144145,4.139373908714419e-18,7.987497077178259e-16,0.311508973360225,4.139373908714419e-18,7.987947682446614e-16,0.3135019891548723,4.139373908714419e-18,7.987947682446614e-16,0.3192103777484523,4.531861061109546e-18,7.987947682446614e-16,0.3353484772677468,4.139373908714419e-18,7.987947682446614e-16,2.9462449448343597,4.2663227307182344e-18,7.987947682446614e-16,2.352836982697043,4.531861061109546e-18,7.987947682446614e-16,-0.5213661032189706,1.0706319350413213e-16,1.5202973477586763e-14,-0.2510669145074626,0.20087704004784346,1.0,0.4440833124850213,4.139373908714419e-18,7.987947682446614e-16,-0.6215315348758385,2.653061163858181e-09,2.9183672802439994e-07,-1.5777425426188298,1.4466417063919293e-12,1.6491715452867993e-10,0.772233826492929,4.2663227307182344e-18,7.987947682446614e-16,-0.772233826492929,4.2663227307182344e-18,7.987947682446614e-16,0.47056739653940866,4.531861061109546e-18,7.987947682446614e-16,-0.47056739653940866,4.531861061109546e-18,7.987947682446614e-16,,,,,,,-6.912265899181366,6.906672275406012e-18,8.767259651465796e-16
gold_fair_sources_sweep,3f43b07a2782,Glmtrans_Auto,OracleTargetTreated,550,500,20000,20,50,0.1,0.4352766515869743,0.09713714314709997,0.4238157208130904,100,0.013292074191885231,1.625400441299231,0.2427311089465497,100,0.030744146107405886,0.02269568331723077,0.025631738254649927,100,-0.004184301467089778,0.03810720181582503,-0.0073997303988682095,100,0.9968285605085606,0.0019532968931379882,0.9974692454692455,100,0.9562023223223224,0.011832495868594892,0.9587507507507508,100,0.9972204413845621,0.0017662943234157537,0.9978279382393259,100,0.9969522954642701,0.002580581191498738,0.9975943703215262,100,0.996911804912362,0.0022694480600752446,0.9974885409761324,100,0.9969317765628576,0.0024089446406920715,0.9975784419988385,100,10.031618573323,2.53262953686739,9.519685919845077,100,7.9972109576694415,2.25410568517195,7.7163334772618,100,1.0269306593342993,0.011361842427664201,1.0280526644290515,100,0.001671533192040365,0.06570250738337716,0.0015322019766277597,100,0.9943604232781721,0.0036113423227889206,0.9956055378818713,100,0.12665208810088227,0.04430555525195368,0.11958742927984561,100,0.30499873750677964,0.1044659933030481,0.3057929617580952,100,2.3802551531157494,0.9374144326807627,2.366994370849257,100,0.006023975003969448,0.0036555257078437933,0.004938896998799014,100,1.6082631602302577,0.9637879791926245,1.5419717555724777,100,0.004386818924926829,0.002677745334453454,0.0037989111392152664,100,,,,0,,,,0,22.85744710445404,5.170599189255415,22.042731046676636,100,-4.68960994557856,3.896559845095909e-18,7.987947682446614e-16,0.14401551307230823,0.24938731137746817,1.0,-1.055998526256748,4.3971135541818935e-18,8.706284837280149e-16,0.14401551307230825,0.24938731137746817,1.0,0.47652165600165597,3.896559845095909e-18,7.987947682446614e-16,0.5916832432432433,3.896559845095909e-18,7.987497077178259e-16,0.45894094471263247,3.896559845095909e-18,7.987947682446614e-16,0.46055133662637887,3.896559845095909e-18,7.987947682446614e-16,0.4691724302084053,3.896559845095909e-18,7.987947682446614e-16,0.4850119166457793,3.896559845095909e-18,7.987947682446614e-16,4.551995497878741,3.896559845095909e-18,7.987947682446614e-16,3.6463150862660716,3.896559845095909e-18,7.987947682446614e-16,-0.4497237960301084,8.705736048287007e-15,8.096334524906916e-13,-0.39275680917046396,0.04921529101222413,1.0,0.7000125682619222,3.896559845095909e-18,7.987947682446614e-16,-1.3770559567467415,3.896559845095909e-18,7.987947682446614e-16,-2.9110871922967947,3.896559845095909e-18,7.987947682446614e-16,1.1568524745207602,3.896559845095909e-18,7.987947682446614e-16,-1.1568524745207602,3.896559845095909e-18,7.987947682446614e-16,0.7292630172532146,3.896559845095909e-18,7.987947682446614e-16,-0.7292630172532146,3.896559845095909e-18,7.987947682446614e-16,,,,,,,13.107542493343352,3.896559845095909e-18,8.767259651465796e-16
gold_fair_sources_sweep,3f43b07a2782,Glmtrans_DR_CrossFit,OracleTargetTreated,550,500,20000,20,50,0.1,0.3872287455026509,0.10632224440843371,0.37193928072967675,100,0.015002361298960723,1.6268846294836083,0.24375336911209128,100,0.030906323946754775,0.026760815757632353,0.02672608630770712,100,-0.002474014360014316,0.040924418635683545,-0.0024075915558644523,100,0.9970721515121516,0.0019519218413715975,0.9976781896781897,100,0.9583953153153153,0.01224122942123643,0.9608488488488488,100,0.9974390360017918,0.0017636211182630388,0.9979980293478292,100,0.9970780571264625,0.0028512917725579024,0.9978198906688213,100,0.9971278879153198,0.00229166693091406,0.9977398429793818,100,0.9971651305702715,0.0024089708850028365,0.9978843932169292,100,10.032855489078509,2.5329943551623204,9.5179529596127,100,7.998763510415424,2.254102773228966,7.717505824235127,100,1.0031522414347378,0.007762597822236514,1.0026751342411886,100,0.0016259346776451402,0.0434354269983955,0.0037034634268169036,100,0.9948108409698116,0.0035957973880580475,0.9958869122319852,100,0.05560654184203969,0.0226815619143571,0.052139820478111706,100,0.12779398945951703,0.054643612486878955,0.11543507492119476,100,2.3806146362563125,0.9375173497443947,2.3661732322224642,100,0.0056644918634067894,0.0038964373914187112,0.004659524585301389,100,1.608573670779454,0.9638317964477991,1.5418754777364705,100,0.004076308375730371,0.0027435577971518413,0.0031274433405689694,100,,,,0,,,,0,30.42639530658722,8.531111503085068,28.05185091495514,100,-4.737657851662885,3.896559845095909e-18,7.987947682446614e-16,0.14572580017938358,0.255084772503005,1.0,-1.055836348417399,4.139373908714419e-18,8.320141556515982e-16,0.14572580017938366,0.255084772503005,1.0,0.476765247005247,3.896559845095909e-18,7.987947682446614e-16,0.5938762362362363,3.896559845095909e-18,7.987497077178259e-16,0.45915953932986214,3.896559845095909e-18,7.987947682446614e-16,0.46067709828857106,3.896559845095909e-18,7.987947682446614e-16,0.4693885132113631,3.896559845095909e-18,7.987947682446614e-16,0.48524527065319334,3.896559845095909e-18,7.987947682446614e-16,4.553232413634253,3.896559845095909e-18,7.987947682446614e-16,3.6478676390120546,3.896559845095909e-18,7.987947682446614e-16,-0.47350221392966985,2.2752519601792896e-15,2.480024636595426e-13,-0.39280240768485924,0.04650396992562074,1.0,0.7004629859535616,3.896559845095909e-18,7.987947682446614e-16,-1.4481015030055844,3.896559845095909e-18,7.987947682446614e-16,-3.0882919403440576,3.896559845095909e-18,7.987947682446614e-16,1.157211957661323,3.896559845095909e-18,7.987947682446614e-16,-1.157211957661323,3.896559845095909e-18,7.987947682446614e-16,0.7295735278024109,3.896559845095909e-18,7.987947682446614e-16,-0.7295735278024109,3.896559845095909e-18,7.987947682446614e-16,,,,,,,20.67649069547653,3.896559845095909e-18,8.767259651465796e-16
gold_fair_sources_sweep,3f43b07a2782,Glmtrans_OptionB,FeasibleRestricted,550,500,20000,20,50,0.1,2.6300218600710696,1.5301524013633336,2.198444632361417,100,-0.14562618060827395,1.3945724796654424,0.09413409417970268,100,0.7485588368914702,0.5808562676077136,0.6371787862634682,100,-0.16310255626724904,0.9362281686901224,-0.18622151415703642,100,0.8764678664278663,0.12545335260035773,0.9168462588462589,100,0.7242830030030031,0.14797338348266525,0.7524324324324325,100,0.8844174550927525,0.12154430117038262,0.9255420695535597,100,0.8842638073689504,0.11704876350325655,0.9225290744404167,100,0.8847637851900616,0.11467577204653542,0.9215737551796159,100,0.885910913957219,0.11270031554191343,0.9216199561960728,100,8.755805850674342,2.014413395574165,8.344531608979205,100,6.993863196765966,1.8471397924649384,6.800194840609655,100,0.98088560280955,0.10168762393925276,0.9851062592241905,100,0.18418511840360505,0.9277796096429124,0.2077799291192079,100,0.7966226868805447,0.18731412472488357,0.8558124720438434,100,0.8343792351935758,0.5719309315812012,0.6785490864864714,100,1.4724781857051361,0.9267622958802919,1.2486928255837473,100,2.077047492181967,0.8924660061024197,2.0675597552323666,100,0.30923163593775216,0.3709584117929292,0.1728149602035075,100,1.4075936080495635,0.9664012631802984,1.3902823824685913,100,0.20505637110562158,0.26110063967412456,0.11382480381462601,100,,,,0,,,,0,20.651218836307525,5.641967191694452,19.559680581092834,100,-2.4948647370944665,3.896559845095909e-18,7.987947682446614e-16,-0.014902741727850994,0.9123884418157544,1.0,-0.3381838354726834,0.0007815620423821004,0.07737464219582794,-0.014902741727851004,0.9123884418157544,1.0,0.3561609619209621,4.139373908714419e-18,7.987947682446614e-16,0.359763923923924,4.139373908714419e-18,7.987497077178259e-16,0.34613795842082284,4.139373908714419e-18,7.987947682446614e-16,0.34786284853105903,4.3971135541818935e-18,7.987947682446614e-16,0.35702441048610495,4.2663227307182344e-18,7.987947682446614e-16,0.373991054040141,4.139373908714419e-18,7.987947682446614e-16,3.276182775230082,4.813701823147399e-18,7.987947682446614e-16,2.6429673253625987,4.3971135541818935e-18,7.987947682446614e-16,-0.4957688525548576,2.1365801836383434e-16,2.905749049748147e-14,-0.21024322395889924,0.2787763214683321,1.0,0.5022748318642946,4.139373908714419e-18,7.987947682446614e-16,-0.6693288096540485,1.6762210274951143e-10,2.246136176843453e-08,-1.7436077440984386,2.917295855137348e-15,4.550981534014262e-13,0.8536448135869776,3.896559845095909e-18,7.987947682446614e-16,-0.8536448135869776,3.896559845095909e-18,7.987947682446614e-16,0.5285934650725197,4.3971135541818935e-18,7.987947682446614e-16,-0.5285934650725197,4.3971135541818935e-18,7.987947682446614e-16,,,,,,,10.901314225196838,3.896559845095909e-18,8.767259651465796e-16
gold_fair_sources_sweep,3f43b07a2782,IPWTransport,FeasibleRestricted,550,500,20000,20,50,0.1,3.020417474127622,1.5585215023678116,2.608418950045479,100,-0.13644048949186474,1.3037422484897943,-0.0023520990907543718,100,0.7982884528054099,0.5868819243847274,0.6916447024774033,100,-0.15391686515083983,0.9819379630995946,-0.21759110635583134,100,0.8405903042303043,0.13257926158169933,0.8719424359424359,100,0.6750383983983984,0.14673884840907012,0.6883023023023023,100,0.8503967829246519,0.12879116453907938,0.8826470532742919,100,0.8491637416004206,0.12923732256755652,0.877283371112316,100,0.8479083998144952,0.1363825790186596,0.8756737873531186,100,0.8482399700902578,0.13904144238492835,0.8784244788143228,100,8.414241959639154,2.008025515530108,8.17938894990318,100,6.709960754779207,1.870924991200351,6.447108278855273,100,0.9569568226150911,0.1086007627851221,0.9701034847941385,100,0.14562311613985307,0.9829581669366261,0.1927734348356481,100,0.7394048237172197,0.19501197469910037,0.7783020928602449,100,0.8803262437442037,0.592444892233955,0.7942098470565495,100,1.6412904302097815,1.0745537475892908,1.3598682863681733,100,1.9981011350341729,0.9107905903943976,1.995143527485447,100,0.38817799308554635,0.3872524517927798,0.25350735182644324,100,1.3508131196522115,0.9706953463867665,1.3362149815479643,100,0.2618368595029735,0.2786994936877895,0.18377946679198331,100,,,,0,,,,0,0.9193882822990418,1.1439651403657094,0.8568861484527588,100,-2.1044691230379136,4.813701823147399e-18,7.987947682446614e-16,-0.005717050611441814,0.9835408496499783,1.0,-0.28845421955874356,0.0032845835525171516,0.2627666842013721,-0.005717050611441805,0.9835408496499783,1.0,0.3202833997233997,4.139373908714419e-18,7.987947682446614e-16,0.31051931931931925,4.139373908714419e-18,7.987497077178259e-16,0.3121172862527224,4.139373908714419e-18,7.987947682446614e-16,0.31276278276252933,4.2663227307182344e-18,7.987947682446614e-16,0.3201690251105386,4.3971135541818935e-18,7.987947682446614e-16,0.3363201101731797,4.2663227307182344e-18,7.987947682446614e-16,2.9346188841948946,4.3971135541818935e-18,7.987947682446614e-16,2.359064883375839,4.670683307897806e-18,7.987947682446614e-16,-0.5196976327493165,1.2018657535267367e-16,1.6946307124726986e-14,-0.24880522622265125,0.20699728974792586,1.0,0.4450569687009698,4.139373908714419e-18,7.987947682446614e-16,-0.6233818011034203,2.2417156428586456e-09,2.5331386764302695e-07,-1.5747954995937932,1.4466417063919293e-12,1.6491715452867993e-10,0.7746984564391833,4.2663227307182344e-18,7.987947682446614e-16,-0.7746984564391833,4.2663227307182344e-18,7.987947682446614e-16,0.47181297667516786,4.670683307897806e-18,7.987947682446614e-16,-0.47181297667516786,4.670683307897806e-18,7.987947682446614e-16,,,,,,,-8.830516328811646,3.896559845095909e-18,8.767259651465796e-16
gold_fair_sources_sweep,3f43b07a2782,OutcomeModelTransport,FeasibleRestricted,550,500,20000,20,50,0.1,2.912781607282909,1.5810448765182714,2.5075014486232226,100,-0.12494457289083587,1.2803425548892653,-0.006400128423034538,100,0.7959469068672895,0.5672633604984709,0.6946263583332851,100,-0.142420948549811,0.970170033482185,-0.14740735313183762,100,0.8508850606450605,0.13149260469513216,0.8832522912522913,100,0.6897088688688691,0.14979317566443742,0.7036056056056056,100,0.8601139784320178,0.12756232493140873,0.8937611058572404,100,0.8602508680812458,0.12577182041034082,0.8890789729647512,100,0.8595929551190686,0.1281332079455924,0.889605970879519,100,0.8595342499419689,0.1319761935952358,0.8933242860974049,100,8.50786234654086,1.9546419172018896,8.20310183312198,100,6.7936854176230534,1.8299850165608755,6.547401994042911,100,0.9770904686183252,0.10660933704403629,0.9894721405681426,100,0.14214357904622235,0.9751117158569543,0.13629599837436152,100,0.7555965039660141,0.19487586836472162,0.7958286964709514,100,0.8736768238946521,0.5655575152505833,0.7723856060887093,100,1.5761141580639357,0.9739338662705745,1.309613030574646,100,2.015731262513758,0.9041680840720069,2.018706791637162,100,0.37054786560596115,0.38330971479426584,0.23930256610451583,100,1.3675580522209807,0.9699653512775966,1.3416110373948609,100,0.24509192693420445,0.2713176074878007,0.16097065727388082,100,,,,0,,,,0,0.16935999155044557,0.10705552305491702,0.15103042125701904,100,-2.212104989882627,3.896559845095909e-18,7.987947682446614e-16,0.005778865989587025,0.9945132706275845,1.0,-0.29079576549686403,0.004510556945946881,0.3382917709460161,0.005778865989587017,0.9945132706275845,1.0,0.3305781561381561,4.139373908714419e-18,7.987947682446614e-16,0.3251897897897898,4.139373908714419e-18,7.987497077178259e-16,0.32183448176008833,4.139373908714419e-18,7.987947682446614e-16,0.3238499092433545,4.3971135541818935e-18,7.987947682446614e-16,0.331853580415112,4.2663227307182344e-18,7.987947682446614e-16,0.3476143900248909,4.139373908714419e-18,7.987947682446614e-16,3.0282392710966004,4.9610417082651575e-18,7.987947682446614e-16,2.4427895462196845,4.531861061109546e-18,7.987947682446614e-16,-0.4995639867460824,1.9605090823255597e-16,2.6858974427860166e-14,-0.2522847633162819,0.1972688546672764,1.0,0.46124864894976414,4.139373908714419e-18,7.987947682446614e-16,-0.6300312209529719,1.0407851434822438e-09,1.217718617874225e-07,-1.6399717717396387,9.770126495677047e-14,1.3287372034120784e-11,0.7923285839187686,3.896559845095909e-18,7.987947682446614e-16,-0.7923285839187686,3.896559845095909e-18,7.987947682446614e-16,0.4885579092439369,4.531861061109546e-18,7.987947682446614e-16,-0.4885579092439369,4.531861061109546e-18,7.987947682446614e-16,,,,,,,-9.580544619560241,3.896559845095909e-18,8.767259651465796e-16
gold_fair_sources_sweep,3f43b07a2782,ProxyOnly,FeasibleRestricted,550,500,20000,20,50,0.1,5.124886597165535,1.002931983102095,4.971984160602307,100,-0.13072343888042295,1.9859395582687704,-0.2589202171422355,100,1.0867426723641536,0.7753267158981115,0.9068305407580336,100,-0.14819981453939796,1.331121897949688,-0.29360252121327723,100,0.5203069045069045,0.09596472446781816,0.5370383010383011,100,0.3645190790790791,0.07259349280477254,0.37523923923923924,100,0.5382794966719295,0.09657872029656762,0.5545305797438266,100,0.5364009588378913,0.12439296454215062,0.5598249700220619,100,0.5277393747039567,0.13426710888230264,0.5557188437094254,100,0.5119198599170781,0.1571456558628401,0.53923132221919,100,5.479623075444259,2.0351911249721417,5.244446164335885,100,4.350895871403368,1.8460972629808934,4.109934438316664,100,1.4766544553644076,0.412743297320425,1.4529715824897105,100,0.3944283423625043,2.122257161715382,0.4563482017681423,100,0.29434785501625,0.0972324654926532,0.3086768305462409,100,1.5037080448476237,0.6330038463533768,1.3987539499535462,100,3.216085929803574,1.2045106520616815,3.100358268686916,100,1.2234026785949894,0.8870191514739034,1.270663218280649,100,1.1628764495247297,0.3489640679017239,1.1226407940806604,100,0.8790001429770438,0.9711825065850994,0.8919279860414762,100,0.7336498361781412,0.23215149173112187,0.6720061225352626,100,0.0,0.0,0.0,100,0.0,0.0,0.0,100,9.749904611110686,3.2180469261801488,10.472599387168884,100,,,,,,,,,,,,,,,,,,,,,,,,,,,,,,,,,,,,,,,,,,,,,,,,,,,,,,,,,,,,,,,,,,,,,,,,
gold_fair_sources_sweep,3f43b07a2782,TargetOnlyDR,OracleTargetTreated,550,500,20000,20,50,0.1,4.466582364811898,0.8271298141549104,4.2946250248437,100,-0.03292769544980145,1.6632436366683077,0.23444386854596816,100,0.16000012123995705,0.13348322153213785,0.1329668499648065,100,-0.05040407110877653,0.2027564123928473,-0.05324834120806726,100,0.6786812631212632,0.039838144668037985,0.6815049575049575,100,0.4916572572572573,0.0341911775750542,0.4939199199199199,100,0.6962271481640044,0.03866332552410117,0.7000435709169087,100,0.6985291393559465,0.07140248760282122,0.7115296440518308,100,0.6844450632185543,0.08389391705234583,0.6874740201380097,100,0.6751176510024831,0.1025110364815812,0.6878663908583714,100,7.080389156586359,2.0987594568621573,6.758421431147044,100,5.579885977467646,1.9462471665643943,5.326024329963912,100,1.7287471733564095,0.26116189864390893,1.7067941415651844,100,0.08981776685015025,1.3301113699807583,-0.13332642214298743,100,0.4803996988449669,0.053728411910145504,0.4877181820205342,100,1.389909923758633,0.3632320693500973,1.364846444759622,100,3.499299279146752,0.9113983596120367,3.3609735969835977,100,1.6699324479759179,0.8927543100105116,1.6075189241558756,100,0.7163466801438011,0.16598846559012445,0.7028797866181784,100,1.124798164189899,0.9444712715165144,1.0739379383006216,100,0.48785181496528596,0.13307494202302367,0.47785871990693674,100,0.0,0.0,0.0,100,0.0,0.0,0.0,100,15.328106842041016,6.573151259428199,14.932823300361633,100,-0.6583042323536376,3.896559845095909e-18,7.987947682446614e-16,0.09779574343062146,0.3976487523328709,1.0,-0.9267425511241963,2.964263914228315e-17,5.3060324064686834e-15,0.09779574343062146,0.3976487523328709,1.0,0.1583743586143586,4.3971135541818935e-18,7.987947682446614e-16,0.12713817817817819,4.531861061109546e-18,7.987497077178259e-16,0.157947651492075,4.2663227307182344e-18,7.987947682446614e-16,0.16212818051805516,2.2731525308328643e-17,1.0456501641831177e-15,0.15670568851459774,9.535497985106279e-17,2.288519516425507e-15,0.16319779108540522,1.903450784800175e-17,7.987947682446614e-16,1.6007660811420998,2.2731525308328643e-17,1.0001871135664604e-15,1.2289901060642767,1.040096387925698e-16,2.912269886191954e-15,0.2520927179920018,6.288728332167441e-07,3.0814768827620464e-05,-0.30461057551235404,0.1658553570902883,1.0,0.18605184382871695,4.3971135541818935e-18,7.987947682446614e-16,-0.1137981210889914,0.23417989735759404,1.0,0.28321334934317727,0.01355983191000595,0.6508719316802856,0.4465297693809285,3.896559845095909e-18,7.987947682446614e-16,-0.4465297693809285,3.896559845095909e-18,7.987947682446614e-16,0.24579802121285543,1.040096387925698e-16,2.912269886191954e-15,-0.24579802121285543,1.040096387925698e-16,2.912269886191954e-15,0.0,,,0.0,,,5.578202230930328,1.369299546879079e-13,5.2033382781404996e-12
gold_fair_sources_sweep,457e2711dba1,AnchorOnly,OracleTargetTreated,550,500,50000,50,50,0.1,4.618958865823077,0.7797807869589102,4.508962317818665,100,-0.022634669802615758,1.6856056284860634,0.3047241887719526,100,0.20220433822393297,0.1520811634377815,0.16031164781932866,100,-0.005286897185248877,0.2537716236188277,0.011875356934328868,100,0.6680707839907839,0.040692310066334815,0.6722908862908863,100,0.4822673873873874,0.03480234648290969,0.48426226226226227,100,0.6848927608045291,0.039483428419383966,0.6875956811686137,100,0.6825007580260194,0.08670214576673561,0.6989231920310368,100,0.6757508761297665,0.0952190509464592,0.6973671113786475,100,0.6594448861062028,0.1278760763436338,0.6881506956128836,100,7.049353398945429,1.9413884917468316,6.96894269644644,100,5.6271646023302955,1.8117570023581864,5.730391229975543,100,1.780576367088221,0.2830600751032163,1.7368001316152615,100,0.012290160924089737,1.292436609223236,-0.1107725200900739,100,0.46479397718501614,0.05310654238740358,0.4676419440536556,100,1.4550015923788626,0.4125762229220315,1.379431302195119,100,3.5932759047586043,0.9608470473222352,3.345267419198099,100,1.753378070764925,1.0353424796536457,1.5192449261204939,100,0.743874038185264,0.17148901928163338,0.7260936801019713,100,1.2060068964076671,1.068952812905235,1.094967510751014,100,0.5078348913230161,0.12192062529606273,0.4924630840573326,100,0.0008985518317948832,0.0007399970007033744,0.0005272769997115105,100,24.11,0.6012613005301034,24.0,100,24.295726976394654,8.19682439169546,25.991037487983704,100,-0.6339955703884048,4.813701823147399e-18,7.987947682446614e-16,0.15453688654299516,0.4745030356140598,1.0,-0.9668072861498231,4.743781498021361e-16,7.827239471735246e-14,0.1545368865429952,0.4745030356140598,1.0,0.14729905073905075,6.729249235397462e-17,1.0093873853096193e-15,0.11685573573573574,7.559735353237344e-17,1.1339603029856016e-15,0.14730496123398626,5.649430306955948e-17,8.474145460433922e-16,0.14628314615704927,9.190398504353317e-15,1.8380797008706634e-13,0.15436121434541317,4.1167803303556016e-16,8.645238693746763e-15,0.15268967512285006,6.118237096853962e-16,8.565531935595548e-15,1.5444523344717154,3.9478812837561016e-15,7.895762567512203e-14,1.286235856174172,2.0175487407088173e-16,4.6403621036302795e-15,0.2831163714532521,2.457318446805017e-07,1.2532324078705587e-05,-0.20851919978794917,0.38248077552601834,1.0,0.16420375518738287,6.536103994610526e-17,1.3072207989221052e-15,-0.12753688459727758,0.4639469189039841,1.0,0.27214921437666445,0.02564982573419698,1.0,0.4886504738431019,4.8816168731894246e-17,1.2519769756076529e-15,-0.4886504738431019,4.8816168731894246e-17,1.2519769756076529e-15,0.25724717123483437,2.0175487407088173e-16,4.6403621036302795e-15,-0.2572471712348344,2.0175487407088173e-16,4.6403621036302795e-15,0.0008985518317948832,3.896559845095909e-18,1.7534519302931591e-16,24.11,1.8446641210658561e-19,7.194190072156839e-18,8.935245566368103,1.5668226528123035e-10,5.170514754280601e-09
gold_fair_sources_sweep,457e2711dba1,AnchorPlugin,FeasibleRestricted,550,500,50000,50,50,0.1,3.9771375687197383,1.2015740693690642,3.753359886715756,100,-0.06952019496646202,1.2998073532680259,-0.015353290391923348,100,0.8584029589456726,0.6976790328401226,0.732793791283165,100,-0.052172422349095166,1.1082893136890604,0.0014924763156631826,100,0.73342603006603,0.1271515671435247,0.7739592299592299,100,0.5477572772772773,0.10827024609287743,0.5785765765765767,100,0.7478759656921632,0.12561688226077428,0.7880607827866298,100,0.7461115970823825,0.1297871222634629,0.7771647578246916,100,0.7348134970201127,0.1422024375837487,0.7737339671908202,100,0.7303337728546451,0.1492676229110151,0.7676261374144697,100,7.597931862591658,2.1003458827179307,7.512126015881636,100,6.01137519791193,1.9407430128834886,6.086969564100736,100,1.0337534401236381,0.16125514997560025,1.061803575758856,100,0.03605694678225162,1.020316197199997,0.029802599868578444,100,0.5749389866562662,0.1519147594345955,0.6198119668931609,100,0.9968742312078178,0.6433983830669685,0.8461657760586605,100,1.9241077611267516,1.209244544439366,1.681408703832277,100,1.8743126587387962,0.9681335783628775,1.8846283051523782,100,0.6229394502113923,0.4225643125839023,0.5137334346085292,100,1.282849015523994,1.0258069610695846,1.214058930006735,100,0.43099277220668974,0.30136448095652424,0.3344502158205932,100,0.002934483553149717,0.002230269825419843,0.002196470902647768,100,49.63,0.645966506308746,50.0,100,14.955765235424042,5.058567325867444,15.271217584609985,100,-1.275816867491744,4.0161556854627e-18,7.987947682446614e-16,0.10765136137914891,0.20823741115716032,1.0,-0.31060866542808346,1.364601510918224e-05,0.0015965837677743221,0.10765136137914891,0.20823741115716032,1.0,0.21265429681429684,3.896559845095909e-18,7.987947682446614e-16,0.18234562562562565,3.896559845095909e-18,7.987497077178259e-16,0.21028816612162035,3.896559845095909e-18,7.987947682446614e-16,0.2098939852134123,3.896559845095909e-18,7.987947682446614e-16,0.21342383523575958,3.896559845095909e-18,7.987947682446614e-16,0.2235785618712923,3.896559845095909e-18,7.987947682446614e-16,2.0930307981179457,3.896559845095909e-18,7.987947682446614e-16,1.6704464517558042,3.896559845095909e-18,7.987947682446614e-16,-0.463706555511331,8.74112997534717e-17,1.2762049764006868e-14,-0.18475241392978742,0.255084772503005,1.0,0.27434876465863295,3.896559845095909e-18,7.987947682446614e-16,-0.5856642457683223,4.333861669542593e-14,7.064194521354426e-12,-1.3970189292551876,1.9652562820622624e-13,2.4762229153984506e-11,0.6095850618169737,3.896559845095909e-18,7.987947682446614e-16,-0.6095850618169737,3.896559845095909e-18,7.987947682446614e-16,0.33408929035116075,3.896559845095909e-18,7.987947682446614e-16,-0.33408929035116075,3.896559845095909e-18,7.987947682446614e-16,0.002934483553149717,3.896559845095909e-18,1.7534519302931591e-16,49.63,8.627971914927549e-20,3.710027923418846e-18,-0.4047161746025085,0.8258300417006286,1.0
gold_fair_sources_sweep,457e2711dba1,EntropyBalancing,FeasibleRestricted,550,500,50000,50,50,0.1,2.918957749525227,1.4756315171874788,2.731997996356374,100,-0.04562867104217291,1.2832692176429998,-0.060691132500904216,100,0.8175924585725247,0.6272879277914297,0.6834715152005353,100,-0.028280898424806036,1.0333884941329432,-0.016905262981698033,100,0.8572583522183522,0.13425463430539147,0.8931349971349971,100,0.6944802802802801,0.1424603373382991,0.716028028028028,100,0.8664053095280564,0.1308852656489794,0.9031796099314638,100,0.8651743875618507,0.13564118024136793,0.9090390260968347,100,0.8615862588890907,0.13529148003184652,0.901204792406503,100,0.8566242129687783,0.135931470440604,0.8965994998985434,100,8.752581766094272,2.108112087718473,8.509010431706766,100,6.983081023965537,1.899562737329884,6.900934150502037,100,0.9821168738650651,0.14066950022537653,0.9907533807533122,100,0.02543321625128712,0.9424389340421399,-0.003924572038043892,100,0.7685771981816727,0.18576600746941765,0.8191785799082358,100,0.9255090736756592,0.6278708653550825,0.8694717300239816,100,1.6954437761411651,1.3423239966850378,1.4112154448955265,100,2.1385531791181056,0.9599767957141813,2.099621226499451,100,0.3586989298320832,0.42509358158677213,0.2524737600507141,100,1.4771901807347156,1.0327556029281653,1.427007905612718,100,0.2366516069959678,0.2898489197164778,0.1550740389285724,100,,,,0,,,,0,4.86159720659256,2.2149239218798304,4.628627419471741,100,-2.333996686686255,4.3971135541818935e-18,7.987947682446614e-16,0.131542885303438,0.3322421202721664,1.0,-0.3514191658012315,0.0013209204674027345,0.11888284206624611,0.13154288530343797,0.3322421202721664,1.0,0.3364866189666191,3.896559845095909e-18,7.987947682446614e-16,0.3290686286286287,3.896559845095909e-18,7.987497077178259e-16,0.3288175099575134,3.896559845095909e-18,7.987947682446614e-16,0.32895677569288045,3.896559845095909e-18,7.987947682446614e-16,0.3401965971047376,3.896559845095909e-18,7.987947682446614e-16,0.34986900198542564,3.896559845095909e-18,7.987947682446614e-16,3.247680701620561,3.896559845095909e-18,7.987947682446614e-16,2.642152277809413,3.896559845095909e-18,7.987947682446614e-16,-0.515343121769904,3.471444579736631e-16,4.4434490620628876e-14,-0.19537614446075185,0.38623912559841633,1.0,0.4679869761840395,3.896559845095909e-18,7.987947682446614e-16,-0.6570294033004811,2.435058878352676e-11,3.6769389063125407e-09,-1.6256829142407736,8.569993734929078e-13,1.0198292544565604e-10,0.8738255821962827,3.896559845095909e-18,7.987947682446614e-16,-0.8738255821962827,3.896559845095909e-18,7.987947682446614e-16,0.5284304555618827,3.896559845095909e-18,7.987947682446614e-16,-0.5284304555618827,3.896559845095909e-18,7.987947682446614e-16,,,,,,,-10.49888420343399,4.813701823147399e-18,8.767259651465796e-16
gold_fair_sources_sweep,457e2711dba1,Glmtrans_Auto,OracleTargetTreated,550,500,50000,50,50,0.1,0.4476579242942352,0.16103001121057411,0.4046365977083303,100,-0.019443857089653217,1.6739696906820425,0.20160562170175247,100,0.027356158850781517,0.024596031482328744,0.02036201365460638,100,-0.0020960844722863153,0.03682995286814579,-0.0021758136486121904,100,0.9964257391857393,0.0035047732436149634,0.9976022896022896,100,0.9557443443443445,0.01701279652917501,0.9591551551551551,100,0.9968269227045862,0.0032310544607633226,0.9978611041775184,100,0.9965392150152677,0.003475763875298906,0.9977107327619914,100,0.9967570956650492,0.003534072231985989,0.9978610325546179,100,0.9964564508180266,0.004178087708109494,0.9980174043091057,100,10.18280700790421,2.2102533238782587,10.027473572179915,100,8.142143673394589,1.9946405157668923,8.086517601688989,100,1.0239718806779297,0.012260755141996586,1.0245816072068208,100,0.0032972264485822706,0.058849997963450286,-0.003552715349959888,100,0.9936294408800989,0.006504697390114114,0.9956597383679179,100,0.11792161250942551,0.0492048971490538,0.11867010902137842,100,0.27666679372671377,0.12341130231713936,0.27380331602510033,100,2.4900875909024016,1.0582346002564946,2.3222735938761287,100,0.007164518047787347,0.0069192969598160575,0.004912456511869112,100,1.7090027106205259,1.0923346182511104,1.5794806353543418,100,0.004839077110157796,0.0048482959018957186,0.0032102356591546255,100,,,,0,,,,0,58.00643361091614,22.259297386961073,51.2791428565979,100,-4.8052965119172475,3.896559845095909e-18,7.987947682446614e-16,0.15772769925595775,0.44323228641200085,1.0,-1.1416554655229745,3.896559845095909e-18,7.987947682446614e-16,0.1577276992559577,0.44323228641200085,1.0,0.47565400593400603,3.896559845095909e-18,7.987947682446614e-16,0.5903326926926927,3.896340037647931e-18,7.987497077178259e-16,0.45923912313404336,3.896559845095909e-18,7.987947682446614e-16,0.4603216031462976,3.896559845095909e-18,7.987947682446614e-16,0.475367433880696,3.896559845095909e-18,7.987947682446614e-16,0.4897012398346737,3.896559845095909e-18,7.987947682446614e-16,4.677905943430497,3.896559845095909e-18,7.987947682446614e-16,3.801214927238464,3.896559845095909e-18,7.987947682446614e-16,-0.4734881149570397,6.45706688194492e-15,6.198784206667124e-13,-0.21751213426345667,0.2727176260813148,1.0,0.6930392188824657,3.896559845095909e-18,7.987947682446614e-16,-1.4646168644667146,3.896559845095909e-18,7.987947682446614e-16,-3.044459896655226,3.896559845095909e-18,7.987947682446614e-16,1.2253599939805786,3.896559845095909e-18,7.987947682446614e-16,-1.2253599939805786,3.896559845095909e-18,7.987947682446614e-16,0.7602429854476928,3.896559845095909e-18,7.987947682446614e-16,-0.7602429854476928,3.896559845095909e-18,7.987947682446614e-16,,,,,,,42.64595220088959,3.896559845095909e-18,8.767259651465796e-16
gold_fair_sources_sweep,457e2711dba1,Glmtrans_DR_CrossFit,OracleTargetTreated,550,500,50000,50,50,0.1,0.4099753683845722,0.16377637237487253,0.35293616596141775,100,-0.019339471236213237,1.675824669371809,0.1965562034660806,100,0.029145871812836635,0.025181494501231083,0.021436995105366452,100,-0.0019916986188463714,0.038576718380579134,0.0019165543695961462,100,0.9966082819282821,0.003454641195308995,0.9977952437952438,100,0.9573882282282281,0.01692764832942223,0.9612672672672673,100,0.9969876504818963,0.003192954577521931,0.998040257253389,100,0.9968292165553619,0.003448925676397028,0.9979541757298587,100,0.9968298957739796,0.003745280235066231,0.9981292440483518,100,0.9966747797834171,0.003940850115063013,0.9980918726849484,100,10.185798358904291,2.210795930661094,10.033688965095923,100,8.142501253164635,1.9941622550392133,8.082763208886735,100,1.0034215195605645,0.008722526597373348,1.0027765930546915,100,0.002193855654377776,0.04262931540280775,0.0017027290646347778,100,0.9939553855989718,0.006412386359920627,0.9961175707675843,100,0.05570865690179857,0.027017388541313588,0.0539716138653205,100,0.12603581490312224,0.06360342670071724,0.11350614274314808,100,2.4907029099424265,1.0580812850129482,2.321866521821774,100,0.006549199007762618,0.006410925627663358,0.0037751711681681677,100,1.709074226574535,1.0924859100618922,1.5806157126101748,100,0.004767561156148244,0.005143562812679674,0.003022001551062803,100,,,,0,,,,0,58.308866651058196,9.64715756545589,56.16811013221741,100,-4.84297906782691,3.896559845095909e-18,7.987947682446614e-16,0.15783208510939767,0.4371225373859976,1.0,-1.1398657525609193,4.139373908714419e-18,8.320141556515982e-16,0.1578320851093977,0.4371225373859976,1.0,0.47583654867654873,3.896559845095909e-18,7.987947682446614e-16,0.5919765765765765,3.896559845095909e-18,7.987497077178259e-16,0.45939985091135355,3.896559845095909e-18,7.987947682446614e-16,0.46061160468639206,3.896559845095909e-18,7.987947682446614e-16,0.4754402339896266,3.896559845095909e-18,7.987947682446614e-16,0.4899195688000645,3.896559845095909e-18,7.987947682446614e-16,4.680897294430583,3.896559845095909e-18,7.987947682446614e-16,3.801572507008512,3.896559845095909e-18,7.987947682446614e-16,-0.4940384760744048,3.257070457184411e-15,3.3873532754717876e-13,-0.21861550505766117,0.27573562109341054,1.0,0.6933651636013384,3.896559845095909e-18,7.987947682446614e-16,-1.5268298200743415,3.896559845095909e-18,7.987947682446614e-16,-3.195090875478817,3.896559845095909e-18,7.987947682446614e-16,1.2259753130206033,3.896559845095909e-18,7.987947682446614e-16,-1.2259753130206033,3.896559845095909e-18,7.987947682446614e-16,0.7603145014017022,3.896559845095909e-18,7.987947682446614e-16,-0.7603145014017022,3.896559845095909e-18,7.987947682446614e-16,,,,,,,42.948385241031644,3.896559845095909e-18,8.767259651465796e-16
gold_fair_sources_sweep,457e2711dba1,Glmtrans_OptionB,FeasibleRestricted,550,500,50000,50,50,0.1,2.3835669851285224,1.5083767346653998,1.9709699658612827,100,-0.03781652408326258,1.4342948027540245,-0.11171407616634915,100,0.7235007011104949,0.6044807124736998,0.6861918260490423,100,-0.02046875146589568,0.9453646921520108,-0.008203559410369543,100,0.8976087680487681,0.13598417009266917,0.9486837966837968,100,0.7591981181181181,0.1545925658298316,0.804982982982983,100,0.9040052117404034,0.13226494659956486,0.9527993156055512,100,0.9026596529874648,0.13170934845213045,0.9490085143864424,100,0.8996292117454058,0.1335180981036289,0.9502100973999054,100,0.8985017120867227,0.13143765046937247,0.9471427767532143,100,9.1440661070064,2.183899483691129,9.123486143832455,100,7.289772283768884,1.9548297867000701,7.360955023877951,100,0.9911229818249229,0.1361890047176188,1.0028207415709183,100,0.011019600638303978,0.8731903545842687,0.00584325113573463,100,0.8350018555515468,0.1906179682556352,0.9071062608368887,100,0.8495980870971213,0.596394720546485,0.7616726904218297,100,1.569021706116647,1.3495319726088757,1.2465963021932522,100,2.232661623446048,0.967297800514431,2.13335860740033,100,0.264590485504141,0.42546922800360637,0.13784683445919188,100,1.5385284326953854,1.0411660654161823,1.4837312536638123,100,0.17531335503529838,0.2889988967355129,0.08222701697301127,100,,,,0,,,,0,50.673652780056,18.894608724723696,46.65803289413452,100,-2.86938745108296,4.2663227307182344e-18,7.987947682446614e-16,0.1393550322623483,0.28183975315858,1.0,-0.4455109232632612,0.0001316147888394115,0.013687938039298795,0.13935503226234836,0.28183975315858,1.0,0.3768370347970349,3.896559845095909e-18,7.987947682446614e-16,0.39378646646646664,3.896559845095909e-18,7.987497077178259e-16,0.3664174121698607,3.896559845095909e-18,7.987947682446614e-16,0.36644204111849477,3.896559845095909e-18,7.987947682446614e-16,0.3782395499610524,3.896559845095909e-18,7.987947682446614e-16,0.39174650110337,3.896559845095909e-18,7.987947682446614e-16,3.639165042532688,3.896559845095909e-18,7.987947682446614e-16,2.9488435376127615,3.896559845095909e-18,7.987947682446614e-16,-0.5063370138100464,4.1167803303556016e-16,5.104807609640946e-14,-0.20978976007373504,0.3305304748161958,1.0,0.5344116335539135,3.896559845095909e-18,7.987947682446614e-16,-0.7329403898790189,4.159221788308028e-12,6.529978207643604e-10,-1.7521049842652923,2.673838131172043e-13,3.342297663965054e-11,0.9679340265242249,3.896559845095909e-18,7.987947682446614e-16,-0.9679340265242249,3.896559845095909e-18,7.987947682446614e-16,0.5897687075225521,3.896559845095909e-18,7.987947682446614e-16,-0.5897687075225521,3.896559845095909e-18,7.987947682446614e-16,,,,,,,35.31317137002945,4.0161556854627e-18,8.767259651465796e-16
gold_fair_sources_sweep,457e2711dba1,IPWTransport,FeasibleRestricted,550,500,50000,50,50,0.1,2.8929865558421115,1.483466177156628,2.719486689381121,100,-0.051835550712840295,1.287175099393785,-0.08448674172257373,100,0.8229278265541399,0.6287070347646304,0.7027200548359706,100,-0.03448777809547339,1.0383264560723982,0.002966745606386323,100,0.859704184944185,0.13391557327787154,0.8984009024009024,100,0.6983224824824826,0.14368198329034762,0.7236776776776777,100,0.868716317312565,0.1304252909860266,0.9073218602650444,100,0.8667317004593336,0.134688197938157,0.9022759895483643,100,0.8646307772607961,0.13472523749089063,0.9021158037720274,100,0.859320070795778,0.13435358121060922,0.9014605441443497,100,8.76773707962942,2.095084880526105,8.526314913494108,100,7.005840823829259,1.8898373794715198,6.969979016860805,100,0.9878737692875849,0.13996620801612686,0.9942981335029712,100,0.03169298289893729,0.9464989177691296,-0.001303659976718712,100,0.7725376130193272,0.18616932157408336,0.8270267081174627,100,0.9249108590409805,0.6270134020282516,0.8778978769477739,100,1.6914829003998213,1.3741506365279668,1.4617810427748918,100,2.1431717136375035,0.9621107913013143,2.111912719342069,100,0.35408039531268515,0.42613690887340266,0.24729977166333517,100,1.4817421407074602,1.0348613191086005,1.4409510278533575,100,0.23209964702322344,0.28669634699792645,0.16145772850205775,100,,,,0,,,,0,0.8396151494979859,0.43171338553181743,0.7651883363723755,100,-2.3599678803693704,4.3971135541818935e-18,7.987947682446614e-16,0.12533600563277067,0.34438360047551575,1.0,-0.3460837978196162,0.001523678631191219,0.13408371954482726,0.12533600563277067,0.34438360047551575,1.0,0.3389324516924517,3.896559845095909e-18,7.987947682446614e-16,0.3329108308308308,3.896559845095909e-18,7.987497077178259e-16,0.3311285177420221,3.896559845095909e-18,7.987947682446614e-16,0.3305140885903636,3.896559845095909e-18,7.987947682446614e-16,0.34324111547644287,3.896559845095909e-18,7.987947682446614e-16,0.35256485981242536,3.896559845095909e-18,7.987947682446614e-16,3.2628360151557074,3.896559845095909e-18,7.987947682446614e-16,2.664912077673136,3.896559845095909e-18,7.987947682446614e-16,-0.5095862263473843,4.001557931101309e-16,5.001947413876636e-14,-0.18911637781310173,0.38623912559841633,1.0,0.47194739102169414,3.896559845095909e-18,7.987947682446614e-16,-0.6576276179351594,2.435058878352676e-11,3.6769389063125407e-09,-1.629643789982118,1.020989132309891e-12,1.1945572848025725e-10,0.8784441167156808,3.896559845095909e-18,7.987947682446614e-16,-0.8784441167156808,3.896559845095909e-18,7.987947682446614e-16,0.5329824155346271,3.896559845095909e-18,7.987947682446614e-16,-0.5329824155346271,3.896559845095909e-18,7.987947682446614e-16,,,,,,,-14.520866260528564,3.896559845095909e-18,8.767259651465796e-16
gold_fair_sources_sweep,457e2711dba1,OutcomeModelTransport,FeasibleRestricted,550,500,50000,50,50,0.1,2.848829732184602,1.4966111113082352,2.7345911477204066,100,-0.026571677659186898,1.2760539965632265,-0.03919771120968225,100,0.7996065948191231,0.6246598483932021,0.7615163100565159,100,-0.00922390504182003,1.0178128427244537,0.006521855024352652,100,0.8627515164715165,0.13262535680561935,0.9011552111552112,100,0.7030255055055057,0.14463831157396348,0.7271931931931933,100,0.8715954224161179,0.12902510783752846,0.9094745275415754,100,0.8708038428404776,0.1328086128740105,0.9145085399414439,100,0.8675864448907373,0.13473437199035393,0.9077778632848483,100,0.8623896674755269,0.13326086152565744,0.904593983658929,100,8.81106973664314,2.0911072242232764,8.587205536215613,100,7.027881706874793,1.8891415301120944,6.999554363079694,100,0.9954857744215913,0.13864751496192473,0.9994804382598212,100,0.009143089559229729,0.9248079155777139,-0.01509294084455894,100,0.7771561101821253,0.18596224484015303,0.8276782879023423,100,0.9044031689856686,0.6204802732429076,0.8436053696064196,100,1.651418143804609,1.3468833326720726,1.3625037254246495,100,2.1521029194802295,0.9631852006018607,2.1069862606341276,100,0.34514918946995926,0.41755106400045566,0.2513410192543404,100,1.4861503173165675,1.0357627809381535,1.4451008414207211,100,0.22769147041411641,0.2870842967880606,0.16004142448630376,100,,,,0,,,,0,0.25360745429992676,0.11325061672386522,0.23789310455322266,100,-2.4041247040268803,4.2663227307182344e-18,7.987947682446614e-16,0.15059987868642402,0.255084772503005,1.0,-0.3694050295546327,0.0008524570416554503,0.08268833304057868,0.15059987868642402,0.255084772503005,1.0,0.3419797832197833,3.896559845095909e-18,7.987947682446614e-16,0.3376138538538538,3.896559845095909e-18,7.987497077178259e-16,0.33400762284557495,3.896559845095909e-18,7.987947682446614e-16,0.33458623097150764,3.896559845095909e-18,7.987947682446614e-16,0.34619678310638385,3.896559845095909e-18,7.987947682446614e-16,0.3556344564921743,3.896559845095909e-18,7.987947682446614e-16,3.306168672169428,3.896559845095909e-18,7.987947682446614e-16,2.686952960718672,3.896559845095909e-18,7.987947682446614e-16,-0.5019742212133778,6.473311925753083e-16,7.832707430161231e-14,-0.2116662711528093,0.32542984426248267,1.0,0.4765658881844923,3.896559845095909e-18,7.987947682446614e-16,-0.6781353079904713,7.610028130606088e-12,1.1795543602439437e-09,-1.6697085465773305,5.312985024488013e-13,6.428711879630495e-11,0.8873753225584069,3.896559845095909e-18,7.987947682446614e-16,-0.8873753225584068,3.896559845095909e-18,7.987947682446614e-16,0.5373905921437341,3.896559845095909e-18,7.987947682446614e-16,-0.5373905921437341,3.896559845095909e-18,7.987947682446614e-16,,,,,,,-15.106873955726623,3.896559845095909e-18,8.767259651465796e-16
gold_fair_sources_sweep,457e2711dba1,ProxyOnly,FeasibleRestricted,550,500,50000,50,50,0.1,5.252954436211483,1.0205932825991393,5.079648664502864,100,-0.17717155634561088,2.0422146906575516,-0.04628960302328626,100,1.1690116243737563,0.923571928760626,0.9946168347047137,100,-0.15982378372824405,1.4857912195443825,-0.025481225040374256,100,0.5207717332517333,0.12042867948714316,0.5480984540984541,100,0.3654116516516516,0.09007779408500412,0.38365165165165166,100,0.5375877995705429,0.12059874620136914,0.5631517385638035,100,0.53621761186897,0.14663706307326993,0.549109235181956,100,0.5213896617843533,0.16327341892264255,0.5525384412467345,100,0.5067552109833527,0.1958265017998511,0.5422801753125714,100,5.504901064473712,2.022995696018147,5.698689417163477,100,4.340928746156124,1.852835784459631,4.377154953555994,100,1.497459995634969,0.4122411885021773,1.4999942217354945,100,0.22080936071203897,2.3382949458511444,0.16689260048292026,100,0.30059022199763324,0.11310446482397277,0.3074013133116569,100,1.5825384769761397,0.7614032805642735,1.4131798935218018,100,3.3211266903819405,1.303417821998716,3.145644602912514,100,1.264727596921823,1.0121173090145832,1.2998308727171228,100,1.2325245120283659,0.495858399484918,1.139042908568141,100,0.948759725172833,1.0470279952072288,0.846393074557535,100,0.7650820625578504,0.3151557256366184,0.6873247263814326,100,0.0,0.0,0.0,100,0.0,0.0,0.0,100,15.36048141002655,5.908878932611505,15.498387575149536,100,,,,,,,,,,,,,,,,,,,,,,,,,,,,,,,,,,,,,,,,,,,,,,,,,,,,,,,,,,,,,,,,,,,,,,,,
gold_fair_sources_sweep,457e2711dba1,TargetOnlyDR,OracleTargetTreated,550,500,50000,50,50,0.1,4.563430204478493,0.7663252626806795,4.455607704366766,100,-0.034212097649698396,1.6946626714145496,0.19908133649034795,100,0.21464940143908973,0.1649991419558196,0.18925597467598465,100,-0.016864325032331474,0.27106678471330015,0.004561215370626426,100,0.6811629532029534,0.04401327630984825,0.6787878067878068,100,0.49380352352352347,0.038209996136333246,0.4935815815815816,100,0.6978019752238046,0.042739639334174316,0.6965581911235058,100,0.6983835785471001,0.08551730302190215,0.7144585302188683,100,0.6865397975297064,0.1034070035443351,0.708643949682897,100,0.6737253714011249,0.1350470113449537,0.7019060973507443,100,7.221392503409378,2.0336768514399464,7.264923759157391,100,5.731226972823273,1.9293513236453514,5.766892698139279,100,1.7710749042650833,0.2855379968638276,1.7277749677812793,100,-0.017149927679924692,1.274290204383392,-0.04901807425582479,100,0.4824463719423463,0.057653172037565266,0.4765563909582518,100,1.470711004849692,0.43251539729022204,1.4044769810982243,100,3.6677102617045376,0.9964072197477154,3.4532195471184948,100,1.7781227306508083,1.0347555915917233,1.558999879305627,100,0.7191293782993806,0.16732350850733527,0.7052608971862812,100,1.2268193705062627,1.0784492731157755,1.108791966945231,100,0.48702241722442075,0.11362345816557984,0.46533658370688724,100,0.0,0.0,0.0,100,0.0,0.0,0.0,100,22.96290365457535,8.971544528978763,23.667508959770203,100,-0.6895242317329894,4.0161556854627e-18,7.987947682446614e-16,0.14295945869591253,0.5588737261094053,1.0,-0.9543622229346663,1.7728365833323264e-15,2.8897236308316923e-13,0.14295945869591256,0.5588737261094053,1.0,0.16039121995121997,2.5581057720235416e-17,7.987947682446614e-16,0.12839187187187184,2.5581057720235416e-17,7.987497077178259e-16,0.1602141756532617,2.2731525308328643e-17,7.987947682446614e-16,0.16216596667813,2.6859459865305284e-16,6.983459564979374e-15,0.16515013574535323,5.464684499148851e-16,1.0929368998297702e-14,0.16697016041777213,1.1676417541676908e-16,2.4520476837521507e-15,1.7164914389356654,1.5137158701684123e-16,4.692519197522078e-15,1.3902982266671489,2.46529261728969e-16,5.177114496308349e-15,0.27361490863011395,1.820481280431822e-06,8.010117633900018e-05,-0.23795928839196367,0.3496726883415898,1.0,0.18185614994471297,2.794684092654649e-17,7.987947682446614e-16,-0.11182747212644814,0.7180814247397251,1.0,0.34658357132259743,0.007472552147645046,0.4035178159728325,0.5133951337289854,1.1832715745334615e-17,7.987947682446614e-16,-0.5133951337289854,1.1832715745334615e-17,7.987947682446614e-16,0.27805964533342975,2.46529261728969e-16,5.177114496308349e-15,-0.27805964533342975,2.46529261728969e-16,5.177114496308349e-15,0.0,,,0.0,,,7.602422244548798,1.1566035944560293e-12,4.048112580596103e-11
gold_fair_sources_sweep,51171752c3df,AnchorOnly,OracleTargetTreated,100,50,20000,20,50,0.1,5.393741955521001,1.037529800415083,5.262725140870846,100,-0.19546901491362434,1.6924357685196565,-0.23226014221755742,100,0.5787494095168726,0.42706572632729295,0.4923398450725541,100,-0.17904370683531476,0.6988124944072039,-0.2605170021065137,100,0.4909084649884651,0.08982430690053064,0.4990855270855271,100,0.3422323923923924,0.06678158783487574,0.3465525525525526,100,0.5067571042711285,0.09067339567430449,0.5172340357084391,100,0.4584902068754624,0.1505206586266697,0.4682649097206032,100,0.4748334257121198,0.15467515872015009,0.4916800977820198,100,0.48116677548279135,0.17152214903972568,0.5227407095249965,100,4.832037005867132,1.9526587864571356,4.643723834465522,100,4.067521982659295,1.7976732397693467,3.8000340520803038,100,1.151940553851679,0.405540198313078,1.1424257203012096,100,0.24376134163533247,0.9298404243875074,0.3774355975276531,100,0.22438863491747496,0.09823662039710161,0.21165435905561347,100,1.2271798642926277,0.3483500275685552,1.2022708141401126,100,3.0134489783089107,1.3131182913121835,2.73028150650912,100,1.4675501945852103,0.8858319710581184,1.4037689466692171,100,1.1517757916793385,0.32813577460950694,1.0803652568702637,100,0.9839780040047779,0.8365674420680107,0.9663032197978811,100,0.8469094313684521,0.27534036333560524,0.7629834474807247,100,0.00638422084673191,0.0038693260407329927,0.0053485547983466875,100,20.16,2.4729649321321876,21.0,100,14.952416913509369,5.4608991838562675,15.163339853286743,100,-0.21382053482784635,4.5787998534290124e-08,3.205159897400309e-07,0.029535083571334345,0.9643478501512192,1.0,-0.47294323679326267,2.780026650061847e-06,0.00035306338455785456,0.029535083571334327,0.9643478501512192,1.0,0.07101988809988807,2.2613493018572627e-08,2.2613493018572628e-07,0.05322986986986986,1.5182995963664133e-08,1.5182995963664133e-07,0.07217387462943439,3.2238025664929246e-08,3.2238025664929245e-07,0.0332049029676452,0.0439194922345891,0.3074364456421237,0.06268850578957451,3.225460839514926e-05,0.00024663737654890395,0.08178766439458496,3.7378810573404184e-07,2.9903048458723348e-06,0.3046367546934623,0.0658411207762095,0.4608878454334665,0.47864245018526413,3.803333427971097e-05,0.00030426667423768774,-0.40576921576515296,6.63280524876633e-07,3.183746519407838e-05,-0.02095689214604777,0.8933277151725947,1.0,0.02952208883350555,0.011840795612619772,0.09472636490095818,-0.22415166821111915,0.01292210540641953,0.6461052703209765,-0.0669737146080652,0.61809143216358,1.0,0.2828818505805612,7.984361437594533e-12,6.387489150075627e-11,-0.2828818505805611,7.984361437594533e-12,6.387489150075627e-11,0.0957284900370528,3.803333427971097e-05,0.00030426667423768774,-0.0957284900370528,3.803333427971097e-05,0.00030426667423768774,0.00638422084673191,3.896559845095909e-18,1.7534519302931591e-16,20.16,3.154054841909568e-18,4.5255026333886757e-17,7.431776640415191,2.46529261728969e-16,1.1340346039532574e-14
gold_fair_sources_sweep,51171752c3df,AnchorPlugin,FeasibleRestricted,100,50,20000,20,50,0.1,4.207807618799579,1.1381390143331573,3.999958951246387,100,-0.1728629935262212,1.0628540847878498,-0.12126178818997169,100,0.9383260586302958,0.7318350168978973,0.7707158563978805,100,-0.15643768544791156,1.1833054669850465,-0.07737334478953967,100,0.7171446709446708,0.10085255870153263,0.7396004596004597,100,0.5296147747747748,0.08754897760179157,0.5437737737737738,100,0.7324034228865552,0.09940378064624787,0.7538966639712388,100,0.724343455996427,0.10529055804270236,0.7368832566235377,100,0.7232340393753998,0.1065289119668526,0.7428789292633722,100,0.7148078281271429,0.12566887132980395,0.740026476663918,100,7.534813259957865,2.0402441097306103,7.376202778228411,100,6.018946241981589,1.8571876350377263,5.791253763387372,100,1.0764596519602332,0.14170886896948406,1.0680626166366718,100,0.14959847110287672,1.1700254934540664,0.11851463217400938,100,0.544923736610464,0.12955206166139205,0.5665020037587707,100,1.065940612191749,0.6563782085014019,0.8836711378906934,100,2.0304406816247025,1.141761896075806,1.7138395156793609,100,1.9402839709546635,0.895337804568546,1.9003971678380545,100,0.6790420153098852,0.3563054056384454,0.5628464740081387,100,1.3742628558692371,0.8843512300833557,1.3335938790150381,100,0.456624579503993,0.22561004552216446,0.4095717626512825,100,0.01882385839132363,0.011738594476485023,0.016240803724785244,100,46.82,2.524146020204285,47.0,100,9.062616817951202,3.246156337524541,8.856427788734436,100,-1.3997548715492671,3.896559845095909e-18,7.987947682446614e-16,0.05214110495873748,0.3976487523328709,1.0,-0.11336658767983945,0.06142153247048362,1.0,0.05214110495873748,0.3976487523328709,1.0,0.29725609405609404,3.896559845095909e-18,7.987947682446614e-16,0.24061225225225225,3.896559845095909e-18,7.987497077178259e-16,0.2978201932448612,3.896559845095909e-18,7.987947682446614e-16,0.2990581520886099,3.896559845095909e-18,7.987947682446614e-16,0.3110891194528545,3.896559845095909e-18,7.987947682446614e-16,0.31542871703893655,3.896559845095909e-18,7.987947682446614e-16,3.0074130087841953,3.896559845095909e-18,7.987947682446614e-16,2.430066709507559,3.896559845095909e-18,7.987947682446614e-16,-0.48125011765659875,2.0164615770355652e-13,1.4115231039248956e-11,-0.11511976267850361,0.5428005457253031,1.0,0.35005719052649453,3.896559845095909e-18,7.987947682446614e-16,-0.38539092031199773,3.377619257287572e-11,4.931324115639855e-09,-1.049982011292273,1.6784884860821076e-12,1.8799071044119606e-10,0.7556156269500142,4.0161556854627e-18,7.987947682446614e-16,-0.7556156269500142,4.0161556854627e-18,7.987947682446614e-16,0.4860133419015119,3.896559845095909e-18,7.987947682446614e-16,-0.4860133419015119,3.896559845095909e-18,7.987947682446614e-16,0.01882385839132363,3.896559845095909e-18,1.7534519302931591e-16,46.82,3.2465207552727716e-18,4.5255026333886757e-17,1.541976544857025,5.9467489354317525e-06,0.00011893497870863505
gold_fair_sources_sweep,51171752c3df,EntropyBalancing,FeasibleRestricted,100,50,20000,20,50,0.1,3.2295267418048366,1.4090317422219933,2.975859216009112,100,-0.20551390943513506,1.2947221658013088,-0.36127942622377707,100,0.7993598067263307,0.6382776731292474,0.6720104279943466,100,-0.18908860135682548,1.008321941123529,-0.173099912920552,100,0.8339784600984603,0.1190265857137353,0.8561394401394401,100,0.6618293893893893,0.1306321773802233,0.6696976976976977,100,0.8444308791994055,0.11495634177092888,0.8685615853891601,100,0.8412192317854407,0.11368482591137867,0.862833802429855,100,0.84327884985369,0.1073132377682808,0.8591735944345475,100,0.8392339448169517,0.11127493146633897,0.8557102971145343,100,8.671332838894084,2.068854792018781,8.459564666211527,100,6.949604127378863,1.9177288416756957,6.594685356475798,100,0.9736302755633187,0.12329950737604344,0.9744477979800863,100,0.19899850741607575,0.9826407246092798,0.1884222601733831,100,0.725885373285074,0.17761447184378132,0.7589488681386041,100,0.9382958645129763,0.5969881159458835,0.7565221014508114,100,1.7348453070694378,1.0545723679208983,1.5536807170449958,100,2.2045535233657816,0.9570831253539697,2.121567071665474,100,0.41477246289876674,0.3420878495673416,0.326373741770668,100,1.5603944329486914,0.9090884314950465,1.4816133960942937,100,0.2704930024245387,0.22047279880295859,0.21513066060045682,100,,,,0,,,,0,2.145769934654236,1.1128489138519688,1.9431387186050415,100,-2.3780357485440105,4.0161556854627e-18,7.987947682446614e-16,0.019490189049823622,0.9972566190976729,1.0,-0.2523328395838046,0.0049150423911688106,0.363713136946492,0.01949018904982361,0.9972566190976729,1.0,0.4140898832098832,3.896559845095909e-18,7.987947682446614e-16,0.37282686686686695,3.896559845095909e-18,7.987497077178259e-16,0.40984764955771164,3.896559845095909e-18,7.987947682446614e-16,0.41593392787762345,3.896559845095909e-18,7.987947682446614e-16,0.43113392993114485,3.896559845095909e-18,7.987947682446614e-16,0.4398548337287453,3.896559845095909e-18,7.987947682446614e-16,4.143932587720416,3.896559845095909e-18,7.987947682446614e-16,3.36072459490483,3.896559845095909e-18,7.987947682446614e-16,-0.5840794940535129,4.653394762147336e-15,4.746462657390282e-13,-0.06571972636530461,0.8987678439874949,1.0,0.5310188272011045,3.896559845095909e-18,7.987947682446614e-16,-0.5130356679907706,8.387779111867955e-10,1.0316968307597584e-07,-1.3455773858475377,1.1003587472747208e-12,1.2764161468386762e-10,1.0198851793611328,3.896559845095909e-18,7.987947682446614e-16,-1.0198851793611328,3.896559845095909e-18,7.987947682446614e-16,0.6721449189809663,3.896559845095909e-18,7.987947682446614e-16,-0.6721449189809663,3.896559845095909e-18,7.987947682446614e-16,,,,,,,-5.374870338439941,4.0161556854627e-18,8.767259651465796e-16
gold_fair_sources_sweep,51171752c3df,Glmtrans_Auto,OracleTargetTreated,100,50,20000,20,50,0.1,1.4238426167409264,0.6127847214477979,1.2728881471817164,100,-0.0390087650660081,1.5892298520796861,0.06040165722402091,100,0.14606163742092765,0.1349947668713264,0.10969002218166664,100,-0.02258345698769847,0.1981361143417553,-0.027328166293103306,100,0.9660677572277574,0.029518251954663597,0.9718479838479838,100,0.8513535135135136,0.05483251003809766,0.8577337337337336,100,0.969172483675074,0.027724803566355122,0.9751682131027322,100,0.9684647337754703,0.028056500918012383,0.9733005500486258,100,0.9687686099513428,0.026202377332158095,0.9750483541821974,100,0.9690551814089838,0.025431838061301927,0.9755481790286674,100,10.087076110302394,2.448748734567929,9.903839399392282,100,8.04229428435358,2.205747645983967,7.895685552051413,100,1.0275794616748373,0.03652947170397154,1.027142836624818,100,0.019877766955836918,0.20143857166029622,0.024306908083654495,100,0.9399315426573013,0.050745891025061794,0.951134566325718,100,0.25504048465956414,0.14988399617007955,0.21634758641932042,100,0.5802938469964686,0.3064972868006534,0.5090226036297354,100,2.5428371921333888,0.9699851627584138,2.3561175769311125,100,0.07648879413115964,0.07935161409868578,0.05645479823818933,100,1.778932464343635,0.8935462203340158,1.7245997841648721,100,0.051954971029594704,0.05224507893397922,0.04147259201486311,100,,,,0,,,,0,23.08220895290375,4.853978944832367,22.11052930355072,100,-4.183719873607919,3.896559845095909e-18,7.987947682446614e-16,0.1859953334189506,0.3087995581123958,1.0,-0.9056310088892077,3.750168121901122e-17,6.6002958945459746e-15,0.1859953334189506,0.3087995581123958,1.0,0.5461791803391803,3.896559845095909e-18,7.987947682446614e-16,0.562350990990991,3.896559845095909e-18,7.987497077178259e-16,0.5345892540333799,3.896559845095909e-18,7.987947682446614e-16,0.5431794298676532,3.896559845095909e-18,7.987947682446614e-16,0.5566236900287975,3.896559845095909e-18,7.987947682446614e-16,0.5696760703207773,3.896559845095909e-18,7.987947682446614e-16,5.559675859128726,3.896559845095909e-18,7.987947682446614e-16,4.453414751879551,3.896559845095909e-18,7.987947682446614e-16,-0.5301303079419947,1.6409015596347118e-13,1.1650401073406454e-11,-0.2448404668255434,0.6060299176865905,1.0,0.7450649965733318,3.896559845095909e-18,7.987947682446614e-16,-1.1962910478441828,3.896559845095909e-18,7.987947682446614e-16,-2.500128845920507,3.896559845095909e-18,7.987947682446614e-16,1.3581688481287397,3.896559845095909e-18,7.987947682446614e-16,-1.3581688481287397,3.896559845095909e-18,7.987947682446614e-16,0.8906829503759102,3.896559845095909e-18,7.987947682446614e-16,-0.8906829503759102,3.896559845095909e-18,7.987947682446614e-16,,,,,,,15.56156867980957,3.896559845095909e-18,8.767259651465796e-16
gold_fair_sources_sweep,51171752c3df,Glmtrans_DR_CrossFit,OracleTargetTreated,100,50,20000,20,50,0.1,2.7761808001597337,1.3636403176212655,2.347992228193309,99,-0.08612740604334443,1.703060025801572,-0.11391675439839849,99,0.29330088961793244,0.43760937864995114,0.15402337481182937,99,-0.08866407667410829,0.5200612025809694,-0.012651667078862117,99,0.8799285145951814,0.08487506351749911,0.9017923457923458,99,0.7124774471441138,0.10156289451193506,0.727019019019019,99,0.888815526871953,0.08067260827463923,0.9096669841106765,99,0.8804246941286372,0.0965452750497945,0.9093338225880307,99,0.8816730432635482,0.09612220620354264,0.9018663303408008,99,0.8798106173237566,0.10643111498153378,0.9074901270643722,99,9.188531943403731,2.4199105309913613,9.020955172186113,99,7.346051625092325,2.1600969828741063,7.0851466326548165,99,0.9644149175455263,0.15471785368027594,0.9523876483023297,99,0.04320138082756337,0.4487940351250753,0.012392235445696818,99,0.7960993520461953,0.13256160476582687,0.8278088111344764,99,0.6608805270374459,0.8006970185317485,0.4414949350053968,99,1.546027163324463,2.0229231458623294,1.0422517326088787,99,2.3513738524138534,0.9889782466285707,2.25720661759916,99,0.27124733701814396,0.21866362211012305,0.18710583066993602,99,1.6338627966709416,0.9054070796413813,1.553929413625195,99,0.19498007721833016,0.1593056222448622,0.1337257619790333,99,,,,0,,,,0,31.606824486255647,9.016576075895015,29.810092329978943,100,-2.8284403612345677,5.949374484204898e-17,1.8443060901035184e-15,0.12857834583547192,0.46358230583515636,1.0,-0.7624581391015623,1.6078949991925042e-14,2.5404740987241566e-12,0.12857834583547192,0.46358230583515636,1.0,0.4578883783732268,5.697220948724935e-18,7.987947682446614e-16,0.42196006107117223,5.697220948724935e-18,7.987497077178259e-16,0.4521756021690909,5.697220948724935e-18,7.987947682446614e-16,0.4518574598956833,5.697220948724935e-18,7.987947682446614e-16,0.46516736685421123,5.697220948724935e-18,7.987947682446614e-16,0.47611403137330294,5.697220948724935e-18,7.987947682446614e-16,4.624138862132745,5.697220948724935e-18,7.987947682446614e-16,3.719649197617569,5.697220948724935e-18,7.987947682446614e-16,-0.5977551067584326,2.16809924127056e-14,1.7995223702545647e-12,-0.22928748354412556,0.6375056875414491,1.0,0.5997869430058682,5.697220948724935e-18,7.987947682446614e-16,-0.7978161203941855,9.302588551283836e-15,1.5535322880644006e-12,-1.5502034487578118,2.288839567998747e-14,3.3417057692781707e-12,1.162560467774327,5.697220948724935e-18,7.987947682446614e-16,-1.162560467774327,5.697220948724935e-18,7.987947682446614e-16,0.743929839523514,5.697220948724935e-18,7.987947682446614e-16,-0.7439298395235139,5.697220948724935e-18,7.987947682446614e-16,,,,,,,24.08618421316147,3.896559845095909e-18,8.767259651465796e-16
gold_fair_sources_sweep,51171752c3df,Glmtrans_OptionB,FeasibleRestricted,100,50,20000,20,50,0.1,2.916559170974846,1.2775053757019403,2.6572909006991328,100,-0.16221563396351557,1.2844858557120635,-0.2904565356553025,100,0.7707103190910025,0.5924972527858763,0.6550954351924276,100,-0.1457903258852059,0.9641461609327061,-0.08039843098659583,100,0.8653780282180281,0.10417667912608976,0.8996294996294996,100,0.6998207007007008,0.12352309386151863,0.7254774774774775,100,0.8744474934834304,0.10002258856318677,0.9068938836968536,100,0.8721333941894253,0.0993944892308808,0.9035370694250625,100,0.8703011828724027,0.0970358392213752,0.8975527569368731,100,0.8676892848369998,0.10316341187802744,0.8947905986021234,100,9.043638874773746,2.2971688001931816,8.788779679683405,100,7.205374531826075,2.0773509290893557,6.711465070740248,100,1.0212981074650125,0.12550199259415049,1.013727731244035,100,0.15635369478126365,0.918891588151487,0.1883947751595722,100,0.774412338124817,0.1609025880795272,0.8251343033631937,100,0.9034523626589787,0.5637821882153623,0.7647505955793327,100,1.7081574964222472,1.0411828736698974,1.487082560923986,100,2.2861925879769993,0.9746257279966901,2.194171019037517,100,0.3331333982875493,0.2812758032871207,0.23126608422859674,100,1.6115485138381342,0.9075927613576455,1.5380902422340532,100,0.21933892153509596,0.18337550187260498,0.15260936233693334,100,,,,0,,,,0,22.859346108436583,8.76388705597977,19.896806120872498,100,-2.6910033193740004,4.0161556854627e-18,7.987947682446614e-16,0.06278846452144314,0.6229452589763704,1.0,-0.28098232721913285,0.001523678631191219,0.13408371954482726,0.06278846452144314,0.6229452589763704,1.0,0.44548945132945145,3.896559845095909e-18,7.987947682446614e-16,0.41081817817817823,3.896559845095909e-18,7.987497077178259e-16,0.43986426384173627,3.896559845095909e-18,7.987947682446614e-16,0.44684809028160805,3.896559845095909e-18,7.987947682446614e-16,0.4581562629498576,3.896559845095909e-18,7.987947682446614e-16,0.4683101737487933,3.896559845095909e-18,7.987947682446614e-16,4.516238623600077,3.896559845095909e-18,7.987947682446614e-16,3.616494999352045,3.896559845095909e-18,7.987947682446614e-16,-0.5364116621518193,7.525779627405302e-14,5.71959251682803e-12,-0.10836453900011668,0.8987678439874949,1.0,0.5795457920408476,3.896559845095909e-18,7.987947682446614e-16,-0.5478791698447683,9.521106397643388e-11,1.3329548956700742e-08,-1.3722651964947281,3.725407650063557e-13,4.582251409578175e-11,1.1015242439723503,3.896559845095909e-18,7.987947682446614e-16,-1.1015242439723503,3.896559845095909e-18,7.987947682446614e-16,0.7232989998704089,3.896559845095909e-18,7.987947682446614e-16,-0.7232989998704089,3.896559845095909e-18,7.987947682446614e-16,,,,,,,15.338705835342408,4.0161556854627e-18,8.767259651465796e-16
gold_fair_sources_sweep,51171752c3df,IPWTransport,FeasibleRestricted,100,50,20000,20,50,0.1,3.142797556257445,1.4152048076752486,2.908555446635481,100,-0.1946713826228819,1.30312489049323,-0.3274944287920728,100,0.8105301400473626,0.6331426959464623,0.6656520937700624,100,-0.17824607454457222,1.0160571553610072,-0.1861658175677025,100,0.8428341707541708,0.11702092371564125,0.8646143226143228,100,0.6731016216216219,0.13133967568661684,0.6792772772772773,100,0.8529217368023257,0.11292826514148717,0.8756475662170371,100,0.8512844501813004,0.10897480908675047,0.8796414125619028,100,0.8508387952236773,0.10558221401855607,0.8753714174653194,100,0.8477011183570495,0.11079172253278326,0.8692662664114577,100,8.778256119423773,2.062044919702062,8.587866691951392,100,7.0081598117359825,1.913379798022105,6.6523297034500075,100,0.9937399132318052,0.12191264680556464,0.997752366129032,100,0.19347314905263957,0.9871340389315499,0.21341827862585946,100,0.7400600411667988,0.17549247536320778,0.7684182683108057,100,0.9306106343847786,0.5935851740087164,0.7687829172526902,100,1.690011351998297,1.042151659199594,1.46128167922999,100,2.2215752084902896,0.9562029797056188,2.154616321868536,100,0.3977507777742587,0.3368904896491168,0.31603854215817995,100,1.5721055698201152,0.9057431829071767,1.4780062474694478,100,0.2587818655531147,0.2172605026615097,0.204156871765524,100,,,,0,,,,0,0.6478781795501709,0.4184611445820122,0.6054458618164062,100,-2.4647649340914013,4.0161556854627e-18,7.987947682446614e-16,0.030332715862076816,0.8797498813382739,1.0,-0.24116250626277286,0.007864669519931426,0.5347975273553369,0.030332715862076805,0.8797498813382739,1.0,0.42294559386559377,3.896559845095909e-18,7.987947682446614e-16,0.3840990990990991,3.896559845095909e-18,7.987497077178259e-16,0.41833850716063176,3.896559845095909e-18,7.987947682446614e-16,0.4259991462734832,3.896559845095909e-18,7.987947682446614e-16,0.438693875301132,3.896559845095909e-18,7.987947682446614e-16,0.4483220072688431,3.896559845095909e-18,7.987947682446614e-16,4.250855868250105,3.896559845095909e-18,7.987947682446614e-16,3.4192802792619506,3.896559845095909e-18,7.987947682446614e-16,-0.5639698563850266,1.3055060419538937e-14,1.1749554377585043e-12,-0.07124508472874068,0.9069368853915614,1.0,0.5451934950828295,3.896559845095909e-18,7.987947682446614e-16,-0.5207208981189683,8.208201130824983e-10,1.0260251413531229e-07,-1.3904113409186787,1.6837927151593467e-13,2.1384167482523703e-11,1.036906864485641,3.896559845095909e-18,7.987947682446614e-16,-1.036906864485641,3.896559845095909e-18,7.987947682446614e-16,0.6838560558523902,3.896559845095909e-18,7.987947682446614e-16,-0.6838560558523902,3.896559845095909e-18,7.987947682446614e-16,,,,,,,-6.872762093544006,3.896559845095909e-18,8.767259651465796e-16
gold_fair_sources_sweep,51171752c3df,OutcomeModelTransport,FeasibleRestricted,100,50,20000,20,50,0.1,3.128201938389359,1.4185937553195758,2.8698832583878686,100,-0.20061211520083064,1.2853341352425764,-0.322079717207442,100,0.8190830333137571,0.6531086078530765,0.6786043477107992,100,-0.18418680712252097,1.0343873317967298,-0.202565723443549,100,0.8448758535158537,0.11644997235725181,0.8655686295686296,100,0.6754731531531533,0.13086879431151954,0.6807487487487487,100,0.8548822311073646,0.11240008948526777,0.8768234694579604,100,0.8542034640719867,0.10934395533945472,0.8821067505455357,100,0.8517139249304063,0.10693767608152108,0.8766397659797621,100,0.8486113595827994,0.11211443153706363,0.8764976300925731,100,8.814463204049439,2.0933990352795737,8.644399210288562,100,7.016149245495861,1.9219570189093484,6.648060479986256,100,0.998379720430118,0.12254180844453909,1.0045377524693628,100,0.1992894735519777,0.9958288174892902,0.20574685539820117,100,0.7433284641151906,0.1743392456253674,0.7729540164265187,100,0.9377740385098157,0.6143016673337797,0.8058226356447101,100,1.6976607677072753,1.0839526430600068,1.5053543236109252,100,2.227602133101735,0.9553160520487108,2.16702444591901,100,0.3917238531628133,0.33763191236606144,0.30598064678913106,100,1.573703456572091,0.9059083877681803,1.4818976714632126,100,0.25718397880113897,0.2192715035386489,0.20572091870191078,100,,,,0,,,,0,0.14633949995040893,0.1820610835426056,0.10531461238861084,100,-2.4793605519594877,4.0161556854627e-18,7.987947682446614e-16,0.024391983284128047,0.9069368853915614,1.0,-0.2326096129963782,0.0063992187977039445,0.45434453463698005,0.024391983284128047,0.9069368853915614,1.0,0.4249872766272766,3.896559845095909e-18,7.987947682446614e-16,0.38647063063063064,3.896559845095909e-18,7.987497077178259e-16,0.4202990014656705,3.896559845095909e-18,7.987947682446614e-16,0.4289181601641694,3.896559845095909e-18,7.987947682446614e-16,0.4395690050078609,3.896559845095909e-18,7.987947682446614e-16,0.44923224849459314,3.896559845095909e-18,7.987947682446614e-16,4.28706295287577,3.896559845095909e-18,7.987947682446614e-16,3.4272697130218295,3.896559845095909e-18,7.987947682446614e-16,-0.5593300491867139,1.7079003674309875e-14,1.485873319664959e-12,-0.06542876022940253,0.9260348271927795,1.0,0.5484619180312214,3.896559845095909e-18,7.987947682446614e-16,-0.5135574939939314,8.94981124911862e-10,1.082927161143353e-07,-1.3827619252097003,1.6409015596347118e-13,2.1331720275251254e-11,1.042933789097086,3.896559845095909e-18,7.987947682446614e-16,-1.042933789097086,3.896559845095909e-18,7.987947682446614e-16,0.6854539426043658,3.896559845095909e-18,7.987947682446614e-16,-0.6854539426043658,3.896559845095909e-18,7.987947682446614e-16,,,,,,,-7.374300773143768,3.896559845095909e-18,8.767259651465796e-16
gold_fair_sources_sweep,51171752c3df,ProxyOnly,FeasibleRestricted,100,50,20000,20,50,0.1,5.6075624903488475,1.060376345364935,5.372544853262392,100,-0.22500409848495873,1.4405056659813968,-0.10308999890460338,100,1.0516926463101353,0.8356271332397022,0.8819498965814092,100,-0.2085787904066491,1.330998823411532,-0.21467859491721936,100,0.419888576888577,0.10554067565019819,0.42814982014982017,100,0.28900252252252256,0.07587885754218388,0.2939319319319319,100,0.43458322964169427,0.10767214553489242,0.44271415636844985,100,0.42528530390781716,0.14201337078200918,0.4353283435499312,100,0.4121449199225452,0.1685933378079437,0.4448411673965598,100,0.39937911108820645,0.21028817202617142,0.4546287799696783,100,4.5274002511736695,1.9979333576990639,4.25637276364937,100,3.588879532474031,1.8649749835718301,3.516894511476073,100,1.5577097696168314,0.5542447637533974,1.528316761336802,100,0.26471823378138026,1.9116676681440246,0.1181580133128303,100,0.19486654608396944,0.08625326620466982,0.18893822988085207,100,1.4513315325037468,0.7093205566777128,1.3484996773960511,100,3.0804226929169762,1.3544101022604227,2.9553015422929825,100,1.1846683440046493,0.854712376548681,1.3019042647425194,100,1.4346576422598993,0.5138534037583207,1.349304689044906,100,0.8882495139677253,0.8667605057714306,0.921388043334092,100,0.942637921405505,0.2771838022253815,0.8546639862484584,100,0.0,0.0,0.0,100,0.0,0.0,0.0,100,7.520640273094177,2.7136003591880486,6.886470556259155,100,,,,,,,,,,,,,,,,,,,,,,,,,,,,,,,,,,,,,,,,,,,,,,,,,,,,,,,,,,,,,,,,,,,,,,,,
gold_fair_sources_sweep,51171752c3df,TargetOnlyDR,OracleTargetTreated,100,50,20000,20,50,0.1,5.398325973357981,1.0078526577257263,5.221209280289321,100,-0.13614210703461255,1.620167589071882,-0.13542041934429278,100,0.5324411279097133,0.4082303520332692,0.42242032757846215,100,-0.11971679895630291,0.6622176874038657,-0.13830424500550476,100,0.4731356304956305,0.08351175016869095,0.47282377682377685,100,0.3283061861861863,0.061871244976117915,0.32773973973973974,100,0.4890128709390727,0.08397453846827323,0.4885302544246247,100,0.4395918588280168,0.15416179805231578,0.461319861538449,100,0.46166306706322646,0.16030115988480706,0.47637263761639426,100,0.45650230408538656,0.19849180549937384,0.489979205097608,100,4.710737126033839,2.141186965785083,4.60034038399977,100,4.020114227210641,1.9210586482931118,3.903888712850426,100,1.1142803496491844,0.3791054951660679,1.1315377329872738,100,0.16601507515701633,0.9009907709678163,0.12174974275257908,100,0.21842272867249027,0.09201789216239019,0.20767630591274439,100,1.1167693184021505,0.3893621934025144,1.0688293171265473,100,2.7475177591969815,1.2911556113000453,2.58045284414907,100,1.4242087978281754,0.9368530793656148,1.3531277089482208,100,1.195117188436373,0.3048044792118344,1.1208701524922144,100,0.9744964529150469,0.8767376918169283,0.9559595834100877,100,0.856390982458183,0.23521069133044853,0.8143987530879612,100,0.0,0.0,0.0,100,0.0,0.0,0.0,100,9.967670261859894,4.617488056156309,9.310466885566711,100,-0.20923651699086548,4.810833685355619e-07,1.4432501056066858e-06,0.08886199145034614,0.7078260175355122,1.0,-0.5192515184004219,1.0782686894393923e-08,1.4556627307431797e-06,0.08886199145034614,0.7078260175355122,1.0,0.05324705360705359,2.731651085042689e-05,8.194953255128066e-05,0.03930366366366366,2.2406356918037286e-05,6.721907075411186e-05,0.054429641297378595,2.731651085042689e-05,8.194953255128066e-05,0.014306554920199674,0.1996689993792622,0.7152956693593806,0.04951814714068109,0.00030188229444763794,0.0012075291777905517,0.05712319299718013,9.122692472649752e-05,0.00027368077417949254,0.1833368748601702,0.14205948812602384,0.5682379525040954,0.431234694736609,0.0001936617224505555,0.001161970334703333,-0.4434294199676475,5.142647569566293e-08,2.828456163261461e-06,-0.09870315862436392,0.8527039152769147,1.0,0.023556182588520866,0.027526719487495813,0.13763359743747905,-0.3345622141015964,5.834610829586528e-05,0.004259265905598165,-0.3329049337199945,0.03750842722040098,1.0,0.23954045382352665,3.843812446824762e-08,1.1531437340474286e-07,-0.23954045382352665,3.843812446824762e-08,1.1531437340474286e-07,0.08624693894732183,0.0001936617224505555,0.001161970334703333,-0.08624693894732183,0.0001936617224505555,0.001161970334703333,0.0,,,0.0,,,2.4470299887657165,9.110989609422744e-07,2.277747402355686e-05
gold_fair_sources_sweep,55f1a65209fe,AnchorOnly,infeasible_no_target_treated,50,0,20000,20,50,0.1,,,,0,,,,0,,,,0,,,,0,,,,0,,,,0,,,,0,,,,0,,,,0,,,,0,,,,0,,,,0,,,,0,,,,0,,,,0,,,,0,,,,0,,,,0,,,,0,,,,0,,,,0,,,,0,,,,0,0.0,0.0,0.0,100,,,,,,,,,,,,,,,,,,,,,,,,,,,,,,,,,,,,,,,,,,,,,,,,,,,,,,,,,,,,,,,,,,,,,,-12.822015380859375,3.896559845095909e-18,8.767259651465796e-16
gold_fair_sources_sweep,55f1a65209fe,AnchorPlugin,FeasibleRestricted,50,0,20000,20,50,0.1,4.325073521040454,0.9673270628236054,4.116439305430786,100,-0.15102548709642963,1.4088690328648417,-0.12547801180687773,100,0.9482919886546479,0.6519145248110463,0.8207882750093085,100,-0.2367140877725019,1.12992659034797,-0.19310057395852445,100,0.6822068670068672,0.0891798513350681,0.7064171504171505,100,0.49706870870870873,0.07655330402553304,0.5143963963963964,100,0.6985559243308234,0.08852750099415405,0.7228775736808207,100,0.6851648244869396,0.12824418318894423,0.7151756756113835,100,0.682394498463977,0.13658442441838914,0.7218874980579678,100,0.6721212405248934,0.16652881899267533,0.7290421651449064,100,7.060847159507267,2.339620977550135,6.8130302441482105,100,5.68593906951068,2.1524636830631523,5.3903906929600005,100,1.1109597606284145,0.20687862941933624,1.1009181384290558,100,0.22680636479858332,1.1069471511408975,0.26971471167139166,100,0.49470195014688345,0.11716570839691767,0.5249932376687143,100,1.1384878737811301,0.5547721543032044,1.0024223044158194,100,2.278893779031887,0.98530187166974,2.0144375018306206,100,1.927937805296728,0.9469973831179214,1.905633185519141,100,0.7157013561235018,0.27514310368041167,0.6431582196154488,100,1.3201946365216666,1.0076471071651651,1.3922771076970937,100,0.4932274927735618,0.20918669440374757,0.42924310331167465,100,0.11574526578092525,0.16066561328551526,0.05909842029933931,100,31.85,10.496151290791873,33.0,100,13.119678001403809,2.5771263162320577,13.23487651348114,100,-1.389516224934358,3.896559845095909e-18,7.987947682446614e-16,0.04949970652142758,0.9042127340742919,1.0,-0.37634857662119275,0.0005706338510316414,0.05706338510316414,0.0494997065214276,0.9042127340742919,1.0,0.35963637551637556,3.896559845095909e-18,7.987947682446614e-16,0.2776216216216216,3.896559845095909e-18,7.987497077178259e-16,0.3627764036699802,3.896559845095909e-18,7.987947682446614e-16,0.37986799959905426,3.896559845095909e-18,7.987947682446614e-16,0.3899429866584132,3.896559845095909e-18,7.987947682446614e-16,0.39793605284637146,3.896559845095909e-18,7.987947682446614e-16,3.6584278689724217,3.896559845095909e-18,7.987947682446614e-16,2.931193639561697,3.896559845095909e-18,7.987947682446614e-16,0.1482676541041714,0.00020729813201954858,0.006840838356645103,0.035750585711557134,0.23417989735759404,1.0,0.37378089305274154,3.896559845095909e-18,7.987947682446614e-16,-0.4646503590768286,1.5874370096346057e-06,0.00014286933086711453,-0.6168116056488431,0.0005706338510316414,0.03594993261499341,0.8012326334837375,3.896559845095909e-18,7.987947682446614e-16,-0.8012326334837375,3.896559845095909e-18,7.987947682446614e-16,0.5862387279123394,3.896559845095909e-18,7.987947682446614e-16,-0.5862387279123394,3.896559845095909e-18,7.987947682446614e-16,0.11574526578092525,3.896559845095909e-18,1.7534519302931591e-16,31.85,5.62486033084366e-18,4.5255026333886757e-17,0.2976626205444336,0.5728322123507377,1.0
gold_fair_sources_sweep,55f1a65209fe,EntropyBalancing,FeasibleRestricted,50,0,20000,20,50,0.1,2.9893042833922157,1.1573395419288928,2.7911371667141074,100,-0.10566970581859278,1.4501539947078057,0.05594664263974043,100,0.8246868560395029,0.6345456763325705,0.7023239369785464,100,-0.19135830649466512,1.0259817384018046,-0.13562432674762825,100,0.8582738357138358,0.08945468404081097,0.8825572685572687,100,0.6845656856856855,0.10427907577351493,0.7008328328328328,100,0.8682993749832949,0.0855497153449116,0.8921655019705539,100,0.8613508905326992,0.09501043989040402,0.8787135604039029,100,0.8582226241918041,0.10344791349733141,0.8778683210576863,100,0.8526372644861224,0.11453378314131994,0.8850420801735057,100,8.78431173254198,2.321808457870899,8.728600871523888,100,7.035950920216411,2.150810625356545,7.016953517203625,100,0.96731628006745,0.09095580847196458,0.9708940002942597,100,0.18301499847463754,1.0218017853892851,0.126165055937196,100,0.76161536706094,0.13850581623756988,0.7972019316184031,100,0.9178698734005478,0.5774867468877424,0.7971057991119703,100,1.6216360164095327,0.8592627179889972,1.5361371726293493,100,2.299774861089865,0.9433660546103274,2.291371959800956,100,0.3438643003303652,0.25550817016040117,0.2710206287800717,100,1.5901970066628133,1.0016382077240735,1.6074671078971114,100,0.22322512263241542,0.17695846854969394,0.17071083073295068,100,,,,0,,,,0,3.20943416595459,1.2437558387250767,3.2045313119888306,100,-2.725285462582596,3.896559845095909e-18,7.987947682446614e-16,0.09485548779926445,0.6012349777584516,1.0,-0.49995370923633786,4.6130169531979994e-05,0.005166578987581759,0.09485548779926446,0.6012349777584516,1.0,0.5357033442233443,3.896559845095909e-18,7.987947682446614e-16,0.46511859859859866,3.896559845095909e-18,7.987497077178259e-16,0.5325198543224517,3.896559845095909e-18,7.987947682446614e-16,0.5560540656448141,3.896559845095909e-18,7.987947682446614e-16,0.56577111238624,3.896559845095909e-18,7.987947682446614e-16,0.5784520768076004,3.896559845095909e-18,7.987947682446614e-16,5.381892442007134,3.896559845095909e-18,7.987947682446614e-16,4.281205490267429,3.896559845095909e-18,7.987947682446614e-16,0.004624173543206846,0.9342333768907125,1.0,-0.0080407806123887,0.9042127340742919,1.0,0.6406943099667977,3.896559845095909e-18,7.987947682446614e-16,-0.6852683594574113,8.208201130824983e-10,1.0260251413531229e-07,-1.2740693682711974,4.159221788308028e-12,4.3671828777234295e-10,1.173069689276874,3.896559845095909e-18,7.987947682446614e-16,-1.173069689276874,3.896559845095909e-18,7.987947682446614e-16,0.8562410980534858,3.896559845095909e-18,7.987947682446614e-16,-0.8562410980534858,3.896559845095909e-18,7.987947682446614e-16,,,,,,,-9.612581214904786,4.2663227307182344e-18,8.767259651465796e-16
gold_fair_sources_sweep,55f1a65209fe,Glmtrans_Auto,infeasible_no_target_treated,50,0,20000,20,50,0.1,,,,0,,,,0,,,,0,,,,0,,,,0,,,,0,,,,0,,,,0,,,,0,,,,0,,,,0,,,,0,,,,0,,,,0,,,,0,,,,0,,,,0,,,,0,,,,0,,,,0,,,,0,,,,0,,,,0,0.0,0.0,0.0,100,,,,,,,,,,,,,,,,,,,,,,,,,,,,,,,,,,,,,,,,,,,,,,,,,,,,,,,,,,,,,,,,,,,,,,-12.822015380859375,3.896559845095909e-18,8.767259651465796e-16
gold_fair_sources_sweep,55f1a65209fe,Glmtrans_DR_CrossFit,infeasible_no_target_treated,50,0,20000,20,50,0.1,,,,0,,,,0,,,,0,,,,0,,,,0,,,,0,,,,0,,,,0,,,,0,,,,0,,,,0,,,,0,,,,0,,,,0,,,,0,,,,0,,,,0,,,,0,,,,0,,,,0,,,,0,,,,0,,,,0,0.0,0.0,0.0,100,,,,,,,,,,,,,,,,,,,,,,,,,,,,,,,,,,,,,,,,,,,,,,,,,,,,,,,,,,,,,,,,,,,,,,-12.822015380859375,3.896559845095909e-18,8.767259651465796e-16
gold_fair_sources_sweep,55f1a65209fe,Glmtrans_OptionB,FeasibleRestricted,50,0,20000,20,50,0.1,2.844892048238398,1.1906682677252012,2.676521014618208,100,-0.08135633076615895,1.427915769866428,0.040464991183086205,100,0.8165003168850375,0.6306478805117051,0.6754158504912454,100,-0.16704493144223131,1.021243221386103,-0.08786892636126375,100,0.871581367941368,0.09111501585265117,0.9052241032241032,100,0.7034999399399401,0.10921352539255234,0.7348488488488489,100,0.8807657675291951,0.08706615516407248,0.9146026501181882,100,0.8767019956450943,0.09333054487803985,0.9046469508074908,100,0.8717667759819554,0.10313460915146506,0.9014197009873328,100,0.8649836517752939,0.11354956969543865,0.8940198170805385,100,8.931475681453263,2.31578273388335,8.885544255610178,100,7.1383376409285715,2.152596294076397,7.1254104558080265,100,1.0009288208130498,0.0935496298770864,1.0001081059851422,100,0.17214295186825665,1.006111849472607,0.11453926149720361,100,0.7833555240215765,0.1421720314128019,0.8344407718711098,100,0.8900588612041035,0.5889594455391226,0.7669946599228284,100,1.5703202873750042,0.9336664157125584,1.4109348357399014,100,2.329536514831483,0.9407431062398053,2.342943387110619,100,0.3141026465887473,0.2553831873225689,0.22366975135153688,100,1.6106743508052448,1.0031270655415334,1.6292057349667584,100,0.20274777848998377,0.1782287709515283,0.14418267097619908,100,,,,0,,,,0,19.374169347286223,4.1292570987150965,18.935702443122864,100,-2.869697697736413,3.896559845095909e-18,7.987947682446614e-16,0.11916886285169834,0.5292093269572754,1.0,-0.5081402483908032,2.2406356918037286e-05,0.0025543246886562507,0.11916886285169831,0.5292093269572754,1.0,0.5490108764508764,3.896559845095909e-18,7.987947682446614e-16,0.48405285285285293,3.896559845095909e-18,7.987497077178259e-16,0.544986246868352,3.896559845095909e-18,7.987947682446614e-16,0.5714051707572089,3.896559845095909e-18,7.987947682446614e-16,0.5793152641763912,3.896559845095909e-18,7.987947682446614e-16,0.5907984640967718,3.896559845095909e-18,7.987947682446614e-16,5.5290563909184165,3.896559845095909e-18,7.987947682446614e-16,4.383592210979587,3.896559845095909e-18,7.987947682446614e-16,0.03823671428880675,0.313728575022711,1.0,-0.018912827218769586,0.9178441245028052,1.0,0.6624344669274345,3.896559845095909e-18,7.987947682446614e-16,-0.7130793716538554,2.802530849858032e-10,3.6713154133140214e-08,-1.3253850973057257,2.201923197492152e-12,2.422115517241367e-10,1.2028313430184918,3.896559845095909e-18,7.987947682446614e-16,-1.2028313430184918,3.896559845095909e-18,7.987947682446614e-16,0.8767184421959174,3.896559845095909e-18,7.987947682446614e-16,-0.8767184421959174,3.896559845095909e-18,7.987947682446614e-16,,,,,,,6.552153966426849,4.139373908714419e-18,8.767259651465796e-16
gold_fair_sources_sweep,55f1a65209fe,IPWTransport,FeasibleRestricted,50,0,20000,20,50,0.1,2.8618084607294736,1.1890305675144905,2.6346762660911156,100,-0.09002342809000713,1.4511483602642674,0.036019364135383335,100,0.8280290188845634,0.6429789815266808,0.6737202410878282,100,-0.17571202876607944,1.036722248358982,-0.10844853744023736,100,0.8704838740838743,0.09102467969040749,0.9017093057093057,100,0.7020191391391393,0.10916442470857299,0.7281241241241241,100,0.8797368835811884,0.08696197443413912,0.9098557209886923,100,0.8751343995255881,0.09483155676037826,0.9003046457276598,100,0.8710583820531227,0.10301232903363355,0.8938812240425023,100,0.8642755966818875,0.11346428275882975,0.8941367511886689,100,8.913417095746421,2.314197020539362,8.866870970361461,100,7.1310118657148145,2.1478647774476287,7.159871900823951,100,0.993276066190147,0.09085312393063294,0.9929920957757077,100,0.17605781102927978,1.0245094103989074,0.13064080813150925,100,0.7816519523666001,0.14196124803073154,0.8292300519167639,100,0.901841507030714,0.5976019298737403,0.7782244557288869,100,1.5614302831750981,0.8906119052963513,1.4806703982577671,100,2.325649164468907,0.9412949120529694,2.317058484894358,100,0.31798999695132346,0.2564330415419348,0.22680814517528414,100,1.609209195762493,1.0023511468699204,1.6304560716490877,100,0.20421293353273512,0.17920037766214775,0.14182587910176458,100,,,,0,,,,0,1.1369883370399476,0.5144050180244044,1.0864259004592896,100,-2.852781285245338,3.896559845095909e-18,7.987947682446614e-16,0.11050176552785014,0.5704943464345489,1.0,-0.49661154639127714,5.503294400835439e-05,0.006053623840918983,0.11050176552785014,0.5704943464345489,1.0,0.5479133825933826,3.896559845095909e-18,7.987947682446614e-16,0.48257205205205217,3.896559845095909e-18,7.987497077178259e-16,0.5439573629203455,3.896559845095909e-18,7.987947682446614e-16,0.5698375746377026,3.896559845095909e-18,7.987947682446614e-16,0.5786068702475585,3.896559845095909e-18,7.987947682446614e-16,0.5900904090033656,3.896559845095909e-18,7.987947682446614e-16,5.510997805211576,3.896559845095909e-18,7.987947682446614e-16,4.37626643576583,3.896559845095909e-18,7.987947682446614e-16,0.030583959665903927,0.41317373945790214,1.0,-0.014997968057746495,0.8231532975996094,1.0,0.6607308952724581,3.896559845095909e-18,7.987947682446614e-16,-0.701296725827245,6.188773004847958e-10,7.859741716156906e-08,-1.3342751015056313,1.309850946596449e-12,1.5063285885859162e-10,1.1989439926559158,3.896559845095909e-18,7.987947682446614e-16,-1.1989439926559158,3.896559845095909e-18,7.987947682446614e-16,0.8752532871531662,3.896559845095909e-18,7.987947682446614e-16,-0.8752532871531663,3.896559845095909e-18,7.987947682446614e-16,,,,,,,-11.685027043819428,3.896559845095909e-18,8.767259651465796e-16
gold_fair_sources_sweep,55f1a65209fe,OutcomeModelTransport,FeasibleRestricted,50,0,20000,20,50,0.1,2.844672402540053,1.1906746499311989,2.6717536147708314,100,-0.08155675376104396,1.4352012777664702,0.045181181277322,100,0.815468756435815,0.6306720615901658,0.6808069327311702,100,-0.16724535443711633,1.0203921116586583,-0.08543045194607807,100,0.8715698006498006,0.09113156736827077,0.9051747831747832,100,0.7034905305305306,0.1092419107584347,0.734944944944945,100,0.880755824167593,0.0870714278764509,0.9146889047087283,100,0.8766008229283713,0.09359639562679695,0.9046469508074909,100,0.8716158498230058,0.10322036104496014,0.9007146393464409,100,0.8648790779094506,0.11381018368462426,0.894313773145414,100,8.92963290654232,2.314551397220433,8.885544255610178,100,7.1365590034563,2.150750203741288,7.1314629272115475,100,0.9955852416018165,0.0931345640849505,0.9946554129001269,100,0.17198412212773243,1.0063834272053462,0.10839348770604848,100,0.7833615862515186,0.14219627406881769,0.834720784033419,100,0.8900656772392272,0.5886627821778744,0.7668224561822816,100,1.5684384461866088,0.9340563329268498,1.3628025914505435,100,2.3293895095253894,0.9407657541691304,2.337834305105265,100,0.3142496518948406,0.2553297430590762,0.2190800065836298,100,1.610318623310791,1.0034666480787553,1.6320533497229077,100,0.20310350598443794,0.17841886944550728,0.14418267097619908,100,,,,0,,,,0,0.19790889501571654,0.09864831135253548,0.1926335096359253,100,-2.86991734343476,3.896559845095909e-18,7.987947682446614e-16,0.1189684398568133,0.5428005457253031,1.0,-0.5091718088400257,2.139905997985659e-05,0.002460891897683508,0.1189684398568133,0.5428005457253031,1.0,0.5489993091593092,3.896559845095909e-18,7.987947682446614e-16,0.48404344344344336,3.896559845095909e-18,7.987497077178259e-16,0.54497630350675,3.896559845095909e-18,7.987947682446614e-16,0.571303998040486,3.896559845095909e-18,7.987947682446614e-16,0.5791643380174417,3.896559845095909e-18,7.987947682446614e-16,0.5906938902309286,3.896559845095909e-18,7.987947682446614e-16,5.527213616007471,3.896559845095909e-18,7.987947682446614e-16,4.3818135735073165,3.896559845095909e-18,7.987947682446614e-16,0.03289313507757347,0.38812672601916176,1.0,-0.01907165695929382,0.9151157833041156,1.0,0.6624405291573767,3.896559845095909e-18,7.987947682446614e-16,-0.7130725556187316,2.5075552925101713e-10,3.309972986113426e-08,-1.3272669384941214,2.4899123862461412e-12,2.6891053771458324e-10,1.2026843377123984,3.896559845095909e-18,7.987947682446614e-16,-1.2026843377123986,3.896559845095909e-18,7.987947682446614e-16,0.8763627147014634,3.896559845095909e-18,7.987947682446614e-16,-0.8763627147014634,3.896559845095909e-18,7.987947682446614e-16,,,,,,,-12.624106485843658,3.896559845095909e-18,8.767259651465796e-16
gold_fair_sources_sweep,55f1a65209fe,ProxyOnly,FeasibleRestricted,50,0,20000,20,50,0.1,5.714589745974811,0.9586718950445282,5.57331986117144,100,-0.2005251936178572,2.3010173257578117,0.11064575945929891,100,1.3246405652758406,0.9916147457109528,1.3412510164735298,100,-0.2862137942939296,1.6349160844009032,-0.2100446516615609,100,0.3225704914904915,0.10824480551363692,0.33698129498129503,100,0.2194470870870871,0.07590404407930915,0.22784184184184184,100,0.3357795206608431,0.11185125778136638,0.35295789943934136,100,0.30529682488788534,0.2049120123934263,0.34822025016518754,100,0.29245151180556406,0.2475014870342175,0.3384190070511208,100,0.274185187678522,0.3205921267358012,0.3272593398951633,100,3.402419290534845,2.4942117624742792,3.2581431135065904,100,2.7547454299489833,2.288124443965317,2.590247744971749,100,0.9626921065242431,0.3977268444450861,0.9316946232218937,100,0.1910557790870262,1.6675522334984594,0.11646265995296697,100,0.12092105709414196,0.0733953570176223,0.11743689201792651,100,1.6031382328579589,0.865002308168453,1.5343317385545947,100,2.895705384680731,1.3504281681029513,2.7089890896858866,100,1.126705171812991,1.0081190254981047,1.1913731828425984,100,1.5169339896072394,0.455579744705251,1.4923160982306194,100,0.7339559086093271,0.9958613923846493,0.7718181824589467,100,1.0794662206859011,0.2625892407484479,1.0367736937861514,100,0.0,0.0,0.0,100,0.0,0.0,0.0,100,12.822015380859375,3.072791761134369,13.97406804561615,100,,,,,,,,,,,,,,,,,,,,,,,,,,,,,,,,,,,,,,,,,,,,,,,,,,,,,,,,,,,,,,,,,,,,,,,,
gold_fair_sources_sweep,55f1a65209fe,TargetOnlyDR,infeasible_no_target_treated,50,0,20000,20,50,0.1,,,,0,,,,0,,,,0,,,,0,,,,0,,,,0,,,,0,,,,0,,,,0,,,,0,,,,0,,,,0,,,,0,,,,0,,,,0,,,,0,,,,0,,,,0,,,,0,,,,0,,,,0,,,,0,,,,0,0.0,0.0,0.0,100,,,,,,,,,,,,,,,,,,,,,,,,,,,,,,,,,,,,,,,,,,,,,,,,,,,,,,,,,,,,,,,,,,,,,,-12.822015380859375,3.896559845095909e-18,8.767259651465796e-16
gold_fair_sources_sweep,5b477133acf4,AnchorOnly,OracleTargetTreated,250,200,2000,2,50,0.1,4.751791039423545,0.7774504752385553,4.5765493755114015,100,0.31622140097755996,1.5843845233602003,0.3765554411839842,100,0.3027345867217324,0.22962110538433347,0.23874596104493584,100,0.018240103112173202,0.38074106654140977,0.06364774018430674,100,0.6469707601707603,0.04382856737849595,0.644919614919615,100,0.46456372372372373,0.03644985428724825,0.4631711711711712,100,0.6641001260308651,0.042915401070737054,0.6627875038953386,100,0.6552278736773993,0.07493015809689416,0.6703666909834383,100,0.6565711429612802,0.09001695699193397,0.6793331706533741,100,0.6533697344534438,0.11135627612150156,0.6766955114105325,100,6.997573068279031,1.8390681154714443,7.007576382009518,100,5.692419359858703,1.7873947783706499,5.67400888216965,100,1.6913129267417446,0.32312684706664685,1.6870173809491922,100,-0.21686315091748157,1.3506458882983505,-0.2919296172939874,100,0.4245513054804799,0.060031137216839205,0.4192081790061185,100,1.4448891523023897,0.40565928112932376,1.4396854376702606,100,3.4333755451768093,0.9811647553267817,3.3962724957464605,100,1.6672557830148842,1.032587449791331,1.560070578459438,100,0.8177015035816091,0.16895352973928793,0.809293062414121,100,1.042597837745491,0.9998126012355596,1.11815507164153,100,0.5699606951614743,0.1434750344908397,0.5544064165573217,100,0.002137265515700283,0.0021928719690831344,0.0010018554193284585,100,23.52,0.9690149116447585,24.0,100,8.005668835639954,1.5659880081644546,8.29785680770874,100,-0.6674513637620477,3.896559845095909e-18,7.987947682446614e-16,0.1858789641543512,0.451454035881917,1.0,-0.8973874049538356,3.725407650063557e-13,5.774381857598514e-11,0.18587896415435126,0.451454035881917,1.0,0.16107577323577327,8.267798584515514e-18,7.987947682446614e-16,0.12661961961961962,7.333806979251821e-18,7.987497077178259e-16,0.16231402050589164,9.044445868078014e-18,7.987947682446614e-16,0.152303120412871,3.861843481183515e-17,1.4675005228497358e-15,0.15357934145218172,2.964263914228315e-17,1.0671350091221934e-15,0.15635294258481738,4.342298919012428e-17,1.259266686513604e-15,1.593603707881448,5.649430306955948e-17,2.2032778197128197e-15,1.2871233483755402,6.348428415673146e-17,2.1584656613288695e-15,0.23223331982693096,6.346017787835603e-06,0.0002601867293012597,-0.4490159559774915,0.12771420216827659,1.0,0.16775640262975075,2.8782421504419467e-17,7.987947682446614e-16,-0.12912675648919872,0.947912712213223,1.0,0.2318517653320477,0.08189548258825208,1.0,0.5215740900054945,4.670683307897806e-18,7.987947682446614e-16,-0.5215740900054945,4.670683307897806e-18,7.987947682446614e-16,0.25742466967510796,6.348428415673146e-17,2.1584656613288695e-15,-0.25742466967510796,6.348428415673146e-17,2.1584656613288695e-15,0.002137265515700283,3.896559845095909e-18,1.7534519302931591e-16,23.52,1.043850237746375e-18,2.8196024561600575e-17,4.424452300071716,4.9610417082651575e-18,8.767259651465796e-16
gold_fair_sources_sweep,5b477133acf4,AnchorPlugin,FeasibleRestricted,250,200,2000,2,50,0.1,4.259220828926797,1.2508703917047683,3.92730980216076,100,0.07714088760527422,1.2411811373935386,0.05103924472833177,100,0.925829247102719,0.9293094164966715,0.7452517477147895,100,-0.22084041026011245,1.296214044107624,-0.1747866422828569,100,0.700908894948895,0.12083311081568504,0.7184733044733045,100,0.5173465465465465,0.10567894757140057,0.5254674674674675,100,0.7161259142904055,0.1195583035280785,0.7352169021648294,100,0.7188614615904916,0.11407425512541616,0.7380443471342094,100,0.7217040084879358,0.11628228719232858,0.7434743943044257,100,0.7242859642041796,0.1203492872476969,0.7498370135696412,100,7.574995502343963,1.8254256258408612,7.469270202955169,100,6.13606423435168,1.6750239294228955,5.997249877455303,100,1.0110797364532484,0.1788766434613381,1.014882094262801,100,0.25029425775334235,1.3317627680520465,0.2713707834688765,100,0.5260985766915348,0.15693297633682532,0.5392864222391264,100,1.1098945119063393,0.8657055113023577,0.9329807805613555,100,2.182516559583131,1.3822603487989102,1.9274704663935949,100,1.7560490302904186,0.8990831546481558,1.7275654183583373,100,0.7289082563060745,0.436370569833977,0.6101238319033505,100,1.131326812644086,1.0190740070508044,1.1947345720129512,100,0.4812317202628791,0.2569450951527526,0.41680833875806245,100,0.007002294020060393,0.005655540719997584,0.005895173646169213,100,48.89,1.3918594495396177,49.0,100,3.8919163227081297,1.057451571487527,4.114328384399414,100,-1.160021574258795,6.702409068617996e-18,7.987947682446614e-16,-0.05320154921793449,0.2943212430119939,1.0,-0.27429274457284913,0.000535394517386367,0.05407484625602306,-0.05320154921793448,0.2943212430119939,1.0,0.21501390801390804,3.896559845095909e-18,7.987947682446614e-16,0.1794024424424424,3.896559845095909e-18,7.987497077178259e-16,0.21433980876543196,3.896559845095909e-18,7.987947682446614e-16,0.2159367083259632,4.139373908714419e-18,7.987947682446614e-16,0.2187122069788373,3.896559845095909e-18,7.987947682446614e-16,0.22726917233555316,3.896559845095909e-18,7.987947682446614e-16,2.171026141946381,4.139373908714419e-18,7.987947682446614e-16,1.7307682228685157,3.896559845095909e-18,7.987947682446614e-16,-0.44799987046156503,3.5716108787188483e-16,4.5359458159729375e-14,0.01814145269333234,0.4639469189039841,1.0,0.26930367384080556,3.896559845095909e-18,7.987947682446614e-16,-0.4641213968852491,2.737619693021244e-11,4.051677145671441e-09,-1.01900722026163,5.6223836477769627e-11,5.453712138343654e-09,0.6103673372810291,3.896559845095909e-18,7.987947682446614e-16,-0.6103673372810291,3.896559845095909e-18,7.987947682446614e-16,0.3461536445737032,3.896559845095909e-18,7.987947682446614e-16,-0.3461536445737032,3.896559845095909e-18,7.987947682446614e-16,0.007002294020060393,3.896559845095909e-18,1.7534519302931591e-16,48.89,1.2808480656976266e-18,3.330204970813829e-17,0.3106997871398926,0.0016743796804899428,0.016743796804899427
gold_fair_sources_sweep,5b477133acf4,EntropyBalancing,FeasibleRestricted,250,200,2000,2,50,0.1,4.035455190935159,1.9427399467742101,3.5955929864221794,100,0.09056132454386673,1.3491095247691791,0.05508690747885439,100,1.1261470483180827,0.9707448249242189,0.8971931303540128,100,-0.20741997332151996,1.4764502163918858,-0.23136103969088911,100,0.7531294884094885,0.18981530889101517,0.7952466452466453,100,0.5843241641641642,0.17825876988745287,0.6012612612612613,100,0.7654367298846317,0.18650535238361327,0.8092571624040883,100,0.7723551120248038,0.17400132389497597,0.818013298548038,100,0.7763366820911465,0.17220227797099322,0.8224849376033248,100,0.7741319931312469,0.17520077371211754,0.8197382341300007,100,8.060225449426309,2.112450304509489,8.188350471806226,100,6.52328225402161,1.8439744661833384,6.595303695568414,100,0.8009772171098429,0.20802694337667968,0.8307767978401778,100,0.23816427751410627,1.3721895109863735,0.29651295377591813,100,0.6211511266081523,0.24089712301473082,0.6574735790653059,100,1.598880045498938,1.1976646421105075,1.2962171347646532,100,3.4969221548484155,2.729214670850614,2.445686732454835,100,1.8532315833264412,0.9542757034436278,1.8069388341142578,100,0.6317257032700516,0.5613936547614629,0.46246850149723284,100,1.2087704165780726,1.041668496624978,1.2452211958601251,100,0.4037881163288927,0.3662066892771287,0.2943576412743212,100,,,,0,,,,0,0.8639207339286804,0.7635608580389456,0.7290560007095337,100,-1.3837872122504344,2.551792303883156e-12,2.8069715342714715e-11,-0.03978111227934202,0.5565634724328369,1.0,-0.07397494335748551,0.7491470801654898,1.0,-0.03978111227934203,0.5565634724328369,1.0,0.26723450147450145,3.433907108732613e-17,7.987947682446614e-16,0.24638006006006008,2.8782421504419467e-17,7.987497077178259e-16,0.2636506243596585,3.0528209793531665e-17,7.987947682446614e-16,0.2694303587602752,7.132581379887996e-17,2.139774413966399e-15,0.27334488058204787,4.8816168731894246e-17,1.4156688932249332e-15,0.27711520126262046,3.433907108732613e-17,1.1331893458817622e-15,2.656256089028726,2.262528715891485e-16,6.10882753290701e-15,2.1179862425384477,1.5137158701684123e-16,3.632918088404189e-15,-0.6581023898049706,1.1485179010089616e-17,2.216639548947296e-15,0.006011472454096311,0.5775215365287132,1.0,0.3643562237574231,1.6412062569258175e-17,7.987947682446614e-16,0.0248641367073493,0.6799004477897137,1.0,0.2953983750036538,0.9753134632163343,1.0,0.7075498903170521,1.273307953842098e-16,2.1646235215315666e-15,-0.7075498903170518,1.273307953842098e-16,2.1646235215315666e-15,0.4235972485076895,1.5137158701684123e-16,3.632918088404189e-15,-0.4235972485076895,1.5137158701684123e-16,3.632918088404189e-15,,,,,,,-2.717295801639557,4.2663227307182344e-18,8.767259651465796e-16
gold_fair_sources_sweep,5b477133acf4,Glmtrans_Auto,OracleTargetTreated,250,200,2000,2,50,0.1,0.6198601247482408,0.12250529355390902,0.5963725477165699,100,0.29107546436226567,1.5577886520382667,0.3341613519666916,100,0.04627763299380882,0.0342441734698916,0.0372015522858459,100,-0.00690583350312105,0.057338843653510475,-0.005964196292513768,100,0.9941499895899897,0.00316918649653873,0.9947565047565048,100,0.93848,0.014335133393182178,0.9394974974974977,100,0.9948085917803318,0.0029211851518714323,0.9952899371870957,100,0.9946812682945957,0.003589880926286253,0.9958571388932924,100,0.9948351903904592,0.003391098146668504,0.9958472501389025,100,0.9945709966441982,0.004152571939430227,0.9956839779937201,100,10.568797991473732,2.3469364945163305,10.409316405013426,100,8.501409402984429,2.114382596348533,8.573525887196194,100,1.0386275774652869,0.015746514986795936,1.0397620294229113,100,-0.004589914493836596,0.08622125399855914,0.003683276603655034,100,0.9896008753999712,0.00597252645780534,0.9906881469012041,100,0.18497327331333455,0.06789457459039444,0.18666945611613395,100,0.4414741003671563,0.16098522737349763,0.4279005913999683,100,2.4736949562689996,1.075290362888023,2.3991994357541078,100,0.011262330327492924,0.00532994188109102,0.010256493673613809,100,1.6043958463706367,1.0480775811420615,1.6189110580599537,100,0.008162686536329017,0.004214303529776969,0.007080784812004692,100,,,,0,,,,0,10.424410226345062,2.6556710514053687,9.441393971443176,100,-4.799382278437352,3.896559845095909e-18,7.987947682446614e-16,0.16073302753905697,0.5822288568473547,1.0,-1.1538443586817595,6.906672275406012e-18,1.2915477155009242e-15,0.16073302753905694,0.5822288568473547,1.0,0.5082550026550027,3.896559845095909e-18,7.987947682446614e-16,0.600535895895896,3.896559845095909e-18,7.987497077178259e-16,0.4930224862553584,3.896559845095909e-18,7.987947682446614e-16,0.49175651503006684,3.896559845095909e-18,7.987947682446614e-16,0.49184338888136075,3.896559845095909e-18,7.987947682446614e-16,0.49755420477557183,3.896559845095909e-18,7.987947682446614e-16,5.164828631076151,3.896559845095909e-18,7.987947682446614e-16,4.096113391501267,3.896559845095909e-18,7.987947682446614e-16,-0.4204520294495266,1.4934266550748764e-14,1.32914972301664e-12,-0.23674271955384657,0.5047497647349051,1.0,0.7328059725492421,3.896559845095909e-18,7.987947682446614e-16,-1.389042635478254,3.896559845095909e-18,7.987947682446614e-16,-2.760049679477605,3.896559845095909e-18,7.987947682446614e-16,1.3280132632596104,3.896559845095909e-18,7.987947682446614e-16,-1.3280132632596104,3.896559845095909e-18,7.987947682446614e-16,0.8192226783002533,3.896559845095909e-18,7.987947682446614e-16,-0.8192226783002533,3.896559845095909e-18,7.987947682446614e-16,,,,,,,6.843193690776825,3.896559845095909e-18,8.767259651465796e-16
gold_fair_sources_sweep,5b477133acf4,Glmtrans_DR_CrossFit,OracleTargetTreated,250,200,2000,2,50,0.1,0.5968857439819498,0.12150377024520755,0.5828432730431591,100,0.2883263625626662,1.5683149424130838,0.349043467972896,100,0.055857463739707375,0.03668877962322725,0.050337726118153736,100,-0.009654935302720545,0.06635871575032665,-0.01590936442985691,100,0.9938763667563668,0.003167059929756638,0.9945351045351045,100,0.9367609609609611,0.014271532758413415,0.9383143143143143,100,0.9945545037857082,0.002919047203024849,0.9951828512954828,100,0.9941676739381782,0.004255189808373931,0.9951842617527586,100,0.9946085423567712,0.003617349048593307,0.9956713645596491,100,0.9943236827708867,0.003856682463949423,0.9952763928579639,100,10.564118544305154,2.349105955293743,10.405550210225183,100,8.499459632895334,2.113649300342784,8.558466856280695,100,1.0022947495097758,0.01545060735917197,1.0031243018887068,100,0.008145322636754675,0.0767146621566912,0.013690721701891572,100,0.9890717297582783,0.005986227152439031,0.9903716752545914,100,0.09220984223874491,0.036828554529230506,0.08732448811192746,100,0.21221932918158268,0.09365511820604325,0.19456514979360318,100,2.472926782001873,1.0750524984151484,2.402159325089422,100,0.01203050459461954,0.005721544139108311,0.010439656247190121,100,1.604005892352817,1.0484546305264408,1.6190053095757015,100,0.008552640554148202,0.004528361794956412,0.007616575138102075,100,,,,0,,,,0,11.281385197639466,1.8663827888589788,10.799139261245728,100,-4.822356659203644,3.896559845095909e-18,7.987947682446614e-16,0.15798392573945752,0.603630307822939,1.0,-1.1442645279358608,6.311606041551026e-18,1.192893541853144e-15,0.15798392573945752,0.603630307822939,1.0,0.5079813798213799,3.896559845095909e-18,7.987947682446614e-16,0.5988168568568568,3.896559845095909e-18,7.987497077178259e-16,0.4927683982607348,3.896559845095909e-18,7.987947682446614e-16,0.4912429206736499,3.896559845095909e-18,7.987947682446614e-16,0.49161674084767265,3.896559845095909e-18,7.987947682446614e-16,0.49730689090226027,3.896559845095909e-18,7.987947682446614e-16,5.160149183907571,3.896559845095909e-18,7.987947682446614e-16,4.09416362141217,3.896559845095909e-18,7.987947682446614e-16,-0.45678485740503766,2.0366656656333666e-15,2.2810655455093705e-13,-0.2240074824232553,0.5473692910808176,1.0,0.7322768269075491,3.896559845095909e-18,7.987947682446614e-16,-1.4818060665528434,3.896559845095909e-18,7.987947682446614e-16,-2.9893044506631785,3.896559845095909e-18,7.987947682446614e-16,1.327245088992484,3.896559845095909e-18,7.987947682446614e-16,-1.327245088992484,3.896559845095909e-18,7.987947682446614e-16,0.8188327242824341,3.896559845095909e-18,7.987947682446614e-16,-0.8188327242824341,3.896559845095909e-18,7.987947682446614e-16,,,,,,,7.700168662071228,3.896559845095909e-18,8.767259651465796e-16
gold_fair_sources_sweep,5b477133acf4,Glmtrans_OptionB,FeasibleRestricted,250,200,2000,2,50,0.1,3.7834047766234926,1.8875972957777059,3.4099392748236097,100,0.1092624761093788,1.3331748751135764,0.10015079836827505,100,1.1285129298630918,0.8836180414053261,0.9276673152187825,100,-0.18871882175600793,1.4252058769759852,-0.2034163269918658,100,0.7758112615312615,0.18984365869033087,0.8255206775206776,100,0.6105460660660661,0.1833671357743078,0.632064064064064,100,0.7871864798279088,0.18609610615824715,0.8376166167547954,100,0.7914599179160379,0.17554729196400298,0.8393359087901899,100,0.7959996550653586,0.17557800554009373,0.8436049924306721,100,0.7952427523934813,0.1769732009612535,0.8507251833734399,100,8.273148858987206,2.2054626710987684,8.18229667658581,100,6.70300761720492,1.9439657483184003,6.7909918102100715,100,0.8399464875512852,0.2107774629922137,0.8903613362471716,100,0.22038720273972065,1.3709936379702288,0.27367109288671365,100,0.6541817288206098,0.2463644490599509,0.700004550602283,100,1.5055893566622884,1.0622228668972875,1.2485456778531239,100,3.152954854474262,2.3923592377564424,2.2675082567635823,100,1.9079044616508027,1.003926327597529,1.8653198926520633,100,0.5770528249456903,0.5388579908967144,0.3812614419262821,100,1.2447154892147345,1.0624188745220011,1.272058659173699,100,0.3678430436922309,0.36313967951166504,0.2463793996238572,100,,,,0,,,,0,10.458417947292327,2.6957680335418246,9.719397902488708,100,-1.635837626562101,4.816144054657832e-14,9.632288109315664e-13,-0.02107996071382992,0.6060299176865905,1.0,-0.07160906181247624,0.7103849915044168,1.0,-0.021079960713829938,0.6060299176865905,1.0,0.2899162745962746,1.8478899002670448e-17,7.987947682446614e-16,0.27260196196196196,1.690631665125153e-17,7.987497077178259e-16,0.2854003743029355,1.7939298766693858e-17,7.987947682446614e-16,0.2885351646515094,3.536288390303153e-17,1.4145153561212613e-15,0.2930078535562601,2.7135201386354882e-17,1.0582728540678404e-15,0.2982259605248548,1.5465938818405608e-17,7.987947682446614e-16,2.869179498589621,6.928021197254875e-17,2.563367842984304e-15,2.297711605721757,5.486894326681338e-17,1.920413014338468e-15,-0.6191331193635281,1.6412062569258175e-17,3.0526436378820205e-15,-0.011765602320289323,0.5588737261094053,1.0,0.39738682596988073,1.2938800168252932e-17,7.987947682446614e-16,-0.06842655212929995,0.27422378711525397,1.0,-0.04856892537049985,0.31704318981210255,1.0,0.7622227686414134,7.782675474469018e-17,1.5565350948938035e-15,-0.7622227686414134,7.782675474469018e-17,1.5565350948938035e-15,0.45954232114435134,5.486894326681338e-17,1.920413014338468e-15,-0.45954232114435134,5.486894326681338e-17,1.920413014338468e-15,,,,,,,6.877201411724091,3.896559845095909e-18,8.767259651465796e-16
gold_fair_sources_sweep,5b477133acf4,IPWTransport,FeasibleRestricted,250,200,2000,2,50,0.1,4.025671787964698,1.937415434422695,3.579944545665512,100,0.0961986061707623,1.345057030200705,0.036866345516543025,100,1.1218628144471372,0.9677403141088711,0.8980310140705634,100,-0.2017826916946244,1.4719656418118223,-0.21631226517981866,100,0.7538168972168973,0.18975442102880502,0.7994591414591415,100,0.5851213213213213,0.17844593142931076,0.6059179179179179,100,0.7660654316974864,0.1864712350702425,0.8129943057916686,100,0.7751307959588629,0.17224531223085715,0.8162030257692902,100,0.7768548928824598,0.17230495472746984,0.8249387671386507,100,0.7738759186620235,0.17594497141700421,0.82005838315462,100,8.087322209546176,2.086369261258685,8.161438554684306,100,6.525910344160022,1.8370433937751156,6.655984285099437,100,0.8023269121095252,0.20760734744874385,0.8388053636979786,100,0.23400643400288515,1.3693962772395616,0.3003709544184827,100,0.6220938530654183,0.24089897794995774,0.6631409976344034,100,1.5973669182153714,1.1863050460550677,1.2774049091604578,100,3.4283881111882413,2.6792707919578387,2.4941496604520257,100,1.8534012832947537,0.9572512247687708,1.7924533345639921,100,0.6315560033017392,0.5618153522157127,0.44745393999763583,100,1.2092960346057549,1.0440101900893328,1.2586460593713846,100,0.4032624983012105,0.36638577782481085,0.29344592415656057,100,,,,0,,,,0,0.2856833362579346,0.16084141626079604,0.2784404754638672,100,-1.3935706152208953,2.201923197492152e-12,2.6423078369905826e-11,-0.0341438306524464,0.5704943464345489,1.0,-0.07825917722843118,0.7206533187202941,1.0,-0.03414383065244645,0.5704943464345489,1.0,0.26792191028191026,2.964263914228315e-17,7.987947682446614e-16,0.24717721721721722,2.5581057720235416e-17,7.987497077178259e-16,0.26427932617251315,2.7135201386354882e-17,7.987947682446614e-16,0.27220604269433457,6.729249235397462e-17,2.0860672629732133e-15,0.27386309137336134,4.6041751652443625e-17,1.3812525495733087e-15,0.276859126793397,3.433907108732613e-17,1.1331893458817622e-15,2.6833528491485934,1.6501804744705308e-16,4.950541423411592e-15,2.1206143326768587,1.2018657535267367e-16,3.152632736252765e-15,-0.6567526948052881,1.1832715745334615e-17,2.271881423104246e-15,0.0018536289428751562,0.5728322123507377,1.0,0.36529895021468894,1.5013268321137124e-17,7.987947682446614e-16,0.023351009423782713,0.6698511676891292,1.0,0.22686433134348077,0.8554012757415651,1.0,0.7077195902853645,1.1676417541676908e-16,2.1017551575018433e-15,-0.7077195902853645,1.1676417541676908e-16,2.1017551575018433e-15,0.4241228665353718,1.2018657535267367e-16,3.152632736252765e-15,-0.4241228665353718,1.2018657535267367e-16,3.152632736252765e-15,,,,,,,-3.2955331993103028,3.896559845095909e-18,8.767259651465796e-16
gold_fair_sources_sweep,5b477133acf4,OutcomeModelTransport,FeasibleRestricted,250,200,2000,2,50,0.1,3.8587035159299528,1.9330468680335438,3.4351500752730573,100,0.08553576893232438,1.3214837878488366,0.19435076181880917,100,1.1197002245821088,0.9736016967883973,0.932559360653941,100,-0.21244552893306237,1.4726519580026436,-0.19698098017192917,100,0.7683905601905603,0.1923464719439757,0.8191309591309592,100,0.6027634834834835,0.18438171180784008,0.6262762762762764,100,0.7800131451891343,0.1888207873107041,0.8318213619683535,100,0.7854042643114357,0.17530289756921497,0.8319053583639844,100,0.7891307714045328,0.17541074576424562,0.8443050384372892,100,0.7897888364222792,0.17617134378486027,0.8445491829769441,100,8.18477030748244,2.0813251743445917,8.209280804935789,100,6.621644131188785,1.8315142350903557,6.7807845823238875,100,0.8339008371163606,0.21450648537154274,0.8781655949682245,100,0.23884736433045023,1.3872248369619096,0.2477874114141605,100,0.6444039258372262,0.24758917010485607,0.6928524009009169,100,1.5260897996990466,1.121516667779369,1.263467230927111,100,3.198130854129205,2.5457535321298037,2.2857857505619497,100,1.8832499119727506,0.9616389402403687,1.844759462090471,100,0.6017073746237424,0.5734233562676203,0.41049173336831846,100,1.2284427920115077,1.0501479128032447,1.2689698296720224,100,0.38411574089545786,0.3714109931747041,0.2800168861608354,100,,,,0,,,,0,0.05222843885421753,0.03457393514478541,0.038544416427612305,100,-1.5605388872556403,1.3342953499027622e-13,2.2683020948346956e-12,-0.0448066678908843,0.4895006306680896,1.0,-0.08042176709345929,0.8689128190274791,1.0,-0.044806667890884305,0.4895006306680896,1.0,0.2824955732555733,2.483725635893387e-17,7.987947682446614e-16,0.2648193793793794,2.1426597410614454e-17,7.987497077178259e-16,0.2782270396641613,2.3413085997284582e-17,7.987947682446614e-16,0.2824795110469074,4.6041751652443625e-17,1.611461307835527e-15,0.2861389698954344,3.2378376991430734e-17,1.1332431947000757e-15,0.2927720445536525,1.903450784800175e-17,7.987947682446614e-16,2.7808009470848565,8.012096741807243e-17,2.884354827050607e-15,2.2163481197056227,8.012096741807243e-17,2.4036290225421727e-15,-0.6251787697984528,1.5932071996658114e-17,2.9792974633750674e-15,0.006694559270440239,0.5269610710548687,1.0,0.3876090229864968,1.5013268321137124e-17,7.987947682446614e-16,-0.04792610909254203,0.5091522042708133,1.0,-0.003392925715555899,0.3305304748161958,1.0,0.7375682189633612,8.74112997534717e-17,1.6608146953159623e-15,-0.7375682189633612,8.74112997534717e-17,1.6608146953159623e-15,0.4432696239411244,8.012096741807243e-17,2.4036290225421727e-15,-0.44326962394112435,8.012096741807243e-17,2.4036290225421727e-15,,,,,,,-3.52898809671402,3.896559845095909e-18,8.767259651465796e-16
gold_fair_sources_sweep,5b477133acf4,ProxyOnly,FeasibleRestricted,250,200,2000,2,50,0.1,5.419242403185595,1.1609595820917586,5.22841268878475,100,0.13034243682320873,1.9225911991250628,0.2264838355777019,100,1.200121991675568,1.1964085778953693,0.9582563871567937,100,-0.16763886104217804,1.6905170918865096,-0.0684649145784687,100,0.48589498693498706,0.09757230812670599,0.490978186978187,100,0.3379441041041041,0.07245343015617532,0.3385125125125126,100,0.5017861055249733,0.0985996875522829,0.5066870875424409,100,0.5029247532645285,0.11241170352567142,0.5194328354135186,100,0.5029918015090985,0.13794523520707547,0.5224652869785079,100,0.4970167918686264,0.16849039635295252,0.5250025663685611,100,5.403969360397583,1.7468897094988662,5.493684019496617,100,4.4052960114831645,1.710372983739207,4.5156192867327,100,1.4590796069148133,0.376772495418652,1.4407903293839555,100,0.23215280506001,2.6243704217567334,0.26595768053423485,100,0.25679490285072915,0.09184629628501573,0.24906861635258332,100,1.5740159087915884,1.0529750957664128,1.4125304718383531,100,3.2015237798447607,1.4651501017475832,3.061353468757602,100,1.1456816930093894,0.8941039811655696,1.2446355080834928,100,1.3392755935871035,0.5992615166862629,1.2068463560690672,100,0.7851731680703832,1.0131403424232712,0.8243518010323416,100,0.8273853648365822,0.24142621646618712,0.781834524692502,100,0.0,0.0,0.0,100,0.0,0.0,0.0,100,3.5812165355682373,0.9822068275317383,3.6360679864883423,100,,,,,,,,,,,,,,,,,,,,,,,,,,,,,,,,,,,,,,,,,,,,,,,,,,,,,,,,,,,,,,,,,,,,,,,,
gold_fair_sources_sweep,5b477133acf4,TargetOnlyDR,OracleTargetTreated,250,200,2000,2,50,0.1,4.698667822139816,0.7499623008730075,4.62264484980156,100,0.31391320755451374,1.576555462570243,0.370380645369878,100,0.3101989960703122,0.23898226942368975,0.2672434627854382,100,0.015931909689127003,0.3924939570590532,0.05017532015170767,100,0.6601420099420099,0.04729417102324871,0.6614973674973675,100,0.47540076076076077,0.03974348659984326,0.4762322322322323,100,0.6766416707090959,0.04639295939160753,0.6788714675988528,100,0.6703233604914607,0.07532163470257419,0.6869325693683936,100,0.6706225234466925,0.08805544108295162,0.6911074025394717,100,0.672063589226961,0.10685712927622418,0.699845083921103,100,7.180393312959488,1.994277343079337,7.038354444549743,100,5.818004386251491,1.8657209806664887,5.867108683400138,100,1.7271139095971384,0.34015637425900447,1.7033632126318703,100,-0.23183380546579938,1.422609584258608,-0.31387209922182424,100,0.44793199501552666,0.06273890043270132,0.4500151819276727,100,1.4509109816880275,0.3969621314125395,1.4577781380285368,100,3.4622223946061403,1.018432270246237,3.520922882461644,100,1.6983895142642447,1.0318435552694567,1.6693491751796627,100,0.7865677723322478,0.17509112331063445,0.7598017915278016,100,1.0677148430240484,1.0179482237738324,1.1290907049252308,100,0.5448436898829168,0.1339935725772205,0.5196814044280147,100,0.0,0.0,0.0,100,0.0,0.0,0.0,100,9.741353907585143,2.0658575416568783,9.000379920005798,100,-0.7205745810457767,3.896559845095909e-18,7.987947682446614e-16,0.18357077073130504,0.4270481369484205,1.0,-0.8899229956052561,3.9197457473169017e-13,6.036408450868028e-11,0.183570770731305,0.4270481369484205,1.0,0.174247023007023,4.813701823147399e-18,7.987947682446614e-16,0.13745665665665668,4.670683307897806e-18,7.987497077178259e-16,0.1748555651841225,4.9610417082651575e-18,7.987947682446614e-16,0.16739860722693223,3.861843481183515e-17,1.4675005228497358e-15,0.16763072193759396,4.095126545597987e-17,1.2694892291353759e-15,0.17504679735833456,6.12472726248735e-18,7.987947682446614e-16,1.7764239525619048,5.486894326681338e-17,2.1947577306725353e-15,1.4127083747683273,6.928021197254875e-17,2.21696678312156e-15,0.2680343026823251,2.644424255489033e-07,1.3222121277445165e-05,-0.4639866105258094,0.156602882017336,1.0,0.1911370921647975,1.0192962404545369e-17,7.987947682446614e-16,-0.12310492710356141,0.8446222853530765,1.0,0.26069861476137957,0.0224275589899635,0.986812595558394,0.5527078212548556,5.430296382634715e-18,7.987947682446614e-16,-0.5527078212548556,5.430296382634715e-18,7.987947682446614e-16,0.2825416749536655,6.928021197254875e-17,2.21696678312156e-15,-0.2825416749536655,6.928021197254875e-17,2.21696678312156e-15,0.0,,,0.0,,,6.160137372016907,3.896559845095909e-18,8.767259651465796e-16
gold_fair_sources_sweep,5cc15f5d14f0,AnchorOnly,infeasible_no_target_treated,50,0,10000,10,50,0.1,,,,0,,,,0,,,,0,,,,0,,,,0,,,,0,,,,0,,,,0,,,,0,,,,0,,,,0,,,,0,,,,0,,,,0,,,,0,,,,0,,,,0,,,,0,,,,0,,,,0,,,,0,,,,0,,,,0,0.0,0.0,0.0,100,,,,,,,,,,,,,,,,,,,,,,,,,,,,,,,,,,,,,,,,,,,,,,,,,,,,,,,,,,,,,,,,,,,,,,-8.38558055639267,3.896559845095909e-18,8.767259651465796e-16
gold_fair_sources_sweep,5cc15f5d14f0,AnchorPlugin,FeasibleRestricted,50,0,10000,10,50,0.1,4.319007081437773,0.9619867866093739,4.092914361853065,100,-0.2388244917814327,1.1871674332541837,-0.24977881677067684,100,0.885835988646761,0.7389038885199312,0.7306913577290405,100,0.15598195397258915,1.1463134567530757,0.06784649138883803,100,0.6683253013653012,0.11297065402642807,0.6940939480939481,100,0.48650106106106117,0.09527713729604265,0.5042522522522523,100,0.6831969551181517,0.1124137198255171,0.7105903586295691,100,0.6573231240213333,0.14520847770761555,0.6981171950459482,100,0.6470354616340583,0.1530509569234994,0.6735270023153873,100,0.639395770065299,0.17265779975203518,0.6862369388205496,100,6.3535732170960895,1.9700458816997015,6.73290902957888,100,4.990446296265158,1.7830559866267897,5.18111456346166,100,1.0802471797833275,0.1967481197493564,1.0841870529737885,100,-0.13905067255247924,1.1940204699355534,0.012567167823562287,100,0.4771246430634092,0.1428764530293898,0.5034338159091394,100,1.0952438058695722,0.638160093665284,0.9520351000552656,100,2.134244830165341,1.0639318775810516,1.8168346179933594,100,1.58539731760569,0.9588805452302638,1.4891104718287727,100,0.7506650611067692,0.34691860902585003,0.6514983247849065,100,1.1629399116207635,0.9412615456293257,1.1823022105012873,100,0.5203160632591258,0.22588705053881053,0.44749780378038495,100,0.1031480398559101,0.11154798611370755,0.07560626331155931,100,31.57,10.12473219498679,33.5,100,8.868353538513183,0.8584954783690866,8.750728130340576,100,-1.3178334028583143,4.139373908714419e-18,7.987947682446614e-16,0.25811272661591383,0.0439194922345891,1.0,-0.4405710901625386,1.010991662904815e-05,0.001213189995485778,0.2581127266159138,0.0439194922345891,1.0,0.337429948909949,3.896559845095909e-18,7.987947682446614e-16,0.2609937937937938,3.896559845095909e-18,7.987497077178259e-16,0.34046594345581666,3.896559845095909e-18,7.987947682446614e-16,0.36710067927959783,3.896559845095909e-18,7.987947682446614e-16,0.3723742767177919,3.896559845095909e-18,7.987947682446614e-16,0.38884467535762224,3.896559845095909e-18,7.987947682446614e-16,3.419124394211396,3.896559845095909e-18,7.987947682446614e-16,2.6929534423847157,3.896559845095909e-18,7.987947682446614e-16,0.10167117339647318,0.0040917391418793594,0.10229347854698398,-0.17482991301602424,0.20823741115716032,1.0,0.3512768315708189,3.896559845095909e-18,7.987947682446614e-16,-0.41913465032034536,1.2815360586603802e-05,0.0010636749286881157,-0.7417619943672519,3.177281735310636e-05,0.0024147341188360833,0.7760173651790416,3.896559845095909e-18,7.987947682446614e-16,-0.7760173651790414,3.896559845095909e-18,7.987947682446614e-16,0.5385906884769431,3.896559845095909e-18,7.987947682446614e-16,-0.5385906884769431,3.896559845095909e-18,7.987947682446614e-16,0.1031480398559101,3.896559845095909e-18,1.7534519302931591e-16,31.57,5.598998524051428e-18,4.5255026333886757e-17,0.4827729821205139,2.388992454991287e-06,5.4946826464799604e-05
gold_fair_sources_sweep,5cc15f5d14f0,EntropyBalancing,FeasibleRestricted,50,0,10000,10,50,0.1,3.3137008686794576,1.2387102995157724,3.187802949272786,100,-0.3206672325173971,1.3732079516068276,-0.20385131994348624,100,0.8740876176851465,0.6399660785123673,0.7409646106674419,100,0.0741392132366248,1.084320555440451,0.15071151484234602,100,0.8193313436113435,0.11463667775193313,0.842789264789265,100,0.6428794394394396,0.12571599632412075,0.6527987987987989,100,0.8305016545153465,0.11029616999831765,0.8541802678699404,100,0.8123380425896766,0.13427248828785426,0.854039467572032,100,0.8060472741649352,0.14442545655324607,0.8553088670788662,100,0.8005724176354998,0.1556430744339408,0.8487540110213236,100,7.815503735126287,1.996332128651463,7.8887608066269745,100,6.166182959825956,1.8626382694760633,6.323278064860949,100,0.9052068015706949,0.12808621618793262,0.915730025619877,100,-0.10529969694854582,1.0696408278013085,-0.1498167920927011,100,0.7008013899743253,0.1728373785977262,0.7277500372770731,100,1.0700915383023857,0.6303182785523379,0.9467427908763744,100,2.1428327631904254,1.3028916367204604,1.8717000978091227,100,1.9162059234676994,0.9338589698370203,1.78797813546628,100,0.41985645524475984,0.3079481037838631,0.33813818066305124,100,1.398087244332923,0.926786372632898,1.369448461140327,100,0.28516873054696595,0.20821538865202088,0.23477235842447985,100,,,,0,,,,0,1.7666683530807494,0.5405803288711404,1.8018637895584106,100,-2.323139615616631,5.767203615817138e-18,7.987947682446614e-16,0.1762699858799494,0.26972230853401546,1.0,-0.45231946112415344,0.0014359426628795388,0.12779889699627894,0.1762699858799494,0.26972230853401546,1.0,0.4884359911559912,3.896559845095909e-18,7.987947682446614e-16,0.4173721721721722,3.896340037647931e-18,7.987497077178259e-16,0.4877706428530114,3.896559845095909e-18,7.987947682446614e-16,0.5221155978479409,3.896559845095909e-18,7.987947682446614e-16,0.5313860892486687,3.896559845095909e-18,7.987947682446614e-16,0.550021322927823,3.896559845095909e-18,7.987947682446614e-16,4.881054912241592,3.896559845095909e-18,7.987947682446614e-16,3.8686901059455137,3.896559845095909e-18,7.987947682446614e-16,-0.07336920481615905,0.03003845217390292,0.7209228521736701,-0.1410789374120909,0.44119029984120706,1.0,0.5749535784817353,3.896559845095909e-18,7.987947682446614e-16,-0.44428691788753205,0.000873782048900225,0.0559220511296144,-0.7331740613421678,0.00014915489088450143,0.009844222798377093,1.1068259710410506,3.896559845095909e-18,7.987947682446614e-16,-1.1068259710410506,3.896559845095909e-18,7.987947682446614e-16,0.7737380211891026,3.896559845095909e-18,7.987947682446614e-16,-0.7737380211891026,3.896559845095909e-18,7.987947682446614e-16,,,,,,,-6.61891220331192,3.896559845095909e-18,8.767259651465796e-16
gold_fair_sources_sweep,5cc15f5d14f0,Glmtrans_Auto,infeasible_no_target_treated,50,0,10000,10,50,0.1,,,,0,,,,0,,,,0,,,,0,,,,0,,,,0,,,,0,,,,0,,,,0,,,,0,,,,0,,,,0,,,,0,,,,0,,,,0,,,,0,,,,0,,,,0,,,,0,,,,0,,,,0,,,,0,,,,0,0.0,0.0,0.0,100,,,,,,,,,,,,,,,,,,,,,,,,,,,,,,,,,,,,,,,,,,,,,,,,,,,,,,,,,,,,,,,,,,,,,,-8.38558055639267,3.896559845095909e-18,8.767259651465796e-16
gold_fair_sources_sweep,5cc15f5d14f0,Glmtrans_DR_CrossFit,infeasible_no_target_treated,50,0,10000,10,50,0.1,,,,0,,,,0,,,,0,,,,0,,,,0,,,,0,,,,0,,,,0,,,,0,,,,0,,,,0,,,,0,,,,0,,,,0,,,,0,,,,0,,,,0,,,,0,,,,0,,,,0,,,,0,,,,0,,,,0,0.0,0.0,0.0,100,,,,,,,,,,,,,,,,,,,,,,,,,,,,,,,,,,,,,,,,,,,,,,,,,,,,,,,,,,,,,,,,,,,,,,-8.38558055639267,3.896559845095909e-18,8.767259651465796e-16
gold_fair_sources_sweep,5cc15f5d14f0,Glmtrans_OptionB,FeasibleRestricted,50,0,10000,10,50,0.1,3.091763799485038,1.2997664291219984,3.165193621840733,100,-0.28104397132961334,1.33884815484541,-0.22657669056337876,100,0.8603783684068205,0.6303973475495325,0.7297767162681745,100,0.11376247442440852,1.0639813945526828,0.17853429395850617,100,0.8384140354540355,0.1149039359536003,0.8729414189414189,100,0.6682921321321321,0.13371017958252776,0.6905205205205205,100,0.848537314687122,0.11002374942657446,0.8836742858889637,100,0.8323974596668693,0.13141490727733662,0.8763703738819522,100,0.8264232239868903,0.13986314006662984,0.8693814316138461,100,0.8228138763500695,0.14996733490698794,0.8788458256814488,100,8.003363499075974,2.0044958480843005,8.10106144288572,100,6.306770798772169,1.8518660505985987,6.431175384706076,100,0.9548132729922054,0.11962300072399482,0.9745959286115478,100,-0.12787795596995172,1.0540361095076447,-0.17399912588107988,100,0.7310454149014427,0.17602544920659371,0.7764829983057355,100,0.9791869092296531,0.6073775839066525,0.8789486047176476,100,1.796370239271111,1.0738879283427778,1.520524569967772,100,1.955130470318163,0.9248993968601619,1.846590864415799,100,0.3809319083942962,0.3068605436599376,0.30067073279600653,100,1.4262048121221655,0.9172451076541361,1.3718334686505487,100,0.2570511627577232,0.2075570147654624,0.1966399547886274,100,,,,0,,,,0,11.848544182777404,1.0456484939907045,11.588493466377258,100,-2.545076684811049,3.896559845095909e-18,7.987947682446614e-16,0.21589324706773316,0.18444471851330213,1.0,-0.4660287104024794,0.0010001772223110078,0.09501683611954574,0.21589324706773316,0.18444471851330213,1.0,0.507518682998683,3.896559845095909e-18,7.987947682446614e-16,0.44278486486486485,3.896559845095909e-18,7.987497077178259e-16,0.5058063030247868,3.896559845095909e-18,7.987947682446614e-16,0.5421750149251338,3.896559845095909e-18,7.987947682446614e-16,0.5517620390706238,3.896559845095909e-18,7.987947682446614e-16,0.5722627816423929,3.896559845095909e-18,7.987947682446614e-16,5.068914676191279,3.896559845095909e-18,7.987947682446614e-16,4.009277944891728,3.896559845095909e-18,7.987947682446614e-16,-0.02376273339464901,0.358601729152343,1.0,-0.16365719643349674,0.3187090789328131,1.0,0.6051976034088524,3.896559845095909e-18,7.987947682446614e-16,-0.5351915469602645,4.158663917996002e-05,0.003160584577676962,-1.0796365852614822,1.2126284110596416e-07,1.018607865290099e-05,1.1457505178915144,3.896559845095909e-18,7.987947682446614e-16,-1.1457505178915144,3.896559845095909e-18,7.987947682446614e-16,0.8018555889783456,3.896559845095909e-18,7.987947682446614e-16,-0.8018555889783456,3.896559845095909e-18,7.987947682446614e-16,,,,,,,3.462963626384735,3.896559845095909e-18,8.767259651465796e-16
gold_fair_sources_sweep,5cc15f5d14f0,IPWTransport,FeasibleRestricted,50,0,10000,10,50,0.1,3.136837065630069,1.2891240636777734,3.1729094395837394,100,-0.32119690175814286,1.350146133398768,-0.26138526236386,100,0.8567060593166306,0.6472667851305315,0.7792535939958278,100,0.07360954399587906,1.0746348476963064,0.16219103110317154,100,0.834823291063291,0.11498262454120632,0.8666101886101887,100,0.6633988388388389,0.13227112732358007,0.6812072072072073,100,0.8451706782602717,0.11016263111953949,0.8767912006015142,100,0.8283702181974096,0.1334877809016809,0.870702689907487,100,0.8222326224969936,0.14111515461388713,0.8716870121209948,100,0.8168655371909069,0.15353196758858204,0.8703777120209497,100,7.967475576934344,2.0063931559878805,8.060619698729056,100,6.277507179953802,1.8424189845783914,6.40632846082394,100,0.9402632625917196,0.1227445097972517,0.9577906212748056,100,-0.09484941378145431,1.0644577106620812,-0.16991333789623625,100,0.7254735662082262,0.17573417491294946,0.7684777952133406,100,0.9987243608799513,0.626323610587994,0.877235202129238,100,1.902221406369928,1.1723855814040283,1.6431023661370405,100,1.9436533539385983,0.9307495462494993,1.8152523757920833,100,0.3924090247738609,0.3099238354107639,0.3374760260852395,100,1.4203520883584924,0.9221437887562135,1.3869545037542028,100,0.2629038865213967,0.20644490529538995,0.19479830117871477,100,,,,0,,,,0,0.7768339943885804,0.36892322459693394,0.7138464450836182,100,-2.5000034186660183,4.0161556854627e-18,7.987947682446614e-16,0.17574031663920364,0.2637995846253631,1.0,-0.46970101949266907,0.0008316155520464255,0.08149832410054969,0.17574031663920364,0.2637995846253631,1.0,0.5039279386079386,3.896559845095909e-18,7.987947682446614e-16,0.43789157157157155,3.896559845095909e-18,7.987497077178259e-16,0.5024396665979366,3.896559845095909e-18,7.987947682446614e-16,0.5381477734556742,3.896559845095909e-18,7.987947682446614e-16,0.5475714375807272,3.896559845095909e-18,7.987947682446614e-16,0.5663144424832303,3.896559845095909e-18,7.987947682446614e-16,5.033026754049649,3.896559845095909e-18,7.987947682446614e-16,3.9800143260733614,3.896559845095909e-18,7.987947682446614e-16,-0.038312743795134635,0.17771520952175224,1.0,-0.13062865424499936,0.47238131655432447,1.0,0.5996257547156361,3.896559845095909e-18,7.987947682446614e-16,-0.5156540953099665,6.650450524344509e-05,0.004788324377528046,-0.9737854181626653,1.5874370096346057e-06,0.00012382008675149923,1.1342734015119498,3.896559845095909e-18,7.987947682446614e-16,-1.1342734015119498,3.896559845095909e-18,7.987947682446614e-16,0.7960028652146721,3.896559845095909e-18,7.987947682446614e-16,-0.7960028652146721,3.896559845095909e-18,7.987947682446614e-16,,,,,,,-7.6087465620040895,3.896559845095909e-18,8.767259651465796e-16
gold_fair_sources_sweep,5cc15f5d14f0,OutcomeModelTransport,FeasibleRestricted,50,0,10000,10,50,0.1,3.09448728966382,1.302144174637604,3.1668209008482067,100,-0.2825280509400219,1.3454810880299546,-0.22546963969303496,100,0.8610966697791388,0.6319370503988336,0.7271586947738813,100,0.11227839481399995,1.065639670406591,0.16694091501797095,100,0.8383645697245697,0.11495447858380572,0.8731525711525712,100,0.6682375575575575,0.13377973502856075,0.6905625625625627,100,0.8484903299545286,0.11007332052242866,0.8835761045292323,100,0.8324317590235008,0.1313170872844968,0.8759949882435798,100,0.8261061414718417,0.14039456587082016,0.8703823980773934,100,0.8224537322773162,0.1504555295469209,0.8780303404597993,100,8.003490874967365,2.001881953068444,8.131624406037202,100,6.304066926900123,1.8537489655095698,6.427117101045985,100,0.9493038287323372,0.11923059406821762,0.9690591317845336,100,-0.12776317913481808,1.0545600908183819,-0.16671740882984837,100,0.7309919289572815,0.17608657581861986,0.7768176564383025,100,0.9834329579439465,0.6089902719690836,0.8734226000845924,100,1.8186033523702514,1.0856422973987045,1.535544376109758,100,1.9548286154459609,0.9242413155535847,1.8474675858424607,100,0.38123376326649827,0.30668288472761585,0.3067243345546732,100,1.4256640377477567,0.9183810542394879,1.3736016541779397,100,0.2575919371321325,0.20825214688758634,0.19979177989394503,100,,,,0,,,,0,0.13926707029342653,0.06620797452194122,0.137276291847229,100,-2.5423531946322675,3.896559845095909e-18,7.987947682446614e-16,0.21440916745732466,0.18218090371268514,1.0,-0.46531040903016097,0.0010124697245583302,0.09517215410848304,0.21440916745732466,0.18218090371268514,1.0,0.5074692172692173,3.896559845095909e-18,7.987947682446614e-16,0.4427302902902904,3.896559845095909e-18,7.987497077178259e-16,0.5057593182921933,3.896559845095909e-18,7.987947682446614e-16,0.5422093142817653,3.896559845095909e-18,7.987947682446614e-16,0.5514449565555752,3.896559845095909e-18,7.987947682446614e-16,0.5719026375696393,3.896559845095909e-18,7.987947682446614e-16,5.069042052082672,3.896559845095909e-18,7.987947682446614e-16,4.0065740730196815,3.896559845095909e-18,7.987947682446614e-16,-0.029272177654516965,0.2712171344436851,1.0,-0.16354241959836316,0.31538302187180656,1.0,0.6051441174646912,3.896559845095909e-18,7.987947682446614e-16,-0.5309454982459714,4.751240332349647e-05,0.0035634302492622352,-1.0574034721623418,2.502858663696827e-07,2.052344104231398e-05,1.1454486630193121,3.896559845095909e-18,7.987947682446614e-16,-1.1454486630193121,3.896559845095909e-18,7.987947682446614e-16,0.8013148146039363,3.896559845095909e-18,7.987947682446614e-16,-0.8013148146039363,3.896559845095909e-18,7.987947682446614e-16,,,,,,,-8.246313486099243,3.896559845095909e-18,8.767259651465796e-16
gold_fair_sources_sweep,5cc15f5d14f0,ProxyOnly,FeasibleRestricted,50,0,10000,10,50,0.1,5.636840484296088,0.9023094197650292,5.45201312350834,100,-0.49693721839734656,2.136735765212766,-0.5328456471344105,100,1.3264070788092994,1.0903395127677575,1.0074664942753917,100,-0.10213077264332465,1.7191367620502531,-0.19158846275873687,100,0.33089535245535245,0.11140817197946232,0.34462181062181063,100,0.2255072672672673,0.07751400058780405,0.23436436436436436,100,0.342731011662335,0.11331308978265224,0.3604963169104074,100,0.2902224447417356,0.1743811071291253,0.3122686868406428,100,0.27466118491626657,0.20910978930669794,0.32288982634451413,100,0.25055109470767684,0.2546946682678141,0.29700177570898456,100,2.9344488228846943,1.9607451382031564,2.841066154901654,100,2.2974928538804416,1.804707411852184,2.2744474581610974,100,0.9785760063868542,0.38058792336904457,0.9770250436299672,100,0.035779240463545,1.782082962309297,0.17027890424068065,100,0.12584781149259025,0.07047466565913571,0.12203671298358432,100,1.5143784561899176,0.9910647366054416,1.1770494024346965,100,2.876006824532593,1.5027999039394109,2.575033101864191,100,0.8093799524266487,0.999313736141416,0.875675129600002,100,1.5266824262858105,0.45330790940755766,1.4369987723432316,100,0.6243492231438204,0.9534330184657795,0.6083803612201226,100,1.0589067517360686,0.2632264147070747,1.0158570652387466,100,0.0,0.0,0.0,100,0.0,0.0,0.0,100,8.38558055639267,0.2935339053983828,8.381163239479065,100,,,,,,,,,,,,,,,,,,,,,,,,,,,,,,,,,,,,,,,,,,,,,,,,,,,,,,,,,,,,,,,,,,,,,,,,
gold_fair_sources_sweep,5cc15f5d14f0,TargetOnlyDR,infeasible_no_target_treated,50,0,10000,10,50,0.1,,,,0,,,,0,,,,0,,,,0,,,,0,,,,0,,,,0,,,,0,,,,0,,,,0,,,,0,,,,0,,,,0,,,,0,,,,0,,,,0,,,,0,,,,0,,,,0,,,,0,,,,0,,,,0,,,,0,0.0,0.0,0.0,100,,,,,,,,,,,,,,,,,,,,,,,,,,,,,,,,,,,,,,,,,,,,,,,,,,,,,,,,,,,,,,,,,,,,,,-8.38558055639267,3.896559845095909e-18,8.767259651465796e-16
gold_fair_sources_sweep,66e5f08ae728,AnchorOnly,OracleTargetTreated,150,100,2000,2,50,0.1,5.013598309838637,1.2644547963180903,4.751419267983319,100,-0.01772940558886925,1.6181726329142325,0.011363468056499102,100,0.37889409045535233,0.33057767767593077,0.2817318558042494,100,-0.03754043006155402,0.5028607382580511,-0.09787162928214042,100,0.588052461892462,0.06152252434901482,0.5834539274539275,100,0.41598290290290296,0.0488291243209296,0.4121461461461462,100,0.6046809325319634,0.060891613802724905,0.601204841294745,100,0.5842588756661435,0.08743720737100678,0.5951456260547336,100,0.5885448894553478,0.10012768542711042,0.606603741488667,100,0.588634314025665,0.11841127302975815,0.6094726205731489,100,6.172033324362097,2.0230696640305914,5.877756186999193,100,5.0187916253510725,1.9207960587556765,4.766846687554285,100,1.4636195391873619,0.360901552225984,1.4218650906765697,100,0.14356028878453014,1.1098355681624432,-0.00019520230828774668,100,0.3425961133065963,0.08065730765787621,0.3395109740542061,100,1.2735141149785292,0.44576291949221364,1.232116564050722,100,2.9069634026025466,0.9905524037708557,2.8141999834648033,100,1.5818895761301843,0.9739620664780237,1.5360331601401902,100,0.9329814853635198,0.2830049010564454,0.8683894256978608,100,1.0549001426863551,0.8559076949574441,1.0156742455077326,100,0.6650432473817753,0.19166104324192157,0.6342936758982423,100,0.0038348724862462707,0.002646724498896269,0.003634208242107694,100,22.41,1.110964636810022,22.0,100,6.3057720303535465,0.9758317897803662,6.157593727111816,100,-0.5357307300624502,8.267798584515514e-18,7.987947682446614e-16,0.07814884344140922,0.6673479673381713,1.0,-0.7017222681205868,8.802829448829762e-09,1.1971848050408475e-06,0.07814884344140922,0.6673479673381713,1.0,0.1365819204219204,3.14398699044227e-17,7.987947682446614e-16,0.1038743943943944,3.641679657916183e-17,7.987497077178259e-16,0.13757482461405415,3.3344510234599337e-17,7.987947682446614e-16,0.12162337137119204,1.7277849065350641e-13,2.591677359802596e-12,0.13450771488217972,1.1720978734947919e-14,1.4065174481937503e-13,0.1424180250753551,5.950277403502358e-15,7.14033288420283e-14,1.3028620540079705,5.448946183136766e-13,8.173419274705149e-12,1.1480423907681783,9.442591079843008e-15,1.133110929581161e-13,0.031190379005147494,0.451454035881917,1.0,-0.058640392732499054,0.8933277151725947,1.0,0.11908686454919354,5.782369267221539e-16,9.830027754276617e-15,-0.20773239678107938,0.1890346959482626,1.0,-0.14072713884763804,0.6925422804041386,1.0,0.4587384348788799,4.4713463414559033e-17,1.2519769756076529e-15,-0.4587384348788799,4.4713463414559033e-17,1.2519769756076529e-15,0.2296084781536356,9.442591079843008e-15,1.133110929581161e-13,-0.22960847815363564,9.442591079843008e-15,1.133110929581161e-13,0.0038348724862462707,3.896559845095909e-18,1.7534519302931591e-16,22.41,1.9737697632497343e-18,4.5255026333886757e-17,3.2869944977760315,3.896559845095909e-18,8.767259651465796e-16
gold_fair_sources_sweep,66e5f08ae728,AnchorPlugin,FeasibleRestricted,150,100,2000,2,50,0.1,4.316145357852082,1.4389876419044785,3.8769162673238435,100,-0.07969729689184564,1.1948036636308195,-0.008990777319356283,100,0.8901825953371381,0.7995464077158139,0.6386246971217022,100,-0.09950832136453044,1.1957014172961264,-0.05458655912002647,100,0.6996913350913352,0.11176810428902367,0.718926772926773,100,0.5149256456456457,0.09571281594413913,0.5256136136136136,100,0.715898180628995,0.11068399252155185,0.7364018671455419,100,0.7057167605466665,0.12234962400011974,0.7226194527707892,100,0.7074343902766196,0.12686932193947242,0.7195426409670491,100,0.7004243218325361,0.14163878119132947,0.724139067487993,100,7.363025950917427,2.1636142002160756,7.183357549936439,100,5.9138965528358645,1.9342868199224823,5.835571790126415,100,1.0232300092691404,0.15917452904738436,1.0214999979653943,100,0.11696642410218605,1.227460694254306,0.012942026180603042,100,0.524700708768813,0.14047599001203295,0.5446907423514687,100,1.0720933384271247,0.7200310157741155,0.8595845783243035,100,1.9662965339196428,1.0837906681175709,1.6572500164177484,100,1.7749540902504486,0.9443166351739375,1.7916976657218635,100,0.7399169712432554,0.4607087581846058,0.5937530680151472,100,1.2339211281833133,0.8749900908263849,1.1328645220141458,100,0.48602226188481673,0.29090650647878835,0.40122326601295266,100,0.011945439897729141,0.00738284967709978,0.011389641503523198,100,48.27,1.7801089513813133,49.0,100,3.215065608024597,1.0700189527991781,3.214094638824463,100,-1.233183682049005,3.896559845095909e-18,7.987947682446614e-16,0.016180952138432812,0.9069368853915614,1.0,-0.1904337632388011,0.0009880230101954864,0.0948502089787667,0.0161809521384328,0.9069368853915614,1.0,0.24822079362079363,4.0161556854627e-18,7.987947682446614e-16,0.2028171371371372,3.896559845095909e-18,7.987497077178259e-16,0.24879207271108572,3.896559845095909e-18,7.987947682446614e-16,0.2430812562517151,3.896559845095909e-18,7.987947682446614e-16,0.25339721570345153,3.896559845095909e-18,7.987947682446614e-16,0.254208032882226,4.0161556854627e-18,7.987947682446614e-16,2.4938546805633015,3.896559845095909e-18,7.987947682446614e-16,2.0431473182529705,3.896559845095909e-18,7.987947682446614e-16,-0.40919915091307396,1.0027837264553685e-13,7.520877948415264e-12,-0.08523425741484317,0.4660476227591346,1.0,0.3011914600114103,3.896559845095909e-18,7.987947682446614e-16,-0.40915317333248397,1.1419186889976034e-10,1.5872669777066685e-08,-1.081394007530542,9.770126495677047e-14,1.3287372034120784e-11,0.6518029489991443,3.896559845095909e-18,7.987947682446614e-16,-0.6518029489991443,3.896559845095909e-18,7.987947682446614e-16,0.40862946365059405,3.896559845095909e-18,7.987947682446614e-16,-0.40862946365059405,3.896559845095909e-18,7.987947682446614e-16,0.011945439897729141,3.896559845095909e-18,1.7534519302931591e-16,48.27,2.3117234063216908e-18,4.5255026333886757e-17,0.19628807544708252,0.07434398189444387,0.594751855155551
gold_fair_sources_sweep,66e5f08ae728,EntropyBalancing,FeasibleRestricted,150,100,2000,2,50,0.1,3.791165846186499,1.8481248777383827,3.40166979194831,100,0.008233392502069782,1.644312160592112,0.1291739786695087,100,0.8807326634736502,0.6417237760681614,0.7496254393265527,100,-0.011577631970615032,1.093251703193813,0.008341648805464702,100,0.7823922351522353,0.16207158812685812,0.8163991263991264,100,0.6091278878878879,0.1558581397801679,0.6227487487487487,100,0.7946285421542807,0.15943166184287447,0.8282464685165223,100,0.7951739971748789,0.1648746315663132,0.8297689829491823,100,0.7911613427527591,0.1644935445012661,0.8270308207244493,100,0.7857117971789342,0.17463111697717762,0.8282552445493707,100,8.197679394953477,2.4229766402502255,8.034161241775468,100,6.517824495271948,2.08289248156386,6.319889111975734,100,0.8379760001061988,0.17709000576546446,0.8519170687586046,100,0.07758695723468127,1.0248837543785239,0.004714240198404173,100,0.6573181645163914,0.21217674913248077,0.6810643738408679,100,1.3187829613628097,0.7581899589144017,1.1865033623249284,100,2.8302282870115967,1.8435564624056036,2.512337394000909,100,1.9638680143722054,0.9831863620895971,1.9957561035747018,100,0.5510030471214986,0.5600636252836443,0.3920545796829118,100,1.3547067166705298,0.8860048141823906,1.2589002716629427,100,0.3652366733976002,0.37853504349970885,0.27296168441683133,100,,,,0,,,,0,0.5375618624687195,0.3316527833964617,0.48304176330566406,100,-1.7581631937145894,1.6033960728283034e-16,4.008490182070759e-15,0.10411164153234824,0.2959070922839476,1.0,-0.19988369510228882,0.10315096733541448,1.0,0.10411164153234821,0.2959070922839476,1.0,0.3309216936816938,3.896559845095909e-18,7.987947682446614e-16,0.2970193793793794,3.896559845095909e-18,7.987497077178259e-16,0.3275224342363714,3.896559845095909e-18,7.987947682446614e-16,0.3325384928799274,5.269204481546392e-18,7.987947682446614e-16,0.33712416817959096,4.0161556854627e-18,7.987947682446614e-16,0.33949550822862434,4.3971135541818935e-18,7.987947682446614e-16,3.328508124599354,5.269204481546392e-18,7.987947682446614e-16,2.6470752606890535,4.0161556854627e-18,7.987947682446614e-16,-0.5944531600760158,3.976797993175688e-17,6.3628767890811005e-15,-0.12461372428234797,0.39573316385218726,1.0,0.4338089157589885,3.896559845095909e-18,7.987947682446614e-16,-0.1624635503967989,0.09336612979888276,1.0,-0.21746225443858852,0.1555994829260015,1.0,0.840716873120901,3.896559845095909e-18,7.987947682446614e-16,-0.840716873120901,3.896559845095909e-18,7.987947682446614e-16,0.5294150521378106,4.0161556854627e-18,7.987947682446614e-16,-0.5294150521378106,4.0161556854627e-18,7.987947682446614e-16,,,,,,,-2.4812156701087953,3.896559845095909e-18,8.767259651465796e-16
gold_fair_sources_sweep,66e5f08ae728,Glmtrans_Auto,OracleTargetTreated,150,100,2000,2,50,0.1,0.8448992889926374,0.1630690331193949,0.837940815103664,100,0.005440507426501138,1.5597344100110722,-0.09043695427462822,100,0.08435780830471563,0.07339504917045327,0.066614042879587,100,-0.014370517046183705,0.11120412104540564,-0.010065342278826273,100,0.988688274968275,0.004513845897564019,0.9894525474525475,100,0.911952112112112,0.01789447767702563,0.9126926926926927,100,0.9898956469284608,0.004089667980261078,0.9905955330759137,100,0.9896612861315898,0.005747806003442087,0.9908060933666618,100,0.9900141130170192,0.004737503706303068,0.991079969861298,100,0.9897923758833744,0.004424803352135642,0.990317614251901,100,10.36961216176589,2.82086378413749,9.913074859901005,100,8.266154685280672,2.422839062302291,8.02363772806525,100,1.0302166382870537,0.024414782222186363,1.0319139393914236,100,0.014120452304192423,0.133380514345351,0.020880598628656242,100,0.9797913400042809,0.008258151280000557,0.9816549224269803,100,0.19454841626580954,0.08946402760507098,0.17487656751640035,100,0.44549153641043937,0.21383505762907745,0.4087471309575301,100,2.4921238854295162,1.0456175855456336,2.3721981154323393,100,0.02274717606418816,0.00928216568647875,0.022526389651919554,100,1.7043727546722751,0.9151093240601447,1.5749581655260738,100,0.015570635395855117,0.006288443285090206,0.014567478871729711,100,,,,0,,,,0,9.566033747196197,0.7354979509917273,9.505088925361633,100,-4.704429750908451,3.896559845095909e-18,7.987947682446614e-16,0.10131875645677954,0.5180170574396306,1.0,-0.9962585502712236,5.767203615817138e-18,1.1015358906210732e-15,0.10131875645677954,0.5180170574396306,1.0,0.5372177334977335,3.896559845095909e-18,7.987947682446614e-16,0.5998436036036036,3.896559845095909e-18,7.987497077178259e-16,0.5227895390105513,3.896559845095909e-18,7.987947682446614e-16,0.5270257818366383,3.896559845095909e-18,7.987947682446614e-16,0.5359769384438511,3.896559845095909e-18,7.987947682446614e-16,0.5435760869330644,3.896559845095909e-18,7.987947682446614e-16,5.5004408914117615,3.896559845095909e-18,7.987947682446614e-16,4.395405450697778,3.896559845095909e-18,7.987947682446614e-16,-0.4022125218951605,3.149513313264186e-11,1.984193387356437e-09,-0.1880802292128368,0.28030519435350776,1.0,0.7562820912468783,3.896559845095909e-18,7.987947682446614e-16,-1.286698095493799,3.896559845095909e-18,7.987947682446614e-16,-2.602199005039745,3.896559845095909e-18,7.987947682446614e-16,1.3689727441782114,3.896559845095909e-18,7.987947682446614e-16,-1.3689727441782114,3.896559845095909e-18,7.987947682446614e-16,0.8790810901395559,3.896559845095909e-18,7.987947682446614e-16,-0.8790810901395559,3.896559845095909e-18,7.987947682446614e-16,,,,,,,6.547256214618683,3.896559845095909e-18,8.767259651465796e-16
gold_fair_sources_sweep,66e5f08ae728,Glmtrans_DR_CrossFit,OracleTargetTreated,150,100,2000,2,50,0.1,1.353585803787435,0.5434041328068974,1.1889597044752787,100,0.0012091103408471682,1.6173860566655487,-0.08414426455685904,100,0.1549763537387245,0.1361199577461716,0.12066551356049149,100,-0.018601914131837663,0.20600822646277195,-0.02769408060770584,100,0.970449277809278,0.021444150511718888,0.976032724032724,100,0.8596267067067066,0.04501394575870682,0.8670990990990992,100,0.9732622843603416,0.019834425805438104,0.978106156954103,100,0.9740247549366724,0.021517105615907126,0.9805641054267646,100,0.9721100710663722,0.023746243353855508,0.9789793364766535,100,0.9719053571636959,0.02464075929846061,0.9783989160133755,100,10.205937596889651,2.7845298815924657,9.79782623622111,100,8.11936242422468,2.396672823756361,7.743595657494566,100,0.9761496724504446,0.05301953635976507,0.9828285664425593,100,0.03605288827405053,0.22625029124774482,0.03312896069657608,100,0.9475890931639939,0.03745839935208256,0.9564364630482574,100,0.29353624611479456,0.21046106119744334,0.23035380874161734,100,0.6555902460821416,0.5022422017418917,0.498066597606849,100,2.451366188553193,1.0434929868633454,2.3276076702363477,100,0.06350487294051031,0.05186964683883317,0.0484824908485646,100,1.6750143024610766,0.9134347274181556,1.5647643206797084,100,0.04492908760705376,0.037472510196825355,0.03349777501814,100,,,,0,,,,0,10.986378076076507,0.8974173234998178,10.886534214019775,100,-4.195743236113653,3.896559845095909e-18,7.987947682446614e-16,0.09708735937112563,0.5157933846475856,1.0,-0.9256400048372145,3.861843481183515e-17,6.758226092071151e-15,0.09708735937112557,0.5157933846475856,1.0,0.5189787363387364,3.896559845095909e-18,7.987947682446614e-16,0.5475181981981982,3.896559845095909e-18,7.987497077178259e-16,0.5061561764424324,3.896559845095909e-18,7.987947682446614e-16,0.511389250641721,3.896559845095909e-18,7.987947682446614e-16,0.5180728964932042,3.896559845095909e-18,7.987947682446614e-16,0.525689068213386,3.896559845095909e-18,7.987947682446614e-16,5.336766326535524,3.896559845095909e-18,7.987947682446614e-16,4.248613189641785,3.896559845095909e-18,7.987947682446614e-16,-0.4562794877317698,3.364689952948779e-13,2.2879891680051698e-11,-0.1661477932429788,0.31704318981210255,1.0,0.7240798444065912,3.896559845095909e-18,7.987947682446614e-16,-1.187710265644814,5.596247901468035e-18,9.625546390525021e-16,-2.392100295368043,5.269204481546392e-18,9.01033966344433e-16,1.3282150473018897,3.896559845095909e-18,7.987947682446614e-16,-1.3282150473018897,3.896559845095909e-18,7.987947682446614e-16,0.8497226379283572,3.896559845095909e-18,7.987947682446614e-16,-0.8497226379283572,3.896559845095909e-18,7.987947682446614e-16,,,,,,,7.9676005434989925,3.896559845095909e-18,8.767259651465796e-16
gold_fair_sources_sweep,66e5f08ae728,Glmtrans_OptionB,FeasibleRestricted,150,100,2000,2,50,0.1,3.5063620012032475,1.8921981828269958,3.0940003951148802,100,-0.05148212325479811,1.594112005270008,-0.08054760119584305,100,0.913994691729568,0.6958633087217095,0.714147044644974,100,-0.07129314772748291,1.1501809565919954,-0.15451343964635345,100,0.8091904067104069,0.16827167262588114,0.8421941541941542,100,0.643823863863864,0.16907629554476286,0.6524664664664666,100,0.819916936331178,0.16503450846628762,0.8559200586447941,100,0.8173406951254776,0.1727515681456616,0.8477389878538563,100,0.8130217765915951,0.17416339954548193,0.8435883711097284,100,0.8118250313277108,0.18093067261956294,0.8526336959945691,100,8.45529666829239,2.6201135235944286,8.341414772457972,100,6.721715494927323,2.2547709231186066,6.508340115899307,100,0.8764961551344282,0.18256334189717754,0.9022146649355217,100,0.11445018731939596,1.0987819647730508,0.15223901679731808,100,0.6991657704839348,0.2238528612817803,0.7336635247545625,100,1.2668509569762016,0.7970545641754446,1.1759212105970738,100,2.621905896737066,1.833337889070484,2.2537732658939382,100,2.0213446697963247,1.017966799564742,2.002069290743995,100,0.4935263916973793,0.5504033414584163,0.30692464546330667,100,1.395484916601605,0.9009981720826273,1.3112502696157806,100,0.32445847346652473,0.37642241705344354,0.20992672518036182,100,,,,0,,,,0,9.016534295082092,0.990302774093939,8.819849729537964,100,-2.04296703869784,5.988879490693734e-17,1.8443060901035184e-15,0.044396125775480334,0.6205162798090659,1.0,-0.16662166684637125,0.12431015694745697,1.0,0.044396125775480355,0.6205162798090659,1.0,0.35771986523986526,4.2663227307182344e-18,7.987947682446614e-16,0.33171535535535535,4.2663227307182344e-18,7.987497077178259e-16,0.352810828413269,4.2663227307182344e-18,7.987947682446614e-16,0.3547051908305261,5.430296382634715e-18,7.987947682446614e-16,0.35898460201842686,4.139373908714419e-18,7.987947682446614e-16,0.3656087423774007,4.531861061109546e-18,7.987947682446614e-16,3.5861253979382637,5.430296382634715e-18,7.987947682446614e-16,2.85096626034443,4.3971135541818935e-18,7.987947682446614e-16,-0.5559330050477861,1.8511572479713263e-16,2.5545970022004302e-14,-0.08775049419763321,0.5269610710548687,1.0,0.4756565217265322,4.2663227307182344e-18,7.987947682446614e-16,-0.2143955547834067,0.019384089495076966,0.8916681167735404,-0.4257846447131186,0.015061551058980152,0.6945697042750651,0.8981935285450203,3.896559845095909e-18,7.987947682446614e-16,-0.8981935285450203,3.896559845095909e-18,7.987947682446614e-16,0.570193252068886,4.3971135541818935e-18,7.987947682446614e-16,-0.5701932520688859,4.3971135541818935e-18,7.987947682446614e-16,,,,,,,5.997756762504578,3.896559845095909e-18,8.767259651465796e-16
gold_fair_sources_sweep,66e5f08ae728,IPWTransport,FeasibleRestricted,150,100,2000,2,50,0.1,3.7842178383500182,1.850730758288259,3.360022930395888,100,0.004056800177253536,1.6441631684396403,0.11113174197616416,100,0.8812014967972766,0.6431559593265878,0.7441067551491335,100,-0.0157542242954313,1.0944215641666009,-0.028757922295385152,100,0.7831654078054079,0.1622869272294696,0.8163402243402245,100,0.6101153553553554,0.1563776079531533,0.6225785785785787,100,0.7953871032902765,0.15956742258179551,0.8297301863335138,100,0.7938946513854397,0.16548217210991617,0.8250654412029363,100,0.7920910893368494,0.16469409603114513,0.8290171972175047,100,0.7859708756950912,0.17471780937212011,0.8260282945230838,100,8.182984093157385,2.421596965610396,7.940569561193657,100,6.524670646916061,2.0931651860382527,6.310256176059312,100,0.8394907783877159,0.17833482384205937,0.8504402320829018,100,0.07730395503353085,1.0234992989372407,0.015024085550973208,100,0.6585215654936615,0.21260563155393472,0.6860471613423738,100,1.3198221573721727,0.7653439386369391,1.193907871808419,100,2.828152213484224,1.8579370036656273,2.502727592724021,100,1.9659376152300343,0.9826139106934217,1.996872250781073,100,0.5489334462636696,0.5599986866329498,0.3926564359372631,100,1.3560759469993524,0.8835786273971853,1.2719322935980777,100,0.3638674430687775,0.3803268804864147,0.2755944888517816,100,,,,0,,,,0,0.24521876335144044,0.18238792413214516,0.21060025691986084,100,-1.7651112015510706,1.4289849453522757e-16,3.7153608579159166e-15,0.09993504920753195,0.31538302187180656,1.0,-0.19941486177866238,0.11452171352531744,1.0,0.0999350492075319,0.31538302187180656,1.0,0.33169486633486633,3.896559845095909e-18,7.987947682446614e-16,0.2980068468468468,3.896559845095909e-18,7.987497077178259e-16,0.32828099537236716,4.0161556854627e-18,7.987947682446614e-16,0.33125914709048815,5.269204481546392e-18,7.987947682446614e-16,0.33805391476368124,4.0161556854627e-18,7.987947682446614e-16,0.3397545867447811,4.3971135541818935e-18,7.987947682446614e-16,3.3138128228032615,5.269204481546392e-18,7.987947682446614e-16,2.653921412333166,4.0161556854627e-18,7.987947682446614e-16,-0.5929383817944985,4.342298919012428e-17,6.904255281229761e-15,-0.12489672648349831,0.38623912559841633,1.0,0.4350123167362587,3.896559845095909e-18,7.987947682446614e-16,-0.16142435438743608,0.10027554062347216,1.0,-0.21953832796596068,0.14299558373008794,1.0,0.8427864739787297,3.896559845095909e-18,7.987947682446614e-16,-0.8427864739787297,3.896559845095909e-18,7.987947682446614e-16,0.5307842824666331,4.0161556854627e-18,7.987947682446614e-16,-0.5307842824666331,4.0161556854627e-18,7.987947682446614e-16,,,,,,,-2.7735587692260744,3.896559845095909e-18,8.767259651465796e-16
gold_fair_sources_sweep,66e5f08ae728,OutcomeModelTransport,FeasibleRestricted,150,100,2000,2,50,0.1,3.5929571576342902,1.8933004587349573,3.1128114302931147,100,0.01526640416842432,1.6282960290874544,0.05337772196377222,100,0.8786826452397984,0.6577899190957445,0.6577472117688811,100,-0.004544620304260512,1.101157902675861,-0.0951266464534748,100,0.8006075435675436,0.1663735572661745,0.8379588579588579,100,0.6321468268268268,0.16453080092236164,0.646888888888889,100,0.8117434017253886,0.1633240149255514,0.8496953763165179,100,0.810531979587036,0.16967242946459493,0.8518615371191098,100,0.806983697106118,0.17072480285572092,0.8480207275965621,100,0.8049670824760132,0.17799396850227467,0.8516345785508525,100,8.360816964761344,2.4848787668692864,8.330878550427242,100,6.648173327496931,2.1383213683811073,6.485314384939253,100,0.8742003955417106,0.18225445220745443,0.8926921088457117,100,0.0741024865085338,1.0646543457723951,0.16130481441260283,100,0.6852979948588392,0.22032523131012774,0.7205295032027947,100,1.2464268716412001,0.7723212361177142,1.1424024990786685,100,2.595469370199047,1.808672356821209,2.245748712713878,100,2.0022783912925424,0.9949301252559576,2.0266403935663764,100,0.5125926702011615,0.5494249354705065,0.32333402726825866,100,1.3807764831155267,0.8900094769816926,1.3154182237743437,100,0.33916690695260343,0.37649214834904743,0.22897137998214157,100,,,,0,,,,0,0.042380611896514896,0.025623361930580988,0.03321492671966553,100,-1.956371882266797,6.928021197254875e-17,1.939845935231365e-15,0.11114465319870277,0.27725313144267305,1.0,-0.2019337133361407,0.07775544419099599,1.0,0.11114465319870277,0.27725313144267305,1.0,0.34913700209700216,4.2663227307182344e-18,7.987947682446614e-16,0.3200383183183184,4.2663227307182344e-18,7.987497077178259e-16,0.34463729380747943,4.2663227307182344e-18,7.987947682446614e-16,0.3478964752920844,5.430296382634715e-18,7.987947682446614e-16,0.3529465225329498,4.139373908714419e-18,7.987947682446614e-16,0.3587507935257034,4.531861061109546e-18,7.987947682446614e-16,3.49164569440722,5.269204481546392e-18,7.987947682446614e-16,2.7774240929140364,4.3971135541818935e-18,7.987947682446614e-16,-0.558228764640504,1.388390715047386e-16,1.9437470010663404e-14,-0.12809819500849545,0.36040459525358004,1.0,0.4617887461014367,4.2663227307182344e-18,7.987947682446614e-16,-0.23481964011840822,0.010115174724622072,0.5259890856803477,-0.45222117125113803,0.008971798768232087,0.4485899384116043,0.8791272500412382,3.896559845095909e-18,7.987947682446614e-16,-0.8791272500412382,3.896559845095909e-18,7.987947682446614e-16,0.5554848185828073,4.3971135541818935e-18,7.987947682446614e-16,-0.5554848185828073,4.3971135541818935e-18,7.987947682446614e-16,,,,,,,-2.9763969206809997,3.896559845095909e-18,8.767259651465796e-16
gold_fair_sources_sweep,66e5f08ae728,ProxyOnly,FeasibleRestricted,150,100,2000,2,50,0.1,5.549329039901088,1.3686000480158584,5.289619048490783,100,-0.09587824903027847,1.5440936366402915,-0.011108548338547743,100,1.080616358575939,0.9589616462174643,0.7288888282568173,100,-0.11568927350296321,1.444165926470015,-0.1427464036402507,100,0.45147054147054155,0.10278175014831367,0.47142602742602746,100,0.3121085085085085,0.074298458884918,0.32625425425425425,100,0.46710610791790935,0.10413238284254735,0.4930271831066084,100,0.46263550429495154,0.12584894304039831,0.4764279403946449,100,0.45403717457316817,0.1439670721142324,0.4618767920844033,100,0.44621628895030996,0.16201421077293124,0.45605570815579766,100,4.869171270354126,1.910285810949274,4.671318742604834,100,3.870749234582894,1.7914993658063596,3.8181076074940012,100,1.4324291601822148,0.4846979574179198,1.4140792397954502,100,0.2022006815170292,2.0666672109531112,0.3452479185537264,100,0.22350924875740275,0.08590210153973511,0.23396465213401962,100,1.4812465117596085,0.7995292565060204,1.3084515437796669,100,3.0476905414501854,1.3571665777208595,3.011587434392763,100,1.1231511412513044,0.9402890705493544,1.1747498694219292,100,1.3917199202423993,0.5582569139771956,1.2745602502106292,100,0.8252916645327194,0.8567416799127475,0.7494162671260964,100,0.8946517255354106,0.341059982509093,0.8073845558197347,100,0.0,0.0,0.0,100,0.0,0.0,0.0,100,3.0187775325775146,0.7114421157423426,3.0999914407730103,100,,,,,,,,,,,,,,,,,,,,,,,,,,,,,,,,,,,,,,,,,,,,,,,,,,,,,,,,,,,,,,,,,,,,,,,,
gold_fair_sources_sweep,66e5f08ae728,TargetOnlyDR,OracleTargetTreated,150,100,2000,2,50,0.1,4.948081627721435,1.1790384000533605,4.690897056044287,100,0.021233393231005582,1.5938517094220555,0.024496052824512185,100,0.39728288365604025,0.3515668332662406,0.27100692011801913,100,0.0014223687583207795,0.5320010940061455,0.01474861129868163,100,0.5952519096519097,0.06140787190541995,0.5998940878940879,100,0.4218492092092092,0.04880258168856832,0.4249089089089089,100,0.6123678058326738,0.06035848555109555,0.6198386981209065,100,0.5927622906817811,0.09844463806272694,0.612677329955212,100,0.5944310730216199,0.10006413749758876,0.609033341162234,100,0.5955871366554457,0.11755596386427228,0.6276753159764554,100,6.304382455068776,2.225381029908469,5.900124316715374,100,5.085659170309536,1.9866573172775186,4.768552192585717,100,1.4775219017652748,0.35489571545532267,1.4865539810617363,100,0.03287192286900571,1.1492051796896947,-0.015405443913830832,100,0.3617850043295184,0.08007522979770582,0.3583714755299335,100,1.2374505343715843,0.4246506845597752,1.1613991437918192,100,2.8910963119079014,0.9820540589048462,2.833475194184272,100,1.5952783193447408,0.9853070773486263,1.532711495883599,100,0.9195927421489636,0.2814535186896014,0.8572372758505846,100,1.0682736516780478,0.8714364072729871,1.0110240321394328,100,0.6516697383900825,0.17290392353232029,0.6246859502263337,100,0.0,0.0,0.0,100,0.0,0.0,0.0,100,6.787272899150849,1.029162271176461,6.8195565938949585,100,-0.6012474121796525,5.269204481546392e-18,7.987947682446614e-16,0.11711164226128405,0.45352287270111424,1.0,-0.6833334749198989,7.632229041158921e-09,1.0456153786387722e-06,0.11711164226128407,0.45352287270111424,1.0,0.14378136818136816,8.777880718979924e-18,7.987947682446614e-16,0.10974070070070072,9.318997235593406e-18,7.987497077178259e-16,0.14526169791476456,9.893009181510365e-18,7.987947682446614e-16,0.13012678638682965,6.658387362535723e-16,1.464845219757859e-14,0.14039389844845182,2.6859459865305284e-16,5.909081170367163e-15,0.14937084770513578,2.7637372191402876e-16,5.2511007163665464e-15,1.435211184714649,8.820960641579043e-16,1.8868903342424685e-14,1.2149099357266422,2.0762237175488676e-16,4.6403621036302795e-15,0.04509274158306036,0.43307645328435596,1.0,-0.1693287586480235,0.40342896597006617,1.0,0.13827575557211558,3.536288390303153e-17,7.987947682446614e-16,-0.24379597738802428,0.0668580389851297,1.0,-0.15659422954228305,0.7283878786577169,1.0,0.47212717809343596,1.6412062569258175e-17,7.987947682446614e-16,-0.47212717809343596,1.6412062569258175e-17,7.987947682446614e-16,0.2429819871453284,2.0762237175488676e-16,4.6403621036302795e-15,-0.24298198714532845,2.0762237175488676e-16,4.6403621036302795e-15,0.0,,,0.0,,,3.7684953665733336,3.896559845095909e-18,8.767259651465796e-16
gold_fair_sources_sweep,7b2728249521,AnchorOnly,OracleTargetTreated,100,50,50000,50,50,0.1,5.336054791634515,1.2135727912091538,5.063574473454876,100,-0.0392269734341624,1.808058324333723,-0.08722285358436775,100,0.541282369321827,0.43025649476869726,0.47388070046957126,100,0.033163301709909644,0.6927884248106372,0.023414310173738184,100,0.4855750681750682,0.09383425130977821,0.5003140883140883,100,0.3383561561561562,0.06913621407730862,0.34812812812812816,100,0.5022426635261616,0.09428793674990428,0.5167225064282887,100,0.45785774224418896,0.14506946798518794,0.504723844291391,100,0.4743335173946205,0.14807969790975792,0.524495493298334,100,0.47218419362988767,0.16828516482785913,0.5212774818043272,100,4.726098637304638,2.0133731796200594,4.767095571987498,100,3.970578608686363,1.832164430225262,3.9749971367348476,100,1.150262891709785,0.3838123216566342,1.1586281714494564,100,0.0498172276469235,1.0030632763190055,0.02547413964862363,100,0.22623132307049842,0.09390598351527533,0.2261785648900309,100,1.1282533191439321,0.34737175469363835,1.1126822357355248,100,2.9014709019203946,1.4643933071873658,2.4952755377329723,100,1.3362414203572601,1.0031165662456614,1.3625258889479197,100,1.1629301473703177,0.3785100767579676,1.1172588657236702,100,0.9023803766876313,0.9707765246859911,1.0112472767881817,100,0.8377183656384432,0.28354024084946755,0.7533974727013854,100,0.007810138756819283,0.004213897290525538,0.0071202821728746386,100,19.61,2.4858996298517297,20.0,100,29.238801159858703,9.708304853427345,30.371665835380554,100,-0.20556465688197179,2.2169944511644565e-08,1.7735955609315652e-07,0.13668390485414558,0.44527966341666914,1.0,-0.46396227313571115,5.571587179671876e-06,0.0006964483974589846,0.13668390485414558,0.44527966341666914,1.0,0.05742236862236865,2.2004304714429118e-07,1.5403013300100382e-06,0.043126526526526515,9.668752478190519e-08,7.735001982552415e-07,0.05749132126547053,2.5963974331067976e-07,1.8174782031747583e-06,0.026897630410594967,0.014499318987456775,0.1159945518996542,0.049113044311586196,2.275203620036337e-05,0.00020476832580327032,0.05943585713501281,3.8061507630303886e-07,2.9903048458723348e-06,0.3237308409582111,0.008792885656901764,0.07913597091211588,0.444418281447078,1.4302449034926375e-05,0.00012872204131433737,-0.4176884223836852,5.727619536912129e-09,3.3220193314090345e-07,-0.2019157174345461,0.3055421446183436,1.0,0.022829605256161668,0.018339527184953693,0.11003716310972216,-0.2775770673831896,0.00020729813201954858,0.013888974845309755,-0.1271439639483569,0.17224834720781323,1.0,0.2752048497923552,2.378601237013467e-11,1.665020865909427e-10,-0.27520484979235527,2.378601237013467e-11,1.665020865909427e-10,0.08888365628941561,1.4302449034926375e-05,0.00012872204131433737,-0.08888365628941558,1.4302449034926375e-05,0.00012872204131433737,0.007810138756819283,3.896559845095909e-18,1.7534519302931591e-16,19.61,2.7647408725019983e-18,4.5255026333886757e-17,13.668244771957397,2.8870248185031213e-13,1.0393289346611236e-11
gold_fair_sources_sweep,7b2728249521,AnchorPlugin,FeasibleRestricted,100,50,50000,50,50,0.1,4.180243715652769,1.4096158433293418,3.831784233473609,100,-0.11176186190852004,1.1464863503584457,-0.1894724614250122,100,0.8405609942058233,0.7725298182490828,0.739602933438976,100,-0.039371586764447956,1.1440787216058896,-0.06180790436440223,100,0.7116353754353755,0.11475075193400695,0.7445218685218686,100,0.5259299299299299,0.09890646532719984,0.5482262262262263,100,0.7271853268013116,0.11262898921243417,0.7605343584970246,100,0.7217010541115996,0.12060962750293364,0.7421443347387351,100,0.716530561025348,0.13127140938909804,0.7437961742932623,100,0.7096921247169498,0.13837468248463033,0.7389486318362289,100,7.331141810573692,2.1243214727035418,7.047998743916516,100,5.820236150168322,1.9378184391143838,5.689434027856988,100,1.048148670376377,0.13502277828868875,1.0433806192210962,100,0.04150992555796156,1.1225177671505489,0.11369196924091726,100,0.5409611126895097,0.14648944033152658,0.5732099132572731,100,0.9789130586357128,0.7101637952235879,0.806967370258713,100,1.841402746415218,1.0617757622521853,1.5309860968342894,100,1.8041951455391223,0.9711259094076798,1.8744349762931565,100,0.694976422188456,0.4638469235090961,0.5420979619584246,100,1.2723118849840234,0.9730091550759684,1.3033952259693993,100,0.4677868573420513,0.2914305191548864,0.38318950678060193,100,0.020836057840956393,0.011956639122442676,0.01897390790988033,100,46.77,2.526046137921691,47.0,100,20.401724359989167,5.578632958710451,20.75994896888733,100,-1.3613757328637166,3.896559845095909e-18,7.987947682446614e-16,0.06414901637978794,0.32205802039588505,1.0,-0.16468364825171483,0.009623871357349385,0.6255516382277101,0.06414901637978795,0.32205802039588505,1.0,0.28348267588267595,3.896559845095909e-18,7.987947682446614e-16,0.23070030030030028,3.896559845095909e-18,7.987497077178259e-16,0.28243398454062063,3.896559845095909e-18,7.987947682446614e-16,0.29074094227800545,3.896559845095909e-18,7.987947682446614e-16,0.29131008794231344,3.896559845095909e-18,7.987947682446614e-16,0.2969437882220747,3.896559845095909e-18,7.987947682446614e-16,2.9287740142272645,3.896559845095909e-18,7.987947682446614e-16,2.2940758229290377,3.896559845095909e-18,7.987947682446614e-16,-0.5198026437170937,1.9267905457755787e-15,2.177273316726404e-13,-0.21022301952350808,0.3237410722388395,1.0,0.33755939487517295,3.896559845095909e-18,7.987947682446614e-16,-0.426917327891409,1.6409015596347118e-13,2.641851511011886e-11,-1.187212119453534,2.9988154022389913e-15,4.648163873470436e-13,0.743158574974217,3.896559845095909e-18,7.987947682446614e-16,-0.7431585749742172,3.896559845095909e-18,7.987947682446614e-16,0.45881516458580757,3.896559845095909e-18,7.987947682446614e-16,-0.45881516458580757,3.896559845095909e-18,7.987947682446614e-16,0.020836057840956393,3.896559845095909e-18,1.7534519302931591e-16,46.77,3.2413478112198738e-18,4.5255026333886757e-17,4.83116797208786,8.628249618279228e-08,2.3296273969353916e-06
gold_fair_sources_sweep,7b2728249521,EntropyBalancing,FeasibleRestricted,100,50,50000,50,50,0.1,3.1645485199253547,1.7366564798585546,2.7558352166119517,100,-0.08998733025490192,1.2476047611367085,-0.12463754666220747,100,0.8554888199922752,0.769376774194749,0.7318052941922206,100,-0.01759705511082987,1.1536383723631525,-0.0422230825097189,100,0.8391526275526275,0.13630969787383632,0.8757542877542879,100,0.6742609409409408,0.14949099355154916,0.6922402402402402,100,0.8494006013247843,0.13121909325584116,0.8867148032771346,100,0.8478888649775123,0.1293853583823364,0.8817085884168889,100,0.8465746288408889,0.12884823507263618,0.8864952662893428,100,0.8438346407062486,0.13390926049052354,0.8924264003327662,100,8.514589804573818,1.951388212801126,8.18972333836279,100,6.788316246196635,1.7797830823627931,6.442454296444484,100,0.9775032645161441,0.09912992697154378,0.9883769891448971,100,0.03539880467405403,1.1305167556913007,-0.03935176245753607,100,0.7383592501908489,0.19799231920802413,0.7855309043080496,100,0.9587804952097203,0.7198795341047595,0.8082523468179807,100,1.6870356524439074,1.1132554922695355,1.4252184099505005,100,2.0732546995879164,0.946661959557,2.144399170221017,100,0.4259168681396621,0.4589655540711168,0.2878852937963285,100,1.465927904189685,0.9740530141562237,1.5421564450590335,100,0.27417083813638915,0.2954382493588664,0.1715066426053954,100,,,,0,,,,0,5.927664000988006,2.2905683506123773,5.948453426361084,100,-2.3770709285911313,3.896559845095909e-18,7.987947682446614e-16,0.08592354803340602,0.8098010180054853,1.0,-0.149755822465263,0.1402014247124573,1.0,0.08592354803340602,0.8098010180054853,1.0,0.41099992799992807,3.896559845095909e-18,7.987947682446614e-16,0.37903131131131135,3.896559845095909e-18,7.987497077178259e-16,0.4046492590640931,3.896559845095909e-18,7.987947682446614e-16,0.41692875314391814,3.896559845095909e-18,7.987947682446614e-16,0.4213541557578543,3.896559845095909e-18,7.987947682446614e-16,0.4310863042113736,3.896559845095909e-18,7.987947682446614e-16,4.112222008227394,3.896559845095909e-18,7.987947682446614e-16,3.262155918957348,3.896559845095909e-18,7.987947682446614e-16,-0.5904480495773263,5.947967596793696e-16,7.256520468088308e-14,-0.2163341404074156,0.6723580402630482,1.0,0.5349575323765121,3.896559845095909e-18,7.987947682446614e-16,-0.44704989131740147,1.6663533316051449e-09,1.8996427980298652e-07,-1.3415792134248443,3.6981696794020436e-14,5.251400944750902e-12,1.012218129023011,3.896559845095909e-18,7.987947682446614e-16,-1.012218129023011,3.896559845095909e-18,7.987947682446614e-16,0.6524311837914696,3.896559845095909e-18,7.987947682446614e-16,-0.6524311837914696,3.896559845095909e-18,7.987947682446614e-16,,,,,,,-9.6428923869133,5.112831740936498e-18,8.767259651465796e-16
gold_fair_sources_sweep,7b2728249521,Glmtrans_Auto,OracleTargetTreated,100,50,50000,50,50,0.1,1.4973592547453085,0.7958684188538092,1.2210087745567837,100,-0.0749308550137606,1.5696566130240774,-0.08885412950145831,100,0.17533726884991488,0.13863943528953462,0.13991326886403366,100,-0.0025405798696884795,0.2242054148980262,-0.008153582411453225,100,0.9621131997131998,0.03631697216164233,0.9727395427395428,100,0.8457102702702702,0.06587221294460444,0.8601501501501502,100,0.9656612352647963,0.03343081229372598,0.9756918014406886,100,0.966141336491745,0.030785022655497634,0.9757709593009263,100,0.964270178541384,0.03490865769775399,0.9765475255327618,100,0.9642812033056738,0.03466121177433889,0.9748220514479382,100,9.876858945935032,2.514325033111968,9.386279143681284,100,7.854546835109589,2.2057252326585015,7.594001700780559,100,1.0200986895495674,0.048776724904470124,1.0177604284744417,100,0.011851047357671255,0.24841765582057987,0.011266361301775479,100,0.9337429694466632,0.061152216733142806,0.9506766686004837,100,0.2824785390180582,0.18598483570968002,0.23121752242061466,100,0.6151953811595126,0.43539442485903407,0.48389337328550797,100,2.4147361858556935,1.0307168217164036,2.367135187366654,100,0.08443538187188436,0.08648107197863361,0.05140075480001505,100,1.6791740219722764,0.9943680309121536,1.6522160988772079,100,0.060924720353797965,0.06405394355589357,0.03524186728311973,100,,,,0,,,,0,48.94565734386444,14.66826647174962,45.0195426940918,100,-4.044260193771178,3.896559845095909e-18,7.987947682446614e-16,0.10098002327454746,0.5157933846475856,1.0,-0.8299073736076232,2.843748309192805e-16,4.8059346425358404e-14,0.10098002327454743,0.5157933846475856,1.0,0.5339605001605002,3.896559845095909e-18,7.987947682446614e-16,0.5504806406406406,3.896559845095909e-18,7.987497077178259e-16,0.5209098930041052,3.896559845095909e-18,7.987947682446614e-16,0.5351812246581512,3.896559845095909e-18,7.987947682446614e-16,0.5390497054583498,3.896559845095909e-18,7.987947682446614e-16,0.5515328668107987,3.896559845095909e-18,7.987947682446614e-16,5.474491149588605,3.896559845095909e-18,7.987947682446614e-16,4.328386507870303,3.896559845095909e-18,7.987947682446614e-16,-0.5478526245439028,5.4826891764583176e-15,5.427862284693734e-13,-0.2398818977237984,0.32882454634893676,1.0,0.7303412516323264,3.896559845095909e-18,7.987947682446614e-16,-1.1233518475090636,3.896559845095909e-18,7.987947682446614e-16,-2.4134194847092396,3.896559845095909e-18,7.987947682446614e-16,1.353699615290789,3.896559845095909e-18,7.987947682446614e-16,-1.353699615290789,3.896559845095909e-18,7.987947682446614e-16,0.8656773015740608,3.896559845095909e-18,7.987947682446614e-16,-0.8656773015740608,3.896559845095909e-18,7.987947682446614e-16,,,,,,,33.375100955963134,3.896559845095909e-18,8.767259651465796e-16
gold_fair_sources_sweep,7b2728249521,Glmtrans_DR_CrossFit,OracleTargetTreated,100,50,50000,50,50,0.1,2.7023811093676535,1.3968123941254005,2.2918618939300517,100,-0.13376797768569837,1.6826708979484173,-0.3040613116989034,100,0.2935045238209767,0.2779675144363815,0.24047877802732032,100,-0.061377702541626326,0.40059420867689177,-0.05722783884710625,100,0.8851336499821351,0.0791725381280573,0.9110738150738152,99,0.7194036865147978,0.09957401449207082,0.7398358358358358,99,0.8848960601692358,0.11598373402574413,0.916892499440066,100,0.8825238271961169,0.10970860261034202,0.9107695546548547,100,0.8831642155723156,0.11280676753220832,0.9115605178686395,100,0.8805488926451539,0.11012220189351565,0.9143632746748586,100,8.923600464195058,2.25779540656963,8.578951480938283,100,7.12165883663298,2.0243249723810743,6.799945624904058,100,0.9442576304711701,0.14011803924117222,0.949142153389636,100,0.10354258847454748,0.410393858688749,0.0831527175526049,100,0.7968603829099901,0.14796546682359563,0.837460273398654,100,0.5441902677640017,0.4090634157325109,0.42728976002067115,100,1.2567868664857362,1.0229625037700527,0.9805044294986489,100,2.212489154513991,0.9688218920642027,2.204843637881095,100,0.2866824132135867,0.3367850654188953,0.17713135108135258,100,1.532596422276955,0.9785739600809211,1.5517002751872453,100,0.2075023200491194,0.2767775482271056,0.12844591931769545,100,,,,0,,,,0,52.50860903263092,4.106513976757185,50.874139070510864,100,-2.8392383391488334,4.0161556854627e-18,7.987947682446614e-16,0.04214290060260959,0.9424389080177923,1.0,-0.7117401186365615,5.312985024488013e-13,8.075737237221779e-11,0.0421429006026096,0.9424389080177923,1.0,0.4574085738934224,5.697220948724935e-18,7.987947682446614e-16,0.4244770831437499,5.697220948724935e-18,7.987497077178259e-16,0.44014471790854487,2.483725635893387e-17,7.987947682446614e-16,0.4515637153625228,2.964263914228315e-17,1.3042761222604585e-15,0.4579437424892816,2.0802135592284146e-17,9.152939660605024e-16,0.46780055615027905,1.690631665125153e-17,7.987947682446614e-16,4.52123266784863,6.166069759616455e-17,2.3431065086542528e-15,3.5954985093936966,6.348428415673146e-17,2.1584656613288695e-15,-0.6236936836223006,3.18726485553945e-16,4.2071896093120736e-14,-0.14819035660692217,0.615670737630266,1.0,0.5934586650956534,4.139373908714419e-18,7.987947682446614e-16,-0.8616401187631199,6.293307461307002e-16,1.0698622684221904e-13,-1.7718279993830157,6.848674378293121e-16,1.1094852492834856e-13,1.1514525839490866,1.3732250242604873e-17,7.987947682446614e-16,-1.1514525839490863,1.3732250242604873e-17,7.987947682446614e-16,0.7190997018787394,6.348428415673146e-17,2.1584656613288695e-15,-0.7190997018787395,6.348428415673146e-17,2.1584656613288695e-15,,,,,,,36.938052644729616,3.896559845095909e-18,8.767259651465796e-16
gold_fair_sources_sweep,7b2728249521,Glmtrans_OptionB,FeasibleRestricted,100,50,50000,50,50,0.1,2.9088114268534615,1.6709323479871085,2.56302032348849,100,-0.11290304127257812,1.2108075138479364,-0.1853380630596121,100,0.8014165288775214,0.737867547917413,0.666583580420101,100,-0.04051276612850604,1.09157989552243,-0.013026149280570776,100,0.8657616090816092,0.12232824879281066,0.8957123957123958,100,0.7065157157157158,0.14146029295044438,0.720954954954955,100,0.8749929479117189,0.11692164867295082,0.9041274680295733,100,0.8729131047433926,0.11709039448392043,0.8997202192775766,100,0.8716527116090963,0.11796328923269,0.9067128506828699,100,0.8679822275411923,0.12136777444450612,0.902262758304235,100,8.788890725297625,2.020595971884058,8.503730537471007,100,7.009722464949201,1.8670300334862335,6.796571884111824,100,1.0180509318140751,0.10154188419578035,1.018973329553711,100,0.04484858522984662,1.0914952101457034,0.0029952152055244766,100,0.7790046773375084,0.17968530635149496,0.8169719396308044,100,0.9131540608795876,0.6904689095333951,0.7812679132598003,100,1.5952736438146289,1.0787848918537346,1.2715088623255186,100,2.139236714888511,0.9445909349777509,2.15666445755228,100,0.359934852839067,0.42896397066515646,0.23735881560242822,100,1.5102091479401991,0.9660858204885007,1.5547118483699176,100,0.2298895943858753,0.2757423007334319,0.14703478604734022,100,,,,0,,,,0,45.4672775554657,14.179573422309291,43.795886874198914,100,-2.632808021663026,3.896559845095909e-18,7.987947682446614e-16,0.06300783701572989,0.8124671821144986,1.0,-0.20382811358001673,0.032744699137085366,1.0,0.06300783701572987,0.8124671821144986,1.0,0.4376089095289095,3.896559845095909e-18,7.987947682446614e-16,0.41128608608608613,3.896559845095909e-18,7.987497077178259e-16,0.4302416056510278,3.896559845095909e-18,7.987947682446614e-16,0.44195299290979856,3.896559845095909e-18,7.987947682446614e-16,0.4464322385260621,3.896559845095909e-18,7.987947682446614e-16,0.45523389104631723,3.896559845095909e-18,7.987947682446614e-16,4.386522928951199,3.896559845095909e-18,7.987947682446614e-16,3.4835621377099164,3.896559845095909e-18,7.987947682446614e-16,-0.5499003822793951,7.199382493919608e-15,6.839413369223628e-13,-0.206884359851623,0.61809143216358,1.0,0.5756029595231716,3.896559845095909e-18,7.987947682446614e-16,-0.4926763256475341,9.09704231531096e-11,1.2826829664588453e-08,-1.4333412220541235,4.405428848631553e-15,6.740306138406277e-13,1.078200144323606,3.896559845095909e-18,7.987947682446614e-16,-1.078200144323606,3.896559845095909e-18,7.987947682446614e-16,0.6967124275419834,3.896559845095909e-18,7.987947682446614e-16,-0.6967124275419834,3.896559845095909e-18,7.987947682446614e-16,,,,,,,29.896721167564394,3.896559845095909e-18,8.767259651465796e-16
gold_fair_sources_sweep,7b2728249521,IPWTransport,FeasibleRestricted,100,50,50000,50,50,0.1,3.113644632878319,1.7665034484132278,2.7481472677748537,100,-0.09905438029824179,1.2405284643984673,-0.23506487788237676,100,0.8560383916108857,0.7758721725189662,0.7355591782443061,100,-0.026664105154169712,1.1582155402136562,-0.013903456913273327,100,0.8436573415773416,0.13911022220091518,0.8846930906930908,100,0.6818245045045045,0.1542745429480813,0.7038578578578579,100,0.853579483055555,0.1339595947325388,0.8931813615720319,100,0.8512280012662657,0.1360931305519083,0.8906785765423082,100,0.8492048835377319,0.13342976419016644,0.8930403161904708,100,0.8474744183497777,0.13798900851308973,0.8906131403117195,100,8.541908864398199,2.0065533642163427,8.23026354504191,100,6.80482698753695,1.7996047421378303,6.514832825963909,100,0.9868948307517453,0.10265707840050889,0.9944288706020328,100,0.043251443667343056,1.142322426535574,-0.03333180894990846,100,0.7462088632340607,0.20076372048274538,0.7984837939694753,100,0.9585648125846113,0.7282622956806434,0.7660560588988043,100,1.6913740570198248,1.135376171884792,1.4671304844315323,100,2.079964703967903,0.9538362831406018,2.146131330314077,100,0.4192068637596747,0.4707681856231737,0.27446678195815855,100,1.4692300524577488,0.9751453047130186,1.5404680588848887,100,0.2708686898683258,0.3048367889876464,0.16643392874477148,100,,,,0,,,,0,1.2276857781410218,0.5021870163141646,1.2943717241287231,100,-2.427974815638167,3.896559845095909e-18,7.987947682446614e-16,0.0768564979900662,0.8689128190274791,1.0,-0.1492062508466522,0.13744945670708206,1.0,0.07685649799006619,0.8689128190274791,1.0,0.41550464202464205,3.896559845095909e-18,7.987947682446614e-16,0.38659487487487487,3.896559845095909e-18,7.987497077178259e-16,0.40882814079486385,3.896559845095909e-18,7.987947682446614e-16,0.4202678894326716,3.896559845095909e-18,7.987947682446614e-16,0.42398441045469787,3.896559845095909e-18,7.987947682446614e-16,0.4347260818549028,3.896559845095909e-18,7.987947682446614e-16,4.139541068051773,3.896559845095909e-18,7.987947682446614e-16,3.2786666602976653,3.896559845095909e-18,7.987947682446614e-16,-0.5810564833417251,1.234309221920007e-15,1.4441417896464083e-13,-0.2084815014141266,0.687475023529822,1.0,0.5428071454197237,3.896559845095909e-18,7.987947682446614e-16,-0.44726557394251043,1.5632787343215459e-09,1.7977705444697777e-07,-1.337240808848927,1.0563462824278324e-13,1.4155040184532954e-11,1.0189281334029985,3.896559845095909e-18,7.987947682446614e-16,-1.0189281334029985,3.896559845095909e-18,7.987947682446614e-16,0.6557333320595329,3.896559845095909e-18,7.987947682446614e-16,-0.6557333320595329,3.896559845095909e-18,7.987947682446614e-16,,,,,,,-14.342870609760284,3.896559845095909e-18,8.767259651465796e-16
gold_fair_sources_sweep,7b2728249521,OutcomeModelTransport,FeasibleRestricted,100,50,50000,50,50,0.1,3.1145416023437122,1.7708761312572612,2.71922410273416,100,-0.09459875973681146,1.2356187502537042,-0.17713114685058018,100,0.8581561590060273,0.7842084597946928,0.7626095514812855,100,-0.022208484592739355,1.1654850534778658,-0.0005144056126251684,100,0.8436985689385691,0.13938084150055732,0.8855738915738915,100,0.6819936736736737,0.1546034146636331,0.7050930930930931,100,0.8536058307124746,0.13423763246618703,0.8935658354555045,100,0.8522388582008807,0.13438802415903273,0.8887084464157607,100,0.8490525973336003,0.13421671179975042,0.8885276451413018,100,0.8470043273401303,0.1380049948557085,0.8917757994010638,100,8.555191137693754,2.006789826232477,8.20784913842935,100,6.80158701017107,1.8016764964019933,6.52522339192722,100,0.9871600213654319,0.10303632983370997,0.9953656538401137,100,0.03836196078725869,1.149130672770929,-0.036945844078928994,100,0.7463129787702697,0.20097147421692246,0.7973095430640258,100,0.961969173711509,0.7358355615544144,0.8116547910184418,100,1.681872247947946,1.1347550891324294,1.4691845299742834,100,2.078336172533383,0.9539323948199021,2.1494119735266635,100,0.4208353951941954,0.47574243544093525,0.27735773933909447,100,1.4685820569845724,0.9739472174532069,1.5405586193840746,100,0.27151668534150203,0.30869012329951534,0.16306808874592632,100,,,,0,,,,0,0.2951637625694275,0.14335574137707408,0.26195764541625977,100,-2.427077846172774,3.896559845095909e-18,7.987947682446614e-16,0.08131211855149649,0.8581003268196077,1.0,-0.14708848345151093,0.143936405590171,1.0,0.0813121185514965,0.8581003268196077,1.0,0.4155458693858695,3.896559845095909e-18,7.987947682446614e-16,0.38676404404404413,3.896559845095909e-18,7.987497077178259e-16,0.4088544884517837,3.896559845095909e-18,7.987947682446614e-16,0.4212787463672868,3.896559845095909e-18,7.987947682446614e-16,0.42383212425056604,3.896559845095909e-18,7.987947682446614e-16,0.43425599084525557,3.896559845095909e-18,7.987947682446614e-16,4.152823341347328,3.896559845095909e-18,7.987947682446614e-16,3.275426682931784,3.896559845095909e-18,7.987947682446614e-16,-0.5807912927280382,1.234309221920007e-15,1.4441417896464083e-13,-0.21337098429421095,0.6698511676891292,1.0,0.5429112609559331,3.896559845095909e-18,7.987947682446614e-16,-0.4438612128156126,2.2417156428586456e-09,2.5331386764302695e-07,-1.346742617920806,4.816144054657832e-14,6.790763117067543e-12,1.0172996019684777,3.896559845095909e-18,7.987947682446614e-16,-1.0172996019684777,3.896559845095909e-18,7.987947682446614e-16,0.6550853365863567,3.896559845095909e-18,7.987947682446614e-16,-0.6550853365863567,3.896559845095909e-18,7.987947682446614e-16,,,,,,,-15.275392625331879,3.896559845095909e-18,8.767259651465796e-16
gold_fair_sources_sweep,7b2728249521,ProxyOnly,FeasibleRestricted,100,50,50000,50,50,0.1,5.541619448516486,1.2794105295461942,5.259066467643171,100,-0.17591087828830798,1.4988706362616468,-0.05824144977746923,100,1.0052446424575383,0.8941326021418633,0.7352859076672611,100,-0.10352060314423589,1.3451291309064788,-0.20935452033428037,100,0.4281526995526995,0.10505639839089286,0.4309016329016329,100,0.2952296296296297,0.07591264685391164,0.2968328328328328,100,0.4447513422606912,0.10651520768205318,0.452294476462768,100,0.430960111833594,0.14171611874622675,0.4470670711166921,100,0.42522047308303423,0.1566785642131911,0.44403866455474617,100,0.4127483364948749,0.17148392547907304,0.4299785387577809,100,4.402367796346426,1.8678963031453428,4.1980518231964625,100,3.5261603272392854,1.7372702954572272,3.3471509799084345,100,1.5679513140934704,0.48184844867893933,1.571547917491878,100,0.25173294508146965,2.0368862611085174,0.0749448179483881,100,0.20340171781433675,0.08718772150639482,0.18801679475807304,100,1.4058303865271213,0.7439613091487235,1.2651052279259198,100,3.0286148658687524,1.2186249242920033,2.857169678024992,100,1.0610365705649052,0.9868692253599697,1.2375849809763566,100,1.4381349971626731,0.5938826741737895,1.3134392546572087,100,0.8134967203982157,0.9611275524574576,0.8413731898619798,100,0.9266020219278586,0.35992727581641953,0.8279918312295206,100,0.0,0.0,0.0,100,0.0,0.0,0.0,100,15.570556387901306,5.733038105337782,14.730908751487732,100,,,,,,,,,,,,,,,,,,,,,,,,,,,,,,,,,,,,,,,,,,,,,,,,,,,,,,,,,,,,,,,,,,,,,,,,
gold_fair_sources_sweep,7b2728249521,TargetOnlyDR,OracleTargetTreated,100,50,50000,50,50,0.1,5.355151329055177,1.1860380804531307,5.092518528084213,100,-0.0743827529054608,1.7240758865146484,-0.25286132915618864,100,0.5681621790390081,0.4446423323639786,0.4850017736903611,100,-0.0019924777613887766,0.7237207644279274,-0.014771095909898058,100,0.469304974904975,0.08986429787741736,0.4763926943926944,100,0.32581677677677684,0.06606190206143676,0.33004004004004006,100,0.48644576436851544,0.09091757092295032,0.49026842882753197,100,0.43773138977774906,0.14833516851882245,0.4483374399702381,100,0.45209210393379407,0.16030376258382462,0.4770370480487116,100,0.45234795488490165,0.17939462692885313,0.47923996875902575,100,4.570594635019033,2.186016976536655,4.4396261441530775,100,3.827262829656793,2.01946202334807,3.5617121683113533,100,1.0803384158314782,0.3612076085273686,1.102972539564815,100,0.045555091460986345,0.9841792604797354,0.21161713841905644,100,0.2195497600618782,0.09321616573885771,0.21283636000945583,100,1.082939742029903,0.4395584263391783,1.0147200123045472,100,2.5233029178790662,1.1769907296322222,2.259534564039769,100,1.290052543017037,1.0232699006846238,1.4068269056561546,100,1.209119024710541,0.3735665903225639,1.1716048281866027,100,0.8737172208817173,0.9979051325324331,0.8650979977488495,100,0.8663815214443571,0.2832582620505353,0.818648199089743,100,0.0,0.0,0.0,100,0.0,0.0,0.0,100,18.923269438743592,6.026082661999455,19.011722445487976,100,-0.1864681194613087,3.6316006848389984e-06,3.6316006848389984e-06,0.10152812538284714,0.6084337865773708,1.0,-0.4370824634185301,6.367203484431509e-05,0.006940251798030345,0.10152812538284711,0.6084337865773708,1.0,0.04115227535227535,0.0005086744921633146,0.0005086744921633146,0.030587147147147144,0.00033117161787315586,0.00033117161787315586,0.04169442210782441,0.0005779359977929994,0.0005779359977929994,0.006771277944155056,0.44119029984120706,0.7152956693593806,0.026871630850759876,0.037824804888005645,0.037824804888005645,0.039599618390026826,0.0011433209876770154,0.0011433209876770154,0.16822683867260657,0.3426319759495927,0.5918065640018292,0.3011025024175088,0.03657277334845504,0.03657277334845504,-0.48761289826199233,1.55625281041164e-11,1.011564326767566e-09,-0.20617785362048327,0.28492594015284,1.0,0.016148042247541464,0.12431015694745697,0.3729304708423709,-0.3228906444972187,1.0772541459026696e-05,0.0009156660240172692,-0.5053119479896857,8.373748663829111e-05,0.005777886578042087,0.2290159724521322,7.844751250552033e-08,1.5689502501104067e-07,-0.2290159724521322,7.844751250552033e-08,1.5689502501104067e-07,0.06022050048350176,0.03657277334845504,0.03657277334845504,-0.06022050048350176,0.03657277334845504,0.03657277334845504,0.0,,,0.0,,,3.352713050842285,9.486327484996237e-06,0.0001802402222149285
gold_fair_sources_sweep,92872663b0f6,AnchorOnly,OracleTargetTreated,150,100,10000,10,50,0.1,5.041302625294085,0.847498396622158,4.976841837740806,100,-0.1317135965213746,1.781037963026478,-0.2090291595034987,100,0.3397766869358935,0.2898107543428648,0.26015786293746035,100,-0.046919800897159455,0.445399718183493,0.007421720399566456,100,0.5900637186237186,0.06643140626125506,0.6006963186963188,100,0.418136016016016,0.052397913232561114,0.42552152152152156,100,0.6067074621477194,0.06595730811676888,0.6178442440016674,100,0.5707678346606522,0.10931797688220053,0.5874601030017448,100,0.5786865049567369,0.11810205163918062,0.5965335719458664,100,0.5763452720155123,0.14336335896481972,0.6152264533732,100,5.990020060964561,1.9969241074142885,5.911444478453859,100,4.919112345147121,1.887824730185008,4.767056939247436,100,1.5073359313108048,0.40376909304503206,1.501121629076403,100,0.05138367145047133,1.227737944176087,0.2195853797280371,100,0.34222685484294346,0.09008631540258695,0.34488567381710356,100,1.3114613093994019,0.4190910840511226,1.2705937833933354,100,3.045343458418593,0.9392570765462805,3.000383829780042,100,1.4866671148414197,0.9501959690024209,1.4190138447137703,100,0.929934976357241,0.23581326941562636,0.915972732917126,100,0.9597043397183126,0.8875244315652289,0.9441062861055468,100,0.673105186980844,0.18111866983283875,0.6273599253733992,100,0.003986487083871282,0.0029889164291033166,0.003385345294053791,100,22.36,1.2269696595493085,22.0,100,11.15095876455307,2.839417171916519,12.227908492088318,100,-0.4909178795702895,6.702409068617996e-18,7.987947682446614e-16,-0.16465821437426453,0.3271243358754563,1.0,-0.7880749736263405,3.593963932707818e-12,5.211247702426336e-10,-0.16465821437426453,0.3271243358754563,1.0,0.12328879276879277,9.044445868078014e-18,7.987947682446614e-16,0.09491415415415413,8.777880718979924e-18,7.987497077178259e-16,0.1244885092624671,8.519072542858556e-18,7.987947682446614e-16,0.10655054492090243,9.306713183378588e-11,1.1168055820054305e-09,0.130600264135446,1.4591661045081625e-15,2.1887491567622437e-14,0.14326180085222753,1.7478232297301266e-16,3.4956464594602532e-15,1.052556092849126,1.4977997686776422e-10,1.7973597224131707e-09,1.0216268316457695,1.6769992593993554e-15,2.700679115188782e-14,-0.05844461501736491,0.20948291004363828,1.0,0.17588697877344076,0.33914584701611805,1.0,0.10488017193040383,2.152706086561876e-15,3.013788521186627e-14,-0.22958582475432107,0.018170310023213815,0.8540045710910493,-0.25766055534199733,0.11452171352531744,1.0,0.39441352901918053,2.794684092654649e-17,9.222457505760342e-16,-0.39441352901918053,2.794684092654649e-17,9.222457505760342e-16,0.20432536632915393,1.6769992593993554e-15,2.700679115188782e-14,-0.20432536632915393,1.6769992593993554e-15,2.700679115188782e-14,0.003986487083871282,3.896559845095909e-18,1.7534519302931591e-16,22.36,2.045199657809283e-18,4.5255026333886757e-17,4.979968073368073,5.950277403502358e-15,2.4396137354359665e-13
gold_fair_sources_sweep,92872663b0f6,AnchorPlugin,FeasibleRestricted,150,100,10000,10,50,0.1,4.262523004133445,1.1074173898783344,4.143847832080835,100,-0.035265291596772955,1.1788046855962302,0.06140008032130376,100,1.0018439496443063,0.8610286687884239,0.8086894273498739,100,0.049528504027442216,1.3239041176176487,0.03318748460473464,100,0.7157111795111796,0.10462236073545432,0.7333262293262295,100,0.5292311511511512,0.09355545837329572,0.5388408408408409,100,0.7309145560048417,0.10230040127818635,0.749349718556426,100,0.7199765634223572,0.11609478807987547,0.7607695304318997,100,0.7137087275131173,0.12720402439363418,0.7533051119213281,100,0.7095752362661685,0.13820135195987499,0.7513000162374432,100,7.490578998640603,2.1434546973648274,7.1839769430311256,100,5.965960718014507,1.9854992833680971,5.851620224316628,100,1.082729820085759,0.1499121385706853,1.078993032029336,100,-0.019993801894984196,1.306420908936904,-0.05449058905911519,100,0.5431615513481215,0.14089465645357757,0.5604951579972555,100,1.189621566504843,0.7401145164689118,1.0313331651322981,100,2.2078213834325178,1.1189178416564631,2.054034432832185,100,1.726131992499771,0.9340446159836003,1.7609177694721214,100,0.6904700986988891,0.33413352801099677,0.6042920058026842,100,1.1690740142917901,0.9089177282584798,1.2043872274691951,100,0.4637355124073666,0.22147335271137902,0.41445155186129845,100,0.0127588246501943,0.007505409395782507,0.011086070987845913,100,48.12,1.8871174105529631,49.0,100,7.32588063955307,2.8639303744345628,7.503700375556946,100,-1.2696975007309295,3.896559845095909e-18,7.987947682446614e-16,-0.06820990944966283,0.2990959214526674,1.0,-0.12600771091792803,0.02453385272288937,1.0,-0.06820990944966285,0.2990959214526674,1.0,0.24893625365625366,3.896559845095909e-18,7.987947682446614e-16,0.20600928928928927,4.0161556854627e-18,7.987497077178259e-16,0.24869560311958913,3.896559845095909e-18,7.987947682446614e-16,0.2557592736826075,3.896559845095909e-18,7.987947682446614e-16,0.2656224866918264,3.896559845095909e-18,7.987947682446614e-16,0.2764917651028838,3.896559845095909e-18,7.987947682446614e-16,2.5531150305251704,3.896559845095909e-18,7.987947682446614e-16,2.068475204513157,3.896559845095909e-18,7.987947682446614e-16,-0.48305072624241097,2.0195637546078604e-17,3.594823483201992e-15,0.10450950542798519,0.45976137200079736,1.0,0.3058148684355818,3.896559845095909e-18,7.987947682446614e-16,-0.35142556764887944,8.94981124911862e-10,1.082927161143353e-07,-1.0951826303280723,9.868085234330903e-16,1.5788936374929446e-13,0.6338784066775323,3.896559845095909e-18,7.987947682446614e-16,-0.6338784066775323,3.896559845095909e-18,7.987947682446614e-16,0.4136950409026314,3.896559845095909e-18,7.987947682446614e-16,-0.4136950409026314,3.896559845095909e-18,7.987947682446614e-16,0.0127588246501943,3.896559845095909e-18,1.7534519302931591e-16,48.12,2.5368079480795042e-18,4.5255026333886757e-17,1.1548899483680726,0.00029790182071668823,0.004170625490033635
gold_fair_sources_sweep,92872663b0f6,EntropyBalancing,FeasibleRestricted,150,100,10000,10,50,0.1,3.4662019669656168,1.3811817391509629,3.2481562005734963,100,-0.19776332819355627,1.5016308167824999,-0.061271300755600444,100,1.0471498681872675,0.7663914436013206,0.8628932731723541,100,-0.11296953256934111,1.2969439672065537,-0.1578449296288806,100,0.817338756978757,0.1250438260804176,0.8501546621546622,100,0.6428003603603604,0.13401094151132362,0.6617417417417417,100,0.8289096536433049,0.12025274532124239,0.8605279521748771,100,0.8217297346437455,0.1317915644431037,0.8585380736546104,100,0.818841224731716,0.138673546864196,0.8606239539918221,100,0.8124346905768907,0.1495633664252743,0.8586647338917632,100,8.506880432306293,2.285877311057142,8.215792151806102,100,6.797751730588422,2.113529573322642,6.543776892515458,100,0.9517964908750319,0.13438305019635077,0.9427700784453843,100,0.11713147835192876,1.2516735032610922,0.1429144152738271,100,0.701186811319119,0.18518016944870505,0.7399949018494223,100,1.1519602267205933,0.746880423500675,1.0441973227239585,100,2.1886021233115707,1.2999671597586187,1.855034983191655,100,1.9487082611637525,0.9648681701833728,1.9849790791528867,100,0.467893830034908,0.34529355913719095,0.37623516581328476,100,1.3354322168065729,0.9360598150697925,1.275243364937949,100,0.2973773098925838,0.23234174816191774,0.22786766078200216,100,,,,0,,,,0,1.9901822400093079,1.6698509132645933,1.6277252435684204,100,-2.066018537898758,4.9610417082651575e-18,7.987947682446614e-16,-0.23070794604644612,0.07378747656498581,1.0,-0.0807017923749664,0.49166378509120057,1.0,-0.23070794604644612,0.07378747656498581,1.0,0.3505638311238311,3.896559845095909e-18,7.987947682446614e-16,0.31957849849849856,3.896559845095909e-18,7.987497077178259e-16,0.34669070075805236,3.896559845095909e-18,7.987947682446614e-16,0.3575124449039957,3.896559845095909e-18,7.987947682446614e-16,0.37075498391042516,3.896559845095909e-18,7.987947682446614e-16,0.37935121941360583,3.896559845095909e-18,7.987947682446614e-16,3.569416464190858,3.896559845095909e-18,7.987947682446614e-16,2.9002662170870708,3.896559845095909e-18,7.987947682446614e-16,-0.6139840554531381,7.117077537219983e-18,1.4590008951300965e-15,0.2416347856748981,0.20823741115716032,1.0,0.4638401284065793,3.896559845095909e-18,7.987947682446614e-16,-0.3890869074331293,1.6457288122856623e-05,0.0013330403379513865,-1.114401890449019,1.4354630350828962e-09,1.3206259922762646e-07,0.8564546753415133,3.896559845095909e-18,7.987947682446614e-16,-0.8564546753415133,3.896559845095909e-18,7.987947682446614e-16,0.5800532434174142,3.896559845095909e-18,7.987947682446614e-16,-0.5800532434174142,3.896559845095909e-18,7.987947682446614e-16,,,,,,,-4.1808084511756896,1.8478899002670448e-17,9.239449501335225e-16
gold_fair_sources_sweep,92872663b0f6,Glmtrans_Auto,OracleTargetTreated,150,100,10000,10,50,0.1,0.7259823075200984,0.17761231051156331,0.683150920196482,100,-0.09015945980277947,1.7624788666746045,-0.3313151699636857,100,0.07893145212614078,0.06723725087463829,0.07043581986996816,100,-0.005365664178564278,0.10385023797792714,-0.0066654176427003164,100,0.9915908347508349,0.004952693297964524,0.9925397605397607,100,0.9255762962962961,0.018308320297960267,0.9274474474474474,100,0.9925202757018853,0.004563600914996246,0.9934414517080141,100,0.9922974047047223,0.005336961455844255,0.9941520548626039,100,0.9922597407111965,0.00500131511922535,0.9937375905295733,100,0.9918338547294269,0.005134051488397014,0.9933907166041489,100,10.302385689443513,2.3739641577288197,10.250874689083938,100,8.224693912207915,2.1636079753359487,8.099344171422665,100,1.0221299856867674,0.022003974165153612,1.0222071731312963,100,0.0013113846122700856,0.11231318203195158,0.0021821091482419038,100,0.9850694945534236,0.009134936611565088,0.9867878843468312,100,0.15951399429713925,0.08302491642511105,0.14029889420855535,100,0.3681587844199568,0.2104132115674282,0.314942943729017,100,2.399851158982579,0.9542407895208995,2.3701888848440493,100,0.016750932216080937,0.009994525534268257,0.013705861312068524,100,1.6208206531304716,0.9117061771585047,1.6237738445672272,100,0.011988873568684787,0.007487186424264363,0.010352285375487047,100,,,,0,,,,0,14.784661993980407,3.56563175704553,13.601761937141418,100,-4.8062381973442765,3.896559845095909e-18,7.987947682446614e-16,-0.12310407765566932,0.2623330281559302,1.0,-1.0489202084360931,8.777880718979924e-18,1.623907933011286e-15,-0.12310407765566934,0.2623330281559302,1.0,0.5248159088959089,3.896559845095909e-18,7.987947682446614e-16,0.6023544344344345,3.896340037647931e-18,7.987497077178259e-16,0.5103013228166328,3.896559845095909e-18,7.987947682446614e-16,0.5280801149649724,3.896559845095909e-18,7.987947682446614e-16,0.5441734998899058,3.896559845095909e-18,7.987947682446614e-16,0.5587503835661422,3.896559845095909e-18,7.987947682446614e-16,5.364921721328081,3.896559845095909e-18,7.987947682446614e-16,4.327208398706565,3.896559845095909e-18,7.987947682446614e-16,-0.5436505606414025,5.816713162471362e-17,8.899571138581183e-15,0.12581469193523934,0.38061003668382276,1.0,0.7477228116408839,3.896559845095909e-18,7.987947682446614e-16,-1.3815331398565833,3.896559845095909e-18,7.987947682446614e-16,-2.9348452293406324,3.896559845095909e-18,7.987947682446614e-16,1.3075975731603404,3.896559845095909e-18,7.987947682446614e-16,-1.3075975731603404,3.896559845095909e-18,7.987947682446614e-16,0.8654416797413131,3.896559845095909e-18,7.987947682446614e-16,-0.8654416797413131,3.896559845095909e-18,7.987947682446614e-16,,,,,,,8.61367130279541,3.896559845095909e-18,8.767259651465796e-16
gold_fair_sources_sweep,92872663b0f6,Glmtrans_DR_CrossFit,OracleTargetTreated,150,100,10000,10,50,0.1,1.1914005348465113,0.39035106310536083,1.0822130544370663,100,-0.0875840757093936,1.7630051960279793,-0.29896472333948887,100,0.13154121852637635,0.10313539343020518,0.1028685809269736,100,-0.0027902800851784203,0.16765117342922264,-0.0006654792456937952,100,0.9777988851988852,0.011963228376558312,0.980955206955207,100,0.8772162962962963,0.03298232353847913,0.882970970970971,100,0.9799552226487118,0.01106029060183459,0.9831578010547839,100,0.9789512538895238,0.014426871058313267,0.9831317543186142,100,0.9794243890938797,0.011655056860205282,0.9821085344088392,100,0.9792730765965103,0.01171866202071601,0.9824187123812482,100,10.16487418353657,2.3527662131425577,9.993321735090703,100,8.119035782532729,2.141353686303063,8.009121962806454,100,0.9775281655700746,0.03801731922951016,0.9771820050112784,100,0.005723065846360691,0.1750827602187226,0.0007938357071125222,100,0.9601751488159177,0.021920511737430422,0.9670553588642448,100,0.2399412947662215,0.1602496159804855,0.19790395264487964,100,0.5495297149551472,0.3768431860596388,0.42808084295142823,100,2.370224273096667,0.9538998895482927,2.3509976186134334,100,0.04637781810199316,0.02769791949217284,0.037319814414087826,100,1.5996890271954336,0.913371858818651,1.59282518917726,100,0.03312049950372292,0.019242301892252067,0.026426299716382162,100,,,,0,,,,0,18.003986847400665,1.857688706252412,17.998082637786865,100,-4.340819970017864,3.896559845095909e-18,7.987947682446614e-16,-0.12052869356228346,0.29274110158791833,1.0,-0.9963104420358575,3.0528209793531665e-17,5.434021343248636e-15,-0.12052869356228346,0.29274110158791833,1.0,0.5110239593439594,3.896559845095909e-18,7.987947682446614e-16,0.5539944344344345,3.896559845095909e-18,7.987497077178259e-16,0.4977362697634593,3.896559845095909e-18,7.987947682446614e-16,0.5147339641497741,3.896559845095909e-18,7.987947682446614e-16,0.531338148272589,3.896559845095909e-18,7.987947682446614e-16,0.5461896054332257,3.896559845095909e-18,7.987947682446614e-16,5.227410215421138,3.896559845095909e-18,7.987947682446614e-16,4.2215502690313755,3.896559845095909e-18,7.987947682446614e-16,-0.5882523807580953,1.7939298766693858e-17,3.264952375538282e-15,0.13022637316932995,0.4151392918786695,1.0,0.7228284659033782,3.896559845095909e-18,7.987947682446614e-16,-1.3011058393875012,4.3971135541818935e-18,7.987947682446614e-16,-2.753474298805443,4.3971135541818935e-18,7.987947682446614e-16,1.2779706872744283,3.896559845095909e-18,7.987947682446614e-16,-1.2779706872744283,3.896559845095909e-18,7.987947682446614e-16,0.8443100538062751,3.896559845095909e-18,7.987947682446614e-16,-0.8443100538062751,3.896559845095909e-18,7.987947682446614e-16,,,,,,,11.832996156215668,3.896559845095909e-18,8.767259651465796e-16
gold_fair_sources_sweep,92872663b0f6,Glmtrans_OptionB,FeasibleRestricted,150,100,10000,10,50,0.1,2.782578304737646,1.3143495976844233,2.5590225949716254,100,-0.20170487548978971,1.562352010057878,-0.21728602511610862,100,0.8925001581953851,0.632960973112069,0.8116088156063987,100,-0.1169110798655745,1.0915291513348313,-0.1269734136894205,100,0.880011760971761,0.11629561210553478,0.9214506574506576,100,0.7238304704704703,0.13514227479685545,0.7591311311311312,100,0.8884553458732694,0.11101250870052519,0.9289614372011032,100,0.8853339915313083,0.11604896081126301,0.9266296025420707,100,0.8858476687802751,0.11705691493086468,0.9270044449601462,100,0.8833723784354554,0.12623197520342289,0.931347680828497,100,9.166366789680557,2.366762536021175,9.030030513702327,100,7.32476956937733,2.130189792078719,7.307488042494725,100,1.0089313959759745,0.13864661109183637,1.0066380933994568,100,0.11962933433615626,1.055578061433079,0.13381224980165682,100,0.8013033084169906,0.17434602826696408,0.8604802278397066,100,1.0325325037340702,0.6001967495403333,0.9081420849720013,100,1.9548472763190394,1.1821452412038516,1.6116093278397319,100,2.110159901621606,0.9941460283863369,2.0808185245475226,100,0.30644218957705405,0.2989309049554716,0.187387560490624,100,1.4408357845643545,0.9431330401801767,1.3603740042085275,100,0.1919737421348021,0.20890791832558944,0.10973803654827954,100,,,,0,,,,0,13.598651895523071,1.7839762484875705,13.854273796081543,100,-2.749642200126729,4.2663227307182344e-18,7.987947682446614e-16,-0.23464949334267957,0.08129332564998845,1.0,-0.23535150236684899,0.04688342955203153,1.0,-0.23464949334267957,0.08129332564998845,1.0,0.4132368351168351,3.896559845095909e-18,7.987947682446614e-16,0.40060860860860864,3.896559845095909e-18,7.987497077178259e-16,0.4062363929880172,3.896559845095909e-18,7.987947682446614e-16,0.4211167017915585,3.896559845095909e-18,7.987947682446614e-16,0.4377614279589843,3.896559845095909e-18,7.987947682446614e-16,0.45028890727217047,3.896559845095909e-18,7.987947682446614e-16,4.228902821565124,3.896559845095909e-18,7.987947682446614e-16,3.42728405587598,3.896559845095909e-18,7.987947682446614e-16,-0.5568491503521955,3.0528209793531665e-17,5.1592674551068516e-15,0.24413264165912552,0.21199007427742012,1.0,0.5639566255044511,3.896559845095909e-18,7.987947682446614e-16,-0.5085146304196527,8.149510834101045e-08,8.638481484147107e-06,-1.34815673744155,2.884536279160242e-12,3.086453818701459e-10,1.017906315799367,3.896559845095909e-18,7.987947682446614e-16,-1.017906315799367,3.896559845095909e-18,7.987947682446614e-16,0.6854568111751961,3.896559845095909e-18,7.987947682446614e-16,-0.6854568111751961,3.896559845095909e-18,7.987947682446614e-16,,,,,,,7.427661204338074,6.906672275406012e-18,8.767259651465796e-16
gold_fair_sources_sweep,92872663b0f6,IPWTransport,FeasibleRestricted,150,100,10000,10,50,0.1,3.394879123329589,1.388009921522564,3.1571432656598444,100,-0.19222178361652742,1.5103599133792192,-0.09045227474706255,100,1.0475375511169502,0.7683276745624396,0.891560810611022,100,-0.10742798799231217,1.2988799719585766,-0.1685114458075613,100,0.8245735349335348,0.12393219087481262,0.8588758748758749,100,0.6519528328328329,0.1354918115558993,0.6722982982982983,100,0.8358170232785282,0.11903205512515946,0.8699109278021003,100,0.8267517509244128,0.1313676012863078,0.8652786524360385,100,0.8260405839692608,0.13633649639372156,0.8697305352114291,100,0.8216049937256158,0.14513383857369294,0.8704964216868569,100,8.556134502623278,2.291269252291087,8.246055924002286,100,6.850333504332578,2.1026505518015117,6.662885651117797,100,0.9692579631121224,0.13394175828307595,0.9663859541103521,100,0.1173761237802561,1.2538177135391622,0.15830223754253792,100,0.7125083216700305,0.18464565604383748,0.7535975937894467,100,1.1449932403307128,0.7458131309796378,0.9963514390232471,100,2.1243744231993733,1.2871568292848228,1.8979149347161208,100,1.9666402136732821,0.965094290310922,1.9831628770020338,100,0.4499618775253778,0.33820453887103147,0.3558642595249812,100,1.3459485715554038,0.937356459809441,1.2912745295275494,100,0.28686095514375265,0.23019068288031058,0.2174372751142593,100,,,,0,,,,0,0.7107509732246399,0.5181420791438812,0.6770515441894531,100,-2.137341381534787,4.2663227307182344e-18,7.987947682446614e-16,-0.2251664014694173,0.0831106495690996,1.0,-0.08031410944528382,0.4745030356140598,1.0,-0.2251664014694173,0.0831106495690996,1.0,0.35779860907860905,3.896559845095909e-18,7.987947682446614e-16,0.32873097097097104,3.896559845095909e-18,7.987497077178259e-16,0.3535980703932756,3.896559845095909e-18,7.987947682446614e-16,0.36253446118466287,3.896559845095909e-18,7.987947682446614e-16,0.3779543431479697,3.896559845095909e-18,7.987947682446614e-16,0.38852152256233097,3.896559845095909e-18,7.987947682446614e-16,3.618670534507846,3.896559845095909e-18,7.987947682446614e-16,2.952847990831226,3.896559845095909e-18,7.987947682446614e-16,-0.5965225832160475,8.519072542858556e-18,1.7123335811145696e-15,0.2418794311032255,0.21579136199294846,1.0,0.47516163875749085,3.896559845095909e-18,7.987947682446614e-16,-0.39605389382301,1.3433663949539948e-05,0.0011015604438622758,-1.1786295905612167,2.5075552925101713e-10,2.357101974959561e-08,0.8743866278510434,3.896559845095909e-18,7.987947682446614e-16,-0.8743866278510434,3.896559845095909e-18,7.987947682446614e-16,0.5905695981662453,3.896559845095909e-18,7.987947682446614e-16,-0.5905695981662453,3.896559845095909e-18,7.987947682446614e-16,,,,,,,-5.4602397179603575,3.896559845095909e-18,8.767259651465796e-16
gold_fair_sources_sweep,92872663b0f6,OutcomeModelTransport,FeasibleRestricted,150,100,10000,10,50,0.1,3.2803786544952778,1.4184063030612346,3.1047254353414995,100,-0.2004997917547165,1.4779031625165775,-0.1425853672659596,100,1.0174499971699043,0.7442055374550605,0.8941504112083515,100,-0.11570599613050132,1.2593569316008812,-0.10327214380742752,100,0.8346637195837195,0.12287300600943915,0.8675244395244395,100,0.6653612412412413,0.13867145584821006,0.6826086086086086,100,0.8454397674321161,0.11772898319505243,0.8776405672896659,100,0.840894134217787,0.12570914925999566,0.874773023503344,100,0.8376265662524999,0.133188538630897,0.8761159790322185,100,0.8318938510025786,0.143196841873217,0.8822254228146396,100,8.698590943512697,2.261551501335718,8.59287318655661,100,6.937495777955859,2.0829554467324387,6.736646942415815,100,0.9927490610207249,0.13321004928465008,0.9882997194427002,100,0.1308472409764487,1.2231526792493632,0.09324469469865823,100,0.7284565783769369,0.1845245191682093,0.7715563208130226,100,1.1091935330221225,0.7214369987061446,0.9248250667585932,100,2.0136212173596886,1.2725653133386432,1.6397350534333595,100,1.9916426635067834,0.9678055763034523,2.006505905112741,100,0.4249594276918765,0.33598998548257697,0.33105250954667625,100,1.3633810262800603,0.935587681728385,1.3157990480221546,100,0.26942850041909655,0.225860091202587,0.20555484856143852,100,,,,0,,,,0,0.09439937829971314,0.0592176446602616,0.087066650390625,100,-2.251841850369097,4.3971135541818935e-18,7.987947682446614e-16,-0.2334444096076063,0.06737132717421686,1.0,-0.11040166339232953,0.3900199359079518,1.0,-0.23344440960760637,0.06737132717421686,1.0,0.3678887937287938,3.896559845095909e-18,7.987947682446614e-16,0.34213937937937944,3.896559845095909e-18,7.987497077178259e-16,0.36322081454686367,3.896559845095909e-18,7.987947682446614e-16,0.3766768444780373,3.896559845095909e-18,7.987947682446614e-16,0.3895403254312088,3.896559845095909e-18,7.987947682446614e-16,0.39881037983929374,3.896559845095909e-18,7.987947682446614e-16,3.7611269753972625,3.896559845095909e-18,7.987947682446614e-16,3.0400102644545073,3.896559845095909e-18,7.987947682446614e-16,-0.5730314853074451,1.082004916926409e-17,2.1099095880064973e-15,0.25535054829941806,0.16690827813258957,1.0,0.4911098954643974,3.896559845095909e-18,7.987947682446614e-16,-0.4318536011316001,9.772026044186042e-07,8.990263960651159e-05,-1.2893827964009008,7.794993252575682e-12,7.872943185101439e-10,0.8993890776845448,3.896559845095909e-18,7.987947682446614e-16,-0.8993890776845448,3.896559845095909e-18,7.987947682446614e-16,0.6080020528909015,3.896559845095909e-18,7.987947682446614e-16,-0.6080020528909015,3.896559845095909e-18,7.987947682446614e-16,,,,,,,-6.076591312885284,3.896559845095909e-18,8.767259651465796e-16
gold_fair_sources_sweep,92872663b0f6,ProxyOnly,FeasibleRestricted,150,100,10000,10,50,0.1,5.532220504864375,0.9440500392300983,5.523326983856281,100,0.03294461785288982,1.6818760288526173,0.14495294290079822,100,1.127851660562234,0.9133835818989784,0.805519142862757,100,0.11773841347710506,1.450918868113981,0.24638993072886656,100,0.4667749258549259,0.08866903299761635,0.46379590379590385,100,0.32322186186186186,0.06553729416897058,0.3217157157157157,100,0.4822189528852523,0.09002874872051388,0.4863942464570682,100,0.4642172897397498,0.15201999008437583,0.48912731950597743,100,0.44808624082129095,0.17449101895204838,0.4785862355404628,100,0.43308347116328477,0.21557401279085767,0.4583077158204425,100,4.937463968115432,2.090370016470029,4.829503528652156,100,3.8974855135013518,1.9433350913225336,3.8843198405917168,100,1.5657805463281698,0.3756570989892834,1.5518094634298119,100,-0.12450330732296937,1.9602521771635508,-0.3432229361810303,100,0.23734668291253969,0.08427035474050867,0.24175589846792078,100,1.541047134153723,0.6995385806991847,1.34014032306278,100,3.3030040137605905,1.255488926709627,3.1286008043921774,100,1.0922535858222389,0.9384930089058523,1.2121326213689425,100,1.3243485053764212,0.41150568466991866,1.2271836180142546,100,0.7553789733891589,0.8917424564765382,0.7603107706915442,100,0.8774305533099978,0.24750445820683303,0.8256149039549221,100,0.0,0.0,0.0,100,0.0,0.0,0.0,100,6.170990691184998,2.052674159673411,6.172374486923218,100,,,,,,,,,,,,,,,,,,,,,,,,,,,,,,,,,,,,,,,,,,,,,,,,,,,,,,,,,,,,,,,,,,,,,,,,
gold_fair_sources_sweep,92872663b0f6,TargetOnlyDR,OracleTargetTreated,150,100,10000,10,50,0.1,4.963446165201973,0.8143895085969103,4.96025865937795,100,-0.10495859775241285,1.7718106952441992,-0.207908478125579,100,0.3624607131509094,0.27117256906424236,0.3161877035239369,100,-0.020164802128197667,0.4536834275662394,0.0437752722839897,100,0.5936328751128752,0.05939620273855145,0.5948782808782809,100,0.42056712712712707,0.047229798253850576,0.4220480480480481,100,0.6103936985787142,0.05825708063098651,0.6136075599691772,100,0.5859376278121841,0.09942508039194685,0.5983275192561783,100,0.5874826937430232,0.11455370497250175,0.6093958776705568,100,0.5778983085968683,0.1485538296624333,0.6149330860541581,100,6.180794821239414,2.0603293135259375,5.8720078019207165,100,5.015251258281714,1.9634694957143934,4.837836401376029,100,1.4781871096750039,0.31819182802516954,1.4997844303704153,100,0.01874795685840567,1.0830756718555758,-0.06211865699322673,100,0.3585007136776826,0.0786295489302763,0.3657304782936902,100,1.2018524171513747,0.3730940634812593,1.1633767476289514,100,2.7626594245160554,0.7981677558198829,2.7760409647396056,100,1.5040799124775668,0.9296440761363732,1.4452093652925049,100,0.9125221787210933,0.21814635340753402,0.8860735170373796,100,0.9789321223452313,0.8926164059758035,0.977841737189705,100,0.6538774043539252,0.1517359782162029,0.6298319580009795,100,0.0,0.0,0.0,100,0.0,0.0,0.0,100,8.814962384700776,3.249262737994075,7.909119248390198,100,-0.5687743396624009,4.0161556854627e-18,7.987947682446614e-16,-0.13790321560530266,0.43307645328435596,1.0,-0.7653909474113246,9.670622722622986e-12,1.3925696720577099e-09,-0.13790321560530266,0.43307645328435596,1.0,0.12685794925794927,3.976797993175688e-17,7.987947682446614e-16,0.09734526526526528,3.3344510234599337e-17,7.987497077178259e-16,0.12817474569346163,3.976797993175688e-17,7.987947682446614e-16,0.1217203380724342,3.0717604535203435e-14,5.529168816336618e-13,0.13939645292173228,1.200308279272379e-15,1.9204932468358065e-14,0.14481483743358353,3.8895150867593465e-16,7.001127156166824e-15,1.2433308531239793,4.00362761898488e-14,7.206529714172784e-13,1.117765744780363,1.5003772862159899e-15,2.700679115188782e-14,-0.08759343665316598,0.08434038384173659,1.0,0.1432512641813749,0.451454035881917,1.0,0.12115403076514303,3.010681278678945e-16,5.419226301622102e-15,-0.3391947170023484,0.00023100689423620604,0.015246455019589598,-0.5403445892445349,0.0002900879046101129,0.01885571379965734,0.4118263266553279,1.3732250242604873e-17,7.987947682446614e-16,-0.4118263266553279,1.3732250242604873e-17,7.987947682446614e-16,0.22355314895607262,1.5003772862159899e-15,2.700679115188782e-14,-0.22355314895607262,1.5003772862159899e-15,2.700679115188782e-14,0.0,,,0.0,,,2.6439716935157778,4.86594327106834e-10,1.5084424140311852e-08
gold_fair_sources_sweep,a84b0bc54ae9,AnchorOnly,OracleTargetTreated,150,100,20000,20,50,0.1,4.837196915540135,0.8054609215316952,4.720799917369141,100,0.23490683479851526,1.588217370942251,0.16943218424730694,100,0.3669937413930662,0.2751262102809169,0.33314322665866075,100,0.04881500828599354,0.4575284817048381,0.035499184670847235,100,0.5799703774903775,0.0655748184543585,0.5808170988170989,100,0.41023467467467467,0.05139600421077179,0.4111671671671672,100,0.5979133150779591,0.064400859181854,0.598815417702073,100,0.5771187831559645,0.10962855387528068,0.5825342167167793,100,0.5870365788535635,0.11622740467509386,0.6014751622235535,100,0.5859934912977756,0.13732296640612202,0.6124374622690504,100,5.941379591642294,1.858401756983957,5.960193316408526,100,4.9120169622001155,1.745998538457281,5.00926629782845,100,1.5294732898815695,0.4053023070120767,1.5040989303852124,100,-0.10401022864870052,1.0591201097706997,-0.04317189995095285,100,0.3341089637076607,0.08641875722036721,0.33931716959606273,100,1.262593041794777,0.39818634736493874,1.1961859705535722,100,2.971961842451187,0.9313750787543149,2.846984111465857,100,1.2901635521229469,0.8820364467761281,1.1920705572026011,100,0.9135017099032463,0.23141466001668307,0.8845815863568981,100,0.7314966788209144,0.9147832400591893,0.6251812840185786,100,0.6496836175601233,0.163617418502263,0.626219414396137,100,0.004058555111033673,0.0030479864978073187,0.003735526915289539,100,22.62,1.3837440062191688,23.0,100,16.06565906524658,3.450069651746961,17.184632658958435,100,-0.455177629566138,3.750168121901122e-17,1.200053799008359e-15,-0.07520083860043289,0.5269610710548687,1.0,-0.6734458233433581,4.288604797431001e-09,5.918274620454781e-07,-0.07520083860043289,0.5269610710548687,1.0,0.1251226478026478,1.5862688510866552e-15,1.7448957361953206e-14,0.09554370370370371,1.043664781540866e-15,1.1480312596949526e-14,0.12631861141144718,1.4190703440363424e-15,1.5609773784399767e-14,0.11226453817248334,1.198630262225177e-11,1.55821934089273e-10,0.12007676257172141,5.448946183136766e-13,5.9938408014504425e-12,0.1309487737084754,6.63525871478931e-15,7.298784586268241e-14,1.093134322395916,1.7933917874272308e-11,2.3314093236554e-10,0.9467738321029718,1.405205713543345e-13,1.5457262848976795e-12,0.030288327212695965,0.6723580402630482,1.0,0.2588349072127213,0.2451729983495421,1.0,0.11055581460697915,5.877654132278269e-13,6.465419545506095e-12,-0.17801736179890734,0.1402014247124573,1.0,-0.04134198279749765,0.7885535816793301,1.0,0.4247993943596522,2.483725635893387e-17,8.662841818995295e-16,-0.4247993943596522,2.483725635893387e-17,8.662841818995295e-16,0.18935476642059432,1.405205713543345e-13,1.5457262848976795e-12,-0.18935476642059432,1.405205713543345e-13,1.5457262848976795e-12,0.004058555111033673,3.896559845095909e-18,1.7534519302931591e-16,22.62,2.181872056925396e-18,4.5255026333886757e-17,6.587527151107788,8.576083005057974e-14,3.3446723719726097e-12
gold_fair_sources_sweep,a84b0bc54ae9,AnchorPlugin,FeasibleRestricted,150,100,20000,20,50,0.1,3.9188122657326856,1.0791456059772646,3.7247689707365215,100,0.2426047721217083,1.2221306810289736,0.46704590709605287,100,0.7985983995152633,0.7137028860356653,0.5944597058739709,100,0.056512945609186536,1.0725424255822864,-0.007331407733797035,100,0.7326080778080779,0.09420438670372903,0.7526613566613567,100,0.5442433233233234,0.08504465784887802,0.5573453453453454,100,0.7475946151940142,0.09244531167690753,0.7690813460172845,100,0.742973027573892,0.11254262648633558,0.7674322338525915,100,0.7393978662499507,0.12307719871522035,0.7716825252658726,100,0.7377268226328886,0.12985873244458007,0.7707424628986074,100,7.562947718085246,2.022504850512684,7.84655557237056,100,6.070697549313314,1.8760776360165299,6.405015176877389,100,1.0518240928255975,0.11728925246011776,1.0591670558523822,100,-0.08022297421390774,1.0956616771279237,-0.011812280334670931,100,0.5668490788217837,0.12826773126119556,0.5841413492355085,100,0.9304037330507381,0.6419877474554232,0.7115809118101064,100,1.6811445755203704,0.8732495504302354,1.4843849034773615,100,1.5878233467922096,0.8736135473260618,1.4865541342132875,100,0.6158419152339836,0.3275559724630021,0.541501722021239,100,0.9632327962435541,0.9195864815619861,0.871829896058094,100,0.4179475001374836,0.2246555263359822,0.3598863662323454,100,0.01211310532372329,0.008608817231320684,0.010822435192029252,100,48.52,1.702523379747209,49.0,100,11.16192855834961,3.679699240941552,11.076720476150513,100,-1.3735622793735862,3.896559845095909e-18,7.987947682446614e-16,-0.06750290127723989,0.5611886274899517,1.0,-0.24184116522116067,6.845862261106332e-05,0.007393531241994838,-0.06750290127723989,0.5611886274899517,1.0,0.27776034812034817,3.896559845095909e-18,7.987947682446614e-16,0.22955235235235236,3.896559845095909e-18,7.987497077178259e-16,0.27599991152750225,3.896559845095909e-18,7.987947682446614e-16,0.2781187825904109,4.0161556854627e-18,7.987947682446614e-16,0.2724380499681086,4.0161556854627e-18,7.987947682446614e-16,0.28268210504358837,3.896559845095909e-18,7.987947682446614e-16,2.7147024488388682,4.0161556854627e-18,7.987947682446614e-16,2.1054544192161706,4.0161556854627e-18,7.987947682446614e-16,-0.4473608698432761,6.957422823453746e-14,5.357215574059384e-12,0.2826221616475141,0.24797695110160245,1.0,0.3432959297211022,3.896559845095909e-18,7.987947682446614e-16,-0.5102066705429459,1.7079003674309875e-14,2.8009566025868194e-12,-1.3321592497283137,1.5137158701684123e-16,2.5279055031812486e-14,0.7224591890289149,4.2663227307182344e-18,7.987947682446614e-16,-0.7224591890289149,4.2663227307182344e-18,7.987947682446614e-16,0.4210908838432341,4.0161556854627e-18,7.987947682446614e-16,-0.4210908838432341,4.0161556854627e-18,7.987947682446614e-16,0.01211310532372329,3.896559845095909e-18,1.7534519302931591e-16,48.52,1.9073887627114042e-18,4.5255026333886757e-17,1.6837966442108154,0.00014307720449163792,0.0022892352718662068
gold_fair_sources_sweep,a84b0bc54ae9,EntropyBalancing,FeasibleRestricted,150,100,20000,20,50,0.1,2.963994643828484,1.3636714058588224,2.770039075160967,100,0.22509377567404415,1.370378700182386,0.1572191727399104,100,0.7574016905346683,0.5918810372114168,0.6705060749813005,100,0.03900194916152241,0.9634513398282774,-0.017190736332781564,100,0.8490570713370711,0.1112189019919061,0.8816817116817117,100,0.6798986986986988,0.12802964941217904,0.7005625625625626,100,0.8590353037973872,0.10679391034970558,0.8917101628640116,100,0.8540774813112035,0.12345863249355725,0.8814833797433408,100,0.8527680222389342,0.1293049858280164,0.8867209955425608,100,0.8496991284601317,0.13481702430562825,0.8756290239852383,100,8.642719965211592,2.097488047751226,8.83641704019728,100,6.947445538600165,1.9469350356168196,7.026348223507242,100,0.9484942849018957,0.09484494917061578,0.9606003176948837,100,-0.02123880492382148,0.9703779957478608,0.04209402010895408,100,0.7494261798439292,0.1687873967085407,0.795715140744859,100,0.8761381594801584,0.5411553323933003,0.7598479516080863,100,1.6247867658615882,0.9216578356860451,1.532897605685065,100,1.8420366471425262,0.8982295473160142,1.7829944776358326,100,0.3616286148836669,0.3274651739932008,0.28103240208692487,100,1.1385823941009243,0.9300547715431264,1.0145238605436249,100,0.24259790228011327,0.23347001447536073,0.1652665360549418,100,,,,0,,,,0,3.0523025012016296,1.613156977902312,2.8830406665802,100,-2.3283799012777875,3.896559845095909e-18,7.987947682446614e-16,-0.08501389772490406,0.7465418609724369,1.0,-0.283037874201756,0.008792885656901764,0.5891233390124182,-0.08501389772490406,0.7465418609724369,1.0,0.3942093416493417,3.896559845095909e-18,7.987947682446614e-16,0.3652077277277278,3.896559845095909e-18,7.987497077178259e-16,0.38744060013087533,3.896559845095909e-18,7.987947682446614e-16,0.3892232363277224,3.896559845095909e-18,7.987947682446614e-16,0.38580820595709225,3.896559845095909e-18,7.987947682446614e-16,0.3946544108708314,3.896559845095909e-18,7.987947682446614e-16,3.794474695965215,3.896559845095909e-18,7.987947682446614e-16,2.9822024085030225,3.896559845095909e-18,7.987947682446614e-16,-0.5506906777669778,2.2131438733610918e-15,2.434458260697201e-13,0.3416063309376004,0.23417989735759404,1.0,0.5258730307432478,3.896559845095909e-18,7.987947682446614e-16,-0.5644722441135258,2.5519374341677256e-11,3.8023867769099116e-09,-1.3885170593870961,8.944837342702531e-15,1.3417256014053797e-12,0.9766724893792316,3.896559845095909e-18,7.987947682446614e-16,-0.9766724893792316,3.896559845095909e-18,7.987947682446614e-16,0.5964404817006045,3.896559845095909e-18,7.987947682446614e-16,-0.5964404817006045,3.896559845095909e-18,7.987947682446614e-16,,,,,,,-6.425829412937165,4.670683307897806e-18,8.767259651465796e-16
gold_fair_sources_sweep,a84b0bc54ae9,Glmtrans_Auto,OracleTargetTreated,150,100,20000,20,50,0.1,0.6938535051129188,0.16241747084801333,0.6672304930892277,100,0.19540138030212595,1.6062942440203818,0.07258315629987888,100,0.07867011070575383,0.06504608600388881,0.07253239610031398,100,0.009309553789604212,0.10195563452893149,0.006756011255323324,100,0.9915227055227056,0.004665526879491088,0.9928140748140748,100,0.9252841241241242,0.019551533915950846,0.9280680680680681,100,0.9924411329729699,0.004286015351703786,0.993604696924741,100,0.9920456608315128,0.005387262088816057,0.9943183539769289,100,0.9923420272427735,0.005110623582390822,0.9934804369960274,100,0.9922110922118289,0.00534831273407348,0.9941688621876383,100,10.091124649217463,2.157629700504344,10.218766494826053,100,8.10151378052995,1.9596366632183173,8.156516693474916,100,1.021512993848103,0.02244872480946772,1.0226393814152734,100,-0.014812882327947911,0.12221205103612548,-0.007155828091589227,100,0.9848939484550833,0.008507168890229597,0.9873848137425498,100,0.1546998454597431,0.08023786367735468,0.1420599087046061,100,0.348797117356012,0.19117996230188805,0.3078366639835717,100,2.187016609039852,0.8670772288917888,2.1027765585978115,100,0.016648652986341217,0.008211306206989913,0.014520202962523987,100,1.3693960424868814,0.92428436301062,1.273310266278389,100,0.011784253894156214,0.007757558078841308,0.010402024801422854,100,,,,0,,,,0,21.473772432804108,5.220885026019521,19.828946113586426,100,-4.5985210399933525,3.896559845095909e-18,7.987947682446614e-16,-0.11470629309682222,0.38061003668382276,1.0,-0.9617694540306707,1.5013268321137124e-17,2.7474281027680937e-15,-0.11470629309682222,0.38061003668382276,1.0,0.5366749758349759,3.896559845095909e-18,7.987947682446614e-16,0.6105931531531532,3.896559845095909e-18,7.987497077178259e-16,0.5208464293064581,3.896559845095909e-18,7.987947682446614e-16,0.5271914158480316,3.896559845095909e-18,7.987947682446614e-16,0.5253822109609317,3.896559845095909e-18,7.987947682446614e-16,0.5371663746225288,3.896559845095909e-18,7.987947682446614e-16,5.242879379971081,3.896559845095909e-18,7.987947682446614e-16,4.136270650432807,3.896559845095909e-18,7.987947682446614e-16,-0.4776719688207707,1.2344747158137792e-13,9.135112897021966e-12,0.34803225353347395,0.09956676117970463,1.0,0.761340799354402,3.896559845095909e-18,7.987947682446614e-16,-1.2859105581339412,3.896559845095909e-18,7.987947682446614e-16,-2.664506707892672,3.896559845095909e-18,7.987947682446614e-16,1.3216524512765573,3.896559845095909e-18,7.987947682446614e-16,-1.3216524512765573,3.896559845095909e-18,7.987947682446614e-16,0.8272541300865616,3.896559845095909e-18,7.987947682446614e-16,-0.8272541300865616,3.896559845095909e-18,7.987947682446614e-16,,,,,,,11.995640518665313,3.896559845095909e-18,8.767259651465796e-16
gold_fair_sources_sweep,a84b0bc54ae9,Glmtrans_DR_CrossFit,OracleTargetTreated,150,100,20000,20,50,0.1,1.084134146023404,0.3061061956485343,1.021238913766366,100,0.21500634607661145,1.5974236834429116,0.02346174043823352,100,0.13028506557406097,0.10417022365845358,0.11748922386064597,100,0.028914519564089716,0.16478044778375592,0.010569889177418357,100,0.9790801194001194,0.0117306118141098,0.9812058332058333,100,0.8805860260260259,0.031083320831037983,0.8835515515515515,100,0.9811259404718143,0.010789982376958203,0.9831617820949262,100,0.980298516600005,0.01243976231848829,0.9833421998221344,100,0.9816949560934536,0.009908301222365905,0.9838143381880458,100,0.9806848994056864,0.012652662913035923,0.9839834732260109,100,9.973107278435162,2.141154107037406,10.077389221249552,100,8.016625881475987,1.9465177946603596,8.086562916421975,100,0.994524127546603,0.029500742483834302,0.9946409811808801,100,-0.025926483969935618,0.18148216335981515,-0.0081058182335507,100,0.9626584070515309,0.020950363932873296,0.9663331058705928,100,0.18909571116318435,0.10443262992291073,0.162622775611523,100,0.40482351204356065,0.22338082033837403,0.36082409769822643,100,2.161517327010944,0.8660802241703981,2.0898349183149127,100,0.04214793501524925,0.02452597083346673,0.03666833353411114,100,1.3524184626760887,0.9253149765239962,1.260156258720401,100,0.02876183370494886,0.016000696123820015,0.025992066955262072,100,,,,0,,,,0,25.50447219133377,2.1114989896856877,25.115552067756653,100,-4.208240399082868,3.896559845095909e-18,7.987947682446614e-16,-0.09510132732233673,0.42905212231325207,1.0,-0.9101544991623632,8.74112997534717e-17,1.5122154857350604e-14,-0.09510132732233673,0.42905212231325207,1.0,0.5242323897123897,3.896559845095909e-18,7.987947682446614e-16,0.5658950550550551,3.896559845095909e-18,7.987497077178259e-16,0.5095312368053022,3.896559845095909e-18,7.987947682446614e-16,0.5154442716165236,3.896559845095909e-18,7.987947682446614e-16,0.5147351398116116,3.896559845095909e-18,7.987947682446614e-16,0.5256401818163859,3.896559845095909e-18,7.987947682446614e-16,5.124862009188782,3.896559845095909e-18,7.987947682446614e-16,4.051382751378844,3.896559845095909e-18,7.987947682446614e-16,-0.5046608351222702,2.8364093447304158e-14,2.325855662678941e-12,0.33691865189148623,0.11217194781344622,1.0,0.7391052579508497,3.896559845095909e-18,7.987947682446614e-16,-1.2515146924305,3.896559845095909e-18,7.987947682446614e-16,-2.608480313205124,3.896559845095909e-18,7.987947682446614e-16,1.2961531692476496,3.896559845095909e-18,7.987947682446614e-16,-1.2961531692476496,3.896559845095909e-18,7.987947682446614e-16,0.8102765502757688,3.896559845095909e-18,7.987947682446614e-16,-0.8102765502757688,3.896559845095909e-18,7.987947682446614e-16,,,,,,,16.026340277194976,3.896559845095909e-18,8.767259651465796e-16
gold_fair_sources_sweep,a84b0bc54ae9,Glmtrans_OptionB,FeasibleRestricted,150,100,20000,20,50,0.1,2.3912441570603606,1.2124939324397197,2.087502108986417,100,0.11638135972174833,1.5038948156734766,0.14105989737756647,100,0.680689039634452,0.5047659982591336,0.5800929815869926,100,-0.06971046679077338,0.8472885126111813,-0.07261017337763254,100,0.9018734503934505,0.08988436190539444,0.9285584205584205,100,0.7500875275275276,0.11624737075023106,0.7706666666666667,100,0.9089968027510632,0.08607636740008934,0.9361900180278371,100,0.907184394113433,0.09798632035115604,0.9381725357154671,100,0.9055004521311024,0.09891092399884133,0.9358532329362178,100,0.9036509800211728,0.10377458782726695,0.9317899892539029,100,9.203839183685476,2.144430316752873,9.30625088655922,100,7.38476296773955,1.946829222723595,7.505981869577898,100,0.9980711037743472,0.10276054471962104,1.000834192288763,100,0.052076808562491396,0.8451087446725558,0.021914475953679596,100,0.8340844872920131,0.13999846481406286,0.8781122163692139,100,0.7837239902841492,0.4881577226922772,0.6609219499824119,100,1.435803359011276,0.9411999867085927,1.2712737824432536,100,1.9685540266512573,0.866236676159469,1.8802453403891397,100,0.235111235374936,0.25200592113565035,0.15573870860834416,100,1.2260458799288014,0.9135661578588155,1.1878227729609687,100,0.1551344164522362,0.1824277632174371,0.10207248007229924,100,,,,0,,,,0,19.86186930179596,4.385948541426672,19.037440061569214,100,-2.9011303880459116,3.896559845095909e-18,7.987947682446614e-16,-0.19372631367719986,0.1972688546672764,1.0,-0.35975052510197214,0.00010365682261626461,0.011091280019940314,-0.19372631367719986,0.1972688546672764,1.0,0.4470257207057207,3.896559845095909e-18,7.987947682446614e-16,0.4353965565565566,3.896559845095909e-18,7.987497077178259e-16,0.4374020990845512,3.896559845095909e-18,7.987947682446614e-16,0.4423301491299516,3.896559845095909e-18,7.987947682446614e-16,0.43854063584926045,3.896559845095909e-18,7.987947682446614e-16,0.4486062624318727,3.896559845095909e-18,7.987947682446614e-16,4.3555939144390985,3.896559845095909e-18,7.987947682446614e-16,3.419519837642408,3.896559845095909e-18,7.987947682446614e-16,-0.5011138588945263,3.6015361654799444e-14,2.9172442940387547e-12,0.4149219444239132,0.0868440173822393,1.0,0.6105313381913315,3.896559845095909e-18,7.987947682446614e-16,-0.6568864133095351,2.1228354031947738e-13,3.396536645111638e-11,-1.5775004662374084,1.0148444729189685e-15,1.61360271194116e-13,1.1031898688879627,3.896559845095909e-18,7.987947682446614e-16,-1.1031898688879627,3.896559845095909e-18,7.987947682446614e-16,0.6839039675284815,3.896559845095909e-18,7.987947682446614e-16,-0.6839039675284815,3.896559845095909e-18,7.987947682446614e-16,,,,,,,10.383737387657165,9.601770743442903e-18,8.767259651465796e-16
gold_fair_sources_sweep,a84b0bc54ae9,IPWTransport,FeasibleRestricted,150,100,20000,20,50,0.1,2.8784100074406034,1.3829018972997345,2.69607347877276,100,0.22912345106344179,1.373725909043033,0.17742324705408385,100,0.756844558305679,0.6006038463944373,0.6727728211441396,100,0.043031624550920036,0.9682222046628574,-0.012271359876291965,100,0.8570386508386509,0.11072291371800978,0.8879213159213158,100,0.6909059459459459,0.13000776073675416,0.7075895895895896,100,0.8665824089054067,0.10614254433474019,0.8952681240209175,100,0.861957813605201,0.12024925414840158,0.8810097209178984,100,0.8603393322346732,0.12793445992111965,0.8867783614575426,100,0.8576533881711039,0.13447411803527326,0.8831845203541402,100,8.719416385973682,2.0885554414176366,8.879988173773718,100,7.0056389814685405,1.9502669561929202,7.155674770516105,100,0.9671836278797875,0.09215002779351977,0.9795406355710856,100,-0.03020220244097941,0.9783121083146347,0.030615069916785496,100,0.762268504095264,0.16814520788787896,0.8030975017867922,100,0.8604627152131873,0.5549482512239255,0.7705108198039257,100,1.530503827604033,0.9072649366120888,1.3526375612243324,100,1.8584029429422788,0.8994480361944562,1.7906965679718274,100,0.34526231908391464,0.3316619646150056,0.26357735950361577,100,1.1502210826745989,0.9313943165043506,1.0383568501572182,100,0.23095921370643846,0.2350751490140764,0.16082430967621136,100,,,,0,,,,0,0.9953597640991211,0.8069097418617606,0.903131365776062,100,-2.4139645376656684,3.896559845095909e-18,7.987947682446614e-16,-0.08098422233550641,0.7779874954111793,1.0,-0.2835950064307454,0.0063992187977039445,0.45434453463698005,-0.0809842223355064,0.7779874954111793,1.0,0.40219092115092125,3.896559845095909e-18,7.987947682446614e-16,0.3762149749749749,3.896559845095909e-18,7.987497077178259e-16,0.3949877052388948,3.896559845095909e-18,7.987947682446614e-16,0.39710356862171997,3.896559845095909e-18,7.987947682446614e-16,0.3933795159528311,3.896559845095909e-18,7.987947682446614e-16,0.40260867058180366,3.896559845095909e-18,7.987947682446614e-16,3.871171116727303,3.896559845095909e-18,7.987947682446614e-16,3.0403958513713967,3.896559845095909e-18,7.987947682446614e-16,-0.5320013347890861,5.950277403502358e-15,5.771769081397286e-13,0.3326429334204424,0.255084772503005,1.0,0.5387153549945827,3.896559845095909e-18,7.987947682446614e-16,-0.5801476883804969,1.4155203526309298e-11,2.1657461395253225e-09,-1.4827999976446506,9.595359087770175e-16,1.5448528131309982e-13,0.9930387851789838,3.896559845095909e-18,7.987947682446614e-16,-0.9930387851789839,3.896559845095909e-18,7.987947682446614e-16,0.6080791702742793,3.896559845095909e-18,7.987947682446614e-16,-0.6080791702742793,3.896559845095909e-18,7.987947682446614e-16,,,,,,,-8.482772150039672,3.896559845095909e-18,8.767259651465796e-16
gold_fair_sources_sweep,a84b0bc54ae9,OutcomeModelTransport,FeasibleRestricted,150,100,20000,20,50,0.1,2.8319871811908213,1.389627055785509,2.6796775941463076,100,0.2125320783335035,1.3554203753553782,0.17409122394387883,100,0.7507581612029505,0.5708217988500546,0.6550346424542774,100,0.026440251820981756,0.9457602791055482,-0.0781066098915425,100,0.8608393582393583,0.1104363276728921,0.8860763140763142,100,0.6961385385385386,0.13068604951566276,0.7063823823823824,100,0.8701663850497409,0.10586021671373648,0.8959592575090356,100,0.8667815257812816,0.11664360712947439,0.8898655938472297,100,0.8634181857098582,0.12728393551917466,0.8869557167926112,100,0.8615618552602607,0.1312849219545334,0.8895118599521579,100,8.763293148225735,2.0588124965116545,8.892825439822335,100,7.027487826438956,1.9462780955513246,7.204630439317601,100,0.9790684370384188,0.09031233105128605,0.9880970321199565,100,-0.01923267063763481,0.9635586885386807,0.06368358185013616,100,0.7685264925015984,0.16715006543317418,0.804149573948834,100,0.8418423354478822,0.5283627039241118,0.7370810138131054,100,1.4706751093929007,0.8615870760770973,1.312099165152199,100,1.8664823646112112,0.8960378813680232,1.797327849702147,100,0.3371828974149821,0.3369424403829314,0.2557504065565508,100,1.1545908516686827,0.9300518162293082,1.0799523466242262,100,0.22658944471235506,0.23755815108806708,0.16721516161318115,100,,,,0,,,,0,0.1747578740119934,0.11491919938043221,0.1408458948135376,100,-2.4603873639154514,3.896559845095909e-18,7.987947682446614e-16,-0.09757559506544472,0.6598606407090197,1.0,-0.2896814035334739,0.005642716048316827,0.41191827152712834,-0.0975755950654447,0.6598606407090197,1.0,0.4059916285516285,3.896559845095909e-18,7.987947682446614e-16,0.3814475675675675,3.896559845095909e-18,7.987497077178259e-16,0.39857168138322874,3.896559845095909e-18,7.987947682446614e-16,0.4019272807978006,3.896559845095909e-18,7.987947682446614e-16,0.3964583694280161,3.896559845095909e-18,7.987947682446614e-16,0.40651713767096054,3.896559845095909e-18,7.987947682446614e-16,3.9150478789793572,3.896559845095909e-18,7.987947682446614e-16,3.0622446963418133,3.896559845095909e-18,7.987947682446614e-16,-0.5201165256304549,1.2041350928165e-14,1.0957629344630151e-12,0.343612465223787,0.21835267660855628,1.0,0.544973343400917,3.896559845095909e-18,7.987947682446614e-16,-0.598768068145802,1.2776870584534695e-12,2.0315224229410164e-10,-1.542628715855784,2.328219678879701e-16,3.864844666940304e-14,1.0011182068479165,3.896559845095909e-18,7.987947682446614e-16,-1.0011182068479165,3.896559845095909e-18,7.987947682446614e-16,0.6124489392683626,3.896559845095909e-18,7.987947682446614e-16,-0.6124489392683626,3.896559845095909e-18,7.987947682446614e-16,,,,,,,-9.303374040126801,3.896559845095909e-18,8.767259651465796e-16
gold_fair_sources_sweep,a84b0bc54ae9,ProxyOnly,FeasibleRestricted,150,100,20000,20,50,0.1,5.292374545106271,0.9657844291095907,5.121708805497499,100,0.3101076733989482,1.7540274169864405,0.5045092816869973,100,1.0404395647364242,0.8404463137086352,0.9163410664550602,100,0.12401584688642645,1.335763340102486,0.010022406812688234,100,0.45484772968772974,0.08916483712738561,0.46471037071037075,100,0.31469097097097104,0.06544343912761627,0.3208588588588589,100,0.4715947036665119,0.08992237776521697,0.47916655751253245,100,0.46485424498348116,0.1434487593035204,0.4809870819620572,100,0.46695981628184213,0.15587978548907924,0.49084245481173916,100,0.45504471758930015,0.18528880859800922,0.48734044016441525,100,4.848245269246379,2.050824645363961,4.891532834331184,100,3.965243130097144,1.8710619290894974,4.021952042671504,100,1.4991849626688734,0.46469611505969105,1.5298943827759062,100,-0.3628451358614218,2.1973231422086705,-0.4075903639608842,100,0.22355314910068153,0.0819361725537571,0.22721191412211883,100,1.4406104035936844,0.6728106267565218,1.343544522822142,100,3.0133038252486846,1.1525751598752285,2.8252630000632406,100,0.8653641577632948,0.9230902497571899,0.8278416522850678,100,1.3383011042628985,0.4560775792013945,1.1979504355729966,100,0.5421419124003201,0.8997507782239631,0.4516776858391656,100,0.8390383839807177,0.23605515535270488,0.799432899136108,100,0.0,0.0,0.0,100,0.0,0.0,0.0,100,9.478131914138794,3.24616567168029,8.588326215744019,100,,,,,,,,,,,,,,,,,,,,,,,,,,,,,,,,,,,,,,,,,,,,,,,,,,,,,,,,,,,,,,,,,,,,,,,,
gold_fair_sources_sweep,a84b0bc54ae9,TargetOnlyDR,OracleTargetTreated,150,100,20000,20,50,0.1,4.7819281127307285,0.7678226042839509,4.710763904655755,100,0.23909943971677233,1.5975658532601897,0.06964197728987938,100,0.36833587810649376,0.3101809007508255,0.2637470817246087,100,0.053007613204250584,0.48001639420820247,0.0008437895397596581,100,0.5878839376839378,0.06028428847924707,0.5862931722931723,100,0.41626602602602597,0.04769302196705099,0.41606606606606605,100,0.6056934026672179,0.05918335329096628,0.6072238134091064,100,0.585848254078849,0.10418121885712406,0.6124125144846122,100,0.5951456098325558,0.10696921159079878,0.6120158712120306,100,0.5987927909523346,0.12046979881531203,0.6246564297901418,100,6.0552094226857545,1.9533219688149857,6.102999916822734,100,4.979797137652387,1.777950535030397,4.925839180675428,100,1.5407751929196731,0.3824850731285179,1.4913403138736852,100,-0.14714864491535118,1.132732093199679,-0.03549457473036169,100,0.35155741208117947,0.07650902536447308,0.3537193629553176,100,1.226153651226889,0.4236576601654096,1.1560544964649926,100,2.8730725868198794,1.009615729757469,2.7330810785488016,100,1.3055654859372872,0.8783621085839897,1.2202308178334293,100,0.8980997760889059,0.22477811255301497,0.8935799608718501,100,0.7450527139113686,0.9249113347612179,0.6036460200416836,100,0.6361275824696692,0.15016222053663747,0.6160340058132414,100,0.0,0.0,0.0,100,0.0,0.0,0.0,100,10.383085989952088,4.428033163216381,9.44408118724823,100,-0.5104464323755435,9.044445868078014e-18,7.987947682446614e-16,-0.07100823368217585,0.4660476227591346,1.0,-0.6721036866299306,3.575759291560147e-10,4.970305415268604e-08,-0.07100823368217585,0.4660476227591346,1.0,0.13303620799620802,3.67462457090672e-16,4.409549485088064e-15,0.10157505505505504,2.926041629852011e-16,3.511249955822413e-15,0.1340986990007061,2.926041629852011e-16,3.511249955822413e-15,0.1209940090953678,7.010908510760051e-13,9.815271915064073e-12,0.1281857935507137,3.4412810293497976e-15,4.4736653381547367e-14,0.1437480733630344,4.001557931101309e-16,7.001127156166824e-15,1.2069641534393745,1.020989132309891e-12,1.4293847852338473e-11,1.014554007555243,4.405428848631553e-15,5.72705750322102e-14,0.0415902302507999,0.49166378509120057,1.0,0.21569649094607063,0.23553461229179673,1.0,0.1280042629804979,3.4412810293497976e-15,4.4736653381547367e-14,-0.21445675236679548,0.0070980586409156495,0.3761971079685294,-0.1402312384288049,0.4210690066046685,1.0,0.4402013281739927,4.095126545597987e-17,1.2328073778844633e-15,-0.4402013281739927,4.095126545597987e-17,1.2328073778844633e-15,0.20291080151104868,4.405428848631553e-15,5.72705750322102e-14,-0.20291080151104868,4.405428848631553e-15,5.72705750322102e-14,0.0,,,0.0,,,0.9049540758132935,0.1402014247124573,0.830172677616174
gold_fair_sources_sweep,b2f8cd3ceade,AnchorOnly,OracleTargetTreated,100,50,10000,10,50,0.1,5.5335597204788725,1.2954498586591408,5.229173095735542,100,0.11024610271697176,1.9476232975559147,0.12708428431053947,100,0.5507903052374448,0.41257229299096726,0.4423858624160334,100,0.017438067344154522,0.6901760953197031,0.10322019689460869,100,0.4782981474981476,0.08832526554219627,0.4853868533868534,100,0.33232784784784786,0.06471207698214602,0.33763763763763766,100,0.49468430128272567,0.09017281369974736,0.5080213077454743,100,0.4451953923718643,0.15638531988755186,0.4680423999074027,100,0.4514908586607349,0.25820672470728173,0.4925411630082225,100,0.4755127932504914,0.1761061470656388,0.507379841628651,99,4.897373952092463,2.131798062929005,4.787422964361143,100,4.165982020046407,1.9926210449105997,4.002339254340094,100,1.1232988837357236,0.38980106520144325,1.1235749550990088,100,0.08555189785867637,0.9104701012733246,0.017423911577455146,100,0.22138262862951405,0.08891712981331241,0.2253384202710692,100,1.1338141971791322,0.39781443040291486,1.1068328314812272,100,2.8766233785017334,1.6414527748590624,2.5087505136240456,100,1.3571114244914455,1.0114209117197135,1.312396967093388,100,1.1702377024396646,0.41425235208141303,1.0811800279136203,100,0.7711182510532475,0.8999442232694511,0.7487421649309366,100,0.8918117634925463,0.32081095164600415,0.8092244250139192,100,0.00697937954525778,0.0035047912281648535,0.006284487046961881,100,19.65,2.551984769277878,20.0,100,12.533475992679596,1.6052334246705169,12.594117164611816,100,-0.21931023871416258,7.950279114774595e-09,7.950279114774595e-08,0.01913428623471568,0.817806007749672,1.0,-0.606013078636969,5.7735411846228725e-08,7.621074363702192e-06,0.01913428623471568,0.817806007749672,1.0,0.04729238965238966,6.555148111526926e-06,2.6220592446107705e-05,0.03518018018018018,5.2191436508378124e-06,2.087657460335125e-05,0.04804557340114233,4.888105250042001e-06,1.9552421000168004e-05,0.02124856844841353,0.08940730920445931,0.4470365460222966,0.050863098870056106,3.082967206861299e-05,0.00024663737654890395,0.05749206615397098,9.397284668675128e-07,5.638370801205077e-06,0.15901968260621333,0.09269672784481875,0.46348363922409375,0.34107157954478934,5.750054383821226e-05,0.0004025038068674858,-0.5133520485141502,2.269503677346155e-11,1.4524823535015391e-09,0.13894388893369286,0.2288162707681446,1.0,0.015650089629669378,0.14112810604636963,0.3729304708423709,-0.442039748786319,3.946318137010482e-07,3.827928592900167e-05,-0.41192013879575673,0.0063992187977039445,0.35195703387371696,0.2631278636144499,4.56750360438978e-11,2.740502162633868e-10,-0.26312786361444984,4.56750360438978e-11,2.740502162633868e-10,0.06821431590895786,5.750054383821226e-05,0.0004025038068674858,-0.06821431590895786,5.750054383821226e-05,0.0004025038068674858,0.00697937954525778,3.896559845095909e-18,1.7534519302931591e-16,19.65,3.326384593471261e-18,4.5255026333886757e-17,4.481487307548523,3.896559845095909e-18,8.767259651465796e-16
gold_fair_sources_sweep,b2f8cd3ceade,AnchorPlugin,FeasibleRestricted,100,50,10000,10,50,0.1,4.387553560906032,1.4174874146454408,4.027898990150266,100,0.03416108736637858,1.1602207756716714,-0.02498906200272942,100,1.0067001214418114,0.8689651988700658,0.8069838230677506,100,-0.058646948006438715,1.3324069439636428,-0.09869816932945746,100,0.7110109164109163,0.11087042803802524,0.7280558420558421,100,0.5248231831831831,0.09435418817499373,0.5347207207207207,100,0.7261972628044333,0.10992119960805335,0.7435952437260342,100,0.7110085908444544,0.14637142912544623,0.7378246337182364,100,0.7021644581670214,0.21560308685438237,0.7475249507026942,100,0.7106201426716273,0.15487711105169416,0.7529161960828626,99,7.704726331987385,2.5472022320501164,7.458667894476314,100,6.217317730991627,2.4001347421017014,5.855582181014531,100,1.083762719510929,0.17267149094199652,1.0568703772562422,100,0.035751218977227814,1.3225255675364769,0.0898400267651447,100,0.5387247143557985,0.1392567690920673,0.5537093360497555,100,1.194022687888009,0.8030118252281243,1.0256673967741499,100,2.185221929851952,1.3784716407810913,1.8561444380801388,100,1.8003136233958648,0.9906349652337582,1.6866163691103804,100,0.7270355035352452,0.44731901184973,0.6098013403159461,100,1.1813853932422915,0.9130826675942297,1.1456006942802084,100,0.4815446213035024,0.29599503562096685,0.39651319370800675,100,0.020712870668570287,0.012335921005058356,0.019295770772844757,100,46.26,3.132172576743665,47.0,100,9.82644077539444,2.6094290899819494,9.95306134223938,100,-1.365316398287002,4.3971135541818935e-18,7.987947682446614e-16,-0.05695072911587751,0.09608261214226986,1.0,-0.15010326243260205,0.034761014534853515,1.0,-0.05695072911587749,0.09608261214226986,1.0,0.28000515856515856,3.896559845095909e-18,7.987947682446614e-16,0.2276755155155155,4.0161556854627e-18,7.987497077178259e-16,0.27955853492284993,3.896559845095909e-18,7.987947682446614e-16,0.28706176692100366,4.531861061109546e-18,7.987947682446614e-16,0.30153669837634267,4.531861061109546e-18,7.987947682446614e-16,0.2925994155751069,6.055964751718375e-18,7.987947682446614e-16,2.9663720625011347,7.55704804907942e-18,7.987947682446614e-16,2.3924072904900093,5.94331234302936e-18,7.987947682446614e-16,-0.5528882127389451,1.0104199612316775e-16,1.4449005445612988e-14,0.08914321005224421,0.4371225373859976,1.0,0.33299217535595366,3.896559845095909e-18,7.987947682446614e-16,-0.38183125807744245,4.172445151568837e-10,5.340729794008111e-08,-1.1033215874455373,1.6409015596347118e-13,2.1331720275251254e-11,0.7063300625188695,4.9610417082651575e-18,7.987947682446614e-16,-0.7063300625188697,4.9610417082651575e-18,7.987947682446614e-16,0.4784814580980019,5.94331234302936e-18,7.987947682446614e-16,-0.4784814580980018,5.94331234302936e-18,7.987947682446614e-16,0.020712870668570287,3.896559845095909e-18,1.7534519302931591e-16,46.26,3.1849588370889675e-18,4.5255026333886757e-17,1.7744520902633667,5.856625244067156e-07,1.5227225634574606e-05
gold_fair_sources_sweep,b2f8cd3ceade,EntropyBalancing,FeasibleRestricted,100,50,10000,10,50,0.1,3.5861283444594396,1.7446153225290568,3.363593396961061,100,0.06936981289817451,1.5242591889617532,0.18005766059542513,100,0.9905304621419773,0.8222407596464509,0.7832102259485878,100,-0.02343822247464276,1.290963274487276,-0.029593684613506352,100,0.8124518246918246,0.13954321445217685,0.8413380733380733,100,0.6387422622622623,0.14190482235997762,0.6515255255255255,100,0.823974809121066,0.1353271304830957,0.8537253154540526,100,0.8126585900727932,0.1613798285167368,0.8585673700785145,100,0.8030990162963849,0.20771053080930615,0.8579161450079635,100,0.8146820855426464,0.15616259636067614,0.8655661810532869,99,8.71100451405436,2.7038673381244718,8.70099539681285,100,6.983415871368979,2.4640783319994273,6.943667833253893,100,0.9536320139290414,0.1464857874039825,0.9550374926009608,100,-0.002741573675310912,1.2694776630986675,0.0006938038580564652,100,0.6969130289816211,0.1921006493727856,0.7294232049577047,100,1.1378437836880724,0.7970955039093104,0.977817640343736,100,2.1344452326200436,1.4952079462712382,1.7812504329815768,100,2.0239737840729264,1.0245005790882795,1.9801950567949578,100,0.5033753428581835,0.5003272404786757,0.3622704160318533,100,1.3346050213177616,0.9225582995792175,1.3487010160898156,100,0.3283249932280322,0.33750645728019524,0.2586349064516321,100,,,,0,,,,0,2.4060095596313475,1.644594015924753,2.189685106277466,100,-2.1667416147335943,4.813701823147399e-18,7.987947682446614e-16,-0.021742003584081546,0.31207984904087294,1.0,-0.16627292173243635,0.13563807876829767,1.0,-0.021742003584081543,0.31207984904087294,1.0,0.38144606684606686,4.0161556854627e-18,7.987947682446614e-16,0.3415945945945946,4.0161556854627e-18,7.987497077178259e-16,0.3773360812394828,3.896559845095909e-18,7.987947682446614e-16,0.3887117661493423,4.139373908714419e-18,7.987947682446614e-16,0.4024712565057061,4.2663227307182344e-18,7.987947682446614e-16,0.39666135844612604,5.697220948724935e-18,7.987947682446614e-16,3.9726502445681104,4.139373908714419e-18,7.987947682446614e-16,3.158505430867359,4.2663227307182344e-18,7.987947682446614e-16,-0.6830189183208326,2.483725635893387e-17,4.247170837377692e-15,0.05065041739970553,0.2727176260813148,1.0,0.4911804899817765,4.0161556854627e-18,7.987947682446614e-16,-0.43801016227737916,2.7430652036712907e-07,2.7430652036712905e-05,-1.1540982846774457,1.0896817615476799e-11,1.0896817615476798e-09,0.9299902231959308,4.2663227307182344e-18,7.987947682446614e-16,-0.9299902231959308,4.2663227307182344e-18,7.987947682446614e-16,0.6317010861734719,4.2663227307182344e-18,7.987947682446614e-16,-0.6317010861734719,4.2663227307182344e-18,7.987947682446614e-16,,,,,,,-5.645979125499725,4.531861061109546e-18,8.767259651465796e-16
gold_fair_sources_sweep,b2f8cd3ceade,Glmtrans_Auto,OracleTargetTreated,100,50,10000,10,50,0.1,1.6308721686545378,0.8370964419181646,1.3923763598589054,100,0.07647280171070982,1.8925834559357895,0.012884129038438004,100,0.2417785529885212,0.2548698408477662,0.17465387533314553,100,-0.016335233662107384,0.3517619119079651,-0.026583000113281963,100,0.9575866964266966,0.03918725520668957,0.9707881547881547,100,0.8357722122122123,0.06853761996475581,0.8537397397397397,100,0.9613438495105621,0.036688383845137874,0.9734892425390962,100,0.9592047616361958,0.0416736974129072,0.9711503662979064,100,0.9578958382567829,0.04175444838770721,0.9739364831821389,100,0.9594118739923436,0.0403882793284931,0.9726062966679843,99,10.33963473082881,2.8404816908913135,10.181556154837498,100,8.273880427158389,2.5794137994176083,8.399625465678866,100,1.018662859957878,0.05230499795871276,1.0201985031717324,100,0.021050375230237353,0.35864588685689686,0.021623725006009266,100,0.9254990976581119,0.06755115541520738,0.9467500491321919,100,0.3483288235639639,0.2545411976750129,0.2827110687137415,100,0.7306209789798142,0.45497230539254263,0.6180583633997649,100,2.4308997802888115,1.0555835104190172,2.2629729227088204,100,0.0964493466422987,0.10024800815927573,0.06183563017059107,100,1.5926979324756436,0.9437311689104875,1.4932124573125436,100,0.07023208207014997,0.07429195470413003,0.04421472137195326,100,,,,0,,,,0,13.463089632987977,1.3196779867156052,13.410030961036682,100,-4.121997790538496,3.896559845095909e-18,7.987947682446614e-16,-0.01463901477154627,0.695081095368113,1.0,-0.9150248308858923,5.950277403502358e-15,9.520443845603772e-13,-0.01463901477154623,0.695081095368113,1.0,0.5265809385809387,3.896559845095909e-18,7.987947682446614e-16,0.5386245445445446,3.896559845095909e-18,7.987497077178259e-16,0.5147051216289786,3.896559845095909e-18,7.987947682446614e-16,0.5352579377127449,3.896559845095909e-18,7.987947682446614e-16,0.5572680784661039,3.896559845095909e-18,7.987947682446614e-16,0.5413911468958231,5.697220948724935e-18,7.987947682446614e-16,5.601280461342559,3.896559845095909e-18,7.987947682446614e-16,4.4489699866567705,3.896559845095909e-18,7.987947682446614e-16,-0.6179880722919959,1.7478232297301266e-16,2.429474289324876e-14,0.07444236630525376,0.38061003668382276,1.0,0.7197665586582671,3.896559845095909e-18,7.987947682446614e-16,-1.2275251224014874,5.767203615817138e-18,9.861918183047306e-16,-2.557922538317676,4.670683307897806e-18,8.080282122663204e-16,1.336916219411816,3.896559845095909e-18,7.987947682446614e-16,-1.336916219411816,3.896559845095909e-18,7.987947682446614e-16,0.8897939973313542,3.896559845095909e-18,7.987947682446614e-16,-0.8897939973313542,3.896559845095909e-18,7.987947682446614e-16,,,,,,,5.411100947856903,3.896559845095909e-18,8.767259651465796e-16
gold_fair_sources_sweep,b2f8cd3ceade,Glmtrans_DR_CrossFit,OracleTargetTreated,100,50,10000,10,50,0.1,2.9313139804136905,1.4186003894071786,2.5536394046726514,100,0.1094213436478738,1.9533005939702615,0.01768159678877957,100,0.35394690469391554,0.36738965053407874,0.22634942987492546,100,0.016613308275056592,0.5111166356609936,-0.008624827733293039,100,0.8703357150629878,0.09879289736601372,0.8975532935532937,99,0.7026965955854845,0.11310422144694944,0.7187347347347348,99,0.8709963932307204,0.12838865594347937,0.903371992962811,100,0.8677575962466854,0.13370280666581064,0.8973461851387352,100,0.8626262861915974,0.14028724056759276,0.9034248989876567,100,0.8632243910010298,0.14319641358418575,0.9105695152505606,99,9.335713101453509,2.834835238112609,9.288204581695846,100,7.454818094056267,2.5538626898309187,7.422611723571327,100,0.9352763621630552,0.14409899242042254,0.9469780576701244,100,-0.028804008249516927,0.5052130379267079,0.001694736539477913,100,0.7747514590776933,0.16767223556895136,0.8160345877862439,100,0.6454023985855032,0.49741681158163387,0.502803238567092,100,1.4729823670437128,1.2386890150415262,1.029862397416577,100,2.2075191160574397,1.0688784073031916,2.080079099674529,100,0.3198300108736703,0.3192589673790631,0.2183952420433537,100,1.4288854658552195,0.9569977842864489,1.4011234588733457,100,0.23404454869057453,0.24605392135664578,0.16038985777099846,100,,,,0,,,,0,16.8249929523468,1.200939402680778,16.625242829322815,100,-2.8215559787793434,4.3971135541818935e-18,7.987947682446614e-16,0.018309527165617755,0.7806252551793645,1.0,-0.8028564791804982,3.1042302951154142e-12,4.532176230868505e-10,0.018309527165617755,0.7806252551793645,1.0,0.43907585107585106,5.697220948724935e-18,7.987947682446614e-16,0.4053557800224467,5.697220948724935e-18,7.987497077178259e-16,0.424357665349137,1.6412062569258175e-17,7.987947682446614e-16,0.4438107723232347,2.794684092654649e-17,1.257607841694592e-15,0.4619985264009183,2.5581057720235416e-17,1.0232423088094166e-15,0.44520366390450933,3.484832265303279e-17,1.1331893458817622e-15,4.597358831967259,2.0802135592284146e-17,9.568982372450707e-16,3.629907653554648,1.960659347540535e-17,8.626901129178354e-16,-0.7013745700868186,3.433907108732613e-17,5.631607658321485e-15,0.024587982825499535,0.579872956766072,1.0,0.5690189200778486,4.2663227307182344e-18,7.987947682446614e-16,-0.9304515473799485,1.1408997548745529e-14,1.8824845955430124e-12,-1.8155611502537767,6.26479522754658e-14,8.708065366289746e-12,1.1135355551804442,5.767203615817138e-18,7.987947682446614e-16,-1.1135355551804442,5.767203615817138e-18,7.987947682446614e-16,0.7259815307109295,1.960659347540535e-17,8.626901129178354e-16,-0.7259815307109295,1.960659347540535e-17,8.626901129178354e-16,,,,,,,8.773004267215729,3.896559845095909e-18,8.767259651465796e-16
gold_fair_sources_sweep,b2f8cd3ceade,Glmtrans_OptionB,FeasibleRestricted,100,50,10000,10,50,0.1,3.1442341570273866,1.624053814516605,2.9284327966168675,100,0.09977466186288166,1.5793993044175745,0.1502518096545352,100,0.9097743601369247,0.8035064442392735,0.6579072792187424,100,0.006966626490064409,1.2172195640158054,-0.010632724809044924,100,0.8567883521883524,0.11726248084330566,0.8865521865521866,100,0.6919270070070073,0.13476254809012872,0.7090590590590591,100,0.8664701715399071,0.11197029429619736,0.8975633351901707,100,0.8581744892871478,0.12774465921131006,0.898116440352789,100,0.8514260699568378,0.14285236930284442,0.9036132129275067,100,0.8562931354384632,0.1357983465959824,0.9049577534976394,99,9.219178631044077,2.7341692619189484,9.031386683899825,100,7.376720792739602,2.4986430374219246,7.2646674303714,100,1.0138823424502754,0.1319002835638087,1.0050193635031512,100,-0.036109944951190596,1.1991591091815148,0.005335906437817596,100,0.7627943338217094,0.17542676092847218,0.8076639590129373,100,1.0490129761086153,0.7684861359979076,0.7902026090146748,100,1.9164496525260426,1.3312274849744805,1.408660578349463,100,2.14099617597819,1.0688941194369337,2.1093805218446686,100,0.38635295095292,0.41197959474497964,0.2597705735048522,100,1.4132660055918864,0.9514750491513826,1.3986109615265123,100,0.24966400895390745,0.26649553048055274,0.17779251627054593,100,,,,0,,,,0,12.380563352108002,1.0030669921156108,12.195119142532349,100,-2.6086358021656473,4.0161556854627e-18,7.987947682446614e-16,0.008662845380625662,0.42305657051311696,1.0,-0.24702902373748895,0.02010901408480256,1.0,0.008662845380625653,0.42305657051311696,1.0,0.4257825943425943,3.896559845095909e-18,7.987947682446614e-16,0.39477933933933945,3.896559845095909e-18,7.987497077178259e-16,0.41983144365832364,3.896559845095909e-18,7.987947682446614e-16,0.43422766536369706,3.896559845095909e-18,7.987947682446614e-16,0.4507983101661589,3.896559845095909e-18,7.987947682446614e-16,0.43827240834194264,5.697220948724935e-18,7.987947682446614e-16,4.480824361557826,3.896559845095909e-18,7.987947682446614e-16,3.551810352237983,3.896559845095909e-18,7.987947682446614e-16,-0.6227685897995986,4.4713463414559033e-17,7.064727219500327e-15,0.017282046123825837,0.23014890602725357,1.0,0.5570617948218647,3.896559845095909e-18,7.987947682446614e-16,-0.5268409698568363,9.96915585881586e-10,1.1863295471990873e-07,-1.3720938647714465,1.084172153415953e-13,1.4419489640432175e-11,1.0470126151011945,4.0161556854627e-18,7.987947682446614e-16,-1.0470126151011945,4.0161556854627e-18,7.987947682446614e-16,0.7103620704475965,3.896559845095909e-18,7.987947682446614e-16,-0.7103620704475965,3.896559845095909e-18,7.987947682446614e-16,,,,,,,4.3285746669769285,4.0161556854627e-18,8.767259651465796e-16
gold_fair_sources_sweep,b2f8cd3ceade,IPWTransport,FeasibleRestricted,100,50,10000,10,50,0.1,3.4902554023749754,1.7706431081681449,3.3684887006937654,100,0.06995137578243407,1.5319191837937942,0.15329431325349244,100,0.9957651013633836,0.8322004220453083,0.8341619893574023,100,-0.022856659590383233,1.3013814250123348,-0.02332196585460597,100,0.8224183282183283,0.13895881928634055,0.848873258873259,100,0.6516072472472473,0.1452119621750465,0.6587587587587588,100,0.8334034991019369,0.13447010204871548,0.8597504386111416,100,0.8234193288377569,0.15745368859954534,0.8659865827336103,100,0.813919990006322,0.19355184370329132,0.8606481695028925,100,0.8237907091367683,0.15420013879211833,0.8655023059790962,99,8.808098658169177,2.715408542435163,8.865534018076026,100,7.057726832614341,2.445265402728186,7.014500276135174,100,0.973135280383953,0.14527246229507434,0.9677098193459603,100,-0.002633535049150121,1.2733232941431887,-0.0015711089826473193,100,0.7121168805345688,0.19434072145868495,0.7393909791742488,100,1.132339503243465,0.807113700683366,0.9765575415828054,100,2.0902507889819795,1.4868967675466622,1.5986879402134302,100,2.0470981108057664,1.0201607448661634,2.007444754176005,100,0.4802510161253435,0.4849163653537677,0.3499484853398642,100,1.3494672135668344,0.9213730169231096,1.373065486880897,100,0.3134628009789595,0.32970681449429295,0.2389426719582043,100,,,,0,,,,0,1.0088456892967224,1.1008812671446688,0.8609670400619507,100,-2.262614556818059,4.670683307897806e-18,7.987947682446614e-16,-0.021160440699822064,0.36402735891799287,1.0,-0.1610382825110304,0.18558440412527066,1.0,-0.02116044069982201,0.36402735891799287,1.0,0.39141257037257043,3.896559845095909e-18,7.987947682446614e-16,0.35445957957957963,3.896559845095909e-18,7.987497077178259e-16,0.38676477122035363,3.896559845095909e-18,7.987947682446614e-16,0.3994725049143063,4.139373908714419e-18,7.987947682446614e-16,0.413292230215643,4.0161556854627e-18,7.987947682446614e-16,0.4057699820402478,5.697220948724935e-18,7.987947682446614e-16,4.069744388682927,4.139373908714419e-18,7.987947682446614e-16,3.2328163921127238,4.0161556854627e-18,7.987947682446614e-16,-0.663515651865921,3.3344510234599337e-17,5.5018441887088906e-15,0.0507584560258663,0.29749865120626195,1.0,0.5063843415347241,3.896559845095909e-18,7.987947682446614e-16,-0.4435144427219865,1.7297891814322726e-07,1.7816828568752407e-05,-1.1982927283155098,2.3129702605871595e-12,2.5211375840400037e-10,0.9531145499287709,4.2663227307182344e-18,7.987947682446614e-16,-0.9531145499287709,4.2663227307182344e-18,7.987947682446614e-16,0.6465632784225447,4.0161556854627e-18,7.987947682446614e-16,-0.6465632784225447,4.0161556854627e-18,7.987947682446614e-16,,,,,,,-7.0431429958343506,4.0161556854627e-18,8.767259651465796e-16
gold_fair_sources_sweep,b2f8cd3ceade,OutcomeModelTransport,FeasibleRestricted,100,50,10000,10,50,0.1,3.424174540084055,1.7493681962351482,3.2930739556414723,100,0.04604889785245751,1.5116441584084084,0.13297007871969702,100,1.0066102094713325,0.8174096200517442,0.7527463259646543,100,-0.04675913752035979,1.2997880942108992,-0.05043834773789718,100,0.8298230342630343,0.13424356257261663,0.8526820686820688,100,0.6609428228228229,0.14513985323364723,0.666064064064064,100,0.8404428950690028,0.12955694425977185,0.8650586689602018,100,0.8330559947642995,0.14563694993707607,0.8760850145441577,100,0.8259365938118083,0.15994279745209886,0.8623210419985461,100,0.8306612967940539,0.14849736556862214,0.8679999922220936,99,8.905810543536195,2.619207724910254,9.011161350686848,100,7.129827000569106,2.407301001612203,7.128463948938148,100,0.9873253964106248,0.1374726845395971,0.9837570609875834,100,0.02264957028872657,1.274602335030949,0.012563087532850004,100,0.7225210935669825,0.19337409099891345,0.7514785514464551,100,1.1296882000462478,0.7802090523960062,0.9135066289634457,100,1.996291198287329,1.3425572941765858,1.5250590038148326,100,2.0670015292617854,1.0122744486628208,2.010936196132652,100,0.4603475976693248,0.4596645141080845,0.3199630448909456,100,1.363887247157787,0.9163078881327714,1.391915564480627,100,0.29904276738800656,0.3057625958141092,0.20974334520567695,100,,,,0,,,,0,0.12197986602783203,0.07182265594794855,0.1120302677154541,100,-2.3286954191089797,4.531861061109546e-18,7.987947682446614e-16,-0.045062918629798665,0.23826065856422385,1.0,-0.1501931744030812,0.25080326830824096,1.0,-0.04506291862979859,0.23826065856422385,1.0,0.3988172764172765,3.896559845095909e-18,7.987947682446614e-16,0.3637951551551551,3.896559845095909e-18,7.987497077178259e-16,0.3938041671874194,3.896559845095909e-18,7.987947682446614e-16,0.4091091708408486,4.0161556854627e-18,7.987947682446614e-16,0.4253088340211294,4.0161556854627e-18,7.987947682446614e-16,0.41264056969753315,5.697220948724935e-18,7.987947682446614e-16,4.167456274049943,4.0161556854627e-18,7.987947682446614e-16,3.304916560067488,4.0161556854627e-18,7.987947682446614e-16,-0.6493255358392492,3.861843481183515e-17,6.217568004705459e-15,0.076041561363743,0.20087704004784346,1.0,0.5167885545671378,3.896559845095909e-18,7.987947682446614e-16,-0.4461657459192038,9.668752478190519e-08,1.0152190102100044e-05,-1.29225231901016,3.364689952948779e-13,4.1722155416564857e-11,0.9730179683847895,4.139373908714419e-18,7.987947682446614e-16,-0.9730179683847895,4.139373908714419e-18,7.987947682446614e-16,0.6609833120134975,4.0161556854627e-18,7.987947682446614e-16,-0.6609833120134975,4.0161556854627e-18,7.987947682446614e-16,,,,,,,-7.930008819103241,3.896559845095909e-18,8.767259651465796e-16
gold_fair_sources_sweep,b2f8cd3ceade,ProxyOnly,FeasibleRestricted,100,50,10000,10,50,0.1,5.752869959193034,1.3012285353908366,5.38358825294387,100,0.09111181648225608,1.549527871891888,0.286871007627431,100,1.1568033838744138,0.9244481361600275,0.9421082369035036,100,-0.0016962188905611797,1.4853661605744959,-0.047918221549619555,100,0.4310057578457579,0.09977349331439779,0.44335186135186133,100,0.2971476676676677,0.07221825708357169,0.3032112112112112,100,0.4466387278815834,0.10168627125951855,0.4565113803602742,100,0.42394682392345084,0.16145595801641283,0.4477324760793588,100,0.40062775979067894,0.30142663432150374,0.45207430054098907,100,0.41802072709652044,0.19849621386138197,0.456302361150998,99,4.7383542694862495,2.3280287757855,4.556223023445272,100,3.8249104405016188,2.1709194063033195,3.8501131667519646,100,1.6366509322498743,0.45715334482958836,1.6386334313333561,100,-0.053391991075016444,2.1456798963729677,-0.15938984638554088,100,0.20573253899984462,0.08592908491994738,0.21173955604256328,100,1.5758539459654513,0.7576380442531558,1.3202905490191252,100,3.2885435172974895,1.445762580240388,3.1255927867773288,100,1.0939835608769952,0.9486141481795324,1.075137331115901,100,1.4333655660541142,0.5962020006506861,1.2787878636984278,100,0.7029039351442896,0.9164141892078742,0.6770409118746272,100,0.9600260794015043,0.31017817163945205,0.8869020971829162,100,0.0,0.0,0.0,100,0.0,0.0,0.0,100,8.051988685131073,1.6951662776500451,8.029410362243652,100,,,,,,,,,,,,,,,,,,,,,,,,,,,,,,,,,,,,,,,,,,,,,,,,,,,,,,,,,,,,,,,,,,,,,,,,
gold_fair_sources_sweep,b2f8cd3ceade,TargetOnlyDR,OracleTargetTreated,100,50,10000,10,50,0.1,5.527845191910485,1.2020139055877237,5.2386707573490305,100,0.12206467635272354,1.9849694207846404,-0.004447588158847149,100,0.5943331020300955,0.42369985922983466,0.506972124183391,100,0.02925664097990632,0.7317491429538496,0.04493567388099118,100,0.46987381339381346,0.08441419355371564,0.47372035172035176,100,0.3258176176176176,0.06211000175669325,0.3274894894894895,100,0.4859825211659428,0.08589481086356565,0.4896356873533991,100,0.4356076469963899,0.15693501284473363,0.465705643010612,100,0.4356968762075614,0.28373727239459323,0.49763323823149164,100,0.4623226245792343,0.1747115836203004,0.49386814060936196,99,4.854886255329872,2.202693050128014,4.755706430945745,100,4.104107609425241,2.106678274375807,3.9725552596321796,100,1.081810110437564,0.3554877678244305,1.100118455104023,100,0.09080900823417423,0.9796390050368008,0.14326587088009216,100,0.2179444804104474,0.08657921333543542,0.21166462264601665,100,1.094791783368659,0.37198109481886316,1.0442494932602098,100,2.6262688926846804,1.1278488837373752,2.362515155774367,100,1.3135672318044198,1.0241443258681573,1.2208705315282193,100,1.2137818951266903,0.3957173246487645,1.1210435973661728,100,0.7587433689290144,0.9062592072202061,0.711323218508693,100,0.9041866456167794,0.28600944839898573,0.8205884003633299,100,0.0,0.0,0.0,100,0.0,0.0,0.0,100,6.784017686843872,2.5824894839778287,6.028778314590454,100,-0.22502476728254972,1.103653451413537e-07,6.621920708481221e-07,0.03095285987046748,0.8824627520873338,1.0,-0.5624702818443182,3.9455162763770626e-06,0.0004971350508235099,0.030952859870467496,0.8824627520873338,1.0,0.03886805554805555,4.478612595328757e-05,8.957225190657514e-05,0.02866994994994995,4.158663917996002e-05,8.317327835992005e-05,0.03934379328435944,4.82181586788552e-05,9.64363173577104e-05,0.011660823072939199,0.2579671879817931,0.7152956693593806,0.035069116416882505,0.0010892096216430932,0.0021784192432861864,0.04430189748271389,0.0002578510310981902,0.0005157020621963804,0.11653198584362306,0.1972688546672764,0.5918065640018292,0.27919716892362323,0.0011025108249583552,0.0033075324748750657,-0.5548408218123102,9.190398504353317e-15,8.455166624005052e-13,0.14420099930919072,0.21835267660855628,1.0,0.0122119414106027,0.20576253719593485,0.3729304708423709,-0.4810621625967925,1.146055572396228e-07,1.191897795292077e-05,-0.6622746246128085,6.845862261106332e-05,0.0049290208279965594,0.21958367092742415,1.5469347146885233e-07,1.5689502501104067e-07,-0.21958367092742415,1.5469347146885233e-07,1.5689502501104067e-07,0.055839433784724675,0.0011025108249583552,0.0033075324748750657,-0.055839433784724675,0.0011025108249583552,0.0033075324748750657,0.0,,,0.0,,,-1.267970998287201,0.0011712987178964776,0.012884285896861254
gold_fair_sources_sweep,d100f3002bbe,AnchorOnly,infeasible_no_target_treated,50,0,50000,50,50,0.1,,,,0,,,,0,,,,0,,,,0,,,,0,,,,0,,,,0,,,,0,,,,0,,,,0,,,,0,,,,0,,,,0,,,,0,,,,0,,,,0,,,,0,,,,0,,,,0,,,,0,,,,0,,,,0,,,,0,0.0,0.0,0.0,100,,,,,,,,,,,,,,,,,,,,,,,,,,,,,,,,,,,,,,,,,,,,,,,,,,,,,,,,,,,,,,,,,,,,,,-25.11659119606018,3.896559845095909e-18,8.767259651465796e-16
gold_fair_sources_sweep,d100f3002bbe,AnchorPlugin,FeasibleRestricted,50,0,50000,50,50,0.1,4.248337189522905,0.8968984951805326,4.170521829441244,100,0.12578657593307874,1.081306744743327,0.12268081038797055,100,0.8502183630138649,0.7032551346703406,0.7070967558667246,100,-0.17706077371945722,1.0922790805049447,-0.1830784177182317,100,0.6719602924402924,0.0815474845344917,0.6834697014697015,100,0.48745513513513505,0.06960192982675001,0.49555355355355357,100,0.6890158528287145,0.07969025675141408,0.7023007158004216,100,0.6912813088382493,0.10306936566374349,0.7093931057366275,100,0.6837711925959291,0.11173972574521357,0.7035123880647831,100,0.6825783325038266,0.129924413276633,0.7013993355390122,100,7.072635982462272,1.851825075777686,6.852790081693481,100,5.670477129897685,1.737078789119156,5.476949727904452,100,1.0953239915049193,0.17705088918154538,1.091598470008455,100,0.18177598260486325,1.1175424599567123,0.1482157987816004,100,0.4813944334368487,0.10443060544725469,0.4911771589711931,100,1.0124998997169585,0.616400091593645,0.9124432909508877,100,1.9227888829190178,0.9545846932606957,1.8021321907965455,100,1.64713703123497,0.9282245310956743,1.6108891503662832,100,0.7403487250173061,0.2725827985924544,0.6766448075563141,100,1.0469555185540387,0.9187312349595257,1.0675250234814873,100,0.5054956353206237,0.1773427542524907,0.47549366710744945,100,0.14530950605401613,0.19238049973100937,0.08177476593615782,100,29.56,12.324993085006358,31.0,100,26.037407965660094,6.220872702492032,26.61970293521881,100,-1.2980683681129437,3.896559845095909e-18,7.987947682446614e-16,0.05339928502059201,0.5611886274899517,1.0,-0.3952512045622584,6.770862440571828e-06,0.0008328160801903348,0.053399285020591984,0.5611886274899517,1.0,0.3441922685122686,3.896559845095909e-18,7.987947682446614e-16,0.2645280480480481,3.896559845095909e-18,7.987497077178259e-16,0.34817356975278974,3.896559845095909e-18,7.987947682446614e-16,0.34238199317889034,3.896559845095909e-18,7.987947682446614e-16,0.3376311416221429,3.896559845095909e-18,7.987947682446614e-16,0.3389703602629015,3.896559845095909e-18,7.987947682446614e-16,3.3776262595388244,3.896559845095909e-18,7.987947682446614e-16,2.658411737695652,3.896559845095909e-18,7.987947682446614e-16,0.13753911027463883,0.00015982759618213434,0.005434138270192568,-0.009755724495662275,0.9151157833041156,1.0,0.35886441642809475,3.896559845095909e-18,7.987947682446614e-16,-0.4247880784715825,5.663420665004516e-08,6.059860111554832e-06,-0.811763713794523,9.168182272492886e-09,7.976318577068811e-07,0.788653756838407,3.896559845095909e-18,7.987947682446614e-16,-0.788653756838407,3.896559845095909e-18,7.987947682446614e-16,0.5316823475391305,3.896559845095909e-18,7.987947682446614e-16,-0.5316823475391305,3.896559845095909e-18,7.987947682446614e-16,0.14530950605401613,3.896559845095909e-18,1.7534519302931591e-16,29.56,8.234524452901902e-18,4.5255026333886757e-17,0.9208167695999145,0.41908693342222414,1.0
gold_fair_sources_sweep,d100f3002bbe,EntropyBalancing,FeasibleRestricted,50,0,50000,50,50,0.1,2.839715249458049,1.1614136410874427,2.717896596144416,100,0.22477382142747948,1.136175431440442,0.21376729050786128,100,0.7783084057904136,0.5690824807679464,0.6221392513757307,100,-0.07807352822505659,0.9641476163919502,-0.17463578658550033,100,0.8619987950787952,0.09430753602382187,0.8763055083055085,100,0.6923776576576577,0.11396547449880963,0.691983983983984,100,0.8717992308997369,0.08961603234029264,0.8860530953387673,100,0.8702925904780705,0.09740707789788014,0.8864917588763335,100,0.8708934539635588,0.09942767313280529,0.89343383723622,100,0.8673075850201607,0.10460172628476062,0.8849957203345613,100,8.848059138285798,1.9077574815377372,8.816013497251838,100,7.133613373494303,1.7311940869953568,7.085969746621304,100,0.966385367321996,0.08150819974742993,0.9792370004742983,100,0.06967137587552928,0.9325218600852261,0.18010228462567085,100,0.7677217497485093,0.14582962615352196,0.7838095707128081,100,0.8466542520861051,0.534029776659948,0.6596987594742719,100,1.5051812614593088,0.8710592090425806,1.284070386974188,100,2.0610243996562994,0.927602180015877,2.0493225834288227,100,0.32646135659597675,0.25200347835730597,0.26429847865121125,100,1.3395827672733625,0.9170946241294183,1.387505592891729,100,0.21286838660129986,0.17088033044306042,0.16824947143481594,100,,,,0,,,,0,9.076542088985443,4.490863478246718,8.29182767868042,100,-2.7066903081777998,3.896559845095909e-18,7.987947682446614e-16,0.15238653051499276,0.21073379493731736,1.0,-0.46716116178570954,1.3861565826995486e-05,0.0016079416359314764,0.15238653051499274,0.21073379493731736,1.0,0.5342307711507712,3.896559845095909e-18,7.987947682446614e-16,0.46945057057057055,3.896559845095909e-18,7.987497077178259e-16,0.5309569478238119,3.896559845095909e-18,7.987947682446614e-16,0.5213932748187119,3.896559845095909e-18,7.987947682446614e-16,0.5247534029897726,3.896559845095909e-18,7.987947682446614e-16,0.5236996127792356,3.896559845095909e-18,7.987947682446614e-16,5.153049415362351,3.896559845095909e-18,7.987947682446614e-16,4.121547981292274,3.896559845095909e-18,7.987947682446614e-16,0.008600486091715296,0.7991587121799286,1.0,-0.12186033122499625,0.27725313144267305,1.0,0.6451917327397555,3.896559845095909e-18,7.987947682446614e-16,-0.5906337261024361,2.4908484720189526e-09,2.7648418039410375e-07,-1.2293713352542317,5.588321712651697e-13,6.705986055182036e-11,1.2025411252597362,3.896559845095909e-18,7.987947682446614e-16,-1.2025411252597362,3.896559845095909e-18,7.987947682446614e-16,0.8243095962584545,3.896559845095909e-18,7.987947682446614e-16,-0.8243095962584545,3.896559845095909e-18,7.987947682446614e-16,,,,,,,-16.040049107074736,8.023842397878198e-18,8.767259651465796e-16
gold_fair_sources_sweep,d100f3002bbe,Glmtrans_Auto,infeasible_no_target_treated,50,0,50000,50,50,0.1,,,,0,,,,0,,,,0,,,,0,,,,0,,,,0,,,,0,,,,0,,,,0,,,,0,,,,0,,,,0,,,,0,,,,0,,,,0,,,,0,,,,0,,,,0,,,,0,,,,0,,,,0,,,,0,,,,0,0.0,0.0,0.0,100,,,,,,,,,,,,,,,,,,,,,,,,,,,,,,,,,,,,,,,,,,,,,,,,,,,,,,,,,,,,,,,,,,,,,,-25.11659119606018,3.896559845095909e-18,8.767259651465796e-16
gold_fair_sources_sweep,d100f3002bbe,Glmtrans_DR_CrossFit,infeasible_no_target_treated,50,0,50000,50,50,0.1,,,,0,,,,0,,,,0,,,,0,,,,0,,,,0,,,,0,,,,0,,,,0,,,,0,,,,0,,,,0,,,,0,,,,0,,,,0,,,,0,,,,0,,,,0,,,,0,,,,0,,,,0,,,,0,,,,0,0.0,0.0,0.0,100,,,,,,,,,,,,,,,,,,,,,,,,,,,,,,,,,,,,,,,,,,,,,,,,,,,,,,,,,,,,,,,,,,,,,,-25.11659119606018,3.896559845095909e-18,8.767259651465796e-16
gold_fair_sources_sweep,d100f3002bbe,Glmtrans_OptionB,FeasibleRestricted,50,0,50000,50,50,0.1,2.7388087126637766,1.1715450635369458,2.644323946906585,100,0.2136923158518521,1.1387830483461188,0.19072307639442543,100,0.7697170755635434,0.584562052163006,0.6255983532459728,100,-0.0891550338006839,0.9654702215761659,-0.19225522605907508,100,0.8711394131394132,0.09122810105322812,0.8805829605829607,100,0.7053775775775775,0.11567613381233094,0.6992692692692692,100,0.8805434081235032,0.08612829568106525,0.892034301605688,100,0.8772735501134866,0.09478210471415431,0.8929847325177345,100,0.8778141553519083,0.0989631778443485,0.895855192231525,100,0.8766776029114033,0.10171016843228801,0.8887441312839364,100,8.919762335717103,1.902641446212103,8.8815239881263,100,7.194290556156496,1.7605890325790183,7.092116618986202,100,0.9899693376898084,0.07827503082232294,0.9944645389236191,100,0.08060585296570548,0.945124527276891,0.16265213517495092,100,0.7825209477666797,0.14297551692068486,0.7948276780402963,100,0.8324193291538973,0.5500512006724336,0.6573250002579438,100,1.416431272906353,0.8436691081763213,1.1489104518226156,100,2.0797204216775307,0.9357687659148808,2.0575171224519595,100,0.30776533457474553,0.24521714393479507,0.25374177935096587,100,1.3517182038058007,0.9211578761842083,1.382979000821288,100,0.2007329500688617,0.16510721680967713,0.15803723016870141,100,,,,0,,,,0,51.05564955234527,13.197199408503788,49.60052216053009,100,-2.8075968449720716,3.896559845095909e-18,7.987947682446614e-16,0.14130502493936528,0.26674963862647005,1.0,-0.4757524920125797,6.555148111526926e-06,0.0008128383658293389,0.14130502493936534,0.26674963862647005,1.0,0.5433713892113893,3.896559845095909e-18,7.987947682446614e-16,0.4824504904904905,3.896559845095909e-18,7.987497077178259e-16,0.5397011250475784,3.896559845095909e-18,7.987947682446614e-16,0.528374234454128,3.896559845095909e-18,7.987947682446614e-16,0.531674104378122,3.896559845095909e-18,7.987947682446614e-16,0.5330696306704781,3.896559845095909e-18,7.987947682446614e-16,5.224752612793654,3.896559845095909e-18,7.987947682446614e-16,4.182225163954463,3.896559845095909e-18,7.987947682446614e-16,0.032184456459528,0.3374113464376355,1.0,-0.11092585413482006,0.3426319759495927,1.0,0.6599909307579259,3.896559845095909e-18,7.987947682446614e-16,-0.604868649034644,8.571186883883589e-10,1.0456847998337979e-07,-1.3181213238071867,5.2121239763949026e-14,7.296973566952864e-12,1.2212371472809673,3.896559845095909e-18,7.987947682446614e-16,-1.2212371472809673,3.896559845095909e-18,7.987947682446614e-16,0.8364450327908927,3.896559845095909e-18,7.987947682446614e-16,-0.8364450327908926,3.896559845095909e-18,7.987947682446614e-16,,,,,,,25.939058356285095,4.3971135541818935e-18,8.767259651465796e-16
gold_fair_sources_sweep,d100f3002bbe,IPWTransport,FeasibleRestricted,50,0,50000,50,50,0.1,2.7433667301173355,1.1699673666947197,2.632582263417768,100,0.2143067461958646,1.141042813031094,0.2309029516796131,100,0.7768773977888999,0.5793146823357588,0.6297828064683137,100,-0.0885406034566715,0.9681537667402831,-0.17327012007216114,100,0.8709707691707692,0.09134967054388979,0.8812537252537254,100,0.7051390590590588,0.11575347193414288,0.6998198198198199,100,0.880365622476904,0.08627746810462772,0.892721559777601,100,0.8767946801243653,0.095165233860677,0.8918998412741296,100,0.8783473923474836,0.09818464214848358,0.898220616893953,100,0.8764522966294388,0.10151434345948454,0.8915262616734736,100,8.915380766333797,1.904574257200212,8.878659636031145,100,7.198873405725957,1.760165111342871,7.095057323311353,100,0.9847244789459145,0.07798377533281253,0.9914231555382473,100,0.08093731879973705,0.9469016153526519,0.15963748451830284,100,0.7822194094272344,0.14318803111598266,0.7952723942352309,100,0.8373585172526985,0.5459605229296932,0.6725229457250598,100,1.4328282022569596,0.8413104373504087,1.1972892777946145,100,2.079524153751017,0.9361694500235026,2.0613675831122693,100,0.30796160250125987,0.2451784316394891,0.25681121291054565,100,1.352634773719693,0.9206229903930492,1.3896902381340546,100,0.19981638015496905,0.16392614044010798,0.15926166986101276,100,,,,0,,,,0,1.8002956652641295,0.9899319811465302,1.6768290996551514,100,-2.8030388275185127,3.896559845095909e-18,7.987947682446614e-16,0.14191945528337774,0.25080326830824096,1.0,-0.46859216978722323,1.0772541459026696e-05,0.0012711598921651501,0.14191945528337777,0.25080326830824096,1.0,0.5432027452427453,3.896559845095909e-18,7.987947682446614e-16,0.4822119719719721,3.896559845095909e-18,7.987497077178259e-16,0.5395233394009791,3.896559845095909e-18,7.987947682446614e-16,0.5278953644650065,3.896559845095909e-18,7.987947682446614e-16,0.5322073413736974,3.896559845095909e-18,7.987947682446614e-16,0.5328443243885137,3.896559845095909e-18,7.987947682446614e-16,5.220371043410349,3.896559845095909e-18,7.987947682446614e-16,4.186808013523926,3.896559845095909e-18,7.987947682446614e-16,0.0269395977156341,0.42905212231325207,1.0,-0.11059438830078844,0.3426319759495927,1.0,0.6596893924184806,3.896559845095909e-18,7.987947682446614e-16,-0.5999294609358424,1.158857605214751e-09,1.3442748220491113e-07,-1.3017243944565806,7.142021422726304e-14,9.784569349135036e-12,1.2210408793544532,3.896559845095909e-18,7.987947682446614e-16,-1.2210408793544532,3.896559845095909e-18,7.987947682446614e-16,0.8373616027047851,3.896559845095909e-18,7.987947682446614e-16,-0.8373616027047853,3.896559845095909e-18,7.987947682446614e-16,,,,,,,-23.31629553079605,3.896559845095909e-18,8.767259651465796e-16
gold_fair_sources_sweep,d100f3002bbe,OutcomeModelTransport,FeasibleRestricted,50,0,50000,50,50,0.1,2.7396506947666834,1.1711258024845481,2.6413978096681245,100,0.21476923057122557,1.1443475347239527,0.19065936707742379,100,0.7703443347457667,0.583853306645625,0.626188960871197,100,-0.08807811908131047,0.9656465232876841,-0.1965639601000031,100,0.871134097854098,0.09116927949534613,0.8805703125703126,100,0.7053512712712714,0.11564703982211207,0.6992972972972973,100,0.8805370173258019,0.08607211291733263,0.8921266012815534,100,0.8772442190450811,0.09498541158016237,0.8929847325177345,100,0.8780530788437872,0.09851101362216487,0.8960079344139577,100,0.8765968174373885,0.1015917602519322,0.8890285481318912,100,8.918407086755273,1.898535973554588,8.878659636031145,100,7.195926187090765,1.758507700888095,7.0888751346372665,100,0.9846541035922302,0.07781854892730751,0.9896208012656345,100,0.08078363971191548,0.9449730019075457,0.16827849037998252,100,0.7825093368066668,0.14290606450846605,0.7947846793807457,100,0.834561085124767,0.549025482550146,0.661488362049369,100,1.418833408018923,0.8447497022388882,1.1816178680243241,100,2.079647842993854,0.9354699940483382,2.05781638869811,100,0.30783791325842297,0.24442884108468585,0.25291075143934777,100,1.352045329992655,0.9213836764983558,1.3828110316918922,100,0.2004058238820075,0.16470623726683395,0.15803723016870141,100,,,,0,,,,0,0.40665669918060304,0.23362599470475823,0.36653196811676025,100,-2.806754862869166,3.896559845095909e-18,7.987947682446614e-16,0.14238193965873883,0.2608721129080632,1.0,-0.4751252328303566,7.459504884752049e-06,0.00091005959593975,0.1423819396587388,0.2608721129080632,1.0,0.543366073926074,3.896559845095909e-18,7.987947682446614e-16,0.48242418418418426,3.896559845095909e-18,7.987497077178259e-16,0.5396947342498768,3.896559845095909e-18,7.987947682446614e-16,0.5283449033857224,3.896559845095909e-18,7.987947682446614e-16,0.5319130278700009,3.896559845095909e-18,7.987947682446614e-16,0.5329888451964633,3.896559845095909e-18,7.987947682446614e-16,5.223397363831826,3.896559845095909e-18,7.987947682446614e-16,4.183860794888734,3.896559845095909e-18,7.987947682446614e-16,0.026869222361949458,0.41908693342222414,1.0,-0.11074806738861007,0.34438360047551575,1.0,0.659979319797913,3.896559845095909e-18,7.987947682446614e-16,-0.6027268930637741,1.018620101949572e-09,1.201971720300495e-07,-1.3157191886946171,6.26479522754658e-14,8.708065366289746e-12,1.2211645685972898,3.896559845095909e-18,7.987947682446614e-16,-1.2211645685972898,3.896559845095909e-18,7.987947682446614e-16,0.8367721589777468,3.896559845095909e-18,7.987947682446614e-16,-0.8367721589777468,3.896559845095909e-18,7.987947682446614e-16,,,,,,,-24.709934496879576,3.896559845095909e-18,8.767259651465796e-16
gold_fair_sources_sweep,d100f3002bbe,ProxyOnly,FeasibleRestricted,50,0,50000,50,50,0.1,5.546405557635849,0.845728874348788,5.427869726214671,100,0.0723872909124868,1.7515554155629791,-0.10365592487513904,100,1.2454695675761231,0.8919915064704,1.0619945769599939,100,-0.23046005874004927,1.51949452128832,-0.3110164120683042,100,0.32776802392802395,0.10158200413591734,0.3385603285603286,100,0.2229270870870871,0.07084330012582786,0.22933933933933937,100,0.34084228307592485,0.10514324687750977,0.35504718377024713,100,0.3488993156593586,0.16432235610555307,0.3593236609037112,100,0.34614005097378614,0.1765336966401003,0.36374373245190966,100,0.34360797224092515,0.21084180047464438,0.3632598822121803,100,3.695009722923448,1.9931233238210242,3.5780863839653585,100,3.012065392202031,1.7694531204694093,3.038961980233,100,0.9577848812302805,0.3348879429615833,0.9757078825341097,100,0.19153170710052553,1.5764713687089877,0.25536994589576445,100,0.12253001700875381,0.06640366953278008,0.11967199902371756,100,1.437287978188541,0.7696697838832908,1.236588730164369,100,2.73455259671354,1.2329036046107757,2.51035047810276,100,0.8584832743965634,0.9470620109070286,0.8831239750946812,100,1.529002481855713,0.3881942513650855,1.4656104873405251,100,0.5152731710149081,0.9074250538683497,0.5626413232012906,100,1.0371779828597543,0.2337645244273146,1.0115086905973052,100,0.0,0.0,0.0,100,0.0,0.0,0.0,100,25.11659119606018,9.216228717823771,26.618395686149597,100,,,,,,,,,,,,,,,,,,,,,,,,,,,,,,,,,,,,,,,,,,,,,,,,,,,,,,,,,,,,,,,,,,,,,,,,
gold_fair_sources_sweep,d100f3002bbe,TargetOnlyDR,infeasible_no_target_treated,50,0,50000,50,50,0.1,,,,0,,,,0,,,,0,,,,0,,,,0,,,,0,,,,0,,,,0,,,,0,,,,0,,,,0,,,,0,,,,0,,,,0,,,,0,,,,0,,,,0,,,,0,,,,0,,,,0,,,,0,,,,0,,,,0,0.0,0.0,0.0,100,,,,,,,,,,,,,,,,,,,,,,,,,,,,,,,,,,,,,,,,,,,,,,,,,,,,,,,,,,,,,,,,,,,,,,-25.11659119606018,3.896559845095909e-18,8.767259651465796e-16
gold_fair_sources_sweep,db5c5e7c8a3d,AnchorOnly,infeasible_no_target_treated,50,0,5000,5,50,0.1,,,,0,,,,0,,,,0,,,,0,,,,0,,,,0,,,,0,,,,0,,,,0,,,,0,,,,0,,,,0,,,,0,,,,0,,,,0,,,,0,,,,0,,,,0,,,,0,,,,0,,,,0,,,,0,,,,0,0.0,0.0,0.0,100,,,,,,,,,,,,,,,,,,,,,,,,,,,,,,,,,,,,,,,,,,,,,,,,,,,,,,,,,,,,,,,,,,,,,,-5.588423800468445,3.896559845095909e-18,8.767259651465796e-16
gold_fair_sources_sweep,db5c5e7c8a3d,AnchorPlugin,FeasibleRestricted,50,0,5000,5,50,0.1,4.356219125766244,0.982646759387794,4.1926391936230125,100,-0.20635286594529417,1.1327002079661133,-0.14080318133738595,100,0.8764921582548537,0.6806128543711935,0.7326305945389067,100,0.05863201981368635,1.111647384637995,0.16940121185247936,100,0.6540684047484049,0.11161122290278823,0.6793968973968973,100,0.4740984184184185,0.0931535152617186,0.49064464464464463,100,0.6703512526878752,0.11048360344827363,0.6944821011295488,100,0.6556570543070717,0.12293044399549383,0.6780444448569753,100,0.6450361302433,0.13136257448979755,0.6753310789848391,100,0.6344655716351931,0.1453566267598652,0.6490181004975671,100,6.346136816529229,1.8830637968646964,6.208762293845279,100,4.987884133275322,1.7225587854823199,4.96260541259393,100,1.0839528585318035,0.23732596785005552,1.0719312444633557,100,-0.04788681239202992,1.143753278367555,-0.1623066167960658,100,0.4608356529003199,0.13694801519032795,0.4760685190122543,100,1.1065683719475101,0.5738092284613195,0.9971870531581761,100,2.1778253503629146,0.9438054447563992,1.991701144311056,100,1.5339744369143598,0.8195930392428121,1.5883044406326963,100,0.7911818097369046,0.35756132816222097,0.7032859688463435,100,1.1143869222339466,0.8548756437392788,1.1133474215338026,100,0.5360882567296834,0.23756092366221382,0.4781976924321417,100,0.12353914065256646,0.15251056531157775,0.06390241414878317,100,30.06,11.037877851958113,33.0,100,5.011467182636261,0.6311851976566104,4.997152090072632,100,-1.211572388417801,4.0161556854627e-18,7.987947682446614e-16,0.07829584413603119,0.4014966599965911,1.0,-0.41179919259902953,1.0119624185629907e-06,0.0001305431519946258,0.07829584413603118,0.4014966599965911,1.0,0.32550540918540916,4.0161556854627e-18,7.987947682446614e-16,0.2506309109109109,4.0161556854627e-18,7.987497077178259e-16,0.32896147581321317,4.0161556854627e-18,7.987947682446614e-16,0.34002310293965676,4.0161556854627e-18,7.987947682446614e-16,0.3538632809491928,4.139373908714419e-18,7.987947682446614e-16,0.36383357736564265,4.0161556854627e-18,7.987947682446614e-16,3.159828503828822,4.0161556854627e-18,7.987947682446614e-16,2.5616464924325104,4.139373908714419e-18,7.987947682446614e-16,0.054144639813276205,0.15163463740335387,1.0,-0.20473938985351509,0.3023076019657809,1.0,0.3376811646323158,3.896559845095909e-18,7.987947682446614e-16,-0.346068915461001,2.0751639472212624e-05,0.0016393795183047974,-0.547576480241837,7.253099314369716e-05,0.005149700513202499,0.7334978430198151,4.3971135541818935e-18,7.987947682446614e-16,-0.7334978430198151,4.3971135541818935e-18,7.987947682446614e-16,0.5123292984865021,4.139373908714419e-18,7.987947682446614e-16,-0.5123292984865021,4.139373908714419e-18,7.987947682446614e-16,0.12353914065256646,3.896559845095909e-18,1.7534519302931591e-16,30.06,5.619031575661532e-18,4.5255026333886757e-17,-0.5769566178321839,3.0740842199796296e-06,6.455576861957223e-05
gold_fair_sources_sweep,db5c5e7c8a3d,EntropyBalancing,FeasibleRestricted,50,0,5000,5,50,0.1,3.5269745203321183,1.4712883364159097,3.193740164112043,100,-0.14814841998826228,1.307870324584075,-0.013034973380790404,100,0.9008606991902921,0.6919627638132118,0.7822124783457209,100,0.11683646577071821,1.1334775226685159,0.1291865019481077,100,0.7898142204942205,0.15205203033519502,0.8380259140259141,100,0.6165085085085085,0.15162338446930457,0.6462282282282283,100,0.8016102446014812,0.14865181904642896,0.851075982241669,100,0.7948838736739648,0.15371149400971712,0.8392120660598904,100,0.7884568770865812,0.1576755624913117,0.8361703904252205,100,0.7854182190163403,0.1632137805223688,0.8400722527941553,100,7.6398386452152485,2.106916871530622,7.583526923881779,100,6.029868068521317,1.8778225711295284,6.066413817685262,100,0.8415525259269211,0.16215145232623263,0.8584880323999258,100,-0.16009542658647416,1.0882312250706012,-0.1810747395339416,100,0.6645569395667676,0.21290891412967683,0.7211501277535219,100,1.2653140964781513,0.7343010497806539,1.1514166636479808,100,2.680638022066714,1.6918652251692894,2.29332538504674,100,1.8295528220550437,0.8729435629165799,1.8546117843972758,100,0.4956034245962205,0.4095837579358718,0.35895620246748894,100,1.3227837092831456,0.8941359270006494,1.3010122956822743,100,0.3276914696804842,0.2837032148478314,0.2275078731117861,100,,,,0,,,,0,0.9553719305992127,0.43832881851610794,0.8589208126068115,100,-2.040816993851925,2.8782421504419467e-17,9.786023311502619e-16,0.13650029009306308,0.3271243358754563,1.0,-0.38743065166359103,0.0017343431991457034,0.1491535151265305,0.13650029009306308,0.3271243358754563,1.0,0.46125122493122495,4.0161556854627e-18,7.987947682446614e-16,0.3930410010010009,4.0161556854627e-18,7.987497077178259e-16,0.46022046772681924,4.0161556854627e-18,7.987947682446614e-16,0.4792499223065497,4.2663227307182344e-18,7.987947682446614e-16,0.49728402779247394,4.531861061109546e-18,7.987947682446614e-16,0.51478622474679,4.2663227307182344e-18,7.987947682446614e-16,4.453530332514841,4.139373908714419e-18,7.987947682446614e-16,3.6036304276785076,4.531861061109546e-18,7.987947682446614e-16,-0.18825569279160603,1.45278746053288e-05,0.0005375313603971656,-0.31694800404795936,0.12685646867814937,1.0,0.5414024512987634,3.896559845095909e-18,7.987947682446614e-16,-0.18732319093035987,0.1193373132265361,1.0,-0.04476380853803711,0.6108418935855868,1.0,1.0290762281604997,4.3971135541818935e-18,7.987947682446614e-16,-1.0290762281604997,4.3971135541818935e-18,7.987947682446614e-16,0.7207260855357015,4.531861061109546e-18,7.987947682446614e-16,-0.7207260855357015,4.531861061109546e-18,7.987947682446614e-16,,,,,,,-4.633051869869232,3.896559845095909e-18,8.767259651465796e-16
gold_fair_sources_sweep,db5c5e7c8a3d,Glmtrans_Auto,infeasible_no_target_treated,50,0,5000,5,50,0.1,,,,0,,,,0,,,,0,,,,0,,,,0,,,,0,,,,0,,,,0,,,,0,,,,0,,,,0,,,,0,,,,0,,,,0,,,,0,,,,0,,,,0,,,,0,,,,0,,,,0,,,,0,,,,0,,,,0,0.0,0.0,0.0,100,,,,,,,,,,,,,,,,,,,,,,,,,,,,,,,,,,,,,,,,,,,,,,,,,,,,,,,,,,,,,,,,,,,,,,-5.588423800468445,3.896559845095909e-18,8.767259651465796e-16
gold_fair_sources_sweep,db5c5e7c8a3d,Glmtrans_DR_CrossFit,infeasible_no_target_treated,50,0,5000,5,50,0.1,,,,0,,,,0,,,,0,,,,0,,,,0,,,,0,,,,0,,,,0,,,,0,,,,0,,,,0,,,,0,,,,0,,,,0,,,,0,,,,0,,,,0,,,,0,,,,0,,,,0,,,,0,,,,0,,,,0,0.0,0.0,0.0,100,,,,,,,,,,,,,,,,,,,,,,,,,,,,,,,,,,,,,,,,,,,,,,,,,,,,,,,,,,,,,,,,,,,,,,-5.588423800468445,3.896559845095909e-18,8.767259651465796e-16
gold_fair_sources_sweep,db5c5e7c8a3d,Glmtrans_OptionB,FeasibleRestricted,50,0,5000,5,50,0.1,3.236191967377232,1.4596449595292924,2.9619783155871735,100,-0.15327387096674697,1.2678329719211414,-0.08155273749217073,100,0.8850984259892789,0.6648639089595716,0.802367154689917,100,0.11171101479223357,1.1048759929162397,0.11454824471002362,100,0.8158763116763117,0.14726839685981738,0.8660160260160261,100,0.6473602002002002,0.15410213349950655,0.6805925925925926,100,0.8267500886295891,0.1430297797706197,0.8755899577360023,100,0.819960050423795,0.14886676300265886,0.8833707001388651,100,0.8162688285769834,0.15190059471636452,0.8693023691568381,100,0.8111088756387232,0.15934964202869123,0.8664681207008702,100,7.862258765474013,2.063618857886077,7.940225333863757,100,6.218556407968122,1.825466584295232,6.3080011857316896,100,0.9018240534015234,0.1478957622989959,0.9131350886567803,100,-0.1496978234107156,1.0779029444123058,-0.09865836690546706,100,0.7038346194606123,0.21083380337500435,0.7676985587722969,100,1.1010917507223992,0.6566418036823983,1.0674532716789593,100,2.1963178758026736,1.355906513442715,1.922490393388384,100,1.8872356336760416,0.8550086889615961,1.922041046056941,100,0.43792061297522294,0.3958211268920261,0.322443518891799,100,1.3605213771725062,0.8812910576862404,1.3355243662575385,100,0.2899538017911234,0.27726387708692074,0.18322187944115553,100,,,,0,,,,0,13.195549519062043,1.149517124627476,13.309327840805054,100,-2.3315995468068116,6.12472726248735e-18,7.987947682446614e-16,0.13137483911457842,0.35680454481095936,1.0,-0.4031929248646041,0.0010249019434215784,0.09531588073820679,0.1313748391145784,0.35680454481095936,1.0,0.4873133161133162,4.0161556854627e-18,7.987947682446614e-16,0.42389269269269275,4.0161556854627e-18,7.987497077178259e-16,0.4853603117549272,3.896559845095909e-18,7.987947682446614e-16,0.5043260990563803,4.3971135541818935e-18,7.987947682446614e-16,0.5250959792828761,4.2663227307182344e-18,7.987947682446614e-16,0.5404768813691729,4.2663227307182344e-18,7.987947682446614e-16,4.6759504527736055,4.3971135541818935e-18,7.987947682446614e-16,3.7923187671253107,4.2663227307182344e-18,7.987947682446614e-16,-0.1279841653170037,0.002238099402043779,0.060428683855182026,-0.30655040087220087,0.13654144965238735,1.0,0.5806801311926081,3.896559845095909e-18,7.987947682446614e-16,-0.35154553668611216,0.0017962757440202187,0.10829996365760587,-0.5290839548020781,0.002137550186217589,0.12397791080062015,1.086759039781497,4.2663227307182344e-18,7.987947682446614e-16,-1.086759039781497,4.2663227307182344e-18,7.987947682446614e-16,0.7584637534250621,4.2663227307182344e-18,7.987947682446614e-16,-0.7584637534250621,4.2663227307182344e-18,7.987947682446614e-16,,,,,,,7.607125718593597,3.896559845095909e-18,8.767259651465796e-16
gold_fair_sources_sweep,db5c5e7c8a3d,IPWTransport,FeasibleRestricted,50,0,5000,5,50,0.1,3.3314385817667374,1.4506581145861563,3.0563996940567177,100,-0.17725746212580862,1.3336655849046335,-0.031797054094978315,100,0.9087543132751383,0.6950568767730517,0.8463068110933705,100,0.08772742363317185,1.1443366577328458,0.09690418775153353,100,0.8084922182922182,0.1471732395496119,0.8613984333984335,100,0.6379582782782783,0.15196916237209515,0.6741021021021021,100,0.8196244522946796,0.1432211837116181,0.8700828085561136,100,0.8154382936916424,0.14358696380043956,0.8659441725080604,100,0.8088919796344133,0.14982025347091302,0.8590381504881041,100,0.8063516994684047,0.15490822482540656,0.8589558363190541,100,7.81976103366733,2.019235499801749,7.82703531121367,100,6.168435796106755,1.8266423196516288,6.267991101535607,100,0.8787027555346577,0.15020415161177944,0.8947523750275359,100,-0.1244424441609148,1.0945040727526287,-0.15311858129021816,100,0.6921657500808669,0.2097484297445538,0.7582679543268525,100,1.1721461240258244,0.6784071955483917,1.050614149017454,100,2.3367083280887213,1.411166274825839,1.950908993661026,100,1.8728373597975412,0.8618920296952295,1.899651254448941,100,0.4523188868537232,0.39117267248607124,0.324841282624284,100,1.3504972548002332,0.8867193843355815,1.31190706710365,100,0.2999779241633966,0.2756224638285827,0.18610045616806148,100,,,,0,,,,0,0.4816917896270752,0.29892285348283104,0.41928160190582275,100,-2.236352932417306,7.55704804907942e-18,7.987947682446614e-16,0.10739124795551672,0.41121370964410997,1.0,-0.37953703757874474,0.0018173674444179279,0.15447623277552386,0.10739124795551672,0.41121370964410997,1.0,0.47992922272922284,3.896559845095909e-18,7.987947682446614e-16,0.41449077077077084,4.0161556854627e-18,7.987497077178259e-16,0.47823467542001763,3.896559845095909e-18,7.987947682446614e-16,0.49980434232422744,4.139373908714419e-18,7.987947682446614e-16,0.5177191303403061,4.3971135541818935e-18,7.987947682446614e-16,0.5357197051988541,4.0161556854627e-18,7.987947682446614e-16,4.633452720966922,4.139373908714419e-18,7.987947682446614e-16,3.7421981552639454,4.3971135541818935e-18,7.987947682446614e-16,-0.15110546318386928,0.0004137419974298486,0.013239743917755155,-0.2812950216224,0.1658553570902883,1.0,0.5690112618128628,3.896559845095909e-18,7.987947682446614e-16,-0.28049116338268676,0.015349801753282155,0.7521402859108256,-0.3886935025160296,0.01477807881436309,0.6945697042750651,1.0723607659029968,4.139373908714419e-18,7.987947682446614e-16,-1.0723607659029968,4.139373908714419e-18,7.987947682446614e-16,0.748439631052789,4.3971135541818935e-18,7.987947682446614e-16,-0.748439631052789,4.3971135541818935e-18,7.987947682446614e-16,,,,,,,-5.10673201084137,3.896559845095909e-18,8.767259651465796e-16
gold_fair_sources_sweep,db5c5e7c8a3d,OutcomeModelTransport,FeasibleRestricted,50,0,5000,5,50,0.1,3.2436189159941176,1.4640244159349507,2.9718033686103125,100,-0.15642125232864587,1.275288052560492,-0.08153632158314353,100,0.8867710775758374,0.6654446417590287,0.7986117221497431,100,0.10856363343033464,1.1068954158688502,0.10959350060491141,100,0.8157818191418191,0.14737081914366917,0.8662795402795405,100,0.6472583383383385,0.15414577243589503,0.6805985985985985,100,0.8266566010844372,0.14313660495061314,0.875510608132611,100,0.8198531601418663,0.14951630337459174,0.8858560002633702,100,0.8163907152903299,0.1519754946960704,0.8718068045088636,100,0.8111885323542667,0.1595062187269938,0.8659485452222975,100,7.859689030920432,2.0610026223857254,7.94593585538329,100,6.2192639620298245,1.826227429992178,6.30449157587123,100,0.8950644997764263,0.14759456373777533,0.908203411809541,100,-0.14822078013033793,1.0783467279553773,-0.09652454186605391,100,0.7037107349966505,0.2109473480944669,0.768171300784051,100,1.1122345595633514,0.6629702247824146,1.075910226688801,100,2.2382209530334958,1.3948570362014103,1.98638089058358,100,1.8873414826930082,0.8550805301682551,1.922130569247479,100,0.4378147639582563,0.3957257145796114,0.3210196700435376,100,1.3606628879848472,0.8811242143675457,1.335161511440162,100,0.28981229097878264,0.27722665737404434,0.18198591248706542,100,,,,0,,,,0,0.060043122768402096,0.030974072970413127,0.05388915538787842,100,-2.3241725981899264,6.504110965076778e-18,7.987947682446614e-16,0.12822745775267946,0.35144711435544207,1.0,-0.40152027327804585,0.0010630513584870232,0.09780072498080614,0.12822745775267944,0.35144711435544207,1.0,0.4872188235788236,4.0161556854627e-18,7.987947682446614e-16,0.4237908308308308,4.0161556854627e-18,7.987497077178259e-16,0.4852668242097751,3.896559845095909e-18,7.987947682446614e-16,0.5042192087744511,4.3971135541818935e-18,7.987947682446614e-16,0.5252178659962229,4.2663227307182344e-18,7.987947682446614e-16,0.5405565380847164,4.2663227307182344e-18,7.987947682446614e-16,4.673380718220026,4.3971135541818935e-18,7.987947682446614e-16,3.7930263211870145,4.2663227307182344e-18,7.987947682446614e-16,-0.1347437189421006,0.001352884762170484,0.037880773340773555,-0.30507335759182314,0.13384519328331276,1.0,0.5805562467286461,3.896559845095909e-18,7.987947682446614e-16,-0.3404027278451599,0.0026251122102243342,0.14963139598278705,-0.4871808775712561,0.004708869537756723,0.2684055636521332,1.0868648887984638,4.2663227307182344e-18,7.987947682446614e-16,-1.0868648887984638,4.2663227307182344e-18,7.987947682446614e-16,0.7586052642374029,4.2663227307182344e-18,7.987947682446614e-16,-0.7586052642374029,4.2663227307182344e-18,7.987947682446614e-16,,,,,,,-5.528380677700043,3.896559845095909e-18,8.767259651465796e-16
gold_fair_sources_sweep,db5c5e7c8a3d,ProxyOnly,FeasibleRestricted,50,0,5000,5,50,0.1,5.567791514184043,0.874899266188988,5.4969827559261795,100,-0.2846487100813253,1.9633791809447847,-0.1269972240278691,100,1.2882913508538831,0.9161255230007999,1.097514185055255,100,-0.019663824322344856,1.585986947878483,0.10500210967589865,100,0.3285629955629956,0.09771566257118701,0.33446728646728646,100,0.22346750750750755,0.06815604610984818,0.22747747747747749,100,0.34138977687466193,0.10027863536293692,0.35454045234795106,100,0.31563395136741507,0.145933962524434,0.3243239810834971,100,0.29117284929410714,0.17895041979821455,0.3371431854648321,100,0.2706319942695505,0.22242097231252023,0.31737208369382264,100,3.186308312700406,1.76547846236649,3.2688946638476146,100,2.4262376408428112,1.6806977917361672,2.4574612339626425,100,1.0298082187185271,0.36796695585633654,1.0239561173834368,100,0.1568525774614852,1.7760057326226295,-0.05929823664603843,100,0.1231544882680043,0.06565372226598777,0.11726684922595898,100,1.4526372874085112,0.8266921284449918,1.2688637232879374,100,2.725401830604751,1.127060306443463,2.5982656240771296,100,0.8004765938945445,0.7846688815970945,0.8046384678560503,100,1.5246796527567201,0.40490590411356775,1.4928608673244939,100,0.6020576237474442,0.8440460823926443,0.5842623014519831,100,1.0484175552161856,0.25213653190173263,1.010593993358793,100,0.0,0.0,0.0,100,0.0,0.0,0.0,100,5.588423800468445,0.9582580583472463,5.662778973579407,100,,,,,,,,,,,,,,,,,,,,,,,,,,,,,,,,,,,,,,,,,,,,,,,,,,,,,,,,,,,,,,,,,,,,,,,,
gold_fair_sources_sweep,db5c5e7c8a3d,TargetOnlyDR,infeasible_no_target_treated,50,0,5000,5,50,0.1,,,,0,,,,0,,,,0,,,,0,,,,0,,,,0,,,,0,,,,0,,,,0,,,,0,,,,0,,,,0,,,,0,,,,0,,,,0,,,,0,,,,0,,,,0,,,,0,,,,0,,,,0,,,,0,,,,0,0.0,0.0,0.0,100,,,,,,,,,,,,,,,,,,,,,,,,,,,,,,,,,,,,,,,,,,,,,,,,,,,,,,,,,,,,,,,,,,,,,,-5.588423800468445,3.896559845095909e-18,8.767259651465796e-16
gold_fair_sources_sweep,f383c3437c21,AnchorOnly,OracleTargetTreated,250,200,50000,50,50,0.1,4.740790522455164,0.923315787145323,4.590859098215507,100,0.15130687685668762,1.500203235370084,0.029642763656025795,100,0.2682279833859842,0.21352109164927238,0.22757389829520952,100,0.020926289820864894,0.3432519548730829,0.026956896065300384,100,0.6383819648219649,0.05117614823922355,0.6432189192189193,100,0.45742690690690685,0.04243118264139421,0.45952152152152154,100,0.6559889082828341,0.050666222244224596,0.6596854985680818,100,0.6465279159710872,0.08092056358733232,0.6603802047959162,100,0.6527640888084478,0.09135306677782748,0.6641113869480118,100,0.6490703068344744,0.1076051595668244,0.669800919036047,100,6.714483430230626,1.6467695001190097,6.652339293786179,100,5.459747779028767,1.58344734581634,5.381759296829243,100,1.7095190680275647,0.3602289390398402,1.7308891357519687,100,-0.16100262843106708,1.3102139361358323,-0.19355943224222527,100,0.4168439495013825,0.06973578938591152,0.41500800591117404,100,1.4021618194390806,0.4377270672183293,1.4106141687157456,100,3.276571942918601,0.9688356220559311,3.2943862640117616,100,1.5365347788644246,0.8212817536225722,1.4135569624644806,100,0.830044359121608,0.22022919203253494,0.7953313640587868,100,1.0048359702992202,0.8866121866191695,0.9861416233307814,100,0.5645531816363721,0.17140136309559623,0.5310791354595604,100,0.0021440372626376257,0.0018154100352335582,0.0016718150230716376,100,23.51,0.8225975119502043,24.0,100,23.212240810394288,7.51203032503529,25.138709545135498,100,-0.5738508128524843,3.896559845095909e-18,7.987947682446614e-16,0.003205710776854187,0.9205734335120058,1.0,-0.7532064377732811,9.238460412207423e-13,1.3857690618311136e-10,0.003205710776854185,0.9205734335120058,1.0,0.1533747160947161,1.2938800168252932e-17,7.987947682446614e-16,0.12014566566566569,1.2559216589141089e-17,7.987497077178259e-16,0.1544568213111447,1.2938800168252932e-17,7.987947682446614e-16,0.1538587448960176,2.0175487407088173e-16,5.649136473984689e-15,0.16275467704931462,5.988879490693734e-17,1.6169974624873083e-15,0.16598265449110186,6.166069759616455e-17,1.5415174399041137e-15,1.5811113270127277,1.0104199612316775e-16,3.5364698643108713e-15,1.3246471510375206,3.433907108732613e-17,1.3392237724057191e-15,0.18806485110928528,0.0007343172138437582,0.022029516415312745,-0.12592736163823484,0.6327020543587233,1.0,0.16218840192047299,1.7415252083634357e-17,7.987947682446614e-16,-0.04452233057089828,0.9835408496499783,1.0,0.13177373354136124,0.10683701447780916,1.0,0.4379879075384073,1.690631665125153e-17,7.987947682446614e-16,-0.4379879075384073,1.690631665125153e-17,7.987947682446614e-16,0.26492943020750415,3.433907108732613e-17,1.3392237724057191e-15,-0.26492943020750415,3.433907108732613e-17,1.3392237724057191e-15,0.0021440372626376257,3.896559845095909e-18,1.7534519302931591e-16,23.51,7.258039127058707e-19,2.322572520658786e-17,10.50088294506073,1.2692585134298068e-15,5.3308857564051886e-14
gold_fair_sources_sweep,f383c3437c21,AnchorPlugin,FeasibleRestricted,250,200,50000,50,50,0.1,4.0387607171903674,1.2054639216965424,3.7796669178285875,100,0.09460542393551405,1.1139811408574833,0.09981573383891819,100,0.746685916613305,0.6483113437240713,0.577552997524944,100,-0.03577516310030867,0.9910531681051261,-0.09437203831145918,100,0.7218565182565184,0.09737867385741046,0.7462453822453823,100,0.5343233633633634,0.08708570497486369,0.549903903903904,100,0.7373304766560284,0.09580161851107702,0.7559349422401189,100,0.7379552551097385,0.10300022866614598,0.7690757481978527,100,0.737922072952507,0.1086437580520322,0.7541375272166135,100,0.7315265643639645,0.12041166968145933,0.7478809867819005,100,7.605317715805017,1.708328381799482,7.405949975347521,100,6.110800987953793,1.6182277222634702,6.024802993898884,100,1.0483372664856057,0.12539686963091642,1.0462736158197203,100,0.061336450678686205,0.9826762456137558,0.08325687870919245,100,0.5518186714652336,0.1323936096522106,0.5740821455262177,100,0.9012110648491651,0.5692434060120176,0.8101473161508165,100,1.7020685403016405,0.8885422942420752,1.5517355127412635,100,1.7208619983495401,0.8602054694876706,1.6761017083487872,100,0.645717139636492,0.3576551309738605,0.5516394855438632,100,1.1350466120842255,0.9094368597729118,1.1033194840461071,100,0.4343425398513667,0.22391152642017229,0.3714298209449982,100,0.007183040577563993,0.004864106505929129,0.006742904320735628,100,49.12,1.2083881910222478,50.0,100,15.69679470539093,5.587889025488832,15.644943594932556,100,-1.2758806181172802,3.896559845095909e-18,7.987947682446614e-16,-0.05349574214431938,0.4014966599965911,1.0,-0.2747485045459605,4.6130169531979994e-05,0.005166578987581759,-0.053495742144319396,0.4014966599965911,1.0,0.23684926952926955,3.896559845095909e-18,7.987947682446614e-16,0.19704212212212213,3.896559845095909e-18,7.987497077178259e-16,0.2357983896843389,3.896559845095909e-18,7.987947682446614e-16,0.245286084034669,3.896559845095909e-18,7.987947682446614e-16,0.24791266119337377,3.896559845095909e-18,7.987947682446614e-16,0.24843891202059165,3.896559845095909e-18,7.987947682446614e-16,2.471945612587123,3.896559845095909e-18,7.987947682446614e-16,1.9757003599625471,3.896559845095909e-18,7.987947682446614e-16,-0.47311695043267366,8.820960641579043e-16,1.0496943163479062e-13,0.09641171747151848,0.5269610710548687,1.0,0.2971631238843241,3.896559845095909e-18,7.987947682446614e-16,-0.545473085160813,4.170482029930806e-15,7.006409810283755e-13,-1.4427296690755995,1.2370784421819017e-16,2.078291782865595e-14,0.6223151270235233,3.896559845095909e-18,7.987947682446614e-16,-0.6223151270235233,3.896559845095909e-18,7.987947682446614e-16,0.3951400719925095,3.896559845095909e-18,7.987947682446614e-16,-0.3951400719925095,3.896559845095909e-18,7.987947682446614e-16,0.007183040577563993,3.896559845095909e-18,1.7534519302931591e-16,49.12,8.169712081020339e-19,2.3692165034958982e-17,2.985436840057373,1.2418346489695e-05,0.00022353023681451
gold_fair_sources_sweep,f383c3437c21,EntropyBalancing,FeasibleRestricted,250,200,50000,50,50,0.1,3.076139249012596,1.4637446497353994,2.7061767852338994,100,0.08970234428477548,1.166244800021924,0.06191518363848626,100,0.808189847458548,0.5873602426216901,0.7204369668482087,100,-0.040678242751047214,1.0015433767558337,-0.1227934222546655,100,0.8432014842814844,0.11483698917423663,0.8682450582450583,100,0.6734282282282282,0.13046328440406715,0.6845285285285285,100,0.8537038829973156,0.11040395740372026,0.8813044938769741,100,0.8515178154370397,0.11544125633904793,0.890668379112589,100,0.8531104650302762,0.11728931196203257,0.8950989708790553,100,0.8513157866059754,0.12225099535569696,0.8861003594610731,100,8.747345946933713,1.825902166613896,8.594098563082404,100,7.026087725675208,1.6757489586977656,7.051233581387477,100,0.9823675970804052,0.10019977294023548,0.992984946666271,100,0.05156100638878074,0.9799423479493821,0.13727842107683383,100,0.7408066854225781,0.17351337220109195,0.7805245074098532,100,0.8933342421825067,0.5599637415780719,0.7989406442870177,100,1.572073351190369,0.9130102281301952,1.4215418026105127,100,1.9769221604262888,0.8724876748146305,1.9020785936213356,100,0.38965697755974377,0.35414893663799757,0.2683130249221939,100,1.318103959628509,0.9121613737875829,1.2817081332002518,100,0.2512851923070835,0.23736788545311674,0.18083769150907952,100,,,,0,,,,0,4.731631045341492,2.195335539543325,4.280215859413147,100,-2.2385020862950524,3.896559845095909e-18,7.987947682446614e-16,-0.05839882179505795,0.5704943464345489,1.0,-0.2132445737007173,0.018855482982991948,1.0,-0.058398821795057954,0.5704943464345489,1.0,0.35819423555423563,3.896559845095909e-18,7.987947682446614e-16,0.33614698698698703,3.896559845095909e-18,7.987497077178259e-16,0.35217179602562604,3.896559845095909e-18,7.987947682446614e-16,0.3588486443619705,3.896559845095909e-18,7.987947682446614e-16,0.363101053271143,3.896559845095909e-18,7.987947682446614e-16,0.36822813426260287,3.896559845095909e-18,7.987947682446614e-16,3.613973843715817,3.896559845095909e-18,7.987947682446614e-16,2.8909870976839627,3.896559845095909e-18,7.987947682446614e-16,-0.5390866198378741,2.328219678879701e-16,3.1430965664875966e-14,0.08663627318161306,0.7622156087305044,1.0,0.4861511378416688,3.896559845095909e-18,7.987947682446614e-16,-0.5533499078274715,1.4644116702504573e-10,1.9769557548381173e-08,-1.5727248581868702,2.4176619990204415e-14,3.481433278589436e-12,0.8783752891002718,3.896559845095909e-18,7.987947682446614e-16,-0.8783752891002718,3.896559845095909e-18,7.987947682446614e-16,0.5781974195367927,3.896559845095909e-18,7.987947682446614e-16,-0.5781974195367927,3.896559845095909e-18,7.987947682446614e-16,,,,,,,-7.979726819992066,4.3971135541818935e-18,8.767259651465796e-16
gold_fair_sources_sweep,f383c3437c21,Glmtrans_Auto,OracleTargetTreated,250,200,50000,50,50,0.1,0.539506446040282,0.10969049309376255,0.5145444296984558,100,0.13450100500837334,1.4696274072651099,0.22250524390851562,100,0.05435111524682643,0.041085793913429834,0.04748526898218153,100,0.004120417972550615,0.06822591646850058,0.013181215808419133,100,0.995253584133584,0.0028463533654299687,0.9960099840099841,100,0.9450314714714716,0.014060237092339776,0.9481241241241241,100,0.9958384570489838,0.00254127249764117,0.9965381001340945,100,0.9955135815804309,0.0031343470078813995,0.9964412238004512,100,0.9958458921060123,0.0031000166309681733,0.9966115892732557,100,0.995688156052612,0.0035073966293691626,0.9967269429845187,100,10.31061432567892,2.09380653330963,10.074699581983822,100,8.251032854271623,1.8485562276334586,7.96316960911915,100,1.0306533854141042,0.013458314712283146,1.0312824664461617,100,-0.010572926021950518,0.08410621376484809,-0.006418603944201202,100,0.9916466534535711,0.005137556702834608,0.9929177663085057,100,0.15315230163805377,0.05834380929372296,0.15355397672901278,100,0.3679270365591531,0.13795901609690775,0.35500405178961225,100,2.357003124623049,0.8498523995202019,2.274153171795682,100,0.009576013362983353,0.005648371652690661,0.008304341288145833,100,1.5630929853477915,0.9057668331860712,1.5031279914575189,100,0.006296166587801002,0.0038159051572669053,0.005679762816289069,100,,,,0,,,,0,54.55629462003708,15.018733760835204,51.71273946762085,100,-4.775134889267366,3.896559845095909e-18,7.987947682446614e-16,-0.013600161071460068,0.9287668478981905,1.0,-0.9670833059124391,1.5932071996658114e-17,2.899637103391777e-15,-0.013600161071460094,0.9287668478981905,1.0,0.5102463354063355,3.896559845095909e-18,7.987947682446614e-16,0.6077502302302302,3.896340037647931e-18,7.987497077178259e-16,0.49430637007729444,3.896559845095909e-18,7.987947682446614e-16,0.5028444105053614,3.896559845095909e-18,7.987947682446614e-16,0.5058364803468789,3.896559845095909e-18,7.987947682446614e-16,0.5126005037092396,3.896559845095909e-18,7.987947682446614e-16,5.1772422224610235,3.896559845095909e-18,7.987947682446614e-16,4.115932226280376,3.896559845095909e-18,7.987947682446614e-16,-0.49080083150417536,5.191257998789323e-15,5.243170578777216e-13,0.024502340770881793,0.8906095152877423,1.0,0.7369911058726614,3.896559845095909e-18,7.987947682446614e-16,-1.2935318483719245,3.896559845095909e-18,7.987947682446614e-16,-2.7768711728180864,3.896559845095909e-18,7.987947682446614e-16,1.2584562532970323,3.896559845095909e-18,7.987947682446614e-16,-1.2584562532970323,3.896559845095909e-18,7.987947682446614e-16,0.8231864452560754,3.896559845095909e-18,7.987947682446614e-16,-0.8231864452560754,3.896559845095909e-18,7.987947682446614e-16,,,,,,,41.844936754703525,3.896559845095909e-18,8.767259651465796e-16
gold_fair_sources_sweep,f383c3437c21,Glmtrans_DR_CrossFit,OracleTargetTreated,250,200,50000,50,50,0.1,0.5350295859692625,0.11571006686465514,0.5159277547868379,100,0.13427215303423196,1.469810696086398,0.2297886251628726,100,0.055865884683874045,0.042621260430336025,0.044724575354966656,100,0.0038915659984092394,0.07038321445218298,0.005371168382024449,100,0.9947285358485358,0.003211798436362971,0.9956101736101737,100,0.9418756356356358,0.015503000397284425,0.9446466466466468,100,0.995371071306386,0.0028730543478354266,0.9961049421712578,100,0.9953376805500885,0.0032729418328671,0.9963194379112685,100,0.9953794853259552,0.0033511854839306967,0.9962046795041484,100,0.9953539667979198,0.0034938447024782135,0.9964512290484326,100,10.308991004336162,2.094074081551278,10.087354217739822,100,8.247521683481875,1.8495249189266139,7.9692986767613,100,1.0032598572305447,0.012692199657250129,1.0020903374619556,100,-0.010871386233842605,0.07264033172605461,-0.011583159984493326,100,0.9907325554633853,0.005760375546468905,0.9922242666390778,100,0.08588482782947557,0.0365433429945976,0.07973213327390344,100,0.18822788418341738,0.07962036260219356,0.1641125903768179,100,2.356132488729698,0.8505006690649605,2.2739584400665485,100,0.010446649256333838,0.006481823137344219,0.00800048121912833,100,1.5623907511898418,0.906110227352039,1.5034837706863022,100,0.006998400745750568,0.004204979656427143,0.0064956448151967106,100,,,,0,,,,0,70.51922502279281,21.430098921432965,63.953206181526184,100,-4.779611749338384,3.896559845095909e-18,7.987947682446614e-16,-0.013829013045601486,0.9260348271927795,1.0,-0.9655685364753914,2.4114800543560524e-17,4.340664097840895e-15,-0.013829013045601489,0.9260348271927795,1.0,0.5097212871212871,3.896559845095909e-18,7.987947682446614e-16,0.6045943943943946,3.896559845095909e-18,7.987497077178259e-16,0.4938389843346966,3.896559845095909e-18,7.987947682446614e-16,0.5026685094750191,3.896559845095909e-18,7.987947682446614e-16,0.5053700735668221,3.896559845095909e-18,7.987947682446614e-16,0.5122663144545472,3.896559845095909e-18,7.987947682446614e-16,5.175618901118269,3.896559845095909e-18,7.987947682446614e-16,4.112421055490628,3.896559845095909e-18,7.987947682446614e-16,-0.5181943596877345,1.4190703440363424e-15,1.6177401922014305e-13,0.02420388055898972,0.8689128190274791,1.0,0.7360770078824757,3.896559845095909e-18,7.987947682446614e-16,-1.3607993221805026,3.896559845095909e-18,7.987947682446614e-16,-2.956570325193822,3.896559845095909e-18,7.987947682446614e-16,1.2575856174036817,3.896559845095909e-18,7.987947682446614e-16,-1.2575856174036817,3.896559845095909e-18,7.987947682446614e-16,0.8224842110981256,3.896559845095909e-18,7.987947682446614e-16,-0.8224842110981256,3.896559845095909e-18,7.987947682446614e-16,,,,,,,57.807867157459256,3.896559845095909e-18,8.767259651465796e-16
gold_fair_sources_sweep,f383c3437c21,Glmtrans_OptionB,FeasibleRestricted,250,200,50000,50,50,0.1,2.283761293392372,1.440801268805787,1.7906068986914687,100,0.16192123382636553,1.2538702235343393,0.06804407663846115,100,0.7360761361076953,0.5611046849713263,0.6706710336325401,100,0.03154064679054282,0.9279625496236977,-0.035289395428829196,100,0.9099420287820288,0.10558916187519572,0.9551799431799433,100,0.7722915315315316,0.13644616231030124,0.8172312312312313,100,0.9163684279361834,0.10082078836081115,0.959186301697071,100,0.9126494852034399,0.1083092520391165,0.9536700299275678,100,0.9141934216669686,0.10756447891279342,0.9584268230571358,100,0.9141710049898664,0.110752984762894,0.9619486119682825,100,9.402462897302554,2.0591901235507306,9.413395993147384,100,7.550147316586872,1.842456617806493,7.524394936822224,100,1.0049173237017488,0.08862869288836689,1.006261231513614,100,-0.019575832765077784,0.929342488468762,0.026408089066378163,100,0.8497983258652689,0.16539294736700866,0.9205048812794827,100,0.8184981128750952,0.519591676656221,0.7412268345514714,100,1.4346978586199879,0.8932342017995072,1.205892367406579,100,2.1313231314835743,0.8864378390470686,2.0084954228750562,100,0.23525600650245884,0.31404603088943084,0.11739543599624236,100,1.4229158778108422,0.9145757654342235,1.3371663088433956,100,0.14647327412475059,0.21251407094455954,0.06059020702824758,100,,,,0,,,,0,42.0067870092392,16.550941412594256,37.19550275802612,100,-3.030880041915275,3.896559845095909e-18,7.987947682446614e-16,0.0138200677465321,0.9096621319022171,1.0,-0.28535828505156996,0.004319841023634615,0.3283079177962307,0.0138200677465321,0.9096621319022171,1.0,0.42493478005478,3.896559845095909e-18,7.987947682446614e-16,0.43501029029029037,3.896559845095909e-18,7.987497077178259e-16,0.41483634096449434,3.896559845095909e-18,7.987947682446614e-16,0.41998031412837045,3.896559845095909e-18,7.987947682446614e-16,0.42418400990783534,3.896559845095909e-18,7.987947682446614e-16,0.4310833526464938,3.896559845095909e-18,7.987947682446614e-16,4.269090794084659,3.896559845095909e-18,7.987947682446614e-16,3.415046688595628,3.896559845095909e-18,7.987947682446614e-16,-0.5165368932165306,2.4720581888887905e-15,2.645102262111006e-13,0.015499434027754498,0.9424389080177923,1.0,0.5951427782843592,3.896559845095909e-18,7.987947682446614e-16,-0.6281860371348829,6.9122266279962255e-12,1.078307353967411e-09,-1.7101003507572516,3.1686412518635367e-15,4.879707527869847e-13,1.0327762601575565,3.896559845095909e-18,7.987947682446614e-16,-1.0327762601575565,3.896559845095909e-18,7.987947682446614e-16,0.6830093377191254,3.896559845095909e-18,7.987947682446614e-16,-0.6830093377191254,3.896559845095909e-18,7.987947682446614e-16,,,,,,,29.29542914390564,3.896559845095909e-18,8.767259651465796e-16
gold_fair_sources_sweep,f383c3437c21,IPWTransport,FeasibleRestricted,250,200,50000,50,50,0.1,3.0344422583529775,1.4846253448738025,2.6909286711462714,100,0.09097618874804991,1.167504009100665,-0.020795777424170804,100,0.8061770582392076,0.5890955227063659,0.7078888286240135,100,-0.03940439828777279,1.0009752527999582,-0.12699602243772667,100,0.8470010233610232,0.11462783527572303,0.8722709062709064,100,0.6789534334334334,0.13242457568825233,0.6886466466466467,100,0.8572815265574962,0.11007774779694111,0.8835968627729157,100,0.8551966600337478,0.11495963067347452,0.8931834078878929,100,0.8568349563773997,0.11646181628247805,0.8933794793000929,100,0.8542760440472458,0.12295444084895629,0.893588668054763,100,8.78275247113698,1.8247052631964926,8.609122009737375,100,7.057977203469468,1.688541551589621,7.035838293590963,100,0.991885453500703,0.09689146263655689,1.004186396293003,100,0.047492986024628606,0.9807896048590851,0.1598278900332048,100,0.7468449077974962,0.1743219300159313,0.7853084595344262,100,0.8870662721918605,0.56030514813515,0.77978701908501,100,1.5540612588170335,0.9049444210890035,1.349457686450194,100,1.9818164186316676,0.8750063728893875,1.9034606005923909,100,0.38476271935436457,0.35980862338993297,0.27381748107733994,100,1.3244818551873605,0.9103742244269842,1.293523103501546,100,0.2449072967482319,0.23522967582085705,0.18029492314000942,100,,,,0,,,,0,0.9304956841468811,0.5607062784428638,0.8668801784515381,100,-2.2801990769546703,3.896559845095909e-18,7.987947682446614e-16,-0.05712497733178351,0.5869540189208129,1.0,-0.2152573629200579,0.018339527184953693,1.0,-0.05712497733178351,0.5869540189208129,1.0,0.36199377463377475,3.896559845095909e-18,7.987947682446614e-16,0.34167219219219236,3.896559845095909e-18,7.987497077178259e-16,0.35574943958580674,3.896559845095909e-18,7.987947682446614e-16,0.3625274889586783,3.896559845095909e-18,7.987947682446614e-16,0.3668255446182664,3.896559845095909e-18,7.987947682446614e-16,0.37118839170387324,3.896559845095909e-18,7.987947682446614e-16,3.6493803679190853,3.896559845095909e-18,7.987947682446614e-16,2.9228765754782216,3.896559845095909e-18,7.987947682446614e-16,-0.5295687634175763,3.18726485553945e-16,4.2071896093120736e-14,0.08256825281746089,0.7885535816793301,1.0,0.4921893602165867,3.896559845095909e-18,7.987947682446614e-16,-0.5596178778181178,1.2788340593170238e-10,1.7392143206711522e-08,-1.5907369505602065,1.662711556005802e-14,2.444185987328529e-12,0.8832695473056509,3.896559845095909e-18,7.987947682446614e-16,-0.8832695473056509,3.896559845095909e-18,7.987947682446614e-16,0.5845753150956443,3.896559845095909e-18,7.987947682446614e-16,-0.5845753150956443,3.896559845095909e-18,7.987947682446614e-16,,,,,,,-11.780862181186675,3.896559845095909e-18,8.767259651465796e-16
gold_fair_sources_sweep,f383c3437c21,OutcomeModelTransport,FeasibleRestricted,250,200,50000,50,50,0.1,3.0256399549285944,1.4972611665221878,2.7140041413638687,100,0.09381057811343713,1.1645851882508853,0.06885581933944719,100,0.8111649706116735,0.5782234711995866,0.721504565235725,100,-0.03657000892238556,0.9988125287006494,-0.1143946305313619,100,0.8474750871950874,0.11550982410202523,0.8732426132426133,100,0.6800713113113115,0.13390252671185576,0.6903563563563564,100,0.857698151811159,0.11093131934588824,0.8834721015722014,100,0.8557387498126632,0.1169806067509013,0.893660719934724,100,0.8579751210687871,0.11760450710676722,0.8948329561917001,100,0.8544961435969405,0.12358382049488809,0.8957132895912419,100,8.783042669222517,1.8314420540290859,8.608878346063166,100,7.06636147833143,1.6971861781728315,7.046424229863419,100,0.9942022815896955,0.09667548912600579,1.0031036936085624,100,0.04442390955821825,0.9813800826162801,0.144633870102066,100,0.7478063891190463,0.17578616745583955,0.7841850990025377,100,0.8904666814203372,0.5481883057468776,0.791621707890118,100,1.5552788753988107,0.8855346377593641,1.3233553298484266,100,1.985071214814085,0.8731884755839243,1.891242751416499,100,0.38150792317194776,0.36108799055870683,0.2732961203780331,100,1.326158710159753,0.9107702702038173,1.2922642151453765,100,0.24323044177583916,0.23715114114816707,0.17158742946576844,100,,,,0,,,,0,0.2628663754463196,0.1279720066421015,0.23848974704742432,100,-2.289001380379054,3.896559845095909e-18,7.987947682446614e-16,-0.05429058796639629,0.5916968660875195,1.0,-0.21026945054759216,0.02634027200344449,1.0,-0.05429058796639629,0.5916968660875195,1.0,0.3624678384678385,3.896559845095909e-18,7.987947682446614e-16,0.3427900700700702,3.896559845095909e-18,7.987497077178259e-16,0.35616606483946955,3.896559845095909e-18,7.987947682446614e-16,0.3630695787375934,3.896559845095909e-18,7.987947682446614e-16,0.3679657093096538,3.896559845095909e-18,7.987947682446614e-16,0.37140849125356823,3.896559845095909e-18,7.987947682446614e-16,3.6496705660046227,3.896559845095909e-18,7.987947682446614e-16,2.931260850340185,3.896559845095909e-18,7.987947682446614e-16,-0.5272519353285837,3.374048120826996e-16,4.352522075866825e-14,0.07949917635105053,0.8044753358016482,1.0,0.493150841538137,3.896559845095909e-18,7.987947682446614e-16,-0.5562174685896409,8.116041088360096e-11,1.1605938756354937e-08,-1.5895193339784288,1.5758341826816587e-14,2.332234590368855e-12,0.8865243434880677,3.896559845095909e-18,7.987947682446614e-16,-0.8865243434880677,3.896559845095909e-18,7.987947682446614e-16,0.586252170068037,3.896559845095909e-18,7.987947682446614e-16,-0.586252170068037,3.896559845095909e-18,7.987947682446614e-16,,,,,,,-12.448491489887237,3.896559845095909e-18,8.767259651465796e-16
gold_fair_sources_sweep,f383c3437c21,ProxyOnly,FeasibleRestricted,250,200,50000,50,50,0.1,5.314641335307648,1.0876933355685803,5.070722530309563,100,0.14810116607983345,1.7639816267690143,0.11640121462301402,100,1.0214344211592654,0.843960640169622,0.8651915177192491,100,0.017720579044010726,1.3288413439972568,0.012209674782156732,100,0.4850072487272488,0.09683185372132651,0.48904404304404303,100,0.3372812412412413,0.07224385576946171,0.33858858858858865,100,0.5015320869716894,0.09851223166815751,0.5078729839771097,100,0.4926691710750696,0.13036448688694946,0.5200360928039576,100,0.49000941175913326,0.14185306324084837,0.5147700700912903,100,0.48308765234337253,0.1615532384724269,0.5025886007286522,100,5.133372103217895,1.7632696556623522,5.139688384844513,100,4.135100627991245,1.6598541420331283,4.125925591324306,100,1.5214542169182794,0.4356812842400818,1.4693931428836815,100,-0.03507526679283227,2.1050675776558387,-0.08233396566604033,100,0.25465554758090947,0.09541261465696932,0.25119750820752385,100,1.446684150009978,0.6855146652367875,1.3189521703269016,100,3.144798209377239,1.244399349897387,3.134586275304725,100,1.098546871326017,0.8869003932489359,1.1514613436456282,100,1.2680322666600155,0.4511601585241893,1.2004514933071437,100,0.7399065400917161,0.9012065605616026,0.7252132314047266,100,0.8294826118438763,0.2648147141135393,0.7625217024589663,100,0.0,0.0,0.0,100,0.0,0.0,0.0,100,12.711357865333557,4.504001466230208,11.942097783088684,100,,,,,,,,,,,,,,,,,,,,,,,,,,,,,,,,,,,,,,,,,,,,,,,,,,,,,,,,,,,,,,,,,,,,,,,,
gold_fair_sources_sweep,f383c3437c21,TargetOnlyDR,OracleTargetTreated,250,200,50000,50,50,0.1,4.695489387830389,0.8903017869848696,4.5832803861242475,100,0.15690559102809887,1.513610218883939,0.1951874438045122,100,0.27237112013502573,0.23177291413513584,0.23059471814613947,100,0.026525003992276128,0.35769174152585975,0.027741367616978208,100,0.6456508974508973,0.05286171397500574,0.6490351570351571,100,0.4637314514514515,0.043849471756563715,0.46605005005005007,100,0.6628776623620257,0.05212782271329897,0.669145208101012,100,0.658180329557124,0.07317140466158605,0.6672318536943168,100,0.6583720463828173,0.08820557732472808,0.6710181990223016,100,0.6518467479510777,0.1070747104589277,0.6759846297029727,100,6.84063369968343,1.683262868879262,6.685707169499057,100,5.4994352644742,1.5863395561946076,5.426394898488912,100,1.7028251549747333,0.37822804114398856,1.689411547263941,100,-0.10203168006945347,1.2866932730490022,-0.14566051371589106,100,0.4303811548142742,0.0692111489426361,0.4272806512882363,100,1.389569291620406,0.44203454873648984,1.3397649755071424,100,3.3775358018719124,0.9860637653319528,3.2539185353491393,100,1.5470765429396713,0.8162054191258051,1.477868911103369,100,0.819502595046361,0.2207046899373708,0.775082417490109,100,1.0127734673883066,0.8987109437508108,1.0008227373588778,100,0.5566156845472853,0.1729032545278017,0.5246293253655642,100,0.0,0.0,0.0,100,0.0,0.0,0.0,100,15.220720784664154,6.8620655093617176,14.843016862869263,100,-0.6191519474772577,4.0161556854627e-18,7.987947682446614e-16,0.008804424948265409,0.8797498813382739,1.0,-0.7490633010242398,9.958027138296739e-13,1.4737880164679174e-10,0.008804424948265395,0.8797498813382739,1.0,0.1606436487236487,1.1485179010089616e-17,7.987947682446614e-16,0.12645021021021022,1.0501887534614503e-17,7.987497077178259e-16,0.16134557539033628,1.2938800168252932e-17,7.987947682446614e-16,0.16551115848205455,3.3344510234599337e-17,1.3922702106315216e-15,0.16836263462368403,2.8782421504419467e-17,1.0649495956635203e-15,0.16875909560770508,5.1755353272287037e-17,1.449149891624037e-15,1.7072615964655338,2.5581057720235416e-17,1.0744044242498874e-15,1.3643346364829543,1.960659347540535e-17,8.626901129178354e-16,0.18137093805645396,0.003548921708441747,0.09227196441948543,-0.0669564132766212,0.7753522914731348,1.0,0.1757256072333647,1.5465938818405608e-17,7.987947682446614e-16,-0.057114858389572545,0.9643478501512192,1.0,0.2327375924946721,0.037194304323534086,1.0,0.44852967161365415,9.893009181510365e-18,7.987947682446614e-16,-0.44852967161365415,9.893009181510365e-18,7.987947682446614e-16,0.27286692729659084,1.960659347540535e-17,8.626901129178354e-16,-0.27286692729659084,1.960659347540535e-17,8.626901129178354e-16,0.0,,,0.0,,,2.509362919330597,0.0006558976151462912,0.007870771381755494
gold_fair_sources_sweep,f4e8ddf506be,AnchorOnly,OracleTargetTreated,150,100,5000,5,50,0.1,4.847131613541933,1.0428685961957078,4.647564830016165,100,0.3245206213075431,1.6960655307870967,0.3639127689499302,100,0.35981547393322166,0.2931369817687228,0.29128269064346857,100,-0.006133944009557768,0.4654741768188653,-0.009029143666469314,100,0.586933625053625,0.06972907461377564,0.5964686364686365,100,0.416085045045045,0.05510609078016707,0.4222562562562563,100,0.6035076466650905,0.06936948334722723,0.6149681793090322,100,0.5753151487888295,0.10845276439141699,0.5777731734734981,100,0.5984770732691365,0.11387651838591104,0.6196684924296985,100,0.6046853323664569,0.14435651432025454,0.6326779532182674,100,5.950285368061361,1.7378182727211124,5.941828611279315,100,5.0410216690440315,1.6996302488564445,4.941624129539431,100,1.503327724462778,0.3852366842151431,1.5117260161124264,100,-0.10635485326975593,1.1671706137473683,-0.06343673056062663,100,0.3387528465646931,0.09118755743068663,0.3467005951884113,100,1.2701163404259237,0.42532066825376846,1.2392272935910535,100,2.9442511037596493,0.9573138377866678,2.8120722653891597,100,1.5339368788221188,0.9378387723119782,1.490502260267709,100,0.9107918625621317,0.26343434066982985,0.8732430242797117,100,0.9229710845660882,0.9725737230674714,1.0059083272334493,100,0.6544498265421963,0.22248904776914513,0.619948690883478,100,0.0036962815735747485,0.002904552438575709,0.0030927186993860807,100,22.74,1.1944315244779278,23.0,100,8.254834377765656,0.3333237610600907,8.259254336357117,100,-0.40425709309872054,5.269204481546392e-18,7.987947682446614e-16,0.13037392116933322,0.24797695110160245,1.0,-0.5594086224439552,1.3998031019240994e-10,1.9597243426937393e-08,0.13037392116933322,0.24797695110160245,1.0,0.12395117831117833,2.483725635893387e-17,7.987947682446614e-16,0.09555551551551553,2.0195637546078604e-17,7.987497077178259e-16,0.12430267308538621,2.2069547466224186e-17,7.987947682446614e-16,0.09023557817572592,1.066761824101504e-10,1.1734380065116545e-09,0.1174957148232759,1.5427344182356265e-15,2.1887491567622437e-14,0.128536386747669,5.486894326681338e-17,1.449149891624037e-15,0.8767819829668386,2.802530849858032e-10,3.082783934843835e-09,0.9213064288715472,4.0576791041155326e-15,5.6807507457617454e-14,0.03582756091645445,0.43509678080987746,1.0,-0.028106006451091643,0.7700896655852555,1.0,0.10767886250777785,1.234309221920007e-15,1.9748947550720113e-14,-0.0662347122543803,0.8527039152769147,1.0,0.018561003459901904,0.7361501939167332,1.0,0.3698375294258206,2.3413085997284582e-17,8.662841818995295e-16,-0.3698375294258206,2.3413085997284582e-17,8.662841818995295e-16,0.18426128577430947,4.0576791041155326e-15,5.6807507457617454e-14,-0.18426128577430947,4.0576791041155326e-15,5.6807507457617454e-14,0.0036962815735747485,3.896559845095909e-18,1.7534519302931591e-16,22.74,1.7375055174003716e-18,4.343763793500929e-17,2.9699215865135193,3.896559845095909e-18,8.767259651465796e-16
gold_fair_sources_sweep,f4e8ddf506be,AnchorPlugin,FeasibleRestricted,150,100,5000,5,50,0.1,3.9481146741235067,1.255705738439785,3.549184165469969,100,0.11763270713691014,1.1626567785180273,0.030857027362877112,100,0.8197200066075923,0.7113314768321636,0.6423658677126972,100,-0.21302185818019073,1.0671850645616006,-0.23070068950069944,100,0.7277637076437077,0.10898339524761608,0.7500140460140461,100,0.5408137737737738,0.09613242225525158,0.5547567567567568,100,0.7425909955515807,0.10704877430375417,0.7639079257012611,100,0.7445231688418074,0.11011713884325156,0.7636205654096975,100,0.7463990114894462,0.1119241392845656,0.7696731960478143,100,0.7423637927497654,0.11492761605949874,0.7691270012688571,100,7.64693187696651,1.9456657733127793,7.43338056501894,100,6.193938953115808,1.7898910094795921,5.985618402636595,100,1.0337332589528765,0.1459730519036731,1.040478290615646,100,0.1844490984868209,1.0552582222929934,0.2115625377391337,100,0.5622815565995015,0.14369848452027925,0.5826292117791043,100,0.9628743758928876,0.6493592935924403,0.7637826077612886,100,1.8583939015528332,1.0461367214323698,1.5722293918555148,100,1.8179436607939683,0.8969752209694934,1.733729014698712,100,0.6267850805902822,0.39876230195874673,0.5275822741789717,100,1.1535545413804433,0.9712324494899336,1.2690435348167215,100,0.42386636972784103,0.2715851711659752,0.3490347927536887,100,0.011028060689549403,0.006946153620954215,0.010782852187516043,100,48.61,1.569243528750478,49.0,100,6.645770168304443,1.6456658598203653,6.799404859542847,100,-1.3032740325171457,3.896559845095909e-18,7.987947682446614e-16,-0.07651399300129978,0.27422378711525397,1.0,-0.09950408976958453,0.08009979252151697,1.0,-0.07651399300129977,0.27422378711525397,1.0,0.2647812609012609,3.896559845095909e-18,7.987947682446614e-16,0.22028424424424425,3.896559845095909e-18,7.987497077178259e-16,0.26338602197187644,3.896559845095909e-18,7.987947682446614e-16,0.25944359822870383,4.139373908714419e-18,7.987947682446614e-16,0.2654176530435856,3.896559845095909e-18,7.987947682446614e-16,0.2662148471309776,3.896559845095909e-18,7.987947682446614e-16,2.573428491871988,4.139373908714419e-18,7.987947682446614e-16,2.074223712943324,3.896559845095909e-18,7.987947682446614e-16,-0.4337669045934468,5.4826891764583176e-15,5.427862284693734e-13,0.2626979453054852,0.19846627399600303,1.0,0.33120757254258637,3.896559845095909e-18,7.987947682446614e-16,-0.37347667678741653,1.2222432997382332e-10,1.6744733206413796e-08,-1.0672961987469147,3.9197457473169017e-13,4.78208981172662e-11,0.6538443113976702,3.896559845095909e-18,7.987947682446614e-16,-0.6538443113976702,3.896559845095909e-18,7.987947682446614e-16,0.4148447425886648,3.896559845095909e-18,7.987947682446614e-16,-0.4148447425886648,3.896559845095909e-18,7.987947682446614e-16,0.011028060689549403,3.896559845095909e-18,1.7534519302931591e-16,48.61,1.8856260972452814e-18,4.5255026333886757e-17,1.3608573770523071,5.671494681756613e-10,1.701448404526984e-08
gold_fair_sources_sweep,f4e8ddf506be,EntropyBalancing,FeasibleRestricted,150,100,5000,5,50,0.1,3.482159102155358,1.5184576048311675,3.136872302737717,100,0.14135951199200156,1.4655191577517366,0.14042302745419516,100,0.9362468544115579,0.7678419865303142,0.8116537460131059,100,-0.18929505332509933,1.199499499285463,-0.08752988611772614,100,0.8028710167910168,0.13854790206855325,0.8387956127956129,100,0.6271597197197196,0.14027925870961694,0.6476676676676678,100,0.8143773814679317,0.13460263424323013,0.8519669508902656,100,0.8146921362739884,0.1369782498836105,0.8584790217263931,100,0.8142520918054822,0.1360608655013878,0.8569984600371724,100,0.8166606382064359,0.13271366606917853,0.8532602749114508,100,8.346931804243932,2.196281193856343,8.050111841991082,100,6.728697252131975,1.9757894316888431,6.4954156460065295,100,0.8705828568036489,0.13379757783577775,0.8879154616275247,100,0.1678219422247859,1.099481819655332,0.06844163535742011,100,0.6805152701237336,0.1987106139820524,0.7259509025386032,100,1.2009044933890367,0.7175259372775228,1.0567530043023472,100,2.427945591859819,1.4787419948581484,2.186280069246207,100,1.9727918887130165,0.9253109310636547,1.9188512628415397,100,0.47193685267123436,0.4071926320241249,0.331018036968495,100,1.260506201183677,0.9632925815371387,1.3687242028368898,100,0.3169147099246076,0.2932337993024459,0.20494880129743132,100,,,,0,,,,0,1.6537724685668946,0.871154832278892,1.454321265220642,100,-1.7692296044852944,1.1147719595548441e-17,7.987947682446614e-16,-0.05278718814620837,0.5224792307772006,1.0,0.01702275803438106,0.7465418609724369,1.0,-0.05278718814620834,0.5224792307772006,1.0,0.3398885700485701,3.896559845095909e-18,7.987947682446614e-16,0.30663019019019017,3.896559845095909e-18,7.987497077178259e-16,0.3351724078882274,3.896559845095909e-18,7.987947682446614e-16,0.3296125656608848,4.0161556854627e-18,7.987947682446614e-16,0.3332707333596217,3.896559845095909e-18,7.987947682446614e-16,0.34051169258764785,3.896559845095909e-18,7.987947682446614e-16,3.27342841914941,4.0161556854627e-18,7.987947682446614e-16,2.6089820119594918,3.896559845095909e-18,7.987947682446614e-16,-0.5969173067426745,1.960659347540535e-17,3.529186825572963e-15,0.24607078904345023,0.3496726883415898,1.0,0.4494412860668185,3.896559845095909e-18,7.987947682446614e-16,-0.13544655929126717,0.09816119491270844,1.0,-0.49774450843992823,0.001523678631191219,0.08989703924028192,0.8086925393167183,3.896559845095909e-18,7.987947682446614e-16,-0.8086925393167183,3.896559845095909e-18,7.987947682446614e-16,0.5217964023918983,3.896559845095909e-18,7.987947682446614e-16,-0.5217964023918982,3.896559845095909e-18,7.987947682446614e-16,,,,,,,-3.631140322685242,4.0161556854627e-18,8.767259651465796e-16
gold_fair_sources_sweep,f4e8ddf506be,Glmtrans_Auto,OracleTargetTreated,150,100,5000,5,50,0.1,0.7792455602622883,0.1595511113472657,0.7771503164973993,100,0.3246268146960382,1.5924801174764958,0.4011611890137334,100,0.0800477368278998,0.05868571885366314,0.06863298810669852,100,-0.0060277506210627795,0.09939656242209668,0.002475004952578741,100,0.9894873627273628,0.005024633642220673,0.9907735327735329,100,0.9159459059059059,0.020168411347457917,0.9184944944944946,100,0.9905815355111065,0.004559674799522962,0.9917764947936719,100,0.990510674452818,0.005508199875678999,0.991578457710137,100,0.9903228779718279,0.005701067515612465,0.9915987757221638,100,0.9901369428368283,0.005583966635768218,0.9918373787083845,100,10.232466974680548,2.4692759642375157,10.14504027817093,100,8.239129103349859,2.230887610704487,8.242996697323111,100,1.026973791836652,0.02638072633040295,1.0268654282275749,100,-0.003670435492171726,0.11550718780268222,-0.007136190436562058,100,0.9811267519254655,0.009134384410133612,0.9834573823731454,100,0.17425742518131215,0.0821674054868134,0.16582848119800392,100,0.4023322945730118,0.20796232661097624,0.3594192576153672,100,2.4241787210497177,1.0368134886314366,2.4191503183211958,100,0.02055002033453336,0.008732274381800407,0.0205166742333448,100,1.562592571427254,1.0171659577989915,1.6629426127321247,100,0.014828339681030674,0.007430274145124261,0.013236162383928343,100,,,,0,,,,0,10.516916904449463,0.6980728293142812,10.509045600891113,100,-4.4721431463783645,3.896559845095909e-18,7.987947682446614e-16,0.13048011455782818,0.3237410722388395,1.0,-0.8391763595492772,1.7415252083634357e-17,3.1521606271378188e-15,0.13048011455782818,0.3237410722388395,1.0,0.526504915984916,3.896559845095909e-18,7.987947682446614e-16,0.5954163763763763,3.896559845095909e-18,7.987497077178259e-16,0.5113765619314022,3.896559845095909e-18,7.987947682446614e-16,0.5054311038397145,3.896559845095909e-18,7.987947682446614e-16,0.5093415195259672,3.896559845095909e-18,7.987947682446614e-16,0.5139879972180402,3.896559845095909e-18,7.987947682446614e-16,5.158963589586027,3.896559845095909e-18,7.987947682446614e-16,4.119413863177376,3.896559845095909e-18,7.987947682446614e-16,-0.4405263717096715,4.690843471216412e-14,3.658857907548802e-12,0.07457841132649257,0.8392435483441993,1.0,0.7500527678685502,3.896559845095909e-18,7.987947682446614e-16,-1.1620936274989917,3.896559845095909e-18,7.987947682446614e-16,-2.5233578057267354,3.896559845095909e-18,7.987947682446614e-16,1.260079371653419,3.896559845095909e-18,7.987947682446614e-16,-1.260079371653419,3.896559845095909e-18,7.987947682446614e-16,0.8238827726354753,3.896559845095909e-18,7.987947682446614e-16,-0.8238827726354753,3.896559845095909e-18,7.987947682446614e-16,,,,,,,5.232004113197327,3.896559845095909e-18,8.767259651465796e-16
gold_fair_sources_sweep,f4e8ddf506be,Glmtrans_DR_CrossFit,OracleTargetTreated,150,100,5000,5,50,0.1,1.1567566119930188,0.3418567243606292,1.078192739816706,100,0.32013106762729643,1.624659563760475,0.40684402557375576,100,0.15248497797245908,0.1221447674060329,0.12080570931190206,100,-0.01052349768980446,0.1956885674240215,0.007244955897630134,100,0.977394515034515,0.010302699941384951,0.9795046755046755,100,0.8746976976976977,0.0285813459296567,0.8782262262262264,100,0.9795784077381688,0.009427327345294594,0.9813475945009378,100,0.9794131283932501,0.010404182008826606,0.9814249838300952,100,0.9793278400522304,0.011393427714741935,0.9816588400503485,100,0.9792791546173326,0.01090330062731876,0.9826907345566686,100,10.116407970628243,2.433598058929022,9.990801234393931,100,8.147497967528222,2.1981449291750867,8.112105251038813,100,0.9884371983990548,0.03408788928837275,0.9867602451331101,100,0.027245259648504324,0.2007859609130738,0.002872591035921633,100,0.9593775319600409,0.018584014592228287,0.9626176992882892,100,0.22760149747725628,0.12266424301665373,0.20319820340283729,100,0.4921309672546984,0.2541355272771056,0.4709618256643351,100,2.399076224243745,1.033209979186752,2.4042990629807433,100,0.045652517140506124,0.024204864942749656,0.04041204376254898,100,1.5442663442629263,1.0156623566069358,1.647703254673242,100,0.033154566845358203,0.018923684758616405,0.03064224451437278,100,,,,0,,,,0,12.649776849746704,0.813193118700211,12.645602226257324,100,-4.0946320946476344,3.896559845095909e-18,7.987947682446614e-16,0.1259843674890865,0.31043684356809365,1.0,-0.7667391184047178,3.7805653457291914e-16,6.31354412736775e-14,0.1259843674890865,0.31043684356809365,1.0,0.5144120682920684,3.896559845095909e-18,7.987947682446614e-16,0.5541681681681682,3.896559845095909e-18,7.987497077178259e-16,0.5003734341584646,3.896559845095909e-18,7.987947682446614e-16,0.4943335577801465,3.896559845095909e-18,7.987947682446614e-16,0.49834648160636985,3.896559845095909e-18,7.987947682446614e-16,0.5031302089985448,3.896559845095909e-18,7.987947682446614e-16,5.042904585533721,3.896559845095909e-18,7.987947682446614e-16,4.027782727355738,3.896559845095909e-18,7.987947682446614e-16,-0.4790629651472686,2.0366656656333666e-15,2.2810655455093705e-13,0.1054941064671686,0.8098010180054853,1.0,0.7283035479031257,3.896559845095909e-18,7.987947682446614e-16,-1.1087495552030475,3.896559845095909e-18,7.987947682446614e-16,-2.433559133045049,3.896559845095909e-18,7.987947682446614e-16,1.2349768748474466,3.896559845095909e-18,7.987947682446614e-16,-1.2349768748474466,3.896559845095909e-18,7.987947682446614e-16,0.8055565454711474,3.896559845095909e-18,7.987947682446614e-16,-0.8055565454711474,3.896559845095909e-18,7.987947682446614e-16,,,,,,,7.364864058494568,3.896559845095909e-18,8.767259651465796e-16
gold_fair_sources_sweep,f4e8ddf506be,Glmtrans_OptionB,FeasibleRestricted,150,100,5000,5,50,0.1,2.8148308870189656,1.4330845874655205,2.5613276767771698,100,0.18292855652597884,1.4379183029334857,0.32230093450383923,100,0.8150183132783149,0.6581667222102703,0.6835815850464262,100,-0.14772600879112205,1.0402425305728282,-0.15050766542821797,100,0.8686406632406635,0.11407055134321833,0.9005571905571906,100,0.7065634034034036,0.13242601516947308,0.7267087087087087,100,0.8774428228773496,0.10982019745516615,0.9093388278757883,100,0.8799696774086386,0.10565939554472584,0.9109960697182333,100,0.8795781759945461,0.10693927329097123,0.9153555369793783,100,0.8804344455090667,0.1033587911243471,0.914064781421255,100,9.022447929564288,2.1149040941571258,8.873337463118599,100,7.263879644475963,1.9184414114236206,7.1367896023578155,100,0.9443815690717517,0.11876576765185526,0.9531156669127574,100,0.16243889164228442,1.0016509163097822,0.1369631708854958,100,0.7815723075877535,0.1683606343708442,0.8246027671530325,100,0.9896062599768304,0.6348605806771109,0.8653145893707095,100,1.8300759733625518,1.0962876464568185,1.6230160925354795,100,2.122073333904854,0.9337589424551367,2.0479453185748495,100,0.32265540747939675,0.3598816194521071,0.21979996670030477,100,1.3675426796524743,0.9778879361615862,1.4561945002310095,100,0.20987823145581008,0.26705046628400003,0.14072523063319087,100,,,,0,,,,0,9.66894634962082,0.5493307154843702,9.6619131565094,100,-2.436557819621686,3.896559845095909e-18,7.987947682446614e-16,-0.011218143612231092,0.7001689715399704,1.0,-0.10420578309886197,0.5405233196725827,1.0,-0.01121814361223108,0.7001689715399704,1.0,0.4056582164982165,3.896559845095909e-18,7.987947682446614e-16,0.38603387387387395,3.896559845095909e-18,7.987497077178259e-16,0.39823784929764505,3.896559845095909e-18,7.987947682446614e-16,0.3948901067955351,3.896559845095909e-18,7.987947682446614e-16,0.39859681754868537,3.896559845095909e-18,7.987947682446614e-16,0.40428549989027884,3.896559845095909e-18,7.987947682446614e-16,3.9489445444697666,3.896559845095909e-18,7.987947682446614e-16,3.1441644043034787,3.896559845095909e-18,7.987947682446614e-16,-0.5231185944745721,6.928021197254875e-17,1.0392031795882312e-14,0.24068773846094874,0.2437793945162675,1.0,0.5504983235308384,3.896559845095909e-18,7.987947682446614e-16,-0.3467447927034734,0.0001450767012607564,0.009865215685731435,-1.0956141269371957,4.659276289416659e-09,4.146755897580827e-07,0.9579739845085556,3.896559845095909e-18,7.987947682446614e-16,-0.9579739845085556,3.896559845095909e-18,7.987947682446614e-16,0.6288328808606957,3.896559845095909e-18,7.987947682446614e-16,-0.6288328808606957,3.896559845095909e-18,7.987947682446614e-16,,,,,,,4.3840335583686825,3.896559845095909e-18,8.767259651465796e-16
gold_fair_sources_sweep,f4e8ddf506be,IPWTransport,FeasibleRestricted,150,100,5000,5,50,0.1,3.433622305587221,1.5235472195790367,3.0326306937556633,100,0.14258746540884118,1.4672228577508692,0.14240790733575812,100,0.9420980856201403,0.7689087213673456,0.8101799031951035,100,-0.1880670999082598,1.2049929730454607,-0.08727368356439272,100,0.8077275303675303,0.13736126431848203,0.8465889605889606,100,0.6329982382382383,0.14101581947115835,0.6560980980980982,100,0.8190134800609166,0.1332686325307053,0.8578668679469155,100,0.8196036329955751,0.13428606390834444,0.8613301818450061,100,0.8203986426776229,0.13466666212918965,0.8617909407987627,100,0.8210080106001644,0.13254891091976814,0.8604848899113833,100,8.394843023128765,2.1724544946017224,8.053559107098451,100,6.773344922606544,1.9588114541931751,6.534907771954705,100,0.8801226839864278,0.1307347634927606,0.8946975510369135,100,0.16712860703448384,1.1116324204308392,0.06538606502416032,100,0.6878629155179097,0.19862634675840446,0.7391432843201726,100,1.1821480201063814,0.7131296393652482,1.0198131861957576,100,2.3596123152575474,1.4232907028866544,2.1483520825938025,100,1.9824152688239034,0.9265444490081125,1.9226682702901217,100,0.4623134725603474,0.4050885429567122,0.31309579824960365,100,1.2694357352785908,0.9643653451487206,1.3820997033959177,100,0.3079851758296936,0.2953920188832208,0.20100482758395105,100,,,,0,,,,0,0.6469001698493958,0.31110247569806854,0.6490939855575562,100,-1.8177664010534322,8.267798584515514e-18,7.987947682446614e-16,-0.051559234729368804,0.5247177003787094,1.0,0.022873989242963483,0.687475023529822,1.0,-0.051559234729368804,0.5247177003787094,1.0,0.34474508362508366,3.896559845095909e-18,7.987947682446614e-16,0.31246870870870874,3.896559845095909e-18,7.987497077178259e-16,0.33980850648121214,3.896559845095909e-18,7.987947682446614e-16,0.33452406238247173,3.896559845095909e-18,7.987947682446614e-16,0.3394172842317622,3.896559845095909e-18,7.987947682446614e-16,0.3448590649813765,3.896559845095909e-18,7.987947682446614e-16,3.3213396380342415,3.896559845095909e-18,7.987947682446614e-16,2.65362968243406,3.896559845095909e-18,7.987947682446614e-16,-0.5873774795598957,2.4114800543560524e-17,4.171860494035971e-15,0.24537745385314813,0.3374113464376355,1.0,0.45678893146099453,3.896559845095909e-18,7.987947682446614e-16,-0.15420303257392262,0.06142153247048362,1.0,-0.5660777850422002,0.00046488358494524537,0.029752549436495704,0.8183159194276053,3.896559845095909e-18,7.987947682446614e-16,-0.8183159194276053,3.896559845095909e-18,7.987947682446614e-16,0.5307259364868121,3.896559845095909e-18,7.987947682446614e-16,-0.5307259364868121,3.896559845095909e-18,7.987947682446614e-16,,,,,,,-4.638012621402741,3.896559845095909e-18,8.767259651465796e-16
gold_fair_sources_sweep,f4e8ddf506be,OutcomeModelTransport,FeasibleRestricted,150,100,5000,5,50,0.1,3.245537426417874,1.576596183502356,2.867258943364188,100,0.16981534672513135,1.4058166396169993,0.13659165804546403,100,0.9109175377118427,0.7364159677650319,0.7270561726253597,100,-0.16083921859196956,1.1637569338517937,0.004344071210724054,100,0.8241954335154337,0.13822009110243347,0.8605515805515807,100,0.6548158158158158,0.14793998736201583,0.6754414414414415,100,0.8346270858834396,0.13384522941765262,0.8753319480837278,100,0.8323824369577711,0.13897454257117542,0.8854966416530974,100,0.8350200137398744,0.13744988684898457,0.8753665397547187,100,0.834833803697688,0.1358125184077479,0.8659272907304991,100,8.510942740793016,2.166728175202871,8.20843966503833,100,6.882915426623726,1.9481449684296015,6.626015042422832,100,0.9155024094683667,0.12817140108251027,0.9291391320951855,100,0.14212726718192098,1.1075277946138529,0.05948799502081388,100,0.713749640880375,0.20239992792915304,0.7722596545067828,100,1.0938464405424646,0.6814086694516897,0.9964669998933704,100,2.0917961928983115,1.2900700429852614,1.7659982597720996,100,2.0116094682374683,0.9252672684815482,1.9255133926574994,100,0.4331192731467819,0.41610599403564186,0.2660846284599059,100,1.2913498360820277,0.9681271290877682,1.3993571186039275,100,0.286071075026257,0.3058840292686036,0.19608330868134355,100,,,,0,,,,0,0.1005979323387146,0.051888591063372846,0.10001921653747559,100,-2.0058512802227795,4.9610417082651575e-18,7.987947682446614e-16,-0.02433135341307856,0.6376046699936373,1.0,-0.008306558665334083,0.9069368853915614,1.0,-0.024331353413078554,0.6376046699936373,1.0,0.3612129867729869,3.896559845095909e-18,7.987947682446614e-16,0.3342862862862862,3.896559845095909e-18,7.987497077178259e-16,0.35542211230373544,3.896559845095909e-18,7.987947682446614e-16,0.34730286634466756,3.896559845095909e-18,7.987947682446614e-16,0.3540386552940138,3.896559845095909e-18,7.987947682446614e-16,0.35868485807890005,3.896559845095909e-18,7.987947682446614e-16,3.437439355698495,3.896559845095909e-18,7.987947682446614e-16,2.7632001864512437,3.896559845095909e-18,7.987947682446614e-16,-0.5519977540779566,5.816713162471362e-17,8.899571138581183e-15,0.2203761140005853,0.3976487523328709,1.0,0.48267565682345986,3.896559845095909e-18,7.987947682446614e-16,-0.24250461213783908,0.00374942930874461,0.20996804128969815,-0.833893907401436,1.268671971131564e-06,0.00010149375769052512,0.8475101188411707,3.896559845095909e-18,7.987947682446614e-16,-0.8475101188411707,3.896559845095909e-18,7.987947682446614e-16,0.5526400372902489,3.896559845095909e-18,7.987947682446614e-16,-0.5526400372902489,3.896559845095909e-18,7.987947682446614e-16,,,,,,,-5.184314858913422,3.896559845095909e-18,8.767259651465796e-16
gold_fair_sources_sweep,f4e8ddf506be,ProxyOnly,FeasibleRestricted,150,100,5000,5,50,0.1,5.251388706640653,1.1228064390227455,5.004686913040499,100,0.19414670013821003,1.6275749566498394,0.024869053075261927,100,0.919224096377177,0.791358654497982,0.7510745193213701,100,-0.136507865178891,1.2086909928158849,-0.07386172300518357,100,0.46298244674244676,0.08705208872202817,0.47494189294189293,100,0.3205295295295295,0.06370126821374895,0.32732332332332337,100,0.4792049735797043,0.08903040788542706,0.49083358733862714,100,0.4850795706131036,0.13127603391400522,0.49945254906685954,100,0.48098135844586054,0.1526111041795063,0.507420341796645,100,0.47614894561878784,0.17558792763971706,0.5194067257387209,100,5.073503385094522,1.9108064053590506,4.967766498329366,100,4.119715240172483,1.8084070298114316,4.090077962515437,100,1.4675001635463234,0.4302134173930802,1.3942507693009634,100,-0.07824884681866433,1.904101612212595,-0.027913058633086907,100,0.2310739840569152,0.08015575841062306,0.23227404865378198,100,1.3363510526803037,0.6325543713135913,1.211068202591807,100,2.925690100299748,1.1310824654875982,2.6886525665047047,100,1.164099349396298,0.8869830638426588,1.1931262255619224,100,1.2806293919879526,0.4857113826767397,1.1768111227478493,100,0.7387097987917788,0.9612195940478362,0.7991124820002138,100,0.8387111123165056,0.2912124393028421,0.7606350581106476,100,0.0,0.0,0.0,100,0.0,0.0,0.0,100,5.284912791252136,0.5895242676181534,5.4341959953308105,100,,,,,,,,,,,,,,,,,,,,,,,,,,,,,,,,,,,,,,,,,,,,,,,,,,,,,,,,,,,,,,,,,,,,,,,,
gold_fair_sources_sweep,f4e8ddf506be,TargetOnlyDR,OracleTargetTreated,150,100,5000,5,50,0.1,4.789731369983085,0.9568401435437259,4.532052540745857,100,0.2999291167814505,1.6751782445583046,0.33068459858874877,100,0.3552948947170643,0.28391346091194053,0.3191116053631422,100,-0.030725448535650405,0.45515142754736365,-0.01973840012993,100,0.5890008965208966,0.05928767112462194,0.5966173046173047,100,0.41717557557557555,0.04700475785744278,0.4204144144144144,100,0.6057139927254889,0.058698983137964594,0.6113673269298658,100,0.5965328310736026,0.09148618518663894,0.607097652758317,100,0.6052489977568153,0.10037464464282048,0.6098167749327388,100,0.605857223481125,0.12538191989444042,0.6247503785596491,100,6.197354471467432,1.8169499391927726,6.101641386979689,100,5.122564501464309,1.8276188585162516,4.830768239972141,100,1.5032313505542803,0.3596869006803512,1.522890581822222,100,-0.10869313462615303,1.239929165137055,-0.09308781220058135,100,0.35189397239053904,0.07432799508112486,0.3570647567448591,100,1.1977840429887432,0.4064582185771542,1.1543851118480721,100,2.7934550229768367,0.9356946467258064,2.771019376012026,100,1.538600820353214,0.9567141328526738,1.5406409674790846,100,0.9061279210310363,0.24658511216467105,0.8515186372509569,100,0.9392796510501438,0.9840706266564934,0.9898328759770685,100,0.6381412600581408,0.18295479958025326,0.5936980233909788,100,0.0,0.0,0.0,100,0.0,0.0,0.0,100,5.6781463527679445,0.8643861049791697,5.444382190704346,100,-0.46165733665756936,4.2663227307182344e-18,7.987947682446614e-16,0.1057824166432406,0.4092592100268002,1.0,-0.5639292016601125,5.369106230090425e-11,7.5704397844275e-09,0.1057824166432406,0.4092592100268002,1.0,0.1260184497784498,6.166069759616455e-17,9.865711615386327e-16,0.09664604604604606,4.342298919012428e-17,7.987497077178259e-16,0.12650901914578463,4.8816168731894246e-17,7.987947682446614e-16,0.11145326046049886,1.405205713543345e-13,2.248329141669352e-12,0.12426763931095472,9.071993454725491e-16,1.6329588218505885e-14,0.12970827786233713,4.611279067549772e-16,7.378046508079636e-15,1.1238510863729114,2.0164615770355652e-13,3.427984680960461e-12,1.002849261291825,1.5862688510866552e-15,2.700679115188782e-14,0.035731187007957244,0.41711035916476014,1.0,-0.03044428780748876,0.7991587121799286,1.0,0.12081998833362378,2.46529261728969e-16,4.6840559728504106e-15,-0.13856700969156066,0.1555994829260015,1.0,-0.13223507732291082,0.4371225373859976,1.0,0.3745014709569159,3.2378376991430734e-17,1.0361080637257835e-15,-0.3745014709569159,3.2378376991430734e-17,1.0361080637257835e-15,0.200569852258365,1.5862688510866552e-15,2.700679115188782e-14,-0.200569852258365,1.5862688510866552e-15,2.700679115188782e-14,0.0,,,0.0,,,0.3932335615158081,0.02977871411538426,0.26800842703845834
gold_fair_sources_sweep,fbbf5fab280b,AnchorOnly,OracleTargetTreated,550,500,10000,10,50,0.1,4.71400155684161,0.9407599133335186,4.480878178216866,100,-0.10837880133889526,1.8522834594477875,-0.10164272930044213,100,0.2170313482364126,0.18852382905703235,0.16605785228334466,100,0.029322996208714872,0.2867945271440133,0.052658848912556185,100,0.6635432033432034,0.038258158886828104,0.6658323418323419,100,0.4785056256256257,0.03210036998823685,0.4788268268268268,100,0.6813208512867703,0.0370762919667722,0.6808130341423797,100,0.6760666589324903,0.0896815881159183,0.6879749613500299,100,0.666250943953089,0.1065091820272999,0.6993737053571272,100,0.6485187573086432,0.14817018155829265,0.6851032323325428,100,7.102943778804161,2.394519077900537,6.997798252310032,100,5.624766130540005,2.2170051539240405,5.560657296248106,100,1.7177649498528718,0.2765116481996467,1.7185290033532883,100,-0.033045173355530706,1.443801658591794,0.05733661684025171,100,0.4594701871854802,0.0522726564146025,0.4641490611439856,100,1.4351175967599135,0.44010562351412374,1.3344977127214999,100,3.5847835330286957,1.0379664285570032,3.4132343449573397,100,1.6703345234787859,1.0286338454334558,1.5818892196198222,100,0.7678369052722006,0.18495464187135793,0.7402393118832302,100,1.141041389112433,0.8643684276801793,1.1661892881682516,100,0.5195432861421816,0.13193505170981257,0.48911934900496057,100,0.0009906698096513733,0.0008248718201093157,0.0006323587604806465,100,24.15,0.5924610544247622,24.0,100,15.906684720516205,0.7182033615962651,15.899322509765625,100,-0.6966762904248963,3.896559845095909e-18,7.987947682446614e-16,-0.055142236468825344,0.6548878905640467,1.0,-0.9779041937240308,4.1167803303556016e-16,6.833855348390298e-14,-0.05514223646882531,0.6548878905640467,1.0,0.1508782371982372,7.78699366986276e-18,7.987947682446614e-16,0.11944608608608606,7.55704804907942e-18,7.987497077178259e-16,0.15239817340767509,7.78699366986276e-18,7.987947682446614e-16,0.16837900915735024,3.2378376991430734e-17,1.3922702106315216e-15,0.16902695672526566,1.5013268321137124e-17,7.987947682446614e-16,0.17180286306105258,1.219062650217942e-17,7.987947682446614e-16,1.8385133443536146,1.960659347540535e-17,9.411164868194568e-16,1.4465172738210674,1.3732250242604873e-17,7.987947682446614e-16,0.2258544230537521,2.73371882554736e-06,0.00011754990949853648,0.11801693773917947,0.3919187494866655,1.0,0.17026790287966265,7.78699366986276e-18,7.987947682446614e-16,-0.1536524099865983,0.24239136462501465,1.0,0.2032608293297533,0.12600322563335334,1.0,0.481635383505112,3.976797993175688e-17,1.2328073778844633e-15,-0.481635383505112,3.976797993175688e-17,1.2328073778844633e-15,0.2893034547642135,1.3732250242604873e-17,7.987947682446614e-16,-0.2893034547642135,1.3732250242604873e-17,7.987947682446614e-16,0.0009906698096513733,3.896559845095909e-18,1.7534519302931591e-16,24.15,1.7855642770949995e-19,7.142257108379998e-18,6.96588675737381,3.896559845095909e-18,8.767259651465796e-16
gold_fair_sources_sweep,fbbf5fab280b,AnchorPlugin,FeasibleRestricted,550,500,10000,10,50,0.1,4.212121101877396,1.5642689943650183,3.763487015532668,100,-0.014082659567717277,1.0892535397949772,0.0028393738199943173,100,1.0084175271676141,0.9699971369135507,0.7111827004296212,100,0.12361913797989292,1.3973675535756853,0.1629078237234698,100,0.7258944752544754,0.12154092207381485,0.7624181404181405,100,0.5409215615615615,0.10823343769473494,0.568938938938939,100,0.74035496204901,0.12021693740735949,0.780351537695828,100,0.720735938067833,0.14675674274827297,0.7703811504991207,100,0.7183860983528915,0.15855119854786068,0.7713064928041676,100,0.7115922640322946,0.1806532268920146,0.7818399577826582,100,7.3963137247677615,2.2477205488910688,7.200818665904207,100,5.903784763464309,2.1030734255048227,5.9079796846728065,100,1.0613907095158712,0.12361034890730017,1.0639268270363083,100,-0.1356697413307915,1.3830256309395923,-0.23273210950295886,100,0.5617337935568931,0.1621785070846139,0.6071600442002222,100,1.147754914666504,0.8875825502932998,0.856889764443908,100,2.019850377518694,1.1180057808751587,1.7752031758892464,100,1.7491441771098934,1.017938244725491,1.785376068768087,100,0.6890272516410931,0.4832696056968796,0.5452394703279613,100,1.1968451156972935,0.8481703115386404,1.2376058894972743,100,0.463739559557321,0.32760052742975326,0.3555513200846056,100,0.003359889784923365,0.0021950958596532607,0.003134561385304155,100,49.61,0.6178326405404393,50.0,100,9.679322357177734,1.3271402608105436,9.778434038162231,100,-1.198556745389109,3.896559845095909e-18,7.987947682446614e-16,0.039153905302352715,0.3995699198907845,1.0,-0.18651801479282934,0.018002461636592713,1.0,0.039153905302352736,0.3995699198907845,1.0,0.21322950910950908,3.896559845095909e-18,7.987947682446614e-16,0.18186202202202206,3.896559845095909e-18,7.987497077178259e-16,0.21143228416991464,3.896559845095909e-18,7.987947682446614e-16,0.21304828829269284,3.896559845095909e-18,7.987947682446614e-16,0.2211621111250679,3.896559845095909e-18,7.987947682446614e-16,0.23487636978470394,3.896559845095909e-18,7.987947682446614e-16,2.1318832903172136,3.896559845095909e-18,7.987947682446614e-16,1.7255359067453704,3.896559845095909e-18,7.987947682446614e-16,-0.4305198172832484,3.2793460288037097e-16,4.2631498374448226e-14,0.015392369763918693,0.5845892174029008,1.0,0.27253150925107567,3.896559845095909e-18,7.987947682446614e-16,-0.44101509208000794,1.1419186889976034e-10,1.5872669777066685e-08,-1.3616723261802477,4.001557931101309e-16,6.562555007006146e-14,0.5604450371362194,5.430296382634715e-18,7.987947682446614e-16,-0.5604450371362194,5.430296382634715e-18,7.987947682446614e-16,0.345107181349074,3.896559845095909e-18,7.987947682446614e-16,-0.345107181349074,3.896559845095909e-18,7.987947682446614e-16,0.003359889784923365,3.896559845095909e-18,1.7534519302931591e-16,49.61,1.3283655691776807e-19,5.579135390546259e-18,0.7385243940353393,0.0002045007015103931,0.0030675105226558967
gold_fair_sources_sweep,fbbf5fab280b,EntropyBalancing,FeasibleRestricted,550,500,10000,10,50,0.1,3.454198952416543,1.8068813886334467,2.91710359519249,100,-0.05669955437234779,1.4163719666306775,0.04382962757252673,100,0.9667061456445438,0.7562086212688199,0.8540275572112728,100,0.08100224317526239,1.228488589637148,0.2363107046778593,100,0.8177613042813044,0.14427833304017412,0.8684323964323966,100,0.6483140740740743,0.1520675658873056,0.6852952952952953,100,0.828034683547063,0.14072060383988544,0.8804198370201908,100,0.8166507467056696,0.15926667709041104,0.8709382275207191,100,0.8146318179945763,0.16081283633395624,0.8698575949634175,100,0.808262848652214,0.17119006237820053,0.8811577290742829,100,8.309825191421869,2.2967494849878176,8.403139480220332,100,6.629424969081303,2.1519800572868064,6.632451377888454,100,0.9285678962880647,0.10838593439934148,0.9359545908557345,100,-0.10672837297025392,1.220975155751225,-0.2148305030859204,100,0.7045869057766277,0.20765844144103102,0.775840212022165,100,1.109031478128234,0.708282770409806,1.0198683490617033,100,1.9756711207452164,1.1436569786955273,1.8530065042448935,100,1.9527000984637153,1.0326857919978838,1.9623851076571739,100,0.4854713302872714,0.4970571502440522,0.2911615139779319,100,1.3419731568206927,0.8550878779641927,1.3976410086667999,100,0.31861151843392177,0.3405047954856987,0.18636540875753682,100,,,,0,,,,0,2.2506676506996155,0.9750440634238869,2.266522169113159,100,-1.9564788948499634,3.896559845095909e-18,7.987947682446614e-16,-0.0034629895022778223,0.8204786096104631,1.0,-0.2282293963158995,0.07603410568515136,1.0,-0.00346298950227782,0.8204786096104631,1.0,0.30509633813633813,3.896559845095909e-18,7.987947682446614e-16,0.28925453453453454,3.896559845095909e-18,7.987497077178259e-16,0.2991120056679678,3.896559845095909e-18,7.987947682446614e-16,0.3089630969305297,4.0161556854627e-18,7.987947682446614e-16,0.31740783076675294,4.0161556854627e-18,7.987947682446614e-16,0.3315469544046233,3.896559845095909e-18,7.987947682446614e-16,3.045394756971321,4.0161556854627e-18,7.987947682446614e-16,2.4511761123623668,4.0161556854627e-18,7.987947682446614e-16,-0.5633426305110552,3.0528209793531665e-17,5.1592674551068516e-15,0.044333738124456235,0.6376046699936373,1.0,0.4153846214708105,3.896559845095909e-18,7.987947682446614e-16,-0.47973852861827804,7.915698945664686e-07,7.440757008924805e-05,-1.405851582953726,5.83887968430523e-12,5.955657277991334e-10,0.7640009584900411,4.0161556854627e-18,7.987947682446614e-16,-0.7640009584900411,4.0161556854627e-18,7.987947682446614e-16,0.4902352224724732,4.0161556854627e-18,7.987947682446614e-16,-0.4902352224724732,4.0161556854627e-18,7.987947682446614e-16,,,,,,,-6.690130312442779,3.896559845095909e-18,8.767259651465796e-16
gold_fair_sources_sweep,fbbf5fab280b,Glmtrans_Auto,OracleTargetTreated,550,500,10000,10,50,0.1,0.4509137045492915,0.1436229757037285,0.4134953045466881,100,-0.13637373199320443,1.8782461408102473,-0.10561385753678519,100,0.03098420188872045,0.023919885806783586,0.025192363990089964,100,0.0013280655544057594,0.03924407355635531,0.004108894934794327,100,0.9966881514881516,0.0031266716717528445,0.9975973515973516,100,0.9566633033033033,0.015504835745462226,0.9597577577577578,100,0.9970802472845246,0.002933224175745034,0.9979578248311863,100,0.9971485853221651,0.0031174363235624935,0.9979666823496247,100,0.9969232211875446,0.0033200899976170025,0.997857982782558,100,0.996945036159683,0.0028813806647118427,0.9978267917376624,100,10.311322869912285,2.67442944299528,9.843232882711455,100,8.19931672246244,2.4130716670033925,7.947349230230585,100,1.0290261004287435,0.012066246767725311,1.029811496200986,100,0.0030524955081505743,0.0633821032104986,0.008790886377326064,100,0.9941580385311951,0.0058871794466151895,0.9958567514009465,100,0.13692066734871233,0.046420047719497606,0.13731736369778164,100,0.32057198774499346,0.11184562380942176,0.3056841169857272,100,2.4316797386131115,1.1065530689384409,2.375043236069349,100,0.0064916901378750036,0.006861715550140654,0.004759334686941341,100,1.6559515074969204,0.9062496183506323,1.630633508396914,100,0.004633167757693961,0.004627784423043013,0.0033561332405519506,100,,,,0,,,,0,13.277787117958068,0.9711687016020818,13.332651019096375,100,-4.959764142717215,3.896559845095909e-18,7.987947682446614e-16,-0.08313716712313449,0.6132542176643868,1.0,-1.163951340071723,3.896559845095909e-18,7.987947682446614e-16,-0.08313716712313445,0.6132542176643868,1.0,0.4840231853431852,3.896559845095909e-18,7.987947682446614e-16,0.5976037637637638,3.896559845095909e-18,7.987497077178259e-16,0.46815756940542935,3.896559845095909e-18,7.987947682446614e-16,0.4894609355470253,3.896559845095909e-18,7.987947682446614e-16,0.4996992339597211,3.896559845095909e-18,7.987947682446614e-16,0.5202291419120924,3.896559845095909e-18,7.987947682446614e-16,5.046892435461737,3.896559845095909e-18,7.987947682446614e-16,4.021067865743506,3.896559845095909e-18,7.987947682446614e-16,-0.46288442637037625,2.2752519601792896e-15,2.480024636595426e-13,0.15411460660286072,0.8044753358016482,1.0,0.7049557542253777,3.896559845095909e-18,7.987947682446614e-16,-1.4518493393977994,3.896559845095909e-18,7.987947682446614e-16,-3.0609507159539486,3.896559845095909e-18,7.987947682446614e-16,1.2429805986394376,3.896559845095909e-18,7.987947682446614e-16,-1.2429805986394376,3.896559845095909e-18,7.987947682446614e-16,0.8042135731487011,3.896559845095909e-18,7.987947682446614e-16,-0.8042135731487011,3.896559845095909e-18,7.987947682446614e-16,,,,,,,4.336989154815674,3.896559845095909e-18,8.767259651465796e-16
gold_fair_sources_sweep,fbbf5fab280b,Glmtrans_DR_CrossFit,OracleTargetTreated,550,500,10000,10,50,0.1,0.39445133570678886,0.15172589640059891,0.35103223109295884,100,-0.13786102242062184,1.8798482458863888,-0.12090152860189596,100,0.03320989068322895,0.024343740380218106,0.026605628566567646,100,-0.00015922487301171795,0.04131137008570252,-0.0007366790215546648,100,0.9970098776898775,0.0030316341445342145,0.997870543870544,100,0.9595656856856857,0.01536425567702217,0.9626466466466467,100,0.9973657557796182,0.0028433900031805738,0.9981778530974064,100,0.9973783742682,0.0030616750325111373,0.9984403926182281,100,0.9972257060829086,0.0033341695373998665,0.9980069249397904,100,0.9973262581776099,0.0026648699135660616,0.998109040507067,100,10.313622333308102,2.6742667264591353,9.84120317137173,100,8.201700114247776,2.413335885851461,7.94401229056606,100,1.0034470751425508,0.0072973216500577965,1.003033922337619,100,0.002711382801390508,0.04379426169112638,0.0016403464763468738,100,0.9947279111732759,0.005698197584139782,0.9963876688242493,100,0.054312279269630795,0.022891017136072944,0.052886527223333604,100,0.12494350501046064,0.05654837552843692,0.12159297395897362,100,2.432448895631771,1.1066817640441984,2.379188578739479,100,0.0057225331192154805,0.006285123952576388,0.004013900675151061,100,1.6564281858539873,0.9062133195270837,1.6327800763506497,100,0.004156489400627073,0.004594431336303399,0.002941069366843463,100,,,,0,,,,0,16.796781373023986,1.196230747341835,16.869274020195007,100,-5.016226511559717,3.896559845095909e-18,7.987947682446614e-16,-0.08462445755055192,0.603630307822939,1.0,-1.1617256512772145,4.139373908714419e-18,8.320141556515982e-16,-0.08462445755055192,0.603630307822939,1.0,0.4843449115449117,3.896559845095909e-18,7.987947682446614e-16,0.6005061461461463,3.896559845095909e-18,7.987497077178259e-16,0.46844307790052275,3.896559845095909e-18,7.987947682446614e-16,0.4896907244930596,3.896559845095909e-18,7.987947682446614e-16,0.500001718855085,3.896559845095909e-18,7.987947682446614e-16,0.5206103639300194,3.896559845095909e-18,7.987947682446614e-16,5.049191898857554,3.896559845095909e-18,7.987947682446614e-16,4.02345125752884,3.896559845095909e-18,7.987947682446614e-16,-0.488463451656569,7.245464848115237e-16,8.694557817738285e-14,0.1537734938961006,0.8365569764052994,1.0,0.7055256268674587,3.896559845095909e-18,7.987947682446614e-16,-1.5344577274768807,3.896559845095909e-18,7.987947682446614e-16,-3.256579198688481,3.896559845095909e-18,7.987947682446614e-16,1.2437497556580972,3.896559845095909e-18,7.987947682446614e-16,-1.2437497556580972,3.896559845095909e-18,7.987947682446614e-16,0.804690251505768,3.896559845095909e-18,7.987947682446614e-16,-0.804690251505768,3.896559845095909e-18,7.987947682446614e-16,,,,,,,7.855983409881592,3.896559845095909e-18,8.767259651465796e-16
gold_fair_sources_sweep,fbbf5fab280b,Glmtrans_OptionB,FeasibleRestricted,550,500,10000,10,50,0.1,3.1789601346607643,1.8487129997808214,2.6767603087177334,100,-0.13401898367146495,1.5603185725342494,-0.0327307551191362,100,0.9185710552690931,0.7930282264112581,0.7461122223405317,100,0.0036828138761451855,1.2170356645365012,0.055090593809205834,100,0.8431826514626516,0.14817955762332705,0.9014389214389216,100,0.6832973773773774,0.16124745934035567,0.7267707707707708,100,0.8521619968998361,0.14434240657488978,0.9091074117928433,100,0.8410587512866361,0.160291986664123,0.9078642826759638,100,0.841881403034511,0.16054926683171106,0.9055262747289041,100,0.839681028814993,0.1668982635225152,0.8985222262351877,100,8.545616386372998,2.346126920670384,8.549622499586393,100,6.830186421435508,2.17336213273787,6.75087254891694,100,0.9549171041829247,0.10967032311603489,0.9684311396618916,100,-0.013811900440297786,1.1955842037558135,-0.11644813525917541,100,0.7462488993987069,0.21426867818446957,0.8275290377640723,100,1.0667111110063663,0.7256673837689234,1.0060124802823704,100,1.824788922482801,1.0667470302713775,1.6827705436403717,100,2.0093377019417873,1.0244013807816963,1.9601576232061233,100,0.4288337268091988,0.5130324849007538,0.23511815625754173,100,1.3821254472915343,0.8501340826418861,1.3967165647859616,100,0.27845922796308065,0.35091523768747723,0.13926316154535745,100,,,,0,,,,0,12.154264569282532,1.0119788709870585,12.077347159385681,100,-2.2317177126057413,3.896559845095909e-18,7.987947682446614e-16,-0.08078241880139492,0.6976233342391592,1.0,-0.27636448669135033,0.02066812697611394,1.0,-0.0807824188013949,0.6976233342391592,1.0,0.33051768531768533,4.0161556854627e-18,7.987947682446614e-16,0.32423783783783783,4.0161556854627e-18,7.987497077178259e-16,0.323239319020741,4.0161556854627e-18,7.987947682446614e-16,0.3333711015114963,3.896559845095909e-18,7.987947682446614e-16,0.34465741580668746,3.896559845095909e-18,7.987947682446614e-16,0.36296513456740215,4.0161556854627e-18,7.987947682446614e-16,3.28118595192245,3.896559845095909e-18,7.987947682446614e-16,2.651937564716572,3.896559845095909e-18,7.987947682446614e-16,-0.5369934226161953,6.928021197254875e-17,1.0392031795882312e-14,0.13725021065441237,0.8392435483441993,1.0,0.45704661509288935,4.0161556854627e-18,7.987947682446614e-16,-0.5220588957401457,4.165949265329798e-07,3.999311294716606e-05,-1.556733781216141,1.6409015596347118e-13,2.1331720275251254e-11,0.8206385619681137,3.896559845095909e-18,7.987947682446614e-16,-0.8206385619681137,3.896559845095909e-18,7.987947682446614e-16,0.5303875129433143,3.896559845095909e-18,7.987947682446614e-16,-0.5303875129433143,3.896559845095909e-18,7.987947682446614e-16,,,,,,,3.2134666061401367,3.896559845095909e-18,8.767259651465796e-16
gold_fair_sources_sweep,fbbf5fab280b,IPWTransport,FeasibleRestricted,550,500,10000,10,50,0.1,3.455188918879857,1.8039441564623646,2.8944214687263323,100,-0.05898915102809678,1.4192790189395552,0.02789426565384015,100,0.9647455693898022,0.7540117664177898,0.8490770149944133,100,0.07871264651951337,1.2257287007618658,0.24974319542228618,100,0.8176581587781588,0.14386792301159504,0.8673835833835835,100,0.6480321121121121,0.15157967169844963,0.6811911911911912,100,0.8279600655836673,0.1402900549939067,0.8777786748245204,100,0.8171933593269368,0.15793663592864993,0.8707132654901867,100,0.8146163345534856,0.1607409711202503,0.8747765895085617,100,0.8082819850770622,0.17113233472548886,0.8799081095733086,100,8.313285374981128,2.2775767060529892,8.354309527707592,100,6.628889974708202,2.1463694969839264,6.627942780403538,100,0.9280028272853369,0.10590996959773605,0.9353100225634092,100,-0.10312671300240218,1.2169945730177565,-0.21153615270165932,100,0.704353248344454,0.2073555860447594,0.7713674432848074,100,1.101863951858347,0.7059693912715921,0.9947310133524468,100,1.9538116711141371,1.1225338228377533,1.7720286490558128,100,1.95261747341277,1.0321827809756408,1.9561253641923133,100,0.48555395533821666,0.4999806569910254,0.28807424316922625,100,1.341866157946073,0.855583414730534,1.3951874263389916,100,0.3187185173085416,0.3391486225950934,0.18864185936048533,100,,,,0,,,,0,0.8223242926597595,0.38264698531145497,0.8546645641326904,100,-1.955488928386649,3.896559845095909e-18,7.987947682446614e-16,-0.0057525861580268334,0.8365569764052994,1.0,-0.23018997257064144,0.07490391224372553,1.0,-0.005752586158026802,0.8365569764052994,1.0,0.30499319263319263,3.896559845095909e-18,7.987947682446614e-16,0.28897257257257253,3.896559845095909e-18,7.987497077178259e-16,0.29903738770457194,3.896559845095909e-18,7.987947682446614e-16,0.30950570955179674,4.0161556854627e-18,7.987947682446614e-16,0.3173923473256621,4.0161556854627e-18,7.987947682446614e-16,0.3315660908294714,3.896559845095909e-18,7.987947682446614e-16,3.0488549405305787,4.0161556854627e-18,7.987947682446614e-16,2.450641117989266,4.0161556854627e-18,7.987947682446614e-16,-0.5639076995137827,3.14398699044227e-17,5.219018404134169e-15,0.047935398092307915,0.6327020543587233,1.0,0.4151509640386365,3.896559845095909e-18,7.987947682446614e-16,-0.486906054888165,4.397350993271126e-07,4.1774834436075694e-05,-1.4277110325848055,5.174036778840668e-12,5.380998249994294e-10,0.7639183334390958,4.0161556854627e-18,7.987947682446614e-16,-0.7639183334390958,4.0161556854627e-18,7.987947682446614e-16,0.4901282235978533,4.0161556854627e-18,7.987947682446614e-16,-0.4901282235978533,4.0161556854627e-18,7.987947682446614e-16,,,,,,,-8.118473670482636,3.896559845095909e-18,8.767259651465796e-16
gold_fair_sources_sweep,fbbf5fab280b,OutcomeModelTransport,FeasibleRestricted,550,500,10000,10,50,0.1,3.330533800308939,1.8679121459966477,2.7662913718783546,100,-0.06599288819113788,1.4056786204883391,-0.005543193125861833,100,0.9876875009731906,0.7762887755143586,0.8559128207575672,100,0.07170890935647227,1.258097992143543,0.21421294271466582,100,0.8296840612840615,0.14728593369869608,0.8835250275250275,100,0.6655857857857856,0.15932176912770446,0.7010390390390391,100,0.8392717009791326,0.14353384872966482,0.8914381096538135,100,0.8267989770245653,0.1612811974480594,0.8873710013432057,100,0.8253399968909071,0.1623337251093567,0.8862105329120787,100,0.8216912103869671,0.17288054435982336,0.890321738765452,100,8.404707439668433,2.3106192933353835,8.492539601938688,100,6.704786561691302,2.1498190941959874,6.742015042327324,100,0.9544424080761003,0.10230439953982656,0.9687578345130695,100,-0.09088161118507712,1.240553316229686,-0.24282452737183857,100,0.723998053617686,0.2131507528873083,0.7962902765516165,100,1.0996436460965275,0.7259274101222996,0.9961969674908777,100,1.8217139257394812,1.0764901687079447,1.500776482287419,100,1.9732854244766553,1.0310974552469003,1.9565246363891937,100,0.4648860042743311,0.5120918281853567,0.2646763482653052,100,1.3570454753426922,0.8548900100775755,1.3833847983786076,100,0.3035391999119219,0.350107557484838,0.16743345934171971,100,,,,0,,,,0,0.15946112394332887,0.08638302955503407,0.15637505054473877,100,-2.0801440469575665,3.896559845095909e-18,7.987947682446614e-16,-0.012756323321067974,0.8446222853530765,1.0,-0.20724804098725272,0.1090982647047737,1.0,-0.012756323321067953,0.8446222853530765,1.0,0.3170190951390952,4.0161556854627e-18,7.987947682446614e-16,0.30652624624624625,4.0161556854627e-18,7.987497077178259e-16,0.31034902310003754,4.0161556854627e-18,7.987947682446614e-16,0.3191113272494254,3.896559845095909e-18,7.987947682446614e-16,0.32811600966308385,3.896559845095909e-18,7.987947682446614e-16,0.34497531613937654,4.0161556854627e-18,7.987947682446614e-16,3.1402770052178846,3.896559845095909e-18,7.987947682446614e-16,2.526537704972365,3.896559845095909e-18,7.987947682446614e-16,-0.5374681187230194,5.486894326681338e-17,8.44981726308926e-15,0.06018049990963305,0.6748685607674054,1.0,0.4347957693118685,4.0161556854627e-18,7.987947682446614e-16,-0.48912636064998444,2.241363978256441e-07,2.2861912578215696e-05,-1.5598087779594598,1.369299546879079e-13,1.7937824064115935e-11,0.7845862845029816,4.0161556854627e-18,7.987947682446614e-16,-0.7845862845029816,4.0161556854627e-18,7.987947682446614e-16,0.5053075409944731,3.896559845095909e-18,7.987947682446614e-16,-0.5053075409944731,3.896559845095909e-18,7.987947682446614e-16,,,,,,,-8.781336839199065,3.896559845095909e-18,8.767259651465796e-16
gold_fair_sources_sweep,fbbf5fab280b,ProxyOnly,FeasibleRestricted,550,500,10000,10,50,0.1,5.4106778472665065,1.3722433010433126,5.063424209516695,100,-0.05323656487006993,1.697124350717661,-0.08208346168225632,100,1.1949355419604433,1.0214495732186948,0.984125408063709,100,0.08446523267754015,1.5743083176498849,0.17639875803490335,100,0.5126649661449661,0.11441284673441317,0.5366374526374527,100,0.3590595395395396,0.08571700296932697,0.3746066066066066,100,0.5289226778790952,0.11639040451550971,0.5571312469037288,100,0.50768764977514,0.1593603213114935,0.5429201795414134,100,0.4972239872278233,0.18261675614574627,0.5275715298749041,100,0.4767158942475907,0.22852528555277543,0.5186480252433097,100,5.2644304344505475,2.163703088180207,5.213927220533492,100,4.178248856718936,2.0264685959238413,4.135536397348131,100,1.49191052679912,0.4033306362637631,1.5147126638109696,100,-0.15106211109471018,2.1647069268833876,-0.027955856597904893,100,0.28920228430581757,0.11217887315937164,0.3078810624056652,100,1.5887700067465118,0.8645310255272799,1.4266585066556337,100,3.381522703698942,1.4119113148169513,3.2599731579754505,100,1.1886991399736737,1.0885399890481966,1.2805817985177002,100,1.2494722887773124,0.5898539732770888,1.0899928437207511,100,0.8517379343482193,0.8254394832752421,0.8623752447946247,100,0.8088467409063947,0.3586566881865902,0.7117158128484977,100,0.0,0.0,0.0,100,0.0,0.0,0.0,100,8.940797963142394,0.8801035021318735,9.12729287147522,100,,,,,,,,,,,,,,,,,,,,,,,,,,,,,,,,,,,,,,,,,,,,,,,,,,,,,,,,,,,,,,,,,,,,,,,,
gold_fair_sources_sweep,fbbf5fab280b,TargetOnlyDR,OracleTargetTreated,550,500,10000,10,50,0.1,4.659649044208131,0.9297821804133349,4.429056665458496,100,-0.12802334210973662,1.8687093859753472,-0.11692803610496004,100,0.20516778205479344,0.16631211746907346,0.16220409320375345,100,0.009678455437873467,0.2647340375029682,0.020133785435347606,100,0.6745675024075024,0.04079246424321844,0.676051924051924,100,0.48815599599599596,0.03499652641421166,0.48895895895895897,100,0.6920981074861002,0.038935139712041725,0.6929433865547034,100,0.6851395979139508,0.08208630014434364,0.6972238215608075,100,0.6746875568749318,0.0968236824472005,0.6923057370107331,100,0.6568485222568071,0.13321227955337409,0.6862089085951684,100,7.167103752473976,2.295584517209219,6.919042039254915,100,5.675627052329157,2.163559025160201,5.497522398301303,100,1.707952464350479,0.28862201806561194,1.6567858594128921,100,-0.005913247026079802,1.5671672449410539,0.09898091890066116,100,0.475128918689325,0.05497665442689957,0.4749086603921759,100,1.4255258532364752,0.4094578885132273,1.3373741297699557,100,3.6237898859874043,0.9439683797261783,3.4534064683955723,100,1.6894293830610851,1.051891220893524,1.6085370777616257,100,0.7487420456899011,0.18115492960756915,0.7141255448040545,100,1.1512135734702635,0.8671632875519932,1.21509337652398,100,0.5093711017843507,0.13019383252456893,0.4903017003543788,100,0.0,0.0,0.0,100,0.0,0.0,0.0,100,11.446359174251556,1.1019743435141853,11.429758906364441,100,-0.751028803058375,3.896559845095909e-18,7.987947682446614e-16,-0.0747867772396667,0.61809143216358,1.0,-0.98976775990565,3.5716108787188483e-16,6.000306276247665e-14,-0.07478677723966667,0.61809143216358,1.0,0.16190253626253626,5.94331234302936e-18,7.987947682446614e-16,0.12909645645645645,5.596247901468035e-18,7.987497077178259e-16,0.16317542960700518,5.596247901468035e-18,7.987947682446614e-16,0.1774519481388106,6.12472726248735e-18,7.987947682446614e-16,0.1774635696471083,8.023842397878198e-18,7.987947682446614e-16,0.18013262800921648,1.2938800168252932e-17,7.987947682446614e-16,1.9026733180234285,5.767203615817138e-18,7.987947682446614e-16,1.4973781956102212,7.55704804907942e-18,7.987947682446614e-16,0.21604193755135948,9.336270456051868e-06,0.0003641145477860229,0.14514886406863034,0.35322723435597647,1.0,0.1859266343835075,5.269204481546392e-18,7.987947682446614e-16,-0.16324415351003713,0.29116666608101216,1.0,0.24226718228846184,0.06483698513130025,1.0,0.5007302430874115,1.2559216589141089e-17,7.987947682446614e-16,-0.5007302430874117,1.2559216589141089e-17,7.987947682446614e-16,0.2994756391220443,7.55704804907942e-18,7.987947682446614e-16,-0.2994756391220443,7.55704804907942e-18,7.987947682446614e-16,0.0,,,0.0,,,2.5055612111091614,2.1426597410614454e-17,1.0499032731201083e-15
