benchmark_id,scenario_id,method,feasibility,m0,m1,n_proxy_total,C_sources,nontransfer_scale,pehe_mean,pehe_sd,pehe_median,pehe_n,ate_hat_mean,ate_hat_sd,ate_hat_median,ate_hat_n,ate_abs_err_mean,ate_abs_err_sd,ate_abs_err_median,ate_abs_err_n,ate_bias_mean,ate_bias_sd,ate_bias_median,ate_bias_n,tau_corr_mean,tau_corr_sd,tau_corr_median,tau_corr_n,tau_kendall_mean,tau_kendall_sd,tau_kendall_median,tau_kendall_n,qini_auc_mean,qini_auc_sd,qini_auc_median,qini_auc_n,topk_10_ratio_mean,topk_10_ratio_sd,topk_10_ratio_median,topk_10_ratio_n,topk_20_ratio_mean,topk_20_ratio_sd,topk_20_ratio_median,topk_20_ratio_n,topk_30_ratio_mean,topk_30_ratio_sd,topk_30_ratio_median,topk_30_ratio_n,topk_10_captured_mean,topk_10_captured_sd,topk_10_captured_median,topk_10_captured_n,topk_20_captured_mean,topk_20_captured_sd,topk_20_captured_median,topk_20_captured_n,calib_slope_mean,calib_slope_sd,calib_slope_median,calib_slope_n,calib_intercept_mean,calib_intercept_sd,calib_intercept_median,calib_intercept_n,calib_r2_mean,calib_r2_sd,calib_r2_median,calib_r2_n,tau_ece_mean,tau_ece_sd,tau_ece_median,tau_ece_n,tau_mce_mean,tau_mce_sd,tau_mce_median,tau_mce_n,policy_value_mean,policy_value_sd,policy_value_median,policy_value_n,policy_regret_mean,policy_regret_sd,policy_regret_median,policy_regret_n,policy_value_top20_mean,policy_value_top20_sd,policy_value_top20_median,policy_value_top20_n,policy_regret_top20_mean,policy_regret_top20_sd,policy_regret_top20_median,policy_regret_top20_n,stage2_lambda_mean,stage2_lambda_sd,stage2_lambda_median,stage2_lambda_n,stage2_n_selected_mean,stage2_n_selected_sd,stage2_n_selected_median,stage2_n_selected_n,stepb_M_fro_norm_mean,stepb_M_fro_norm_sd,stepb_M_fro_norm_median,stepb_M_fro_norm_n,stepb_M_effective_rank_mean,stepb_M_effective_rank_sd,stepb_M_effective_rank_median,stepb_M_effective_rank_n,runtime_sec_mean,runtime_sec_sd,runtime_sec_median,runtime_sec_n,pehe_delta_vs_ProxyOnly,pehe_p_value,pehe_q_value,ate_hat_delta_vs_ProxyOnly,ate_hat_p_value,ate_hat_q_value,ate_abs_err_delta_vs_ProxyOnly,ate_abs_err_p_value,ate_abs_err_q_value,ate_bias_delta_vs_ProxyOnly,ate_bias_p_value,ate_bias_q_value,tau_corr_delta_vs_ProxyOnly,tau_corr_p_value,tau_corr_q_value,tau_kendall_delta_vs_ProxyOnly,tau_kendall_p_value,tau_kendall_q_value,qini_auc_delta_vs_ProxyOnly,qini_auc_p_value,qini_auc_q_value,topk_10_ratio_delta_vs_ProxyOnly,topk_10_ratio_p_value,topk_10_ratio_q_value,topk_20_ratio_delta_vs_ProxyOnly,topk_20_ratio_p_value,topk_20_ratio_q_value,topk_30_ratio_delta_vs_ProxyOnly,topk_30_ratio_p_value,topk_30_ratio_q_value,topk_10_captured_delta_vs_ProxyOnly,topk_10_captured_p_value,topk_10_captured_q_value,topk_20_captured_delta_vs_ProxyOnly,topk_20_captured_p_value,topk_20_captured_q_value,calib_slope_delta_vs_ProxyOnly,calib_slope_p_value,calib_slope_q_value,calib_intercept_delta_vs_ProxyOnly,calib_intercept_p_value,calib_intercept_q_value,calib_r2_delta_vs_ProxyOnly,calib_r2_p_value,calib_r2_q_value,tau_ece_delta_vs_ProxyOnly,tau_ece_p_value,tau_ece_q_value,tau_mce_delta_vs_ProxyOnly,tau_mce_p_value,tau_mce_q_value,policy_value_delta_vs_ProxyOnly,policy_value_p_value,policy_value_q_value,policy_regret_delta_vs_ProxyOnly,policy_regret_p_value,policy_regret_q_value,policy_value_top20_delta_vs_ProxyOnly,policy_value_top20_p_value,policy_value_top20_q_value,policy_regret_top20_delta_vs_ProxyOnly,policy_regret_top20_p_value,policy_regret_top20_q_value,stage2_lambda_delta_vs_ProxyOnly,stage2_lambda_p_value,stage2_lambda_q_value,stage2_n_selected_delta_vs_ProxyOnly,stage2_n_selected_p_value,stage2_n_selected_q_value,runtime_sec_delta_vs_ProxyOnly,runtime_sec_p_value,runtime_sec_q_value
gold_fair_sweep,0cb8fe452618,AnchorOnly,infeasible_no_target_treated,100,0,20000,10,0.1,,,,0,,,,0,,,,0,,,,0,,,,0,,,,0,,,,0,,,,0,,,,0,,,,0,,,,0,,,,0,,,,0,,,,0,,,,0,,,,0,,,,0,,,,0,,,,0,,,,0,,,,0,,,,0,,,,0,,,,0,,,,0,0.0,0.0,0.0,100,,,,,,,,,,,,,,,,,,,,,,,,,,,,,,,,,,,,,,,,,,,,,,,,,,,,,,,,,,,,,,,,,,,,,,-13.707152273654938,3.896559845095909e-18,5.1434589955266e-16
gold_fair_sweep,0cb8fe452618,AnchorPlugin,FeasibleRestricted,100,0,20000,10,0.1,3.1193113331166016,1.1813148116265206,2.8846518250118667,100,-0.0374300391081794,0.8085008033164193,0.005151425740967018,100,0.6961530799198833,0.4743851402097211,0.6178035851381407,100,-0.09037115657238039,0.840426186605529,-0.03935890526834686,100,0.749052648732649,0.12059080312457565,0.778958680958681,100,0.5634749149149151,0.10968404646413366,0.5833573573573574,100,0.7625918061636935,0.11916427009959678,0.7927754051548808,100,0.7511131889718379,0.1390536535802933,0.7708594509342295,100,0.7526007857145456,0.1536932186214677,0.7727546105630902,100,0.7406549763481814,0.21163416531754375,0.7786657285142409,100,6.1191252063288815,1.8580789921593066,5.891739102307718,100,4.917142239855691,1.653386038780639,4.690495896974639,100,1.044474745138297,0.17743161669146473,1.0362922827348056,100,0.11079876846471773,0.8536245147531076,0.01103771610445517,100,0.5941159545882222,0.15855293327943248,0.6287799445054176,100,0.8295635380223888,0.4309577775793979,0.7145261188443698,100,1.600418979986144,0.8169463413070077,1.3516597617756934,100,1.489165469373968,0.6490323338613144,1.5795594783405573,100,0.4816599153599624,0.34905472871326176,0.3836117879975309,100,1.0098676831756095,0.6387807540845755,1.0460111181481073,100,0.3243722158568477,0.24127393418251072,0.25328315672187235,100,0.015043734831041105,0.012554323755098932,0.013704247477715762,100,28.86,1.4000000000000001,29.0,100,,,,0,,,,0,11.448529753684998,0.8695088766278763,11.383712530136108,100,-1.0624036515653836,4.2663227307182344e-18,4.442078223409337e-16,-0.018382775413295277,0.9917699870208231,1.0,-0.1759674208181996,0.0224275589899635,0.89710235959854,-0.018382775413295277,0.9917699870208231,1.0,0.2466933384933385,3.896559845095909e-18,4.442078223409337e-16,0.21238818818818814,3.896559845095909e-18,4.442078223409337e-16,0.24449710290268217,3.896559845095909e-18,4.442078223409337e-16,0.24462874856837735,3.896559845095909e-18,4.442078223409337e-16,0.25643966687360825,3.896559845095909e-18,4.442078223409337e-16,0.2617629232101617,3.896559845095909e-18,4.442078223409337e-16,1.9278207946251018,3.896559845095909e-18,4.442078223409337e-16,1.573358562935281,3.896559845095909e-18,4.442078223409337e-16,-0.19338043566512614,4.091460086977789e-07,1.1046942234840031e-05,0.06041780829658919,0.6748685607674054,1.0,0.32261780742690477,3.896559845095909e-18,4.442078223409337e-16,-0.3141281182419259,1.490247569483896e-07,1.1027832014180831e-05,-0.7363514275365268,2.597879207151489e-09,1.6106851084339231e-07,0.4979998971658756,4.531861061109546e-18,4.442078223409337e-16,-0.4979998971658756,4.531861061109546e-18,4.442078223409337e-16,0.3146717125870562,3.896559845095909e-18,4.442078223409337e-16,-0.3146717125870562,3.896559845095909e-18,4.442078223409337e-16,0.015043734831041105,3.896559845095909e-18,1.9872455209989137e-16,28.86,1.3586682861598353e-18,1.6304019433918023e-17,-2.2586225199699403,2.378601237013467e-11,9.514404948053868e-11
gold_fair_sweep,0cb8fe452618,DRLearner_PooledNoSite,infeasible_no_target_treated,100,0,20000,10,0.1,,,,0,,,,0,,,,0,,,,0,,,,0,,,,0,,,,0,,,,0,,,,0,,,,0,,,,0,,,,0,,,,0,,,,0,,,,0,,,,0,,,,0,,,,0,,,,0,,,,0,,,,0,,,,0,,,,0,,,,0,,,,0,0.0,0.0,0.0,100,,,,,,,,,,,,,,,,,,,,,,,,,,,,,,,,,,,,,,,,,,,,,,,,,,,,,,,,,,,,,,,,,,,,,,-13.707152273654938,3.896559845095909e-18,5.1434589955266e-16
gold_fair_sweep,0cb8fe452618,DRLearner_PooledWithSite,infeasible_no_target_treated,100,0,20000,10,0.1,,,,0,,,,0,,,,0,,,,0,,,,0,,,,0,,,,0,,,,0,,,,0,,,,0,,,,0,,,,0,,,,0,,,,0,,,,0,,,,0,,,,0,,,,0,,,,0,,,,0,,,,0,,,,0,,,,0,,,,0,,,,0,0.0,0.0,0.0,100,,,,,,,,,,,,,,,,,,,,,,,,,,,,,,,,,,,,,,,,,,,,,,,,,,,,,,,,,,,,,,,,,,,,,,-13.707152273654938,3.896559845095909e-18,5.1434589955266e-16
gold_fair_sweep,0cb8fe452618,EntropyBalancing,FeasibleRestricted,100,0,20000,10,0.1,2.6811954465053973,1.3847065678435964,2.4361393640873903,100,-0.1319809991579798,0.9346598674559736,-0.08470070802915167,100,0.6930906634710078,0.6652410249625926,0.44170110551215425,100,-0.18492211662218083,0.9451089636580914,-0.04763958401736458,100,0.8173120561120562,0.14067776252595757,0.8606165726165727,100,0.6486213413413414,0.15101294841850119,0.6726766766766767,100,0.8283219849661702,0.1366456165973139,0.8708924339993653,100,0.8230207500547173,0.15544215683552362,0.8614464242981337,100,0.8140796493302851,0.17300673992276988,0.8540162256186856,100,0.8061490705715313,0.22136967057253487,0.846897741075525,100,6.670661564174841,1.9717463151463728,6.315799958621338,100,5.295601370047717,1.7754009024461113,5.140257073289195,100,0.9601708754943921,0.14981068675500234,0.9609773871706726,100,0.18804827490977707,0.967549139618862,0.07339176601796218,100,0.7053391735751829,0.20274048627416927,0.7541028367932887,100,0.8281728649662514,0.6331295027583105,0.5918336786936816,100,1.5774876949881909,1.0556409665074182,1.1671098517486171,100,1.5927378414780713,0.6526115571676349,1.6906868361870782,100,0.37808754325585886,0.3668156806245172,0.2564930613513521,100,1.0855595092140151,0.6304527975866073,1.188162772146403,100,0.24868038981844218,0.24719672454619335,0.15938751578876012,100,,,,0,,,,0,,,,0,,,,0,5.051704912185669,1.5610076677568918,4.789512991905212,100,-1.5005195381765881,5.767203615817138e-18,4.442078223409337e-16,-0.11293373546309575,0.7001689715399704,1.0,-0.1790298372670751,0.02657396218023019,1.0,-0.11293373546309575,0.7001689715399704,1.0,0.3149527458727459,4.139373908714419e-18,4.442078223409337e-16,0.2975346146146146,4.139373908714419e-18,4.442078223409337e-16,0.3102272817051587,4.0161556854627e-18,4.442078223409337e-16,0.31653630965125684,4.0161556854627e-18,4.442078223409337e-16,0.31791853048934776,4.3971135541818935e-18,4.442078223409337e-16,0.32725701743351165,4.139373908714419e-18,4.442078223409337e-16,2.479357152471062,4.0161556854627e-18,4.442078223409337e-16,1.9518176931273095,4.531861061109546e-18,4.442078223409337e-16,-0.27768430530903127,3.6218683262649065e-11,1.4849660137686116e-09,0.1376673147416485,0.7543660885045383,1.0,0.4338410264138656,4.0161556854627e-18,4.442078223409337e-16,-0.3155187912980631,3.6316006848389984e-06,0.00021426444040550092,-0.7592827125344797,2.2004304714429118e-07,9.720988974713704e-06,0.6015722692699791,5.596247901468035e-18,4.442078223409337e-16,-0.601572269269979,5.596247901468035e-18,4.442078223409337e-16,0.39036353862546186,4.531861061109546e-18,4.442078223409337e-16,-0.39036353862546186,4.531861061109546e-18,4.442078223409337e-16,,,,,,,-8.65544736146927,3.896559845095909e-18,5.1434589955266e-16
gold_fair_sweep,0cb8fe452618,IPWTransport,FeasibleRestricted,100,0,20000,10,0.1,2.646201700933144,1.378026760852712,2.4206990240340187,100,-0.1337547275489733,0.9302621049118235,-0.10491941344064151,100,0.6903098025879012,0.6614664107241447,0.4527953544826254,100,-0.18669584501317427,0.940037995898148,-0.033076443540595746,100,0.8223759432159433,0.13770914688214345,0.8551440511440512,100,0.6542314314314315,0.1496117330853233,0.6662362362362363,100,0.8332294177199256,0.13362493825141783,0.86547864633739,100,0.8293301562661811,0.15371935581485127,0.8711969478857926,100,0.8201756473656124,0.1686675969032607,0.8555607352505192,100,0.8104017350137934,0.2247930260615427,0.8519075058276114,100,6.720975246423276,1.974500037116565,6.365569429800681,100,5.339153168366507,1.7791630927247903,5.147256617451761,100,0.9712714758850237,0.1493729847925621,0.9630367418745388,100,0.19200392368343247,0.9671078597513416,0.062100693409561605,100,0.7125517470394833,0.19967982045047974,0.7495012220366769,100,0.8177225175088257,0.6312673011994963,0.5960925229396082,100,1.5681348524188297,1.0570701531016882,1.2535002257078944,100,1.6008124849488106,0.657944988726585,1.689818019362261,100,0.3700128997851197,0.359589085327493,0.2582397197596972,100,1.0942698688777726,0.6328878970367298,1.1780779927241185,100,0.23997003015468443,0.23732800662769094,0.16235143222397935,100,,,,0,,,,0,,,,0,,,,0,1.3740012645721436,0.45454204016570066,1.3482458591461182,100,-1.5355132837488406,5.430296382634715e-18,4.442078223409337e-16,-0.1147074638540892,0.6900069147093293,1.0,-0.18181069815018172,0.027526719487495813,1.0,-0.1147074638540892,0.6900069147093293,1.0,0.32001663297663296,4.139373908714419e-18,4.442078223409337e-16,0.3031447047047047,4.139373908714419e-18,4.442078223409337e-16,0.31513471445891433,4.139373908714419e-18,4.442078223409337e-16,0.3228457158627205,4.139373908714419e-18,4.442078223409337e-16,0.324014528524675,4.3971135541818935e-18,4.442078223409337e-16,0.3315096818757736,4.2663227307182344e-18,4.442078223409337e-16,2.529670834719497,4.139373908714419e-18,4.442078223409337e-16,1.995369491446097,4.3971135541818935e-18,4.442078223409337e-16,-0.2665837049183997,1.1163086794902334e-10,4.3536038500119105e-09,0.14162296351530382,0.7674623006604582,1.0,0.4410535998781658,4.139373908714419e-18,4.442078223409337e-16,-0.32596913875548883,2.1582542412854836e-06,0.0001316535087184145,-0.7686355551038402,8.149510834101045e-08,4.074755417050522e-06,0.6096469127407184,5.94331234302936e-18,4.442078223409337e-16,-0.6096469127407184,5.94331234302936e-18,4.442078223409337e-16,0.3990738982892195,4.3971135541818935e-18,4.442078223409337e-16,-0.3990738982892195,4.3971135541818935e-18,4.442078223409337e-16,,,,,,,-12.333151009082794,3.896559845095909e-18,5.1434589955266e-16
gold_fair_sweep,0cb8fe452618,OutcomeModelTransport,FeasibleRestricted,100,0,20000,10,0.1,2.6348524842458985,1.3712274905651403,2.391774519914075,100,-0.1295709652218405,0.9336553301243413,-0.0839077916914629,100,0.680029183718246,0.654940112050115,0.4242465841300881,100,-0.1825120826860415,0.9286604424787627,0.019019743648016188,100,0.8238108729708731,0.1366246405912131,0.8557143277143278,100,0.6556229029029028,0.14874768047311712,0.6673173173173174,100,0.8346386872534808,0.13253731443861735,0.8685640647828103,100,0.8308744529617188,0.15128375021879806,0.8679429753686332,100,0.8226671030435704,0.16795179132511917,0.8600272566227833,100,0.8119362718368173,0.21808219758812147,0.853525172501038,100,6.734064850944614,1.9800858907536816,6.301761889490749,100,5.35666746036834,1.7828068973103943,5.122153796960868,100,0.9741771778371288,0.14958426869064473,0.9652812373479795,100,0.18740795696528637,0.9589015858738934,0.027254757734744048,100,0.7145779616711201,0.19839101648642435,0.7548484648536411,100,0.8061859538240747,0.6272510391998622,0.6148550731850172,100,1.552319867158877,1.0663299592288327,1.1744083946177843,100,1.6042901463906756,0.6606563686729637,1.6687808272472948,100,0.36653523834325474,0.35674255753166606,0.2606522469340292,100,1.0977727272781395,0.6336222186900969,1.1689765230178804,100,0.23646717175431786,0.23480121801785758,0.15941667345502522,100,,,,0,,,,0,,,,0,,,,0,0.2978507900238037,0.13820016384897835,0.28208887577056885,100,-1.5468625004360868,5.596247901468035e-18,4.442078223409337e-16,-0.11052370152695637,0.6698511676891292,1.0,-0.1920913170198369,0.01750703830017993,0.735295608607557,-0.11052370152695637,0.6698511676891292,1.0,0.3214515627315627,4.139373908714419e-18,4.442078223409337e-16,0.3045361761761762,4.139373908714419e-18,4.442078223409337e-16,0.31654398399246936,4.139373908714419e-18,4.442078223409337e-16,0.32439001255825817,4.139373908714419e-18,4.442078223409337e-16,0.32650598420263316,4.670683307897806e-18,4.442078223409337e-16,0.3330442186987975,4.670683307897806e-18,4.442078223409337e-16,2.5427604392408356,4.139373908714419e-18,4.442078223409337e-16,2.0128837834479305,4.9610417082651575e-18,4.442078223409337e-16,-0.26367800296629446,1.5668226528123035e-10,5.953926080686753e-09,0.13702699679715774,0.756979822125134,1.0,0.44307981450980255,4.2663227307182344e-18,4.442078223409337e-16,-0.33750570244024014,1.8518258457591688e-06,0.00011481320243706846,-0.7844505403637929,6.479152622003125e-08,3.3043678372215937e-06,0.6131245741825833,5.269204481546392e-18,4.442078223409337e-16,-0.6131245741825833,5.269204481546392e-18,4.442078223409337e-16,0.4025767566895862,4.9610417082651575e-18,4.442078223409337e-16,-0.4025767566895862,4.9610417082651575e-18,4.442078223409337e-16,,,,,,,-13.409301483631134,3.896559845095909e-18,5.1434589955266e-16
gold_fair_sweep,0cb8fe452618,ProposedA,infeasible_no_target_treated,100,0,20000,10,0.1,,,,0,,,,0,,,,0,,,,0,,,,0,,,,0,,,,0,,,,0,,,,0,,,,0,,,,0,,,,0,,,,0,,,,0,,,,0,,,,0,,,,0,,,,0,,,,0,,,,0,,,,0,,,,0,,,,0,,,,0,,,,0,0.0,0.0,0.0,100,,,,,,,,,,,,,,,,,,,,,,,,,,,,,,,,,,,,,,,,,,,,,,,,,,,,,,,,,,,,,,,,,,,,,,-13.707152273654938,3.896559845095909e-18,5.1434589955266e-16
gold_fair_sweep,0cb8fe452618,ProposedB_LinearStepB,infeasible_no_target_treated,100,0,20000,10,0.1,,,,0,,,,0,,,,0,,,,0,,,,0,,,,0,,,,0,,,,0,,,,0,,,,0,,,,0,,,,0,,,,0,,,,0,,,,0,,,,0,,,,0,,,,0,,,,0,,,,0,,,,0,,,,0,,,,0,,,,0,,,,0,0.0,0.0,0.0,100,,,,,,,,,,,,,,,,,,,,,,,,,,,,,,,,,,,,,,,,,,,,,,,,,,,,,,,,,,,,,,,,,,,,,,-13.707152273654938,3.896559845095909e-18,5.1434589955266e-16
gold_fair_sweep,0cb8fe452618,ProposedB_SourceDR,FeasibleRestricted,100,0,20000,10,0.1,3.938440323287941,1.1153004227552232,3.7295210624217234,100,-0.05605705885751624,0.5253522422683471,-0.03881099089016925,100,0.8591346054827416,0.6506052090127221,0.7449108085966556,100,-0.10899817632171721,1.0755716988207293,0.04108950743665507,100,0.5853305676631042,0.11075833246842673,0.6064250464250465,100,0.415349700529822,0.08524339227710095,0.4291951951951952,100,0.6016197022080866,0.1113639711623395,0.6207835273953997,100,0.5815795215684861,0.14232989102646484,0.6114942344267076,100,0.5758620770841603,0.1657094374102556,0.6066225191201393,100,0.5692295626392356,0.22465772168704307,0.6224603413740843,100,4.758195016004384,1.7642369833347689,4.543061806277659,100,3.8342098464689456,1.6623706649263013,3.6170625618815313,100,1.3278373822949083,0.2676305919841311,1.3283869529143142,100,0.13987026178209536,1.0683792046458114,-0.017882991738441233,100,0.37032518521047564,0.11520149865916052,0.3813911033944154,100,1.0839763438691208,0.5752922192744663,0.973573012139398,100,2.310140175602907,1.0280580169317537,2.027670329315296,100,1.1823233176549741,0.6630578898298899,1.2215114298883183,100,0.7885020670789564,0.3764964601307291,0.6947686083746167,100,0.7932812044982603,0.6274692888992597,0.8221096379415727,100,0.5409586945341966,0.26728994736344813,0.4703459401831708,100,0.014964655188782821,0.012321550478744154,0.014224584017327962,100,28.75,1.4864709750264078,29.0,100,7.824010410710005,1.9904828906881598,7.761592028934825,100,10.0,0.0,10.0,100,41.41265179157257,4.445563707460669,41.960492968559265,100,-0.24327466139404513,5.7735411846228725e-08,6.928249421547447e-07,-0.037009795162632135,0.9780556767995897,1.0,-0.012985895255341516,0.9890268007061765,1.0,-0.03700979516263217,0.9780556767995897,1.0,0.08297125742379398,6.16448914164949e-11,9.246733712474236e-10,0.0642629738030953,5.6223836477769627e-11,7.871337106887748e-10,0.08352499894707524,4.783742429152475e-11,7.175613643728712e-10,0.07509508116502545,3.5564577539504612e-09,4.6233950801355994e-08,0.07970095824322287,7.3265649340269615e-09,1.0257190907637746e-07,0.09033750950121577,9.756622781503912e-10,1.4634934172255868e-08,0.5668906043006051,1.678021038842044e-08,2.1814273504946573e-07,0.49042616954853663,2.8655937007974807e-08,3.725271811036725e-07,0.08998220149148492,0.044645235425910444,0.4910975896850149,0.08948930161396673,0.8662073147584464,1.0,0.09882703804915817,6.9122266279962255e-12,9.677117279194716e-11,-0.059715312395193766,0.31704318981210255,1.0,-0.026630231919763468,0.9890268007061765,1.0,0.1911577454468817,1.4881766911541784e-08,2.0834473676158498e-07,-0.19115774544688172,1.4881766911541784e-08,2.0834473676158498e-07,0.09808523390970732,2.8655937007974807e-08,3.725271811036725e-07,-0.09808523390970732,2.8655937007974807e-08,3.725271811036725e-07,0.014964655188782821,3.896559845095909e-18,1.9872455209989137e-16,28.75,1.5925506079526268e-18,1.7157375083191304e-17,27.705499517917634,3.896559845095909e-18,5.1434589955266e-16
gold_fair_sweep,0cb8fe452618,ProxyOnly,FeasibleRestricted,100,0,20000,10,0.1,4.181714984681986,1.125927402803488,3.9182566533563525,100,-0.019047263694884103,1.3244679648854196,0.051324718154609254,100,0.8721205007380832,0.6643476029524715,0.7575142024682009,100,-0.07198838115908507,1.0974515939068261,0.03675854258902245,100,0.5023593102393104,0.11374366729747862,0.5036516576516576,100,0.3510867267267267,0.08510882657014919,0.34901701701701704,100,0.5180947032610115,0.11479841930397722,0.5197329101054512,100,0.5064844404034605,0.15167487858330916,0.511569444032326,100,0.4961611188409375,0.19909488102565343,0.5158628771897835,100,0.47889205313801986,0.2976157576826635,0.5181215974116911,100,4.191304411703779,1.6250565670804638,4.174114919092769,100,3.3437836769204092,1.5452134363598529,3.428551188911658,100,1.2378551808034235,0.36189919405313625,1.1739036289451268,100,0.05038096016812865,1.3840030496852802,0.05039642888639266,100,0.2714981471613175,0.10917338870731409,0.2597714651599159,100,1.1436916562643145,0.5531507161631132,1.1135109299399146,100,2.3367704075226703,1.0781123662864127,2.208134273910461,100,0.9911655722080923,0.6744450226199165,1.113400225083105,100,0.9796598125258379,0.45458981028937734,0.8772971487845035,100,0.6951959705885534,0.6452579153193171,0.6947091012484445,100,0.6390439284439039,0.29814159536411533,0.5627354477630502,100,0.0,0.0,0.0,100,0.0,0.0,0.0,100,,,,0,,,,0,13.707152273654938,2.2549762459831686,13.324743628501892,100,,,,,,,,,,,,,,,,,,,,,,,,,,,,,,,,,,,,,,,,,,,,,,,,,,,,,,,,,,,,,,,,,,,,,,,,
gold_fair_sweep,0cb8fe452618,TargetOnlyDR,infeasible_no_target_treated,100,0,20000,10,0.1,,,,0,,,,0,,,,0,,,,0,,,,0,,,,0,,,,0,,,,0,,,,0,,,,0,,,,0,,,,0,,,,0,,,,0,,,,0,,,,0,,,,0,,,,0,,,,0,,,,0,,,,0,,,,0,,,,0,,,,0,,,,0,0.0,0.0,0.0,100,,,,,,,,,,,,,,,,,,,,,,,,,,,,,,,,,,,,,,,,,,,,,,,,,,,,,,,,,,,,,,,,,,,,,,-13.707152273654938,3.896559845095909e-18,5.1434589955266e-16
gold_fair_sweep,16e09ff06624,AnchorOnly,OracleTargetTreated,1000,500,20000,10,0.1,3.2726188601813146,0.6468937061717763,3.210177614961569,100,0.2101950880509847,1.3443049446922406,0.36472905523067145,100,0.1441513008635595,0.11422351204079746,0.12787294526344373,100,0.014196982175803799,0.18393725278826517,0.009572836309409971,100,0.723702912102912,0.0398199062412524,0.7275960255960257,100,0.5320870870870871,0.036373446670371894,0.5364944944944945,100,0.7394365862900399,0.03803061169423655,0.7443466276397042,100,0.73893018831977,0.0850043881423008,0.7574775548596431,100,0.7286854058289305,0.11631229881359562,0.7556779551687336,100,0.713024696630386,0.20471798079984715,0.7557982194318261,100,6.073769809861597,1.6993493845458683,6.122630604823396,100,4.876367880061446,1.6290047929035034,4.96113488052524,100,1.4751593934918392,0.2124901200034689,1.4513103625188206,100,-0.15166651165069242,0.7209783572685381,-0.12990056534121175,100,0.5374312085226761,0.05979550185383536,0.5427967933633855,100,0.9289502289549278,0.3172094276223707,0.8892766202334612,100,2.3281439092496656,0.7306120932570308,2.1922290856165247,100,1.300761100127759,0.7417795817350449,1.339306636038974,100,0.4733319944486115,0.13842948163215402,0.46387950146223,100,0.7625380283261282,0.7397482522042718,0.7423782287662521,100,0.33201337627101923,0.0934280981112746,0.3168449400294028,100,0.0005091777448133493,0.0003650965793201378,0.00038754732496131564,100,14.57,0.5551412596644373,15.0,100,,,,0,,,,0,19.415994362831114,1.0379627881328972,19.372089505195618,100,-0.5711912653352258,3.896559845095909e-18,4.442078223409337e-16,-0.01226377960708369,0.9123884418157544,1.0,-0.6936902429867464,4.611279067549772e-16,3.781248835390813e-14,-0.012263779607083693,0.9123884418157544,1.0,0.13727752415752417,1.082004916926409e-17,4.442078223409337e-16,0.1144578178178178,1.0192962404545369e-17,4.442078223409337e-16,0.13681483271666456,7.333806979251821e-18,4.442078223409337e-16,0.1303774664235101,1.2018657535267367e-16,2.6441046577588206e-15,0.13410628052551007,2.794684092654649e-17,6.707241822371159e-16,0.1419779380861229,2.483725635893387e-17,5.71256896255479e-16,1.0811379448151561,8.998385137455785e-17,1.9796447302402727e-15,0.8864285803151992,2.794684092654649e-17,7.266178640902088e-16,0.10705783273973132,0.015061551058980152,0.22978697240006357,-0.01360659257949401,0.6824217651170663,1.0,0.16515119285133278,7.78699366986276e-18,4.442078223409337e-16,-0.20824246121032197,0.0004709164279142287,0.011772910697855719,-0.1343917224877185,0.2623330281559302,1.0,0.3105263418906228,2.483725635893387e-17,8.444667162037516e-16,-0.3105263418906228,2.483725635893387e-17,8.444667162037516e-16,0.17728571606303986,2.794684092654649e-17,7.266178640902088e-16,-0.17728571606303986,2.794684092654649e-17,7.266178640902088e-16,0.0005091777448133493,3.896559845095909e-18,1.9872455209989137e-16,14.57,2.6678828008037253e-19,5.602553881687823e-18,8.350042552947999,3.896559845095909e-18,5.1434589955266e-16
gold_fair_sweep,16e09ff06624,AnchorPlugin,FeasibleRestricted,1000,500,20000,10,0.1,3.0119934109145516,0.9946914238998187,2.736020763186529,100,0.16644880082018562,1.0126472710423227,0.14621946864300478,100,0.7762440172413195,0.5942042696421697,0.6106630590843539,100,-0.029549305054995242,0.9802234025893907,-0.019929511829271995,100,0.7585097506697507,0.12444667315710581,0.7817826917826918,100,0.5730394394394395,0.11138322495946976,0.5855895895895896,100,0.7715785462552843,0.12291655243368836,0.795977461438282,100,0.7692493396284202,0.14809980880913742,0.7961353696570473,100,0.7648522144987611,0.15464614915814806,0.8047138099815314,100,0.7527871997556294,0.21267448034615277,0.8049986951426471,100,6.250488779900667,1.8140880075944033,6.437970328251113,100,5.025003554423671,1.6206599236163302,5.27001471799905,100,1.022783949782218,0.15390324524355817,1.0348095467432943,100,0.026531582361982,0.998239996046378,-0.05823158452054856,100,0.6092743693042074,0.16054168037282293,0.6341501165669887,100,0.8816488424907161,0.5411583858916448,0.735135985365575,100,1.5988501553542218,0.8564920055177974,1.4704883676407983,100,1.310868703876757,0.7766032080601165,1.3709114886235625,100,0.4632243906996136,0.33473067444320087,0.35530487825941703,100,0.7922651631985729,0.7673719188735345,0.7903789752561053,100,0.3022862413985742,0.22436839078145984,0.23378576512618374,100,0.001798373127067871,0.00138664966727409,0.0012307636352297288,100,29.83,0.42770234150550646,30.0,100,,,,0,,,,0,9.101600244045258,0.9157681410117298,9.08819329738617,100,-0.8318167146019877,5.269204481546392e-18,4.442078223409337e-16,-0.056010066837882774,0.09269672784481875,1.0,-0.06159752660898645,0.04612709882204962,1.0,-0.05601006683788276,0.09269672784481875,1.0,0.17208436272436273,4.0161556854627e-18,4.442078223409337e-16,0.15541017017017017,4.0161556854627e-18,4.442078223409337e-16,0.16895679268190855,4.0161556854627e-18,4.442078223409337e-16,0.16069661773216015,1.0501887534614503e-17,4.442078223409337e-16,0.17027308919534045,4.139373908714419e-18,4.442078223409337e-16,0.18174044121136604,4.139373908714419e-18,4.442078223409337e-16,1.2578569148542271,9.893009181510365e-18,4.748644407124975e-16,1.0350642546774247,4.139373908714419e-18,4.442078223409337e-16,-0.3453176109698898,2.6103139169454276e-16,1.8533228810312536e-14,0.1645915014331804,0.0831106495690996,1.0,0.23699435363286409,4.0161556854627e-18,4.442078223409337e-16,-0.2555438476745341,2.2417156428586456e-09,1.905458296429849e-07,-0.8636854763831623,3.1042302951154142e-12,2.576511144945794e-10,0.32063394563962055,2.5581057720235416e-17,8.444667162037516e-16,-0.32063394563962055,2.5581057720235416e-17,8.444667162037516e-16,0.20701285093548488,4.139373908714419e-18,4.442078223409337e-16,-0.20701285093548488,4.139373908714419e-18,4.442078223409337e-16,0.001798373127067871,3.896559845095909e-18,1.9872455209989137e-16,29.83,4.238390347573734e-21,1.4609635043778871e-19,-1.96435156583786,7.883478613677748e-16,7.095130752309974e-15
gold_fair_sweep,16e09ff06624,DRLearner_PooledNoSite,OracleTargetTreated,1000,500,20000,10,0.1,2.3646973405267158,1.1630639671212748,2.1384312197005357,100,0.12375630939246825,1.0111287497982755,0.19114343265427922,100,0.700491997944748,0.49699511348920283,0.6010930453521464,100,-0.07224179648271266,0.8587071933249891,-0.09599028461792383,100,0.8495904301104303,0.1381216119470897,0.8950438450438452,100,0.6861062662662664,0.14719297204635404,0.7194834834834836,100,0.8587944968796347,0.13477179198672531,0.9044370286943237,100,0.8568756372160499,0.15235656895046024,0.898094791877043,100,0.8529260495012949,0.16424794408937785,0.893852393962369,100,0.8474911623005696,0.18731259440187858,0.8938445123097213,100,6.931838142296094,1.8655175296368716,7.060706750292894,100,5.566355929822582,1.7083935525651324,5.614099463657322,100,0.9847429192728778,0.15254683558395463,0.9877106259949613,100,0.07312960354156639,0.8784297579575024,0.06155614657597471,100,0.75549951469246,0.1939340777009476,0.8189821384657102,100,0.8085943391969369,0.49785990922434603,0.742493570322011,100,1.4588788603409606,0.9133432035489732,1.3141151834978642,100,1.4722491206734885,0.7781614545041453,1.525449210509493,100,0.30184397390288165,0.33196171472200925,0.19710957502607426,100,0.900535638278355,0.7646050648524573,0.9095856747294326,100,0.19401576631879208,0.22720732902564197,0.12006425337956128,100,,,,0,,,,0,,,,0,,,,0,0.5500289344787598,0.2741769060445095,0.5356374979019165,100,-1.4791127849898251,5.430296382634715e-18,4.442078223409337e-16,-0.09870255826560015,0.20823741115716032,1.0,-0.13734954590555792,0.06238182359673901,1.0,-0.09870255826560015,0.20823741115716032,1.0,0.26316504216504216,3.896559845095909e-18,4.442078223409337e-16,0.268476996996997,3.896559845095909e-18,4.442078223409337e-16,0.2561727433062595,3.896559845095909e-18,4.442078223409337e-16,0.24832291531979003,4.9610417082651575e-18,4.442078223409337e-16,0.25834692419787425,3.896559845095909e-18,4.442078223409337e-16,0.2764444037563064,3.896559845095909e-18,4.442078223409337e-16,1.9392062772496537,4.531861061109546e-18,4.442078223409337e-16,1.5764166300763347,3.896559845095909e-18,4.442078223409337e-16,-0.38335864147923004,7.664886745226835e-16,5.212122986754248e-14,0.21118952261276483,0.12771420216827659,1.0,0.38321949902111657,3.896559845095909e-18,4.442078223409337e-16,-0.32859835096831314,1.5874370096346057e-06,0.00010000853160698015,-1.003656771396424,1.3998031019240994e-10,9.798621713468696e-09,0.4820143624363526,2.3413085997284582e-17,8.194580099049604e-16,-0.4820143624363526,2.3413085997284582e-17,8.194580099049604e-16,0.315283326015267,3.896559845095909e-18,4.442078223409337e-16,-0.315283326015267,3.896559845095909e-18,4.442078223409337e-16,,,,,,,-10.515922875404359,3.896559845095909e-18,5.1434589955266e-16
gold_fair_sweep,16e09ff06624,DRLearner_PooledWithSite,OracleTargetTreated,1000,500,20000,10,0.1,2.324663106052118,1.1347193860574645,2.1034827373510545,100,0.12348713195286429,1.003830950332317,0.22339510523312672,100,0.6803514373174547,0.48108099148750716,0.629226121855548,100,-0.0725109739223166,0.8328754912512014,-0.10698478669737183,100,0.8548564084564085,0.13244217230663388,0.8966914946914948,100,0.6917047847847848,0.14318817579572407,0.7230870870870871,100,0.8639024680131605,0.12902841111844074,0.9055911652970863,100,0.863105052719704,0.1453437614242443,0.9012615061754574,100,0.8581841722462242,0.15927904230210274,0.8959710958241629,100,0.8525740824262799,0.18126398097396448,0.8973224994836476,100,6.9887687932684885,1.8530418446161623,7.094904260194535,100,5.6022992245625565,1.704330574659962,5.650640481175275,100,0.9918340935612454,0.148545206450122,0.9995137197928681,100,0.07139281771436164,0.855142375373931,0.09076259305252367,100,0.7628479205121971,0.18805267614379215,0.8195709161353218,100,0.7885742345900695,0.4747611053571588,0.7579657836029352,100,1.4293202464625372,0.8658922563357196,1.2264499398318123,100,1.484723977231809,0.7722982689197427,1.5486428292182113,100,0.2893691173445613,0.31304496061038334,0.19130642989425992,100,0.9077242972263495,0.7624163495980004,0.9126660705859158,100,0.18682710737079739,0.21973813608885157,0.11083248405532709,100,,,,0,,,,0,,,,0,,,,0,1.0218731737136841,0.4958865047122399,1.0339001417160034,100,-1.5191470194644223,4.9610417082651575e-18,4.442078223409337e-16,-0.0989717357052041,0.2437793945162675,1.0,-0.15749010653285114,0.04010362963448428,1.0,-0.09897173570520414,0.2437793945162675,1.0,0.2684310205110205,3.896559845095909e-18,4.442078223409337e-16,0.2740755155155155,3.896559845095909e-18,4.442078223409337e-16,0.261280714439785,3.896559845095909e-18,4.442078223409337e-16,0.25455233082344414,4.139373908714419e-18,4.442078223409337e-16,0.2636050469428036,3.896559845095909e-18,4.442078223409337e-16,0.2815273238820167,3.896559845095909e-18,4.442078223409337e-16,1.9961369282220471,4.0161556854627e-18,4.442078223409337e-16,1.6123599248163083,3.896559845095909e-18,4.442078223409337e-16,-0.37626746719086257,1.2692585134298068e-15,8.504032039979706e-14,0.2094527367855601,0.14678735530224346,1.0,0.3905679048408539,3.896559845095909e-18,4.442078223409337e-16,-0.3486184555751805,8.493116992118598e-07,5.690388384719461e-05,-1.0332153852748471,4.463000234984911e-11,3.4365101809383815e-09,0.49448921899467285,1.690631665125153e-17,6.255337160963066e-16,-0.49448921899467285,1.690631665125153e-17,6.255337160963066e-16,0.3224719849632617,3.896559845095909e-18,4.442078223409337e-16,-0.3224719849632617,3.896559845095909e-18,4.442078223409337e-16,,,,,,,-10.044078636169434,3.896559845095909e-18,5.1434589955266e-16
gold_fair_sweep,16e09ff06624,EntropyBalancing,FeasibleRestricted,1000,500,20000,10,0.1,2.5566796353123076,1.2341310955684621,2.3130348690986233,100,0.11537616010651545,1.023564464460905,0.1074265078903259,100,0.8463293108329104,0.6103180944068138,0.7854870416875964,100,-0.08062194576866544,1.0437581180145894,-0.08082199746810136,100,0.8299657961257964,0.15426999192328442,0.8742593802593803,100,0.6634707907907909,0.1552417415462499,0.6919079079079079,100,0.8398658611208968,0.1513441298591645,0.8851734921896024,100,0.8360722058563235,0.1726252062828993,0.8741981978995457,100,0.8358945385989756,0.1827601222924267,0.8809977610488826,100,0.8270491697596207,0.20660091101343286,0.8792760578234374,100,6.7513515301045945,1.9256389615205443,6.863812273440195,100,5.4514318901720165,1.7356607704738773,5.548534787526551,100,0.9577976128299082,0.16723719663612513,0.9746432688634175,100,0.0895551772917025,1.038190908936015,0.03749670345936191,100,0.7278699392930627,0.206331699047284,0.781439205594644,100,0.951757516260046,0.6210142339558196,0.8212431721635913,100,1.6761707952698324,1.1346481755391946,1.4669563852142842,100,1.4205115208817196,0.7961383147141189,1.4876081344983603,100,0.3535815736946512,0.3826496745960538,0.22477520812133034,100,0.877550830348242,0.7736166911594399,0.8928978229078353,100,0.21700057424890512,0.25448859344768315,0.13854834211757783,100,,,,0,,,,0,,,,0,,,,0,3.617068567276001,1.1727914746977905,3.528189182281494,100,-1.2871304902042326,2.2069547466224186e-17,5.356649352653614e-16,-0.10708270755155294,0.2608721129080632,1.0,0.008487766982604302,0.9807981497441512,1.0,-0.10708270755155294,0.2608721129080632,1.0,0.24354040818040815,4.2663227307182344e-18,4.442078223409337e-16,0.24584152152152153,4.2663227307182344e-18,4.442078223409337e-16,0.23724410754752145,4.2663227307182344e-18,4.442078223409337e-16,0.2275194839600635,1.6412062569258175e-17,5.908342524932943e-16,0.24131541329555517,6.12472726248735e-18,4.442078223409337e-16,0.25600241121535755,7.333806979251821e-18,4.442078223409337e-16,1.758719665058154,1.5013268321137124e-17,5.97520751987181e-16,1.4614925904257694,6.12472726248735e-18,4.442078223409337e-16,-0.4103039479221994,2.328219678879701e-16,1.6996003655821817e-14,0.22761509636290087,0.1090982647047737,1.0,0.3555899236217192,4.2663227307182344e-18,4.442078223409337e-16,-0.1854351739052039,0.00446217591318359,0.0847813423504882,-0.786364836467552,1.5183353157679712e-07,7.136175984109464e-06,0.4302767626445829,6.729249235397462e-17,1.6505913880750179e-15,-0.4302767626445829,6.729249235397462e-17,1.6505913880750179e-15,0.29229851808515395,6.12472726248735e-18,4.442078223409337e-16,-0.29229851808515395,6.12472726248735e-18,4.442078223409337e-16,,,,,,,-7.448883242607117,3.896559845095909e-18,5.1434589955266e-16
gold_fair_sweep,16e09ff06624,IPWTransport,FeasibleRestricted,1000,500,20000,10,0.1,2.5600490587158857,1.2377238908567134,2.3195422668867938,100,0.1167539494560933,1.0243158561653487,0.10078277062919647,100,0.845661396219993,0.611104060078057,0.7761554554484592,100,-0.07924415641908757,1.0437777402115997,-0.0796459883280734,100,0.8293738243738243,0.15494648308869913,0.8741686721686721,100,0.6627990390390391,0.15552929776652785,0.6915035035035035,100,0.8392959538242535,0.15203375812303285,0.8854065639798454,100,0.8354233428423303,0.17328797022246492,0.8709217181057541,100,0.8356565086721275,0.18258980393226917,0.8827195456492648,100,0.8259223608960512,0.2074162349265015,0.8766756396232221,100,6.744940734759428,1.928192981259863,6.866710688132953,100,5.448625292406438,1.72960759788195,5.553565613630312,100,0.9568075838504351,0.1682187220532434,0.9724466349702237,100,0.08792539273524927,1.0373631717591099,0.028314430314528998,100,0.7271338380396821,0.20682368509430366,0.7814580843164314,100,0.9521213174746124,0.6215312813116786,0.8203895569631374,100,1.684221763855129,1.1528581323236726,1.496401102683828,100,1.419088975279148,0.7968015905015214,1.4907671282596975,100,0.3550041192972227,0.38630062805588633,0.22075840195454832,100,0.8769895107951258,0.7738870634753665,0.8963707620707934,100,0.2175618938020211,0.25512146480942494,0.1412844188317416,100,,,,0,,,,0,,,,0,,,,0,0.9792459082603454,0.2917669201862684,0.9691088199615479,100,-1.2837610668006545,2.5581057720235416e-17,5.883643275654146e-16,-0.1057049182019751,0.2623330281559302,1.0,0.00781985236968685,0.9890268007061765,1.0,-0.10570491820197508,0.2623330281559302,1.0,0.2429484364284364,4.2663227307182344e-18,4.442078223409337e-16,0.24516976976976979,4.2663227307182344e-18,4.442078223409337e-16,0.2366742002508781,4.2663227307182344e-18,4.442078223409337e-16,0.22687062094607044,1.8478899002670448e-17,6.467614650934657e-16,0.24107738336870704,5.767203615817138e-18,4.442078223409337e-16,0.254875602351788,7.333806979251821e-18,4.442078223409337e-16,1.7523088697129878,1.690631665125153e-17,6.424400327475582e-16,1.4586859926601898,5.94331234302936e-18,4.442078223409337e-16,-0.4112939769016727,2.1365801836383434e-16,1.581069335892374e-14,0.2259853118064477,0.10986036989791556,1.0,0.35485382236833873,4.2663227307182344e-18,4.442078223409337e-16,-0.18507137269063761,0.004608747355857628,0.0847813423504882,-0.778313867882255,1.9695849704486266e-07,9.060090864063682e-06,0.4288542170420115,7.132581379887996e-17,1.6505913880750179e-15,-0.4288542170420115,7.132581379887996e-17,1.6505913880750179e-15,0.29173719853203794,5.94331234302936e-18,4.442078223409337e-16,-0.29173719853203794,5.94331234302936e-18,4.442078223409337e-16,,,,,,,-10.086705901622771,3.896559845095909e-18,5.1434589955266e-16
gold_fair_sweep,16e09ff06624,OutcomeModelTransport,FeasibleRestricted,1000,500,20000,10,0.1,2.548047083945494,1.2427762425879585,2.2942916141465295,100,0.0996722371168683,1.0193655918479565,0.0769158580762551,100,0.8491876431678574,0.6096705391889732,0.7862638785812117,100,-0.09632586875831262,1.0443799402537395,-0.1346698446676911,100,0.8303896137496137,0.15580493164048126,0.8810178110178111,100,0.6653519919919921,0.15854381282503816,0.7005385385385385,100,0.8402120467593681,0.15272280466923505,0.8915027816014227,100,0.8366313037386736,0.17378928967278748,0.8936922774290722,100,0.8349882042757442,0.18233889341015813,0.8805640124703731,100,0.828684997343927,0.20612451945283994,0.8823628194448455,100,6.757108014032984,1.9383728502466953,6.918408579092334,100,5.448811352947022,1.7431626365642436,5.570687461379276,100,0.9601956303762808,0.16846606840890835,0.9751126044789337,100,0.10490007110411065,1.041778649126726,0.09550604877803848,100,0.729000180202658,0.20978173813550477,0.7949621267392131,100,0.9575667305849422,0.6206940499209784,0.8532995087007744,100,1.6709261767862784,1.124717214347382,1.4591114423287808,100,1.4221623700921182,0.7924752829946522,1.4950688053007168,100,0.35193072448425267,0.3821476432146486,0.2244834777964733,100,0.877026722903243,0.7707959147695219,0.8974672589956888,100,0.21752468169390413,0.25103109712382904,0.1343964906441213,100,,,,0,,,,0,,,,0,,,,0,0.21310572624206542,0.11248249211455132,0.2167586088180542,100,-1.2957630415710457,2.1426597410614454e-17,5.356649352653614e-16,-0.12278663054120008,0.1833102218003395,1.0,0.011346099317551518,0.9945132706275845,1.0,-0.12278663054120008,0.1833102218003395,1.0,0.24396422580422583,4.2663227307182344e-18,4.442078223409337e-16,0.24772272272272272,4.139373908714419e-18,4.442078223409337e-16,0.23759029318599267,4.2663227307182344e-18,4.442078223409337e-16,0.22807858184241375,2.0802135592284146e-17,6.664560390205939e-16,0.2404090789723237,5.430296382634715e-18,4.442078223409337e-16,0.25763823879966374,6.311606041551026e-18,4.442078223409337e-16,1.7644761489865437,1.690631665125153e-17,6.424400327475582e-16,1.4588720532007753,5.430296382634715e-18,4.442078223409337e-16,-0.40790593037582723,2.0762237175488676e-16,1.5571677881616506e-14,0.24295999017530903,0.0887608426684964,1.0,0.3567201645313148,4.2663227307182344e-18,4.442078223409337e-16,-0.1796259595803077,0.0051293465137661285,0.08719889073402419,-0.7916094549511056,1.3319815646801613e-07,6.393511510464774e-06,0.4319276118549816,6.348428415673146e-17,1.6505913880750179e-15,-0.4319276118549815,6.348428415673146e-17,1.6505913880750179e-15,0.291774410640155,5.430296382634715e-18,4.442078223409337e-16,-0.291774410640155,5.430296382634715e-18,4.442078223409337e-16,,,,,,,-10.852846083641053,3.896559845095909e-18,5.1434589955266e-16
gold_fair_sweep,16e09ff06624,ProposedA,OracleTargetTreated,1000,500,20000,10,0.1,3.189140243208455,0.5845521000115639,3.1334641774090226,100,0.18855416708354003,1.338734325177667,0.34860311288151624,100,0.10724262148028739,0.0876993155642224,0.09304895463439943,100,-0.007443938791640831,0.13875283558176035,-0.010346662278022889,100,0.7370483966483965,0.03146990376677445,0.7403297483297483,100,0.543658978978979,0.028627347420808,0.5457197197197198,100,0.7519872052480848,0.029156203009455508,0.7538543934841124,100,0.7490858289587987,0.07098901724816616,0.7669026033502688,100,0.7442696055692367,0.08646663033431705,0.7639159002553428,100,0.7280873685627691,0.18517340926118805,0.7654779451451434,100,6.170751390541067,1.8033466287301503,6.287044332478057,100,4.957756064976176,1.6187537000672305,4.966003151480864,100,1.4723651269136562,0.17378379113903783,1.4492588859401017,100,-0.08608007898287717,0.7260895287072914,-0.08988525241576137,100,0.5624682878856396,0.04185750156540705,0.5642245964315689,100,0.8947734551411548,0.29406958803763505,0.854261576375724,100,2.2547892513652523,0.7177951545182305,2.182943712799424,100,1.333773129000146,0.7373561310925166,1.330509809637781,100,0.44031996557622477,0.11144352233686344,0.43072152134878117,100,0.7788156653090742,0.7410751500827624,0.7610583812572449,100,0.3157357392880731,0.07952476605381074,0.30082883177735564,100,0.0026011665803594504,0.0014615370323011344,0.002263221261932723,100,29.92,0.2726599243442907,30.0,100,,,,0,,,,0,24.225285828113556,1.817703462432465,24.46276581287384,100,-0.6546698823080855,3.896559845095909e-18,4.442078223409337e-16,-0.03390470057452833,0.7991587121799286,1.0,-0.7305989223700187,1.0706319350413213e-16,9.635687415371893e-15,-0.03390470057452833,0.7991587121799286,1.0,0.15062300870300874,5.94331234302936e-18,4.442078223409337e-16,0.12602970970970973,5.94331234302936e-18,4.442078223409337e-16,0.1493654516747093,5.94331234302936e-18,4.442078223409337e-16,0.14053310706253888,1.1832715745334615e-17,4.733086298133845e-16,0.1496904802658162,1.2938800168252932e-17,4.442078223409337e-16,0.15704061001850583,7.78699366986276e-18,4.442078223409337e-16,1.178119525494626,1.3732250242604873e-17,5.904867604320096e-16,0.96781676522993,1.5013268321137124e-17,4.442078223409337e-16,0.10426356616154837,0.014361685775003973,0.22978697240006357,0.05197984008832123,0.9972566190976729,1.0,0.19018827221429635,5.767203615817138e-18,4.442078223409337e-16,-0.24241923502409515,2.609998830036022e-05,0.0013418429176879016,-0.20774638037213186,0.09608261214226986,1.0,0.3435383707630094,7.117077537219983e-18,4.442078223409337e-16,-0.3435383707630094,7.117077537219983e-18,4.442078223409337e-16,0.193563353045986,1.5013268321137124e-17,4.442078223409337e-16,-0.193563353045986,1.5013268321137124e-17,4.442078223409337e-16,0.0026011665803594504,3.896559845095909e-18,1.9872455209989137e-16,29.92,4.561289992715271e-22,1.8701288970132614e-20,13.159334018230439,3.896559845095909e-18,5.1434589955266e-16
gold_fair_sweep,16e09ff06624,ProposedB_LinearStepB,OracleTargetTreated,1000,500,20000,10,0.1,3.1856795546848495,0.5874125913229681,3.126865272480222,100,0.18842860146738905,1.339756430740702,0.34017408035911134,100,0.11391575363366463,0.08404740562566507,0.09548617957621569,100,-0.007569504407791858,0.141823721347295,-0.00675536630156133,100,0.73896256992257,0.03159284989400228,0.7410489330489332,100,0.5455969969969969,0.028860624041803434,0.548830830830831,100,0.7541943209223058,0.02913218539872717,0.7556236220899593,100,0.7485682916363302,0.07086430529499156,0.7672912853449356,100,0.7424835039167729,0.09271879498499243,0.7692736015710977,100,0.7325294803200787,0.16989072188893928,0.7702963059452111,100,6.166614169883462,1.8105122430285288,6.174355245232121,100,4.954208693276898,1.652035497329992,5.076018196450991,100,1.4771035048206402,0.18316602109402688,1.462340796356245,100,-0.08680757142235096,0.7639140394756309,-0.08239338174854076,100,0.5649623112852273,0.042033155558731904,0.5673528956335666,100,0.9078939481962284,0.3106076370255375,0.8589722520049887,100,2.305866389194886,0.7344003591950686,2.276613346201604,100,1.3345413959631864,0.744997728669108,1.352350915886448,100,0.43955169861318416,0.10976994490179245,0.44324369002952824,100,0.7781061909692178,0.7366532389366237,0.7720923841950995,100,0.316445213627929,0.07923156810162352,0.31124076396783645,100,0.0020000064011948732,0.001430153156622227,0.001561720919085131,100,29.99,0.09999999999999996,30.0,100,7.839245987967315,1.956015512764934,7.88491890686924,100,10.0,0.0,10.0,100,38.76587553739548,3.8040610668979706,38.21447467803955,100,-0.6581305708316901,3.896559845095909e-18,4.442078223409337e-16,-0.03403026619067935,0.8071370593535689,1.0,-0.7239257902166414,1.1020511023218772e-16,9.69804970043252e-15,-0.034030266190679365,0.8071370593535689,1.0,0.15253718197718197,5.767203615817138e-18,4.442078223409337e-16,0.12796772772772771,5.94331234302936e-18,4.442078223409337e-16,0.1515725673489302,5.269204481546392e-18,4.442078223409337e-16,0.1400155697400703,3.2378376991430734e-17,9.713513097429221e-16,0.14790437861335234,3.536288390303153e-17,7.072576780606306e-16,0.16148272177581546,7.333806979251821e-18,4.442078223409337e-16,1.1739823048370217,3.3344510234599337e-17,9.336462865687814e-16,0.9642693935306508,2.964263914228315e-17,7.266178640902088e-16,0.10900194406853245,0.01491922177284782,0.22978697240006357,0.05125234764884748,0.956127949633218,1.0,0.19268229561388392,5.94331234302936e-18,4.442078223409337e-16,-0.2292987419690217,0.00018087164966483978,0.006330507738269393,-0.15666924254249776,0.19488989682868574,1.0,0.34430663772605,1.1147719595548441e-17,4.79351942608583e-16,-0.34430663772605,1.1147719595548441e-17,4.79351942608583e-16,0.1928538787061301,2.964263914228315e-17,7.266178640902088e-16,-0.1928538787061301,2.964263914228315e-17,7.266178640902088e-16,0.0020000064011948732,3.896559845095909e-18,1.9872455209989137e-16,29.99,2.4759849062268662e-23,1.237992453113433e-21,27.69992372751236,3.896559845095909e-18,5.1434589955266e-16
gold_fair_sweep,16e09ff06624,ProposedB_SourceDR,FeasibleRestricted,1000,500,20000,10,0.1,3.907649269529043,0.8756962878604808,3.6854131217528168,100,0.015182058790253623,0.5688726580882901,0.046345928382526894,100,1.0242423197156156,0.6873615852289815,0.9608648900337846,100,-0.1808160470849273,1.2243815903388235,-0.1349628193925135,100,0.5707495687477327,0.12422662679611114,0.6067222336329265,100,0.404480959634172,0.09360752609584654,0.4305669995734451,100,0.5866446465815224,0.12593235947104955,0.6258805618111645,100,0.5754923288431235,0.18820903481481588,0.6075863496026199,100,0.5693158200518582,0.21162850239139305,0.6105878398505338,100,0.5521967891022335,0.31970518565158024,0.615987080142212,100,4.728366273680638,1.939201664056937,5.00185221623969,100,3.839897621350445,1.7144208815497264,4.003507813224654,100,1.2553222814646414,0.29206762012966553,1.2686356047918215,100,0.16201707209710756,1.2551321556900756,0.23532902705832331,100,0.35609838217928547,0.11943888201771147,0.390241574926022,100,1.2022926108459349,0.5757694206719186,1.0792996601289508,100,2.374867646959982,1.0072059543580592,2.2121061305154797,100,0.9546688467214364,0.7827576637346,0.9818196379533299,100,0.8194242478549342,0.362829720203109,0.7444992441570554,100,0.5552439765839274,0.7858498188792754,0.5349391816381653,100,0.5393074280132196,0.2683564848247675,0.4628466552802956,100,0.0017923090006586602,0.001392866864804236,0.0011882221218446252,100,29.82,0.43531017619043716,30.0,100,7.839245987967314,1.956015512764939,7.884918906869226,100,10.0,0.0,10.0,100,41.990314075946806,4.143380097037706,41.6025048494339,100,0.06383914401250176,0.021827133891570795,0.15278993724099557,-0.20727680886781483,0.07159541733446394,1.0,0.18640077586530956,0.019563146491100268,0.802089006135111,-0.20727680886781477,0.07159541733446394,1.0,-0.015675819197655337,0.026809441110137996,0.18766608777096597,-0.013148309635097272,0.021240745629242976,0.1699259650339438,-0.015977106991853184,0.02801404950478365,0.19609834653348557,-0.03306039305313652,0.004967845364211021,0.03974276291368817,-0.025263305251562385,0.01105605626710124,0.09950450640391116,-0.018849969442029848,0.060945996147306315,0.4610892736365813,-0.2642655913658022,0.007705662880195226,0.053939640161366584,-0.15004167839580285,0.02926502687068816,0.26338524183619344,-0.11277927928746646,0.0004472149047655647,0.008944298095311293,0.300076991168306,0.07603410568515136,1.0,-0.016181633492057833,0.04356037195358306,0.2178018597679153,0.065099920680685,0.6060299176865905,1.0,-0.08766798477740197,0.2895979344328722,1.0,-0.03556591151570006,0.04842741897003167,0.24213709485015836,0.03556591151570007,0.04842741897003167,0.24213709485015836,-0.030008335679160544,0.02926502687068816,0.26338524183619344,0.03000833567916055,0.02926502687068816,0.26338524183619344,0.0017923090006586602,3.896559845095909e-18,1.9872455209989137e-16,29.82,5.55561092131745e-21,1.8333516040347585e-19,30.92436226606369,3.896559845095909e-18,5.1434589955266e-16
gold_fair_sweep,16e09ff06624,ProxyOnly,FeasibleRestricted,1000,500,20000,10,0.1,3.8438101255165407,0.868328872598218,3.6357963530844,100,0.22245886765806838,1.309859994592294,0.2578868387721607,100,0.8378415438503058,0.6464815145404049,0.6898739249055607,100,0.02646076178288753,1.0612729377151908,0.02117029472202192,100,0.5864253879453879,0.1181693393579003,0.6053854613854615,100,0.4176292692692693,0.09145394523270214,0.42896896896896897,100,0.6026217535733756,0.11951560951441702,0.6221548602440476,100,0.60855272189626,0.1354485275985163,0.6269937030178425,100,0.5945791253034204,0.1783708429896761,0.6285215611203727,100,0.5710467585442632,0.2978154132492435,0.6209310579696958,100,4.99263186504644,1.630791929895317,5.278030765914591,100,3.9899392997462466,1.542818502510582,4.15668528268186,100,1.3681015607521076,0.334624338204848,1.347288830408376,100,-0.1380599190711984,1.4193257146176466,-0.08009473142232588,100,0.37228001567134333,0.12324155686209079,0.38447653768557966,100,1.1371926901652498,0.5141471305692759,0.9868398614221905,100,2.462535631737384,0.9502721517849372,2.3274482586783307,100,0.9902347582371362,0.8237425017511035,1.115214234792834,100,0.7838583363392343,0.379575757704619,0.6797342076981895,100,0.5852523122630879,0.7739347332836556,0.5465980241472863,100,0.509299092334059,0.22133479730130803,0.4530403896555282,100,0.0,0.0,0.0,100,0.0,0.0,0.0,100,,,,0,,,,0,11.065951809883117,1.283400589128176,11.163798093795776,100,,,,,,,,,,,,,,,,,,,,,,,,,,,,,,,,,,,,,,,,,,,,,,,,,,,,,,,,,,,,,,,,,,,,,,,,
gold_fair_sweep,16e09ff06624,TargetOnlyDR,OracleTargetTreated,1000,500,20000,10,0.1,3.2300477411735637,0.603831546146829,3.155385978409924,100,0.19379501238927968,1.348311926646582,0.30911920627302897,100,0.13691521292510064,0.11518646874887362,0.12105822472718802,100,-0.0022030934859012252,0.17943842045047806,0.00809329376168972,100,0.7314617517017515,0.036816807833126526,0.7335112875112875,100,0.539322042042042,0.03358450039392126,0.539005005005005,100,0.7470027745631761,0.034500025981277195,0.7487245811192477,100,0.7505743302646445,0.07100909886895132,0.7613132164306404,100,0.7372199815070357,0.11275783892583166,0.7738917235395294,100,0.7227048679071243,0.17829740268642086,0.7670104681964988,100,6.1687482211478,1.7457019965605576,6.27121029308164,100,4.933654702426671,1.649043780749172,5.223231879488726,100,1.482541407518727,0.2041050977047477,1.47082404930261,100,-0.1351600860166722,0.7361605718753857,-0.09179464151128242,100,0.5521785769722589,0.051228056924326595,0.556493245785688,100,0.9242717664620507,0.31304382029115774,0.8737030369250551,100,2.352273053270972,0.7002827353573677,2.2923190281770887,100,1.3126872944239596,0.741935370739086,1.3565319359250225,100,0.461405800152411,0.12230261830901756,0.4583578101195942,100,0.773995392799173,0.7366201265171938,0.7459006218428252,100,0.32055601179797427,0.08568890332103848,0.3203636723162646,100,0.0,0.0,0.0,100,0.0,0.0,0.0,100,,,,0,,,,0,25.110600242614748,2.939277849066916,25.340605974197388,100,-0.6137623843429764,3.896559845095909e-18,4.442078223409337e-16,-0.02866385526878874,0.9616074190130767,1.0,-0.7009263309252056,4.1167803303556016e-16,3.416927674195149e-14,-0.02866385526878875,0.9616074190130767,1.0,0.14503636375636375,7.117077537219983e-18,4.442078223409337e-16,0.12169277277277275,6.12472726248735e-18,4.442078223409337e-16,0.1443810209898005,5.94331234302936e-18,4.442078223409337e-16,0.14202160836838465,4.095126545597987e-17,1.1875866982234163e-15,0.14264085620361505,1.8478899002670448e-17,5.174091720747725e-16,0.15165810936286112,4.2169267302822515e-17,8.855546133592728e-16,1.1761163561013601,2.8782421504419467e-17,8.922550666370035e-16,0.9437154026804241,1.4573676877736123e-17,4.442078223409337e-16,0.11443984676661936,0.015349801753282155,0.22978697240006357,0.002899833054526213,0.7885535816793301,1.0,0.17989856130091578,5.269204481546392e-18,4.442078223409337e-16,-0.21292092370319937,0.000515235415827434,0.012365649979858416,-0.11026257846641262,0.33395948157301447,1.0,0.3224525361868232,3.2378376991430734e-17,9.746359670371037e-16,-0.3224525361868232,3.2378376991430734e-17,9.746359670371037e-16,0.18874308053608485,1.4573676877736123e-17,4.442078223409337e-16,-0.18874308053608485,1.4573676877736123e-17,4.442078223409337e-16,0.0,,,0.0,,,14.044648432731629,3.896559845095909e-18,5.1434589955266e-16
gold_fair_sweep,1b1f7c08b02b,AnchorOnly,OracleTargetTreated,100,1000,20000,10,0.1,3.3947418309006765,0.725264098141617,3.309432567831127,100,0.16920831743659498,1.4128016960487857,0.28942200957260966,100,0.15051665209122872,0.11592522380489359,0.11621577918291004,100,-0.015059595113104885,0.1899833647445227,0.007054762993032038,100,0.7058775150375152,0.04485831980714266,0.7085422805422806,100,0.5164000400400401,0.040003032671192006,0.5155395395395396,100,0.7217945098545998,0.04342154553696526,0.7204828550593658,100,0.7258079873438534,0.08485283265114457,0.7442384623787651,100,0.7183846374939721,0.09479389223471575,0.7290365735442171,100,0.7104557329039893,0.1075601923523014,0.7200108889314449,100,6.083451168074811,1.9888027467827043,5.776243037791399,100,4.866819584652334,1.7693499609932501,4.715792380024832,100,1.4054076537580287,0.20890561778172162,1.3908199024450958,100,-0.026307557821543117,0.7529592127175859,-0.005519720171381082,100,0.4990551600306919,0.07699657124701038,0.5103470366098672,100,0.9007758910284843,0.3247523005587918,0.837691967946489,100,2.2706765083862113,0.8612874370830298,2.207372871158798,100,1.4263894130495571,0.7496499220143064,1.4971440829921363,100,0.5001446500125669,0.12373948256026585,0.4794338725604689,100,0.8792649470494776,0.7986567162416995,1.0015510769647684,100,0.3517615252370306,0.09159323393086148,0.3513853982142193,100,0.004752028330540749,0.004233650736732737,0.003694921127591277,100,12.69,1.3385881300154212,13.0,100,,,,0,,,,0,18.75646033525467,1.7096772949573877,18.49612295627594,100,-7.064860413942434,3.896559845095909e-18,4.442078223409337e-16,-0.19623138691309377,0.9042127340742919,1.0,-5.624452351654874,4.531861061109546e-18,5.166321609664883e-16,-0.19623138691309377,0.9042127340742919,1.0,0.34344238092238094,3.896559845095909e-18,4.442078223409337e-16,0.26805149149149154,3.896559845095909e-18,4.442078223409337e-16,0.345006582836983,3.896559845095909e-18,4.442078223409337e-16,0.35582517248007006,3.896559845095909e-18,4.442078223409337e-16,0.35488226344754414,3.896559845095909e-18,4.442078223409337e-16,0.36549056575322353,3.896559845095909e-18,4.442078223409337e-16,2.9396003321462643,3.896559845095909e-18,4.442078223409337e-16,2.294531737736045,3.896559845095909e-18,4.442078223409337e-16,1.196341804020474,3.896559845095909e-18,4.442078223409337e-16,-0.05928382263871535,0.8527039152769147,1.0,0.34523856929148744,3.896559845095909e-18,4.442078223409337e-16,-6.991636527637426,3.896559845095909e-18,4.442078223409337e-16,-15.43366175301931,3.896559845095909e-18,4.442078223409337e-16,0.6909234312594441,3.896559845095909e-18,4.442078223409337e-16,-0.6909234312594441,3.896559845095909e-18,4.442078223409337e-16,0.4589063475472088,3.896559845095909e-18,4.442078223409337e-16,-0.4589063475472088,3.896559845095909e-18,4.442078223409337e-16,0.004752028330540749,3.896559845095909e-18,1.9872455209989137e-16,12.69,2.037222756660626e-18,1.7157375083191304e-17,8.278189976215362,3.896559845095909e-18,5.1434589955266e-16
gold_fair_sweep,1b1f7c08b02b,AnchorPlugin,FeasibleRestricted,100,1000,20000,10,0.1,3.1103451501647954,1.2336125993364178,2.7888611238982404,100,0.10239879943040667,1.0827793631100826,0.23642766734025428,100,0.6988869921174979,0.5838925186673811,0.5818432489354997,100,-0.0818691131192932,0.9096906149008415,-0.059367420200742003,100,0.7421444947844946,0.1385544195871078,0.7724808944808945,100,0.5594416416416417,0.12495126771654,0.5788248248248249,100,0.755700770815001,0.13695105753215006,0.7900423582538243,100,0.7543237255840771,0.1506158892103915,0.8106912675167439,100,0.7514696314999967,0.1580236949374366,0.7941641239202571,100,0.7450803755835607,0.16803344892874436,0.7885681259760646,100,6.174854074537703,1.8438109962180542,6.364137745214192,100,4.975721701353865,1.7114076249931447,5.120716461485209,100,1.0194935263299838,0.16766980083888772,1.0162474273648132,100,0.0872061368426934,0.9040932664114633,0.07239120501428528,100,0.5889540954165289,0.1798522545941665,0.6260142144631234,100,0.8170053064575129,0.5482533115717132,0.7388955320094408,100,1.5568134141096377,0.927214663327154,1.3046782022257744,100,1.4397974426197988,0.7068809501602674,1.4406411357365152,100,0.48673662044232563,0.38067524971216526,0.37882558131445987,100,0.9010453703897838,0.7764207662836969,0.9726447624034797,100,0.32998110189672447,0.26457697087635434,0.2489950226034794,100,0.016122099965389457,0.013967635776670267,0.013391198527109748,100,28.62,1.7043023395649213,29.0,100,,,,0,,,,0,8.732020444869995,1.1114410111851212,8.726529002189636,100,-7.349257094678315,3.896559845095909e-18,4.442078223409337e-16,-0.26304090491928195,0.7491470801654898,1.0,-5.076082011628605,2.7135201386354882e-17,2.686384937249133e-15,-0.26304090491928206,0.7491470801654898,1.0,0.3797093606693608,3.896559845095909e-18,4.442078223409337e-16,0.3110930930930931,3.896559845095909e-18,4.442078223409337e-16,0.378912843797384,3.896559845095909e-18,4.442078223409337e-16,0.38434091072029397,3.896559845095909e-18,4.442078223409337e-16,0.38796725745356875,3.896559845095909e-18,4.442078223409337e-16,0.40011520843279486,3.896559845095909e-18,4.442078223409337e-16,3.031003238609159,3.896559845095909e-18,4.442078223409337e-16,2.4034338544375746,3.896559845095909e-18,4.442078223409337e-16,0.8104276765924293,3.896559845095909e-18,4.442078223409337e-16,0.05422987202552121,0.75175516524754,1.0,0.4351375046773246,3.896559845095909e-18,4.442078223409337e-16,-7.0754071122083975,3.896559845095909e-18,4.442078223409337e-16,-16.14752484729588,3.896559845095909e-18,4.442078223409337e-16,0.7043314608296855,4.139373908714419e-18,4.442078223409337e-16,-0.7043314608296855,4.139373908714419e-18,4.442078223409337e-16,0.480686770887515,3.896559845095909e-18,4.442078223409337e-16,-0.480686770887515,3.896559845095909e-18,4.442078223409337e-16,0.016122099965389457,3.896559845095909e-18,1.9872455209989137e-16,28.62,1.6316636362938897e-18,1.7157375083191304e-17,-1.7462499141693115,1.5758341826816587e-14,9.455005096089952e-14
gold_fair_sweep,1b1f7c08b02b,DRLearner_PooledNoSite,OracleTargetTreated,100,1000,20000,10,0.1,2.3605247423268256,1.2506252716179889,2.025656998119881,100,0.09247491468023078,1.0603859123729835,0.1736746238341206,100,0.6038739894453472,0.5188040466800841,0.4592889658537129,100,-0.09179299786946901,0.7930913198045879,-0.049252908867680356,100,0.8563054268254271,0.12079482248813761,0.8861238881238882,100,0.6921399799799801,0.13713943276096136,0.7055775775775777,100,0.8657381588480199,0.1162527254119657,0.8952435592368503,100,0.8612787706348218,0.124369808616385,0.8943244444762168,100,0.8608573423271699,0.1288257795019084,0.9008412453440153,100,0.8590661851968194,0.13504478047774454,0.901523830053695,100,7.056895304628833,1.8591662665781514,7.052255487994473,100,5.684010866694381,1.6989655492612896,5.7297302610914915,100,1.0080696667583249,0.14876513094145036,1.0057463926507428,100,0.08520323878680217,0.7883045566021204,0.0395709134192247,100,0.7627995777686959,0.1794091429055229,0.8024948749739611,100,0.7537001005142724,0.47696267046217555,0.6611618926856206,100,1.410279627349924,0.9072693617307693,1.2103388077194466,100,1.643549405716268,0.7134986763718656,1.6691169088078364,100,0.2829846573458564,0.28703241920274297,0.18409824442793887,100,1.0427032034578874,0.7802255577682591,1.1480178332108402,100,0.1883232688286208,0.20450217239366655,0.1259944045993716,100,,,,0,,,,0,,,,0,,,,0,0.5216505670547485,0.22827042250630436,0.49949419498443604,100,-8.099077502516286,3.896559845095909e-18,4.442078223409337e-16,-0.27296478966945786,0.7543660885045383,1.0,-5.171095014300756,1.5465938818405608e-17,1.5929916982957776e-15,-0.2729647896694579,0.7543660885045383,1.0,0.49387029271029276,3.896559845095909e-18,4.442078223409337e-16,0.44379143143143146,3.896559845095909e-18,4.442078223409337e-16,0.48895023183040315,3.896559845095909e-18,4.442078223409337e-16,0.49129595577103863,3.896559845095909e-18,4.442078223409337e-16,0.497354968280742,3.896559845095909e-18,4.442078223409337e-16,0.5141010180460536,3.896559845095909e-18,4.442078223409337e-16,3.9130444687002885,3.896559845095909e-18,4.442078223409337e-16,3.111723019778093,3.896559845095909e-18,4.442078223409337e-16,0.7990038170207703,3.896559845095909e-18,4.442078223409337e-16,0.052226973969629976,0.8258300417006286,1.0,0.6089829870294916,3.896559845095909e-18,4.442078223409337e-16,-7.138712318151638,3.896559845095909e-18,4.442078223409337e-16,-16.294058634055595,3.896559845095909e-18,4.442078223409337e-16,0.9080834239261548,3.896559845095909e-18,4.442078223409337e-16,-0.9080834239261548,3.896559845095909e-18,4.442078223409337e-16,0.6223446039556185,3.896559845095909e-18,4.442078223409337e-16,-0.6223446039556186,3.896559845095909e-18,4.442078223409337e-16,,,,,,,-9.956619791984558,3.896559845095909e-18,5.1434589955266e-16
gold_fair_sweep,1b1f7c08b02b,DRLearner_PooledWithSite,OracleTargetTreated,100,1000,20000,10,0.1,2.4226223591108176,1.3009790723421726,2.0645881834613795,100,0.09756985084353445,1.0575103026778725,0.12202867116388252,100,0.6136093026970372,0.5491838182712684,0.4464946751968101,100,-0.08669806170616537,0.8211759614343406,-0.08718514033301938,100,0.847076623916624,0.13073236207015226,0.8823246363246364,100,0.6824577777777779,0.1442967282497233,0.6985465465465466,100,0.8567824140056153,0.12628604152308998,0.8907465451140524,100,0.8512924046431322,0.13575835901634506,0.8898970139971012,100,0.8517241175230342,0.13925677820163979,0.8982930647738709,100,0.8487535345692641,0.1449651761951773,0.8933744557924844,100,6.965861153949065,1.8761041206184137,7.006633031926226,100,5.61853834483082,1.7081296270082413,5.662431027712692,100,0.9962719109419754,0.15178933012027612,1.0000718825434347,100,0.07985060634259997,0.8169256508891791,0.07978004908856343,100,0.7498317503558407,0.190216116071462,0.7939245586981146,100,0.7652556298176099,0.5052942040157846,0.6355602425998009,100,1.4495702502825858,0.9428668969081863,1.274089556371711,100,1.6240962000453922,0.7100620669785906,1.6265951168687514,100,0.3024378630167323,0.3161275214713191,0.19297003145791047,100,1.0296086990851747,0.7804579357357317,1.1320435289714954,100,0.20141777320133347,0.2246684069158469,0.12728444525923344,100,,,,0,,,,0,,,,0,,,,0,1.1274479222297669,0.47721551146577423,1.1110670566558838,100,-8.036979885732293,3.896559845095909e-18,4.442078223409337e-16,-0.2678698535061543,0.7700896655852555,1.0,-5.161359701049065,2.2069547466224186e-17,2.229024294088643e-15,-0.26786985350615433,0.7700896655852555,1.0,0.48464148980148974,3.896559845095909e-18,4.442078223409337e-16,0.43410922922922923,3.896559845095909e-18,4.442078223409337e-16,0.4799944869879987,3.896559845095909e-18,4.442078223409337e-16,0.4813095897793488,3.896559845095909e-18,4.442078223409337e-16,0.4882217434766063,3.896559845095909e-18,4.442078223409337e-16,0.5037883674184981,3.896559845095909e-18,4.442078223409337e-16,3.82201031802052,3.896559845095909e-18,4.442078223409337e-16,3.04625049791453,3.896559845095909e-18,4.442078223409337e-16,0.7872060612044208,3.896559845095909e-18,4.442078223409337e-16,0.0468743415254278,0.8419319948258008,1.0,0.5960151596166362,3.896559845095909e-18,4.442078223409337e-16,-7.127156788848299,3.896559845095909e-18,4.442078223409337e-16,-16.254768011122934,3.896559845095909e-18,4.442078223409337e-16,0.8886302182552788,3.896559845095909e-18,4.442078223409337e-16,-0.8886302182552788,3.896559845095909e-18,4.442078223409337e-16,0.609250099582906,3.896559845095909e-18,4.442078223409337e-16,-0.609250099582906,3.896559845095909e-18,4.442078223409337e-16,,,,,,,-9.35082243680954,3.896559845095909e-18,5.1434589955266e-16
gold_fair_sweep,1b1f7c08b02b,EntropyBalancing,FeasibleRestricted,100,1000,20000,10,0.1,2.6183289888208274,1.3814324459342349,2.251661504645647,100,0.07752068043378907,1.034855481282598,0.07516861569911054,100,0.7212692850967686,0.648568571729203,0.5120308381150762,100,-0.10674723211591075,0.9667550588490385,-0.09794650731900428,100,0.8239147155547157,0.14810524800561953,0.8605637545637546,100,0.6569135935935937,0.1551467253896056,0.674992992992993,100,0.8344049367194445,0.14404490228923636,0.8713368698160789,100,0.8308789916354169,0.1530372997161378,0.8732799783102829,100,0.8280018672474295,0.1629760750215869,0.8838303642289744,100,0.8246197435368958,0.16867703156132505,0.8776945225846757,100,6.787015114466186,1.9034112213373766,6.818969418890946,100,5.458451765604686,1.746690554122901,5.574408621093184,100,0.9626361560596196,0.15982051670839043,0.9788407763423916,100,0.08700622140585114,0.9700063106248562,0.10884225302022107,100,0.7166854811483949,0.20750126962597426,0.7612380456766061,100,0.8879420008238269,0.5959879895411317,0.7014819941266575,100,1.6167325340336782,1.021863349981805,1.35244514044369,100,1.564419648019352,0.706412719327859,1.5571187150209798,100,0.3621144150427723,0.3806883720760117,0.2316555386914262,100,0.9975913832399479,0.776020273309611,1.1145767398168172,100,0.23343508904656016,0.2612013798333466,0.15156341085145614,100,,,,0,,,,0,,,,0,,,,0,3.5125689268112184,1.0018971363893923,3.3760679960250854,100,-7.841273256022282,3.896559845095909e-18,4.442078223409337e-16,-0.28791902391589963,0.7413401306177619,1.0,-5.053699718649334,4.4713463414559033e-17,4.337205951212226e-15,-0.28791902391589974,0.7413401306177619,1.0,0.4614795814395814,3.896559845095909e-18,4.442078223409337e-16,0.408565045045045,3.896559845095909e-18,4.442078223409337e-16,0.4576170097018278,3.896559845095909e-18,4.442078223409337e-16,0.4608961767716336,3.896559845095909e-18,4.442078223409337e-16,0.46449949320100165,3.896559845095909e-18,4.442078223409337e-16,0.47965457638612974,3.896559845095909e-18,4.442078223409337e-16,3.6431642785376397,3.896559845095909e-18,4.442078223409337e-16,2.8861639186883963,3.896559845095909e-18,4.442078223409337e-16,0.753570306322065,3.896559845095909e-18,4.442078223409337e-16,0.05402995658867897,0.7335597164128502,1.0,0.5628688904091906,3.896559845095909e-18,4.442078223409337e-16,-7.004470417842083,3.896559845095909e-18,4.442078223409337e-16,-16.08760572737184,3.896559845095909e-18,4.442078223409337e-16,0.8289536662292388,3.896559845095909e-18,4.442078223409337e-16,-0.828953666229239,3.896559845095909e-18,4.442078223409337e-16,0.5772327837376793,3.896559845095909e-18,4.442078223409337e-16,-0.5772327837376793,3.896559845095909e-18,4.442078223409337e-16,,,,,,,-6.965701432228088,3.896559845095909e-18,5.1434589955266e-16
gold_fair_sweep,1b1f7c08b02b,IPWTransport,FeasibleRestricted,100,1000,20000,10,0.1,2.5887306819263705,1.3843435231512524,2.2006098460748538,100,0.08094596376586821,1.0341474864646656,0.09316756615725355,100,0.7184393922801218,0.6429677558301675,0.501112314366521,100,-0.1033219487838316,0.9612456118123693,-0.05921824905129819,100,0.8275003667803668,0.14799288704422153,0.8644692124692126,100,0.6615800600600602,0.15584094501155904,0.6760800800800801,100,0.8378262624479424,0.14381006324856163,0.8741671821296899,100,0.8335314799538607,0.15312892272593545,0.8796836686689029,100,0.8318730979233148,0.15928109122581524,0.8846379171998278,100,0.8292909401615796,0.16693549405288893,0.8818100412037099,100,6.805629734483346,1.898397046918553,6.7567308989708845,100,5.481487116239143,1.736989901071755,5.532829821523828,100,0.9709651099365355,0.16146031290699966,0.980302758483255,100,0.08479234617461139,0.9628459062537034,0.0691576554257898,100,0.7223701696320787,0.20771720184348924,0.7650599510905144,100,0.8822085503448173,0.5929118292566034,0.7115898991289369,100,1.615966834209781,1.0388031559289737,1.3828825452397526,100,1.571376887210317,0.7057039895032231,1.5558594874833722,100,0.3551571758518072,0.37621642636960095,0.2187238593784081,100,1.00219845336684,0.7773393743123934,1.1182056060264138,100,0.22882801891966814,0.25824992620142256,0.15018124831036106,100,,,,0,,,,0,,,,0,,,,0,1.1141090679168701,0.3202842488627924,1.0989958047866821,100,-7.87087156291674,3.896559845095909e-18,4.442078223409337e-16,-0.28449374058382043,0.7335597164128502,1.0,-5.05652961146598,4.6041751652443625e-17,4.420008158634588e-15,-0.28449374058382043,0.7335597164128502,1.0,0.4650652326652327,3.896559845095909e-18,4.442078223409337e-16,0.4132315115115116,3.896559845095909e-18,4.442078223409337e-16,0.4610383354303258,3.896559845095909e-18,4.442078223409337e-16,0.4635486650900774,3.896559845095909e-18,4.442078223409337e-16,0.4683707238768868,3.896559845095909e-18,4.442078223409337e-16,0.48432577301081353,3.896559845095909e-18,4.442078223409337e-16,3.6617788985548003,3.896559845095909e-18,4.442078223409337e-16,2.909199269322857,3.896559845095909e-18,4.442078223409337e-16,0.7618992601989809,3.896559845095909e-18,4.442078223409337e-16,0.051816081357439196,0.7387436743898753,1.0,0.5685535788928741,3.896559845095909e-18,4.442078223409337e-16,-7.010203868321092,3.896559845095909e-18,4.442078223409337e-16,-16.08837142719574,3.896559845095909e-18,4.442078223409337e-16,0.835910905420204,3.896559845095909e-18,4.442078223409337e-16,-0.835910905420204,3.896559845095909e-18,4.442078223409337e-16,0.5818398538645713,3.896559845095909e-18,4.442078223409337e-16,-0.5818398538645713,3.896559845095909e-18,4.442078223409337e-16,,,,,,,-9.364161291122436,3.896559845095909e-18,5.1434589955266e-16
gold_fair_sweep,1b1f7c08b02b,OutcomeModelTransport,FeasibleRestricted,100,1000,20000,10,0.1,2.5869858195251014,1.3917185409016621,2.18623275599493,100,0.08619758400410504,1.0375603372996915,0.12451629703320619,100,0.7212651531253473,0.6520047553164208,0.5167155444108786,100,-0.09807032854559475,0.9699863222598948,-0.09421128058779121,100,0.8276870152070152,0.14855422385481293,0.864929502929503,100,0.661950990990991,0.15620465610485826,0.6764484484484484,100,0.8379974036222341,0.14437038425726328,0.8743652894879713,100,0.832233747286839,0.15448646843663782,0.8748775960304781,100,0.8321286958597308,0.1603065378545771,0.8855290592558596,100,0.8294970910702107,0.16601934459017526,0.8817911262453109,100,6.795654361646367,1.909463773794586,6.752211267321781,100,5.4806470270224485,1.7372950012985393,5.549991816379221,100,0.9709126052164941,0.16191145733242548,0.9802241476645859,100,0.08137547702887472,0.9715694742058281,0.110392270289352,100,0.7228257674124464,0.208211967651113,0.7651969155313321,100,0.8799852904787606,0.6099510147980504,0.7008341507434386,100,1.6111007063547773,1.0718371580092785,1.3717102788241826,100,1.569957344970366,0.7053216780802278,1.5643592335101157,100,0.3565767180917583,0.3842716253988531,0.2198392561454895,100,1.0020304355235006,0.777906974831001,1.1224858758997938,100,0.22899603676300753,0.26001814303420206,0.14031968688855267,100,,,,0,,,,0,,,,0,,,,0,0.16679258584976198,0.0752957622390811,0.16155385971069336,100,-7.872616425318009,3.896559845095909e-18,4.442078223409337e-16,-0.2792421203455835,0.7387436743898753,1.0,-5.053703850620755,5.0264575344033727e-17,4.775134657683204e-15,-0.27924212034558366,0.7387436743898753,1.0,0.46525188109188115,3.896559845095909e-18,4.442078223409337e-16,0.4136024424424425,3.896559845095909e-18,4.442078223409337e-16,0.4612094766046175,3.896559845095909e-18,4.442078223409337e-16,0.4622509324230556,3.896559845095909e-18,4.442078223409337e-16,0.468626321813303,3.896559845095909e-18,4.442078223409337e-16,0.4845319239194447,3.896559845095909e-18,4.442078223409337e-16,3.6518035257178214,3.896559845095909e-18,4.442078223409337e-16,2.908359180106159,3.896559845095909e-18,4.442078223409337e-16,0.7618467554789394,3.896559845095909e-18,4.442078223409337e-16,0.04839921221170255,0.7543660885045383,1.0,0.569009176673242,3.896559845095909e-18,4.442078223409337e-16,-7.0124271281871495,3.896559845095909e-18,4.442078223409337e-16,-16.09323755505074,3.896559845095909e-18,4.442078223409337e-16,0.8344913631802529,4.0161556854627e-18,4.442078223409337e-16,-0.8344913631802529,4.0161556854627e-18,4.442078223409337e-16,0.5816718360212318,3.896559845095909e-18,4.442078223409337e-16,-0.5816718360212318,3.896559845095909e-18,4.442078223409337e-16,,,,,,,-10.311477773189544,3.896559845095909e-18,5.1434589955266e-16
gold_fair_sweep,1b1f7c08b02b,ProposedA,OracleTargetTreated,100,1000,20000,10,0.1,3.4045269414632258,0.7232393020326618,3.3056046930355736,100,0.1737261573224129,1.41623904412792,0.2948491679499019,100,0.15053337114930057,0.11407468038895698,0.13222401354070468,100,-0.01054175522728694,0.18918237047374678,0.008492833262557009,100,0.7049680108480108,0.04261507528723539,0.708992238992239,100,0.5154100100100101,0.03793130552500266,0.516950950950951,100,0.7211839170674361,0.041232714961559024,0.7207221737470404,100,0.7265422279178866,0.08029062435304518,0.7349167747458032,100,0.7174795223639908,0.09374479826400511,0.7335002531271848,100,0.7115638084255904,0.10836577693154485,0.7298594329420163,100,6.086026316484453,1.972375245355419,5.9211942978798655,100,4.85776079234173,1.7552551974999,4.692130781318041,100,1.402434072873301,0.20868058301446069,1.3790830383086334,100,-0.018491306365108054,0.7362833510916282,-0.04651136180343469,100,0.49511337240173925,0.0758750114796378,0.5039298482015463,100,0.9036930679551887,0.32015011302267615,0.8666134860539574,100,2.2688352261936795,0.8732366532291088,2.1471633926219083,100,1.4274759517619302,0.7511420829211235,1.4802038808287832,100,0.4990581113001938,0.11946115734264717,0.47770794295327634,100,0.8774531885873571,0.7965418659312944,0.9936914916937503,100,0.3535732836991511,0.09272095821783098,0.34442719236510205,100,0.006690105261048934,0.004356966486806059,0.0055890853299381685,100,29.39,0.6947857747012907,29.5,100,,,,0,,,,0,23.33997933626175,1.8639207921598133,23.494417667388916,100,-7.055075303379884,3.896559845095909e-18,4.442078223409337e-16,-0.19171354702727583,0.9014897097022484,1.0,-5.6244356325968035,4.531861061109546e-18,5.166321609664883e-16,-0.19171354702727594,0.9014897097022484,1.0,0.34253287673287663,3.896559845095909e-18,4.442078223409337e-16,0.2670614614614615,3.896559845095909e-18,4.442078223409337e-16,0.3443959900498194,3.896559845095909e-18,4.442078223409337e-16,0.3565594130541031,3.896559845095909e-18,4.442078223409337e-16,0.35397714831756305,3.896559845095909e-18,4.442078223409337e-16,0.36659864127482433,3.896559845095909e-18,4.442078223409337e-16,2.9421754805559077,3.896559845095909e-18,4.442078223409337e-16,2.2854729454254414,3.896559845095909e-18,4.442078223409337e-16,1.1933682231357465,3.896559845095909e-18,4.442078223409337e-16,-0.05146757118228023,0.8365569764052994,1.0,0.34129678166253485,3.896559845095909e-18,4.442078223409337e-16,-6.988719350710721,3.896559845095909e-18,4.442078223409337e-16,-15.435503035211841,3.896559845095909e-18,4.442078223409337e-16,0.6920099699718175,3.896559845095909e-18,4.442078223409337e-16,-0.6920099699718175,3.896559845095909e-18,4.442078223409337e-16,0.45709458908508827,3.896559845095909e-18,4.442078223409337e-16,-0.45709458908508827,3.896559845095909e-18,4.442078223409337e-16,0.006690105261048934,3.896559845095909e-18,1.9872455209989137e-16,29.39,6.00730981524264e-19,8.410233741339696e-18,12.861708977222442,3.896559845095909e-18,5.1434589955266e-16
gold_fair_sweep,1b1f7c08b02b,ProposedB_LinearStepB,OracleTargetTreated,100,1000,20000,10,0.1,3.4056498318135784,0.7238083169923478,3.324453242124898,100,0.17316340890852933,1.416396012747211,0.2920929683443497,100,0.1450516180445917,0.11719214857290064,0.12149168627912299,100,-0.011104503641170488,0.18671352654926607,0.005324167017602521,100,0.7042671795471798,0.04332920658341925,0.7079138519138519,100,0.5147616416416416,0.03849409406121736,0.5173773773773774,100,0.7203776509120405,0.04198831971909724,0.7210917990332952,100,0.7260070237869849,0.08353846246988425,0.7396342305060362,100,0.71725142281261,0.09351071693383363,0.733812912074062,100,0.7099798167288115,0.10805953565825786,0.7218229004605831,100,6.0864167432797345,1.9837634710770946,5.828278740294078,100,4.856924649677861,1.7524734468238428,4.6590259263260405,100,1.3970696863318761,0.20889654422193588,1.3727765950280193,100,-0.02036706661043077,0.7273188715027504,-0.0027116574673911667,100,0.4938792137550971,0.07827542311302958,0.5086253884518906,100,0.8908041348332829,0.31265842849294645,0.8481071198766736,100,2.272812467529025,0.8696012932596102,2.2016692955009836,100,1.4262516948444057,0.7510071098154212,1.4887739601972958,100,0.5002823682177184,0.11927288253492238,0.48430994526389026,100,0.8772859600545833,0.797998446722827,1.0024807612320883,100,0.3537405122319249,0.09221541357527106,0.3506630927229669,100,0.02062540374631491,0.012207218161394714,0.017951181398516727,100,29.63,0.661418738375885,30.0,100,8.023429301636984,1.9112482247460967,7.741974861315139,100,10.0,0.0,10.0,100,37.5889461350441,3.0788121676167908,37.493457198143005,100,-7.053952413029531,3.896559845095909e-18,4.442078223409337e-16,-0.19227629544115943,0.8987678439874949,1.0,-5.6299173857015115,4.531861061109546e-18,5.166321609664883e-16,-0.19227629544115943,0.8987678439874949,1.0,0.3418320454320455,3.896559845095909e-18,4.442078223409337e-16,0.26641309309309313,3.896559845095909e-18,4.442078223409337e-16,0.34358972389442377,3.896559845095909e-18,4.442078223409337e-16,0.3560242089232013,3.896559845095909e-18,4.442078223409337e-16,0.353749048766182,3.896559845095909e-18,4.442078223409337e-16,0.3650146495780458,3.896559845095909e-18,4.442078223409337e-16,2.9425659073511907,3.896559845095909e-18,4.442078223409337e-16,2.2846368027615727,3.896559845095909e-18,4.442078223409337e-16,1.1880038365943217,3.896559845095909e-18,4.442078223409337e-16,-0.05334333142760297,0.8554012757415651,1.0,0.34006262301589274,3.896559845095909e-18,4.442078223409337e-16,-7.001608283832627,3.896559845095909e-18,4.442078223409337e-16,-15.431525793876496,3.896559845095909e-18,4.442078223409337e-16,0.6907857130542926,3.896559845095909e-18,4.442078223409337e-16,-0.6907857130542926,3.896559845095909e-18,4.442078223409337e-16,0.4569273605523146,3.896559845095909e-18,4.442078223409337e-16,-0.4569273605523146,3.896559845095909e-18,4.442078223409337e-16,0.02062540374631491,3.896559845095909e-18,1.9872455209989137e-16,29.63,9.672481380893997e-20,2.4181203452234992e-18,27.11067577600479,3.896559845095909e-18,5.1434589955266e-16
gold_fair_sweep,1b1f7c08b02b,ProposedB_SourceDR,FeasibleRestricted,100,1000,20000,10,0.1,3.9534156370987774,1.140133089328837,3.7385844734793245,100,0.016601459791011245,0.6156634856399803,0.08529864218465179,100,0.9447458251458711,0.7611759232957874,0.7716645142805333,100,-0.1676664527586886,1.2052190936631884,-0.2829863014239682,100,0.5758400777880542,0.1168033148219432,0.600950304950305,100,0.4084612135158016,0.08987425647547127,0.42562162162162165,100,0.592335282120924,0.11714116513509704,0.6182058773755776,100,0.5860247328815494,0.14854949943212825,0.6224424743824497,100,0.5804364081281556,0.16957986446847081,0.6214406897048232,100,0.5723501922638959,0.2003115471806163,0.6238761838515565,100,4.845789151173139,1.754548164382728,4.722250869882347,100,3.913469404317075,1.6582183954663672,3.932593276637177,100,1.3092849330166423,0.3008336480529039,1.296829327690829,100,0.12779398251452487,1.1771513022918736,0.13878319201908432,100,0.36102424179206144,0.12065696598341492,0.375815832124341,100,1.1617172939599039,0.674802629661219,1.0548222869618749,100,2.3061485108671347,1.0823690174068867,2.2665123739478985,100,1.1230492429990202,0.7598928520904407,1.1448878679417143,100,0.8034848200631041,0.4342649409861294,0.6944801233965833,100,0.6885949109824258,0.7817533496545228,0.7554107445387488,100,0.5424315613040824,0.2737580354848624,0.48966527536261295,100,0.015718963525726198,0.013650706435385808,0.013724548084672963,100,28.61,1.757494773473844,29.0,100,8.023429301636984,1.9112482247461011,7.7419748613151596,100,10.0,0.0,10.0,100,41.588377063274386,4.522849802402402,41.724560618400574,100,-6.5061866077443335,3.896559845095909e-18,4.442078223409337e-16,-0.34883824455867746,0.6900069147093293,1.0,-4.830223178600232,6.536103994610526e-17,6.078576714987789e-15,-0.34883824455867746,0.6900069147093293,1.0,0.2134049436729201,7.333806979251821e-18,4.442078223409337e-16,0.16011266496725304,7.78699366986276e-18,4.442078223409337e-16,0.21554735510330725,7.117077537219983e-18,4.442078223409337e-16,0.21604191801776618,4.095126545597987e-17,1.1875866982234163e-15,0.21693403408172773,3.3344510234599337e-17,7.002347149265861e-16,0.22738502511313005,2.7135201386354882e-17,5.969744304998074e-16,1.7019383152445937,3.0528209793531665e-17,8.922550666370035e-16,1.3411815574007855,2.5581057720235416e-17,6.906885584463562e-16,1.100219083279088,3.896559845095909e-18,4.442078223409337e-16,0.09481771769735271,0.7543660885045383,1.0,0.2072076510528571,6.906672275406012e-18,4.442078223409337e-16,-6.730695124706005,3.896559845095909e-18,4.442078223409337e-16,-15.398189750538386,3.896559845095909e-18,4.442078223409337e-16,0.38758326120890707,1.9153290110443258e-13,3.0645264176709213e-12,-0.38758326120890707,1.9153290110443258e-13,3.0645264176709213e-12,0.2682363114801571,2.5581057720235416e-17,6.906885584463562e-16,-0.2682363114801571,2.5581057720235416e-17,6.906885584463562e-16,0.015718963525726198,3.896559845095909e-18,1.9872455209989137e-16,28.61,1.5597613711992094e-18,1.7157375083191304e-17,31.110106704235076,3.896559845095909e-18,5.1434589955266e-16
gold_fair_sweep,1b1f7c08b02b,ProxyOnly,FeasibleRestricted,100,1000,20000,10,0.1,10.459602244843111,3.158194750057173,9.867930928331365,100,0.36543970434968875,7.894549050314732,0.07600646517369111,100,5.774969003746104,4.146521819272255,4.816892808779739,100,0.18117179179998877,7.1307521910319664,-0.4191327086869535,100,0.36243513411513417,0.12897456883610792,0.3901740841740842,100,0.24834854854854854,0.09090181550372123,0.264992992992993,100,0.3767879270176167,0.13187972374434254,0.40144107910149995,100,0.36998281486378337,0.20223322609925476,0.39025157557944834,100,0.363502374046428,0.23778758371904055,0.4194685824934681,100,0.34496516715076586,0.29166218640768343,0.4201690439890984,100,3.143850835928546,1.94042351283324,3.2987563890839997,100,2.572287846916289,1.8112794163648989,2.692882796490454,100,0.20906584973755465,0.08506536031032115,0.21295217680192763,100,0.032976264817172196,1.5001280427804327,-0.04034444346205514,100,0.15381659073920437,0.08655685496535193,0.15602334762107622,100,7.89241241866591,3.1532885207062296,7.440422332322099,100,17.704338261405518,5.571397528794917,17.31423455600729,100,0.7354659817901131,0.7342194107810559,0.8214638666842848,100,1.1910680812720111,0.4294582649627546,1.14670357729468,100,0.42035859950226867,0.7728469076291279,0.4761880856302546,100,0.8106678727842394,0.31456642753971203,0.7169482930341291,100,0.0,0.0,0.0,100,0.0,0.0,0.0,100,,,,0,,,,0,10.478270359039307,1.2905067521273625,10.344573855400085,100,,,,,,,,,,,,,,,,,,,,,,,,,,,,,,,,,,,,,,,,,,,,,,,,,,,,,,,,,,,,,,,,,,,,,,,,
gold_fair_sweep,1b1f7c08b02b,TargetOnlyDR,OracleTargetTreated,100,1000,20000,10,0.1,4.190980549292949,0.7692172346923742,4.128189795441676,100,0.14345515156143995,1.455662853965094,0.23050369785986485,100,0.2532552517210729,0.18403877671328706,0.2109516797182215,100,-0.040812760988259804,0.31140624298057,-0.06952468631504449,100,0.576001929631938,0.07334202279188806,0.5822941391676888,100,0.40922674077595006,0.057890452444142024,0.41236156815404984,100,0.5927974816677879,0.07269194919477755,0.6011060382587463,100,0.5480692905967597,0.11670179640926102,0.555075494649726,100,0.5894447104312797,0.13630130492758202,0.6222315738008397,100,0.590753792670571,0.15105915777165677,0.632847072270661,100,4.671261900144559,1.9441969989300572,4.283206361469174,100,4.067621447745336,1.7739858028095736,3.897299748253195,100,0.7903620792498178,0.3086919262371067,0.751916844401814,100,0.09545518201221784,0.6007918970087193,0.15487620941221553,100,0.21694358935934763,0.11695282463774676,0.2009227813971044,100,0.9271679387382246,0.27070075132046345,0.9415522463709737,100,2.1393027448718085,0.6084827134700597,2.08003230901144,100,1.1858613664015802,0.7841933130473185,1.228515204666268,100,0.740672696660544,0.18305597854507819,0.7101864356258276,100,0.7194253196680779,0.8064075778304507,0.7796812580311125,100,0.5116011526184301,0.12213463563994482,0.4975942918338309,100,0.0,0.0,0.0,100,0.0,0.0,0.0,100,,,,0,,,,0,23.79782056570053,2.844729871704051,24.05881118774414,100,-6.268621695550162,3.896559845095909e-18,4.442078223409337e-16,-0.22198455278824877,0.8635033772834252,1.0,-5.521713752025031,4.670683307897806e-18,5.184458471766565e-16,-0.2219845527882487,0.8635033772834252,1.0,0.2135667955168038,4.2169267302822515e-17,8.012160787536278e-16,0.16087819222740157,3.0528209793531665e-17,5.800359860771016e-16,0.21600955465017116,4.6041751652443625e-17,8.747932813964289e-16,0.17808647573297626,1.369299546879079e-13,2.464739184382342e-12,0.2259423363848518,3.7805653457291914e-16,6.805017622312545e-15,0.2457886255198052,5.020142338158485e-16,9.036256208685272e-15,1.5274110642160144,2.9617306351236364e-13,5.331115143222546e-12,1.495333600829047,5.621315863323431e-16,1.0118368553982177e-14,0.5812962295122631,4.0161556854627e-18,4.442078223409337e-16,0.062478917195045634,0.8071370593535689,1.0,0.06312699862014329,0.0010760569679083463,0.009684512711175116,-6.965244479927686,3.896559845095909e-18,4.442078223409337e-16,-15.56503551653371,3.896559845095909e-18,4.442078223409337e-16,0.450395384611467,1.388390715047386e-16,2.9156205015995103e-15,-0.450395384611467,1.388390715047386e-16,2.9156205015995103e-15,0.2990667201658094,5.621315863323431e-16,1.0118368553982177e-14,-0.29906672016580943,5.621315863323431e-16,1.0118368553982177e-14,0.0,,,0.0,,,13.319550206661225,3.896559845095909e-18,5.1434589955266e-16
gold_fair_sweep,265f3ca3fcf9,AnchorOnly,OracleTargetTreated,100,500,20000,10,0.1,3.18957474746583,0.5752387918430991,3.1335073558797424,100,-0.13780739037263184,1.3380032308834755,-0.11129033363407016,100,0.15212306131681083,0.10548421179874673,0.13649311172020145,100,0.008320938317596694,0.18555904480900973,0.03764326379042454,100,0.743723636723637,0.03649764370779511,0.7468737208737208,100,0.5510395995995996,0.03375629522702254,0.5519099099099098,100,0.7590818262053692,0.034463887370171836,0.7597890564229597,100,0.7415694382198771,0.07942563896781209,0.7466026054305215,100,0.7316911995058467,0.0953897364371774,0.75022047385851,100,0.720869834253041,0.11817039324050632,0.7409278495732365,100,5.796645553141534,1.841223212172283,5.708849700405407,100,4.58960942722458,1.706243594803965,4.445874819136975,100,1.5649528703863107,0.22758880636682235,1.5534572515826746,100,0.07452620751351549,0.8154086977919158,0.07249810891014502,100,0.568235113445817,0.051037689408510306,0.5625250597030342,100,1.0393759750058948,0.35238854005313813,0.9794717388876928,100,2.618545723701837,0.8802947535186301,2.5624587255621076,100,1.3968608114660717,0.7420161338276554,1.446694607562551,100,0.4320253345281856,0.10206342786299975,0.4198812859836517,100,0.9546903200483556,0.7406355552671451,0.982788363079029,100,0.305825702082965,0.07597442172750836,0.29682434618807424,100,0.004558958440082116,0.003959605871998583,0.003995698184795167,100,12.65,1.2821619998812137,13.0,100,,,,0,,,,0,18.773561735153198,1.2455464069200854,18.715747237205505,100,-2.8753977964255637,3.896559845095909e-18,4.442078223409337e-16,-0.14343524522468404,0.6648484633803489,1.0,-2.5827391684811074,1.2938800168252932e-17,1.345635217498305e-15,-0.14343524522468404,0.6648484633803489,1.0,0.3592907031707032,3.896559845095909e-18,4.442078223409337e-16,0.28721153153153156,3.896559845095909e-18,4.442078223409337e-16,0.35982987659651555,3.896559845095909e-18,4.442078223409337e-16,0.3800889619675445,3.896559845095909e-18,4.442078223409337e-16,0.3887362049906508,3.896559845095909e-18,4.442078223409337e-16,0.3976361154275705,3.896559845095909e-18,4.442078223409337e-16,2.8454761933029027,3.896559845095909e-18,4.442078223409337e-16,2.261646510251526,3.896559845095909e-18,4.442078223409337e-16,1.169400309221702,3.896559845095909e-18,4.442078223409337e-16,0.16216290569678604,0.2712171344436851,1.0,0.4005854922597919,3.896559845095909e-18,4.442078223409337e-16,-2.577695891060931,1.1485179010089616e-17,1.079606826948424e-15,-5.413452618450143,1.7939298766693858e-17,1.6862940840692225e-15,0.6962579643614392,3.896559845095909e-18,4.442078223409337e-16,-0.6962579643614392,3.896559845095909e-18,4.442078223409337e-16,0.45232930205030525,3.896559845095909e-18,4.442078223409337e-16,-0.45232930205030525,3.896559845095909e-18,4.442078223409337e-16,0.004558958440082116,3.896559845095909e-18,1.9872455209989137e-16,12.65,2.1535119311216224e-18,1.7157375083191304e-17,8.301025607585906,3.896559845095909e-18,5.1434589955266e-16
gold_fair_sweep,265f3ca3fcf9,AnchorPlugin,FeasibleRestricted,100,500,20000,10,0.1,2.960258717156567,0.814944794587218,2.8135217680163676,100,-0.06686273978020595,0.9674635132008644,-0.2081122021016974,100,0.6821271948868545,0.5194444303243209,0.6109996342606759,100,0.07926558891002253,0.8564306758148801,0.017606515014461782,100,0.7581068999469001,0.1024460061741433,0.7805377385377386,100,0.5706624224224225,0.09676510708097759,0.5871851851851853,100,0.7719279668579478,0.09940011659556626,0.7965266371640165,100,0.758298119280698,0.11075706573072472,0.776110689838451,100,0.7537974565556008,0.1205142059437884,0.7735566222825727,100,0.7450617182934407,0.1351429833215829,0.7866297191749483,100,5.886481080475862,1.8042140383310676,5.865434769678636,100,4.676592062087352,1.6557130011133494,4.710962583619574,100,1.0487552420700665,0.1708818110171754,1.0545182846532444,100,-0.05846936401303755,0.846574990889836,-0.01163024544158099,100,0.6043640523099785,0.1432048172940049,0.6356759766821345,100,0.8296103485534665,0.4594784561293904,0.7951344223150537,100,1.617307585857429,0.7471115696236508,1.5182790707076237,100,1.4021905071501855,0.7594471597795553,1.405245856601834,100,0.4266956388440714,0.22330134135005503,0.3673751744311595,100,0.9720868470209101,0.7395498262600151,0.9904426992817449,100,0.28842917511041055,0.14179084947850604,0.26393878078152,100,0.01734137098308627,0.013872227303196882,0.016062256083625763,100,28.66,1.7536109931086523,29.0,100,,,,0,,,,0,8.830929822921753,0.8970356609498785,8.727986812591553,100,-3.1047138267348253,3.896559845095909e-18,4.442078223409337e-16,-0.0724905946322581,0.9451754865571346,1.0,-2.052735034911064,1.3001708683897704e-13,1.0271349860279187e-11,-0.07249059463225813,0.9451754865571346,1.0,0.3736739663939664,3.896559845095909e-18,4.442078223409337e-16,0.30683435435435436,3.896559845095909e-18,4.442078223409337e-16,0.37267601724909466,3.896559845095909e-18,4.442078223409337e-16,0.3968176430283654,3.896559845095909e-18,4.442078223409337e-16,0.41084246204040503,3.896559845095909e-18,4.442078223409337e-16,0.42182799946797017,3.896559845095909e-18,4.442078223409337e-16,2.935311720637232,3.896559845095909e-18,4.442078223409337e-16,2.348629145114298,3.896559845095909e-18,4.442078223409337e-16,0.6532026809054576,3.896559845095909e-18,4.442078223409337e-16,0.02916733417023303,0.9096621319022171,1.0,0.4367144311239535,3.896559845095909e-18,4.442078223409337e-16,-2.787461517513359,5.94331234302936e-18,5.883879219599066e-16,-6.41469075629455,5.112831740936498e-18,5.163960058345863e-16,0.7015876600455533,3.896559845095909e-18,4.442078223409337e-16,-0.7015876600455533,3.896559845095909e-18,4.442078223409337e-16,0.4697258290228598,3.896559845095909e-18,4.442078223409337e-16,-0.4697258290228598,3.896559845095909e-18,4.442078223409337e-16,0.01734137098308627,3.896559845095909e-18,1.9872455209989137e-16,28.66,1.6209156718473313e-18,1.7157375083191304e-17,-1.6416063046455383,8.576774246556675e-16,7.095130752309974e-15
gold_fair_sweep,265f3ca3fcf9,DRLearner_PooledNoSite,OracleTargetTreated,100,500,20000,10,0.1,2.314632065945814,0.9713056662853702,2.19761036982908,100,-0.11487511940354453,0.9613220654107223,-0.1365472402353941,100,0.6742794636832501,0.5465253494727743,0.5004382292887455,100,0.03125320928668393,0.8700279167089746,0.06342255621338883,100,0.8558188690588692,0.11243770842688594,0.8917325737325739,100,0.6915606006006005,0.13524015858492605,0.7145625625625626,100,0.8656259572461894,0.10725716391139613,0.9013412615003314,100,0.8591696663704272,0.11533949227173408,0.8981946599926902,100,0.855776451657695,0.12490849363082485,0.9025981987787431,100,0.8507915702388604,0.13151170981568197,0.9047309527618463,100,6.6230232610635404,1.9124124658758312,6.513842396612661,100,5.255964689871173,1.754924471579292,5.238180209719909,100,0.9940460207344448,0.14410812580447888,0.9893520810059593,100,-0.03076123696127307,0.8647592097784589,-0.04654990113616876,100,0.7609495664078654,0.1740738341255506,0.812745041179014,100,0.81847215768493,0.48418413747991573,0.7487905043887311,100,1.4786656641724059,0.7964638870610514,1.291292072455668,100,1.5543670730808155,0.7617947388172198,1.5702160773845297,100,0.27451907291344213,0.21456274951937185,0.21518278052978945,100,1.0879613725776744,0.7429711792024594,1.146679820534916,100,0.17255464955364608,0.15056907108003756,0.12002596537073096,100,,,,0,,,,0,,,,0,,,,0,0.5020922160148621,0.2637227215967023,0.4505711793899536,100,-3.7503404779455782,3.896559845095909e-18,4.442078223409337e-16,-0.12050297425559676,0.8878926004885652,1.0,-2.0605827661146687,9.518928078849154e-14,7.615142463079322e-12,-0.12050297425559674,0.8878926004885652,1.0,0.47138593550593555,3.896559845095909e-18,4.442078223409337e-16,0.42773253253253257,3.896559845095909e-18,4.442078223409337e-16,0.46637400763733616,3.896559845095909e-18,4.442078223409337e-16,0.4976891901180946,4.0161556854627e-18,4.442078223409337e-16,0.5128214571424989,4.0161556854627e-18,4.442078223409337e-16,0.5275578514133897,4.0161556854627e-18,4.442078223409337e-16,3.6718539012249103,4.0161556854627e-18,4.442078223409337e-16,2.928001772898122,4.0161556854627e-18,4.442078223409337e-16,0.5984934595698362,3.896559845095909e-18,4.442078223409337e-16,0.05687546122199749,0.9862837441089826,1.0,0.5932999452218402,3.896559845095909e-18,4.442078223409337e-16,-2.798599708381896,4.531861061109546e-18,4.667816892942833e-16,-6.553332677979576,4.813701823147399e-18,4.958112877841821e-16,0.8537642259761826,4.0161556854627e-18,4.442078223409337e-16,-0.8537642259761826,4.0161556854627e-18,4.442078223409337e-16,0.5856003545796242,4.0161556854627e-18,4.442078223409337e-16,-0.5856003545796242,4.0161556854627e-18,4.442078223409337e-16,,,,,,,-9.97044391155243,3.896559845095909e-18,5.1434589955266e-16
gold_fair_sweep,265f3ca3fcf9,DRLearner_PooledWithSite,OracleTargetTreated,100,500,20000,10,0.1,2.343284148715217,0.9926984722537873,2.24073837311004,100,-0.11052969172046996,0.9588217312704652,-0.1590095634677864,100,0.6867630413238223,0.5515507147827208,0.5106723588115768,100,0.03559863696975854,0.8827999081445342,0.09205690676827083,100,0.8515824486624487,0.1163985478045633,0.8881848841848842,100,0.6870558958958961,0.13832710066248116,0.7097917917917917,100,0.861534234573442,0.11119819101075423,0.8980841575483283,100,0.8550330270576966,0.11779131115673203,0.8940274154065748,100,0.8509373611637592,0.13002592198282442,0.9007563841244721,100,0.845838531744991,0.13700713999276007,0.8977680608969683,100,6.5916069341209775,1.9149432061145861,6.490998667318408,100,5.226529714212598,1.7574455664382707,5.21567248321008,100,0.9896390491933924,0.14649957678965358,0.9866036316681177,100,-0.03521315383693722,0.8762284195429537,-0.03554840411887822,100,0.7547102017842174,0.17906630413111596,0.8091111678992903,100,0.8269845957599838,0.492780417800385,0.7450407501838684,100,1.5079797233402943,0.8322319701856262,1.3197727803387438,100,1.5465188944548287,0.7631760084059924,1.5556220490937827,100,0.2823672515394282,0.223685124094181,0.22093148446644706,100,1.0820743774459591,0.7433149939041857,1.1344651141648325,100,0.17844164468536125,0.15672314950614524,0.12138530182671903,100,,,,0,,,,0,,,,0,,,,0,1.0616173100471498,0.4799301211482021,1.0204920768737793,100,-3.721688395176175,3.896559845095909e-18,4.442078223409337e-16,-0.11615754657252214,0.8987678439874949,1.0,-2.048099188474096,1.5185669321220046e-13,1.1844822070551636e-11,-0.11615754657252221,0.8987678439874949,1.0,0.46714951510951513,3.896559845095909e-18,4.442078223409337e-16,0.4232278278278278,3.896559845095909e-18,4.442078223409337e-16,0.46228228496458856,3.896559845095909e-18,4.442078223409337e-16,0.49355255080536387,4.0161556854627e-18,4.442078223409337e-16,0.5079823666485633,4.0161556854627e-18,4.442078223409337e-16,0.5226048129195204,4.0161556854627e-18,4.442078223409337e-16,3.6404375742823474,4.0161556854627e-18,4.442078223409337e-16,2.8985667972395452,4.0161556854627e-18,4.442078223409337e-16,0.5940864880287839,3.896559845095909e-18,4.442078223409337e-16,0.05242354434633338,0.9917699870208231,1.0,0.5870605805981927,3.896559845095909e-18,4.442078223409337e-16,-2.790087270306842,5.112831740936498e-18,5.163960058345863e-16,-6.524018618811684,4.9610417082651575e-18,5.060262542430461e-16,0.8459160473501964,4.0161556854627e-18,4.442078223409337e-16,-0.8459160473501964,4.0161556854627e-18,4.442078223409337e-16,0.579713359447909,4.0161556854627e-18,4.442078223409337e-16,-0.579713359447909,4.0161556854627e-18,4.442078223409337e-16,,,,,,,-9.410918817520141,3.896559845095909e-18,5.1434589955266e-16
gold_fair_sweep,265f3ca3fcf9,EntropyBalancing,FeasibleRestricted,100,500,20000,10,0.1,2.471609469254106,1.0306572040994484,2.3840693189390123,100,-0.11646718097486981,0.956131713802664,-0.19481416605716767,100,0.754229241329612,0.6029243948295083,0.5547354617856008,100,0.02966114771535862,0.9681100052354292,0.11527372421490678,100,0.8358167202167204,0.12553067966545614,0.878009432009432,100,0.6689336536536536,0.14417856335414714,0.696964964964965,100,0.846385419682983,0.12025247594118925,0.8889982377328364,100,0.8375940334124367,0.13102459898346808,0.8829798040953477,100,0.8355324898030222,0.13887461884069696,0.8782402014271,100,0.8280805914100243,0.1510596253231238,0.8785217166756878,100,6.462648167738106,1.9323704442616398,6.349759360553002,100,5.137326815829852,1.7604943697156497,5.037263590646402,100,0.9654548489859168,0.14962767039600625,0.9643388668843829,100,-0.025929387094084072,0.9565963142695738,-0.024957144856928102,100,0.730791801388488,0.19089793333539543,0.7901652535143184,100,0.8930925529218458,0.543391428445066,0.7909885266949706,100,1.6364216522321922,0.9116294248011692,1.4499260750181642,100,1.5120108549408056,0.768597184143268,1.528731598964999,100,0.31687529105345164,0.24610267697937288,0.24764431619594318,100,1.0642337977694103,0.7459371342237966,1.1091048517504256,100,0.19628222436191037,0.1651852557913569,0.14556504685180288,100,,,,0,,,,0,,,,0,,,,0,3.5033682584762573,1.062226719120753,3.4492844343185425,100,-3.593363074637287,3.896559845095909e-18,4.442078223409337e-16,-0.122095035826922,0.8906095152877423,1.0,-1.9806329884683067,1.0732517780223129e-12,7.942063157365116e-11,-0.12209503582692208,0.8906095152877423,1.0,0.45138378666378665,3.896559845095909e-18,4.442078223409337e-16,0.40510558558558574,3.896559845095909e-18,4.442078223409337e-16,0.4471334700741294,3.896559845095909e-18,4.442078223409337e-16,0.47611355716010406,4.0161556854627e-18,4.442078223409337e-16,0.49257749528782624,4.0161556854627e-18,4.442078223409337e-16,0.5048468725845537,4.0161556854627e-18,4.442078223409337e-16,3.511478807899475,4.0161556854627e-18,4.442078223409337e-16,2.8093638988567995,4.0161556854627e-18,4.442078223409337e-16,0.569902287821308,3.896559845095909e-18,4.442078223409337e-16,0.06170731108918647,0.956127949633218,1.0,0.5631421802024629,3.896559845095909e-18,4.442078223409337e-16,-2.7239793131449805,5.94331234302936e-18,5.883879219599066e-16,-6.395576689919786,5.430296382634715e-18,5.3216904549820205e-16,0.8114080078361731,4.2663227307182344e-18,4.442078223409337e-16,-0.8114080078361731,4.2663227307182344e-18,4.442078223409337e-16,0.5618727797713599,4.0161556854627e-18,4.442078223409337e-16,-0.56187277977136,4.0161556854627e-18,4.442078223409337e-16,,,,,,,-6.969167869091034,3.896559845095909e-18,5.1434589955266e-16
gold_fair_sweep,265f3ca3fcf9,IPWTransport,FeasibleRestricted,100,500,20000,10,0.1,2.440464516864283,1.032466766868027,2.3414863638342753,100,-0.11385093998905221,0.9480522967914053,-0.1748385069047161,100,0.760049405000961,0.5948875360231427,0.573314906432244,100,0.03227738870117625,0.9676512942189,0.11732274136416038,100,0.8406347226347226,0.12436059986549057,0.8788526248526249,100,0.6749787387387388,0.14409217497288426,0.697997997997998,100,0.8509923439192568,0.11910840072534157,0.8910224530344251,100,0.8429906388798755,0.12867360340481027,0.8861174666016809,100,0.8402183455704414,0.13896731443163984,0.8866517239216464,100,0.8345431136899585,0.14721848965282291,0.8835453147201001,100,6.497800389148364,1.9238917682359358,6.395903853693424,100,5.162055906952699,1.7611349915839,5.131134305123558,100,0.9756473923287108,0.15008436117298918,0.975656617771796,100,-0.031102537213711208,0.9566347299476955,-0.04717571587317397,100,0.7383657784965635,0.18926428996654504,0.7976406930473121,100,0.8925333253391361,0.5374795938151843,0.822716672043043,100,1.6081913838384363,0.891665355495596,1.403358383001247,100,1.5188759687092714,0.766726937027642,1.5322361706483938,100,0.31001017728498537,0.2467936191092527,0.23716262644241748,100,1.0691796159939793,0.7437829659328401,1.1185679587437294,100,0.19133640613734124,0.16645995819401105,0.13727811669104428,100,,,,0,,,,0,,,,0,,,,0,1.098381555080414,0.2868752424789371,1.0623332262039185,100,-3.62450802702711,4.0161556854627e-18,4.442078223409337e-16,-0.11947879484110438,0.8851770022716838,1.0,-1.9748128247969579,1.2776870584534695e-12,9.327115526710327e-11,-0.11947879484110448,0.8851770022716838,1.0,0.45620178908178916,4.0161556854627e-18,4.442078223409337e-16,0.4111506706706707,4.0161556854627e-18,4.442078223409337e-16,0.4517403943104034,4.0161556854627e-18,4.442078223409337e-16,0.4815101626275428,4.0161556854627e-18,4.442078223409337e-16,0.4972633510552454,4.0161556854627e-18,4.442078223409337e-16,0.5113093948644877,4.0161556854627e-18,4.442078223409337e-16,3.546631029309732,4.0161556854627e-18,4.442078223409337e-16,2.834092989979646,4.0161556854627e-18,4.442078223409337e-16,0.5800948311641022,4.0161556854627e-18,4.442078223409337e-16,0.05653416096955936,0.9917699870208231,1.0,0.5707161573105386,3.896559845095909e-18,4.442078223409337e-16,-2.724538540727689,6.12472726248735e-18,5.94098544461273e-16,-6.423806958313543,5.269204481546392e-18,5.216512436730928e-16,0.8182731216046393,4.2663227307182344e-18,4.442078223409337e-16,-0.8182731216046393,4.2663227307182344e-18,4.442078223409337e-16,0.566818597995929,4.0161556854627e-18,4.442078223409337e-16,-0.566818597995929,4.0161556854627e-18,4.442078223409337e-16,,,,,,,-9.374154572486878,3.896559845095909e-18,5.1434589955266e-16
gold_fair_sweep,265f3ca3fcf9,OutcomeModelTransport,FeasibleRestricted,100,500,20000,10,0.1,2.4350748569065535,1.025611765465659,2.3187022297635154,100,-0.10878697058341633,0.9605678437002759,-0.18047398898658013,100,0.7497948768108674,0.6064104496980687,0.5766144584469208,100,0.037341358106812175,0.9665382764447951,0.08541373386436202,100,0.8420776676776677,0.12338305355360278,0.882046362046362,100,0.6764540140140142,0.14308572150302232,0.7008628628628629,100,0.8524003462899499,0.11817680968044601,0.8917296037144824,100,0.8449907440565966,0.12611585023801467,0.8887697870747223,100,0.841897710742446,0.13814871386007005,0.8875481268418225,100,0.8363456414489828,0.14549727796121814,0.8890191470371568,100,6.514303621891633,1.9249464154822036,6.385966805441434,100,5.171579286463275,1.7634067608821522,5.169740460966631,100,0.9783043942654769,0.15128919648385367,0.9761202775162701,100,-0.03872178538852807,0.9558207608008596,-0.043795727348199434,100,0.7405735376442675,0.18777410031822991,0.7970287773185016,100,0.8908790162148875,0.5426864334706346,0.7783459896093046,100,1.6003861655065597,0.8880272458176911,1.35537653911335,100,1.5216279018047345,0.7669431775906763,1.539588267781547,100,0.3072582441895225,0.24407737260660417,0.23355402845345197,100,1.0710842918960948,0.7428132062068765,1.1186693490162563,100,0.18943173023522594,0.16651110496748414,0.13439184418567984,100,,,,0,,,,0,,,,0,,,,0,0.16805362462997436,0.0940319625333295,0.1572781801223755,100,-3.62989768698484,4.0161556854627e-18,4.442078223409337e-16,-0.11441482543546848,0.9014897097022484,1.0,-1.985067352987051,6.836767705041719e-13,5.127575778781289e-11,-0.11441482543546844,0.9014897097022484,1.0,0.45764473412473416,4.0161556854627e-18,4.442078223409337e-16,0.41262594594594604,4.0161556854627e-18,4.442078223409337e-16,0.45314839668109635,4.0161556854627e-18,4.442078223409337e-16,0.48351026780426376,4.0161556854627e-18,4.442078223409337e-16,0.49894271622724995,4.0161556854627e-18,4.442078223409337e-16,0.5131119226235121,4.0161556854627e-18,4.442078223409337e-16,3.5631342620530018,4.0161556854627e-18,4.442078223409337e-16,2.843616369490222,4.0161556854627e-18,4.442078223409337e-16,0.582751833100868,4.0161556854627e-18,4.442078223409337e-16,0.04891491279474254,0.9725715413852294,1.0,0.5729239164582424,4.0161556854627e-18,4.442078223409337e-16,-2.7261928498519383,5.767203615817138e-18,5.767203615817138e-16,-6.43161217664542,5.112831740936498e-18,5.163960058345863e-16,0.8210250547001021,4.3971135541818935e-18,4.442078223409337e-16,-0.8210250547001021,4.3971135541818935e-18,4.442078223409337e-16,0.5687232738980443,4.0161556854627e-18,4.442078223409337e-16,-0.5687232738980443,4.0161556854627e-18,4.442078223409337e-16,,,,,,,-10.304482502937317,3.896559845095909e-18,5.1434589955266e-16
gold_fair_sweep,265f3ca3fcf9,ProposedA,OracleTargetTreated,100,500,20000,10,0.1,3.1982802266594246,0.5723286541638336,3.1754779448446575,100,-0.13247925984663664,1.3453620048091042,-0.1316587281374336,100,0.14494164339768914,0.10809781842023299,0.12863776610863814,100,0.013649068843591863,0.18087908197809857,0.02413150824563859,100,0.739182606942607,0.037353473464981767,0.7407347607347607,100,0.5472028028028029,0.03410348048231388,0.5476856856856858,100,0.7548349673482753,0.035487419081074154,0.7550300596878594,100,0.7440681042912947,0.07487916738736966,0.7611854602663206,100,0.7291962260402104,0.09120484774951651,0.7450049454364105,100,0.7130294529341994,0.11612648110398355,0.7392987850852417,100,5.815070918691897,1.8246839703849087,5.748154789835753,100,4.573441884787813,1.7003037089851842,4.491861757055368,100,1.5510818517618035,0.2334412728474168,1.5128329282657926,100,0.0732088913553039,0.7914460347415494,0.05617602785544199,100,0.5620783076713189,0.05226514091197005,0.5641769230927248,100,1.0262740044028824,0.34345858966643056,1.0084446747980174,100,2.5896471958856218,0.8917351747522471,2.5476691792611357,100,1.390036279655262,0.7412134247660185,1.46634558851196,100,0.43884986633899503,0.10312325339659464,0.42644971373984364,100,0.9514568115610021,0.7398884592711611,0.9943256894176531,100,0.3090592105703185,0.07336960034429457,0.30267655129235066,100,0.008341730835663185,0.004329588083581305,0.008265288548265111,100,29.22,0.746439359339871,29.0,100,,,,0,,,,0,23.019610939025878,2.0173672135984866,23.225388765335083,100,-2.8666923172319683,3.896559845095909e-18,4.442078223409337e-16,-0.1381071146986888,0.6673479673381713,1.0,-2.5899205864002295,1.0501887534614503e-17,1.1132000786691374e-15,-0.13810711469868894,0.6673479673381713,1.0,0.35474967338967345,3.896559845095909e-18,4.442078223409337e-16,0.2833747347347348,3.896559845095909e-18,4.442078223409337e-16,0.3555830177394217,3.896559845095909e-18,4.442078223409337e-16,0.3825876280389621,3.896559845095909e-18,4.442078223409337e-16,0.38624123152501433,3.896559845095909e-18,4.442078223409337e-16,0.3897957341087286,3.896559845095909e-18,4.442078223409337e-16,2.863901558853265,3.896559845095909e-18,4.442078223409337e-16,2.2454789678147593,3.896559845095909e-18,4.442078223409337e-16,1.1555292905971948,3.896559845095909e-18,4.442078223409337e-16,0.1608455895385745,0.26823314456410174,1.0,0.3944286864852939,3.896559845095909e-18,4.442078223409337e-16,-2.590797861663944,9.044445868078014e-18,8.682668033354894e-16,-5.442351146266358,1.8478899002670448e-17,1.7185376072483517e-15,0.6894334325506297,3.896559845095909e-18,4.442078223409337e-16,-0.6894334325506297,3.896559845095909e-18,4.442078223409337e-16,0.44909579356295176,3.896559845095909e-18,4.442078223409337e-16,-0.4490957935629518,3.896559845095909e-18,4.442078223409337e-16,0.008341730835663185,3.896559845095909e-18,1.9872455209989137e-16,29.22,8.245411761252826e-19,1.0719035289628674e-17,12.547074811458588,3.896559845095909e-18,5.1434589955266e-16
gold_fair_sweep,265f3ca3fcf9,ProposedB_LinearStepB,OracleTargetTreated,100,500,20000,10,0.1,3.2000298318494487,0.568011729698011,3.171842522213916,100,-0.13004532263428323,1.350506232441374,-0.11937256041646015,100,0.14791702611664573,0.10863569288480485,0.12597355024824025,100,0.016083006055945304,0.18341452792186588,0.037024836661522995,100,0.7397760766560765,0.038024933324093325,0.7424795684795684,100,0.5477002602602602,0.03473250637270586,0.5495375375375375,100,0.7553541169205878,0.03589085136450585,0.7558948227462878,100,0.7417172008107606,0.07261906197624665,0.7506764146700611,100,0.7314192059638436,0.09041826691780079,0.751697625977914,100,0.7185981327878481,0.1148998525356046,0.7460249390003874,100,5.794701184962539,1.806434154551327,5.732699017202132,100,4.584789126636691,1.6929568935992432,4.534218255916821,100,1.5557360342955575,0.24524333796340989,1.5100402389162428,100,0.0824024377777884,0.8096366949365359,0.043326588438272834,100,0.5625869933241098,0.052088971000718756,0.5607102772674172,100,1.0331765075804125,0.36252263430979514,1.0074633252528309,100,2.57795098009702,0.8436520794580836,2.50171038371187,100,1.3885993767301956,0.7466979645224442,1.4361335877727508,100,0.44028676926406113,0.10001582257287524,0.44389908388362476,100,0.9537262599307778,0.7439686183958901,0.9877090475243864,100,0.3067897622005427,0.0711487275273594,0.3026595392914531,100,0.02039321418245323,0.012254124044902686,0.01935236815328531,100,29.6,0.6195469181897233,30.0,100,8.47070781635351,2.0111538172152423,8.565077667662337,100,10.0,0.0,10.0,100,37.1678830575943,3.398297837133088,37.03667950630188,100,-2.8649427120419455,3.896559845095909e-18,4.442078223409337e-16,-0.1356731774863354,0.687475023529822,1.0,-2.586945203681272,1.0192962404545369e-17,1.0906469772863544e-15,-0.13567317748633534,0.687475023529822,1.0,0.3553431431031431,3.896559845095909e-18,4.442078223409337e-16,0.2838721921921922,3.896559845095909e-18,4.442078223409337e-16,0.3561021673117344,3.896559845095909e-18,4.442078223409337e-16,0.38023672455842794,3.896559845095909e-18,4.442078223409337e-16,0.38846421144864757,3.896559845095909e-18,4.442078223409337e-16,0.39536441396237754,3.896559845095909e-18,4.442078223409337e-16,2.8435318251239092,3.896559845095909e-18,4.442078223409337e-16,2.2568262096636382,3.896559845095909e-18,4.442078223409337e-16,1.1601834731309486,3.896559845095909e-18,4.442078223409337e-16,0.17003913596105896,0.26972230853401546,1.0,0.3949373721380849,3.896559845095909e-18,4.442078223409337e-16,-2.583895358486414,1.0192962404545369e-17,9.6833142843181e-16,-5.454047362054961,1.690631665125153e-17,1.6061000818688953e-15,0.6879965296255635,3.896559845095909e-18,4.442078223409337e-16,-0.6879965296255635,3.896559845095909e-18,4.442078223409337e-16,0.45136524193272765,3.896559845095909e-18,4.442078223409337e-16,-0.45136524193272765,3.896559845095909e-18,4.442078223409337e-16,0.02039321418245323,3.896559845095909e-18,1.9872455209989137e-16,29.6,1.6295207018447203e-19,3.9108496844273285e-18,26.695346930027007,3.896559845095909e-18,5.1434589955266e-16
gold_fair_sweep,265f3ca3fcf9,ProposedB_SourceDR,FeasibleRestricted,100,500,20000,10,0.1,3.8144390895128413,0.7983282016902841,3.6490639998858754,100,-0.015179202707725506,0.5645713776013944,-0.044558911096917335,100,0.9240875624917864,0.7105272937695526,0.726411595865025,100,0.130949125982503,1.1619344260761915,0.21080210103959185,100,0.5834039927898494,0.10399760560048978,0.6059078339078339,100,0.4141580673146333,0.0808223296297581,0.4313313313313314,100,0.601010621750596,0.10368171321930132,0.6241381726981763,100,0.5742845742062497,0.13658118702105934,0.6107160614629241,100,0.5692048848004414,0.14188776656975685,0.6021657413542537,100,0.5537106236660632,0.17023841541197332,0.5937748625167861,100,4.5163177346107,1.800406625921188,4.432795095093094,100,3.6085366307294784,1.6164514319761947,3.5266583664483413,100,1.30863135246807,0.2599611148456333,1.2914733569821575,100,-0.11816394567216806,1.1676647185919122,-0.0760907876188397,100,0.3684408731569924,0.11101067985824092,0.38814225005991804,100,1.1380768399983445,0.6199986519514689,1.0315144662371174,100,2.3434370598044314,1.0058085750660202,2.1397260621832177,100,1.064248199904825,0.7544998257143363,1.0771797545804638,100,0.7646379460894321,0.2571220899226275,0.6824237347010035,100,0.7584757607493353,0.7342029696819018,0.7893414298551452,100,0.5020402613819852,0.16053433217825597,0.4679981674117272,100,0.017198334824785264,0.014001092542729379,0.015533190727743697,100,28.65,1.8876258403431843,29.0,100,8.470707816353514,2.011153817215246,8.565077667662312,100,10.0,0.0,10.0,100,40.88449424505234,4.724495665837368,39.688676834106445,100,-2.2505334543785502,7.55704804907942e-18,4.442078223409337e-16,-0.02080705755977771,0.9397030087863819,1.0,-1.810774667306133,2.4928276934275358e-11,1.744979385399275e-09,-0.02080705755977771,0.9397030087863819,1.0,0.1989710592369159,1.2018657535267367e-16,2.163358356348126e-15,0.15032999924656518,9.263103378466659e-17,1.6673586081239986e-15,0.20175867214174262,1.4289849453522757e-16,2.572172901634096e-15,0.21280409795391694,1.2692585134298068e-15,2.411591175516633e-14,0.22624989028524542,1.8511572479713263e-16,3.5171987711455198e-15,0.23047690484059274,2.6859459865305284e-16,5.103297374408004e-15,1.5651483747720705,3.3479285134505465e-15,6.361064175556038e-14,1.2805737137564253,2.0175487407088173e-16,3.833342607346753e-15,0.9130787913034609,3.896559845095909e-18,4.442078223409337e-16,-0.030527247488897454,0.8608010376424908,1.0,0.2007912519709674,5.816713162471362e-17,1.047008369244845e-15,-2.4789950260684814,1.6412062569258175e-17,1.5263218189410102e-15,-5.688561282347547,8.267798584515514e-18,7.937086641134894e-16,0.36364535280019245,3.2800105956902744e-13,4.920015893535412e-12,-0.36364535280019245,3.2800105956902744e-13,4.920015893535412e-12,0.2561147427512851,2.0175487407088173e-16,3.833342607346753e-15,-0.25611474275128504,2.0175487407088173e-16,3.833342607346753e-15,0.017198334824785264,3.896559845095909e-18,1.9872455209989137e-16,28.65,1.5999989161157647e-18,1.7157375083191304e-17,30.411958117485046,3.896559845095909e-18,5.1434589955266e-16
gold_fair_sweep,265f3ca3fcf9,ProxyOnly,FeasibleRestricted,100,500,20000,10,0.1,6.064972543891395,1.53084948751418,5.850147133378231,100,0.005627854852052278,4.058845346276179,0.08498568813138016,100,2.7348622297979186,2.0954762802101525,2.3164073286928826,100,0.15175618354228074,3.4529378662711783,0.13809754684546258,100,0.38443293355293356,0.11344670228657687,0.39790008190008197,100,0.2638280680680681,0.08046083858344392,0.27324324324324323,100,0.3992519496088534,0.11743129410629463,0.41145531315941175,100,0.36148047625233254,0.18265380359457573,0.40194060454282543,100,0.342954994515196,0.21914191744838274,0.3845592898426629,100,0.3232337188254706,0.2620602314976009,0.36020680650345394,100,2.95116935983863,1.7234676679718703,2.969711711171269,100,2.3279629169730534,1.5701690118430784,2.411460470419783,100,0.39555256116460874,0.1554991640771322,0.39594049349798444,100,-0.08763669818327056,1.322297290429551,-0.17090247385087415,100,0.16764962118602497,0.08236319105120932,0.16307986554061876,100,3.617071866066825,1.736206433914949,3.2244693557541204,100,8.031998342151981,3.516717954365946,7.484832196382097,100,0.7006028471046326,0.8299347198715278,0.7719236908986303,100,1.1282832988896245,0.3904373925709351,1.0396666996539032,100,0.5023610179980502,0.7508725022157239,0.5349832051240342,100,0.7581550041332703,0.21147859600904534,0.7203964610540692,100,0.0,0.0,0.0,100,0.0,0.0,0.0,100,,,,0,,,,0,10.472536127567292,1.0884045942539924,10.422060132026672,100,,,,,,,,,,,,,,,,,,,,,,,,,,,,,,,,,,,,,,,,,,,,,,,,,,,,,,,,,,,,,,,,,,,,,,,,
gold_fair_sweep,265f3ca3fcf9,TargetOnlyDR,OracleTargetTreated,100,500,20000,10,0.1,3.6150012084023744,0.5790632396572643,3.562518691835457,100,-0.125276523663418,1.353177354922569,-0.14632228776228975,100,0.21298490656372704,0.1728719608820942,0.17531768674784454,100,0.02085180502681054,0.2743470491834534,0.02445148763981103,100,0.6459163539406255,0.06714626079429459,0.6538519978519979,100,0.46622589432819844,0.05575323344023702,0.4712192192192193,100,0.6633355329343751,0.06589816291792497,0.6734626793060201,100,0.6221219454443166,0.11380548576596683,0.6456677742018819,100,0.632714130647611,0.12076926766299664,0.6637450085424378,100,0.6203519949294131,0.14805460717396512,0.6410286413374998,100,4.936808381009745,1.9138827980668975,4.558298654198248,100,4.028070185826433,1.7196304894266987,3.677312423623424,100,1.1829516478250415,0.315526116046668,1.2217425556034094,100,-0.057088066287941795,0.5682440039516726,-0.03557103676551114,100,0.37122502449536926,0.11848590057326715,0.39307450418931905,100,0.8940404115280723,0.3357019025613673,0.8524314876552279,100,2.0662480347223307,0.7964462742908537,1.9838582721805087,100,1.2373793895100713,0.7463166994421311,1.2420105134323536,100,0.5915067564841856,0.15460273163885985,0.5829339870957794,100,0.842382471768726,0.7331326093799292,0.8912100036298132,100,0.41813355036259453,0.08923809522040584,0.4096970331971219,100,0.0,0.0,0.0,100,0.0,0.0,0.0,100,,,,0,,,,0,21.441309337615966,3.3729766142663253,21.895453214645386,100,-2.449971335489019,4.0161556854627e-18,4.442078223409337e-16,-0.13090437851547018,0.6376046699936373,1.0,-2.521877323234192,2.0802135592284146e-17,2.1218178304129827e-15,-0.13090437851547024,0.6376046699936373,1.0,0.26148342038769185,5.112831740936498e-18,4.442078223409337e-16,0.20239782626013025,5.112831740936498e-18,4.442078223409337e-16,0.26408358332552145,4.9610417082651575e-18,4.442078223409337e-16,0.260641469191984,4.095126545597987e-17,1.1875866982234163e-15,0.289759136132415,4.531861061109546e-18,4.442078223409337e-16,0.2971182761039424,4.531861061109546e-18,4.442078223409337e-16,1.985639021171114,2.8782421504419467e-17,8.922550666370035e-16,1.700107268853379,4.531861061109546e-18,4.442078223409337e-16,0.7873990866604329,4.139373908714419e-18,4.442078223409337e-16,0.03054863189532878,0.7309722689902687,1.0,0.2035754033093442,1.4190703440363424e-15,2.412419584861782e-14,-2.723031454538754,4.9610417082651575e-18,5.060262542430461e-16,-5.96575030742965,5.596247901468035e-18,5.428360464423994e-16,0.5367765424054389,6.311606041551026e-18,4.442078223409337e-16,-0.5367765424054389,6.311606041551026e-18,4.442078223409337e-16,0.3400214537706758,4.531861061109546e-18,4.442078223409337e-16,-0.3400214537706757,4.531861061109546e-18,4.442078223409337e-16,0.0,,,0.0,,,10.968773210048676,3.896559845095909e-18,5.1434589955266e-16
gold_fair_sweep,3e0884da9f26,AnchorOnly,OracleTargetTreated,500,1000,20000,10,0.1,3.2224535531556318,0.6257233462927813,3.2121545390143416,100,0.0871505183463696,1.2910854442106208,0.07047728473476463,100,0.11748052299805099,0.08586850014695294,0.10570461358995986,100,0.0012891926532601899,0.14598905656548217,-0.016895531122875625,100,0.7390422796422795,0.029237246145101068,0.7396096936096936,100,0.5459545545545547,0.027059364547701276,0.5457417417417418,100,0.7545622251488444,0.0278372343099106,0.7559295098155183,100,0.7490788947095939,0.06677541676235195,0.7546126212256318,100,0.7394397543431748,0.08660148291591781,0.750532906366691,100,0.7283084391707216,0.14831264096542635,0.7508410254737031,100,6.120946884744052,1.8813683665106298,6.214866559116218,100,4.867424231593563,1.6631787414553085,4.880735190731693,100,1.518957863255599,0.21098411107284393,1.4635708611243632,100,-0.050332165317204795,0.7831404475686015,-0.03971868724711376,100,0.5661856303465302,0.04077365102544743,0.5644817401807251,100,0.9532973886293749,0.2948856075348302,0.8736901756993662,100,2.391549734246584,0.759463736275515,2.2199421869867244,100,1.36992966102298,0.6642934363180805,1.2952603852040243,100,0.4417066091946494,0.10826975095225552,0.44343916632577146,100,0.8539304947751171,0.616804984069299,0.7771794897289275,100,0.3183280357865611,0.08006860581401226,0.31453623093295935,100,0.0006980316427180548,0.0007409010410093339,0.00041208248379806685,100,14.46,0.5759489315183871,14.5,100,,,,0,,,,0,19.250953245162965,1.2716783922931,19.238686680793762,100,-0.8933581013287324,3.896559845095909e-18,4.442078223409337e-16,-0.22398896069068117,0.08250125240378868,1.0,-1.1145193936953601,1.1485179010089616e-17,1.2059437960594098e-15,-0.22398896069068122,0.08250125240378868,1.0,0.1928877418077418,4.670683307897806e-18,4.442078223409337e-16,0.16047875875875875,4.531861061109546e-18,4.442078223409337e-16,0.19236703232373695,4.531861061109546e-18,4.442078223409337e-16,0.18568171799869163,5.94331234302936e-18,4.442078223409337e-16,0.1933283670221118,4.2663227307182344e-18,4.442078223409337e-16,0.2116567518604993,4.3971135541818935e-18,4.442078223409337e-16,1.4541257303962243,5.430296382634715e-18,4.442078223409337e-16,1.1497828865805,4.2663227307182344e-18,4.442078223409337e-16,0.5510325610086264,1.1020511023218772e-16,8.375588377646267e-15,0.1969916661428839,0.1193373132265361,1.0,0.2403842965795561,4.3971135541818935e-18,4.442078223409337e-16,-0.46542572060758786,2.388992454991287e-06,0.00014333954729947723,-0.2833480545377543,0.12685646867814937,1.0,0.4413927305086076,3.896559845095909e-18,4.442078223409337e-16,-0.4413927305086076,3.896559845095909e-18,4.442078223409337e-16,0.22995657731609995,4.2663227307182344e-18,4.442078223409337e-16,-0.22995657731609995,4.2663227307182344e-18,4.442078223409337e-16,0.0006980316427180548,3.896559845095909e-18,1.9872455209989137e-16,14.46,4.2730016830866025e-19,7.216130894963372e-18,8.418295483589173,3.896559845095909e-18,5.1434589955266e-16
gold_fair_sweep,3e0884da9f26,AnchorPlugin,FeasibleRestricted,500,1000,20000,10,0.1,2.946884360756984,0.924578228619323,2.7502454508605867,100,0.0892503669971949,0.9316208153012459,0.16926908722984887,100,0.6491627529112693,0.5105989633659535,0.5750154587610925,100,0.0033890413040854983,0.8284736985778194,0.05959902533366829,100,0.7689196399996399,0.10772569219917599,0.803910323910324,100,0.5822449649649649,0.10136172780926836,0.6078198198198199,100,0.7821872314644704,0.10545082552608304,0.8163312544507858,100,0.7687192446253333,0.1300549490529717,0.8131763432552693,100,0.7679602128343359,0.15304982678676265,0.8109277932830496,100,0.7607878221917058,0.19178180308294254,0.8159986714992117,100,6.237461728786543,1.8777686105643034,6.548313293185511,100,5.021869489646293,1.7038067881688743,5.298532112557446,100,1.042845043296564,0.1569546508219688,1.0495143621974132,100,-0.029518076303454363,0.8474724735961828,-0.0925473672341669,100,0.6210893762889784,0.15028433286132697,0.6658683754900201,100,0.7974166595040683,0.45107307858167944,0.6952505297038599,100,1.540178237741587,0.7861736975490043,1.4184865724927713,100,1.3845001329165216,0.6344696478384008,1.2903092676253478,100,0.4271361373011075,0.2600880534602073,0.34139345047566794,100,0.8848195463856634,0.6020687674929074,0.8075457638016144,100,0.287438984176015,0.1769158616393983,0.2413331593412148,100,0.0026309251097767776,0.0024180056934258627,0.0017282794040590253,100,29.81,0.4648231987117318,30.0,100,,,,0,,,,0,9.206551425457,0.8636961389407609,9.23331081867218,100,-1.1689272937273802,4.531861061109546e-18,4.442078223409337e-16,-0.22188911203985587,0.03535622621959651,1.0,-0.5828371637821419,2.2613493018572627e-08,1.4698770462072207e-06,-0.22188911203985587,0.03535622621959651,1.0,0.22276510216510217,3.896559845095909e-18,4.442078223409337e-16,0.19676916916916917,3.896559845095909e-18,4.442078223409337e-16,0.2199920386393631,3.896559845095909e-18,4.442078223409337e-16,0.20532206791443117,4.9610417082651575e-18,4.442078223409337e-16,0.22184882551327317,4.813701823147399e-18,4.442078223409337e-16,0.24413613488148356,3.896559845095909e-18,4.442078223409337e-16,1.5706405744387149,5.112831740936498e-18,4.442078223409337e-16,1.3042281446332302,4.531861061109546e-18,4.442078223409337e-16,0.07491974104959072,0.0024803707467484005,0.04464667344147121,0.21780575515663433,0.05547376726176119,1.0,0.29528804252200425,3.896559845095909e-18,4.442078223409337e-16,-0.6213064497328943,4.783742429152475e-11,4.209693337654178e-09,-1.134719551042751,1.309850946596449e-12,1.1133733046069816e-10,0.4559632024021495,5.112831740936498e-18,4.442078223409337e-16,-0.4559632024021495,5.112831740936498e-18,4.442078223409337e-16,0.2608456289266461,4.531861061109546e-18,4.442078223409337e-16,-0.2608456289266461,4.531861061109546e-18,4.442078223409337e-16,0.0026309251097767776,3.896559845095909e-18,1.9872455209989137e-16,29.81,5.593536287685865e-21,1.8333516040347585e-19,-1.6261063361167907,5.191257998789323e-15,3.633880599152526e-14
gold_fair_sweep,3e0884da9f26,DRLearner_PooledNoSite,OracleTargetTreated,500,1000,20000,10,0.1,2.322873087772735,1.0691114979056204,2.1491709508915298,100,0.0007099852871629737,1.0424353250051959,0.03430079239986236,100,0.5947458458249052,0.4731316832703002,0.5035218220659685,100,-0.08515134040594642,0.7575124922596274,-0.07824399408816635,100,0.8574410261210262,0.11002700024015115,0.8853682953682954,100,0.6916436436436436,0.12964109922872508,0.7072632632632633,100,0.8670943006556291,0.10568666814828218,0.8960994152656574,100,0.8607231427316395,0.13172112799746513,0.8962319559986287,100,0.8582133079728955,0.1399491318465504,0.8944244630453388,100,0.8513625009704014,0.1796461687616077,0.8949838950145057,100,6.951617305745933,1.943385251914273,7.116536472321697,100,5.568006279960846,1.7344158576543756,5.710298771349125,100,0.9793428370586306,0.1319116543679707,0.9997464076559412,100,0.052723928200430016,0.7681306405298227,0.06983752236124846,100,0.7626574192779714,0.16869801449210955,0.8074562569980248,100,0.7201079594704286,0.4528400516832129,0.6399660758186542,100,1.3927141791378665,0.8746592728950252,1.1865505740101776,100,1.5380182880095914,0.6417292525645524,1.4470766505141492,100,0.2736179822080379,0.22631806412787367,0.20006343505789337,100,0.9940469044485734,0.603007896865723,0.9538000522226913,100,0.1782116261131045,0.1649252828335712,0.12921853922844556,100,,,,0,,,,0,,,,0,,,,0,0.5717767882347107,0.2880885022673365,0.5042595863342285,100,-1.7929385667116295,4.9610417082651575e-18,4.442078223409337e-16,-0.31042949374988776,0.0362653406125505,1.0,-0.6372540708685063,3.2238025664929246e-08,2.0632336425554718e-06,-0.31042949374988776,0.0362653406125505,1.0,0.31128648828648825,3.896559845095909e-18,4.442078223409337e-16,0.3061678478478479,3.896559845095909e-18,4.442078223409337e-16,0.30489910783052154,3.896559845095909e-18,4.442078223409337e-16,0.29732596602073735,4.670683307897806e-18,4.442078223409337e-16,0.31210192065183273,4.2663227307182344e-18,4.442078223409337e-16,0.3347108136601792,3.896559845095909e-18,4.442078223409337e-16,2.284796151398105,4.670683307897806e-18,4.442078223409337e-16,1.8503649349477822,4.2663227307182344e-18,4.442078223409337e-16,0.011417534811657528,0.5519569797477354,1.0,0.3000477596605187,0.05460278982386382,1.0,0.43685608551099714,3.896559845095909e-18,4.442078223409337e-16,-0.6986151497665338,5.6223836477769627e-11,4.891473773565957e-09,-1.2821836096464723,2.201923197492152e-12,1.849615485893408e-10,0.6094813574952189,4.2663227307182344e-18,4.442078223409337e-16,-0.6094813574952189,4.2663227307182344e-18,4.442078223409337e-16,0.3700729869895565,4.2663227307182344e-18,4.442078223409337e-16,-0.3700729869895565,4.2663227307182344e-18,4.442078223409337e-16,,,,,,,-10.26088097333908,3.896559845095909e-18,5.1434589955266e-16
gold_fair_sweep,3e0884da9f26,DRLearner_PooledWithSite,OracleTargetTreated,500,1000,20000,10,0.1,2.3543024769025633,1.0915606706027028,2.1728366095312817,100,-0.0007861709157558117,1.0401640810667414,0.003747903578843367,100,0.6031225665030976,0.48177800991476966,0.4945064216981701,100,-0.08664749660886523,0.7693877875046987,-0.06973050087963051,100,0.8531190218790219,0.11385359619132743,0.883010773010773,100,0.6869228028028028,0.13251303684034593,0.7047727727727728,100,0.8629180169124504,0.1095518144249549,0.8943608043985378,100,0.857112925896236,0.13332102284888547,0.8917654943041354,100,0.8529780033540174,0.14502828515330277,0.8925352575008281,100,0.8467445250996607,0.18447835289024983,0.8912052641845827,100,6.921277181427971,1.942315226862194,7.050237369259701,100,5.533237778657719,1.73788989456809,5.679306121689372,100,0.9738336083649416,0.13254891182344275,0.9909843386540383,100,0.052894330666333846,0.7797220057565457,0.06996253538413465,100,0.756237126096659,0.17357303823269243,0.8041522560087775,100,0.7288436917780459,0.4631120783250526,0.6304797416490873,100,1.403079971451444,0.8854135055359799,1.232043598940682,100,1.528138493211701,0.6398959783363285,1.439323918738706,100,0.2834977770059282,0.23871435675916464,0.2071882043833182,100,0.9870932041879483,0.6018677136275993,0.948084053260673,100,0.18516532637372976,0.17368095428736524,0.13297763314444294,100,,,,0,,,,0,,,,0,,,,0,1.053238229751587,0.48961025335791536,0.9960705041885376,100,-1.7615091775818015,5.269204481546392e-18,4.442078223409337e-16,-0.3119256499528066,0.033596230482171516,1.0,-0.6288773501903135,4.075087395281079e-08,2.5673050590270794e-06,-0.31192564995280664,0.033596230482171516,1.0,0.30696448404448406,3.896559845095909e-18,4.442078223409337e-16,0.301447007007007,3.896559845095909e-18,4.442078223409337e-16,0.3007228240873428,3.896559845095909e-18,4.442078223409337e-16,0.2937157491853337,4.9610417082651575e-18,4.442078223409337e-16,0.3068666160329547,4.3971135541818935e-18,4.442078223409337e-16,0.33009283778943854,4.139373908714419e-18,4.442078223409337e-16,2.2544560270801437,4.9610417082651575e-18,4.442078223409337e-16,1.8155964336446564,4.3971135541818935e-18,4.442078223409337e-16,0.0059083061179686525,0.6425231921087418,1.0,0.3002181621264225,0.058156421545616455,1.0,0.4304357923296848,3.896559845095909e-18,4.442078223409337e-16,-0.6898794174589166,1.0193668947919577e-10,8.766555295210837e-09,-1.2718178173328942,3.50738157628774e-12,2.876052892555947e-10,0.5996015626973287,4.2663227307182344e-18,4.442078223409337e-16,-0.5996015626973287,4.2663227307182344e-18,4.442078223409337e-16,0.3631192867289313,4.3971135541818935e-18,4.442078223409337e-16,-0.3631192867289313,4.3971135541818935e-18,4.442078223409337e-16,,,,,,,-9.779419531822205,3.896559845095909e-18,5.1434589955266e-16
gold_fair_sweep,3e0884da9f26,EntropyBalancing,FeasibleRestricted,500,1000,20000,10,0.1,2.59829949884762,1.2009873081460545,2.389067783008185,100,-0.023129801376926287,1.061609796948155,0.04922947207923563,100,0.751345023674007,0.6025315388722895,0.617215487466504,100,-0.10899112707003569,0.9598264213877888,-0.009950252855485009,100,0.8246919246519248,0.13745894898818362,0.8578029958029958,100,0.6556381181181181,0.14642487003959223,0.670018018018018,100,0.8354285553558181,0.1338636062353195,0.869598651436875,100,0.827138097309058,0.1550889349865844,0.8703863558606699,100,0.8261278964428408,0.16890615144111976,0.86982583300443,100,0.8168700321484337,0.21665187559300966,0.8699616836918413,100,6.6632349463949705,1.934822223582013,6.872387116172025,100,5.352040463553071,1.7343317163110317,5.520456545645565,100,0.9354331310191373,0.14362569780165985,0.9504234574439883,100,0.07563513431093893,0.9467655275660889,0.06867622117802655,100,0.7157880397259639,0.19733453362548348,0.7567430608502581,100,0.8723005156741518,0.5898621408304342,0.7312810958971635,100,1.6393641463393178,1.1241497024072473,1.3920741254350144,100,1.456754594115365,0.637643881408365,1.3881624878841339,100,0.35488167610226384,0.31643530201824166,0.25427468776282025,100,0.950853741167019,0.6030027731950277,0.915686272354713,100,0.2214047893946592,0.2135152198004654,0.1515079993744347,100,,,,0,,,,0,,,,0,,,,0,3.798628418445587,1.2029622249385443,3.6024162769317627,100,-1.5175121556367441,2.7135201386354882e-17,5.883643275654146e-16,-0.334269280413977,0.035057542018110247,1.0,-0.48065489301940434,2.4557924093657907e-05,0.0014489175215258165,-0.3342692804139771,0.035057542018110247,1.0,0.2785373868173868,6.504110965076778e-18,4.442078223409337e-16,0.2701623223223223,6.504110965076778e-18,4.442078223409337e-16,0.27323336253071057,6.311606041551026e-18,4.442078223409337e-16,0.263740920598156,1.219062650217942e-17,4.754344335849974e-16,0.280016509121778,9.318997235593406e-18,4.442078223409337e-16,0.30021834483821147,8.267798584515514e-18,4.442078223409337e-16,1.9964137920471428,1.4573676877736123e-17,5.97520751987181e-16,1.634399118540009,1.082004916926409e-17,4.442078223409337e-16,-0.03249217122783566,0.500367472717453,1.0,0.3229589657710277,0.052475138087962746,1.0,0.38998670595898977,6.12472726248735e-18,4.442078223409337e-16,-0.5464225935628108,1.666630638361549e-07,1.2166403660039309e-05,-1.03553364244502,7.4778784300395e-09,4.3371694894229095e-07,0.528217663600993,1.219062650217942e-17,4.998156865893562e-16,-0.528217663600993,1.219062650217942e-17,4.998156865893562e-16,0.32687982370800184,1.082004916926409e-17,4.442078223409337e-16,-0.32687982370800184,1.082004916926409e-17,4.442078223409337e-16,,,,,,,-7.034029343128204,3.896559845095909e-18,5.1434589955266e-16
gold_fair_sweep,3e0884da9f26,IPWTransport,FeasibleRestricted,500,1000,20000,10,0.1,2.596799198341644,1.2012873124800298,2.3960864242962696,100,-0.02384665071096197,1.0626651435518688,0.050044961414124026,100,0.7526350562608279,0.6030217305979947,0.6200781562688384,100,-0.1097079764040714,0.9610718675887013,-0.010908009570755842,100,0.824917514917515,0.13701235459960842,0.857954855954856,100,0.6559771371371371,0.1464548212483259,0.6683823823823825,100,0.8356555094453109,0.13337016360077758,0.8685151435587959,100,0.8279337172418153,0.1547735571010373,0.8696873313150344,100,0.8264990855184522,0.1701338970559729,0.8697825439586124,100,0.8170070589113761,0.21814437124158415,0.8718293879965089,100,6.669349749636864,1.9337473750124103,6.901950738044857,100,5.354933379433595,1.7379564515339103,5.55163369615095,100,0.9360013638892947,0.14265252555022445,0.9535303915471518,100,0.0764584225711274,0.9482225440087498,0.04652907298261935,100,0.7160159838052641,0.19728569997265494,0.7549957053005907,100,0.8746367176288967,0.5859929546714967,0.7392056508043299,100,1.6330379198364888,1.1157593627106295,1.3820376313736769,100,1.4567958652403294,0.6378526977287039,1.3864220030036178,100,0.3548404049773001,0.3156882438041398,0.2522047216048451,100,0.9514323243431232,0.6027047556257907,0.915829275287567,100,0.22082620621855495,0.21447335709718274,0.1566923567819134,100,,,,0,,,,0,,,,0,,,,0,1.062806293964386,0.3566665793914928,1.006363868713379,100,-1.519012456142721,2.6346826245998054e-17,5.883643275654146e-16,-0.3349861297480127,0.03596011333236085,1.0,-0.47936486043258325,2.6499653532351637e-05,0.001536979904876395,-0.3349861297480127,0.03596011333236085,1.0,0.2787629770829771,6.504110965076778e-18,4.442078223409337e-16,0.27050134134134135,6.504110965076778e-18,4.442078223409337e-16,0.27346031662020354,6.504110965076778e-18,4.442078223409337e-16,0.26453654053091313,1.2938800168252932e-17,4.916744063936114e-16,0.2803876981973891,9.044445868078014e-18,4.442078223409337e-16,0.30035537160115394,8.777880718979924e-18,4.442078223409337e-16,2.0025285952890353,1.7939298766693858e-17,6.458147556009789e-16,1.6372920344205304,1.082004916926409e-17,4.442078223409337e-16,-0.03192393835767843,0.5091522042708133,1.0,0.323782254031216,0.04882002072628644,1.0,0.3902146500382899,6.12472726248735e-18,4.442078223409337e-16,-0.5440863916080658,2.081917811106984e-07,1.4781616458859587e-05,-1.0418598689478495,7.032818332192006e-09,4.149362815993283e-07,0.5282589347259569,1.1485179010089616e-17,4.823775184237639e-16,-0.5282589347259569,1.1485179010089616e-17,4.823775184237639e-16,0.3274584068841061,1.082004916926409e-17,4.442078223409337e-16,-0.3274584068841061,1.082004916926409e-17,4.442078223409337e-16,,,,,,,-9.769851467609406,3.896559845095909e-18,5.1434589955266e-16
gold_fair_sweep,3e0884da9f26,OutcomeModelTransport,FeasibleRestricted,500,1000,20000,10,0.1,2.5718486034000274,1.1940683260237703,2.3629360420541783,100,-0.017632826795593425,1.0618324559223882,0.016377942423238097,100,0.7435661046997362,0.5976727783771176,0.6015299152882665,100,-0.10349415248870283,0.9512459320301538,-0.057167538409872376,100,0.8282966543366544,0.1345262492336942,0.8625586965586967,100,0.660164884884885,0.14632046637792862,0.6780660660660661,100,0.8389039466118298,0.13063955502314192,0.8750607687259668,100,0.8321434726772062,0.1534801306037174,0.8732323433470459,100,0.829625282361489,0.1654612765157781,0.8750473817252943,100,0.8199919025674397,0.21679387244394932,0.8780063432871067,100,6.710922714161065,1.9459131308502169,6.9248209115931205,100,5.37866405762371,1.742707855541245,5.574056583787472,100,0.9413751075278395,0.14387253983716894,0.9639003719895445,100,0.06561587833157106,0.94041427154725,0.0544666004535151,100,0.7205098358243052,0.1965701899455397,0.769840903349243,100,0.8684930399617511,0.5803585515415267,0.7309001440208923,100,1.63977719940157,1.1058908749627536,1.436807708100975,100,1.466508540876163,0.6330124926796838,1.402508757894855,100,0.3451277293414664,0.3017865599074125,0.2480266825190074,100,0.9561784599811467,0.6007865708206255,0.911039355137445,100,0.21608007058053147,0.2053347274047127,0.1613178609495461,100,,,,0,,,,0,,,,0,,,,0,0.2208724856376648,0.11448225447848448,0.20534169673919678,100,-1.5439630510843378,1.690631665125153e-17,4.733768662350429e-16,-0.3287723058326442,0.03596011333236085,1.0,-0.4884338119936751,1.9512317174970406e-05,0.0011707390304982245,-0.3287723058326442,0.03596011333236085,1.0,0.2821421165021165,5.94331234302936e-18,4.442078223409337e-16,0.2746890890890891,5.94331234302936e-18,4.442078223409337e-16,0.27670875378672216,5.94331234302936e-18,4.442078223409337e-16,0.2687462959663041,9.893009181510365e-18,4.442078223409337e-16,0.28351389504042623,8.023842397878198e-18,4.442078223409337e-16,0.3033402152572175,7.78699366986276e-18,4.442078223409337e-16,2.0441015598132366,1.1832715745334615e-17,5.206394927947231e-16,1.6610227126106474,9.318997235593406e-18,4.442078223409337e-16,-0.02655019471913372,0.6623526798628128,1.0,0.3129397097916597,0.06483698513130025,1.0,0.3947085020573307,5.94331234302936e-18,4.442078223409337e-16,-0.5502300692752115,1.1900321659730327e-07,9.044244461395048e-06,-1.0351205893827689,5.496459893247866e-09,3.29787593594872e-07,0.5379716103617904,9.044445868078014e-18,4.442078223409337e-16,-0.5379716103617904,9.044445868078014e-18,4.442078223409337e-16,0.3322045425221296,9.318997235593406e-18,4.442078223409337e-16,-0.3322045425221296,9.318997235593406e-18,4.442078223409337e-16,,,,,,,-10.611785275936127,3.896559845095909e-18,5.1434589955266e-16
gold_fair_sweep,3e0884da9f26,ProposedA,OracleTargetTreated,500,1000,20000,10,0.1,3.2367020427857063,0.6308073447688191,3.2366083809423962,100,0.08985196118566563,1.290537175898499,0.08745573570132523,100,0.10852198473808478,0.07728873905344627,0.09781011865920664,100,0.003990635492556218,0.13361678088407866,-0.006183790295494689,100,0.7337144328344329,0.02776923500866143,0.735060951060951,100,0.5406565765765765,0.02562500979394195,0.5421001001001001,100,0.7491739576598981,0.026903844876269598,0.7509373683806753,100,0.7408544514471623,0.0657848335085414,0.754276310683268,100,0.7350932428384048,0.08401457322187374,0.7591551130770056,100,0.722186442228464,0.13806308066488754,0.7511083513540475,100,6.0456791569798,1.8282330878098099,6.094755106867948,100,4.837153657303224,1.6516486209235524,4.836047229186523,100,1.5024754296299778,0.19754763850582552,1.4686001008080858,100,-0.05322676837057365,0.7534906497993519,-0.043937461603687694,100,0.5578881356652708,0.03970641528075546,0.5607943123813194,100,0.9150074119992513,0.2863817109946901,0.861160088322785,100,2.3473017578194337,0.7146917296613214,2.240388087377621,100,1.3597350187961452,0.6672846703245393,1.2758549447625722,100,0.45190125142148363,0.10839566996741337,0.4571566993629413,100,0.8478763799170494,0.6201487331071286,0.7836756822196894,100,0.3243821506446289,0.08410198534182126,0.3193959167893744,100,0.002288231763977297,0.0012833184834917565,0.0019484781918434832,100,29.96,0.19694638556693236,30.0,100,,,,0,,,,0,24.0724396109581,1.6921918436230579,24.21616518497467,100,-0.8791096116986595,3.896559845095909e-18,4.442078223409337e-16,-0.22128751785138515,0.08558480118974492,1.0,-1.1234779319553265,8.267798584515514e-18,9.094578442967066e-16,-0.22128751785138515,0.08558480118974492,1.0,0.18755989499989498,4.9610417082651575e-18,4.442078223409337e-16,0.1551807807807808,4.9610417082651575e-18,4.442078223409337e-16,0.18697876483479067,4.9610417082651575e-18,4.442078223409337e-16,0.1774572747362603,7.117077537219983e-18,4.442078223409337e-16,0.18898185551734203,5.430296382634715e-18,4.442078223409337e-16,0.2055347549182417,5.112831740936498e-18,4.442078223409337e-16,1.378858002631972,6.504110965076778e-18,4.442078223409337e-16,1.1195123122901611,5.767203615817138e-18,4.442078223409337e-16,0.5345501273830049,3.097733124502193e-16,2.137435855906513e-14,0.19409706308951505,0.13295565246313223,1.0,0.23208680189829675,4.813701823147399e-18,4.442078223409337e-16,-0.5037156972377114,4.810833685355619e-07,3.271366906041821e-05,-0.32759603096490475,0.06335450012274496,1.0,0.43119808828177325,3.896559845095909e-18,4.442078223409337e-16,-0.4311980882817732,3.896559845095909e-18,4.442078223409337e-16,0.22390246245803222,5.767203615817138e-18,4.442078223409337e-16,-0.22390246245803222,5.767203615817138e-18,4.442078223409337e-16,0.002288231763977297,3.896559845095909e-18,1.9872455209989137e-16,29.96,9.519327856159151e-23,4.188504256710026e-21,13.239781849384308,3.896559845095909e-18,5.1434589955266e-16
gold_fair_sweep,3e0884da9f26,ProposedB_LinearStepB,OracleTargetTreated,500,1000,20000,10,0.1,3.23397934685668,0.6302652935090949,3.2387805039933397,100,0.0946710933682813,1.286205950324505,0.09593787419472044,100,0.10807207571941303,0.08011511493662879,0.09638484555105495,100,0.008809767675171916,0.134675850529584,0.006204517019801287,100,0.7345294977694976,0.02778011193075251,0.7388518448518449,100,0.5413985985985986,0.025699022529211933,0.5450330330330331,100,0.7499257877498995,0.02678554793171238,0.7526808461948706,100,0.7402309407170284,0.06925368729484002,0.747272817976459,100,0.7354806503622945,0.08960284215024432,0.7561374251650839,100,0.7230137912802904,0.13614161632284327,0.747769016127147,100,6.045899864299734,1.8418716972502385,6.138779080805632,100,4.84397875307061,1.6581355343503894,4.924440835495955,100,1.5010714327059218,0.1935517094208301,1.4663084421380583,100,-0.05660541478324056,0.7567308571908061,-0.05750071999993481,100,0.5586790980543526,0.04018368332894888,0.5594438118318696,100,0.9204488928230107,0.28245512196573286,0.8573974615939703,100,2.337434472892437,0.7120262202190271,2.1908500056928952,100,1.3614841553352865,0.6646872240841153,1.25586964952304,100,0.4501521148823426,0.10780850428931332,0.45352393694622606,100,0.8492413990705268,0.6180746006648699,0.7855059006441494,100,0.3230171314911516,0.082066181981163,0.3142731341004712,100,0.0028371284272185717,0.002408675676391668,0.0020955030018268506,100,29.98,0.14070529413628968,30.0,100,7.9123466719277715,1.8893713979802673,7.84238580299284,100,10.0,0.0,10.0,100,38.32622601032257,3.5352861031115332,38.060805797576904,100,-0.8818323076276846,3.896559845095909e-18,4.442078223409337e-16,-0.21646838566876953,0.09136948544321029,1.0,-1.1239278409739981,9.601770743442903e-18,1.0465930110352764e-15,-0.21646838566876944,0.09136948544321029,1.0,0.18837495993495995,5.112831740936498e-18,4.442078223409337e-16,0.1559228028028028,5.11254534956045e-18,4.442078223409337e-16,0.18773059492479205,4.9610417082651575e-18,4.442078223409337e-16,0.1768337640061264,6.906672275406012e-18,4.442078223409337e-16,0.1893692630412316,5.430296382634715e-18,4.442078223409337e-16,0.20636210397006832,4.531861061109546e-18,4.442078223409337e-16,1.3790787099519082,7.117077537219983e-18,4.442078223409337e-16,1.126337408057547,5.269204481546392e-18,4.442078223409337e-16,0.533146130458949,3.010681278678945e-16,2.1074768950752618e-14,0.1907184166768481,0.13295565246313223,1.0,0.2328777642873785,4.813701823147399e-18,4.442078223409337e-16,-0.4982742164139517,4.091460086977789e-07,2.8231074600146747e-05,-0.3374633158919012,0.05082332653297752,1.0,0.43294722482091424,3.896559845095909e-18,4.442078223409337e-16,-0.43294722482091424,3.896559845095909e-18,4.442078223409337e-16,0.22526748161150947,5.269204481546392e-18,4.442078223409337e-16,-0.22526748161150947,5.269204481546392e-18,4.442078223409337e-16,0.0028371284272185717,3.896559845095909e-18,1.9872455209989137e-16,29.98,3.9480880843572365e-23,1.8161205188043287e-21,27.49356824874878,3.896559845095909e-18,5.1434589955266e-16
gold_fair_sweep,3e0884da9f26,ProposedB_SourceDR,FeasibleRestricted,500,1000,20000,10,0.1,3.922137309949749,0.9114104001368608,3.8409424546064064,100,-0.05010904489866226,0.5769075205087789,0.00496454244801486,100,0.907901108911056,0.7193858435638443,0.8474957746197244,100,-0.13597037059177164,1.15388553687356,-0.18174644788926378,100,0.5667254916335162,0.10843721803267337,0.5794652254652255,100,0.40079730133443703,0.084014240120143,0.40793993993994,100,0.5831517431484269,0.10871695294405972,0.5951196343358838,100,0.5660735429652103,0.152156852452961,0.5849993401276938,100,0.5638604131414318,0.1771398035709041,0.6032470721967432,100,0.5426227234224663,0.26403965701098975,0.6075349901889093,100,4.639454520175098,1.7212387471532293,4.874147859533643,100,3.7564783747102073,1.5852372858020045,3.9651759709915986,100,1.256799169567462,0.24243269705970405,1.2611376612037957,100,0.14198300589734786,1.1317446720536135,0.15704495580713995,100,0.34791320348931587,0.11675678305624677,0.3489709437824571,100,1.1310977067102554,0.5869870263700614,1.0466866796235945,100,2.1681102787464144,0.8760783880752999,2.023332280955984,100,0.989275884326091,0.6431956571669545,0.9103475862947411,100,0.822360385891538,0.3430358508990251,0.7572401345664788,100,0.6317413233984461,0.6117405715682203,0.5530614630578682,100,0.540517207163232,0.21493775071936233,0.5075732926198612,100,0.002593123645365084,0.0023772565101680227,0.001645329169642417,100,29.81,0.44255913261233903,30.0,100,7.912346671927768,1.8893713979802653,7.842385802992844,100,10.0,0.0,10.0,100,42.291773052215575,5.363273865697251,41.417888879776,100,-0.19367434453461585,0.001523678631191219,0.013713107680720971,-0.36124852393571305,0.03136654424402608,1.0,-0.32409880778235534,0.008881939813201588,0.408569231407273,-0.36124852393571305,0.03136654424402608,1.0,0.02057095379897824,0.017835972921502692,0.14268778337202154,0.015321505538641231,0.021240745629242976,0.1699259650339438,0.020956550323319334,0.014638113950059876,0.117104911600479,0.0026763662543081495,0.6302567676905975,1.0,0.017749025820368886,0.12685646867814937,0.8879952807470456,0.025971036112244095,0.0550368421510019,0.4610892736365813,-0.02736663417272924,0.8071370593535689,1.0,0.038837029697144754,0.219641494682706,1.0,0.2888738673204891,2.8686882403111207e-11,1.2335359433337819e-09,0.38930683735743643,0.032464993179482454,1.0,0.022111869722341745,0.019384089495076966,0.1163045369704618,-0.2876254025267072,0.002905249833619979,0.05810499667239958,-0.5067875100379242,0.0031417119072237707,0.09739306912393689,0.06073895381171872,0.013301478357765004,0.11971330521988503,-0.06073895381171872,0.013301478357765004,0.11971330521988503,0.007767405939428984,0.219641494682706,1.0,-0.007767405939428987,0.219641494682706,1.0,0.002593123645365084,3.896559845095909e-18,1.9872455209989137e-16,29.81,7.204605399538916e-21,2.2132024600974415e-19,31.459115290641783,3.896559845095909e-18,5.1434589955266e-16
gold_fair_sweep,3e0884da9f26,ProxyOnly,FeasibleRestricted,500,1000,20000,10,0.1,4.115811654484364,0.8178596554511298,3.9996967755984585,100,0.3111394790370507,2.067179581390755,0.2800149301629195,100,1.2319999166934112,0.883457795630108,1.0865321612890688,100,0.22527815334394133,1.5041243797469075,0.4162564201475141,100,0.5461545378345378,0.11502065590376276,0.5571081171081171,100,0.38547579579579583,0.08786025211626186,0.39133333333333337,100,0.5621951928251074,0.11586712416572044,0.5766837537862697,100,0.5633971767109022,0.15477948831265786,0.5904933388879489,100,0.5461113873210628,0.21287566612885178,0.6051750436546242,100,0.5166516873102222,0.32398923574303373,0.5959824384189556,100,4.6668211543478275,1.8411335822291783,4.756646573750945,100,3.717641345013062,1.7200087717442558,3.8452067276458566,100,0.9679253022469732,0.3087247010413402,0.9358921867655909,100,-0.2473238314600887,1.587679435026361,-0.46124506933621445,100,0.3258013337669742,0.11651890150939612,0.32723086037328786,100,1.4187231092369625,0.7905787058303393,1.3286759479394807,100,2.674897788784338,1.3137254910114435,2.4810756690356124,100,0.9285369305143725,0.6818830234913389,0.8587755409026578,100,0.8830993397032568,0.28648191470549433,0.8694065403584172,100,0.6239739174590172,0.6134769572933018,0.5353201669570202,100,0.5482846131026611,0.19300466608983136,0.5296834620306259,100,0.0,0.0,0.0,100,0.0,0.0,0.0,100,,,,0,,,,0,10.832657761573792,1.1668064133776574,10.825324535369873,100,,,,,,,,,,,,,,,,,,,,,,,,,,,,,,,,,,,,,,,,,,,,,,,,,,,,,,,,,,,,,,,,,,,,,,,,
gold_fair_sweep,3e0884da9f26,TargetOnlyDR,OracleTargetTreated,500,1000,20000,10,0.1,3.2322340798505285,0.6137327751911905,3.234828710760406,100,0.08598031913667765,1.2946100813706602,0.11651822544640844,100,0.1247010792868772,0.08845146185799567,0.11188463740340304,100,0.00011899344356824992,0.1533984364743279,-0.01009740497732647,100,0.7361520564720565,0.030544181390839364,0.737961065961066,100,0.5436006806806808,0.028544481335315796,0.5438718718718718,100,0.7519374284914768,0.029464204846777083,0.7522998451107777,100,0.7470033740658423,0.06762144428729466,0.7583477531842041,100,0.7409474292566907,0.08718916011553826,0.7559287796997117,100,0.725581871560409,0.14137560650813305,0.7486977055963935,100,6.09877176549193,1.8295717297324794,6.088369766215738,100,4.880063610638527,1.678592381259732,4.876774348212141,100,1.51555233339278,0.22377905584770227,1.4678441980989352,100,-0.054151137898481465,0.8158627404984112,-0.06724868965924774,100,0.5612086138863842,0.04540284857250919,0.5601191630199849,100,0.9428408346217434,0.3048791369025113,0.8736886526857548,100,2.4069567825808864,0.7285358834174651,2.306004285755634,100,1.3667201277415224,0.6694345859862234,1.281253372469027,100,0.4449161424761067,0.11256345304168576,0.4354502621147812,100,0.85645837058411,0.6254552568828197,0.782570385354902,100,0.3158001599775682,0.07768346916548445,0.3091716330498361,100,0.0,0.0,0.0,100,0.0,0.0,0.0,100,,,,0,,,,0,25.59222658395767,2.7919908578071957,25.737894892692566,100,-0.8835775746338369,3.896559845095909e-18,4.442078223409337e-16,-0.2251591599003731,0.07833622768872563,1.0,-1.107298837406534,9.601770743442903e-18,1.0465930110352764e-15,-0.2251591599003731,0.07833622768872563,1.0,0.1899975186375186,5.269204481546392e-18,4.442078223409337e-16,0.15812488488488488,4.9610417082651575e-18,4.442078223409337e-16,0.18974223566636944,4.9610417082651575e-18,4.442078223409337e-16,0.18360619735494002,9.044445868078014e-18,4.442078223409337e-16,0.19483604193562803,6.702409068617996e-18,4.442078223409337e-16,0.20893018425018678,5.112831740936498e-18,4.442078223409337e-16,1.4319506111441016,8.519072542858556e-18,4.442078223409337e-16,1.162422265625464,6.12472726248735e-18,4.442078223409337e-16,0.5476270311458067,2.536781950250505e-16,1.8264830041803636e-14,0.1931726935616072,0.1294431942035884,1.0,0.23540728011940998,4.670683307897806e-18,4.442078223409337e-16,-0.47588227461521926,1.5076693657085663e-06,9.649083940534824e-05,-0.26794100620345174,0.13836211293602899,1.0,0.4381831972271501,3.896559845095909e-18,4.442078223409337e-16,-0.4381831972271501,3.896559845095909e-18,4.442078223409337e-16,0.23248445312509286,6.12472726248735e-18,4.442078223409337e-16,-0.23248445312509286,6.12472726248735e-18,4.442078223409337e-16,0.0,,,0.0,,,14.75956882238388,3.896559845095909e-18,5.1434589955266e-16
gold_fair_sweep,43cfa865ed52,AnchorOnly,OracleTargetTreated,500,100,20000,10,0.1,3.9147461039333127,0.9135592584443285,3.790623574040687,100,-0.2417883370390501,1.4268215478749042,-0.19147524123433335,100,0.27546662008810413,0.19325294014061636,0.24982465941181542,100,0.0010537512746098309,0.33762985571477183,0.07676374278942559,100,0.6155449417921873,0.07421320599460947,0.6196104856104856,100,0.4411707931731382,0.059299308648064306,0.44254654654654657,100,0.6320081561287516,0.07292894708395918,0.6371297160768234,100,0.5631875828678133,0.1290300778916763,0.5930900125758609,100,0.5911049659924248,0.12661919157111978,0.615672804898347,100,0.5884987412454625,0.16318988194612882,0.6336659224457328,100,4.370614120397815,1.5797347542739302,4.459604842920528,100,3.6844154651406984,1.491403821027806,3.7055072839622474,100,0.9895691756356391,0.3128145529430578,1.0028887890617526,100,-0.029052403574455966,0.5901508154199357,0.018280372123807204,100,0.289836765956656,0.12816621528009445,0.277277386242446,100,1.029822212519352,0.338201797147408,1.007551450200873,100,2.380462297644056,1.027828678875328,2.2353678343371834,100,1.1859668332117714,0.7683877336898676,1.2337718432972422,100,0.6698963943718382,0.24942116586850951,0.6338346733493216,100,0.8279319413764175,0.8060726816200192,0.8801330473092814,100,0.47728073653894576,0.1598820512265295,0.44270742387294276,100,0.0008179693178640016,0.0007753299059562029,0.0004683809385759686,100,14.4,0.5504818825631803,14.0,100,,,,0,,,,0,19.147353279590607,1.5671247095624126,18.96194016933441,100,0.10808476231307662,0.0016743796804899428,0.013713107680720971,-0.10437247329765724,0.26823314456410174,1.0,-0.39279804881451164,4.4045347744048177e-08,2.730811560130987e-06,-0.10437247329765724,0.26823314456410174,1.0,0.017056258703504294,0.45976137200079736,1.0,0.014089632011977016,0.28492594015284,1.0,0.017723344022874184,0.47238131655432447,1.0,-0.02682413501377464,0.034761014534853515,0.2085660872091211,0.014214749783990586,0.3237410722388395,1.0,0.031087256190226363,0.07717817232321368,0.4630690339392821,-0.2163822394602859,0.019206466168768747,0.11523879701261248,0.08424648983397075,0.3087995581123958,1.0,-0.5591051108194296,6.928021197254875e-17,5.403856533858802e-15,-0.05211909777363995,0.5845892174029008,1.0,-0.09397998545855916,2.35238545523914e-13,3.763816728382624e-12,-0.12197574731015019,0.022835774122669367,0.3653723859627099,-0.2097909738499545,0.04726549096365713,1.0,0.07343456496084148,0.007171580689875418,0.07171580689875419,-0.07343456496084146,0.007171580689875418,0.07171580689875419,0.016849297966794147,0.3087995581123958,1.0,-0.016849297966794147,0.3087995581123958,1.0,0.0008179693178640016,3.896559845095909e-18,1.9872455209989137e-16,14.4,3.6627999486118795e-19,6.5930399075013835e-18,7.949245662689209,3.896559845095909e-18,5.1434589955266e-16
gold_fair_sweep,43cfa865ed52,AnchorPlugin,FeasibleRestricted,500,100,20000,10,0.1,2.975257161581709,0.90319519226527,2.8321342702216894,100,-0.11813753549312297,1.0957475741958507,-0.14528831638528675,100,0.644339756472927,0.5895745061944099,0.4808320061048489,100,0.12470455282053697,0.8667509362575226,0.11163497266954765,100,0.7550790104790107,0.11579217479513805,0.7894425154425155,100,0.5688315115115116,0.10658567607897394,0.5938318318318319,100,0.7690170025537665,0.11254487040243438,0.8031016266344257,100,0.7562621126087802,0.1113431105164103,0.788415679752563,100,0.7488023971481458,0.12032552394161493,0.784156032639926,100,0.7398268947952696,0.13693036416655197,0.7731387439532273,100,5.809906960552082,1.7664392322319253,5.5177372451609905,100,4.577174497750099,1.6476903142355173,4.39209934375783,100,1.0172061092065972,0.14263190665401088,1.0235276035165652,100,-0.11242223795793581,0.8781059832489189,-0.12155352449993881,100,0.6020880686943323,0.15661517108436127,0.6421947638459098,100,0.7709451747721332,0.541543731032455,0.6088070493605128,100,1.3959822620795272,0.7901340921305207,1.244784807089239,100,1.4154055006071544,0.8333412081770805,1.4722827885702108,100,0.44045772697645547,0.27410197011305576,0.3588281840763592,100,1.006483747898298,0.8292191036586493,1.0274965753346708,100,0.29872893001706574,0.1692414827253752,0.24955177355163738,100,0.0029372734469478106,0.0026329647533972806,0.002129124900572644,100,29.79,0.49838121792844314,30.0,100,,,,0,,,,0,9.05148761987686,0.9681952384597923,8.967534184455872,100,-0.8314041800385271,4.9610417082651575e-18,4.442078223409337e-16,0.019278328248269905,0.44323228641200085,1.0,-0.02392491242968862,0.04249786023307309,1.0,0.019278328248269902,0.44323228641200085,1.0,0.1565903273903274,3.896559845095909e-18,4.442078223409337e-16,0.14175035035035033,3.896559845095909e-18,4.442078223409337e-16,0.1547321904478891,3.896559845095909e-18,4.442078223409337e-16,0.16625039472719222,3.896559845095909e-18,4.442078223409337e-16,0.17191218093971172,3.896559845095909e-18,4.442078223409337e-16,0.18241540974003367,3.896559845095909e-18,4.442078223409337e-16,1.222910600693981,3.896559845095909e-18,4.442078223409337e-16,0.9770055224433714,3.896559845095909e-18,4.442078223409337e-16,-0.5314681772484715,4.3971135541818935e-18,4.442078223409337e-16,-0.13548893215711977,0.11531352011465917,1.0,0.21827131727911714,3.896559845095909e-18,4.442078223409337e-16,-0.3808527850573688,1.952606787793338e-14,1.7768721768919377e-12,-1.1942710094144828,9.190398504353317e-15,8.363262638961518e-13,0.30287323235622426,4.0161556854627e-18,4.442078223409337e-16,-0.30287323235622426,4.0161556854627e-18,4.442078223409337e-16,0.19540110448867426,3.896559845095909e-18,4.442078223409337e-16,-0.19540110448867426,3.896559845095909e-18,4.442078223409337e-16,0.0029372734469478106,3.896559845095909e-18,1.9872455209989137e-16,29.79,7.308281495125331e-21,2.2132024600974415e-19,-2.146619997024536,1.662711556005802e-14,9.455005096089952e-14
gold_fair_sweep,43cfa865ed52,DRLearner_PooledNoSite,OracleTargetTreated,500,100,20000,10,0.1,2.4906686745154216,1.0703190558736932,2.250356672196344,100,-0.058890555911326255,1.1261810973325799,-0.14079481603472768,100,0.7105945543068267,0.5166236717339934,0.5871341513346369,100,0.18395153240233367,0.8618382235589093,0.21640601067401938,100,0.8317983273183275,0.12483127639566713,0.859911541911542,100,0.6629943543543546,0.14110100114410512,0.6730810810810811,100,0.8429340604853579,0.11941178846413018,0.8716038159546176,100,0.8349547284172939,0.12390077673518293,0.8834720302427925,100,0.8324827966414913,0.12846817193118998,0.8785611440106871,100,0.8260802076767768,0.13604936837305762,0.8823448167848231,100,6.370103700821481,1.7899938576809769,6.360454113393963,100,5.03946145518809,1.653695999547677,4.930990753298623,100,0.9636392675781431,0.12929700235109795,0.9702000851931024,100,-0.18038444870177078,0.8739935328083208,-0.18188060877502812,100,0.7246284921878735,0.18811932389959168,0.7651662910751671,100,0.8186678495392894,0.47842934932044556,0.7055864450403908,100,1.5058507056683643,0.8396232952615331,1.296229630892216,100,1.5308149127734945,0.826350632467313,1.5700899451350385,100,0.3250483148101155,0.2625974393001226,0.2505591214329237,100,1.098941139385896,0.8339937624162214,1.1578789283454654,100,0.20627153852946745,0.1782558283268613,0.15231176884745845,100,,,,0,,,,0,,,,0,,,,0,0.6286205840110779,0.2669241012416438,0.6347049474716187,100,-1.3159926671048146,5.269204481546392e-18,4.442078223409337e-16,0.07852530783006662,0.32038068918795515,1.0,0.04232988540421092,0.4210690066046685,1.0,0.0785253078300666,0.32038068918795515,1.0,0.2333096442296442,3.896559845095909e-18,4.442078223409337e-16,0.23591319319319318,3.896559845095909e-18,4.442078223409337e-16,0.22864924837948045,3.896559845095909e-18,4.442078223409337e-16,0.24494301053570594,5.269204481546392e-18,4.442078223409337e-16,0.25559258043305716,4.3971135541818935e-18,4.442078223409337e-16,0.2686687226215408,4.2663227307182344e-18,4.442078223409337e-16,1.7831073409633822,6.12472726248735e-18,4.442078223409337e-16,1.4392924798813624,4.3971135541818935e-18,4.442078223409337e-16,-0.5850350188769254,4.2663227307182344e-18,4.442078223409337e-16,-0.20345114290095473,0.15360733419330938,1.0,0.3408117407726583,3.896559845095909e-18,4.442078223409337e-16,-0.3331301102902128,2.3686273843043898e-07,1.658039169013073e-05,-1.0844025658256455,2.737619693021244e-11,2.1353433605565704e-09,0.41828264452256425,4.670683307897806e-18,4.442078223409337e-16,-0.41828264452256425,4.670683307897806e-18,4.442078223409337e-16,0.28785849597627255,4.3971135541818935e-18,4.442078223409337e-16,-0.28785849597627255,4.3971135541818935e-18,4.442078223409337e-16,,,,,,,-10.56948703289032,3.896559845095909e-18,5.1434589955266e-16
gold_fair_sweep,43cfa865ed52,DRLearner_PooledWithSite,OracleTargetTreated,500,100,20000,10,0.1,2.4532569003816964,1.0449350294052084,2.2251107102947287,100,-0.06447328002453687,1.1210482478617598,-0.17506036894334487,100,0.6943782403682824,0.5034932531712347,0.5690010464498525,100,0.17836880828912302,0.8416650827201021,0.2124865466677479,100,0.8370352800352802,0.12068082119925776,0.8660239520239521,100,0.6684672272272273,0.13799158133533132,0.6806966966966967,100,0.8480015502107754,0.11525011341464544,0.8779140297377183,100,0.8400205336783373,0.11994041858073205,0.8863038507279989,100,0.8378879872069278,0.12436069397033538,0.8832327421419128,100,0.8316179581520626,0.13114047442883373,0.8835157315138574,100,6.411646689996015,1.7904656580792602,6.40581797720896,100,5.074847186422739,1.655418561665676,4.924026494705442,100,0.9707964856689034,0.12784645334584857,0.9757750857976071,100,-0.17477615770279847,0.8550323077313041,-0.1519775994219144,100,0.7322614131330804,0.18306728656648405,0.7736094721544575,100,0.8011634132911435,0.46470679816009874,0.6740929511830696,100,1.4705326111719992,0.8146805005185981,1.2642366999465722,100,1.5436318338826736,0.8197997493092378,1.5754980643566123,100,0.31223139370093633,0.24723022885873566,0.24208908846642685,100,1.106018285632826,0.8332377830661201,1.1615555793635528,100,0.1991943922825376,0.17125456545588394,0.14559852600390566,100,,,,0,,,,0,,,,0,,,,0,1.2689317131042481,0.47761153280676544,1.3233168125152588,100,-1.3534044412385395,4.3971135541818935e-18,4.442078223409337e-16,0.07294258371685598,0.36402735891799287,1.0,0.026113571465666886,0.5822288568473547,1.0,0.07294258371685597,0.36402735891799287,1.0,0.23854659694659702,3.896559845095909e-18,4.442078223409337e-16,0.24138606606606608,3.896559845095909e-18,4.442078223409337e-16,0.2337167381048982,3.896559845095909e-18,4.442078223409337e-16,0.2500088157967493,4.813701823147399e-18,4.442078223409337e-16,0.26099777099849386,4.139373908714419e-18,4.442078223409337e-16,0.2742064730968266,4.139373908714419e-18,4.442078223409337e-16,1.8246503301379136,5.269204481546392e-18,4.442078223409337e-16,1.4746782111160115,4.139373908714419e-18,4.442078223409337e-16,-0.5778778007861652,4.670683307897806e-18,4.442078223409337e-16,-0.1978428519019824,0.17441979998997525,1.0,0.34844466171786515,3.896559845095909e-18,4.442078223409337e-16,-0.35063454653835874,8.30615910994768e-08,6.395742514659714e-06,-1.119720660322011,1.0389070469371612e-11,8.207365670803574e-10,0.43109956563174345,4.2663227307182344e-18,4.442078223409337e-16,-0.43109956563174345,4.2663227307182344e-18,4.442078223409337e-16,0.29493564222320234,4.139373908714419e-18,4.442078223409337e-16,-0.29493564222320234,4.139373908714419e-18,4.442078223409337e-16,,,,,,,-9.92917590379715,3.896559845095909e-18,5.1434589955266e-16
gold_fair_sweep,43cfa865ed52,EntropyBalancing,FeasibleRestricted,500,100,20000,10,0.1,2.5646981862652596,1.0553406707794335,2.3401728496128076,100,-0.0508595219763782,1.1343130328602327,-0.15279446108144856,100,0.7637725078301346,0.5610805640055736,0.5973091018911378,100,0.19198256633728172,0.9310331088360598,0.19636578373393795,100,0.8264615358215359,0.12388058872327247,0.8578027378027379,100,0.6553188388388388,0.1378188657399315,0.6714594594594595,100,0.8379634371584278,0.11853321452662594,0.8688787792757354,100,0.8291821843893236,0.12464861114051047,0.8699580907374537,100,0.8271408170957321,0.12623602348045806,0.869638383029219,100,0.8185759391112402,0.1387602735540599,0.8672965311514451,100,6.330248352275199,1.7863837157093712,6.404535818886048,100,5.015779040341325,1.6504046445873721,4.8989593128121465,100,0.956048440926923,0.13067065443775958,0.9635545602556674,100,-0.1945240648092491,0.9315123840296692,-0.20442620230116643,100,0.7160204050036999,0.18569004149206064,0.7546268903400153,100,0.8706681001856302,0.5177758826218104,0.7071205842002458,100,1.5777808433784923,0.875488198022798,1.35871980630591,100,1.5172600366530689,0.8218256072200547,1.5407998564345307,100,0.33860319093054103,0.2642391940492752,0.2682236672477366,100,1.0942046564165433,0.8277902267741086,1.1547023324940544,100,0.2110080214988204,0.17294409190053353,0.1589416906630885,100,,,,0,,,,0,,,,0,,,,0,4.050097136497498,1.05004779293782,4.0849820375442505,100,-1.2419631553549768,6.311606041551026e-18,4.442078223409337e-16,0.08655634176501463,0.2895979344328722,1.0,0.09550783892751906,0.12600322563335334,1.0,0.08655634176501464,0.2895979344328722,1.0,0.22797285273285275,4.0161556854627e-18,4.442078223409337e-16,0.2282376776776777,3.896559845095909e-18,4.442078223409337e-16,0.2236786250525503,4.0161556854627e-18,4.442078223409337e-16,0.23917046650773577,4.9610417082651575e-18,4.442078223409337e-16,0.2502506008872982,4.139373908714419e-18,4.442078223409337e-16,0.261164454056004,4.2663227307182344e-18,4.442078223409337e-16,1.743251992417099,5.430296382634715e-18,4.442078223409337e-16,1.4156100650345982,4.139373908714419e-18,4.442078223409337e-16,-0.5926258455281458,4.2663227307182344e-18,4.442078223409337e-16,-0.2175907590084331,0.13473933100822336,1.0,0.3322036535884845,3.896559845095909e-18,4.442078223409337e-16,-0.2811298596438718,2.531779089977173e-05,0.0013418429176879016,-1.0124724281155175,2.5640148638462555e-10,1.7178899587769912e-08,0.40472776840213875,5.596247901468035e-18,4.442078223409337e-16,-0.40472776840213875,5.596247901468035e-18,4.442078223409337e-16,0.2831220130069196,4.139373908714419e-18,4.442078223409337e-16,-0.2831220130069196,4.139373908714419e-18,4.442078223409337e-16,,,,,,,-7.1480104804039,3.896559845095909e-18,5.1434589955266e-16
gold_fair_sweep,43cfa865ed52,IPWTransport,FeasibleRestricted,500,100,20000,10,0.1,2.562103587599229,1.0579662930749771,2.3370857664769646,100,-0.05297662777740952,1.134744857574349,-0.15531664125556446,100,0.7646475043171671,0.5635701939169456,0.5991855105242875,100,0.18986546053625045,0.9336969868340192,0.19848246128884894,100,0.8267890862290862,0.12439725785189329,0.8586625086625086,100,0.6558675475475476,0.13835687856707002,0.6726306306306307,100,0.8382510258246865,0.11905262749235827,0.8697111514631706,100,0.8298069272570848,0.12502272330549755,0.8679478044665798,100,0.8277486165610404,0.1259020308305942,0.8718836627534723,100,0.8188982282095781,0.13907303932038073,0.8723763763559724,100,6.335290266977332,1.7885352972630932,6.386864534637031,100,5.01845480429209,1.6501562846946465,4.862831070234854,100,0.9565702780655525,0.1307632766279231,0.9626705036094845,100,-0.19193147119806503,0.934477208439712,-0.20036593268051728,100,0.7166418349539961,0.18640037032133536,0.7562055020861493,100,0.8697556442181749,0.5211605671388115,0.7034852555604127,100,1.5840903831043835,0.8753724385637268,1.3878256568295935,100,1.5168735246609173,0.8237663830891021,1.544222964905213,100,0.33898970292269276,0.2657223484791699,0.2616524704650677,100,1.094739809206696,0.8282735078178705,1.1539457333555436,100,0.21047286870866752,0.17281176909782173,0.1565603012946407,100,,,,0,,,,0,,,,0,,,,0,1.1175121569633484,0.3070163085296125,1.1098642349243164,100,-1.2445577540210073,6.311606041551026e-18,4.442078223409337e-16,0.08443923596398331,0.2959070922839476,1.0,0.09638283541455137,0.12097730974828982,1.0,0.08443923596398331,0.2959070922839476,1.0,0.2283004031404032,4.0161556854627e-18,4.442078223409337e-16,0.22878638638638646,3.896559845095909e-18,4.442078223409337e-16,0.2239662137188091,4.0161556854627e-18,4.442078223409337e-16,0.23979520937549698,5.112831740936498e-18,4.442078223409337e-16,0.25085840035260626,4.139373908714419e-18,4.442078223409337e-16,0.26148674315434195,4.3971135541818935e-18,4.442078223409337e-16,1.748293907119232,5.430296382634715e-18,4.442078223409337e-16,1.4182858289853622,4.139373908714419e-18,4.442078223409337e-16,-0.5921040083895164,4.2663227307182344e-18,4.442078223409337e-16,-0.21499816539724903,0.15261856038263152,1.0,0.3328250835387809,3.896559845095909e-18,4.442078223409337e-16,-0.2820423156113273,2.609998830036022e-05,0.0013418429176879016,-1.0061628883896268,2.865466357096198e-10,1.8912077956834906e-08,0.404341256409987,5.767203615817138e-18,4.442078223409337e-16,-0.404341256409987,5.767203615817138e-18,4.442078223409337e-16,0.28365716579707245,4.139373908714419e-18,4.442078223409337e-16,-0.28365716579707245,4.139373908714419e-18,4.442078223409337e-16,,,,,,,-10.08059545993805,3.896559845095909e-18,5.1434589955266e-16
gold_fair_sweep,43cfa865ed52,OutcomeModelTransport,FeasibleRestricted,500,100,20000,10,0.1,2.546350199138028,1.0787613506436533,2.295488678910266,100,-0.043392998417947,1.1291653389958525,-0.13217707147599633,100,0.7631481819880169,0.5544184419990433,0.6256673453011166,100,0.19944908989571297,0.9249194444594289,0.21780483189659416,100,0.8269647958047959,0.1278997782254828,0.8560148260148261,100,0.6576274274274273,0.1428698953422747,0.6693113113113114,100,0.8382646588448551,0.12252502525761856,0.8687257793158627,100,0.829687305516179,0.1271405803912347,0.8760091342363895,100,0.8266679863894646,0.13237879036185915,0.8745824637714279,100,0.8204399713845517,0.1401112620460487,0.8759707027510563,100,6.3283062438450335,1.7901770970926014,6.343187223997614,100,5.006212161139645,1.6601202717057542,4.889409880354637,100,0.9577058634020051,0.13230113005346594,0.9648824384049546,100,-0.1959343734126375,0.9305379731054289,-0.19349790011560863,100,0.7175284294185437,0.191627351057746,0.7591957087124448,100,0.8708912216479934,0.5139209726877882,0.7362223500658396,100,1.5791844654559841,0.8863312740905006,1.3342270228031285,100,1.517222535966194,0.8266998976556132,1.5534230607520523,100,0.33864069161741556,0.2709053288636669,0.2725181558046047,100,1.092291280576207,0.8353523786767258,1.1529040214167856,100,0.2129213973391565,0.18243662513195572,0.15872894219549533,100,,,,0,,,,0,,,,0,,,,0,0.24639018535614013,0.11118186871471315,0.24437332153320312,100,-1.2603111424822075,6.504110965076778e-18,4.442078223409337e-16,0.09402286532344588,0.24938731137746817,1.0,0.09488351308540112,0.12515445955953292,1.0,0.09402286532344585,0.24938731137746817,1.0,0.22847611271611273,4.0161556854627e-18,4.442078223409337e-16,0.2305462662662662,4.0161556854627e-18,4.442078223409337e-16,0.22397984673897775,4.0161556854627e-18,4.442078223409337e-16,0.23967558763459107,5.94331234302936e-18,4.442078223409337e-16,0.24977777018103076,4.531861061109546e-18,4.442078223409337e-16,0.2630284863293155,4.3971135541818935e-18,4.442078223409337e-16,1.7413098839869314,7.117077537219983e-18,4.442078223409337e-16,1.4060431858329172,4.9610417082651575e-18,4.442078223409337e-16,-0.5909684230530635,4.2663227307182344e-18,4.442078223409337e-16,-0.2190010676118215,0.13384519328331276,1.0,0.33371167800332857,4.0161556854627e-18,4.442078223409337e-16,-0.28090673818150874,1.6457288122856623e-05,0.0008886935586342576,-1.0110688060380257,2.2936133911529331e-10,1.5596571059839946e-08,0.40469026771526406,5.767203615817138e-18,4.442078223409337e-16,-0.40469026771526406,5.767203615817138e-18,4.442078223409337e-16,0.2812086371665835,4.9610417082651575e-18,4.442078223409337e-16,-0.2812086371665835,4.9610417082651575e-18,4.442078223409337e-16,,,,,,,-10.951717431545257,3.896559845095909e-18,5.1434589955266e-16
gold_fair_sweep,43cfa865ed52,ProposedA,OracleTargetTreated,500,100,20000,10,0.1,3.223084676958595,0.5773602111037109,3.1286759592287146,100,-0.25582854504707925,1.3996898645841236,-0.3008695875911471,100,0.14738957624291024,0.11631119726492448,0.1471262741338708,100,-0.012986456733419274,0.18788576690031916,0.0037390655782840176,100,0.7387443437043438,0.03550550902155645,0.7412322752322753,100,0.5460055255255256,0.03245840062878052,0.5474614614614615,100,0.7540186420268483,0.03330671686173757,0.7564418180935011,100,0.7335768346941899,0.06605639171292411,0.7421756730181619,100,0.724691239908244,0.08731828869639666,0.7399244388824064,100,0.7105857817295663,0.11820990281503849,0.7306208695320988,100,5.704726397477705,1.7743545573778354,5.57677590696103,100,4.507493293987373,1.6622365599552882,4.538795897585828,100,1.5164258309954506,0.23593063571721004,1.5405067287407403,100,0.10744901399067139,0.9659158732672428,0.1416905809982636,100,0.5591177274045027,0.05160953070032827,0.5596601386310244,100,0.9902468015255955,0.31908751030399324,0.9482982059087173,100,2.4999304599016217,0.8596691593155319,2.4785330107272117,100,1.4046498350713024,0.7494337543706756,1.4428588372979876,100,0.4512133925123075,0.10439306564615806,0.43594498875163346,100,0.9925475071457529,0.7944630548554129,1.0246215154903235,100,0.3126651707696108,0.07497945181649164,0.2975918680110855,100,0.008067859527996761,0.004560251602873552,0.007537850686354101,100,29.44,0.6863753427324668,30.0,100,,,,0,,,,0,23.128543722629548,1.9491977881922944,23.400521159172058,100,-0.5835766646616406,3.896559845095909e-18,4.442078223409337e-16,-0.11841268130568634,0.19136101989144993,1.0,-0.5208750926597054,9.035425550265615e-14,7.318694695715148e-12,-0.11841268130568634,0.19136101989144993,1.0,0.14025566061566067,1.903450784800175e-17,4.442078223409337e-16,0.11892436436436435,1.2938800168252932e-17,4.442078223409337e-16,0.1397338299209708,1.5465938818405608e-17,4.442078223409337e-16,0.1435651168126018,1.8478899002670448e-17,6.467614650934657e-16,0.14780102369981013,2.4114800543560524e-17,6.028700135890131e-16,0.15317429667433025,1.9605090823255597e-16,3.9210181646511195e-15,1.1177300376196027,2.4114800543560524e-17,8.440180190246184e-16,0.9073243186806456,1.5013268321137124e-17,4.442078223409337e-16,-0.03224845545961816,0.35501304550262447,1.0,0.08438231979148743,0.42305657051311696,1.0,0.17530097598928754,1.5013268321137124e-17,4.442078223409337e-16,-0.16155115830390662,0.00037765161765309854,0.010196593676633661,-0.09032281159238799,0.4473324208168965,1.0,0.29211756682037227,1.9605090823255597e-16,3.9210181646511195e-15,-0.29211756682037227,1.9605090823255597e-16,3.9210181646511195e-15,0.18146486373612916,1.5013268321137124e-17,4.442078223409337e-16,-0.18146486373612916,1.5013268321137124e-17,4.442078223409337e-16,0.008067859527996761,3.896559845095909e-18,1.9872455209989137e-16,29.44,4.936226141318768e-19,7.404339211978152e-18,11.93043610572815,3.896559845095909e-18,5.1434589955266e-16
gold_fair_sweep,43cfa865ed52,ProposedB_LinearStepB,OracleTargetTreated,500,100,20000,10,0.1,3.301217716859128,0.5909381212974923,3.196026830160731,100,-0.24329723147906787,1.3861627934844714,-0.17991836731253297,100,0.17512225731358505,0.1430562702468447,0.15478361540386812,100,-0.00045514316540792686,0.22680932084884098,0.01251972396811174,100,0.7187867791067791,0.04315014183171834,0.722950556950557,100,0.5282772772772774,0.03812874106154669,0.5286226226226226,100,0.7343940656461525,0.041522835986506544,0.7367020888196938,100,0.7030940131068553,0.09018131318019458,0.7253178150521882,100,0.7019157862810824,0.0970406311018799,0.7161384557962958,100,0.6881387914876638,0.1321238256664435,0.7199334907684818,100,5.477348351779373,1.7717330886211393,5.478591137881599,100,4.374433470365444,1.6422319977489641,4.402390951222273,100,1.433734855413432,0.2447695647026329,1.4459530437641577,100,0.0843281384990427,0.8289624481320336,0.10018177386993223,100,0.518377338785194,0.07829817322623987,0.5304458727431189,100,0.9499935385560971,0.32045151467302596,0.9564607794059798,100,2.3326615714710446,0.7847834097275713,2.23904956855565,100,1.379454411737966,0.7633958288077676,1.3979366479919955,100,0.4764088158456436,0.12125413966273617,0.45224463445845087,100,0.965935542421367,0.799636778436854,0.9674430385305371,100,0.3392771354939964,0.08799138694209248,0.3140104076797263,100,0.003265218339065809,0.002821747583462215,0.002422369884589575,100,29.99,0.09999999999999998,30.0,100,8.251932461957175,1.9954402597129708,8.415839856973724,100,10.0,0.0,10.0,100,37.18380698204041,3.5099683710015532,36.90603590011597,100,-0.5054436247611085,1.5932071996658114e-17,4.620300879030853e-16,-0.10588136773767498,0.3071679920485064,1.0,-0.4931424115890306,6.1276544714416764e-12,4.35063467472359e-10,-0.10588136773767498,0.3071679920485064,1.0,0.12029809601809603,6.658387362535723e-16,1.1319258516310728e-14,0.10119611611611612,4.235271113204814e-16,7.199960892448183e-15,0.12010925354027513,7.044317414078138e-16,1.1975339603932834e-14,0.1130822952252675,7.080559838466176e-12,1.1328895741545882e-10,0.12502557007264847,7.199382493919608e-15,1.2238950239663333e-13,0.1307273064324276,1.270816126860476e-14,2.1603874156628094e-13,0.8903519919212717,4.36634340924843e-12,6.986149454797488e-11,0.7742644950587173,6.63525871478931e-15,1.1279939815141827e-13,-0.11493943104163706,0.005583470492122405,0.09491899836608089,0.06126144429985872,0.6598606407090197,1.0,0.13456058736997878,2.7431230839112666e-13,4.1146846258669e-12,-0.20180442127340495,6.0954018307393815e-05,0.0024991147506031462,-0.2575917000229653,0.022835774122669367,0.6622374495574117,0.26692214348703613,1.9809780081603543e-15,3.565760414688638e-14,-0.26692214348703613,1.9809780081603543e-15,3.565760414688638e-14,0.15485289901174346,6.63525871478931e-15,1.1279939815141827e-13,-0.15485289901174346,6.63525871478931e-15,1.1279939815141827e-13,0.003265218339065809,3.896559845095909e-18,1.9872455209989137e-16,29.99,2.4759849062268662e-23,1.237992453113433e-21,25.98569936513901,3.896559845095909e-18,5.1434589955266e-16
gold_fair_sweep,43cfa865ed52,ProposedB_SourceDR,FeasibleRestricted,500,100,20000,10,0.1,3.8632885003098836,0.8192755373919375,3.7269647508469883,100,-0.05531144131742291,0.5715596083800043,-0.03867856980813896,100,0.9888051818014096,0.6881530048070351,0.8711576442330597,100,0.18753064699623703,1.1940030947793308,0.29031745832365785,100,0.5788410128985667,0.10499091860489425,0.6034736254736255,100,0.4103662124653495,0.08230991239391372,0.4266778907228743,100,0.596031195585328,0.1045471075070979,0.6196283911328954,100,0.5635601341103318,0.13496436506432502,0.6025375651067102,100,0.5513730571335229,0.15424726783409018,0.5803333549456177,100,0.5316542877752892,0.1981353938080699,0.5745403236648083,100,4.382907889998856,1.6439042291644517,4.273268472249716,100,3.460011042773604,1.5604475941286051,3.3283440251294776,100,1.2810818239604223,0.2274795483337629,1.2843149755870575,100,-0.17158760941405085,1.1986716602297216,-0.25546619657887626,100,0.3622689643690652,0.11661729721887312,0.37943464448290576,100,1.1535619933450565,0.5914363347881769,1.0239401619178232,100,2.269646818637942,0.9072138137374038,2.230204931736497,100,1.069041820581958,0.7798532985695311,1.1152283909427343,100,0.7868214070016515,0.2817448757114482,0.7380820535401141,100,0.7830510569029989,0.8202353522299773,0.8159211016293619,100,0.5221616210123646,0.19101087676131404,0.48245888871042725,100,0.0029086932004501846,0.0025612149909029123,0.002034659466442358,100,29.79,0.47768380565162366,30.0,100,8.251932461957175,1.9954402597129701,8.415839856973772,100,10.0,0.0,10.0,100,42.5476203417778,4.7673383487761605,42.28194832801819,100,0.056627158689647544,0.17661162784567375,1.0,0.08210442242396995,0.4250496167958784,1.0,0.32054051289879415,0.00010967973695762148,0.006142065269626803,0.08210442242396995,0.4250496167958784,1.0,-0.019647670190116536,0.0063328576554429975,0.056995718898986976,-0.016714948695811683,0.004003600734826465,0.036032406613438185,-0.018253616520549455,0.010840500124470522,0.0975645011202347,-0.02645158377125621,0.0035882251228733166,0.03588225122873317,-0.025517159074911082,0.006602072935193469,0.06602072935193469,-0.025757197279946898,0.014499318987456775,0.14499318987456775,-0.20408846985924478,0.005524786781215275,0.04972308103093748,-0.14015793253312342,0.012073897894067653,0.12073897894067653,-0.26759246249464647,4.338759045761872e-13,2.3429298847114107e-11,-0.19465430361323485,0.2990959214526674,1.0,-0.02154778704614995,0.010115174724622072,0.0708062230723545,0.0017640335155544994,0.5681610364103444,1.0,-0.32060645285606776,0.0016743796804899428,0.05358014977567817,-0.04349044766897178,0.032744699137085366,0.1964681948225122,0.04349044766897178,0.032744699137085366,0.1964681948225122,-0.028031586506624687,0.012073897894067653,0.12073897894067653,0.028031586506624687,0.012073897894067653,0.12073897894067653,0.0029086932004501846,3.896559845095909e-18,1.9872455209989137e-16,29.79,9.328515169604613e-21,2.6119842474892917e-19,31.349512724876405,3.896559845095909e-18,5.1434589955266e-16
gold_fair_sweep,43cfa865ed52,ProxyOnly,FeasibleRestricted,500,100,20000,10,0.1,3.8066613416202357,0.8284095796329274,3.683222063817244,100,-0.13741586374139286,1.220163441059374,-0.2305240313712392,100,0.6682646689026154,0.6249680120858466,0.49472390361753416,100,0.10542622457226708,0.9112884345555676,0.0772957005988757,100,0.5984886830886831,0.11541087825198895,0.6192055512055512,100,0.42708116116116124,0.09079083561232999,0.4429189189189189,100,0.6142848121058775,0.11528517554043853,0.6412011805270172,100,0.5900117178815879,0.1406930255111702,0.6273200230790785,100,0.5768902162084341,0.15265100471244983,0.612741190717364,100,0.5574114850552361,0.19086470867691824,0.5927413930801937,100,4.586996359858101,1.7660675287201564,4.327623952593374,100,3.600168975306728,1.624126961661322,3.435081139915725,100,1.5486742864550689,0.36589072533827527,1.5098618791514975,100,0.023066694199183977,1.2653691603255641,0.06783132019832282,100,0.3838167514152151,0.12722922453408472,0.4071149125149664,100,1.151797959829502,0.49099602834749445,1.105748479022129,100,2.59025327149401,1.02915724835071,2.4122934844196235,100,1.1125322682509298,0.8475024706929207,1.2109707252503639,100,0.74333095933268,0.3425457851608046,0.6785030220545768,100,0.8110826434096238,0.8187808788656088,0.8198314778992204,100,0.49413003450573995,0.19594202178978817,0.44965405193402985,100,0.0,0.0,0.0,100,0.0,0.0,0.0,100,,,,0,,,,0,11.198107616901398,1.551986335709277,11.088032364845276,100,,,,,,,,,,,,,,,,,,,,,,,,,,,,,,,,,,,,,,,,,,,,,,,,,,,,,,,,,,,,,,,,,,,,,,,,
gold_fair_sweep,43cfa865ed52,TargetOnlyDR,OracleTargetTreated,500,100,20000,10,0.1,3.9178974232230717,0.861347925621861,3.752508665753986,100,-0.27356211180788864,1.4143284228447843,-0.3076107960889876,100,0.23651534513993216,0.19063881515823652,0.20995271750053313,100,-0.03072002349422875,0.30314098948296203,-0.020463797386184368,100,0.6096307934207718,0.06658943120369702,0.6153251058815916,100,0.43538386560489206,0.05324660060153172,0.43873298236453356,100,0.6261439691502768,0.06534734923478784,0.6301458962685744,100,0.5513944385349735,0.13610694542697518,0.5765886500767375,100,0.5817166231319747,0.13704220662116215,0.6235786303781885,100,0.5765223500164381,0.16696592124521037,0.6264591867928806,100,4.3484091323779515,1.7794715006569948,4.192702152377214,100,3.6717944748765037,1.615878163871606,3.6419745391753784,100,0.9736259057069695,0.3001388698805419,0.9664241336411321,100,0.009449006912765215,0.4643765276891399,0.05850431176982682,100,0.2837166275577101,0.11394589463399277,0.2808477449355085,100,0.9223344384321929,0.30301066233045276,0.8939954988069423,100,2.069942473872302,0.7187406081099434,2.0026004783312272,100,1.1810398218261937,0.7475187245783065,1.2126884851996098,100,0.6748234057574161,0.2266433773607514,0.6217871295784262,100,0.8254077433235788,0.8019189955600027,0.8668400282653628,100,0.47980493459178475,0.142311693892443,0.4490525969267668,100,0.0,0.0,0.0,100,0.0,0.0,0.0,100,,,,0,,,,0,20.947919549942018,3.295887200798247,21.576815962791443,100,0.11123608160283634,0.0013209204674027345,0.013209204674027345,-0.1361462480664958,0.12515445955953292,1.0,-0.4317493237626836,1.8141414973495871e-09,1.1973333882507276e-07,-0.13614624806649583,0.12515445955953292,1.0,0.011142110332088638,0.9233036783976978,1.0,0.008302704443730985,0.8770384213786963,1.0,0.011859157044399452,0.8716198589954062,1.0,-0.03861727934661437,0.003790745713286818,0.03588225122873317,0.004826406923540489,0.9260348271927795,1.0,0.019110864961202022,0.4092592100268002,1.0,-0.23858722748014938,0.006073563013455035,0.04972308103093748,0.07162549956977578,0.8500082762349129,1.0,-0.5750483807480989,9.535497985106279e-17,7.342333448531835e-15,-0.013617687286418767,0.8231532975996094,1.0,-0.10010012385750511,1.0389070469371612e-11,1.3505791610183096e-10,-0.22946352139730927,3.6366664685075e-05,0.001658833693299471,-0.5203107976217082,1.9512317174970406e-05,0.0007414680526488754,0.0685075535752638,0.0224275589899635,0.179420471919708,-0.0685075535752638,0.0224275589899635,0.179420471919708,0.01432509991395515,0.8500082762349129,1.0,-0.014325099913955147,0.8500082762349129,1.0,0.0,,,0.0,,,9.749811933040618,3.896559845095909e-18,5.1434589955266e-16
gold_fair_sweep,4c49f9d3281d,AnchorOnly,infeasible_no_target_treated,1000,0,20000,10,0.1,,,,0,,,,0,,,,0,,,,0,,,,0,,,,0,,,,0,,,,0,,,,0,,,,0,,,,0,,,,0,,,,0,,,,0,,,,0,,,,0,,,,0,,,,0,,,,0,,,,0,,,,0,,,,0,,,,0,,,,0,,,,0,0.0,0.0,0.0,100,,,,,,,,,,,,,,,,,,,,,,,,,,,,,,,,,,,,,,,,,,,,,,,,,,,,,,,,,,,,,,,,,,,,,,-13.491050164699555,3.896559845095909e-18,5.1434589955266e-16
gold_fair_sweep,4c49f9d3281d,AnchorPlugin,FeasibleRestricted,1000,0,20000,10,0.1,3.023445794883734,1.0748679383783928,2.6804496432139118,100,-0.04206937122998898,1.1107914534197758,-0.11095190594657099,100,0.6828028586449997,0.5590801619040658,0.5727501664035177,100,-0.11436236847441927,0.8776609833114991,-0.13005619535389795,100,0.7704935961335962,0.09123178622071931,0.7873479613479613,100,0.5816596196196196,0.08745635068366743,0.5909029029029029,100,0.7841027011162878,0.08802568103745802,0.799009361690805,100,0.77145393774612,0.10289885031026128,0.7834299982812595,100,0.7722595694650046,0.11041208322522941,0.795203152486851,100,0.7571555824898517,0.1711926367077021,0.7877834681085456,100,6.2811203703476295,2.0223940760822217,6.23606895272485,100,5.075456877977303,1.889794661688295,5.120560100869839,100,1.0689279819305786,0.14850639853197006,1.0688829921082232,100,0.12019966992968822,0.8618582409510798,0.22761344440949982,100,0.6210215465866382,0.1286735112549941,0.635666734458289,100,0.80519642176529,0.5144499387255433,0.6947392442830251,100,1.525426449215194,0.8633647507520223,1.3785148430764544,100,1.555932346851984,0.7363800765182862,1.6051792371774243,100,0.432133523237355,0.2681754137103662,0.36624795486697936,100,1.035238477268632,0.7935774793760842,1.0616766450005697,100,0.2903192122629336,0.18131994619084968,0.24180370811201624,100,0.001596850754987712,0.0011762799693985266,0.0010572904989598667,100,29.94,0.23868325657594197,30.0,100,,,,0,,,,0,11.886297616958618,1.5855726134417631,11.803882241249084,100,-0.945086476686751,3.896559845095909e-18,4.442078223409337e-16,0.05843054643287404,0.4618514981768562,1.0,-0.3127495012642621,9.638686889926216e-06,0.0005879599002854991,0.05843054643287402,0.4618514981768562,1.0,0.18114937110937113,3.896559845095909e-18,4.442078223409337e-16,0.16342726726726728,3.896559845095909e-18,4.442078223409337e-16,0.17827771785412133,3.896559845095909e-18,4.442078223409337e-16,0.17361283913004105,4.531861061109546e-18,4.442078223409337e-16,0.18759087371098981,3.896559845095909e-18,4.442078223409337e-16,0.21198463799878506,3.896559845095909e-18,4.442078223409337e-16,1.3512511620621945,4.2663227307182344e-18,4.442078223409337e-16,1.1145944972743562,3.896559845095909e-18,4.442078223409337e-16,-0.22914351020661822,1.1281372528141459e-12,5.979127439914973e-11,-0.03410984568169263,0.6474574389756316,1.0,0.2511291763982957,3.896559845095909e-18,4.442078223409337e-16,-0.41689078128935547,1.55625281041164e-11,1.3850650012663597e-09,-0.9659839176800683,1.9010539917799166e-14,1.6919380526841258e-12,0.383890956339383,3.896559845095909e-18,4.442078223409337e-16,-0.383890956339383,3.896559845095909e-18,4.442078223409337e-16,0.22291889945487128,3.896559845095909e-18,4.442078223409337e-16,-0.22291889945487126,3.896559845095909e-18,4.442078223409337e-16,0.001596850754987712,3.896559845095909e-18,1.9872455209989137e-16,29.94,2.148382797392347e-22,9.238046028787092e-21,-1.6047525477409363,2.597879207151489e-09,5.195758414302978e-09
gold_fair_sweep,4c49f9d3281d,DRLearner_PooledNoSite,infeasible_no_target_treated,1000,0,20000,10,0.1,,,,0,,,,0,,,,0,,,,0,,,,0,,,,0,,,,0,,,,0,,,,0,,,,0,,,,0,,,,0,,,,0,,,,0,,,,0,,,,0,,,,0,,,,0,,,,0,,,,0,,,,0,,,,0,,,,0,,,,0,,,,0,0.0,0.0,0.0,100,,,,,,,,,,,,,,,,,,,,,,,,,,,,,,,,,,,,,,,,,,,,,,,,,,,,,,,,,,,,,,,,,,,,,,-13.491050164699555,3.896559845095909e-18,5.1434589955266e-16
gold_fair_sweep,4c49f9d3281d,DRLearner_PooledWithSite,infeasible_no_target_treated,1000,0,20000,10,0.1,,,,0,,,,0,,,,0,,,,0,,,,0,,,,0,,,,0,,,,0,,,,0,,,,0,,,,0,,,,0,,,,0,,,,0,,,,0,,,,0,,,,0,,,,0,,,,0,,,,0,,,,0,,,,0,,,,0,,,,0,,,,0,0.0,0.0,0.0,100,,,,,,,,,,,,,,,,,,,,,,,,,,,,,,,,,,,,,,,,,,,,,,,,,,,,,,,,,,,,,,,,,,,,,,-13.491050164699555,3.896559845095909e-18,5.1434589955266e-16
gold_fair_sweep,4c49f9d3281d,EntropyBalancing,FeasibleRestricted,1000,0,20000,10,0.1,2.5533584036725054,1.270121428158549,2.337204549398157,100,0.05678039545855928,1.1500910411882905,0.023281915869162312,100,0.7544281246022393,0.589343733051066,0.5726032937119676,100,-0.015512601785871041,0.9602051178734095,-0.05101416318116081,100,0.8404078422478424,0.12264611183006194,0.8687629727629727,100,0.6699944344344344,0.13252966027814633,0.6836116116116115,100,0.8507139482525393,0.11796622317982604,0.8776311888881974,100,0.8447154014312601,0.1257782438791291,0.8749807113997083,100,0.8457334607041882,0.1287567447992822,0.8815858028117831,100,0.8322512740527533,0.16419461602450283,0.8751757331594505,100,6.812206083712889,2.1383874900926845,6.758293963917925,100,5.489026675177083,1.96585657935962,5.401415312174658,100,0.9794286920491593,0.1207465576691262,0.9885823305836803,100,0.028313366268200774,0.9483137356421427,0.07124066685618896,100,0.7369475284917582,0.17802709482447854,0.7685680395701029,100,0.8501999431144572,0.5539836664190925,0.7154804945092528,100,1.5064803918679923,0.8574986883604535,1.3643272632456918,100,1.656060731995446,0.7503618335178475,1.6901334552223535,100,0.3320051380938926,0.32599767521597367,0.24492382832680115,100,1.117952436708588,0.7993087176175431,1.146906387154515,100,0.20760525282297768,0.21336084233824767,0.14631237206743908,100,,,,0,,,,0,,,,0,,,,0,4.42258633852005,1.170864807929388,4.31488573551178,100,-1.41517386789798,4.3971135541818935e-18,4.442078223409337e-16,0.15728031312142227,0.3023076019657809,1.0,-0.2411242353070225,0.0070980586409156495,0.34070681476395115,0.15728031312142227,0.3023076019657809,1.0,0.25106361722361725,4.9610417082651575e-18,4.442078223409337e-16,0.2517620820820821,4.9610417082651575e-18,4.442078223409337e-16,0.24488896499037305,4.9610417082651575e-18,4.442078223409337e-16,0.24687430281518086,7.333806979251821e-18,4.442078223409337e-16,0.2610647649501734,6.12472726248735e-18,4.442078223409337e-16,0.2870803295616866,5.430296382634715e-18,4.442078223409337e-16,1.8823368754274554,9.318997235593406e-18,4.659498617796703e-16,1.528164294474136,1.3732250242604873e-17,4.442078223409337e-16,-0.3186428000880376,9.967579141863275e-15,6.080223276536597e-13,-0.12599614934318007,0.45976137200079736,1.0,0.36705515830341556,4.9610417082651575e-18,4.442078223409337e-16,-0.37188725994018834,8.758411861167414e-06,0.00050798788794771,-0.9849299750272702,5.196491457758375e-10,3.32575453296536e-08,0.4840193414828453,4.139373908714419e-18,4.442078223409337e-16,-0.4840193414828453,4.139373908714419e-18,4.442078223409337e-16,0.3056328588948272,1.3732250242604873e-17,4.442078223409337e-16,-0.3056328588948272,1.3732250242604873e-17,4.442078223409337e-16,,,,,,,-9.068463826179505,3.896559845095909e-18,5.1434589955266e-16
gold_fair_sweep,4c49f9d3281d,IPWTransport,FeasibleRestricted,1000,0,20000,10,0.1,2.5572609623813594,1.2693265995970273,2.3385566379191207,100,0.05611510774745636,1.150537760388707,0.03061584388903358,100,0.7545921877724336,0.5895709580435048,0.574262072300495,100,-0.01617788949697397,0.9604637038563818,-0.05029549136649153,100,0.8399169572769571,0.12286101725229964,0.8683705603705605,100,0.6692974974974976,0.1323871078053588,0.6830070070070071,100,0.8502408516784945,0.11821024700754107,0.8769446216050141,100,0.8436146139575122,0.1268415124109709,0.8743139930994657,100,0.845167921069611,0.12887047820051137,0.8818927464069819,100,0.8318421995026213,0.1645843964805588,0.8726775474231276,100,6.8036661022590375,2.1424468969092474,6.713089511584963,100,5.4857687165441895,1.9651611806211478,5.397610680314587,100,0.9784131103544681,0.12109200138677699,0.9868620841813935,100,0.029234223451961156,0.9486136751698269,0.07204115359544785,100,0.7361674651876949,0.1781056155385582,0.7673084934514227,100,0.8509344552892386,0.5535110015473766,0.7054117199455325,100,1.5172434503140315,0.8608847930359322,1.4381224612652437,100,1.6546984478428144,0.7499455769431383,1.6935857715681353,100,0.33336742224652455,0.3267128883119394,0.25019268159309954,100,1.1173008449820092,0.7990855132880436,1.143355847909898,100,0.20825684454955654,0.21339791558201654,0.14463568057195203,100,,,,0,,,,0,,,,0,,,,0,1.2113416743278504,0.3585958925018008,1.1971489191055298,100,-1.4112713091891254,4.3971135541818935e-18,4.442078223409337e-16,0.15661502541031935,0.31207984904087294,1.0,-0.24096017213682816,0.006740502577756355,0.3302846263100614,0.15661502541031933,0.31207984904087294,1.0,0.25057273225273224,4.9610417082651575e-18,4.442078223409337e-16,0.25106514514514516,4.9610417082651575e-18,4.442078223409337e-16,0.2444158684163282,4.9610417082651575e-18,4.442078223409337e-16,0.24577351534143305,7.78699366986276e-18,4.442078223409337e-16,0.26049922531559616,5.767203615817138e-18,4.442078223409337e-16,0.28667125501155466,5.596247901468035e-18,4.442078223409337e-16,1.873796893973601,1.3732250242604873e-17,5.904867604320096e-16,1.5249063358412416,1.2938800168252932e-17,4.442078223409337e-16,-0.3196583817827285,8.705736048287007e-15,5.484613710420814e-13,-0.1250752921594197,0.4618514981768562,1.0,0.36627509499935224,4.9610417082651575e-18,4.442078223409337e-16,-0.37115274776540713,8.899585400595616e-06,0.00050798788794771,-0.9741669165812309,8.208201130824983e-10,5.1711667124197394e-08,0.48265705733021336,4.2663227307182344e-18,4.442078223409337e-16,-0.48265705733021336,4.2663227307182344e-18,4.442078223409337e-16,0.30498126716824836,1.2938800168252932e-17,4.442078223409337e-16,-0.30498126716824836,1.2938800168252932e-17,4.442078223409337e-16,,,,,,,-12.279708490371704,3.896559845095909e-18,5.1434589955266e-16
gold_fair_sweep,4c49f9d3281d,OutcomeModelTransport,FeasibleRestricted,1000,0,20000,10,0.1,2.5313255958211833,1.2785072300099054,2.278932260101114,100,0.060317010228693596,1.1462299954966466,-0.035815994399216664,100,0.7553937160865881,0.5933454081593224,0.5608285410863025,100,-0.011975987015736734,0.9634819156087309,-0.03426759057753617,100,0.8427732054132053,0.12566911869977873,0.8755402975402976,100,0.6736188188188188,0.13501711662039242,0.6928788788788789,100,0.8529005120426448,0.12096703618931837,0.8850048605989843,100,0.8474780325010595,0.12734097473292064,0.8792204322727257,100,0.8474360505310223,0.13551555684744376,0.8801030010968137,100,0.8338917279056058,0.16952051696028086,0.8707536569606887,100,6.833491705934636,2.149044894685375,6.7474270207677876,100,5.501162644354504,1.9828071573736676,5.44395613892643,100,0.9852575004336016,0.1173349444350731,0.9875786282187389,100,0.017027393575121147,0.9476039392535236,0.04328984032498202,100,0.7413691096166992,0.1801696843903422,0.7807030609389897,100,0.8440994179918606,0.5609809010112577,0.6939882760320173,100,1.4637767860508575,0.8559289741996083,1.3852790034072082,100,1.6557404759740921,0.7487174007368814,1.6797320435619874,100,0.33232539411524675,0.33696974954747483,0.2406863214250088,100,1.1203796305440716,0.7977259484768927,1.1673759621155724,100,0.2051780589874938,0.21667039631951016,0.14766454109495197,100,,,,0,,,,0,,,,0,,,,0,0.257701051235199,0.12302958294737076,0.24597012996673584,100,-1.4372066757493016,4.670683307897806e-18,4.442078223409337e-16,0.16081692789155652,0.288034904457934,1.0,-0.24015864382267363,0.008026609021899512,0.37725062402927706,0.16081692789155652,0.288034904457934,1.0,0.2534289803889804,5.94331234302936e-18,4.442078223409337e-16,0.25538646646646646,5.430296382634715e-18,4.442078223409337e-16,0.2470755287804786,5.94331234302936e-18,4.442078223409337e-16,0.24963693388498015,8.023842397878198e-18,4.442078223409337e-16,0.2627673547770077,6.906672275406012e-18,4.442078223409337e-16,0.28872078341453916,6.702409068617996e-18,4.442078223409337e-16,1.9036224976491989,2.6346826245998054e-17,8.694452661179357e-16,1.5403002636515555,2.794684092654649e-17,7.266178640902088e-16,-0.31281399170359525,9.701591089505214e-15,6.014986475493233e-13,-0.1372821220362597,0.41711035916476014,1.0,0.3714767394283567,5.430296382634715e-18,4.442078223409337e-16,-0.37798778506278496,9.79338216815041e-06,0.0005484294014164229,-1.027633580844405,7.577925384685866e-11,5.531885530820682e-09,0.48369908546149143,6.311606041551026e-18,4.442078223409337e-16,-0.48369908546149143,6.311606041551026e-18,4.442078223409337e-16,0.30806005273031106,2.794684092654649e-17,7.266178640902088e-16,-0.30806005273031106,2.794684092654649e-17,7.266178640902088e-16,,,,,,,-13.233349113464355,3.896559845095909e-18,5.1434589955266e-16
gold_fair_sweep,4c49f9d3281d,ProposedA,infeasible_no_target_treated,1000,0,20000,10,0.1,,,,0,,,,0,,,,0,,,,0,,,,0,,,,0,,,,0,,,,0,,,,0,,,,0,,,,0,,,,0,,,,0,,,,0,,,,0,,,,0,,,,0,,,,0,,,,0,,,,0,,,,0,,,,0,,,,0,,,,0,,,,0,0.0,0.0,0.0,100,,,,,,,,,,,,,,,,,,,,,,,,,,,,,,,,,,,,,,,,,,,,,,,,,,,,,,,,,,,,,,,,,,,,,,-13.491050164699555,3.896559845095909e-18,5.1434589955266e-16
gold_fair_sweep,4c49f9d3281d,ProposedB_LinearStepB,infeasible_no_target_treated,1000,0,20000,10,0.1,,,,0,,,,0,,,,0,,,,0,,,,0,,,,0,,,,0,,,,0,,,,0,,,,0,,,,0,,,,0,,,,0,,,,0,,,,0,,,,0,,,,0,,,,0,,,,0,,,,0,,,,0,,,,0,,,,0,,,,0,,,,0,0.0,0.0,0.0,100,,,,,,,,,,,,,,,,,,,,,,,,,,,,,,,,,,,,,,,,,,,,,,,,,,,,,,,,,,,,,,,,,,,,,,-13.491050164699555,3.896559845095909e-18,5.1434589955266e-16
gold_fair_sweep,4c49f9d3281d,ProposedB_SourceDR,FeasibleRestricted,1000,0,20000,10,0.1,3.9488233203719183,1.0871379507537609,3.8177032014758874,100,0.033049058087055785,0.6644866884719506,0.009891817879416466,100,0.9663712666495593,0.6681402024737175,0.8441464746003109,100,-0.03924393915737455,1.1782029438403343,0.044885543540490125,100,0.5830095136563528,0.09499468038514786,0.5970499734170724,100,0.4132069170581583,0.07421702841086081,0.4226806806806807,100,0.599576137144324,0.09502112887025911,0.616277190439314,100,0.5875954597062192,0.14363783593783672,0.6241881243037375,100,0.57126592214991,0.19591221864434255,0.6033789459552905,100,0.5258786456058435,0.4264666043112743,0.5970346648586428,100,4.864465387251334,1.951722391354713,4.853251717139482,100,3.8859163717395155,1.81989884792845,3.6086598920232715,100,1.3204462171768006,0.22902412140100087,1.3058846418608114,100,0.03014368247380726,1.1498572770617579,0.0009153146168515529,100,0.3659427961241101,0.10399793362223853,0.37323278443012337,100,1.1597690075775637,0.566042784426905,1.0137161438477071,100,2.374645173971515,1.0505748537925952,2.0972343134749942,100,1.188616818533337,0.7247878502659708,1.1905281705965103,100,0.7994490515560014,0.32767830459326136,0.7423396336816662,100,0.7973303760210743,0.7877995117062389,0.8143060754065126,100,0.5282273135104912,0.22484384910713764,0.4827784414904436,100,0.0015838534751853404,0.0011643855643111314,0.0010559309814824572,100,29.94,0.23868325657594197,30.0,100,7.839685994852533,2.1871662019655322,7.609733801755718,100,10.0,0.0,10.0,100,49.55482879400253,4.937968966146517,49.804734230041504,100,-0.01970895119856696,0.7991587121799286,1.0,0.1335489757499188,0.358601729152343,1.0,-0.02918109325970244,0.8770384213786963,1.0,0.1335489757499188,0.358601729152343,1.0,-0.006334711367872265,0.5588737261094053,1.0,-0.005025435294194074,0.5428005457253031,1.0,-0.006248846117842385,0.603630307822939,1.0,-0.01024563890985998,0.3006989045676194,1.0,-0.013402773604104799,0.2727176260813148,1.0,-0.01929229888522312,0.15460097100352582,0.7730048550176292,-0.0654038210341007,0.3305304748161958,1.0,-0.07494600896343143,0.34614092891907466,1.0,0.022374725039603555,0.2959070922839476,1.0,-0.1241658331375736,0.4702648333919802,1.0,-0.003949574064232441,0.7491470801654898,1.0,-0.062318195477081596,0.6108418935855868,1.0,-0.11676519292374754,0.37503162666521384,1.0,0.01657542802073652,0.6698511676891292,1.0,-0.01657542802073652,0.6698511676891292,1.0,-0.01498920179268629,0.34614092891907466,1.0,0.014989201792686297,0.34614092891907466,1.0,0.0015838534751853404,3.896559845095909e-18,1.9872455209989137e-16,29.94,2.148382797392347e-22,9.238046028787092e-21,36.06377862930298,3.896559845095909e-18,5.1434589955266e-16
gold_fair_sweep,4c49f9d3281d,ProxyOnly,FeasibleRestricted,1000,0,20000,10,0.1,3.9685322715704854,1.0502379481680224,3.7678121971605347,100,-0.10049991766286298,1.819602629912352,-0.11406287686815557,100,0.9955523599092618,0.7564273364876576,0.8058797245558864,100,-0.17279291490729332,1.2422395880228607,-0.28887670988453873,100,0.5893442250242251,0.08703671485324065,0.5946564126564127,100,0.4182323523523523,0.0687261565314182,0.42026026026026025,100,0.6058249832621665,0.08614240909699591,0.6154053400599069,100,0.5978410986160791,0.1210696715328073,0.612241959075563,100,0.5846686957540148,0.17598584977359033,0.616981908673341,100,0.5451709444910667,0.3811784522483278,0.6078252792861825,100,4.929869208285435,1.8800165331503553,4.713736253098677,100,3.9608623807029466,1.7642446039836688,3.792681812815415,100,1.298071492137197,0.32676366853266775,1.2562770434045598,100,0.1543095156113808,1.6297892561255052,0.33220237638519967,100,0.36989237018834253,0.09751567619717567,0.3768779732151533,100,1.2220872030546457,0.6410333072847496,1.079102948710658,100,2.4914103668952623,1.1454704499652215,2.2540205721275464,100,1.1720413905126008,0.7420298231219236,1.1869575428934258,100,0.8160244795767381,0.32306789786535894,0.761365208077513,100,0.8123195778137606,0.7949375597385853,0.8513493894989297,100,0.5132381117178049,0.21183456259585184,0.4511011053569419,100,0.0,0.0,0.0,100,0.0,0.0,0.0,100,,,,0,,,,0,13.491050164699555,1.3934496037690618,13.709539771080017,100,,,,,,,,,,,,,,,,,,,,,,,,,,,,,,,,,,,,,,,,,,,,,,,,,,,,,,,,,,,,,,,,,,,,,,,,
gold_fair_sweep,4c49f9d3281d,TargetOnlyDR,infeasible_no_target_treated,1000,0,20000,10,0.1,,,,0,,,,0,,,,0,,,,0,,,,0,,,,0,,,,0,,,,0,,,,0,,,,0,,,,0,,,,0,,,,0,,,,0,,,,0,,,,0,,,,0,,,,0,,,,0,,,,0,,,,0,,,,0,,,,0,,,,0,,,,0,0.0,0.0,0.0,100,,,,,,,,,,,,,,,,,,,,,,,,,,,,,,,,,,,,,,,,,,,,,,,,,,,,,,,,,,,,,,,,,,,,,,-13.491050164699555,3.896559845095909e-18,5.1434589955266e-16
gold_fair_sweep,a5d69e46eae2,AnchorOnly,OracleTargetTreated,100,100,20000,10,0.1,3.4894803463807533,0.6769023019670081,3.349742531768894,100,0.09816432973229974,1.5022409624580222,0.13831017971492376,100,0.3153827926589845,0.24936662018867772,0.26479302670543203,100,0.009703565298920455,0.4031868264812616,-0.03408068607613447,100,0.6998233291033293,0.05211010270955642,0.7075161475161476,100,0.5108035235235235,0.04588956049210998,0.5142742742742743,100,0.7157787286124727,0.05008339948585221,0.7234149005830149,100,0.6970540243894402,0.09193552462394469,0.7178267268465364,100,0.698308877469387,0.10720557229505405,0.7288538670946798,100,0.6834824234422727,0.17449915915296849,0.7335977966238802,100,5.71813824697313,1.7237282440338726,5.813574463889383,100,4.6427345853448365,1.6256746946870497,4.804657452709415,100,1.5726562509509205,0.28401410589233983,1.5639309469816143,100,-0.08860138762963703,1.169077665649456,-0.09581325562430601,100,0.4950286898551608,0.0806436618989056,0.500557860560151,100,1.1219439815602954,0.3324442748147714,1.116465311073776,100,2.6730577747197692,0.7738048720235353,2.63245634794602,100,1.478092789989633,0.7098288981940909,1.4562246267357768,100,0.5326465625466552,0.1627448860450604,0.5005902713426337,100,0.9747854481301714,0.7679714567006208,1.01272794987428,100,0.368390695307972,0.10303153300584592,0.35425752493775237,100,0.0047960939088766965,0.004361696225341472,0.0038770908271169493,100,12.39,2.0932551616363377,13.0,100,,,,0,,,,0,18.26207079410553,1.4798396745219562,18.131859302520752,100,-0.6304365571709276,3.896559845095909e-18,4.442078223409337e-16,0.1775287701254418,0.17771520952175224,1.0,-0.5669831883538919,4.059304369484221e-12,2.9226991460286387e-10,0.1775287701254418,0.17771520952175224,1.0,0.19490119442119436,4.3971135541818935e-18,4.442078223409337e-16,0.15758782782782782,4.0161556854627e-18,4.442078223409337e-16,0.19539944826305167,4.531861061109546e-18,4.442078223409337e-16,0.20487748379799414,9.893009181510365e-18,4.442078223409337e-16,0.2168330915127707,8.267798584515514e-18,4.442078223409337e-16,0.21810102590171027,7.117077537219983e-18,4.442078223409337e-16,1.5915382423614448,9.318997235593406e-18,4.659498617796703e-16,1.301709923952421,8.267798584515514e-18,4.442078223409337e-16,0.2873257398331824,4.114194036557029e-09,1.275400151332679e-07,-0.31573281236885614,0.04428110904184587,1.0,0.21708967836052984,5.430296382634715e-18,4.442078223409337e-16,-0.05607995336731892,0.756979822125134,1.0,0.2685527788107432,0.013955675735869692,0.41867027207609075,0.3946385241100844,5.112831740936498e-18,4.442078223409337e-16,-0.3946385241100844,5.112831740936498e-18,4.442078223409337e-16,0.26034198479048415,8.267798584515514e-18,4.442078223409337e-16,-0.26034198479048415,8.267798584515514e-18,4.442078223409337e-16,0.0047960939088766965,3.896559845095909e-18,1.9872455209989137e-16,12.39,2.90728914118889e-18,1.7157375083191304e-17,7.84715677022934,3.896559845095909e-18,5.1434589955266e-16
gold_fair_sweep,a5d69e46eae2,AnchorPlugin,FeasibleRestricted,100,100,20000,10,0.1,3.0815718485258783,0.9353294703692161,2.823916759851395,100,-0.11654013724295688,1.076619452943124,0.0027993773752391787,100,0.707559197390665,0.4708625130912601,0.6096287084618911,100,-0.2050009016763362,0.8276222722666422,-0.30951315505405574,100,0.7437510688710689,0.12747404216701436,0.775906123906124,100,0.5591413413413413,0.11532536243412597,0.5791931931931933,100,0.7573443050915781,0.1260771917690285,0.790659861228592,100,0.7462151140233462,0.14931053141473766,0.7959467846715894,100,0.7407648753538237,0.16113181149394623,0.789874351705359,100,0.7291988542909792,0.19435094093223354,0.8031112596786246,100,6.0736196903707675,1.9452224087281453,6.213775090740372,100,4.880356877831087,1.7790977087064275,4.971115369452539,100,1.0477647533743522,0.17976240072468655,1.06028197768019,100,0.18844829270309169,0.8319760427469763,0.23256186211043445,100,0.5872006207959893,0.17007911480140087,0.6274489351329996,100,0.8435787873850988,0.42111370603021614,0.7821964879112056,100,1.6214136119501759,0.6752814832814402,1.49396631481609,100,1.542511934349404,0.7029799235999843,1.4861239212316733,100,0.4682274181868844,0.2979997685763379,0.38123901637023727,100,1.0223099066274215,0.7559760114508843,1.0576468086440862,100,0.320866236810722,0.20405444659823316,0.26158600747920574,100,0.016510948046325268,0.013038355003090028,0.014766248312639209,100,28.36,1.872285914451782,29.0,100,,,,0,,,,0,8.950810623168945,1.2219264495271192,8.868946075439453,100,-1.0383450550258024,4.0161556854627e-18,4.442078223409337e-16,-0.03717569684981483,0.6060299176865905,1.0,-0.17480678362221147,0.009246266621355269,0.4160819979609871,-0.03717569684981484,0.6060299176865905,1.0,0.23882893418893425,4.0161556854627e-18,4.442078223409337e-16,0.20592564564564564,4.0161556854627e-18,4.442078223409337e-16,0.23696502474215717,4.0161556854627e-18,4.442078223409337e-16,0.2540385734319001,4.2663227307182344e-18,4.442078223409337e-16,0.2592890893972075,4.0161556854627e-18,4.442078223409337e-16,0.26381745675041673,4.531861061109546e-18,4.442078223409337e-16,1.9470196857590836,4.2663227307182344e-18,4.442078223409337e-16,1.539332216438671,4.0161556854627e-18,4.442078223409337e-16,-0.237565757743386,8.114100129319028e-09,2.4342300387957085e-07,-0.03868313203612747,0.7965038710035247,1.0,0.30926160930135815,4.0161556854627e-18,4.442078223409337e-16,-0.33444514754251564,3.2238025664929246e-08,2.5790420531943396e-06,-0.78309138395885,7.75330120781005e-11,5.5823768696232364e-09,0.45905766846985513,3.896559845095909e-18,4.442078223409337e-16,-0.45905766846985513,3.896559845095909e-18,4.442078223409337e-16,0.3078664432877341,4.0161556854627e-18,4.442078223409337e-16,-0.3078664432877341,4.0161556854627e-18,4.442078223409337e-16,0.016510948046325268,3.896559845095909e-18,1.9872455209989137e-16,28.36,2.1575239294232904e-18,1.7157375083191304e-17,-1.4641034007072449,1.0865350085036195e-09,3.2596050255108586e-09
gold_fair_sweep,a5d69e46eae2,DRLearner_PooledNoSite,OracleTargetTreated,100,100,20000,10,0.1,2.510296864517278,1.2206714579862183,2.305373346928769,100,-0.032545890148147724,1.0708325432096193,-0.11096112925531555,100,0.731743017706911,0.5784081644901287,0.561346797816134,100,-0.12100665458152701,0.9276970934432127,-0.10107269307216116,100,0.8290871521271522,0.15388028302712936,0.8763067443067445,100,0.6664737137137137,0.1628371553983854,0.6927387387387387,100,0.8391932859946034,0.15019407426952291,0.8853654717559699,100,0.8341935072583222,0.1665235999624814,0.8904808560253024,100,0.8309684606195266,0.16986188720751744,0.8948019823595266,100,0.8236854030874993,0.1832025217297504,0.8943782336004471,100,6.7407844614063785,2.090666640348235,6.904948498320968,100,5.400456784808641,1.8707535888931486,5.512554336482532,100,0.9738569449373184,0.1564491991383143,1.0006833725185265,100,0.10392394551376247,0.911882441155868,0.05573663102203251,100,0.7272684273006419,0.2140753266338328,0.7804038480758965,100,0.8818466105406827,0.5431280865659712,0.701618769892767,100,1.5759897478523928,0.955849055731701,1.4290472468083566,100,1.6696299811758137,0.7235863164277526,1.5919941201642522,100,0.34110937136047426,0.3571237441511572,0.21932463165492622,100,1.1263298880229324,0.753391020145318,1.1380170690911506,100,0.21684625541521105,0.24015804089806508,0.1412508922072122,100,,,,0,,,,0,,,,0,,,,0,0.516833803653717,0.23262020397463312,0.5229943990707397,100,-1.6096200390344024,9.044445868078014e-18,4.442078223409337e-16,0.04681855024499433,0.7309722689902687,1.0,-0.15062296330596558,0.057701968852335826,1.0,0.046818550244994324,0.7309722689902687,1.0,0.32416501744501747,4.670683307897806e-18,4.442078223409337e-16,0.31325801801801806,4.670683307897806e-18,4.442078223409337e-16,0.31881400564518236,4.670683307897806e-18,4.442078223409337e-16,0.3420169666668762,4.0161556854627e-18,4.442078223409337e-16,0.3494926746629103,4.3971135541818935e-18,4.442078223409337e-16,0.35830400554693675,4.670683307897806e-18,4.442078223409337e-16,2.614184456794695,4.0161556854627e-18,4.442078223409337e-16,2.059432123416226,4.3971135541818935e-18,4.442078223409337e-16,-0.31147356618041955,1.8800378121519673e-11,8.460170154683853e-10,-0.12320747922545673,0.5916968660875195,1.0,0.4493294158060111,4.670683307897806e-18,4.442078223409337e-16,-0.29617732438693145,7.149194220827567e-05,0.002859677688331027,-0.828515248056633,2.352657766517876e-08,1.270435193919653e-06,0.5861757152962653,1.3329700507875106e-17,5.331880203150042e-16,-0.5861757152962653,1.3329700507875106e-17,5.331880203150042e-16,0.41188642468324516,4.3971135541818935e-18,4.442078223409337e-16,-0.41188642468324516,4.3971135541818935e-18,4.442078223409337e-16,,,,,,,-9.898080220222473,3.896559845095909e-18,5.1434589955266e-16
gold_fair_sweep,a5d69e46eae2,DRLearner_PooledWithSite,OracleTargetTreated,100,100,20000,10,0.1,2.5085599457972636,1.2197539085984126,2.2837477476408656,100,-0.03275612829514403,1.0697026492471908,-0.10839884932780253,100,0.7313600907380596,0.5763625234283274,0.563906859378654,100,-0.12121689272852336,0.9260897855931502,-0.10390779957314611,100,0.829310717990718,0.15371097537099418,0.8772945372945373,100,0.6667981981981981,0.16291042064380634,0.6934674674674675,100,0.8394075313067303,0.1499785958046952,0.8848031723296581,100,0.834122408286899,0.16618609741959156,0.8914157575557791,100,0.8308423023487425,0.16962187254492467,0.8928933646564362,100,0.8239393349128459,0.18249594892624502,0.8943782336004471,100,6.73918682787638,2.0842814999716897,6.909803177116165,100,5.398984559509638,1.8707625575070483,5.516658462591401,100,0.9744348702195441,0.1558501836870258,1.0002729306827454,100,0.10411096240507334,0.9105134036546048,0.04834389672639161,100,0.7275419749424104,0.2142786952620877,0.7798064684773307,100,0.8812842998045818,0.539149127114862,0.7035316783654166,100,1.5779182456367582,0.9497735616275269,1.4521210875206871,100,1.6703235032796888,0.7243029288083136,1.5934794502510115,100,0.3404158492565994,0.3577112654013526,0.2155995355118413,100,1.1260354429631318,0.7537089559161068,1.1368954819343318,100,0.21714070047501186,0.2404509362681618,0.14054310096862987,100,,,,0,,,,0,,,,0,,,,0,1.144013113975525,0.4740738813265342,1.1472874879837036,100,-1.6113569577544171,8.777880718979924e-18,4.442078223409337e-16,0.046608312097998005,0.7361501939167332,1.0,-0.15100589027481684,0.057701968852335826,1.0,0.04660831209799803,0.7361501939167332,1.0,0.32438858330858333,4.670683307897806e-18,4.442078223409337e-16,0.3135825025025025,4.670421066702362e-18,4.442078223409337e-16,0.31902825095730925,4.670683307897806e-18,4.442078223409337e-16,0.3419458676954531,4.0161556854627e-18,4.442078223409337e-16,0.349366516392126,4.3971135541818935e-18,4.442078223409337e-16,0.3585579373722833,4.531861061109546e-18,4.442078223409337e-16,2.612586823264695,4.0161556854627e-18,4.442078223409337e-16,2.0579598981172222,4.3971135541818935e-18,4.442078223409337e-16,-0.31089564089819394,2.269503677346155e-11,9.985816180323082e-10,-0.12302046233414582,0.5845892174029008,1.0,0.4496029634477794,4.670683307897806e-18,4.442078223409337e-16,-0.2967396351230326,7.358431663867957e-05,0.002869788348908503,-0.8265867502722675,2.0889377499443588e-08,1.1489157624693974e-06,0.5868692374001401,1.3732250242604873e-17,5.355577594615901e-16,-0.5868692374001401,1.3732250242604873e-17,5.355577594615901e-16,0.4115919796234444,4.3971135541818935e-18,4.442078223409337e-16,-0.4115919796234444,4.3971135541818935e-18,4.442078223409337e-16,,,,,,,-9.270900909900666,3.896559845095909e-18,5.1434589955266e-16
gold_fair_sweep,a5d69e46eae2,EntropyBalancing,FeasibleRestricted,100,100,20000,10,0.1,2.5747635385848664,1.2151963717102112,2.327719787627081,100,-0.027193022501043586,1.0674495995035733,-0.10226518772075678,100,0.7463916078091216,0.5990997614719032,0.5704986314264111,100,-0.11565378693442285,0.9529623948452738,-0.08505223081527219,100,0.8209340397740398,0.1555949607289634,0.8713754173754173,100,0.6558805605605604,0.16164107292732102,0.6856156156156156,100,0.8315007902745971,0.152213424790537,0.8811853774058984,100,0.8261173459844398,0.17234978368605572,0.8832798167846869,100,0.8193342520099737,0.17752140988081275,0.8887952784869206,100,0.8148399821317075,0.19139457271459276,0.8779327923599545,100,6.678299377622028,2.1141947264290217,6.744860917769734,100,5.336722209932403,1.8910593383221153,5.430879476208036,100,0.9616478761220474,0.15861066489636372,0.986881339822049,100,0.10527490563226075,0.9378112715438364,0.07975356349722129,100,0.7153414889856142,0.21363024723862684,0.7752971995989951,100,0.8999960354366516,0.563482169365182,0.7038867791349265,100,1.621346153558741,0.9809928711775363,1.5225176047342903,100,1.6524572310659773,0.7303467959765615,1.6016331842296494,100,0.3582821214703109,0.36667847751225147,0.24311501119280798,100,1.1135829730476847,0.7536384679473507,1.1075735681398677,100,0.22959317039045854,0.24405069068148166,0.15027982264903206,100,,,,0,,,,0,,,,0,,,,0,3.6342182779312133,1.0464260875919567,3.5445809364318848,100,-1.545153364966814,1.2938800168252932e-17,4.442078223409337e-16,0.05217141789209848,0.7700896655852555,1.0,-0.13597437320375508,0.07775544419099599,1.0,0.052171417892098476,0.7700896655852555,1.0,0.31601190509190513,4.9610417082651575e-18,4.442078223409337e-16,0.3026648648648649,5.112831740936498e-18,4.442078223409337e-16,0.311121509925176,4.9610417082651575e-18,4.442078223409337e-16,0.33394080539299376,4.2663227307182344e-18,4.442078223409337e-16,0.33785846605335734,4.670683307897806e-18,4.442078223409337e-16,0.34945858459114526,4.9610417082651575e-18,4.442078223409337e-16,2.551699373010342,4.2663227307182344e-18,4.442078223409337e-16,1.9956975485399888,4.813701823147399e-18,4.442078223409337e-16,-0.32368263499569083,5.5634556953558915e-12,2.7817278476779456e-10,-0.12185651910695845,0.6302567676905975,1.0,0.4374024774909832,5.112831740936498e-18,4.442078223409337e-16,-0.2780278994909627,0.00021013147514216076,0.006953023851353365,-0.7831588423502848,5.2429431836998076e-08,2.7263304555239e-06,0.5690029651864287,3.3344510234599337e-17,9.746359670371037e-16,-0.5690029651864287,3.3344510234599337e-17,9.746359670371037e-16,0.39913950970799766,4.813701823147399e-18,4.442078223409337e-16,-0.39913950970799766,4.813701823147399e-18,4.442078223409337e-16,,,,,,,-6.780695745944977,3.896559845095909e-18,5.1434589955266e-16
gold_fair_sweep,a5d69e46eae2,IPWTransport,FeasibleRestricted,100,100,20000,10,0.1,2.5454229060574507,1.2286464516245053,2.3128972244257744,100,-0.029482953972292402,1.0686263219055336,-0.09978123160623814,100,0.7443772956487394,0.601936587093162,0.5744688322400444,100,-0.11794371840567171,0.9528750837072114,-0.10501506423866769,100,0.8245221020421021,0.15656696231528655,0.874793992793993,100,0.6612770770770772,0.1642456742634819,0.6900840840840841,100,0.8348171345448685,0.15298454615073895,0.8831988799720403,100,0.8298937224324106,0.17140589641293544,0.8849579034785069,100,0.8255312542467883,0.17549681147058976,0.8912150493856531,100,0.8180898394498594,0.18806161331639284,0.8861019259102483,100,6.707464758754858,2.0987946774714414,6.837699394760447,100,5.368272158623257,1.8854088204906172,5.499520289237151,100,0.9683246629061891,0.1581736534610471,0.9981684076092474,100,0.10537732049976523,0.9371771362810437,0.07512614307126138,100,0.7209433083837006,0.21618424865545874,0.7767005213271825,100,0.8965255138117354,0.563210564864008,0.7102699919930515,100,1.5999193558322302,0.9711606521976347,1.4800737392982959,100,1.658635707040249,0.7287100154525713,1.5885860108822962,100,0.35210364549603923,0.36856117341912276,0.2433000421825093,100,1.1198929627858556,0.7537588481346227,1.1326091202423854,100,0.2232831806522878,0.24567477550429984,0.1392694650200597,100,,,,0,,,,0,,,,0,,,,0,1.1392954564094544,0.3644375287365966,1.0730781555175781,100,-1.57449399749423,1.1147719595548441e-17,4.442078223409337e-16,0.049881486420849636,0.7727196720119712,1.0,-0.13798868536413697,0.08009979252151697,1.0,0.049881486420849656,0.7727196720119712,1.0,0.3195999673599674,4.9610417082651575e-18,4.442078223409337e-16,0.3080613813813814,4.9610417082651575e-18,4.442078223409337e-16,0.31443785419544723,4.9610417082651575e-18,4.442078223409337e-16,0.33771718184096444,4.0161556854627e-18,4.442078223409337e-16,0.34405546829017175,4.670683307897806e-18,4.442078223409337e-16,0.352708441909297,4.9610417082651575e-18,4.442078223409337e-16,2.5808647541431737,4.0161556854627e-18,4.442078223409337e-16,2.0272474972308423,4.670683307897806e-18,4.442078223409337e-16,-0.317005848211549,1.0389070469371612e-11,4.986753825298374e-10,-0.12175410423945393,0.6327020543587233,1.0,0.4430042968890698,4.813701823147399e-18,4.442078223409337e-16,-0.2814984211158788,0.00015763718134064806,0.00567493852826333,-0.8045856400767959,2.9804775851484396e-08,1.5796531201286729e-06,0.5751814411607004,3.14398699044227e-17,9.746359670371037e-16,-0.5751814411607004,3.14398699044227e-17,9.746359670371037e-16,0.40544949944616837,4.670683307897806e-18,4.442078223409337e-16,-0.40544949944616837,4.670683307897806e-18,4.442078223409337e-16,,,,,,,-9.275618567466736,3.896559845095909e-18,5.1434589955266e-16
gold_fair_sweep,a5d69e46eae2,OutcomeModelTransport,FeasibleRestricted,100,100,20000,10,0.1,2.5429008598385083,1.2343542381029546,2.335102929656298,100,-0.03490411640111754,1.0670581891298239,-0.11666291083052456,100,0.7532017781844363,0.5971410099786666,0.5811872195767591,100,-0.12336488083449686,0.9561632276744458,-0.10534825287913263,100,0.8253128485928485,0.15723347257525316,0.8737089457089459,100,0.6625236836836835,0.1649628751530884,0.6892732732732733,100,0.8355186978665771,0.15363952945006912,0.8828620943241382,100,0.8299997301768701,0.16991309279753974,0.8839720983361287,100,0.8268917724160362,0.174057003247657,0.8911439352396463,100,0.8190705796236561,0.18850045981853122,0.8943782336004471,100,6.7063537631514745,2.0956630886758036,6.85342905210548,100,5.373117493926169,1.8811470183477963,5.512554336482532,100,0.9690336066810066,0.16042632827980707,0.9972361413423381,100,0.10633809684716886,0.9384454588103894,0.06236893192339678,100,0.722176911195221,0.21706792388446666,0.7759681726886013,100,0.9065823651472141,0.5651008796277476,0.7166028387197025,100,1.6192507835621435,1.0006627701448214,1.4614696948003134,100,1.6589999299260603,0.7270130794930144,1.586848633742747,100,0.3517394226102279,0.36834631594223777,0.23247568899164806,100,1.120862029846438,0.7543242393347623,1.1321103228109357,100,0.2223141135917055,0.24659553566851172,0.14310633497226477,100,,,,0,,,,0,,,,0,,,,0,0.17502330541610717,0.09368340574370831,0.16725099086761475,100,-1.5770160437131722,1.1832715745334615e-17,4.442078223409337e-16,0.044460323992024514,0.7912012765498633,1.0,-0.12916420282844013,0.0887608426684964,1.0,0.04446032399202449,0.7912012765498633,1.0,0.32039071391071394,4.9610417082651575e-18,4.442078223409337e-16,0.30930798798798803,4.9610417082651575e-18,4.442078223409337e-16,0.3151394175171563,4.9610417082651575e-18,4.442078223409337e-16,0.33782318958542434,4.139373908714419e-18,4.442078223409337e-16,0.34541598645941973,4.670683307897806e-18,4.442078223409337e-16,0.3536891820830935,4.9610417082651575e-18,4.442078223409337e-16,2.5797537585397907,4.139373908714419e-18,4.442078223409337e-16,2.0320928325337535,4.670683307897806e-18,4.442078223409337e-16,-0.31629690443673153,1.227493043781731e-11,5.646468001395963e-10,-0.12079332789205027,0.6084337865773708,1.0,0.44423789970058997,4.813701823147399e-18,4.442078223409337e-16,-0.27144156978040035,0.0002572428248910779,0.007460041921841258,-0.785254212346882,8.465721277572117e-08,4.148203426010337e-06,0.5755456640465115,2.2731525308328643e-17,8.183349110998312e-16,-0.5755456640465115,2.2731525308328643e-17,8.183349110998312e-16,0.40641856650675073,4.670683307897806e-18,4.442078223409337e-16,-0.40641856650675073,4.670683307897806e-18,4.442078223409337e-16,,,,,,,-10.239890718460083,3.896559845095909e-18,5.1434589955266e-16
gold_fair_sweep,a5d69e46eae2,ProposedA,OracleTargetTreated,100,100,20000,10,0.1,3.4141574959737477,0.6289832621403642,3.300343077695672,100,0.11331047211839122,1.4754335887259784,0.1650367842720255,100,0.2736560819982142,0.20047454424535685,0.22934395976437655,100,0.024849707685011917,0.3394265599508429,0.0026562508331055,100,0.7210069135669137,0.04729329978627234,0.7295554655554656,100,0.5300267467467468,0.0430331846878431,0.5346746746746747,100,0.7361604266215623,0.04534003757025642,0.7450413625214318,100,0.7264470982187804,0.0914133367791463,0.7492047305091736,100,0.722791030214796,0.10964172098489139,0.7424156979877102,100,0.7103349373626466,0.15784200824933847,0.7501512278581954,100,5.975856467430374,1.8539127025249296,6.116155024072658,100,4.807015193810937,1.7026770274849625,4.863299663456754,100,1.6518060183193248,0.29809526101894096,1.6213279077760017,100,-0.1328455985559318,1.1568247563167686,-0.059189066204927185,100,0.5329480373884102,0.06896284072655649,0.5428555206229075,100,1.1471939870465502,0.37949298369043155,1.1039685857479802,100,2.8239634402041225,0.838772843562516,2.724727261802663,100,1.5107799903033523,0.7276922448410665,1.474248747448197,100,0.499959362232936,0.12827558249283216,0.489623807315131,100,1.0076415698233916,0.7764487309327995,1.0227742608847379,100,0.335534573614752,0.09372936507708673,0.3280969390577425,100,0.017650155749233815,0.007443551803415362,0.017267285351885858,100,28.48,1.0961825402806604,29.0,100,,,,0,,,,0,22.468673803806304,1.9910760719555627,22.813515782356262,100,-0.7057594075779332,3.896559845095909e-18,4.442078223409337e-16,0.19267491251153326,0.1090982647047737,1.0,-0.6087098990146622,2.292809733096876e-13,1.7654634944845945e-11,0.19267491251153326,0.1090982647047737,1.0,0.21608477888477887,3.896559845095909e-18,4.442078223409337e-16,0.17681105105105105,3.896559845095909e-18,4.442078223409337e-16,0.21578114627214134,4.0161556854627e-18,4.442078223409337e-16,0.23427055762733442,5.112831740936498e-18,4.442078223409337e-16,0.24131524425817957,6.311606041551026e-18,4.442078223409337e-16,0.24495353982208423,6.12472726248735e-18,4.442078223409337e-16,1.8492564628186898,4.670683307897806e-18,4.442078223409337e-16,1.4659905324185214,6.12472726248735e-18,4.442078223409337e-16,0.36647550720158667,2.0057374631634268e-10,7.220654867388336e-09,-0.3599770232951509,0.02143466529987932,1.0,0.25500902589377905,4.139373908714419e-18,4.442078223409337e-16,-0.030829947881064267,0.8906095152877423,1.0,0.41945844429509643,0.0004137419974298486,0.013653485915185004,0.4273257244238034,5.269204481546392e-18,4.442078223409337e-16,-0.4273257244238034,5.269204481546392e-18,4.442078223409337e-16,0.29319810648370437,6.12472726248735e-18,4.442078223409337e-16,-0.29319810648370437,6.12472726248735e-18,4.442078223409337e-16,0.017650155749233815,3.896559845095909e-18,1.9872455209989137e-16,28.48,2.117474506135886e-18,1.7157375083191304e-17,12.053759779930115,3.896559845095909e-18,5.1434589955266e-16
gold_fair_sweep,a5d69e46eae2,ProposedB_LinearStepB,OracleTargetTreated,100,100,20000,10,0.1,3.4157079336397316,0.6282610617923875,3.3318210503093275,100,0.10390652722899117,1.4744443412000612,0.17579977103272382,100,0.2854558329200256,0.20268217652275783,0.2491574808528707,100,0.015445762795611839,0.35092334912706385,-0.017633489547015047,100,0.7220173737373738,0.04772961945917181,0.7194484554484555,100,0.5307619619619619,0.0437717053557506,0.5272552552552553,100,0.7372328373446203,0.04588378058223678,0.7380039636642759,100,0.7293054089853774,0.09217869611190244,0.7429767276346422,100,0.7239168610457035,0.10408333030250128,0.7414704664423526,100,0.7122065427594224,0.16191701301865413,0.7535423125514379,100,5.996771473567665,1.8695142834328644,6.1530610349475605,100,4.812399051548542,1.693809685542281,4.949144982249997,100,1.663712505472354,0.31034047700091444,1.6195846232677698,100,-0.10538332104113954,1.163291928226231,-0.0035564260221589055,100,0.5346846868652186,0.07013716739448976,0.5302698876934164,100,1.1627517930940945,0.377213769416145,1.117608685800968,100,2.8614007797818544,0.8515188957507445,2.7168160219359385,100,1.5126383096161637,0.725558192963794,1.4954888412557983,100,0.498101042920124,0.12985082661217137,0.4715045360133195,100,1.0087183413709127,0.7734449006560883,1.0011540002670296,100,0.3344578020672308,0.08874123611669892,0.32461578861572044,100,0.02025206949347504,0.013115037242993248,0.017443724633582486,100,29.55,0.7159792333764036,30.0,100,8.058427263117716,2.18187546407442,8.14398936115787,100,10.0,0.0,10.0,100,36.91760802268982,3.6634659030236025,36.62900173664093,100,-0.7042089699119493,3.896559845095909e-18,4.442078223409337e-16,0.18327096762213319,0.13654144965238735,1.0,-0.5969101480928509,6.339428788808821e-13,4.817965879494704e-11,0.18327096762213319,0.13654144965238735,1.0,0.21709523905523906,4.139373908714419e-18,4.442078223409337e-16,0.17754626626626632,4.139373908714419e-18,4.442078223409337e-16,0.21685355699519923,4.139373908714419e-18,4.442078223409337e-16,0.2371288683939313,4.670683307897806e-18,4.442078223409337e-16,0.24244107508908722,5.269204481546392e-18,4.442078223409337e-16,0.24682514521885984,5.112831740936498e-18,4.442078223409337e-16,1.8701714689559799,4.3971135541818935e-18,4.442078223409337e-16,1.4713743901561274,5.112831740936498e-18,4.442078223409337e-16,0.37838199435461606,2.9365062132214724e-11,1.2335359433337819e-09,-0.33251474578035867,0.038143449744005256,1.0,0.2567456753705876,4.3971135541818935e-18,4.442078223409337e-16,-0.01527214183352001,0.9972566190976729,1.0,0.4568957838728292,4.6130169531979994e-05,0.0016606861031512798,0.4291840437366154,4.3971135541818935e-18,4.442078223409337e-16,-0.4291840437366154,4.3971135541818935e-18,4.442078223409337e-16,0.2942748780312255,5.112831740936498e-18,4.442078223409337e-16,-0.2942748780312255,5.112831740936498e-18,4.442078223409337e-16,0.02025206949347504,3.896559845095909e-18,1.9872455209989137e-16,29.55,1.788740883766717e-19,4.114104032663449e-18,26.50269399881363,3.896559845095909e-18,5.1434589955266e-16
gold_fair_sweep,a5d69e46eae2,ProposedB_SourceDR,FeasibleRestricted,100,100,20000,10,0.1,3.923249765701884,0.8435837893756798,3.7105574290516463,100,-0.06471201237505583,0.5721799291337675,-0.05949952093439921,100,0.9336759641532462,0.6979157752566807,0.6971520040327921,100,-0.1531727768084351,1.159285948611201,-0.2844447233098806,100,0.5767853468727399,0.10888804824176028,0.593033207033207,100,0.40888080540705046,0.0837367672326635,0.4200960960960961,100,0.5936366481334361,0.10969365175125273,0.6137492110050518,100,0.5769357635111428,0.15720871985999377,0.6082579120549765,100,0.5685040818113133,0.18199749527474757,0.6173578552133833,100,0.5463555830112062,0.25681983734287145,0.6181974127750524,100,4.757160176828894,1.8381141935072882,4.821884707602654,100,3.829740129700228,1.6536766820665698,4.0199625337844465,100,1.3179091718360245,0.2788897328602804,1.2935914330655547,100,0.1911840254395533,1.09674751423045,0.27968905879496053,100,0.3608734072400803,0.11519702157146054,0.3696738801011572,100,1.1524339954607656,0.5899082835497289,0.9867540218093466,100,2.3640307232856426,1.0468865348817729,2.195184153805391,100,1.224633261345322,0.7045721219351349,1.1576201883063693,100,0.7861060911909664,0.32017840804443987,0.698215420335466,100,0.8121865570012496,0.754061434725154,0.8388458928187732,100,0.5309895864368939,0.20855281254380625,0.4656048497332558,100,0.016493474142247354,0.012818350579748056,0.015305041655929906,100,28.33,1.907216492030925,29.0,100,8.05842726311772,2.1818754640744165,8.143989361157908,100,10.0,0.0,10.0,100,41.75702960014343,5.997592590536731,41.34626388549805,100,-0.19666713784979709,3.2326779258988665e-07,3.5559457184887534e-06,0.014652428018086252,0.9670887024899815,1.0,0.05130998314036951,0.7387436743898753,1.0,0.01465242801808625,0.9670887024899815,1.0,0.07186321219060518,1.4051360614769775e-09,1.826676879920071e-08,0.05566510971135485,8.571186883883589e-10,1.1142542949048666e-08,0.07325736778401497,7.691674678710571e-10,9.999177082323742e-09,0.08475922291969684,1.9293162111910322e-08,2.3151794534292386e-07,0.0870282958546969,2.149011483752293e-09,3.2235172256284395e-08,0.0809741854706438,1.6358933457690357e-07,2.1266613494997462e-06,0.6305601722172104,2.1308041293925754e-08,2.5569649552710906e-07,0.48871546830781243,2.3383109695574695e-09,3.507466454336204e-08,0.032578660718286266,0.5916968660875195,1.0,-0.03594739929966587,0.9862837441089826,1.0,0.0829343957454492,7.75330120781005e-11,8.528631328591055e-10,-0.02558993946684848,0.5845892174029008,1.0,-0.04047427262338316,0.687475023529822,1.0,0.14117899546577328,1.7593146167295487e-06,2.2871090017484134e-05,-0.14117899546577328,1.7593146167295487e-06,2.2871090017484134e-05,0.09774309366156246,2.3383109695574695e-09,3.507466454336204e-08,-0.09774309366156246,2.3383109695574695e-09,3.507466454336204e-08,0.016493474142247354,3.896559845095909e-18,1.9872455209989137e-16,28.33,2.214441803383959e-18,1.7157375083191304e-17,31.342115576267243,3.896559845095909e-18,5.1434589955266e-16
gold_fair_sweep,a5d69e46eae2,ProxyOnly,FeasibleRestricted,100,100,20000,10,0.1,4.1199169035516805,0.8187441102120268,3.904339961614757,100,-0.07936444039314204,1.7186658879416552,0.13273076533318123,100,0.8823659810128766,0.666654694387271,0.7217592570855142,100,-0.16782520482652136,1.0965458263564958,-0.11524045246267783,100,0.5049221346821346,0.12250502427914464,0.5316447696447697,100,0.3532156956956958,0.09173191513304088,0.37003803803803803,100,0.520379280349421,0.12438235391200211,0.5427347610748222,100,0.492176540591446,0.2056964545077458,0.5423018100887104,100,0.48147578595661644,0.2425886974801702,0.5534685390197971,100,0.4653813975405625,0.3178796105428158,0.5670197814096067,100,4.126600004611684,1.897093090183361,4.379427596856906,100,3.3410246613924155,1.718692794477164,3.7356084216424943,100,1.285330511117738,0.39604119206424715,1.2649786068932651,100,0.22713142473921916,1.44579689527508,0.09341748581369914,100,0.277939011494631,0.1203949383638762,0.28800644092778743,100,1.1780239349276145,0.5493739974463984,1.073856273070466,100,2.4045049959090257,0.9348317248477157,2.294049643033399,100,1.083454265879549,0.7219317959001124,1.064157416926745,100,0.9272850866567395,0.36198683173307816,0.8552677496146897,100,0.7144434633396871,0.7643793999807965,0.7651614169689948,100,0.6287326800984564,0.2398013886910338,0.5661870489651488,100,0.0,0.0,0.0,100,0.0,0.0,0.0,100,,,,0,,,,0,10.41491402387619,1.617367992985499,10.21930742263794,100,,,,,,,,,,,,,,,,,,,,,,,,,,,,,,,,,,,,,,,,,,,,,,,,,,,,,,,,,,,,,,,,,,,,,,,,
gold_fair_sweep,a5d69e46eae2,TargetOnlyDR,OracleTargetTreated,100,100,20000,10,0.1,3.491553162424767,0.6426638450702837,3.3477761350601094,100,0.12160870846097165,1.4816604076394215,0.11296959060592454,100,0.34447998138576735,0.2658761567038782,0.3028105653345473,100,0.03314794402759235,0.43525320713590626,-0.03158811759654745,100,0.686685226965227,0.05543174442756699,0.6852117372117372,100,0.49916984984984986,0.0477804778735188,0.4955655655655656,100,0.7025226331269314,0.05388368523785208,0.7002589310632041,100,0.6844730543576651,0.10572565131474045,0.7090689406770783,100,0.6900236695226218,0.11966422715568534,0.7215041366357495,100,0.6716970864406305,0.18235728618078534,0.7177737310246901,100,5.662749614813489,1.8548638473680945,5.819699934523953,100,4.609363701694086,1.6749580884883213,4.681935598624804,100,1.4725761095640078,0.23677734267825679,1.4554934127738586,100,-0.12146014425062077,0.9866947179772295,-0.09542567952327421,100,0.47911684976459523,0.07835318863254412,0.48670017440023305,100,1.0267174119012417,0.3126087846262433,1.0246217386216783,100,2.3973714061951092,0.7752255946998263,2.294823500781919,100,1.4661353807784456,0.7069315069825625,1.4302562057822232,100,0.5446039717578427,0.15713460354256853,0.510030746932565,100,0.9681112714000215,0.7611539426667933,0.9492676852757944,100,0.37506487203812205,0.10006671159787318,0.35633299119321526,100,0.0,0.0,0.0,100,0.0,0.0,0.0,100,,,,0,,,,0,18.344916779994964,3.106152202207735,18.59174931049347,100,-0.6283637411269146,3.896559845095909e-18,4.442078223409337e-16,0.20097314885411371,0.11610962557336571,1.0,-0.537885999627109,3.7070625821242335e-11,2.5208025558444787e-09,0.20097314885411371,0.11610962557336571,1.0,0.1817630922830923,4.813701823147399e-18,4.442078223409337e-16,0.14595415415415414,4.670683307897806e-18,4.442078223409337e-16,0.18214335277751043,4.670683307897806e-18,4.442078223409337e-16,0.19229651376621892,8.519072542858556e-18,4.442078223409337e-16,0.20854788356600554,4.9610417082651575e-18,4.442078223409337e-16,0.20631568890006807,7.55704804907942e-18,4.442078223409337e-16,1.5361496102018048,6.702409068617996e-18,4.442078223409337e-16,1.2683390403016708,5.269204481546392e-18,4.442078223409337e-16,0.1872455984462697,2.471036938663164e-06,6.177592346657911e-05,-0.3485915689898399,0.03535622621959651,1.0,0.20117783826996427,4.9610417082651575e-18,4.442078223409337e-16,-0.15130652302637285,0.04961324326130095,0.7441986489195143,-0.007133589713916766,0.8204786096104631,1.0,0.38268111489889683,6.702409068617996e-18,4.442078223409337e-16,-0.38268111489889683,6.702409068617996e-18,4.442078223409337e-16,0.2536678080603341,5.269204481546392e-18,4.442078223409337e-16,-0.2536678080603341,5.269204481546392e-18,4.442078223409337e-16,0.0,,,0.0,,,7.930002756118775,6.906672275406012e-18,5.1434589955266e-16
gold_fair_sweep,ce4daf7737a1,AnchorOnly,infeasible_no_target_treated,500,0,20000,10,0.1,,,,0,,,,0,,,,0,,,,0,,,,0,,,,0,,,,0,,,,0,,,,0,,,,0,,,,0,,,,0,,,,0,,,,0,,,,0,,,,0,,,,0,,,,0,,,,0,,,,0,,,,0,,,,0,,,,0,,,,0,,,,0,0.0,0.0,0.0,100,,,,,,,,,,,,,,,,,,,,,,,,,,,,,,,,,,,,,,,,,,,,,,,,,,,,,,,,,,,,,,,,,,,,,,-13.277173256874084,3.896559845095909e-18,5.1434589955266e-16
gold_fair_sweep,ce4daf7737a1,AnchorPlugin,FeasibleRestricted,500,0,20000,10,0.1,2.8622310945646148,0.8798846256595441,2.715872037956368,100,0.1630870499040218,1.0533391630941757,0.13180137403645267,100,0.6823961028110185,0.47790548512769176,0.6626805033920478,100,0.11996719208852585,0.8271785012140678,0.17753946731940862,100,0.7734225884625886,0.10528019687522244,0.8061508881508881,100,0.5859094294294295,0.0979727223502127,0.6107887887887888,100,0.7868369492728244,0.10162428670813652,0.81823485440674,100,0.7773550151243122,0.10945012755208564,0.8038812937132521,100,0.7753728774567644,0.12487122855501852,0.8066506931351599,100,0.7708811867779558,0.1316864794201545,0.8130984363607499,100,6.121491905035523,1.8054208955071656,6.09484943166662,100,4.895962402743189,1.6495621416810895,4.94672028419286,100,1.0261774956483911,0.13952959145901364,1.0082963513711265,100,-0.10017824410249297,0.8159346837885832,-0.15481083855033703,100,0.6278365336514977,0.143633537459152,0.668588588402329,100,0.7925755067137024,0.419607339292203,0.7429739299493701,100,1.4464691799975453,0.6302853593028629,1.3247652236390128,100,1.3763227470873485,0.7109851320684153,1.4220557242473078,100,0.40251493792485066,0.238309888795659,0.3419104406422616,100,0.877017759094354,0.7472446406928188,1.015769468967088,100,0.2750916841486537,0.17282231555666538,0.2244820272187129,100,0.002961548429126803,0.0023615470559578337,0.002371645079669192,100,29.82,0.41145221993924064,30.0,100,,,,0,,,,0,11.827287235260009,1.5845589030773022,11.740409970283508,100,-0.9108421340617987,3.896559845095909e-18,4.442078223409337e-16,-0.08034270603865959,0.33395948157301447,1.0,-0.21386971622238907,0.0008419764864644986,0.044624753782618425,-0.08034270603865959,0.33395948157301447,1.0,0.18120282660282658,3.896559845095909e-18,4.442078223409337e-16,0.16454634634634638,3.896559845095909e-18,4.442078223409337e-16,0.17793368862252848,3.896559845095909e-18,4.442078223409337e-16,0.18102335839182934,4.0161556854627e-18,4.442078223409337e-16,0.19009853921993275,4.0161556854627e-18,4.442078223409337e-16,0.20024745360925794,3.896559845095909e-18,4.442078223409337e-16,1.364032732998294,4.0161556854627e-18,4.442078223409337e-16,1.112185493277316,4.0161556854627e-18,4.442078223409337e-16,-0.2653160493507794,3.899148553775431e-14,2.3394891322652586e-12,0.15775830361889398,0.23148705096597544,1.0,0.250261943780234,3.896559845095909e-18,4.442078223409337e-16,-0.35272599424863893,7.632229041158921e-09,6.334750104161904e-07,-0.8935009764852192,4.124029919832563e-13,3.629146329452656e-11,0.3793903044221937,4.139373908714419e-18,4.442078223409337e-16,-0.3793903044221937,4.139373908714419e-18,4.442078223409337e-16,0.22243709865546324,4.0161556854627e-18,4.442078223409337e-16,-0.22243709865546324,4.0161556854627e-18,4.442078223409337e-16,0.002961548429126803,3.896559845095909e-18,1.9872455209989137e-16,29.82,7.139362774507876e-21,2.2132024600974415e-19,-1.4498860216140748,6.0921876974906445e-09,6.0921876974906445e-09
gold_fair_sweep,ce4daf7737a1,DRLearner_PooledNoSite,infeasible_no_target_treated,500,0,20000,10,0.1,,,,0,,,,0,,,,0,,,,0,,,,0,,,,0,,,,0,,,,0,,,,0,,,,0,,,,0,,,,0,,,,0,,,,0,,,,0,,,,0,,,,0,,,,0,,,,0,,,,0,,,,0,,,,0,,,,0,,,,0,,,,0,0.0,0.0,0.0,100,,,,,,,,,,,,,,,,,,,,,,,,,,,,,,,,,,,,,,,,,,,,,,,,,,,,,,,,,,,,,,,,,,,,,,-13.277173256874084,3.896559845095909e-18,5.1434589955266e-16
gold_fair_sweep,ce4daf7737a1,DRLearner_PooledWithSite,infeasible_no_target_treated,500,0,20000,10,0.1,,,,0,,,,0,,,,0,,,,0,,,,0,,,,0,,,,0,,,,0,,,,0,,,,0,,,,0,,,,0,,,,0,,,,0,,,,0,,,,0,,,,0,,,,0,,,,0,,,,0,,,,0,,,,0,,,,0,,,,0,,,,0,0.0,0.0,0.0,100,,,,,,,,,,,,,,,,,,,,,,,,,,,,,,,,,,,,,,,,,,,,,,,,,,,,,,,,,,,,,,,,,,,,,,-13.277173256874084,3.896559845095909e-18,5.1434589955266e-16
gold_fair_sweep,ce4daf7737a1,EntropyBalancing,FeasibleRestricted,500,0,20000,10,0.1,2.3954940861166825,1.1353704255409633,2.2158385966171377,100,0.13095552377093014,1.0828264699642154,0.14764611754043375,100,0.7607203017816744,0.5441458407616073,0.6852223745486323,100,0.0878356659554342,0.9342603742295277,0.027136641048383148,100,0.8448711646311646,0.13889121751790018,0.8726005946005947,100,0.67900968968969,0.1444982876198131,0.6885185185185185,100,0.8549309198399624,0.1342683533621145,0.881906502015654,100,0.8511504947535813,0.1406852788239408,0.8832101152347598,100,0.8504143712909965,0.1407760933979376,0.8832032289981111,100,0.8467149104123507,0.1469107439176868,0.8848973156486579,100,6.665154954735333,1.964807034954507,6.692294777351453,100,5.325456284220789,1.760190661488453,5.240661748766843,100,0.9499664455176813,0.1640053825222044,0.9647787183904561,100,-0.07408626628929368,0.9315015425637398,-0.039829183577935655,100,0.7489532439417979,0.18948729171138304,0.779323450531322,100,0.8869722976761455,0.5524655171736861,0.7682525386229192,100,1.6006041882080293,1.0056507055672304,1.3773392257258656,100,1.4746218883194968,0.6953704334405891,1.4466440293915972,100,0.3042157966927028,0.30666812995214526,0.2172967561291892,100,0.9629165353898742,0.7422586405755823,1.0933023759211242,100,0.18919290785313347,0.19918282004455307,0.1419386708966469,100,,,,0,,,,0,,,,0,,,,0,4.322785534858704,1.0416959732062474,4.2407907247543335,100,-1.3775791425097308,1.7939298766693858e-17,4.843610667007342e-16,-0.11247423217175122,0.41711035916476014,1.0,-0.135545517251733,0.16480744054104957,1.0,-0.11247423217175126,0.41711035916476014,1.0,0.25265140277140286,5.269204481546392e-18,4.442078223409337e-16,0.25764660660660665,5.269204481546392e-18,4.442078223409337e-16,0.24602765918966654,5.112831740936498e-18,4.442078223409337e-16,0.2548188380210984,4.3971135541818935e-18,4.442078223409337e-16,0.2651400330541646,4.2663227307182344e-18,4.442078223409337e-16,0.27608117724365305,5.430296382634715e-18,4.442078223409337e-16,1.907695782698105,4.139373908714419e-18,4.442078223409337e-16,1.5416793747549173,4.139373908714419e-18,4.442078223409337e-16,-0.34152709948148946,3.537195355033052e-15,2.334548934321814e-13,0.18385028143209325,0.3843571402742828,1.0,0.3713786540705341,4.813701823147399e-18,4.442078223409337e-16,-0.25832920328619574,0.00206487521136988,0.045427254650137354,-0.7393659682747348,1.4819472203436094e-06,5.779594159340077e-05,0.4776894456543415,9.601770743442903e-18,4.442078223409337e-16,-0.4776894456543415,9.601770743442903e-18,4.442078223409337e-16,0.3083358749509834,4.139373908714419e-18,4.442078223409337e-16,-0.3083358749509834,4.139373908714419e-18,4.442078223409337e-16,,,,,,,-8.954387722015381,3.896559845095909e-18,5.1434589955266e-16
gold_fair_sweep,ce4daf7737a1,IPWTransport,FeasibleRestricted,500,0,20000,10,0.1,2.393258849739217,1.1352122874397104,2.210115615670291,100,0.13014590496026673,1.0845304202929393,0.15976766847253637,100,0.7648404024024162,0.5423254686320365,0.6890525368263692,100,0.08702604714477079,0.9366731656482911,0.027855468875727207,100,0.845369378849379,0.1386233545842654,0.8727325167325168,100,0.6796158558558558,0.14439709428925548,0.6889589589589591,100,0.8554095702285069,0.1339859076328049,0.8816937378683793,100,0.8523295847108363,0.13954173484109386,0.8852534140810064,100,0.8516791467124927,0.13950392770011175,0.8853159917310018,100,0.8472922269124551,0.14685925403601632,0.8862963059553213,100,6.673923538648836,1.9594606907578573,6.693445244569711,100,5.332521940745757,1.7562781095875843,5.2496113787032215,100,0.9509009167199488,0.16377091101578592,0.966106186462548,100,-0.07397801307564439,0.934356602782168,-0.020058120146413966,100,0.7497133266931284,0.1892614761863837,0.7790454211586056,100,0.8884981013893669,0.5515850813007803,0.7674698238245976,100,1.5996031706740006,1.0116716187467238,1.373128267309935,100,1.475837303791628,0.6957560116951751,1.44734688411639,100,0.30300038122057166,0.30701594737060417,0.21778444994272816,100,0.9643296666948674,0.7420790459578399,1.0956304999229232,100,0.18777977654814001,0.19799255720461725,0.14052423814452375,100,,,,0,,,,0,,,,0,,,,0,1.2742754006385804,0.35780813164083225,1.2044612169265747,100,-1.379814378887196,1.8478899002670448e-17,4.843610667007342e-16,-0.11328385098241464,0.4210690066046685,1.0,-0.13142541663099108,0.17551316159696428,1.0,-0.11328385098241464,0.4210690066046685,1.0,0.2531496169896171,5.112831740936498e-18,4.442078223409337e-16,0.2582527727727728,5.112831740936498e-18,4.442078223409337e-16,0.2465063095782111,5.112831740936498e-18,4.442078223409337e-16,0.2559979279783536,4.0161556854627e-18,4.442078223409337e-16,0.2664048084756607,4.2663227307182344e-18,4.442078223409337e-16,0.27665849374375734,5.269204481546392e-18,4.442078223409337e-16,1.9164643666116095,4.0161556854627e-18,4.442078223409337e-16,1.5487450312798845,4.139373908714419e-18,4.442078223409337e-16,-0.3405926282792217,3.9478812837561016e-15,2.566122834441466e-13,0.18395853464574258,0.38061003668382276,1.0,0.3721387368218651,4.813701823147399e-18,4.442078223409337e-16,-0.2568033995729742,0.002137550186217589,0.045427254650137354,-0.7403669858087634,1.268671971131564e-06,5.074687884526256e-05,0.47890486112647274,9.044445868078014e-18,4.442078223409337e-16,-0.4789048611264727,9.044445868078014e-18,4.442078223409337e-16,0.30974900625597696,4.139373908714419e-18,4.442078223409337e-16,-0.30974900625597696,4.139373908714419e-18,4.442078223409337e-16,,,,,,,-12.002897856235505,3.896559845095909e-18,5.1434589955266e-16
gold_fair_sweep,ce4daf7737a1,OutcomeModelTransport,FeasibleRestricted,500,0,20000,10,0.1,2.373133123600627,1.138830387013267,2.157748432411001,100,0.1324891756138435,1.0798804606055232,0.12161873684553405,100,0.7504909391838427,0.5533623444898847,0.6425297862325371,100,0.08936931779834759,0.9311649922096624,0.007288436123779385,100,0.8477735636135638,0.1368276596139871,0.8711369171369171,100,0.6829380980980982,0.1446244891929732,0.6877617617617617,100,0.8577125711060775,0.13195709263451513,0.8835162560146896,100,0.8540473968878807,0.13724949056851826,0.8886003262793665,100,0.8517891535827761,0.13927536342417382,0.8870794295566102,100,0.8489112227969662,0.14470386100214458,0.8846396279293331,100,6.692635788184618,1.9621642505473122,6.724974738503796,100,5.34007801063874,1.767510701328799,5.2525057903789225,100,0.9548697644860298,0.15860478266139383,0.9815667074214446,100,-0.07655781341944015,0.9300323599083296,-0.031120981931331837,100,0.7530776187811573,0.18882575505323432,0.7819211794205609,100,0.8776703890330289,0.5562427412747,0.7705219773901212,100,1.5684401420516014,0.9896773148144344,1.3062655449849534,100,1.479918318841813,0.6953439970235749,1.4641790889846762,100,0.29891936617038634,0.30245946248542516,0.22447340889710166,100,0.9658408806734642,0.7388147754489199,1.0955911246192849,100,0.1862685625695434,0.19647332660925376,0.1390256671196077,100,,,,0,,,,0,,,,0,,,,0,0.24031911611557008,0.09873180692645404,0.23833060264587402,100,-1.3999401050257865,1.4146791640488978e-17,4.442078223409337e-16,-0.11094058032883787,0.439153713588891,1.0,-0.14577487984956497,0.14205948812602384,1.0,-0.11094058032883786,0.439153713588891,1.0,0.25555380175380177,4.670683307897806e-18,4.442078223409337e-16,0.2615750150150151,4.670683307897806e-18,4.442078223409337e-16,0.24880931045578158,4.3971135541818935e-18,4.442078223409337e-16,0.257715740155398,3.896559845095909e-18,4.442078223409337e-16,0.26651481534594434,4.0161556854627e-18,4.442078223409337e-16,0.27827748962826854,4.670683307897806e-18,4.442078223409337e-16,1.9351766161473904,3.896559845095909e-18,4.442078223409337e-16,1.5563011011728674,4.0161556854627e-18,4.442078223409337e-16,-0.3366237805131408,4.286370939217291e-15,2.743277401099066e-13,0.18137873430194681,0.36402735891799287,1.0,0.3755030289098938,4.670683307897806e-18,4.442078223409337e-16,-0.2676311119293123,0.00150574600474857,0.03463215810921711,-0.771530014431163,6.401463443361688e-07,2.6246000117782922e-05,0.48298587617665795,8.023842397878198e-18,4.442078223409337e-16,-0.48298587617665795,8.023842397878198e-18,4.442078223409337e-16,0.3112602202345735,4.0161556854627e-18,4.442078223409337e-16,-0.3112602202345735,4.0161556854627e-18,4.442078223409337e-16,,,,,,,-13.036854140758514,3.896559845095909e-18,5.1434589955266e-16
gold_fair_sweep,ce4daf7737a1,ProposedA,infeasible_no_target_treated,500,0,20000,10,0.1,,,,0,,,,0,,,,0,,,,0,,,,0,,,,0,,,,0,,,,0,,,,0,,,,0,,,,0,,,,0,,,,0,,,,0,,,,0,,,,0,,,,0,,,,0,,,,0,,,,0,,,,0,,,,0,,,,0,,,,0,,,,0,0.0,0.0,0.0,100,,,,,,,,,,,,,,,,,,,,,,,,,,,,,,,,,,,,,,,,,,,,,,,,,,,,,,,,,,,,,,,,,,,,,,-13.277173256874084,3.896559845095909e-18,5.1434589955266e-16
gold_fair_sweep,ce4daf7737a1,ProposedB_LinearStepB,infeasible_no_target_treated,500,0,20000,10,0.1,,,,0,,,,0,,,,0,,,,0,,,,0,,,,0,,,,0,,,,0,,,,0,,,,0,,,,0,,,,0,,,,0,,,,0,,,,0,,,,0,,,,0,,,,0,,,,0,,,,0,,,,0,,,,0,,,,0,,,,0,,,,0,0.0,0.0,0.0,100,,,,,,,,,,,,,,,,,,,,,,,,,,,,,,,,,,,,,,,,,,,,,,,,,,,,,,,,,,,,,,,,,,,,,,-13.277173256874084,3.896559845095909e-18,5.1434589955266e-16
gold_fair_sweep,ce4daf7737a1,ProposedB_SourceDR,FeasibleRestricted,500,0,20000,10,0.1,3.786012609744381,0.8507649934305893,3.580321793637207,100,0.12314568541770962,0.5532442680263597,0.06917061176500915,100,0.9576021837919096,0.601878857078864,0.8095650138181385,100,0.08002582760221369,1.1322782014982316,0.10832895063894882,100,0.5790468611493541,0.11265182167782763,0.6062640782640782,100,0.4107145087279328,0.08528487552273133,0.42870470470470473,100,0.5964227084680915,0.11280535073143695,0.624153346796112,100,0.5891940155188435,0.15314884508486593,0.6146805982041663,100,0.5765304948344423,0.1692506653380752,0.5986530570995658,100,0.5579230176321781,0.19663689912689597,0.6102808941605455,100,4.735276707594931,1.9334020581603084,4.689091724791492,100,3.761947124333192,1.7607828895660198,3.7703856382516525,100,1.2512457828435541,0.2721263842461085,1.253751926394242,100,-0.10664377286894655,1.094680716013119,-0.12195028432783547,100,0.36525224128832606,0.10866340197290018,0.3848348695812597,100,1.1243981807861798,0.5235370279151763,1.050192494406914,100,2.3263224450095357,0.8808100737025107,2.2361906977489947,100,1.0203519516360666,0.6839883546570016,0.9391214519659786,100,0.7584857333761331,0.2972205621610752,0.7165476992138068,100,0.6502147034123543,0.7304716926818652,0.7582214939597518,100,0.5018947398306532,0.19108913794879187,0.4661731780039468,100,0.002921967828491889,0.0023140633810199355,0.002239529816987125,100,29.85,0.35887028128263665,30.0,100,8.237937573709324,1.8403041078559699,8.457098916471722,100,10.0,0.0,10.0,100,50.278638207912444,4.700234815732237,50.63503563404083,100,0.012939381117967698,0.451454035881917,1.0,-0.12028407052497175,0.5091522042708133,1.0,0.061336364758502085,0.42905212231325207,1.0,-0.1202840705249718,0.5091522042708133,1.0,-0.013172900710407767,0.15460097100352582,0.9276058260211549,-0.010648574355150398,0.1496812949935662,0.8980877699613972,-0.012480552182204285,0.20576253719593485,1.0,-0.007137641213639185,0.8018158769149264,1.0,-0.00874384340238931,0.42305657051311696,1.0,-0.012710715536519715,0.41317373945790214,1.0,-0.02218246444229718,0.9151157833041156,1.0,-0.021829785132681637,0.5473692910808176,1.0,-0.04024776215561666,0.27422378711525397,1.0,0.1512927748524404,0.5519569797477354,1.0,-0.012322348582937633,0.2579671879817931,1.0,-0.020903320176161474,0.8824627520873338,1.0,-0.013647711473228692,0.9862837441089826,1.0,0.023419508970911287,0.44527966341666914,1.0,-0.023419508970911284,0.44527966341666914,1.0,-0.00436595702653631,0.5473692910808176,1.0,0.004365957026536311,0.5473692910808176,1.0,0.002921967828491889,3.896559845095909e-18,1.9872455209989137e-16,29.85,4.174181441079678e-21,1.4609635043778871e-19,37.00146495103836,3.896559845095909e-18,5.1434589955266e-16
gold_fair_sweep,ce4daf7737a1,ProxyOnly,FeasibleRestricted,500,0,20000,10,0.1,3.7730732286264117,0.8366667116289328,3.705473334824567,100,0.24342975594268135,1.6486403428195788,0.2883823942385743,100,0.8962658190334075,0.6518356531641528,0.7528290398520419,100,0.20030989812718547,1.093511249672394,0.08091661430246216,100,0.5922197618597618,0.10501389800275829,0.6209355749355749,100,0.42136308308308307,0.08252641212719763,0.44162562562562563,100,0.6089032606502959,0.10471793029195753,0.6379384468142231,100,0.5963316567324828,0.14257475914874557,0.6296325499646703,100,0.5852743382368317,0.15922726028797599,0.6144826414438149,100,0.5706337331686977,0.19287080396466558,0.6210234233283536,100,4.757459172037227,1.7962340929058869,4.823155894706662,100,3.783776909465873,1.6409773075933982,3.893155662722042,100,1.291493544999171,0.31229791396984774,1.233437028815021,100,-0.25793654772138697,1.5832496463865053,-0.32560487071268296,100,0.37757458987126363,0.11658191786316721,0.4002709982444347,100,1.1453015009623413,0.556682401307845,1.0107738133682935,100,2.3399701564827646,0.9098942790486533,2.2415759757316893,100,0.9969324426651553,0.7946361618097828,1.0630392164515918,100,0.7819052423470443,0.2897275465192638,0.7374563332510234,100,0.6545806604388906,0.740457815311617,0.7431489234228722,100,0.49752878280411694,0.19712358067140154,0.459082534555367,100,0.0,0.0,0.0,100,0.0,0.0,0.0,100,,,,0,,,,0,13.277173256874084,1.4556563110262817,13.294980645179749,100,,,,,,,,,,,,,,,,,,,,,,,,,,,,,,,,,,,,,,,,,,,,,,,,,,,,,,,,,,,,,,,,,,,,,,,,
gold_fair_sweep,ce4daf7737a1,TargetOnlyDR,infeasible_no_target_treated,500,0,20000,10,0.1,,,,0,,,,0,,,,0,,,,0,,,,0,,,,0,,,,0,,,,0,,,,0,,,,0,,,,0,,,,0,,,,0,,,,0,,,,0,,,,0,,,,0,,,,0,,,,0,,,,0,,,,0,,,,0,,,,0,,,,0,,,,0,0.0,0.0,0.0,100,,,,,,,,,,,,,,,,,,,,,,,,,,,,,,,,,,,,,,,,,,,,,,,,,,,,,,,,,,,,,,,,,,,,,,-13.277173256874084,3.896559845095909e-18,5.1434589955266e-16
gold_fair_sweep,e052eb5434b2,AnchorOnly,OracleTargetTreated,500,500,20000,10,0.1,3.2041947348969866,0.7487017222368444,3.054987960348997,100,-0.1003639175859383,1.3206998277704955,-0.17056391168592971,100,0.13438271859360346,0.1046336036602231,0.11089598084550234,100,0.02038631764129929,0.16961579345183048,0.019259141726074736,100,0.7419053219453221,0.030594947675008526,0.7412202812202813,100,0.5490304304304304,0.028563027232378194,0.5477377377377378,100,0.7577054988665007,0.02834327177683957,0.7577265499456516,100,0.7572355179057433,0.07359322964159823,0.7639760754379301,100,0.7426349905330075,0.08090020622843688,0.7506850435098498,100,0.732554005889416,0.09551559802461503,0.7582467445595076,100,6.040315885456558,2.0086830947652423,6.0007139629244,100,4.738298589738514,1.7563674165758718,4.8119762481157125,100,1.4849068488589146,0.19748997027516038,1.4493179149086317,100,0.03066916766769187,0.7240818191979449,0.04144339381904372,100,0.5694653184283237,0.04269101549629555,0.5664255780753868,100,0.9428168570161207,0.31446689508216774,0.8913453810294745,100,2.458750188711663,0.838097954374612,2.385523861683401,100,1.4220087053330448,0.7029154858275062,1.4395187896933208,100,0.43936255312251227,0.12149594148968419,0.4175090397178033,100,0.9733321802619284,0.7571826257853101,0.998210618996579,100,0.30573879435587187,0.08511068765583729,0.2959708241114152,100,0.0007834143297151562,0.0009346863138678398,0.00041208889561750785,100,14.36,0.611671001553461,14.0,100,,,,0,,,,0,19.040498192310334,1.2988862201343825,19.000120520591736,100,-0.6890004982869706,4.0161556854627e-18,4.442078223409337e-16,0.03830587303515581,0.7648376056140332,1.0,-0.738672473683514,1.134379077275681e-16,9.869097972298426e-15,0.03830587303515581,0.7648376056140332,1.0,0.15807273159273158,5.596247901468035e-18,4.442078223409337e-16,0.13376724724724726,5.269204481546392e-18,4.442078223409337e-16,0.15833241866875547,5.112831740936498e-18,4.442078223409337e-16,0.1853626958572159,9.601770743442903e-18,4.442078223409337e-16,0.1771023592782123,9.601770743442903e-18,4.442078223409337e-16,0.17377531109242705,8.777880718979924e-18,4.442078223409337e-16,1.485678102442906,1.082004916926409e-17,4.977222617861481e-16,1.1210733311528345,7.117077537219983e-18,4.442078223409337e-16,0.1839268863207321,1.6457288122856623e-05,0.0003785176268257023,0.02378535377664247,0.947912712213223,1.0,0.2010460041607325,5.269204481546392e-18,4.442078223409337e-16,-0.23203170480815133,0.00021013147514216076,0.006953023851353365,-0.03171323969921788,0.8581003268196077,1.0,0.37464785429468156,8.267798584515514e-18,4.442078223409337e-16,-0.37464785429468156,8.267798584515514e-18,4.442078223409337e-16,0.2242146662305669,7.117077537219983e-18,4.442078223409337e-16,-0.2242146662305669,7.117077537219983e-18,4.442078223409337e-16,0.0007834143297151562,3.896559845095909e-18,1.9872455209989137e-16,14.36,4.244782879390219e-19,7.216130894963372e-18,7.976968743801117,3.896559845095909e-18,5.1434589955266e-16
gold_fair_sweep,e052eb5434b2,AnchorPlugin,FeasibleRestricted,500,500,20000,10,0.1,3.0098353320078517,1.138524314394448,2.7506794044882783,100,-0.08305943731064086,0.9738988993200655,-0.16278030225581122,100,0.6418859597173919,0.44204399451682935,0.5503949709123998,100,0.03769079791659672,0.7811192779958808,0.0643494512534677,100,0.7560625515025516,0.11883788904638001,0.7899722979722981,100,0.5711415415415415,0.11100747469388428,0.5949949949949951,100,0.7693881160643414,0.11576889981107273,0.8030638688516347,100,0.7553646790031496,0.1260234653152881,0.7901472381403793,100,0.7530867465719154,0.13633629826533278,0.7924909590856588,100,0.743741174544948,0.14701386106066772,0.7928055623827461,100,5.928521170663817,1.821098674157163,5.7016802511958735,100,4.7200837429316085,1.6606175956169187,4.517809290884486,100,1.02859944789691,0.15215063655352717,1.0342687328760019,100,-0.03621900772603059,0.7726987550828803,-0.028497909005285663,100,0.6035056242715114,0.16348785750660477,0.6437812958591596,100,0.7754541620916409,0.40969648580616863,0.696699171448853,100,1.4647877696942309,0.7225972436669341,1.43623083092336,100,1.4109814559588656,0.7096893272047088,1.4388582455089214,100,0.4503898024966915,0.29877920060158847,0.35405563499248205,100,0.969689210900547,0.7657395244173935,0.943194122424568,100,0.3093817637172532,0.21314487641668162,0.23467016453421186,100,0.0028334268547674972,0.0026046597809131354,0.0019608576551892786,100,29.72,0.5699548094792121,30.0,100,,,,0,,,,0,9.138984925746918,0.8616991697070701,9.124475836753845,100,-0.8833599011761047,3.896559845095909e-18,4.442078223409337e-16,0.055610353310453234,0.5224792307772006,1.0,-0.23116923255972582,0.0013209204674027345,0.0686878643049422,0.05561035331045324,0.5224792307772006,1.0,0.17222996114996117,4.0161556854627e-18,4.442078223409337e-16,0.15587835835835837,4.0161556854627e-18,4.442078223409337e-16,0.17001503586659608,3.896559845095909e-18,4.442078223409337e-16,0.183491856954622,4.139373908714419e-18,4.442078223409337e-16,0.18755411531711988,4.0161556854627e-18,4.442078223409337e-16,0.18496247974795893,4.3971135541818935e-18,4.442078223409337e-16,1.3738833876501633,4.0161556854627e-18,4.442078223409337e-16,1.1028584843459284,4.0161556854627e-18,4.442078223409337e-16,-0.27238051464127233,2.7431230839112666e-13,1.5087176961511966e-11,-0.04310282161707994,0.451454035881917,1.0,0.23508631000392022,3.896559845095909e-18,4.442078223409337e-16,-0.3993943997326312,7.949064304247351e-13,7.154157873822616e-11,-1.0256756587166493,7.452269101258844e-16,6.856087573158136e-14,0.36362060492050224,4.531861061109546e-18,4.442078223409337e-16,-0.36362060492050224,4.531861061109546e-18,4.442078223409337e-16,0.2205716968691856,4.0161556854627e-18,4.442078223409337e-16,-0.2205716968691856,4.0161556854627e-18,4.442078223409337e-16,0.0028334268547674972,3.896559845095909e-18,1.9872455209989137e-16,29.72,2.862342283136343e-20,7.728324164468127e-19,-1.9245445227622986,3.2793460288037097e-16,3.2793460288037096e-15
gold_fair_sweep,e052eb5434b2,DRLearner_PooledNoSite,OracleTargetTreated,500,500,20000,10,0.1,2.4436521831713076,1.210018246111205,2.11294399071081,100,-0.10822460159431348,1.0770048165153339,-0.1617954498669481,100,0.6165836538455232,0.4933738030244598,0.5492568147205005,100,0.01252563363292412,0.7920068124817329,-0.02977617260101234,100,0.8425799984999984,0.11645508499901519,0.8681999381999382,100,0.6732944144144145,0.13187774935248966,0.6851411411411412,100,0.8532999174959336,0.11135797232885697,0.8806295830649563,100,0.8486822640662272,0.12023612193621783,0.8879294727952138,100,0.8481757795349456,0.12081439516021375,0.8825192900400625,100,0.8446150603182169,0.12266965629452908,0.8732389252429691,100,6.637423560258626,1.9620871562997038,6.351079811102489,100,5.28667588106079,1.7378838177052627,5.09038164092571,100,0.978510425359446,0.15272689010190305,0.9744319000740151,100,0.03727063767517882,0.8010979374839966,0.07748264067874283,100,0.7402023686595062,0.17324926418696263,0.7764802138856739,100,0.7735083147033511,0.5038412706700051,0.6867861004668973,100,1.4559564047661757,1.016028584317228,1.1858779549106497,100,1.5588753707544558,0.713505319253898,1.5679695774289906,100,0.30249588770110153,0.2633844953321599,0.20935501371550905,100,1.083007638526383,0.7730400011619514,1.071625241961402,100,0.19606333609141696,0.18369251882506096,0.13996600061780012,100,,,,0,,,,0,,,,0,,,,0,0.5782635140419007,0.30866099907952893,0.5686269998550415,100,-1.449543050012649,3.896559845095909e-18,4.442078223409337e-16,0.030445189026780617,0.9123884418157544,1.0,-0.2564715384315943,0.002238099402043779,0.11190497010218894,0.030445189026780617,0.9123884418157544,1.0,0.25874740814740815,4.0161556854627e-18,4.442078223409337e-16,0.25803123123123123,4.0161556854627e-18,4.442078223409337e-16,0.2539268372981882,4.0161556854627e-18,4.442078223409337e-16,0.2768094420176995,4.0161556854627e-18,4.442078223409337e-16,0.2826431482801503,4.0161556854627e-18,4.442078223409337e-16,0.28583636552122793,4.0161556854627e-18,4.442078223409337e-16,2.082785777244973,4.0161556854627e-18,4.442078223409337e-16,1.6694506224751091,4.0161556854627e-18,4.442078223409337e-16,-0.32246953717873666,1.9466785470150746e-12,1.0122728444478389e-10,0.030386823784129425,0.9533889759974613,1.0,0.37178305439191517,4.0161556854627e-18,4.442078223409337e-16,-0.4013402471209209,3.625288140148871e-08,2.8639776307176084e-06,-1.0345070236447045,5.448946183136766e-13,4.7405831793289864e-11,0.5115145197160922,4.0161556854627e-18,4.442078223409337e-16,-0.5115145197160922,4.0161556854627e-18,4.442078223409337e-16,0.33389012449502187,4.0161556854627e-18,4.442078223409337e-16,-0.33389012449502187,4.0161556854627e-18,4.442078223409337e-16,,,,,,,-10.485265934467316,3.896559845095909e-18,5.1434589955266e-16
gold_fair_sweep,e052eb5434b2,DRLearner_PooledWithSite,OracleTargetTreated,500,500,20000,10,0.1,2.4422574880637864,1.212036744218018,2.108043749493249,100,-0.10888065352104676,1.076879699641225,-0.1651436853242455,100,0.6165867945716331,0.4921747470668432,0.5590865437880443,100,0.011869581706190863,0.7912731143664884,-0.03005671894227102,100,0.8426605067005071,0.11697654827291949,0.8690596250596251,100,0.6735136336336338,0.1322803614299285,0.6852692692692692,100,0.8533647906450199,0.11187740707564997,0.8810601677241992,100,0.8488738436123922,0.12084838253799558,0.8874031305133523,100,0.8483280813504989,0.12097681484099967,0.8859727594638842,100,0.8448109850025409,0.1228076266612866,0.8731264350241664,100,6.638532895445901,1.9630268886536337,6.351079811102489,100,5.287190853321996,1.7368197122945819,5.110017705531417,100,0.9785144839954492,0.15301166081592357,0.9756245386777348,100,0.037931941610354035,0.8008875605120968,0.07880805332711528,100,0.7404234861639957,0.17381784365523123,0.778168157770236,100,0.7731335697657933,0.5045154313049303,0.6868780711012714,100,1.4503270974863514,1.0201438281499517,1.1978160463516159,100,1.5584912759406504,0.7125764102198058,1.5677607376489553,100,0.30287998251490694,0.26489855427678277,0.20761418922908265,100,1.0831106329786244,0.7733477876806072,1.0735502345738193,100,0.1959603416391757,0.18412402821933777,0.13779882288926132,100,,,,0,,,,0,,,,0,,,,0,1.0477280020713806,0.5045964064798972,0.9942647218704224,100,-1.4509377451201713,3.896559845095909e-18,4.442078223409337e-16,0.02978913710004736,0.9151157833041156,1.0,-0.2564683977054843,0.0021872952496648154,0.11155205773290558,0.029789137100047363,0.9151157833041156,1.0,0.25882791634791635,4.0161556854627e-18,4.442078223409337e-16,0.2582504504504504,4.0161556854627e-18,4.442078223409337e-16,0.2539917104472745,4.0161556854627e-18,4.442078223409337e-16,0.2770010215638643,4.0161556854627e-18,4.442078223409337e-16,0.2827954500957036,3.896559845095909e-18,4.442078223409337e-16,0.2860322902055518,4.0161556854627e-18,4.442078223409337e-16,2.0838951124322485,4.0161556854627e-18,4.442078223409337e-16,1.6699655947363157,3.896559845095909e-18,4.442078223409337e-16,-0.32246547854273333,1.995289467917909e-12,1.0175976286381336e-10,0.03104812771930459,0.9533889759974613,1.0,0.3720041718964044,4.0161556854627e-18,4.442078223409337e-16,-0.4017149920584787,3.9965354711058935e-08,3.1172976674625968e-06,-1.040136330924529,5.731195668507818e-13,4.928828274916724e-11,0.5111304249022868,4.0161556854627e-18,4.442078223409337e-16,-0.5111304249022868,4.0161556854627e-18,4.442078223409337e-16,0.3339931189472632,3.896559845095909e-18,4.442078223409337e-16,-0.3339931189472632,3.896559845095909e-18,4.442078223409337e-16,,,,,,,-10.015801446437836,3.896559845095909e-18,5.1434589955266e-16
gold_fair_sweep,e052eb5434b2,EntropyBalancing,FeasibleRestricted,500,500,20000,10,0.1,2.619106428358235,1.2819477976501206,2.290945550799197,100,-0.10866134264056335,1.088901897109774,-0.1871229184770012,100,0.7181873629757279,0.5838753121691711,0.65176692752376,100,0.012088892586674265,0.9283134611730292,0.0005761140084117322,100,0.8219626546426546,0.12961691922437873,0.8541530961530961,100,0.6503350550550551,0.1397898844701144,0.6663643643643644,100,0.8334088873208768,0.12465363360990911,0.866143637244364,100,0.8275103215755507,0.1336608918724699,0.8660909132974006,100,0.8268542108807854,0.136086823337258,0.8642277249700914,100,0.8240554680394928,0.1346446944307888,0.8565582609028551,100,6.457637953844834,1.9216559934122883,6.180687430547153,100,5.1425897265084295,1.7156063403782684,4.999343464537265,100,0.9516366775985875,0.1574947336108728,0.9536060706705833,100,0.03684368499453917,0.9210172106009891,0.043104617552219504,100,0.7097320433394755,0.1884740162342005,0.7510122581972463,100,0.8798956508110201,0.5697405507194986,0.7574944450727432,100,1.6116348907735436,1.0600993926579105,1.343035066190847,100,1.5103037564556616,0.7188129329346503,1.5086028946135617,100,0.3510675019998958,0.3113139701585828,0.2379847730510477,100,1.0541904076159112,0.7756832442311894,1.0324844708548888,100,0.224880567001889,0.2113517057735379,0.15531610069865803,100,,,,0,,,,0,,,,0,,,,0,3.901079246997833,1.3344081386539388,3.5988621711730957,100,-1.274088804825722,7.117077537219983e-18,4.442078223409337e-16,0.03000844798053077,0.9753134632163343,1.0,-0.15486782930138965,0.04356037195358306,1.0,0.03000844798053075,0.9753134632163343,1.0,0.2381300642900643,4.3971135541818935e-18,4.442078223409337e-16,0.23507187187187192,4.3971135541818935e-18,4.442078223409337e-16,0.23403580712313152,4.3971135541818935e-18,4.442078223409337e-16,0.2556374995270231,4.670683307897806e-18,4.442078223409337e-16,0.2613215796259905,4.670683307897806e-18,4.442078223409337e-16,0.2652767732425037,4.0161556854627e-18,4.442078223409337e-16,1.9030001708311801,4.670683307897806e-18,4.442078223409337e-16,1.525364467922749,4.9610417082651575e-18,4.442078223409337e-16,-0.3493432849395952,1.0292226093423223e-13,5.8665688732512375e-12,0.02995987110348979,0.9972566190976729,1.0,0.34131272907188426,4.2663227307182344e-18,4.442078223409337e-16,-0.2949529110132519,3.0368135665305187e-05,0.0014880386475999543,-0.8788285376373365,6.02435396167559e-11,4.458021931639937e-09,0.46294290541729793,1.0501887534614503e-17,4.725849390576527e-16,-0.46294290541729793,1.0501887534614503e-17,4.725849390576527e-16,0.30507289358454986,4.9610417082651575e-18,4.442078223409337e-16,-0.30507289358454986,4.9610417082651575e-18,4.442078223409337e-16,,,,,,,-7.162450201511383,3.896559845095909e-18,5.1434589955266e-16
gold_fair_sweep,e052eb5434b2,IPWTransport,FeasibleRestricted,500,500,20000,10,0.1,2.6178841302284206,1.2857693939896275,2.277600386143816,100,-0.10944182310569417,1.08856427340446,-0.19956593377293363,100,0.7211771646471722,0.5863168192399288,0.6741685496554054,100,0.011308412121543442,0.9321953890986495,-0.0006076960675306387,100,0.8221191667191668,0.1300678763356607,0.8541746481746483,100,0.6507364964964966,0.140391685144249,0.6663343343343344,100,0.8335585394783479,0.12510271260669797,0.8667135570498861,100,0.8270582452564627,0.13542914715472468,0.8619744356521719,100,0.8269773783290205,0.13578123729516217,0.8662580204746603,100,0.8247429345567224,0.134732515169809,0.8586994575268524,100,6.453057036113044,1.9230220022930309,6.182759411331933,100,5.1426519739457595,1.7122056007195219,4.998350596965144,100,0.952049003621868,0.1577169728181755,0.9550286086976465,100,0.03739639923511602,0.9254278600001866,0.033961928871719546,100,0.7100629732674952,0.18896591097488463,0.7516864441254019,100,0.8813046691915747,0.5750723826808698,0.7443848825019816,100,1.6134871381317455,1.0683801548647718,1.3434077505534519,100,1.5094791462866453,0.7169038346027381,1.4926944420910366,100,0.3518921121689121,0.31331697894878624,0.2369412797671694,100,1.0542028571033772,0.7752239883767134,1.041219442724274,100,0.224868117514423,0.21141788572731093,0.15501961080907595,100,,,,0,,,,0,,,,0,,,,0,1.0652128338813782,0.32020794712624145,1.0353957414627075,100,-1.2753111029555364,6.906672275406012e-18,4.442078223409337e-16,0.029227967515399952,1.0,1.0,-0.1518780276299455,0.04650396992562074,1.0,0.029227967515399952,1.0,1.0,0.23828657636657635,4.531861061109546e-18,4.442078223409337e-16,0.23547331331331336,4.531861061109546e-18,4.442078223409337e-16,0.2341854592806026,4.531861061109546e-18,4.442078223409337e-16,0.2551854232079351,5.112831740936498e-18,4.442078223409337e-16,0.2614447470742252,4.531861061109546e-18,4.442078223409337e-16,0.2659642397597333,4.139373908714419e-18,4.442078223409337e-16,1.898419253099392,5.112831740936498e-18,4.442078223409337e-16,1.5254267153600787,4.9610417082651575e-18,4.442078223409337e-16,-0.3489309589163148,9.770126495677047e-14,5.666673367492687e-12,0.030512585344066628,0.9780556767995897,1.0,0.34164365899990384,4.3971135541818935e-18,4.442078223409337e-16,-0.29354389263269737,4.036859489926203e-05,0.0017762181755675292,-0.8769762902791346,8.495358469771918e-11,6.031704513538062e-09,0.4621182952482817,1.082004916926409e-17,4.7608216344762e-16,-0.4621182952482817,1.082004916926409e-17,4.7608216344762e-16,0.3050853430720158,4.9610417082651575e-18,4.442078223409337e-16,-0.3050853430720158,4.9610417082651575e-18,4.442078223409337e-16,,,,,,,-9.998316614627837,3.896559845095909e-18,5.1434589955266e-16
gold_fair_sweep,e052eb5434b2,OutcomeModelTransport,FeasibleRestricted,500,500,20000,10,0.1,2.593122117817405,1.2791675125476305,2.2362828523115983,100,-0.1059680691708386,1.0924368934761626,-0.1968494643609503,100,0.7178034010819121,0.5715913730810666,0.6636873603141079,100,0.014782166056398965,0.9202946064170627,-0.013030703141293787,100,0.8251667455667456,0.13031543665515585,0.8545958725958727,100,0.6547248848848848,0.1412345322389405,0.6684704704704705,100,0.8364645313093904,0.12535557324940863,0.8682137497059913,100,0.8307181833727281,0.1364737250731169,0.8698021207624548,100,0.8310223363166597,0.1359182500347569,0.8734768891721637,100,0.8269820052142854,0.1378940264021533,0.8614840119802218,100,6.484848011993485,1.956071173060875,6.212784330530216,100,5.172101884832398,1.7366108820584152,5.020263698464708,100,0.9563257399229989,0.1603032064995985,0.9577170758141973,100,0.034956647655400644,0.9137435988491289,0.09100230781854635,100,0.7149319851236082,0.18858672179202288,0.7548973444810837,100,0.8730661182164545,0.5657869580422036,0.7591188652013271,100,1.6257308718765264,1.0973607407507409,1.328817930657368,100,1.516329084477173,0.7152521817859705,1.5029847091862054,100,0.34504217397838405,0.31079117927680283,0.23884522893757276,100,1.0600928392807045,0.7747849030476347,1.0592131238839304,100,0.2189781353370953,0.20893724656854726,0.1550232536624075,100,,,,0,,,,0,,,,0,,,,0,0.23212878704071044,0.11750218276451505,0.22187566757202148,100,-1.3000731153665523,6.504110965076778e-18,4.442078223409337e-16,0.032701721450255496,0.9397030087863819,1.0,-0.15525179119520552,0.05374324838018211,1.0,0.032701721450255475,0.9397030087863819,1.0,0.24133415521415522,4.531861061109546e-18,4.442078223409337e-16,0.2394617017017017,4.2663227307182344e-18,4.442078223409337e-16,0.2370914511116451,4.3971135541818935e-18,4.442078223409337e-16,0.2588453613242004,6.906672275406012e-18,4.442078223409337e-16,0.26548970506186437,4.9610417082651575e-18,4.442078223409337e-16,0.2682033104172964,4.9610417082651575e-18,4.442078223409337e-16,1.930210228979832,1.1485179010089616e-17,5.168330554540327e-16,1.554876626246718,5.596247901468035e-18,4.442078223409337e-16,-0.3446542226151836,1.6837927151593467e-13,9.42923920489234e-12,0.028072833764351292,0.9780556767995897,1.0,0.34651267085601695,4.2663227307182344e-18,4.442078223409337e-16,-0.3017824436078176,2.531779089977173e-05,0.0013418429176879016,-0.8647325565343535,4.172445151568837e-10,2.712089348519744e-08,0.46896823343880967,6.311606041551026e-18,4.442078223409337e-16,-0.46896823343880967,6.311606041551026e-18,4.442078223409337e-16,0.3109753252493435,5.596247901468035e-18,4.442078223409337e-16,-0.3109753252493435,5.596247901468035e-18,4.442078223409337e-16,,,,,,,-10.831400661468505,3.896559845095909e-18,5.1434589955266e-16
gold_fair_sweep,e052eb5434b2,ProposedA,OracleTargetTreated,500,500,20000,10,0.1,3.195928289814187,0.7346085148838615,3.049934399310497,100,-0.10530347450631514,1.3113893831603978,-0.13022323775185327,100,0.10897973656566144,0.08525487939602026,0.09283702811047925,100,0.015446760720922442,0.13792726483630946,0.0017029455407703287,100,0.7441878775878777,0.030901694085676615,0.7442679422679424,100,0.5508389589589588,0.02938690088175162,0.5489609609609609,100,0.759378429566487,0.02905504884768451,0.7584189803827222,100,0.7530707518227671,0.0709550420544097,0.7638514127853826,100,0.7441012839224014,0.08260240248615201,0.7542507426000213,100,0.7381779590558873,0.09340805753433236,0.7603332285854937,100,5.999720040023484,1.9581878653573914,5.922338679123614,100,4.7451638611111875,1.7443340501203783,4.756318995499692,100,1.4895127116017428,0.20701868685995822,1.445700241777803,100,0.029348324708376176,0.7024122989254962,0.07240069246477165,100,0.5717503653653341,0.04310988025780692,0.57241314900355,100,0.9291790849174566,0.2764512044623922,0.9058408058623257,100,2.423281997315577,0.741212106321497,2.385184165923136,100,1.4235756707406972,0.7025217888623797,1.4116568566023084,100,0.4377955877148598,0.13223878053104113,0.4148223194491658,100,0.9747052345364626,0.7619215545170818,0.9878916634439284,100,0.30436574008133727,0.08826315943612008,0.2940700913280044,100,0.003465018124078205,0.002136210101475166,0.0032296268731130283,100,29.86,0.348735088019777,30.0,100,,,,0,,,,0,23.690083892345427,2.0148533367278163,23.6118882894516,100,-0.6972669433697688,4.0161556854627e-18,4.442078223409337e-16,0.03336631611477897,0.8258300417006286,1.0,-0.7640754557114559,1.0706319350413213e-16,9.635687415371893e-15,0.03336631611477896,0.8258300417006286,1.0,0.16035528723528725,5.94331234302936e-18,4.442078223409337e-16,0.13557577577577576,5.94331234302936e-18,4.442078223409337e-16,0.1600053493687416,5.430296382634715e-18,4.442078223409337e-16,0.1811979297742395,6.12472726248735e-18,4.442078223409337e-16,0.17856865266760621,5.767203615817138e-18,4.442078223409337e-16,0.17939926425889838,4.670683307897806e-18,4.442078223409337e-16,1.4450822570098303,6.702409068617996e-18,4.442078223409337e-16,1.1279386025255076,1.1485179010089616e-17,4.442078223409337e-16,0.18853274906356066,1.2033085813778238e-05,0.0002887940595306777,0.022464510817326793,0.9397030087863819,1.0,0.20333105109774288,5.596247901468035e-18,4.442078223409337e-16,-0.24566947690681532,5.750054383821226e-05,0.002415022841204915,-0.06718143109530299,0.4873426103065558,1.0,0.37621481970233395,6.12472726248735e-18,4.442078223409337e-16,-0.37621481970233395,6.12472726248735e-18,4.442078223409337e-16,0.2255877205051015,1.1485179010089616e-17,4.442078223409337e-16,-0.2255877205051015,1.1485179010089616e-17,4.442078223409337e-16,0.003465018124078205,3.896559845095909e-18,1.9872455209989137e-16,29.86,3.155656214217606e-21,1.1360362371183382e-19,12.626554443836213,3.896559845095909e-18,5.1434589955266e-16
gold_fair_sweep,e052eb5434b2,ProposedB_LinearStepB,OracleTargetTreated,500,500,20000,10,0.1,3.1926832675280763,0.7331890338407434,3.053871156780923,100,-0.09892397000275115,1.3096026509296652,-0.14878773566364173,100,0.1125736273906327,0.08753256083788656,0.09439540169668506,100,0.02182626522448645,0.14135622114919852,0.004043683504056372,100,0.7444433115233116,0.029622915393436595,0.744941688941689,100,0.550933053053053,0.028040818557873968,0.5507207207207208,100,0.7596134656464697,0.027551689511636772,0.7597261988901285,100,0.7567165589858242,0.0670351213637662,0.76147265388038,100,0.7456591391307447,0.07598040745277301,0.7640068581140015,100,0.7385315348985153,0.08861369244639448,0.7612029931306055,100,6.028713064732586,1.9957743589001495,5.952362974513567,100,4.753638442494602,1.7520061450103104,4.69003722846613,100,1.4852671610833983,0.21200430352649183,1.4421396812723746,100,0.02842290268770155,0.695256625499305,0.06751394835038489,100,0.5720742578057073,0.041058969416399305,0.5744732833538964,100,0.9232070330534201,0.2806023568131939,0.8979954151098641,100,2.4072190968803993,0.7829942109788222,2.2745400348544247,100,1.429631468098625,0.6998349838358662,1.400742182072104,100,0.43173979035693244,0.12730127600482236,0.4155424365018721,100,0.976400150813146,0.7600556699385861,1.000674388332356,100,0.30267082380465427,0.07998974836191534,0.29167087216637166,100,0.0033258820700554697,0.0027236886814593075,0.002528113119580529,100,29.99,0.09999999999999996,30.0,100,7.823233184973218,1.8926162090902199,7.804812684159055,100,10.0,0.0,10.0,100,37.69419003725052,3.772893270529843,36.71595358848572,100,-0.7005119656558808,4.0161556854627e-18,4.442078223409337e-16,0.039745820618342954,0.7832655420427076,1.0,-0.7604815648864848,1.7478232297301266e-16,1.4856497452706077e-14,0.03974582061834298,0.7832655420427076,1.0,0.16061072117072114,5.112831740936498e-18,4.442078223409337e-16,0.13566986986986987,4.813701823147399e-18,4.442078223409337e-16,0.16024038544872415,4.3971135541818935e-18,4.442078223409337e-16,0.18484373693729655,7.333806979251821e-18,4.442078223409337e-16,0.1801265078759495,6.311606041551026e-18,4.442078223409337e-16,0.1797528401015262,5.112831740936498e-18,4.442078223409337e-16,1.4740752817189329,6.702409068617996e-18,4.442078223409337e-16,1.1364131839089224,7.333806979251821e-18,4.442078223409337e-16,0.18428719854521622,2.0434964969944978e-05,0.00044956922933878953,0.021539088796652183,0.9698299436867753,1.0,0.20365494353811622,5.112831740936498e-18,4.442078223409337e-16,-0.25164152877085205,3.5294333899988745e-05,0.001658833693299471,-0.08324433153048041,0.44939054842060555,1.0,0.3822706170602615,7.117077537219983e-18,4.442078223409337e-16,-0.3822706170602615,7.117077537219983e-18,4.442078223409337e-16,0.2272826367817845,7.333806979251821e-18,4.442078223409337e-16,-0.2272826367817845,7.333806979251821e-18,4.442078223409337e-16,0.0033258820700554697,3.896559845095909e-18,1.9872455209989137e-16,29.99,2.4759849062268662e-23,1.237992453113433e-21,26.630660588741303,3.896559845095909e-18,5.1434589955266e-16
gold_fair_sweep,e052eb5434b2,ProposedB_SourceDR,FeasibleRestricted,500,500,20000,10,0.1,3.8949008465757573,1.0684866452140156,3.6316844617472333,100,-0.03512181619192232,0.5170374775492428,-0.14621256609604183,100,0.9136988390188102,0.6421355128504788,0.8841997475789346,100,0.08562841903531528,1.1172332253252453,0.13851071989785751,100,0.5799752002287232,0.10275889489544382,0.6030416370416372,100,0.4108694381357258,0.0799794666387727,0.42398998998999005,100,0.5958029956121392,0.10266463012024163,0.6176934301894121,100,0.5766640209950363,0.1410102864235396,0.6043222227839955,100,0.5661825049783517,0.14902039907145248,0.5930407967488736,100,0.5569130763400316,0.16929350617956576,0.5830749765383619,100,4.581949288646694,1.791211929210631,4.653777369789669,100,3.630788560660761,1.627948933855745,3.653265385989671,100,1.303990305990165,0.26681606489763154,1.2681038737670307,100,-0.047785560007047465,1.1078343548255343,-0.028334057097979655,100,0.3613410312996077,0.11300616530322348,0.37335801540586794,100,1.1229322182727048,0.5677468327449109,1.0384441959843054,100,2.2954872176680166,1.1070828201565996,2.0768216123288217,100,1.0766537801364573,0.6724770922655039,1.0923824337809047,100,0.7847174783191,0.32289274515049077,0.6930221236211176,100,0.7518301744463775,0.7440384497516253,0.7315987641720164,100,0.5272408001714227,0.21177096080443433,0.45607829104516695,100,0.002827805604353677,0.002624155898226814,0.0019040889455156445,100,29.72,0.5699548094792121,30.0,100,7.823233184973222,1.8926162090902205,7.804812684159046,100,10.0,0.0,10.0,100,41.77170756340027,4.696576759131232,41.00682818889618,100,0.001705613391800318,0.9342333768907125,1.0,0.10354797442917177,0.4555970482246179,1.0,0.0406436467416927,0.6598606407090197,1.0,0.10354797442917177,0.4555970482246179,1.0,-0.0038573901238672594,0.2437793945162675,1.0,-0.00439374504745732,0.21073379493731736,1.0,-0.003570084585606104,0.27422378711525397,1.0,0.004791198946508728,0.7700896655852555,1.0,0.0006498737235563707,0.5916968660875195,1.0,-0.0018656184569574785,0.41317373945790214,1.0,0.027311505633041046,0.7335597164128502,1.0,0.013563302075080408,0.6623526798628128,1.0,0.0030103434519827576,0.9205734335120058,1.0,-0.054669373898096854,0.5091522042708133,1.0,-0.007078282967983505,0.26972230853401546,1.0,-0.05191634355156726,0.506948473287772,1.0,-0.19497621074286406,0.16690827813258957,1.0,0.029292929098093654,0.3023076019657809,1.0,-0.029292929098093664,0.3023076019657809,1.0,0.0027126604150161052,0.6623526798628128,1.0,-0.002712660415016107,0.6623526798628128,1.0,0.002827805604353677,3.896559845095909e-18,1.9872455209989137e-16,29.72,2.862342283136343e-20,7.728324164468127e-19,30.70817811489105,3.896559845095909e-18,5.1434589955266e-16
gold_fair_sweep,e052eb5434b2,ProxyOnly,FeasibleRestricted,500,500,20000,10,0.1,3.893195233183957,1.1076185545691861,3.622287494659669,100,-0.13866979062109408,1.6300031577136178,-0.18070222060574886,100,0.8730551922771176,0.6731418493385647,0.6805508392366739,100,-0.017919555393856514,1.1057667974019298,-0.007611448625234107,100,0.5838325903525904,0.11969332025543356,0.6126906306906308,100,0.41526318318318317,0.0928227009852783,0.4355855855855856,100,0.5993730801977454,0.12045451119912909,0.6287819193054753,100,0.5718728220485277,0.15997894358065498,0.596502878161183,100,0.5655326312547951,0.17025033199833317,0.5899320409863271,100,0.558778694796989,0.18414075135721167,0.5742313804364328,100,4.5546377830136535,1.8743299509409161,4.4068155712486465,100,3.6172252585856803,1.6282680323249323,3.446359723509281,100,1.3009799625381826,0.3438508947466746,1.3333613949725822,100,0.006883813891049404,1.5237949400266244,0.12997164160269026,100,0.36841931426759117,0.12728943010885435,0.39154242446333115,100,1.174848561824272,0.5416800384462138,1.1186461975929456,100,2.49046342841088,1.0211055857956748,2.5480174400217224,100,1.0473608510383634,0.7398100716824758,1.1003383885933395,100,0.8140104074171937,0.395847445204733,0.7268398742054729,100,0.7491175140313614,0.7629841308347868,0.6832951080976719,100,0.5299534605864388,0.2402509898218058,0.4851906488346301,100,0.0,0.0,0.0,100,0.0,0.0,0.0,100,,,,0,,,,0,11.063529448509216,1.1877576288998963,11.134111166000366,100,,,,,,,,,,,,,,,,,,,,,,,,,,,,,,,,,,,,,,,,,,,,,,,,,,,,,,,,,,,,,,,,,,,,,,,,
gold_fair_sweep,e052eb5434b2,TargetOnlyDR,OracleTargetTreated,500,500,20000,10,0.1,3.1834344306777154,0.7354902528386401,3.0509697141560883,100,-0.09946723244922992,1.3252126353532196,-0.11119954376060848,100,0.13730619661762458,0.10879637936368225,0.10601728846951575,100,0.021283002778007636,0.17442057340705355,0.01403226465009405,100,0.7452862116862117,0.028684075330792137,0.7455632895632898,100,0.5518612612612612,0.026683642702261742,0.5522942942942943,100,0.7607250848447381,0.026593966338121243,0.7630497836271912,100,0.7560621607371957,0.06765158148159965,0.7558947018047832,100,0.7448725135223064,0.07580807646302004,0.7539153666372478,100,0.7387031696948632,0.08998017389313855,0.7609604775710539,100,6.011393079122918,1.9247516313704163,5.9635211972064255,100,4.7419346134900415,1.7201953423463667,4.750014923234982,100,1.4697167691906012,0.19036379845550816,1.4377512631288294,100,0.03518257688461422,0.6987436075096967,-0.009944985411408109,100,0.5735226653902118,0.04044893701235235,0.5800757346306481,100,0.9255148266589349,0.27589939866545005,0.8939876149334366,100,2.441522108256443,0.7883847888553366,2.327387909787373,100,1.4274354843966819,0.7023031264770273,1.434279015782269,100,0.4339357740588752,0.12050884925555692,0.41319827537702647,100,0.9740593850122334,0.7627572965096111,0.9979174550508401,100,0.3050115896055667,0.08600477087798455,0.2764164595434453,100,0.0,0.0,0.0,100,0.0,0.0,0.0,100,,,,0,,,,0,23.143706905841828,3.3415718323743904,22.934364795684814,100,-0.7097608025062421,3.896559845095909e-18,4.442078223409337e-16,0.03920255817186411,0.7674623006604582,1.0,-0.7357489956594931,2.198665592591444e-16,1.846879097776813e-14,0.03920255817186411,0.7674623006604582,1.0,0.16145362133362134,7.117077537219983e-18,4.442078223409337e-16,0.13659807807807808,6.12472726248735e-18,4.442078223409337e-16,0.16135200464699292,5.94331234302936e-18,4.442078223409337e-16,0.184189338688668,2.6346826245998054e-17,8.167516136259397e-16,0.17933988226751135,5.269204481546392e-18,4.442078223409337e-16,0.17992447489787383,5.269204481546392e-18,4.442078223409337e-16,1.4567552961092638,2.7135201386354882e-17,8.694452661179357e-16,1.1247093549043605,5.269204481546392e-18,4.442078223409337e-16,0.16873680665241841,7.253099314369716e-05,0.0015231508560176405,0.028298762993564833,0.9424389080177923,1.0,0.2051033511226206,4.670683307897806e-18,4.442078223409337e-16,-0.24933373516533688,3.129786912845514e-05,0.0015022977181658468,-0.04894132015443733,0.7439395352842529,1.0,0.3800746333583185,4.2663227307182344e-18,4.442078223409337e-16,-0.3800746333583185,4.2663227307182344e-18,4.442078223409337e-16,0.22494187098087218,5.269204481546392e-18,4.442078223409337e-16,-0.22494187098087218,5.269204481546392e-18,4.442078223409337e-16,0.0,,,0.0,,,12.080177457332612,3.896559845095909e-18,5.1434589955266e-16
gold_fair_sweep,e6f34a79dfd5,AnchorOnly,OracleTargetTreated,1000,100,20000,10,0.1,4.523698173594879,1.2213424926703027,4.192397950151211,100,-0.05932915121593165,1.307302632015623,-0.16658607371770792,100,0.2938743301200305,0.2503306403662925,0.2278803088654113,100,-0.010772282820937014,0.3870176764128722,-0.01602198052430026,100,0.5512469935766533,0.06575707998935938,0.5527889081724278,100,0.38919157802313525,0.05066464463832767,0.39105139495670266,100,0.567752208173276,0.06586139149983603,0.5719608503492781,100,0.5110805470895421,0.10681986610518021,0.5372593817656532,100,0.5542444396376253,0.11173541265194195,0.5711875147458876,100,0.5553335208812495,0.13251020320875512,0.5763469270873118,100,4.127382878403969,1.3333944576898253,4.045637555098045,100,3.607361649018494,1.3087873120888218,3.4472118441881996,100,0.6390604753927822,0.25580384038293547,0.664683833393691,100,0.008942574632997063,0.609601138060904,0.03682536969702867,100,0.16174103751073257,0.08711950370734893,0.15427218894899342,100,1.088085162368349,0.42232055088617687,1.0415545248932063,100,2.605856593671339,1.138440593743267,2.3078194438749335,100,1.1428576999589404,0.7058284091799246,1.0969334714848926,100,0.8197019655050048,0.297586636740029,0.7641545431655012,100,0.8087144172333045,0.7397968731208439,0.7845603116915068,100,0.55942101311363,0.18031637516538015,0.5282240225692167,100,0.0004775842124075981,0.0002768237201923758,0.00039325449227603314,100,14.59,0.5143398239932958,15.0,100,,,,0,,,,0,19.457142689228057,1.545713280240768,19.266843795776367,100,0.617717991565602,8.267798584515514e-18,4.442078223409337e-16,0.036238856559422536,0.4053668309798979,1.0,-0.45525160237009404,3.5385909819756535e-11,2.4416277775632008e-09,0.03623885655942253,0.4053668309798979,1.0,-0.04232033231067255,3.6707938680034356e-07,4.037873254803779e-06,-0.033358812367255075,4.810833685355619e-07,5.291917053891181e-06,-0.04178808435450187,3.174367354586667e-07,3.4918040900453336e-06,-0.09794764447130792,2.051135407338735e-10,2.871589570274229e-09,-0.04339195903016061,1.9815366734152885e-05,0.00021796903407568174,-0.03087828997126953,0.000495785644777983,0.005453642092557813,-0.7656364387057099,3.575759291560147e-10,5.006063008184206e-09,-0.2536847314617107,1.8629428688391447e-05,0.00020492371557230592,-0.9038395214061388,3.896559845095909e-18,4.442078223409337e-16,-0.16682449312941372,0.6084337865773708,1.0,-0.2177802592197722,5.430296382634715e-18,4.442078223409337e-16,-0.060385599173733234,0.11610962557336571,1.0,-0.03170040797767728,0.39573316385218726,1.0,-0.033749125382327355,0.00150574600474857,0.01656320605223427,0.033749125382327355,0.00150574600474857,0.01656320605223427,-0.050736946292342135,1.8629428688391447e-05,0.00020492371557230592,0.050736946292342135,1.8629428688391447e-05,0.00020492371557230592,0.0004775842124075981,3.896559845095909e-18,1.9872455209989137e-16,14.59,2.430505329725508e-19,5.347111725396117e-18,7.980023381710052,3.896559845095909e-18,5.1434589955266e-16
gold_fair_sweep,e6f34a79dfd5,AnchorPlugin,FeasibleRestricted,1000,100,20000,10,0.1,3.0454228791778335,1.048436306748629,2.730817566263741,100,-0.08399049071956341,0.956601307965289,-0.17981637881277407,100,0.698489303788004,0.5495945393021905,0.6402736747343246,100,-0.035433622324568724,0.8908430815407273,-0.1446459668154621,100,0.7596410165210168,0.11814243910708579,0.7947647427647428,100,0.5732956156156157,0.10751066952859878,0.5994114114114114,100,0.7727223904302954,0.11644137180146558,0.8079234654515004,100,0.7657088144269055,0.12511616242280793,0.7920190120273849,100,0.7671863448612712,0.12387177549614697,0.7968805140937747,100,0.7607591986643005,0.12897143571599134,0.7910821254910043,100,6.117272878864761,1.7197460531114284,5.984805992675353,100,4.893934100204827,1.5087919656514406,4.70893441025456,100,1.0387844798876362,0.16384949314099842,1.0518587258452654,100,0.06561665376218405,0.8823599219003951,0.18471385312477767,100,0.6086874236654443,0.15948673776858863,0.6492013050973728,100,0.8219024667906969,0.5086264897496479,0.7515444217062792,100,1.6383596630132713,0.9478077092022975,1.4141034928304415,100,1.5045135492907287,0.7756654684328084,1.4520902608938706,100,0.4580461161732163,0.3086687553577333,0.35325848035335794,100,1.066028907470571,0.7607972341422664,1.0567058915584748,100,0.3021065228763635,0.205216049856992,0.23032437090340163,100,0.0014979658315313017,0.0011165535007054677,0.0009623804981636248,100,29.86,0.37658754867650873,30.0,100,,,,0,,,,0,9.010154573917388,0.8336589498599205,8.984377264976501,100,-0.8605573028514446,3.896559845095909e-18,4.442078223409337e-16,0.01157751705579078,0.5893232417473824,1.0,-0.05063662870212068,0.00021300115798831716,0.011502062531369126,0.011577517055790774,0.5893232417473824,1.0,0.16607369063369062,3.896559845095909e-18,4.442078223409337e-16,0.15074522522522524,3.896559845095909e-18,4.442078223409337e-16,0.16318209790251775,3.896559845095909e-18,4.442078223409337e-16,0.15668062286605536,4.139373908714419e-18,4.442078223409337e-16,0.16954994619348543,4.2663227307182344e-18,4.442078223409337e-16,0.17454738781178158,4.139373908714419e-18,4.442078223409337e-16,1.2242535617550827,4.2663227307182344e-18,4.442078223409337e-16,1.0328877197246218,4.2663227307182344e-18,4.442078223409337e-16,-0.5041155169112848,3.896559845095909e-18,4.442078223409337e-16,-0.11015041400022671,0.5047497647349051,1.0,0.22916612693493968,3.896559845095909e-18,4.442078223409337e-16,-0.32656829475138544,7.60142277302343e-15,6.993308951181556e-13,-0.9991973386357441,1.6186995407842902e-14,1.456829586705861e-12,0.32790672394946135,4.0161556854627e-18,4.442078223409337e-16,-0.32790672394946135,4.0161556854627e-18,4.442078223409337e-16,0.2065775439449244,4.2663227307182344e-18,4.442078223409337e-16,-0.2065775439449244,4.2663227307182344e-18,4.442078223409337e-16,0.0014979658315313017,3.896559845095909e-18,1.9872455209989137e-16,29.86,2.3731607357466203e-21,9.018010795837157e-20,-2.4669647336006166,1.040096387925698e-16,1.2481156655108376e-15
gold_fair_sweep,e6f34a79dfd5,DRLearner_PooledNoSite,OracleTargetTreated,1000,100,20000,10,0.1,2.4890826642955064,1.2044905910237147,2.284517834384916,100,-0.13243716466229646,0.9309886974869775,-0.05226024765438221,100,0.6629608921481638,0.5317646766247374,0.5734951280559057,100,-0.08388029626730178,0.8483062000832895,-0.11092036563681601,100,0.837901379101379,0.14011202673729709,0.8745976125976127,100,0.6716400800800801,0.14916961437200935,0.695051051051051,100,0.8473440392290343,0.13731301787290787,0.8868783402073959,100,0.8418082866478713,0.1436018107888438,0.8746013115722215,100,0.8425557205548554,0.14071923205631756,0.8780651795073307,100,0.8392634579544159,0.14179409140677765,0.8709178939986348,100,6.712691344503229,1.9342705440594303,6.473248906663115,100,5.359260509983551,1.6688899286927164,5.207624661314111,100,0.9687669123996647,0.1597805672386267,0.9732882934817464,100,0.07716046232691375,0.8370095039876733,0.08430279787617448,100,0.7361587263711512,0.19511788005569186,0.7869899872587907,100,0.8043054504646192,0.5354617797429438,0.6999518202111419,100,1.5489835834141943,1.1005979035918736,1.2609454743453672,100,1.640061390020039,0.7846554954071613,1.6201085660332537,100,0.32249827544390613,0.3275109164303759,0.2258355825300139,100,1.1590941894263156,0.768462568400595,1.1251904623304614,100,0.20904124092061882,0.23137397627651154,0.1375778966658968,100,,,,0,,,,0,,,,0,,,,0,0.5065694856643677,0.21645246500474039,0.4878997802734375,100,-1.4168975177337721,7.117077537219983e-18,4.442078223409337e-16,-0.036869156886942235,0.5635081585027861,1.0,-0.08616504034196057,0.11771478857872408,1.0,-0.03686915688694225,0.5635081585027861,1.0,0.24433405321405324,4.9610417082651575e-18,4.442078223409337e-16,0.24908968968968967,4.813701823147399e-18,4.442078223409337e-16,0.23780374670125648,4.9610417082651575e-18,4.442078223409337e-16,0.23278009508702138,1.5932071996658114e-17,5.894866638763502e-16,0.2449193218870696,1.082004916926409e-17,4.442078223409337e-16,0.25305164710189687,7.117077537219983e-18,4.442078223409337e-16,1.8196720273935492,3.976797993175688e-17,1.0737354581574357e-15,1.498214129503345,3.3344510234599337e-17,7.669237353957847e-16,-0.5741330843992559,4.139373908714419e-18,4.442078223409337e-16,-0.09860660543549703,0.8554012757415651,1.0,0.35663742964064654,4.3971135541818935e-18,4.442078223409337e-16,-0.3441653110774628,1.6979259983819336e-07,1.2225067188349921e-05,-1.0885734182348215,1.4644116702504573e-10,1.0104440524728156e-08,0.46345456467877133,7.78699366986276e-18,4.442078223409337e-16,-0.46345456467877133,7.78699366986276e-18,4.442078223409337e-16,0.2996428259006691,3.3344510234599337e-17,7.669237353957847e-16,-0.2996428259006691,3.3344510234599337e-17,7.669237353957847e-16,,,,,,,-10.970549821853638,3.896559845095909e-18,5.1434589955266e-16
gold_fair_sweep,e6f34a79dfd5,DRLearner_PooledWithSite,OracleTargetTreated,1000,100,20000,10,0.1,2.4073684860852937,1.1498723868878902,2.1918125619226205,100,-0.13533826838914811,0.9354337961284475,-0.03776691049590296,100,0.6342259212684798,0.49823981646330245,0.5694611094968187,100,-0.0867813999941535,0.8043266795654649,-0.07388861131343266,100,0.8488589631389634,0.12995846197693706,0.8818725958725959,100,0.683187307307307,0.14184874450332524,0.7036616616616617,100,0.8580002971611242,0.1269801689101407,0.8929359275124369,100,0.8532938475976098,0.13044319126984852,0.8782428215954483,100,0.8533231401374569,0.12943623021920944,0.8867211195770148,100,0.8499516247528311,0.13167930427801192,0.8816745308090401,100,6.810736932876059,1.8881659850412444,6.643914963148314,100,5.433437021908076,1.647836845701315,5.24367097793485,100,0.9828826963928512,0.1500405641223961,0.9881328071616873,100,0.08338769388055133,0.7978921936110265,0.08647675207187794,100,0.7516750662987411,0.18443707733232811,0.7984489626543001,100,0.7694249619149841,0.49498670977793985,0.67434864654514,100,1.463443844002224,0.9925255479551792,1.169048108489755,100,1.663641200359642,0.7765635719254053,1.6277284199355133,100,0.2989184651043034,0.29981238572066626,0.21598663965595172,100,1.1739294918112209,0.7661625627248018,1.1389373861098901,100,0.1942059385357137,0.21247136747029316,0.12786628165514513,100,,,,0,,,,0,,,,0,,,,0,1.0728174710273743,0.4418218623098622,1.0326457023620605,100,-1.4986116959439846,5.269204481546392e-18,4.442078223409337e-16,-0.03977026061379397,0.5473692910808176,1.0,-0.11490001122164488,0.05680191754995936,1.0,-0.03977026061379397,0.5473692910808176,1.0,0.2552916372516372,4.2663227307182344e-18,4.442078223409337e-16,0.2606369169169169,4.2663227307182344e-18,4.442078223409337e-16,0.24846000463334633,4.3971135541818935e-18,4.442078223409337e-16,0.24426565603675968,6.504110965076778e-18,4.442078223409337e-16,0.2556867414696709,7.117077537219983e-18,4.442078223409337e-16,0.2637398139003121,5.596247901468035e-18,4.442078223409337e-16,1.9177176157663802,1.4573676877736123e-17,5.97520751987181e-16,1.5723906414278708,1.4146791640488978e-17,4.442078223409337e-16,-0.5600173004060696,4.813701823147399e-18,4.442078223409337e-16,-0.0923793738818595,0.8258300417006286,1.0,0.3721537695682365,4.139373908714419e-18,4.442078223409337e-16,-0.3790457996270981,1.2929856101692328e-08,1.0473183442370786e-06,-1.1741131576467918,4.583566588960835e-12,3.712688937058277e-10,0.48703437501837404,5.269204481546392e-18,4.442078223409337e-16,-0.48703437501837404,5.269204481546392e-18,4.442078223409337e-16,0.3144781282855742,1.4146791640488978e-17,4.442078223409337e-16,-0.3144781282855742,1.4146791640488978e-17,4.442078223409337e-16,,,,,,,-10.404301836490632,3.896559845095909e-18,5.1434589955266e-16
gold_fair_sweep,e6f34a79dfd5,EntropyBalancing,FeasibleRestricted,1000,100,20000,10,0.1,2.59714570593789,1.2301545221174879,2.392126716180754,100,-0.15263415799329605,0.9428715343171128,-0.022191704354285607,100,0.7536563279722758,0.594407455205658,0.6277339872046771,100,-0.1040772895983014,0.957138411329825,-0.10432620653715018,100,0.8268261596661597,0.14788157641415933,0.8712532812532814,100,0.6594168568568568,0.15395891830823089,0.6886846846846847,100,0.8365836940678731,0.14550304589753482,0.8819163150970615,100,0.8321421173343709,0.1512081688038962,0.8680502029692853,100,0.8308007923000317,0.14973367442981014,0.8708599645095267,100,0.8276363035018944,0.14959119005183208,0.8626021119242895,100,6.635368681290983,1.9619289790250154,6.474180299962779,100,5.285353231551537,1.691773668188634,5.1518351477740865,100,0.9555173099466847,0.1696182585406574,0.980046082458226,100,0.09118646563106879,0.9381332149679725,0.1511662536815946,100,0.7203073853143068,0.20145383554111407,0.7725607598849089,100,0.8932182399603965,0.5946799438565326,0.7690282025835664,100,1.6807129630097992,1.1752912022580322,1.3545138837513906,100,1.607195443016066,0.788312602143553,1.5975286937727882,100,0.3553642224478794,0.3469353033115006,0.24532015513543354,100,1.1443127337399133,0.7688380201866963,1.1127838701035824,100,0.2238226966070214,0.24504002012240036,0.1497911567108407,100,,,,0,,,,0,,,,0,,,,0,3.595248188972473,1.0351347186608215,3.560567617416382,100,-1.3088344760913884,2.7135201386354882e-17,5.883643275654146e-16,-0.05706615021794187,0.44323228641200085,1.0,0.004530395482151253,0.8044753358016482,1.0,-0.057066150217941855,0.44323228641200085,1.0,0.23325883377883375,9.893009181510365e-18,4.442078223409337e-16,0.23686646646646647,6.311606041551026e-18,4.442078223409337e-16,0.22704340154009536,1.3732250242604873e-17,4.442078223409337e-16,0.2231139257735208,4.2169267302822515e-17,1.1875866982234163e-15,0.23316439363224556,2.964263914228315e-17,6.817807002725124e-16,0.2414244926493756,1.5932071996658114e-17,4.442078223409337e-16,1.7423493641813044,6.536103994610526e-17,1.5686649587065261e-15,1.4243068510713326,1.134379077275681e-16,2.3821960622789303e-15,-0.5873826868522363,4.139373908714419e-18,4.442078223409337e-16,-0.08458060213134196,0.75175516524754,1.0,0.34078608858380216,4.670683307897806e-18,4.442078223409337e-16,-0.2552525215816855,0.00012102172562149042,0.004598825573616636,-0.9568440386392162,1.580332383964501e-08,8.849861350201205e-07,0.43058861767479806,6.536103994610526e-17,1.6505913880750179e-15,-0.43058861767479806,6.536103994610526e-17,1.6505913880750179e-15,0.28486137021426655,1.134379077275681e-16,2.3821960622789303e-15,-0.28486137021426655,1.134379077275681e-16,2.3821960622789303e-15,,,,,,,-7.881871118545532,3.896559845095909e-18,5.1434589955266e-16
gold_fair_sweep,e6f34a79dfd5,IPWTransport,FeasibleRestricted,1000,100,20000,10,0.1,2.60151804238315,1.229350301449366,2.3906265521088073,100,-0.15363109171978753,0.9431137279478604,-0.02333843756341602,100,0.7549532802355319,0.5958595239265353,0.6327447019726486,100,-0.10507422332479288,0.9589619542818683,-0.10598583875031131,100,0.8263533372333375,0.14792143937743077,0.8703382623382625,100,0.6587814614614615,0.1538608068942215,0.6884364364364365,100,0.8361308230942395,0.14555267447168002,0.8815061281869756,100,0.8321664413733098,0.15167448528515842,0.8680502029692853,100,0.8306689485084194,0.1498627263713732,0.8684401159047059,100,0.8269988150781116,0.14929291407378031,0.8625435124641223,100,6.635252348483747,1.964079616150943,6.462783239873003,100,5.285010640253392,1.693713495454308,5.159158896321187,100,0.9550948686220296,0.16976696394618654,0.9803493545342422,100,0.09204829551244692,0.9402089535510404,0.151238555215517,100,0.7195315011382545,0.2013756539066785,0.7733430323688983,100,0.8946824855244863,0.5979129978658059,0.7724927426559018,100,1.683971397834676,1.1800925035837093,1.3681728541572107,100,1.6063120551223198,0.7874782581649108,1.6012564806776637,100,0.3562476103416251,0.34792601304337956,0.2494768965550928,100,1.144244215480284,0.7678264932864866,1.1124117335622652,100,0.22389121486665037,0.24520200440823917,0.1495182974985099,100,,,,0,,,,0,,,,0,,,,0,0.9718961811065674,0.2993616861644229,0.9562690258026123,100,-1.3044621396461284,2.794684092654649e-17,5.883643275654146e-16,-0.058063083944433325,0.43509678080987746,1.0,0.0058273477454075006,0.8258300417006286,1.0,-0.05806308394443334,0.43509678080987746,1.0,0.23278601134601132,1.082004916926409e-17,4.442078223409337e-16,0.2362310710710711,6.504110965076778e-18,4.442078223409337e-16,0.22659053056646156,1.4573676877736123e-17,4.442078223409337e-16,0.22313824981245972,4.342298919012428e-17,1.1875866982234163e-15,0.23303254984063332,3.14398699044227e-17,6.916771378972994e-16,0.2407870042255929,1.5932071996658114e-17,4.442078223409337e-16,1.7422330313740684,6.536103994610526e-17,1.5686649587065261e-15,1.4239642597731879,1.273307953842098e-16,2.5466159076841958e-15,-0.5878051281768913,4.139373908714419e-18,4.442078223409337e-16,-0.08371877224996385,0.7465418609724369,1.0,0.34001020440774965,4.670683307897806e-18,4.442078223409337e-16,-0.2537882760175959,0.00012621354652986807,0.0046699012216051185,-0.9535856038143394,1.401249829740757e-08,7.987124029522314e-07,0.4297052297810523,7.132581379887996e-17,1.6505913880750179e-15,-0.4297052297810523,7.132581379887996e-17,1.6505913880750179e-15,0.28479285195463755,1.273307953842098e-16,2.5466159076841958e-15,-0.28479285195463755,1.273307953842098e-16,2.5466159076841958e-15,,,,,,,-10.505223126411439,3.896559845095909e-18,5.1434589955266e-16
gold_fair_sweep,e6f34a79dfd5,OutcomeModelTransport,FeasibleRestricted,1000,100,20000,10,0.1,2.565813159086298,1.2204282807259765,2.3816745491520575,100,-0.14552276899102132,0.9447843434828423,-0.004455509773507657,100,0.745299908412609,0.5827277965206605,0.6781442731490841,100,-0.09696590059602667,0.9440111793074623,-0.09467718422544755,100,0.831486366966367,0.1438549390363336,0.8688821628821629,100,0.6643022222222222,0.1512747295879148,0.6876936936936937,100,0.8411590977440891,0.14116533915355312,0.881622357365575,100,0.8362997433794013,0.14775578832830832,0.8671934676277404,100,0.8365240162527052,0.1451968716323308,0.8688410554951804,100,0.8329582682656355,0.14648488625830783,0.8651444992848425,100,6.667962972782907,1.9509937791123193,6.468411514983028,100,5.319532151289469,1.6776758050652119,5.196114922504142,100,0.9610807865737031,0.16421425518753302,0.961161149777259,100,0.08545357937212933,0.9255071917867623,0.083712278167836,100,0.7267967863210879,0.19846266326158898,0.7796552455259971,100,0.883378530387524,0.580410424080311,0.7570228195440611,100,1.6708975088839422,1.1689107164372181,1.325547040393644,100,1.6189080234512039,0.7867507938768064,1.6044274393639002,100,0.3436516420127411,0.34160585300739976,0.24450299896551508,100,1.1511485176874996,0.7707681627103607,1.1124041751538654,100,0.21698691265943473,0.23879172133336388,0.1417883943073187,100,,,,0,,,,0,,,,0,,,,0,0.20951320648193358,0.1158491153676315,0.19879376888275146,100,-1.34016702294298,1.2559216589141089e-17,4.442078223409337e-16,-0.04995476121566709,0.5025560930996884,1.0,-0.0038260240775155364,0.7622156087305044,1.0,-0.049954761215667096,0.5025560930996884,1.0,0.2379190410790411,6.12472726248735e-18,4.442078223409337e-16,0.24175183183183183,5.112831740936498e-18,4.442078223409337e-16,0.23161880521631142,6.12472726248735e-18,4.442078223409337e-16,0.22727155181855127,2.0195637546078604e-17,6.664560390205939e-16,0.23888761758491928,1.903450784800175e-17,5.174091720747725e-16,0.24674645741311646,9.318997235593406e-18,4.442078223409337e-16,1.7749436556732285,4.7408945782600864e-17,1.2326325903476224e-15,1.4584857708092656,5.988879490693734e-17,1.3175534879526216e-15,-0.5818192102252177,4.0161556854627e-18,4.442078223409337e-16,-0.09031348839028144,0.7779874954111793,1.0,0.3472754895905833,4.3971135541818935e-18,4.442078223409337e-16,-0.2650922311545579,5.1141812114637424e-05,0.0021990979209294092,-0.9666594927650733,4.288604797431001e-09,2.6160489264329105e-07,0.4423011981099365,1.3732250242604873e-17,5.355577594615901e-16,-0.4423011981099365,1.3732250242604873e-17,5.355577594615901e-16,0.2916971541618532,5.988879490693734e-17,1.3175534879526216e-15,-0.2916971541618532,5.988879490693734e-17,1.3175534879526216e-15,,,,,,,-11.267606101036073,3.896559845095909e-18,5.1434589955266e-16
gold_fair_sweep,e6f34a79dfd5,ProposedA,OracleTargetTreated,1000,100,20000,10,0.1,3.4090156147199115,0.6879140394337416,3.2741129282055788,100,-0.05127724026024696,1.2063697246653342,-0.1566420673765458,100,0.14912430974584823,0.10579778034500346,0.11829151150887618,100,-0.002720371865252312,0.18343495243411434,0.0010314760566332015,100,0.7032658477858479,0.04096402120776506,0.69592232992233,100,0.5137461461461462,0.03607836747963849,0.5066966966966967,100,0.7191558996994388,0.039626491651311276,0.7149654747349607,100,0.7104872604337826,0.07219716914959402,0.7269082531782145,100,0.7114753103577911,0.07725609730180659,0.7230068746728526,100,0.7034232005196357,0.0918937912766497,0.7044744783926633,100,5.786026207928471,1.7411857833167024,5.470235456427805,100,4.637590633338453,1.546628051441548,4.474672320315793,100,1.4047748128894444,0.21330437085401585,1.3803718210568627,100,0.024566316608112614,0.6127529426750303,0.07291140470668335,100,0.4945291418612407,0.07043601130688378,0.4961201475325742,100,0.9035143315230164,0.31066167769997594,0.874059181050844,100,2.19206859073567,0.7863864882185994,2.110697205025122,100,1.446186416727006,0.7276970846625999,1.3587670002499235,100,0.5163732487369395,0.129588786371467,0.4824807184101919,100,1.0147602140972964,0.7455667776341837,1.0049814614822792,100,0.3533752162496379,0.084883359017828,0.34254913989095886,100,0.006236174694456907,0.0041286897720246175,0.005471565083090449,100,29.53,0.6735253251633257,30.0,100,,,,0,,,,0,23.288693199157716,1.8393453812185567,23.426026105880737,100,-0.4969645673093676,2.8782421504419467e-17,5.883643275654146e-16,0.04429076751510723,0.24100890272556064,1.0,-0.6000016227442763,2.6346826245998054e-17,2.6346826245998053e-15,0.04429076751510724,0.24100890272556064,1.0,0.1096985218985219,4.405428848631553e-15,7.048686157810485e-14,0.09119575575575574,2.2752519601792896e-15,3.6404031362868634e-14,0.1096156071716611,4.0576791041155326e-15,6.492286566584852e-14,0.10145906887293263,2.4928276934275358e-11,3.7392415401413036e-10,0.11383891169000504,1.453827925226812e-14,2.326124680362899e-13,0.11721138966711661,6.26479522754658e-14,1.0023672364074529e-12,0.8930068908187927,2.6124185110298048e-11,3.918627766544707e-10,0.7765442528582498,1.534086101076588e-14,2.4545377617225406e-13,-0.13812518390947695,0.0006315385998499609,0.011999233397149258,-0.15120075115429818,0.18672928883396445,1.0,0.11500784513073599,1.7515475137527737e-11,2.1018570165033285e-10,-0.24495643001906564,8.95258354575295e-07,5.908705140196947e-05,-0.44548841091334523,2.4557924093657907e-05,0.0009086431914653425,0.269579591385738,7.664886745226835e-16,1.4563284815930988e-14,-0.269579591385738,7.664886745226835e-16,1.4563284815930988e-14,0.15530885057164995,1.534086101076588e-14,2.4545377617225406e-13,-0.15530885057164995,1.534086101076588e-14,2.4545377617225406e-13,0.006236174694456907,3.896559845095909e-18,1.9872455209989137e-16,29.53,2.6969713467411333e-19,5.602553881687823e-18,11.811573891639709,3.896559845095909e-18,5.1434589955266e-16
gold_fair_sweep,e6f34a79dfd5,ProposedB_LinearStepB,OracleTargetTreated,1000,100,20000,10,0.1,3.539692320027089,0.7554772070291871,3.365379238838078,100,-0.03675628638037889,1.2263993649329252,-0.14468012666819835,100,0.168393036807116,0.12110699006499848,0.14932388724985807,100,0.011800582014615748,0.2077712298683986,0.010288586280054551,100,0.680046826001969,0.05306157333898907,0.6863618423618424,100,0.4944483766419196,0.04543637114840648,0.49739339339339345,100,0.6966197405387515,0.05163835496947715,0.7007193718212945,100,0.6785596555221741,0.101014458766354,0.6949098234688605,100,0.682260434538744,0.09660336941073794,0.6939833242554874,100,0.6731255687827195,0.11768802450173642,0.6854853435404922,100,5.520770049196378,1.665356402194353,5.330536465941799,100,4.450816403565709,1.5004080565930207,4.258693122759553,100,1.3164364911819668,0.2743688528206228,1.3293101354604433,100,0.009413904849724613,0.5897188481828516,-0.034939668390380596,100,0.4439043195875274,0.09920344516040766,0.4578310633071867,100,0.8912290738959078,0.2958537711021302,0.8760234016427069,100,2.2105706431457732,0.7488548315153024,2.1821462631660804,100,1.410976108587238,0.725564639612139,1.3303656243753357,100,0.5515835568767069,0.15395446649274683,0.501912969313962,100,0.9774053681427475,0.7467058796306223,0.9878151025100151,100,0.39073006220418705,0.1088790294840935,0.36732874059899906,100,0.001682943563074818,0.0010888552846397021,0.001251273490458232,100,30.0,0.0,30.0,100,8.197564331367236,2.0082957343578225,8.11373740058016,100,10.0,0.0,10.0,100,38.082294120788575,3.139361078919421,38.26806724071503,100,-0.36628786200219027,8.139713836303197e-14,1.0581627987194156e-12,0.058811721394975286,0.23963200276016683,1.0,-0.5807328956830086,1.470748930574634e-16,1.2648440802941852e-14,0.058811721394975286,0.23963200276016683,1.0,0.08647950011464302,8.303582149243268e-11,1.1625015008940575e-09,0.0718979862515292,3.5385909819756535e-11,5.30788647296348e-10,0.0870794480109739,8.116041088360096e-11,1.1362457523704134e-09,0.06953146396132409,3.6366664685075e-05,0.000400033311535825,0.08462403587095807,9.548258851052974e-09,1.2412736506368866e-07,0.08691375793020063,4.856122648755628e-09,6.79857170825788e-08,0.6277507320866976,1.7511294892273265e-05,0.0001926242438150059,0.5897700230855047,5.846718763075831e-09,8.185406268306164e-08,-0.22646350561695403,1.820481280431822e-06,4.733251329122737e-05,-0.16635316291268612,0.2608721129080632,1.0,0.06438302285702274,0.00025043374880581406,0.0025043374880581405,-0.2572416876461745,1.0479107909982653e-06,6.811420141488724e-05,-0.4269863585032422,0.00029397054482891495,0.009994998524183108,0.2343692832459706,8.139713836303197e-14,1.3837513521715434e-12,-0.2343692832459706,8.139713836303197e-14,1.3837513521715434e-12,0.11795400461710098,5.846718763075831e-09,8.185406268306164e-08,-0.11795400461710098,5.846718763075831e-09,8.185406268306164e-08,0.001682943563074818,3.896559845095909e-18,1.9872455209989137e-16,30.0,1.523970604832094e-23,7.772250084643679e-22,26.60517481327057,3.896559845095909e-18,5.1434589955266e-16
gold_fair_sweep,e6f34a79dfd5,ProposedB_SourceDR,FeasibleRestricted,1000,100,20000,10,0.1,3.929119183761653,1.0115989522983142,3.7121111549496444,100,-0.04725129132007571,0.550912704385837,-0.03140189475008441,100,0.9197917841130784,0.6403101065198552,0.7749492706802692,100,0.0013055770749189166,1.1245256166049675,-0.0512707795544432,100,0.5757589782895977,0.11583585098304502,0.5960530460530461,100,0.40794020800109515,0.08791620059273685,0.4196436436436436,100,0.5916802619362013,0.11804301152061913,0.6091987836394372,100,0.5838726242484504,0.14476196045327772,0.6252384309740409,100,0.5774450987067328,0.15241872397027012,0.6124975524926319,100,0.5662589991786683,0.1725574981298682,0.6164080442331236,100,4.699031444538066,1.6766444636627489,4.671716113889075,100,3.73003327048241,1.4731708446148983,3.6503078659471395,100,1.2755209850155105,0.2603253121881958,1.2822747964169037,100,0.015639808202583226,1.148664833244722,0.02489564515167734,100,0.35908800930803914,0.115657380396927,0.3684173651146347,100,1.1054482916836306,0.5578814482487421,0.976843364005186,100,2.291366878213142,0.9748739528466327,2.137001299021172,100,1.1416220445821101,0.7503769598587058,1.0958191647312794,100,0.8209376208818354,0.36892042190623003,0.7188681923676267,100,0.8332487415260874,0.7405301805383402,0.8250136141453077,100,0.5348866888208469,0.25203961155264337,0.46945470964557257,100,0.0014969999545512414,0.0011094024535629645,0.0009695166671670549,100,29.86,0.37658754867650873,30.0,100,8.19756433136723,2.0082957343578203,8.113737400580174,100,10.0,0.0,10.0,100,42.45386720180512,4.147664759173911,42.58759391307831,100,0.02313900173237441,0.41317373945790214,1.0,0.0483167164552785,0.9862837441089826,1.0,0.17066585162295375,0.013822608825215377,0.5943721794842612,0.04831671645527852,0.9862837441089826,1.0,-0.017808347597728348,0.002971096177137261,0.02971096177137261,-0.014610182389295274,0.0019487700360191424,0.019487700360191422,-0.01786003059157659,0.003176888643056145,0.03176888643056145,-0.02515556731239963,0.005947536126421813,0.04163275288495269,-0.020191299961053007,0.06335450012274496,0.5068360009819597,-0.019952811673850577,0.0512321415151757,0.4610892736365813,-0.19398787257161412,0.004003600734826465,0.04003600734826465,-0.13101310999779472,0.04842741897003167,0.3874193517602534,-0.2673790117834105,4.816144054657832e-14,2.8415249922481208e-12,-0.1601272595598275,0.7991587121799286,1.0,-0.020433287422465574,0.0018173674444179279,0.014538939555343423,-0.04302246985845169,0.15964252201389462,1.0,-0.346190123435873,6.845862261106332e-05,0.0023960517913872163,-0.03498478075915763,0.02453385272288937,0.179420471919708,0.03498478075915762,0.02453385272288937,0.179420471919708,-0.026202621999558917,0.04842741897003167,0.3874193517602534,0.026202621999558928,0.04842741897003167,0.3874193517602534,0.0014969999545512414,3.896559845095909e-18,1.9872455209989137e-16,29.86,2.3731607357466203e-21,9.018010795837157e-20,30.976747894287108,3.896559845095909e-18,5.1434589955266e-16
gold_fair_sweep,e6f34a79dfd5,ProxyOnly,FeasibleRestricted,1000,100,20000,10,0.1,3.905980182029279,0.9900482174950136,3.674179194602379,100,-0.0955680077753542,1.018790004932297,-0.13569626666751522,100,0.7491259324901245,0.569106539409003,0.6695278348324005,100,-0.04701113938035952,0.9426070907031776,-0.1451719135228996,100,0.593567325887326,0.11183833559032888,0.6197949377949379,100,0.4225503903903904,0.08694612356005112,0.4391551551551552,100,0.6095402925277777,0.11300574347363973,0.6369777680408826,100,0.60902819156085,0.1336711199676708,0.6467467077576619,100,0.5976363986677858,0.13720375652905648,0.6278298714714755,100,0.5862118108525189,0.15752004066262962,0.6244514371526588,100,4.89301931710968,1.6480207031168321,4.799749353785935,100,3.861046380480205,1.460724330474678,3.745356869638828,100,1.5428999967989205,0.34869794749429783,1.5225308774885373,100,0.17576706776241072,1.3334897483909656,0.13694773560848952,100,0.37952129673050466,0.1197118562316196,0.39903124845995047,100,1.1484707615420822,0.5137930432041555,1.0322111643098593,100,2.6375570016490157,1.1130293573279837,2.461646218895779,100,1.1766068253412676,0.7440203350669213,1.152156413990797,100,0.7859528401226775,0.35415243136157176,0.6850840282177024,100,0.8594513635256464,0.7488792857028209,0.8717247644136259,100,0.508684066821288,0.22594113774821306,0.4435965361116144,100,0.0,0.0,0.0,100,0.0,0.0,0.0,100,,,,0,,,,0,11.477119307518006,1.5124430470097097,11.265102505683899,100,,,,,,,,,,,,,,,,,,,,,,,,,,,,,,,,,,,,,,,,,,,,,,,,,,,,,,,,,,,,,,,,,,,,,,,,
gold_fair_sweep,e6f34a79dfd5,TargetOnlyDR,OracleTargetTreated,1000,100,20000,10,0.1,4.583490469343191,1.1372265381862794,4.318097936219955,100,-0.05023791062959532,1.283996907480465,-0.1560019119849576,100,0.29913732555317707,0.23805272885256135,0.2463956261086046,100,-0.001681042234600645,0.38347523636102493,0.03338356775605242,100,0.5384969035166461,0.06475768414065504,0.541453475865934,100,0.3797266704345179,0.05011261316067605,0.3821835051971658,100,0.5544929503138296,0.06433842434706338,0.5599470069234629,100,0.47905833029046335,0.12388467982249192,0.49428135749400487,100,0.5360432217718304,0.12095070732589498,0.551909955947353,100,0.538762566605211,0.14741585039857447,0.566610564933923,100,3.9344355363297057,1.535745856203032,3.6068394416108323,100,3.5289807815747425,1.4174867824267439,3.3757320164937843,100,0.5986633464410317,0.25045566194587504,0.598602200707271,100,-0.05911352722164395,0.6394668446596701,-0.04821656948769555,100,0.14831552609163062,0.08009303503360124,0.13983053601625917,100,1.0680415248213853,0.3540253348591701,1.056201212128904,100,2.8996003622164728,4.575901573606468,2.3178490032092602,100,1.0921656397655002,0.7372350611062304,1.0692497252805633,100,0.8703940256984449,0.28180114536304235,0.8038171023482512,100,0.7930382437445541,0.742356016037046,0.76144914577937,100,0.5750971866023804,0.1631463664429224,0.5397849194976233,100,0.0,0.0,0.0,100,0.0,0.0,0.0,100,,,,0,,,,0,23.402284612655638,3.161721503807979,24.026723623275757,100,0.6775102873139122,5.649430306955948e-17,9.327720355358275e-16,0.04533009714575889,0.26972230853401546,1.0,-0.44998860693694737,1.30808185424902e-10,8.764148423468433e-09,0.045330097145758884,0.26972230853401546,1.0,-0.055070422370679696,1.3828387401551853e-07,1.6594064881862223e-06,-0.042823719955872475,1.9695849704486266e-07,2.363501964538352e-06,-0.0550473422139482,1.30723624607853e-07,1.5686834952942362e-06,-0.12996986127038668,3.1974252113338073e-13,5.4356228592674725e-12,-0.06159317689595566,6.516145006328268e-07,7.819374007593922e-06,-0.04744924424730801,8.373748663829111e-05,0.0010048498396594933,-0.9585837807799737,2.7466217414808055e-12,4.66925696051737e-11,-0.3320655989054617,1.6149164377890813e-06,1.9378997253468975e-05,-0.9442366503578893,4.0161556854627e-18,4.442078223409337e-16,-0.23488059498405472,0.19488989682868574,1.0,-0.2312057706388741,3.976797993175688e-17,7.555916187033807e-16,-0.08042923672069684,0.06335450012274496,0.8869630017184295,0.2620433605674576,0.1201551206319861,1.0,-0.08444118557576742,9.950447274882999e-06,0.00011940536729859598,0.08444118557576742,9.950447274882999e-06,0.00011940536729859598,-0.06641311978109236,1.6149164377890813e-06,1.9378997253468975e-05,0.06641311978109236,1.6149164377890813e-06,1.9378997253468975e-05,0.0,,,0.0,,,11.925165305137634,3.896559845095909e-18,5.1434589955266e-16
gold_fair_sweep,ee3fd1e09436,AnchorOnly,OracleTargetTreated,1000,1000,20000,10,0.1,3.1193418350557334,0.5900407837963292,2.976070858160497,100,-0.10496663916832975,1.3709845210632183,-0.1933166045458472,100,0.11026577682556514,0.08097406291790905,0.09737484939331087,100,-0.011643148515816883,0.1367524103100904,-0.004927427965380593,100,0.7377424065424065,0.03220558959905161,0.7381412401412402,100,0.5446916516516517,0.03015982495228572,0.5443423423423424,100,0.7534088313837554,0.03046068591548828,0.7542677093743315,100,0.7454033636175353,0.06732118186355728,0.7536867294233935,100,0.7355979779509996,0.07665450939619688,0.7447283225721308,100,0.7264923809600213,0.10033180504990942,0.7364668148514535,100,5.776081534297997,1.6454625155703995,5.724722781424813,100,4.570689849054932,1.5067154764773922,4.532122850212437,100,1.461448261779827,0.18715112054062502,1.4200815920140464,100,0.06126583369662849,0.7095364042967403,0.052825997862146507,100,0.5638155626144701,0.04608426894507872,0.5629855274845449,100,0.8686514811637158,0.26307669068645456,0.8531413452316388,100,2.2410960991976565,0.6681129626911094,2.1938577097437766,100,1.3701099767080676,0.6621479047640871,1.3581734611408334,100,0.43517925982069516,0.11951017584056384,0.4085076114831018,100,0.9122617523735477,0.725251566154562,0.862058097096039,100,0.30708804025122666,0.0761407301616101,0.2945489927311499,100,0.0004923141426747512,0.0004207245375998914,0.00036037915740384546,100,14.53,0.5403889358787817,15.0,100,,,,0,,,,0,19.717974185943604,1.3905050782285093,19.84953236579895,100,-0.6426385310187608,3.896559845095909e-18,4.442078223409337e-16,-0.0894464107894046,0.19846627399600303,1.0,-0.7778148369360314,7.132581379887996e-17,6.561974869496956e-15,-0.08944641078940459,0.19846627399600303,1.0,0.15200702372702377,5.269204481546392e-18,4.442078223409337e-16,0.12752464464464464,5.112831740936498e-18,4.442078223409337e-16,0.1511547041941959,4.9610417082651575e-18,4.442078223409337e-16,0.1577049786493501,5.1755353272287037e-17,1.1903731252626018e-15,0.1607701482998905,7.333806979251821e-18,4.442078223409337e-16,0.1608444912851425,6.311606041551026e-18,4.442078223409337e-16,1.2423708375296885,5.486894326681338e-17,1.3717235816703346e-15,0.9861945228289904,8.519072542858556e-18,4.442078223409337e-16,0.24255375700009169,3.4111142754357864e-09,1.0915565681394516e-07,0.15369404173906387,0.23148705096597544,1.0,0.18827877452020453,4.813701823147399e-18,4.442078223409337e-16,-0.26287882239603233,0.00030591253406076906,0.008565550953701534,-0.1092925094963992,0.2536519936353009,1.0,0.3348964847081383,6.12472726248735e-18,4.442078223409337e-16,-0.3348964847081383,6.12472726248735e-18,4.442078223409337e-16,0.1972389045657981,8.519072542858556e-18,4.442078223409337e-16,-0.1972389045657981,8.519072542858556e-18,4.442078223409337e-16,0.0004923141426747512,3.896559845095909e-18,1.9872455209989137e-16,14.53,3.332737637268638e-19,6.332201510810412e-18,8.295830657482147,3.896559845095909e-18,5.1434589955266e-16
gold_fair_sweep,ee3fd1e09436,AnchorPlugin,FeasibleRestricted,1000,1000,20000,10,0.1,2.886326242385287,0.9577634437843306,2.68039819725578,100,-0.049301222862741405,0.9985030189197268,-0.09436512471722466,100,0.7117154781201391,0.5902743961882158,0.603464186114895,100,0.04402226778977144,0.9263486405998799,0.10851034038092607,100,0.7656440624840626,0.1272076988569759,0.7992018432018433,100,0.5810683483483483,0.11536644673879709,0.6032872872872872,100,0.778368039850299,0.126153078607552,0.809115532396794,100,0.767492804712466,0.14537258239300205,0.8179857918724537,100,0.76191911908134,0.14522953007688919,0.8085178637906808,100,0.7578919281113032,0.1566105856909298,0.8155353772314244,100,5.871664618723299,1.8147966324613056,5.7507924157178305,100,4.674360709748061,1.6308025042453307,4.6277132442914075,100,1.0192142646192561,0.14584296121479534,1.029267070264352,100,-0.05350220096387602,0.8995243028785587,-0.0974615295145097,100,0.6210963889448715,0.16894797224677302,0.6514303590333015,100,0.8172172956056188,0.5468497929664742,0.6363333399203935,100,1.5208504167206436,0.8526556815395362,1.3148976848581184,100,1.3742386328270613,0.6275150871574322,1.3849543033855758,100,0.4310506037017017,0.3138190297627372,0.33414901220602317,100,0.9329959245121736,0.691115265732935,0.8557290180872088,100,0.2863538681126009,0.20492141414725526,0.2339917068482827,100,0.0015870425781904526,0.0013125006015825094,0.0009981686549734713,100,29.87,0.3666666666666666,30.0,100,,,,0,,,,0,9.369414479732514,0.9841532286660603,9.380175828933716,100,-0.8756541236892071,3.896559845095909e-18,4.442078223409337e-16,-0.03378099448381629,0.7283878786577169,1.0,-0.17636513564145734,0.012552336622314265,0.5523028113818277,-0.0337809944838163,0.7283878786577169,1.0,0.17990867966867963,4.139373908714419e-18,4.442078223409337e-16,0.16390134134134138,4.139373908714419e-18,4.442078223409337e-16,0.17611391266073972,4.139373908714419e-18,4.442078223409337e-16,0.1797944197442808,4.670683307897806e-18,4.442078223409337e-16,0.18709128943023098,4.139373908714419e-18,4.442078223409337e-16,0.19224403843642437,4.0161556854627e-18,4.442078223409337e-16,1.3379539219549905,4.813701823147399e-18,4.442078223409337e-16,1.0898653835221197,4.2663227307182344e-18,4.442078223409337e-16,-0.19968024016047917,1.6024900691043567e-10,5.953926080686753e-09,0.038926007078559324,0.8258300417006286,1.0,0.24555960085060588,4.139373908714419e-18,4.442078223409337e-16,-0.314313007954129,1.2829359276995208e-07,9.622019457746406e-06,-0.8295381919734122,7.25290834204942e-12,5.802326673639536e-10,0.339025140827132,3.896559845095909e-18,4.442078223409337e-16,-0.339025140827132,3.896559845095909e-18,4.442078223409337e-16,0.2179730767044239,4.2663227307182344e-18,4.442078223409337e-16,-0.2179730767044239,4.2663227307182344e-18,4.442078223409337e-16,0.0015870425781904526,3.896559845095909e-18,1.9872455209989137e-16,29.87,1.7510248029975214e-21,7.004099211990085e-20,-2.052729048728943,1.698310160677352e-16,1.868141176745087e-15
gold_fair_sweep,ee3fd1e09436,DRLearner_PooledNoSite,OracleTargetTreated,1000,1000,20000,10,0.1,2.163773301048574,1.0963895224450344,1.8507904956733368,100,-0.0804039934321374,1.033815800659598,-0.14947501563054416,100,0.5954653811445856,0.528773944877892,0.46669423249460407,100,0.012919497220375453,0.7984947788088536,0.07469784915945595,100,0.8682296388296389,0.12262784692688765,0.9084684324684325,100,0.7083821021021022,0.13827014094548218,0.7376116116116116,100,0.8764262443123116,0.119527882840484,0.9156521372706368,100,0.8718021346395136,0.12470039704845709,0.9138301547802381,100,0.870226840022344,0.12541062807835907,0.9150350279242909,100,0.8668701193750475,0.12633768258223826,0.9113539008013286,100,6.640928481729354,1.7594974442204763,6.579883264621523,100,5.288632098588806,1.5852725823942606,5.227617053535555,100,1.0057118684055526,0.13958379626763287,1.0089825857251484,100,-0.015915887167683992,0.7656360482449961,-0.10345623284048966,100,0.7823680714433275,0.1775592909421664,0.8373470077955045,100,0.7001546820589032,0.5166306537412304,0.596045607441201,100,1.3175022165879418,0.9879667460798691,1.0344214041814321,100,1.5476197431104735,0.6169638345887175,1.516260446603824,100,0.25766949341828926,0.28208223961063644,0.1849831855837606,100,1.0558502022803227,0.693470473161162,0.9634616513494005,100,0.1634995903444516,0.18959536319586004,0.09664045423092099,100,,,,0,,,,0,,,,0,,,,0,0.5070500183105469,0.2766976534722901,0.49107658863067627,100,-1.5982070650259204,4.3971135541818935e-18,4.442078223409337e-16,-0.06488376505321228,0.6327020543587233,1.0,-0.2926152326170107,0.00012102172562149042,0.006656194909181973,-0.06488376505321228,0.6327020543587233,1.0,0.2824942560142561,3.896559845095909e-18,4.442078223409337e-16,0.29121509509509513,3.896559845095909e-18,4.442078223409337e-16,0.2741721171227523,3.896559845095909e-18,4.442078223409337e-16,0.28410374967132834,3.896559845095909e-18,4.442078223409337e-16,0.295399010371235,3.896559845095909e-18,4.442078223409337e-16,0.30122222970016854,3.896559845095909e-18,4.442078223409337e-16,2.107217784961046,3.896559845095909e-18,4.442078223409337e-16,1.704136772362866,3.896559845095909e-18,4.442078223409337e-16,-0.213182636374183,3.137569850407762e-09,1.066773749138639e-07,0.0765123208747514,0.8285088118253296,1.0,0.406831283349062,3.896559845095909e-18,4.442078223409337e-16,-0.4313756215008447,6.218652722324681e-09,5.223668286752732e-07,-1.0328863921061144,4.67439983649974e-11,3.505799877374805e-09,0.5124062511105442,4.0161556854627e-18,4.442078223409337e-16,-0.5124062511105442,4.0161556854627e-18,4.442078223409337e-16,0.34082735447257323,3.896559845095909e-18,4.442078223409337e-16,-0.34082735447257323,3.896559845095909e-18,4.442078223409337e-16,,,,,,,-10.915093510150909,3.896559845095909e-18,5.1434589955266e-16
gold_fair_sweep,ee3fd1e09436,DRLearner_PooledWithSite,OracleTargetTreated,1000,1000,20000,10,0.1,2.163056891493814,1.0950430781552223,1.8562784084626838,100,-0.08031570528273234,1.0334133121603484,-0.13537725465464223,100,0.5947453025098469,0.5278817826056486,0.46813834879535055,100,0.013007785369780528,0.7973601375220882,0.0763350363233884,100,0.8683326278526278,0.12239671638325038,0.9082263802263804,100,0.708446886886887,0.13807658716844232,0.7373293293293293,100,0.8765289965829495,0.11930409214258625,0.9154418550308938,100,0.8717087897158958,0.12426838961942745,0.9138301547802381,100,0.8710313164007362,0.12436501059744533,0.9143424804572728,100,0.8669160987718385,0.12684387209296052,0.9111031651744073,100,6.640263969422185,1.7571975897053314,6.570361636457974,100,5.294266823896397,1.5847827146387998,5.228538054481317,100,1.005931254425944,0.13928341067839073,1.008271625973153,100,-0.016188618518641628,0.7649558715196463,-0.10825245732472649,100,0.7824915199211491,0.1772368949341279,0.8368441390576744,100,0.6998196871595261,0.5168063067892339,0.5820765990996928,100,1.3112855771337377,0.982767353029885,1.0254855277850174,100,1.5482842102819725,0.617019576639768,1.5152261516455159,100,0.2570050262467902,0.28035134217240093,0.1769783958822021,100,1.0569771473418408,0.6937758088665956,0.9632308611865592,100,0.16237264528293366,0.18816841589600913,0.09326259229615974,100,,,,0,,,,0,,,,0,,,,0,0.9225164842605591,0.47272593438883215,0.8958004713058472,100,-1.5989234745806806,4.2663227307182344e-18,4.442078223409337e-16,-0.06479547690380721,0.6351513625895362,1.0,-0.29333531125174944,0.0001051325851580842,0.0059925573540108,-0.0647954769038072,0.6351513625895362,1.0,0.2825972450372451,3.896559845095909e-18,4.442078223409337e-16,0.29127987987987985,3.896559845095909e-18,4.442078223409337e-16,0.27427486939338996,3.896559845095909e-18,4.442078223409337e-16,0.2840104047477108,3.896559845095909e-18,4.442078223409337e-16,0.29620348674962715,3.896559845095909e-18,4.442078223409337e-16,0.30126820909695967,3.896559845095909e-18,4.442078223409337e-16,2.1065532726538767,3.896559845095909e-18,4.442078223409337e-16,1.7097714976704557,3.896559845095909e-18,4.442078223409337e-16,-0.21296325035379174,3.2715597182889192e-09,1.0796147070353434e-07,0.07623958952379377,0.8258300417006286,1.0,0.4069547318268834,3.896559845095909e-18,4.442078223409337e-16,-0.43171061640022174,7.950279114774595e-09,6.519228874115168e-07,-1.0391030315603182,4.56750360438978e-11,3.4713027393362326e-09,0.5130707182820433,4.0161556854627e-18,4.442078223409337e-16,-0.5130707182820433,4.0161556854627e-18,4.442078223409337e-16,0.3419542995340911,3.896559845095909e-18,4.442078223409337e-16,-0.3419542995340911,3.896559845095909e-18,4.442078223409337e-16,,,,,,,-10.499627044200897,3.896559845095909e-18,5.1434589955266e-16
gold_fair_sweep,ee3fd1e09436,EntropyBalancing,FeasibleRestricted,1000,1000,20000,10,0.1,2.469969625335837,1.2379029399312544,2.1888559691491776,100,-0.07114098669306464,1.0399804152774976,-0.08629262920362737,100,0.7854276219423515,0.7010996268467802,0.6585319378547853,100,0.02218250395944823,1.0555432158516573,0.06091546417283811,100,0.8341543650343652,0.15242054732036922,0.8881923061923063,100,0.6694070870870871,0.1563965131160506,0.7106106106106106,100,0.8434316658098742,0.15001526029824538,0.8969684552766094,100,0.8359996061561642,0.15986761067838173,0.8935668738776883,100,0.834787681868889,0.16040941106117182,0.8953419669118751,100,0.8310718689767735,0.166380855527535,0.9004895288179982,100,6.347933427336082,1.871187533876537,6.162738268444663,100,5.062291204161411,1.6607434525515314,4.9742657219827855,100,0.960982353413091,0.1668326716411223,0.9852032947396957,100,-0.054369659504043925,0.9754830278979779,-0.09943817197504363,100,0.733940576119014,0.20661399408003164,0.806282457201924,100,0.9007829517511386,0.6865310416936456,0.756154241064669,100,1.629236870159614,1.2779928583046178,1.2366273483903356,100,1.4674311656249153,0.6139307602201766,1.410187098933756,100,0.3378580709038472,0.35473272331934363,0.23017726769186342,100,1.0105820233948437,0.6835913346445156,0.8921598002783482,100,0.20876776922993062,0.24073220438911108,0.1248305408504391,100,,,,0,,,,0,,,,0,,,,0,3.463607957363129,1.2997159843447152,3.5287909507751465,100,-1.292010740738657,5.988879490693734e-17,9.327720355358275e-16,-0.055620758314139505,0.8446222853530765,1.0,-0.10265299181924491,0.09886198404788216,1.0,-0.05562075831413952,0.8446222853530765,1.0,0.2484189822189822,5.596247901468035e-18,4.442078223409337e-16,0.25224008008008014,5.430296382634715e-18,4.442078223409337e-16,0.24117753862031466,5.596247901468035e-18,4.442078223409337e-16,0.24830122118797907,5.94331234302936e-18,4.442078223409337e-16,0.25995985221778,5.94331234302936e-18,4.442078223409337e-16,0.2654239793018943,5.596247901468035e-18,4.442078223409337e-16,1.8142227305677734,7.78699366986276e-18,4.442078223409337e-16,1.4777958779354712,6.311606041551026e-18,4.442078223409337e-16,-0.25791215136664447,1.063997738237984e-11,5.000789369718525e-10,0.03805854853839148,0.8770384213786963,1.0,0.35840378802474854,4.9610417082651575e-18,4.442078223409337e-16,-0.23074735180860934,0.00022183258543081826,0.006953023851353365,-0.7211517385344416,2.160219772158601e-07,9.720988974713704e-06,0.43221767362498636,3.861843481183515e-17,1.0813161747313843e-15,-0.43221767362498636,3.861843481183515e-17,1.0813161747313843e-15,0.2955591755870942,6.311606041551026e-18,4.442078223409337e-16,-0.29555917558709416,6.311606041551026e-18,4.442078223409337e-16,,,,,,,-7.958535571098327,3.896559845095909e-18,5.1434589955266e-16
gold_fair_sweep,ee3fd1e09436,IPWTransport,FeasibleRestricted,1000,1000,20000,10,0.1,2.4733230694753403,1.2367332847716614,2.196792803949303,100,-0.0702068331922078,1.0409931487038844,-0.08580949016961403,100,0.7857975197204213,0.7009775906710356,0.6544535118233472,100,0.023116657460305043,1.0557199893448985,0.06333918735685024,100,0.8337951161151161,0.15218557518658735,0.8879438039438039,100,0.6688785585585585,0.15611528584452347,0.7102802802802803,100,0.8431037695192871,0.14977562979239312,0.8967509133655561,100,0.8352745213883875,0.1614222694903856,0.894650854472688,100,0.8342056452388542,0.1607331979755382,0.8887098097824616,100,0.8299955803736642,0.1675425158061069,0.8971273499087277,100,6.342032722233093,1.879553396346341,6.162738268444663,100,5.0592700272325475,1.6609611129338109,4.96698112022708,100,0.9600450318740457,0.1661153693825111,0.9848132622297074,100,-0.05592604083153757,0.9761585386959667,-0.10174618396658726,100,0.7332802535261292,0.206449319621279,0.8058174629256869,100,0.9003805020900175,0.6860843342163504,0.7544273926017152,100,1.633184139891403,1.2757340277596603,1.2586581115415287,100,1.4669781108301823,0.6129488294737017,1.4099548880668737,100,0.33831112569858035,0.35496289137214226,0.2298664876397314,100,1.0099777880090708,0.6830053679689262,0.890523221716478,100,0.2093720046157034,0.24042872701960125,0.12591159338180208,100,,,,0,,,,0,,,,0,,,,0,0.9156465530395508,0.34898111869583454,0.9246293306350708,100,-1.288657296599154,5.988879490693734e-17,9.327720355358275e-16,-0.05468660481328271,0.8446222853530765,1.0,-0.10228309404117518,0.09816119491270844,1.0,-0.05468660481328271,0.8446222853530765,1.0,0.24805973329973327,5.596247901468035e-18,4.442078223409337e-16,0.25171155155155156,5.269204481546392e-18,4.442078223409337e-16,0.24084964232972758,5.596247901468035e-18,4.442078223409337e-16,0.24757613642020207,5.94331234302936e-18,4.442078223409337e-16,0.2593778155877451,5.767203615817138e-18,4.442078223409337e-16,0.2643476906987851,5.596247901468035e-18,4.442078223409337e-16,1.8083220254647836,7.78699366986276e-18,4.442078223409337e-16,1.4747747010066072,6.311606041551026e-18,4.442078223409337e-16,-0.25884947290569,8.787950534905691e-12,4.3060957621037885e-10,0.0365021672108978,0.8662073147584464,1.0,0.35774346543186375,4.9610417082651575e-18,4.442078223409337e-16,-0.2311498014697306,0.00023100689423620604,0.006953023851353365,-0.7172044688026528,2.502858663696827e-07,1.0512006387526674e-05,0.43176461883025313,3.976797993175688e-17,1.0813161747313843e-15,-0.431764618830253,3.976797993175688e-17,1.0813161747313843e-15,0.2949549402013214,6.311606041551026e-18,4.442078223409337e-16,-0.2949549402013214,6.311606041551026e-18,4.442078223409337e-16,,,,,,,-10.506496975421905,3.896559845095909e-18,5.1434589955266e-16
gold_fair_sweep,ee3fd1e09436,OutcomeModelTransport,FeasibleRestricted,1000,1000,20000,10,0.1,2.4380158164060504,1.2424679259779967,2.1717390718209293,100,-0.074675025820716,1.0324493309108629,-0.12579130851548423,100,0.7851666884464125,0.7007673674376727,0.6359734229029961,100,0.01864846483179686,1.0551954759966666,0.08126031174193717,100,0.8378370419970419,0.15123024141952368,0.8861976101976102,100,0.674782022022022,0.15756722368071518,0.7065245245245246,100,0.8469704910962348,0.14881692443681543,0.8964623242402874,100,0.8403261706134691,0.15691091002210666,0.8985243363766147,100,0.8391016610685414,0.15574230691196436,0.8903902526741724,100,0.8353680958896708,0.16125919750432885,0.8964173895217988,100,6.38102259654371,1.8540800194265794,6.167084001290723,100,5.091248210496227,1.6489722191958338,4.930489306263359,100,0.9692871645583355,0.16790628000227084,0.9957142386310847,100,-0.04979731933907262,0.9715456238253484,-0.13046091010699973,100,0.7395652217519928,0.20507273227630446,0.8030058810584618,100,0.8956244161417026,0.6915269778576136,0.7178355742866698,100,1.6235081800248008,1.3173472774472448,1.2569081462833513,100,1.4760703638094983,0.6202904562474866,1.4250810970841885,100,0.3292188727192641,0.35362325395745864,0.23251971585613562,100,1.016373424661807,0.6864397960781732,0.9202241444490602,100,0.20297636796296753,0.23515777615041247,0.1136631085545739,100,,,,0,,,,0,,,,0,,,,0,0.1867542600631714,0.10461817730957183,0.17403650283813477,100,-1.323964549668444,5.486894326681338e-17,9.327720355358275e-16,-0.05915479744179088,0.8419319948258008,1.0,-0.10291392531518395,0.1234703042536796,1.0,-0.05915479744179088,0.8419319948258008,1.0,0.2521016591816592,5.430296382634715e-18,4.442078223409337e-16,0.25761501501501505,4.9610417082651575e-18,4.442078223409337e-16,0.2447163639066753,5.430296382634715e-18,4.442078223409337e-16,0.2526277856452838,6.504110965076778e-18,4.442078223409337e-16,0.26427383141743244,5.430296382634715e-18,4.442078223409337e-16,0.2697202062147917,5.112831740936498e-18,4.442078223409337e-16,1.8473118997754008,9.893009181510365e-18,4.748644407124975e-16,1.506752884270286,6.906672275406012e-18,4.442078223409337e-16,-0.24960734022140002,4.56750360438978e-11,1.827001441755912e-09,0.042630888703362776,0.8635033772834252,1.0,0.3640284336577274,4.3971135541818935e-18,4.442078223409337e-16,-0.23590588741804527,0.0002045007015103931,0.006953023851353365,-0.7268804286692548,2.2004304714429118e-07,9.720988974713704e-06,0.4408568718095694,2.964263914228315e-17,9.485644525530607e-16,-0.4408568718095694,2.964263914228315e-17,9.485644525530607e-16,0.30135057685405725,6.906672275406012e-18,4.442078223409337e-16,-0.30135057685405725,6.906672275406012e-18,4.442078223409337e-16,,,,,,,-11.235389268398285,3.896559845095909e-18,5.1434589955266e-16
gold_fair_sweep,ee3fd1e09436,ProposedA,OracleTargetTreated,1000,1000,20000,10,0.1,3.1243322673173175,0.5736334839792384,2.9833349397371656,100,-0.10247770640917926,1.3686124601886107,-0.2269792017390537,100,0.10135190467335525,0.06987097302106492,0.09601980752982248,100,-0.009154215756666386,0.1231798482182425,-0.02480652917786874,100,0.7326039116439117,0.03016460709545518,0.7322377742377743,100,0.5395413013013013,0.028110375467683715,0.540034034034034,100,0.7482591854551806,0.028331910182857082,0.7484516781140542,100,0.7390375175215922,0.06999573131937224,0.7526103116276394,100,0.7339080640896104,0.07535817895615754,0.7525456507872028,100,0.7242064880347931,0.09498826124318402,0.730294359326435,100,5.735530762243999,1.6839103389189067,5.672125892092634,100,4.565135290961474,1.518942346158896,4.468111622989996,100,1.4426481042282604,0.17246834891713259,1.409573113212382,100,0.0631069756097671,0.678497519120981,0.07951695669965227,100,0.5575571474609898,0.04177509610989783,0.5571416506868094,100,0.827192079411124,0.2534532886588399,0.7963237937647542,100,2.1278143518324906,0.6317029398028774,2.093219829389924,100,1.3609237053341294,0.6639629255743958,1.3271080933918353,100,0.44436553119463335,0.11494348319005872,0.42622799251071697,100,0.9111508407548563,0.7300553398339142,0.8583953280063066,100,0.30819895186991814,0.07019498550900977,0.29736508887926494,100,0.0018111250871268047,0.0008999760495159792,0.0016884155686031294,100,29.97,0.17144660799776532,30.0,100,,,,0,,,,0,24.890693476200102,1.365108149509172,25.018545746803284,100,-0.637648098757177,3.896559845095909e-18,4.442078223409337e-16,-0.08695747803025408,0.22223549128693643,1.0,-0.7867287090882412,3.433907108732613e-17,3.3652289665579607e-15,-0.08695747803025408,0.22223549128693643,1.0,0.14686852882852885,6.12472726248735e-18,4.442078223409337e-16,0.12237429429429433,6.702409068617996e-18,4.442078223409337e-16,0.146005058265621,5.767203615817138e-18,4.442078223409337e-16,0.15133913255340706,2.0175487407088173e-16,4.0350974814176344e-15,0.15908023443850144,1.8478899002670448e-17,5.174091720747725e-16,0.1585585983599141,7.117077537219983e-18,4.442078223409337e-16,1.2018200654756896,1.7478232297301266e-16,3.4956464594602532e-15,0.9806399647355335,1.0501887534614503e-17,4.442078223409337e-16,0.22375359944852455,1.8540113727508372e-08,5.191231843702344e-07,0.15553518365220248,0.219641494682706,1.0,0.18202035936672437,6.12472726248735e-18,4.442078223409337e-16,-0.3043382241486241,1.165924828268731e-05,0.000641258655547802,-0.22257425686156523,0.042148596180625414,1.0,0.32571021333420014,4.531861061109546e-18,4.442078223409337e-16,-0.32571021333420014,4.531861061109546e-18,4.442078223409337e-16,0.19612799294710662,1.0501887534614503e-17,4.442078223409337e-16,-0.19612799294710662,1.0501887534614503e-17,4.442078223409337e-16,0.0018111250871268047,3.896559845095909e-18,1.9872455209989137e-16,29.97,6.183484234308332e-23,2.7825679054387493e-21,13.468549947738648,3.896559845095909e-18,5.1434589955266e-16
gold_fair_sweep,ee3fd1e09436,ProposedB_LinearStepB,OracleTargetTreated,1000,1000,20000,10,0.1,3.1155981283802174,0.573861609295633,2.988198938287119,100,-0.10462706491782404,1.3748451241248056,-0.20898218065578486,100,0.10092298924087979,0.07479148603878272,0.09573300220746626,100,-0.01130357426531116,0.12551110734457924,-0.023196291514189088,100,0.7360167631767633,0.030869613339403197,0.7361175101175101,100,0.5427035435435434,0.028841240626974237,0.5421921921921922,100,0.7514162389340636,0.029045961565191267,0.7514869531842874,100,0.7378681734638027,0.07169108396863759,0.746141114905434,100,0.7339860954853031,0.07404375972706288,0.742111470280383,100,0.7246364509721595,0.09731756676993786,0.7387217352419067,100,5.728194103786129,1.681042233548396,5.606201891819621,100,4.5672893151009895,1.5265255462815925,4.499023157277381,100,1.4474050542530807,0.17602998277342882,1.4202599321557643,100,0.06726581663891755,0.6875512152764955,0.08726133134583587,100,0.5617390547749833,0.04320827157198466,0.5608593987987478,100,0.8339889920890786,0.2551162770151649,0.7895879876200229,100,2.153904098687838,0.6618085724664785,2.145417146673057,100,1.3660491391231444,0.6662714547406487,1.3448810163845921,100,0.4392400974056182,0.1115385899619578,0.41823401984436953,100,0.9115816455827591,0.7280361706246906,0.8625991428407005,100,0.30776814704201516,0.06741563324214452,0.2955191549733891,100,0.0016736832594550324,0.0015020387361481047,0.0011591112928227944,100,29.99,0.09999999999999998,30.0,100,7.832021462488808,2.175530220804466,7.888961089093931,100,10.0,0.0,10.0,100,40.94745980262756,3.3949158322493735,40.75570499897003,100,-0.6463822376942768,3.896559845095909e-18,4.442078223409337e-16,-0.0891068365388989,0.21451884959596101,1.0,-0.7871576245207166,5.328972389674846e-17,5.0092340462943555e-15,-0.0891068365388989,0.21451884959596101,1.0,0.15028138036138036,6.504110965076778e-18,4.442078223409337e-16,0.12553653653653654,7.117077537219983e-18,4.442078223409337e-16,0.14916211174450383,6.504110965076778e-18,4.442078223409337e-16,0.1501697884956174,1.2370784421819017e-16,2.6441046577588206e-15,0.15915826583419412,7.333806979251821e-18,4.442078223409337e-16,0.15898856129728028,7.117077537219983e-18,4.442078223409337e-16,1.194483407017821,1.2370784421819017e-16,2.5978647285819936e-15,0.9827939888750479,7.78699366986276e-18,4.442078223409337e-16,0.22851054947334518,1.2171659371953646e-08,3.5297812178665574e-07,0.15969402468135294,0.20087704004784346,1.0,0.18620226668071777,5.94331234302936e-18,4.442078223409337e-16,-0.2975413114706695,3.5294333899988745e-05,0.001658833693299471,-0.1964845100062177,0.06384551826051998,1.0,0.33083564712321517,5.269204481546392e-18,4.442078223409337e-16,-0.33083564712321517,5.269204481546392e-18,4.442078223409337e-16,0.19655879777500965,7.78699366986276e-18,4.442078223409337e-16,-0.19655879777500965,7.78699366986276e-18,4.442078223409337e-16,0.0016736832594550324,3.896559845095909e-18,1.9872455209989137e-16,29.99,2.4759849062268662e-23,1.237992453113433e-21,29.52531627416611,3.896559845095909e-18,5.1434589955266e-16
gold_fair_sweep,ee3fd1e09436,ProposedB_SourceDR,FeasibleRestricted,1000,1000,20000,10,0.1,3.8102381087287194,0.8707422056818245,3.5888098665812773,100,-0.06493951480118525,0.5395209934785737,-0.03461931325862429,100,0.9963012150374747,0.7558940358459827,0.8587239390026165,100,0.028383975851327615,1.2542745081968287,0.07283657002902261,100,0.5853898695236226,0.11713528654115082,0.6167988887988888,100,0.4155040605086745,0.08926874233952992,0.43757157157157156,100,0.6010536576594473,0.11885806116310783,0.6337129670916284,100,0.5787308356588153,0.14527081470517833,0.6227130855351923,100,0.5773677250149439,0.15330726076236834,0.6162539204743547,100,0.5606826143174759,0.177355119249681,0.6110237733537068,100,4.478112009043951,1.667240038456619,4.403766342482261,100,3.60523966041576,1.5195705663577395,3.6096397520564167,100,1.2986363131990908,0.29409275907273896,1.2966984829345116,100,-0.031624096000694345,1.1967942849162423,-0.10669158434630671,100,0.3713143882625312,0.1180375760239546,0.3997957660076085,100,1.1866339191748478,0.666174793941038,1.0427341449850103,100,2.4099430983562002,1.1382080837258912,2.227582104916391,100,1.0282553990512777,0.6099700501484807,0.9826901933899785,100,0.7770338374774849,0.34594345164199264,0.6928227654447157,100,0.7191717146457134,0.6916198443355845,0.6208768621341672,100,0.5001780779790611,0.21613109952127546,0.43829862946236386,100,0.0015799535096678685,0.0013063049347386325,0.0009605512623944731,100,29.87,0.3666666666666666,30.0,100,7.832021462488804,2.1755302208044642,7.888961089093961,100,10.0,0.0,10.0,100,40.34881292581558,5.28403956999782,40.667688727378845,100,0.04825774265422403,0.21835267660855628,1.0,-0.04941928642226008,0.8071370593535689,1.0,0.10822060127587849,0.2579671879817931,1.0,-0.04941928642226013,0.8071370593535689,1.0,-0.00034551329176018273,0.5916968660875195,1.0,-0.001662946498332467,0.49166378509120057,1.0,-0.0012004695301122293,0.511360943044574,1.0,-0.008967549309369927,0.21706930167208116,1.0,0.0025398953638349365,0.8098010180054853,1.0,-0.004965275357403095,0.21199007427742012,0.8479602971096805,-0.05559868772435712,0.2565231689671972,1.0,0.020744334189818893,0.8446222853530765,1.0,0.07974180841935499,0.032187336447175634,0.3862480373661076,0.06080411204174105,0.8204786096104631,1.0,-0.004222399831734307,0.49383206015649095,1.0,0.05510361561509967,0.8960471686012128,1.0,0.0595544896621443,0.9725715413852294,1.0,-0.006958092948651391,0.7206533187202941,1.0,0.006958092948651398,0.7206533187202941,1.0,0.004148866837963784,0.8446222853530765,1.0,-0.004148866837963784,0.8446222853530765,1.0,0.0015799535096678685,3.896559845095909e-18,1.9872455209989137e-16,29.87,1.7510248029975214e-21,7.004099211990085e-20,28.926669397354125,3.896559845095909e-18,5.1434589955266e-16
gold_fair_sweep,ee3fd1e09436,ProxyOnly,FeasibleRestricted,1000,1000,20000,10,0.1,3.761980366074494,0.8623430686857945,3.5623735441468947,100,-0.01552022837892516,1.598549279735112,-0.03181003323452994,100,0.8880806137615964,0.6910704457574438,0.8026869918897803,100,0.07780326227358772,1.1261072693706642,0.09837179558091994,100,0.585735382815383,0.12605823913016345,0.6197075597075596,100,0.41716700700700704,0.09733750170787749,0.4391651651651652,100,0.6022541271895596,0.12630864656675841,0.635837642507,100,0.5876983849681853,0.15627065208981733,0.6147345204875292,100,0.5748278296511089,0.16701049432275822,0.6163100004827493,100,0.5656478896748789,0.1870417760712007,0.6181399555132843,100,4.533710696768309,1.7498084583277005,4.4451301662349,100,3.5844953262259414,1.5908860100444038,3.50513595740397,100,1.2188945047797355,0.3141544168047298,1.2116298953430387,100,-0.09242820804243541,1.360045400946536,-0.1257995942721492,100,0.3755367880942655,0.1304245804831234,0.39629714871986177,100,1.131530303559748,0.5803580093556242,1.0281334122919383,100,2.3503886086940557,0.9366370044878293,2.267504101998968,100,1.0352134919999292,0.6443242326587321,1.0394072877842306,100,0.7700757445288334,0.3561101439366635,0.6634305565710612,100,0.7150228478077497,0.6959557202589626,0.6568801822745818,100,0.5043269448170247,0.22963444309370928,0.4565221158074432,100,0.0,0.0,0.0,100,0.0,0.0,0.0,100,,,,0,,,,0,11.422143528461456,1.1458557962921327,11.201586484909058,100,,,,,,,,,,,,,,,,,,,,,,,,,,,,,,,,,,,,,,,,,,,,,,,,,,,,,,,,,,,,,,,,,,,,,,,,
gold_fair_sweep,ee3fd1e09436,TargetOnlyDR,OracleTargetTreated,1000,1000,20000,10,0.1,3.0992111643864604,0.5828117472526867,2.9399302179275018,100,-0.10782734102635899,1.358177651160637,-0.2404037729042884,100,0.11530828862959225,0.08322567346257052,0.10636757436785006,100,-0.014503850373846123,0.14193072484004327,-0.006869625677288549,100,0.7424569024969025,0.030210458708257663,0.7407709107709108,100,0.549112952952953,0.028497717092638028,0.5468628628628629,100,0.7581738696020186,0.028248227580132422,0.7565385335916446,100,0.749736993262628,0.0692892848821553,0.7631793839371637,100,0.7440698291614938,0.07195804196633987,0.7474675973976053,100,0.7330928726108472,0.10133260695837461,0.7427203239163809,100,5.818710450065222,1.6933166946087557,5.7381730011869365,100,4.623605539314641,1.5237437261596676,4.551848071123677,100,1.4682691710370026,0.19096210562767635,1.427095229229812,100,0.04980438832145847,0.7027839481953422,0.08808172903631042,100,0.572261951680527,0.041096420373686056,0.571131774965514,100,0.8623825993461053,0.2616804185580888,0.8368202316126478,100,2.2895047802222668,0.6722692042942817,2.293027112617867,100,1.3801169501889872,0.6654984051552437,1.3501822455429433,100,0.42517228633977555,0.1130993703424757,0.3868408762714266,100,0.9228448904254896,0.7291255317528,0.8862642978095583,100,0.29650490219928494,0.06812316692282602,0.27739431425836014,100,0.0,0.0,0.0,100,0.0,0.0,0.0,100,,,,0,,,,0,27.69257250547409,2.820320963378408,28.224451303482056,100,-0.6627692016880334,3.896559845095909e-18,4.442078223409337e-16,-0.09230711264743385,0.20453314479183926,1.0,-0.772772325132004,9.535497985106279e-17,8.677303166446714e-15,-0.09230711264743385,0.20453314479183926,1.0,0.15672151968151968,4.670683307897806e-18,4.442078223409337e-16,0.13194594594594594,4.670683307897806e-18,4.442078223409337e-16,0.15591974241245907,4.531861061109546e-18,4.442078223409337e-16,0.16203860829444292,4.4713463414559033e-17,1.1875866982234163e-15,0.16924199951038468,6.702409068617996e-18,4.442078223409337e-16,0.1674449829359683,6.702409068617996e-18,4.442078223409337e-16,1.2849997532969146,2.483725635893387e-17,8.444667162037516e-16,1.039110213088699,7.117077537219983e-18,4.442078223409337e-16,0.24937466625726729,8.032375048416746e-10,2.811331266945861e-08,0.14223259636389385,0.259416834386872,1.0,0.19672516358626152,4.531861061109546e-18,4.442078223409337e-16,-0.26914770421364276,0.0004137419974298486,0.010757291933176063,-0.06088382847178917,0.6425231921087418,1.0,0.34490345818905793,4.813701823147399e-18,4.442078223409337e-16,-0.34490345818905793,4.813701823147399e-18,4.442078223409337e-16,0.20782204261773984,7.117077537219983e-18,4.442078223409337e-16,-0.20782204261773984,7.117077537219983e-18,4.442078223409337e-16,0.0,,,0.0,,,16.270428977012635,3.896559845095909e-18,5.1434589955266e-16
