benchmark_id,scenario_id,method,feasibility,m0,m1,n_proxy_total,C_sources,nontransfer_scale,pehe_mean,pehe_sd,pehe_median,pehe_n,ate_hat_mean,ate_hat_sd,ate_hat_median,ate_hat_n,ate_abs_err_mean,ate_abs_err_sd,ate_abs_err_median,ate_abs_err_n,ate_bias_mean,ate_bias_sd,ate_bias_median,ate_bias_n,tau_corr_mean,tau_corr_sd,tau_corr_median,tau_corr_n,tau_kendall_mean,tau_kendall_sd,tau_kendall_median,tau_kendall_n,qini_auc_mean,qini_auc_sd,qini_auc_median,qini_auc_n,topk_10_ratio_mean,topk_10_ratio_sd,topk_10_ratio_median,topk_10_ratio_n,topk_20_ratio_mean,topk_20_ratio_sd,topk_20_ratio_median,topk_20_ratio_n,topk_30_ratio_mean,topk_30_ratio_sd,topk_30_ratio_median,topk_30_ratio_n,topk_10_captured_mean,topk_10_captured_sd,topk_10_captured_median,topk_10_captured_n,topk_20_captured_mean,topk_20_captured_sd,topk_20_captured_median,topk_20_captured_n,calib_slope_mean,calib_slope_sd,calib_slope_median,calib_slope_n,calib_intercept_mean,calib_intercept_sd,calib_intercept_median,calib_intercept_n,calib_r2_mean,calib_r2_sd,calib_r2_median,calib_r2_n,tau_ece_mean,tau_ece_sd,tau_ece_median,tau_ece_n,tau_mce_mean,tau_mce_sd,tau_mce_median,tau_mce_n,policy_value_mean,policy_value_sd,policy_value_median,policy_value_n,policy_regret_mean,policy_regret_sd,policy_regret_median,policy_regret_n,policy_value_top20_mean,policy_value_top20_sd,policy_value_top20_median,policy_value_top20_n,policy_regret_top20_mean,policy_regret_top20_sd,policy_regret_top20_median,policy_regret_top20_n,stage2_lambda_mean,stage2_lambda_sd,stage2_lambda_median,stage2_lambda_n,stage2_n_selected_mean,stage2_n_selected_sd,stage2_n_selected_median,stage2_n_selected_n,stepb_M_fro_norm_mean,stepb_M_fro_norm_sd,stepb_M_fro_norm_median,stepb_M_fro_norm_n,stepb_M_effective_rank_mean,stepb_M_effective_rank_sd,stepb_M_effective_rank_median,stepb_M_effective_rank_n,runtime_sec_mean,runtime_sec_sd,runtime_sec_median,runtime_sec_n,pehe_delta_vs_ProxyOnly,pehe_p_value,pehe_q_value,ate_hat_delta_vs_ProxyOnly,ate_hat_p_value,ate_hat_q_value,ate_abs_err_delta_vs_ProxyOnly,ate_abs_err_p_value,ate_abs_err_q_value,ate_bias_delta_vs_ProxyOnly,ate_bias_p_value,ate_bias_q_value,tau_corr_delta_vs_ProxyOnly,tau_corr_p_value,tau_corr_q_value,tau_kendall_delta_vs_ProxyOnly,tau_kendall_p_value,tau_kendall_q_value,qini_auc_delta_vs_ProxyOnly,qini_auc_p_value,qini_auc_q_value,topk_10_ratio_delta_vs_ProxyOnly,topk_10_ratio_p_value,topk_10_ratio_q_value,topk_20_ratio_delta_vs_ProxyOnly,topk_20_ratio_p_value,topk_20_ratio_q_value,topk_30_ratio_delta_vs_ProxyOnly,topk_30_ratio_p_value,topk_30_ratio_q_value,topk_10_captured_delta_vs_ProxyOnly,topk_10_captured_p_value,topk_10_captured_q_value,topk_20_captured_delta_vs_ProxyOnly,topk_20_captured_p_value,topk_20_captured_q_value,calib_slope_delta_vs_ProxyOnly,calib_slope_p_value,calib_slope_q_value,calib_intercept_delta_vs_ProxyOnly,calib_intercept_p_value,calib_intercept_q_value,calib_r2_delta_vs_ProxyOnly,calib_r2_p_value,calib_r2_q_value,tau_ece_delta_vs_ProxyOnly,tau_ece_p_value,tau_ece_q_value,tau_mce_delta_vs_ProxyOnly,tau_mce_p_value,tau_mce_q_value,policy_value_delta_vs_ProxyOnly,policy_value_p_value,policy_value_q_value,policy_regret_delta_vs_ProxyOnly,policy_regret_p_value,policy_regret_q_value,policy_value_top20_delta_vs_ProxyOnly,policy_value_top20_p_value,policy_value_top20_q_value,policy_regret_top20_delta_vs_ProxyOnly,policy_regret_top20_p_value,policy_regret_top20_q_value,stage2_lambda_delta_vs_ProxyOnly,stage2_lambda_p_value,stage2_lambda_q_value,stage2_n_selected_delta_vs_ProxyOnly,stage2_n_selected_p_value,stage2_n_selected_q_value,runtime_sec_delta_vs_ProxyOnly,runtime_sec_p_value,runtime_sec_q_value
gold_sweep,02cfb247e1ba,AnchorOnly,infeasible_no_target_treated,25,0,2000,10,0.3,,,,0,,,,0,,,,0,,,,0,,,,0,,,,0,,,,0,,,,0,,,,0,,,,0,,,,0,,,,0,,,,0,,,,0,,,,0,,,,0,,,,0,,,,0,,,,0,,,,0,,,,0,,,,0,,,,0,,,,0,,,,0,0.0,0.0,0.0,100,,,,,,,,,,,,,,,,,,,,,,,,,,,,,,,,,,,,,,,,,,,,,,,,,,,,,,,,,,,,,,,,,,,,,,-7.974113767147064,3.896559845095909e-18,6.857945327368801e-16
gold_sweep,02cfb247e1ba,AnchorPlugin,FeasibleRestricted,25,0,2000,10,0.3,6.140317995580136,3.3454564749849447,5.329827975474105,100,0.4266166442021613,5.241533082734723,0.32434550678787977,100,3.9952017266962048,3.7326510815944642,3.0152248637665964,100,-0.7553271746612924,5.429481340649229,-0.5189090573218837,100,0.5251961869961871,0.14768749703004933,0.5462874002874003,100,0.37050126126126126,0.11222787036011848,0.38106906906906907,100,0.5399334499944355,0.14987804294957954,0.5655631401985273,100,0.21082744739243078,1.5655785282360637,0.6479519374438114,93,0.4762930587027395,0.7552331145192016,0.6860905899512215,86,0.41304734899280166,1.1025937725823025,0.7147123715090593,84,5.6277475403771176,6.989682192429686,6.039680268466464,100,4.759902611331103,6.985582921443959,4.897503254701027,100,0.866363637822867,0.2711697502766538,0.8782251465693567,100,0.8549924374124257,5.174675140838904,0.6325076572222748,100,0.30994446478329335,0.1460147569602871,0.3175084441720549,100,4.068405731346519,3.674970198045434,3.015224863766596,100,5.547716922982739,4.781841334784308,4.611545260943457,100,2.49304200363039,4.5662473243282085,2.124993851705751,100,1.247093548976015,1.5890234837311112,0.7794221509717169,100,0.7128402348559304,4.06820215009812,0.7454804281246656,100,0.6460216454733988,0.3466990285942357,0.5666455568549269,100,0.22034129497788157,0.2603827450338101,0.13254590751158063,100,14.12,7.458003632462121,15.0,100,,,,0,,,,0,7.543728494644165,0.41554553373362063,7.552546858787537,100,-1.340870828981699,5.981559346723431e-12,4.785247477378745e-10,-0.28320209721917167,0.3496726883415898,1.0,-1.2943463740063927,3.8756230074582483e-07,2.8292047954445214e-05,-0.2832020972191715,0.3496726883415898,1.0,0.22596379356379362,1.082004916926409e-17,9.73804425233768e-16,0.16673033033033036,1.082004916926409e-17,9.954445235722963e-16,0.2275779509185981,1.219062650217942e-17,1.0971563851961478e-15,0.24838830823351452,8.336807902223078e-13,4.918716662311616e-11,0.30893999073966544,3.0040135444833433e-15,3.9352577432731796e-13,0.37719191061378965,5.76115566342149e-15,8.180841042058516e-13,1.8776700688820513,1.167230343096855e-15,7.703720264439243e-14,1.5172878925422066,2.7637372191402876e-16,1.796429192441187e-14,-0.027486734240407627,0.8906095152877423,1.0,0.17012971449354086,0.8204786096104631,1.0,0.19818621306455902,1.5932071996658114e-17,1.3542261197159397e-15,-1.2810521986025558,1.259072889123473e-07,9.317139379513699e-06,-1.313248266990829,3.76958864516799e-08,3.015670916134392e-06,0.6016748804011471,1.5732173295270423e-09,1.4316277698696084e-07,-0.6016748804011471,1.5732173295270423e-09,1.4316277698696084e-07,0.3034575785084413,2.7637372191402876e-16,1.796429192441187e-14,-0.3034575785084413,2.7637372191402876e-16,1.796429192441187e-14,0.22034129497788157,3.896559845095909e-18,2.6496606946652183e-16,14.12,5.456786721351214e-17,6.27935760847387e-16,-0.43038527250289915,7.577925384685866e-11,1.7775433767345244e-09
gold_sweep,02cfb247e1ba,DRLearner_PooledNoSite,infeasible_no_target_treated,25,0,2000,10,0.3,,,,0,,,,0,,,,0,,,,0,,,,0,,,,0,,,,0,,,,0,,,,0,,,,0,,,,0,,,,0,,,,0,,,,0,,,,0,,,,0,,,,0,,,,0,,,,0,,,,0,,,,0,,,,0,,,,0,,,,0,,,,0,0.0,0.0,0.0,100,,,,,,,,,,,,,,,,,,,,,,,,,,,,,,,,,,,,,,,,,,,,,,,,,,,,,,,,,,,,,,,,,,,,,,-7.974113767147064,3.896559845095909e-18,6.857945327368801e-16
gold_sweep,02cfb247e1ba,DRLearner_PooledWithSite,infeasible_no_target_treated,25,0,2000,10,0.3,,,,0,,,,0,,,,0,,,,0,,,,0,,,,0,,,,0,,,,0,,,,0,,,,0,,,,0,,,,0,,,,0,,,,0,,,,0,,,,0,,,,0,,,,0,,,,0,,,,0,,,,0,,,,0,,,,0,,,,0,,,,0,0.0,0.0,0.0,100,,,,,,,,,,,,,,,,,,,,,,,,,,,,,,,,,,,,,,,,,,,,,,,,,,,,,,,,,,,,,,,,,,,,,,-7.974113767147064,3.896559845095909e-18,6.857945327368801e-16
gold_sweep,02cfb247e1ba,EntropyBalancing,FeasibleRestricted,25,0,2000,10,0.3,7.574058082278985,3.722904858450308,6.651350493587456,100,0.24097747702926958,6.062426147051938,0.26035896308883555,100,5.475582227979769,4.080667591654698,4.733886980754665,100,-0.9409663418341837,6.785450313138319,-1.0341649875443881,100,0.5422763921963922,0.18473867614794054,0.5956987396987397,100,0.3870621421421422,0.1411857871568977,0.4193353353353354,100,0.5564759603567535,0.18840345960227275,0.6134452813064541,100,0.10923970501859988,2.9129526823063454,0.6572294819561645,93,0.5232637138216756,0.6589613777258908,0.6928930718513466,86,0.45718338878197157,1.0710262884380644,0.6974273055422924,84,5.783472358123501,6.949392726439267,6.024756569234392,100,4.8792318865968785,7.006246377881221,5.115094477130878,100,0.5976083474608871,0.2585038191061812,0.6418593830312553,100,1.0500899843009386,5.933054738601143,1.0203523228566662,100,0.3438226908169924,0.17987182390075715,0.37621494538808375,100,5.748070916534109,3.8887966913847194,5.075054471620115,100,9.314312064397141,5.949618484754953,7.99900693862725,100,2.0844847253770213,4.602436344615806,1.3318468484362813,100,1.6556508272293842,1.7119348939637709,0.9601023393265626,100,0.7367060899090855,4.076542937645423,0.7932167919929246,100,0.6221557904202438,0.39998827944703563,0.5298595224850595,100,,,,0,,,,0,,,,0,,,,0,4.2259705138206485,1.8740642355521757,3.911985993385315,100,0.09286925771715022,0.9835408496499783,1.0,-0.46884126439206314,0.5382508806114013,1.0,0.1860341272771708,0.7622156087305044,1.0,-0.46884126439206303,0.5382508806114013,1.0,0.24304399876399876,2.912818606597037e-14,1.4564093032985185e-12,0.1832912112112112,2.11565816190815e-14,1.057829080954075e-12,0.24412046128091608,4.816144054657832e-14,2.3599105867823377e-12,0.1468005658596837,3.343876576878315e-11,1.6719382884391575e-09,0.3559106458586015,6.330501622196858e-13,3.671690940874178e-11,0.4213279504029595,1.2478821879470204e-12,6.988140252503315e-11,2.0333948866284346,2.540385380669566e-13,1.2701926903347829e-11,1.636617167807981,3.54054012128439e-13,1.699459258216507e-11,-0.2962420246023873,3.604869491730007e-07,2.090824305203404e-05,0.3652272613820538,0.4981839177712257,1.0,0.23206443909825808,5.950277403502358e-15,2.915635927716155e-13,0.3986129865850338,0.36767280671462566,1.0,2.45334687442357,0.0003355666276420729,0.016778331382103644,0.19311760214777787,0.07490391224372553,1.0,-0.19311760214777787,0.07490391224372553,1.0,0.32732343356159616,3.54054012128439e-13,1.699459258216507e-11,-0.32732343356159616,3.54054012128439e-13,1.699459258216507e-11,,,,,,,-3.748143253326416,6.166069759616455e-17,2.4664279038465817e-15
gold_sweep,02cfb247e1ba,IPWTransport,FeasibleRestricted,25,0,2000,10,0.3,5.27053042417675,3.4171296660277295,4.468568629604049,100,0.4095061915123656,6.525112776070861,0.626420700305721,100,3.6936503180141376,3.626305964596607,2.8220820588627125,100,-0.772437627351088,5.131108016576552,-0.7455124271925957,100,0.729534340854341,0.1436302411712183,0.7657201597201598,100,0.5476170970970969,0.12648573918139805,0.5697517517517519,100,0.7422487706350503,0.1438370226267254,0.7791862775320939,100,0.46779007660481614,1.9212925735087782,0.8021713007447966,93,0.739722775587688,0.26723089939857964,0.8278657728418983,86,0.7009595502518347,0.5238174653836167,0.8306220702251745,84,7.370178351084938,6.970739478687542,7.403782530550102,100,6.136968984442722,7.009451666591091,6.1968636586681125,100,0.8775789281021664,0.1811926331990977,0.8594414691847785,100,0.7605354182517828,4.569111652996759,0.5436383633428635,100,0.569430367697242,0.181752090634277,0.6095683172375016,100,3.743056820969088,3.5866160738807595,2.8220820588627133,100,5.014535275663804,4.315652291194595,3.951476715149825,100,2.837412769692798,4.704677897049907,2.407486709076676,100,0.9027227829136083,1.4036933562535874,0.5389966974084315,100,0.9882535094782543,4.073656211207124,0.9683509742311884,100,0.37060837085107495,0.32667366276347604,0.2679708322806843,100,,,,0,,,,0,,,,0,,,,0,2.0584829568862917,0.9235281933970394,1.8224754333496094,100,-2.2106584003850847,8.787950534905691e-12,6.854601417226439e-10,-0.3003125499089672,0.4576765516449649,1.0,-1.5958977826884595,3.177281735310636e-05,0.0021287787626581263,-0.3003125499089672,0.4576765516449649,1.0,0.4303019474219474,4.139373908714419e-18,5.922770964545782e-16,0.3438461661661662,4.266082629108708e-18,5.922436857224855e-16,0.4298932715592128,4.2663227307182344e-18,5.922770964545782e-16,0.5053509374458998,1.221334677039216e-15,1.3556814915135297e-13,0.5723697076246138,8.571511699479284e-16,1.2857267549218926e-13,0.6651041118728226,1.7106552178285207e-15,2.583089378921066e-13,3.6201008795898715,5.112831740936498e-18,6.800066215445542e-16,2.894354265653826,4.670683307897806e-18,6.398836131819994e-16,-0.016271443961107978,0.7912012765498633,1.0,0.07567269533289835,0.9342333768907125,1.0,0.45767211597850777,4.531861061109546e-18,5.922770964545782e-16,-1.6064011089799874,1.778467606211019e-05,0.0012093579722234928,-1.8464299143097664,1.3133496145748611e-06,9.324782263481514e-05,0.9460456464635538,1.4451494777970842e-08,1.286183035239405e-06,-0.9460456464635538,1.4451494777970842e-08,1.286183035239405e-06,0.5788708531307651,4.670683307897806e-18,6.398836131819994e-16,-0.5788708531307651,4.670683307897806e-18,6.398836131819994e-16,,,,,,,-5.915630810260772,3.896559845095909e-18,6.857945327368801e-16
gold_sweep,02cfb247e1ba,OutcomeModelTransport,FeasibleRestricted,25,0,2000,10,0.3,5.268023129646375,3.4207694578073857,4.423174037052988,100,0.4237278853102229,6.535600239097513,0.6760911966425125,100,3.6859448557028145,3.633633166937677,2.6744453317339874,100,-0.7582159335532305,5.132836966295007,-0.7109941276067069,100,0.7296188529788529,0.14384939593879156,0.7651012051012052,100,0.5477215615615616,0.12664218834999846,0.570890890890891,100,0.742321297629503,0.1440497055761551,0.7808160607940902,100,0.46865648738597054,1.920685490339275,0.8218093544454477,93,0.7402752251585082,0.26607611780968293,0.8275906883119823,86,0.7005888363535433,0.5222391604666572,0.8306220702251745,84,7.372849388046266,6.972681219527434,7.396587905269376,100,6.136698488487354,7.009065208325598,6.189865700480921,100,0.8776893193186219,0.18157161586897808,0.8592590611351314,100,0.7445245513298836,4.562776470123893,0.6914715275173031,100,0.5695201252925508,0.18186575743900588,0.6107887988747996,100,3.74067447127957,3.5898830086852582,2.6768868192148263,100,4.99923126118482,4.31452709959181,4.018713272464927,100,2.840652730034483,4.696902825404133,2.4207234051951705,100,0.8994828225719231,1.4035749904420316,0.5374532115487769,100,0.9881994102871804,4.072179983374235,0.9660750373481397,100,0.3706624700421489,0.3306473787681727,0.26718988050127124,100,,,,0,,,,0,,,,0,,,,0,0.2896474957466125,0.10588259701474678,0.2905071973800659,100,-2.2131656949154603,9.904522892412965e-12,7.626482627157983e-10,-0.2860908561111097,0.45352287270111424,1.0,-1.603603244999783,3.323909134273585e-05,0.002193780028620566,-0.2860908561111097,0.45352287270111424,1.0,0.43038645954645965,4.139373908714419e-18,5.922770964545782e-16,0.3439506306306307,4.2663227307182344e-18,5.922436857224855e-16,0.4299657985536658,4.2663227307182344e-18,5.922770964545782e-16,0.5062173482270543,1.221334677039216e-15,1.3556814915135297e-13,0.5729221571954342,8.571511699479284e-16,1.2857267549218926e-13,0.6647333979745313,1.7106552178285207e-15,2.583089378921066e-13,3.6227719165511987,5.112831740936498e-18,6.800066215445542e-16,2.8940837696984567,4.670683307897806e-18,6.398836131819994e-16,-0.016161052744652384,0.7965038710035247,1.0,0.05966182841099906,0.9616074190130767,1.0,0.4577618735738164,4.531861061109546e-18,5.922770964545782e-16,-1.6087834586695053,2.1729936788527337e-05,0.0014559057648313315,-1.8617339287887498,1.2468850162648466e-06,8.977572117106896e-05,0.949285606805239,1.3030134431204253e-08,1.172712098808383e-06,-0.9492856068052391,1.3030134431204253e-08,1.172712098808383e-06,0.5788167539396911,4.670683307897806e-18,6.398836131819994e-16,-0.5788167539396911,4.670683307897806e-18,6.398836131819994e-16,,,,,,,-7.684466271400452,3.896559845095909e-18,6.857945327368801e-16
gold_sweep,02cfb247e1ba,ProposedA,infeasible_no_target_treated,25,0,2000,10,0.3,,,,0,,,,0,,,,0,,,,0,,,,0,,,,0,,,,0,,,,0,,,,0,,,,0,,,,0,,,,0,,,,0,,,,0,,,,0,,,,0,,,,0,,,,0,,,,0,,,,0,,,,0,,,,0,,,,0,,,,0,,,,0,0.0,0.0,0.0,100,,,,,,,,,,,,,,,,,,,,,,,,,,,,,,,,,,,,,,,,,,,,,,,,,,,,,,,,,,,,,,,,,,,,,,-7.974113767147064,3.896559845095909e-18,6.857945327368801e-16
gold_sweep,02cfb247e1ba,ProposedB_LinearStepB,infeasible_no_target_treated,25,0,2000,10,0.3,,,,0,,,,0,,,,0,,,,0,,,,0,,,,0,,,,0,,,,0,,,,0,,,,0,,,,0,,,,0,,,,0,,,,0,,,,0,,,,0,,,,0,,,,0,,,,0,,,,0,,,,0,,,,0,,,,0,,,,0,,,,0,0.0,0.0,0.0,100,,,,,,,,,,,,,,,,,,,,,,,,,,,,,,,,,,,,,,,,,,,,,,,,,,,,,,,,,,,,,,,,,,,,,,-7.974113767147064,3.896559845095909e-18,6.857945327368801e-16
gold_sweep,02cfb247e1ba,ProposedB_SourceDR,FeasibleRestricted,25,0,2000,10,0.3,6.956748015691085,3.5551148454192925,5.8155400559531145,100,0.15905275100109853,2.877888051033065,0.15801487331587286,100,4.660965675247867,4.163335588039715,3.3204899085751918,100,-1.0228910678623548,6.182275452720539,-0.9560217317677095,100,0.39243907938350986,0.14506154096990018,0.3971652011652012,100,0.27127359918101124,0.10490386793619469,0.2736976976976977,100,0.40607514353802493,0.14695109777269316,0.41964501181872216,100,0.028811141224996478,1.9572186043903892,0.5220980007415933,93,0.317399655037712,0.8844099117967558,0.57035129653051,86,0.21796981521542066,1.557901172552639,0.6076286991848547,84,4.546330255648827,7.005737033192726,5.2061350421144414,100,3.8275713536768983,7.075496435147411,4.708409435441013,100,1.0412752762956583,0.5230466980195336,0.9677064776125737,100,0.9911954060103728,5.910061572168374,1.1646062414459042,100,0.1719562241065142,0.11413621475708394,0.15868162788401158,100,4.7645400952121335,4.072974374444017,3.51490915879977,100,6.548064355835686,4.819925128188403,5.163077466497649,100,2.091125975936197,4.58739121117613,1.491387698832498,100,1.6490095766702078,1.7745814267260855,1.0313466409341037,100,0.5263739833250892,4.049670466242813,0.5552011491877995,100,0.8324878970042398,0.35803021809201296,0.763467181192059,100,0.19773374384024905,0.23300218021454921,0.11284376631143798,100,13.05,7.630845168118534,13.0,100,4.941671336729565,2.711259900919417,4.595161621500857,100,10.0,0.0,10.0,100,75.20415965318679,9.816261366192975,75.41576302051544,100,-0.5244408088707497,0.019206466168768747,0.4033357895441437,-0.5507659904202343,0.35322723435597647,1.0,-0.6285824254547304,0.0439194922345891,1.0,-0.550765990420234,0.35322723435597647,1.0,0.09320668595111652,2.8452552566935946e-07,7.397663667403346e-06,0.06750266825008029,2.2004304714429118e-07,5.7211192257515706e-06,0.09371964446218756,4.917410876821833e-07,1.2785268279736768e-05,0.06637200206608027,0.0006916295029368903,0.013832590058737805,0.1500465870746378,1.998216609153609e-05,0.00045958982010533005,0.18211437683640871,4.265039975824291e-06,0.00012368615929890444,0.79625278415376,9.93459658367622e-05,0.001986919316735244,0.5849566348880009,6.650450524344509e-05,0.0011970810943820116,0.14742490423238402,0.02564982573419698,0.5642961661523336,0.3063326830914883,0.4873426103065558,1.0,0.06019797238777985,5.75624329737253e-06,0.00010361237935270554,-0.5849178347369419,0.04538106928157531,1.0,-0.31290083413788367,0.16902917920250482,1.0,0.19975885270695407,0.40799608716466607,1.0,-0.19975885270695407,0.40799608716466607,1.0,0.11699132697760017,6.650450524344509e-05,0.0011970810943820116,-0.11699132697760017,6.650450524344509e-05,0.0011970810943820116,0.19773374384024905,3.896559845095909e-18,2.6496606946652183e-16,13.05,7.969683279744078e-17,6.27935760847387e-16,67.23004588603973,3.896559845095909e-18,6.857945327368801e-16
gold_sweep,02cfb247e1ba,ProxyOnly,FeasibleRestricted,25,0,2000,10,0.3,7.481188824561835,3.765651902495033,6.909464025977041,100,0.7098187414213325,7.993362189559498,0.23398378416492843,100,5.289548100702598,4.3637742849927665,4.749466128207988,100,-0.4721250774421209,6.861436502654294,-0.23776579081449523,100,0.29923239343239344,0.1300522865709965,0.305954711954712,100,0.20377093093093093,0.09058870018008162,0.20695695695695696,100,0.3123554990758374,0.12780052977514134,0.3136056916722325,100,-0.03756086084108376,1.746588406628357,0.4672536366124525,93,0.16735306796307414,1.2085806268724777,0.5046802745390608,86,0.03585543837901202,1.89221338914753,0.5345500190399749,84,3.750077471495067,6.866545015706226,4.052558536628867,100,3.2426147187888965,6.9283074822945325,3.475305715887628,100,0.8938503720632742,0.5269430518485525,0.8272323604095045,100,0.6848627229188847,6.335034611236201,0.43837429146837786,100,0.11175825171873431,0.08113333849135233,0.09896831746269852,100,5.349457929949076,4.302362829269815,4.749466128207988,100,6.86096518997357,4.894292797376537,6.266093144237173,100,1.8913671232292433,4.836523937330709,1.5626473683990305,100,1.848768429377162,2.3213762182290876,1.0642662945126218,100,0.409382656347489,4.034852628438214,0.4766357102214507,100,0.9494792239818401,0.3985801584454135,0.8963830065654683,100,0.0,0.0,0.0,100,0.0,0.0,0.0,100,,,,0,,,,0,7.974113767147064,0.3582190874031324,7.945007801055908,100,,,,,,,,,,,,,,,,,,,,,,,,,,,,,,,,,,,,,,,,,,,,,,,,,,,,,,,,,,,,,,,,,,,,,,,,
gold_sweep,02cfb247e1ba,TargetOnlyDR,infeasible_no_target_treated,25,0,2000,10,0.3,,,,0,,,,0,,,,0,,,,0,,,,0,,,,0,,,,0,,,,0,,,,0,,,,0,,,,0,,,,0,,,,0,,,,0,,,,0,,,,0,,,,0,,,,0,,,,0,,,,0,,,,0,,,,0,,,,0,,,,0,,,,0,0.0,0.0,0.0,100,,,,,,,,,,,,,,,,,,,,,,,,,,,,,,,,,,,,,,,,,,,,,,,,,,,,,,,,,,,,,,,,,,,,,,-7.974113767147064,3.896559845095909e-18,6.857945327368801e-16
gold_sweep,07d08a5dd1f7,AnchorOnly,OracleTargetTreated,50,50,2000,10,0.3,4.29458128218947,0.9459477021523955,4.101184995409079,100,-0.6675234473660389,7.502621882396869,-0.6870987457067212,100,0.5020589394251467,0.3964600806277771,0.3683219164959086,100,0.12687637025215553,0.6289114813855736,0.12384061130980328,100,0.5448761746361747,0.11213593741316562,0.550908640908641,100,0.38430602602602604,0.08630436756066012,0.3863103103103104,100,0.5605804845931293,0.11337074084878378,0.5723300618083462,100,0.33929585756960334,0.7734433551167283,0.5723433545901612,88,0.23938714789105126,1.138155064594018,0.6062459321976597,85,-3.0707041236606454,31.004103346177775,0.6310815685542869,78,3.9847898376694855,7.7116870711786865,4.250784080463115,100,3.1162834231660588,7.685027169264811,3.3465750301643356,100,1.0598984974030805,0.36608200660015544,1.0492609551065053,100,-0.31090923284791194,3.3305186032041214,-0.15998953724070203,100,0.3128783325076381,0.1166805937383585,0.3137047997717544,100,1.0211296123516447,0.5282101380257612,0.8967298648084163,100,2.4646399794755816,1.2597970381245576,2.2353949981010466,100,2.9552709505799855,4.569584783983028,2.763815029891655,100,0.4753547945746217,0.3428629106144377,0.5117181361974512,100,1.0799214417875946,3.8145693686146838,1.3742272193559426,100,0.6124821261414969,0.22107518028745476,0.558433931025645,100,0.013948794702492417,0.012175462187581223,0.011105982470587496,100,7.98,3.2659244673235515,9.0,100,,,,0,,,,0,21.075816259384155,8.123692794612808,18.150663018226624,100,-3.036299157981378,5.767203615817138e-18,5.922770964545782e-16,0.10475422451144144,0.6376046699936373,1.0,-4.579631088195322,2.7135201386354882e-17,2.957736951112682e-15,0.10475422451144137,0.6376046699936373,1.0,0.1299258578058578,1.4466417063919293e-12,6.220559337485295e-11,0.09841585585585585,1.1281372528141459e-12,4.963803912382242e-11,0.1311187485450038,1.7205222109437397e-12,7.39824550705808e-11,0.23226505508463635,2.046804574173476e-10,9.210620583780643e-09,0.1916401480867649,1.669123310435548e-09,7.511054896959967e-08,-0.13885845797191246,7.686979510720558e-09,3.0747918042882233e-07,1.1311305910399796,1.5668226528123035e-10,6.737337407092905e-09,0.9504508656983373,1.1428849939458334e-11,4.914405473967083e-10,0.006122444765563362,0.5869540189208129,1.0,-0.39873962349273073,0.8824627520873338,1.0,0.12297671448825359,1.1281372528141459e-12,4.512549011256584e-11,-4.119563054114911,2.3957899977091294e-16,2.3478741977549467e-14,-4.153649951694781,1.142002299734202e-13,1.0734821617501498e-11,1.133425691406019,2.7211715266186937e-14,3.3742526930071803e-12,-1.133425691406019,2.7211715266186937e-14,3.3742526930071803e-12,0.1900901731396675,1.1428849939458334e-11,4.914405473967083e-10,-0.1900901731396675,1.1428849939458334e-11,4.914405473967083e-10,0.013948794702492417,3.896559845095909e-18,2.6496606946652183e-16,7.98,3.1932543678824384e-17,4.470556115035414e-16,10.756057693958283,3.896559845095909e-18,6.857945327368801e-16
gold_sweep,07d08a5dd1f7,AnchorPlugin,FeasibleRestricted,50,50,2000,10,0.3,6.270370271036939,3.434747422269047,5.329509363287981,100,-0.19349957511273919,4.61390181257715,0.15299699887481433,100,4.411781770957965,3.9477416259838556,2.9814877640767357,100,0.6009002425054554,5.905959547863008,1.0579136929415014,100,0.6069193545193545,0.1373135609995385,0.6066117546117546,100,0.4370116516516516,0.11232784975954374,0.430948948948949,100,0.6235976200460851,0.13685788504313415,0.6283540348080563,100,0.4010669957564176,0.8064353357148378,0.6431253359058293,88,0.320145346636722,0.9867490539338173,0.6236583302615649,85,-2.8320245037446177,29.81327519895115,0.6639446896848313,78,4.662062136962522,7.666222206131382,4.659195396701679,100,3.5453700620538298,7.5438614326087015,3.5883132417633874,100,0.9377585603947141,0.2568085068112761,0.938609071023599,100,-0.4416570134202829,5.83391468294972,-0.6449131791598455,100,0.4051509508360283,0.16047263289393168,0.3959235153910805,100,4.473801170826746,3.8956414712830125,2.982760454615366,100,5.8554900758925585,4.193821481716269,5.044474898048504,100,2.110941881543623,4.454503341549112,2.575856208956482,100,1.3196838636109849,1.6231491400016396,0.7925840500682995,100,1.1657387695651489,3.8444424566277915,1.260086241220966,100,0.5266647983639428,0.22868387500416995,0.47752657800869475,100,0.059434021761711885,0.050101278512360174,0.045023178561750206,100,24.28,4.082680838405425,25.0,100,,,,0,,,,0,8.79951669216156,2.347030677256016,7.961929678916931,100,-1.0605101691339087,1.5706760228924285e-05,0.0005811501284701986,0.5787780967647413,0.07546728203192894,1.0,-0.6699082566625034,0.09746437944586564,1.0,0.5787780967647412,0.07546728203192894,1.0,0.19196903768903767,3.641679657916183e-17,2.658426150278814e-15,0.1511214814814815,2.7135201386354882e-17,1.9537344998175513e-15,0.1941358839979597,3.433907108732613e-17,2.506752189374807e-15,0.2940361932714506,6.112504445730494e-15,5.19562877887092e-13,0.2723983468324357,7.223491798277636e-13,4.1173903250182524e-11,0.09982116194411454,1.850966631794832e-12,1.0180316474871576e-10,1.8084028903330165,8.248184779150681e-17,7.0109570622780784e-15,1.3795375045861085,1.2018657535267367e-16,8.89380657609785e-15,-0.11601749224280303,0.008792885656901764,0.26378656970705294,-0.5294874040651021,0.1496812949935662,1.0,0.21524933281664382,1.6412062569258175e-17,1.3542261197159397e-15,-0.6668914956398089,0.09816119491270844,1.0,-0.7627998552778038,0.0550368421510019,0.7154789479630247,0.28909662236965616,0.0004519284178838309,0.021240635640540052,-0.28909662236965616,0.0004519284178838309,0.021240635640540052,0.27590750091722155,1.2018657535267367e-16,8.89380657609785e-15,-0.2759075009172216,1.2018657535267367e-16,8.89380657609785e-15,0.059434021761711885,3.896559845095909e-18,2.6496606946652183e-16,24.28,3.5478239078891236e-18,1.1412741953993914e-16,-1.5202418732643128,4.029597162274453e-09,6.85031517586657e-08
gold_sweep,07d08a5dd1f7,DRLearner_PooledNoSite,OracleTargetTreated,50,50,2000,10,0.3,3.445635587090959,1.3819032564713312,2.9939489742177043,100,-0.4770428768703407,6.710852482185308,-0.5511786461396441,100,1.164383954459087,1.0195220000031426,0.8550821815974027,100,0.3173569407478539,1.5189394967922862,0.22695695490022844,100,0.7567523567123569,0.15296043799170575,0.7952103812103812,100,0.577791031031031,0.13907945718785988,0.6012872872872872,100,0.7698192167702964,0.15148654366187925,0.8085561692178831,100,0.6753318859888984,0.4612674353836242,0.8156194648722475,88,0.6196058457763097,0.7488334146114003,0.8203787188233812,85,-0.10568465201722436,7.4771515152682175,0.8437032370105573,78,5.871714016764181,7.633403973995007,5.493602854126698,100,4.521146266492953,7.548339124601359,4.342799209964604,100,0.9172283284564265,0.18476814816489498,0.9533411702223192,100,-0.32497140454641743,2.077196401341962,-0.3490503406228614,100,0.6153259106848384,0.1958395001442534,0.6530653562431067,100,1.3197527314656652,1.0525004482137865,1.0043533847322872,100,2.3630116345783487,1.955696994248844,1.824030815013296,100,3.1134481618263625,4.527027258637179,2.966777482658311,100,0.3171775833282448,0.33722805446693355,0.21319659448045558,100,1.3608940104529736,3.8423779879485203,1.5064923547351987,100,0.33150955747611816,0.24391540369287448,0.2410227192200845,100,,,,0,,,,0,,,,0,,,,0,2.350559186935425,0.6376071498020487,2.4061880111694336,100,-3.88524485307989,1.0501887534614503e-17,1.0501887534614503e-15,0.2952347950071399,0.9042127340742919,1.0,-3.917306073161381,4.915088821531074e-15,4.1286746100861025e-13,0.29523479500713984,0.9042127340742919,1.0,0.34180203988203983,1.5932071996658114e-17,1.3542261197159397e-15,0.29190086086086087,1.1485179010089616e-17,1.014442483194908e-15,0.3403574807221711,1.903450784800175e-17,1.5798641513841454e-15,0.5683010835039315,1.1503806004244654e-15,1.33444149649238e-13,0.5718588459720234,2.5824589069282297e-14,2.2725638380968423e-12,2.8261610136715074,3.122040245246283e-14,3.4342442697709113e-12,3.018054770134676,1.4146791640488978e-17,1.5702938720942766e-15,2.355313709025231,1.082004916926409e-17,1.1469252119419935e-15,-0.13654772418109068,0.00588541063642929,0.19421855100216656,-0.41280179519123633,0.6060299176865905,1.0,0.4254242926654541,6.311606041551026e-18,6.753418464459598e-16,-3.8209399350008915,2.339075754036752e-15,2.1753404512541793e-13,-4.255278296592014,6.957422823453746e-14,6.609551682281059e-12,1.291602902652396,1.4867244259302995e-14,1.9030072651907834e-12,-1.291602902652396,1.4867244259302995e-14,1.9030072651907834e-12,0.47106274180504626,1.082004916926409e-17,1.1469252119419935e-15,-0.47106274180504637,1.082004916926409e-17,1.1469252119419935e-15,,,,,,,-7.969199378490448,3.896559845095909e-18,6.857945327368801e-16
gold_sweep,07d08a5dd1f7,DRLearner_PooledWithSite,OracleTargetTreated,50,50,2000,10,0.3,3.4453705639598295,1.3750522718457023,3.0023076458567095,100,-0.5015590963089815,6.71740555454962,-0.6207923089846709,100,1.165512649204117,1.0180130935128688,0.8663429782086367,100,0.2928407213092132,1.5237683217469442,0.15701726775549052,100,0.7567541436341436,0.15314223245488007,0.7956869016869017,100,0.577851971971972,0.1393093055918924,0.6006106106106106,100,0.7698185014189418,0.15161614077544203,0.8079457506374823,100,0.6749377561807124,0.4612911956749898,0.8119486042566506,88,0.622074706702674,0.7441263488305423,0.8137735380815478,85,-0.11852457097461497,7.5777166486982726,0.8472096981361055,78,5.868800925581659,7.612255125432639,5.501994739293716,100,4.521394265394402,7.549418150915622,4.323793627201499,100,0.9168408521280186,0.1844563867241211,0.9555958667926483,100,-0.29918923740671965,2.0691594648292884,-0.2831237457074657,100,0.6153839409085698,0.19623530938903896,0.6494422688474688,100,1.3229723572301413,1.048634968315847,1.016725099840429,100,2.3648836253819328,1.943665129342622,1.8721981416504199,100,3.112911415311819,4.52291776555273,2.973219761771591,100,0.31771432984278797,0.3402343687379655,0.21251396807818068,100,1.360943610233263,3.8400648057916777,1.5038268756955804,100,0.33145995769582826,0.24323238697688349,0.239695130411413,100,,,,0,,,,0,,,,0,,,,0,6.908165020942688,1.8952117342548358,6.989723324775696,100,-3.8855098762110187,1.1485179010089616e-17,1.1255475429887823e-15,0.27071857556849904,0.9369678210300386,1.0,-3.9161773784163514,5.051315799672732e-15,4.1925921137283674e-13,0.27071857556849904,0.9369678210300386,1.0,0.34180382680382676,1.5013268321137124e-17,1.2911410756177926e-15,0.2919618018018018,1.1147719595548441e-17,1.014442483194908e-15,0.34035676537081627,1.903450784800175e-17,1.5798641513841454e-15,0.5679069536957454,1.1503806004244654e-15,1.33444149649238e-13,0.5743277068983879,2.5824589069282297e-14,2.2725638380968423e-12,2.813321094714117,3.004225856433265e-14,3.3346907006409242e-12,3.015141678952152,1.4573676877736123e-17,1.5739571027955013e-15,2.3555617079266806,1.0501887534614503e-17,1.1342038537383663e-15,-0.13693520050949887,0.0062019903455061256,0.19421855100216656,-0.38701962805153867,0.6376046699936373,1.0,0.4254823228891854,6.311606041551026e-18,6.753418464459598e-16,-3.8177203092364156,2.339075754036752e-15,2.1753404512541793e-13,-4.25340630578843,5.790255143573768e-14,5.558644937830817e-12,1.291066156137853,1.0850765442040613e-14,1.4105995074652798e-12,-1.291066156137853,1.0850765442040613e-14,1.4105995074652798e-12,0.4711123415853362,1.0501887534614503e-17,1.1342038537383663e-15,-0.4711123415853362,1.0501887534614503e-17,1.1342038537383663e-15,,,,,,,-3.4115935444831846,1.270816126860476e-14,4.3207748313256187e-13
gold_sweep,07d08a5dd1f7,EntropyBalancing,FeasibleRestricted,50,50,2000,10,0.3,7.857976270636807,4.584079016413943,6.5345670401350375,100,0.393517437633866,7.080464577458222,1.4348584908096442,100,5.9405351680098315,5.039489321541764,4.637875969870749,100,1.1879172552520607,7.7212352319967845,1.9006833471275628,100,0.5595287236487237,0.19189007941341726,0.5994035694035694,100,0.4015893893893894,0.14851064824228866,0.42439839839839844,100,0.576651324917336,0.18803067676924196,0.6172239499228664,100,0.34573104048497,0.980933701323835,0.5803432244922735,88,0.31637832352759115,0.9612878647035323,0.6184840392378874,85,-2.508137180270545,26.76736492027399,0.6566747897088188,78,4.131819109173941,7.6155689852185375,3.651245797046022,100,3.1615908768726873,7.5525459726372395,2.9442305563168105,100,0.6673103446160868,0.2891447168029256,0.7008765992543303,100,-1.2126061390494902,6.282623245679915,-1.2872997622220934,100,0.3678594007709188,0.19215232603411386,0.38283744258338315,100,6.112177328664005,4.88999249087058,4.63787596987075,100,9.212507409260327,6.766951962484246,7.536035526727472,100,1.933188127724969,4.560499654963863,2.181599134896691,100,1.4974376174296387,1.3925063547561585,1.0075278728351407,100,1.0889829325289202,3.806004641622824,1.1785765818046876,100,0.6034206354001715,0.3359803719353189,0.5268760535080577,100,,,,0,,,,0,,,,0,,,,0,8.227670695781708,1.9835549517259206,8.224003195762634,100,0.5270958304659598,0.39573316385218726,1.0,1.1657951095113466,0.05725047216196592,1.0,0.8588451403893634,0.1285764395425518,1.0,1.1657951095113466,0.05725047216196592,1.0,0.14457840681840683,8.758503908873131e-10,3.32823148537179e-08,0.1156992192192192,4.657074268438208e-10,1.769688222006519e-08,0.14718958886921052,6.464396115495318e-10,2.4564705238882208e-08,0.23870023800000298,4.018018223145185e-09,1.687567653720978e-07,0.26863132372330495,1.9138792812669777e-08,7.464129196941213e-07,0.423708485418186,5.884442032755355e-09,2.471465653757249e-07,1.2781598625444353,8.758503908873131e-10,3.32823148537179e-08,0.9957583194049655,1.8530393603675483e-09,7.256565989398349e-08,-0.38646570802143027,1.1948733160530286e-10,1.0275910518056046e-08,-1.300436529694309,0.04726549096365713,1.0,0.1779577827515343,2.551792303883156e-12,9.951989985144308e-11,0.971484662197449,0.06000407156781899,1.0,2.5942174780899654,0.00023731964675814744,0.01210330198466552,0.1113428685510023,0.6575727653971525,1.0,-0.11134286855100234,0.6575727653971525,1.0,0.19915166388099295,1.8530393603675483e-09,7.256565989398349e-08,-0.19915166388099295,1.8530393603675483e-09,7.256565989398349e-08,,,,,,,-2.092087869644165,3.625288140148871e-08,4.7128745821935323e-07
gold_sweep,07d08a5dd1f7,IPWTransport,FeasibleRestricted,50,50,2000,10,0.3,5.79185112387151,3.5168371676189225,4.6623006648115535,100,0.11893334942383413,5.907926562227782,0.11589909343569091,100,4.3733905639268995,3.783527583016706,3.303646199859375,100,0.9133331670420288,5.726449153836461,0.9988406783155591,100,0.7311882242682242,0.1671827616724525,0.7748024468024468,100,0.5539522322322323,0.14770005168652603,0.5816236236236236,100,0.744766062397055,0.16616365721358536,0.7890233575538642,100,0.6376368355325924,0.5231250212937061,0.7915189784684313,88,0.5899789113545754,0.7683440470114161,0.7979839240222771,85,-0.305842585779352,9.00562461301261,0.8219047480076387,78,5.6345339585119305,7.630365938491853,5.279082044488537,100,4.330919410928092,7.551894087140204,4.224381648788642,100,0.8899935293939213,0.19569428129850147,0.9259368496523921,100,-0.7640379041853704,5.358962614346864,-1.2079518029471998,100,0.5820105761100052,0.20747964215740738,0.6200660266577411,100,4.449464052319501,3.742003929899511,3.372232830527537,100,5.673130674735711,4.319070850506868,4.165252514108955,100,2.3314710398494043,4.472034070699019,2.5351738874273755,100,1.0991547053052027,1.5976121631555855,0.5471000825061723,100,1.3228486393400012,3.8353181566053243,1.4954509776569038,100,0.36955492858909045,0.2709371680315301,0.26346710643522075,100,,,,0,,,,0,,,,0,,,,0,3.47263733625412,0.8865214053616741,3.4837127923965454,100,-1.5390293162993385,8.084056448901311e-06,0.00032336225795605246,0.8912110213013146,0.13207069537634405,1.0,-0.7082994636935699,0.255084772503005,1.0,0.8912110213013146,0.13207069537634405,1.0,0.3162379074379075,5.816713162471362e-17,3.6645292923569576e-15,0.26806206206206207,2.794684092654649e-17,1.984225705784801e-15,0.3153043263489297,7.132581379887996e-17,4.636177896927197e-15,0.5306060330476253,3.480718168803073e-15,3.515525350491104e-13,0.5422319115502889,4.5855983250923424e-14,3.668478660073874e-12,2.6260030799093803,5.136301677574189e-14,4.9308496104712215e-12,2.7808747118824226,5.816713162471362e-17,5.176874714599512e-15,2.1650868534603704,6.166069759616455e-17,4.9328558076931635e-15,-0.16378252324359596,0.0012590725196596157,0.047937298498311465,-0.851868294830189,0.143936405590171,1.0,0.3921089580906207,1.4573676877736123e-17,1.282483565240779e-15,-0.6912286141470558,0.2565231689671972,1.0,-0.9451592564346519,0.032464993179482454,0.5194398908717193,0.5096257806754383,1.4886690927274518e-05,0.0009229748374910201,-0.5096257806754383,1.4886690927274518e-05,0.0009229748374910201,0.4330173706920741,6.166069759616455e-17,4.9328558076931635e-15,-0.4330173706920741,6.166069759616455e-17,4.9328558076931635e-15,,,,,,,-6.847121229171753,3.896559845095909e-18,6.857945327368801e-16
gold_sweep,07d08a5dd1f7,OutcomeModelTransport,FeasibleRestricted,50,50,2000,10,0.3,5.82377165439689,3.5274116782750427,4.72489808840122,100,0.11552165189598,5.8664270625560455,0.26381719717649776,100,4.417421232838321,3.7896485435657437,3.3266569453491264,100,0.9099214695141745,5.765052759845173,0.88526361020945,100,0.7309663948063949,0.16689630622621426,0.7736604836604837,100,0.5537091091091091,0.14749402006851478,0.5802382382382383,100,0.7445659908816091,0.1658943241722087,0.7882765470779167,100,0.6367611759734051,0.5231254566962762,0.7914129264248555,88,0.5898736153427147,0.7729445961430272,0.7995664203575031,85,-0.3032498586932789,8.979942995612943,0.8185033379550968,78,5.632395800397732,7.632756244958635,5.354293692258885,100,4.328905251306589,7.5550036012775355,4.228964517157917,100,0.8900667047683722,0.19548726545129283,0.9304909144131503,100,-0.761617877695787,5.402286110964476,-1.170777488787047,100,0.5816414489117239,0.20731828574081165,0.6194600512406438,100,4.493086095356547,3.7478769049534253,3.408094100054379,100,5.708084646215245,4.323307893642199,4.236066173221957,100,2.314163562060588,4.471990810570911,2.5307430224680374,100,1.1164621830940193,1.5989626966038553,0.5471000825061723,100,1.3224458074157004,3.8355677211948893,1.4959453299012238,100,0.3699577605133911,0.2711409575082898,0.26346710643522075,100,,,,0,,,,0,,,,0,,,,0,0.3919264984130859,0.14504771498720867,0.3834352493286133,100,-1.5071087857739576,1.778467606211019e-05,0.0006224636621738566,0.8877993237734604,0.15261856038263152,1.0,-0.6642687947821467,0.3187090789328131,1.0,0.8877993237734603,0.15261856038263152,1.0,0.316016077976078,5.649430306955948e-17,3.615635396451807e-15,0.26781893893893893,2.794684092654649e-17,1.984225705784801e-15,0.31510425483348387,7.132581379887996e-17,4.636177896927197e-15,0.5297303734884381,3.720065571210264e-15,3.6456642597860585e-13,0.5421266155384283,4.5855983250923424e-14,3.668478660073874e-12,2.628595806995453,5.136301677574189e-14,4.9308496104712215e-12,2.7787365537682245,5.988879490693734e-17,5.2702139518104864e-15,2.163072693838867,6.536103994610526e-17,5.163522155742315e-15,-0.16370934786914496,0.0012291614999567042,0.047937298498311465,-0.8494482683406059,0.156602882017336,1.0,0.39173983089233944,1.4573676877736123e-17,1.282483565240779e-15,-0.647606571110009,0.313728575022711,1.0,-0.910205284955116,0.047650167452079104,0.6807160392236297,0.49231830288662176,1.808613181593696e-05,0.0011032540407721544,-0.49231830288662176,1.808613181593696e-05,0.0011032540407721544,0.43261453876777334,6.536103994610526e-17,5.163522155742315e-15,-0.43261453876777334,6.536103994610526e-17,5.163522155742315e-15,,,,,,,-9.927832067012787,3.896559845095909e-18,6.857945327368801e-16
gold_sweep,07d08a5dd1f7,ProposedA,OracleTargetTreated,50,50,2000,10,0.3,3.946297736529483,0.6683391381541552,3.880660679452819,100,-0.7120945528619208,7.414644792282123,-0.6096707235345874,100,0.38125676509425527,0.2969978925833355,0.3100818987633598,100,0.08230526475627385,0.4776925124015806,0.041688311537383616,100,0.6499825674625674,0.06542487313457307,0.6442401202401203,100,0.46755675675675673,0.055062612161971475,0.4595695695695696,100,0.6660889234848922,0.06412462692462818,0.6579684215992367,100,0.49412640256746276,0.542196276688499,0.6592588526188966,88,0.397154526649147,0.8118472085613565,0.6694848255583287,85,-1.8914033887832675,21.854793850957297,0.6852900646181865,78,4.982292659889287,7.618724515208738,4.983578247256041,100,3.847764083236107,7.516920452129983,3.8595965856351775,100,1.4924880994574483,0.34224039733123285,1.5102993181735307,100,0.21116145156408853,3.8281571530910328,0.17962016660679142,100,0.4304314948995262,0.08491136390152455,0.4272911630339674,100,1.117206121771681,0.37003865143530656,1.1045117164416438,100,2.5661470248302494,0.8568520114975975,2.4342047020002555,100,3.0030821354510318,4.560569786390858,2.7817703331068637,100,0.4275436097035763,0.2971838857709181,0.4839467876388628,100,1.2262175738016046,3.811499650641149,1.332113199423249,100,0.46618599412748724,0.12011495279195121,0.45171153803510555,100,0.0619237154074131,0.03496985159961224,0.055080094755667566,100,23.21,2.9000000000000004,24.0,100,,,,0,,,,0,30.131375703811646,11.72370435073837,26.94094705581665,100,-3.384582703641365,4.0161556854627e-18,5.922770964545782e-16,0.06018311901555983,0.6108418935855868,1.0,-4.7004332625262135,1.0192962404545369e-17,1.3148921501863526e-15,0.06018311901555991,0.6108418935855868,1.0,0.23503225063225064,4.670683307897806e-18,5.922770964545782e-16,0.18166658658658658,4.670683307897806e-18,5.922436857224855e-16,0.2366271874367667,4.670683307897806e-18,5.922770964545782e-16,0.3870956000824959,7.151811974402704e-16,8.849834986472288e-14,0.3494075268448607,1.921227475183245e-15,2.6320816410010455e-13,1.0404422769054658,2.383825037520866e-14,2.9321047961506653e-12,2.12863341325978,8.023842397878198e-18,9.548372453475057e-16,1.681931525768386,8.777880718979924e-18,1.0006784019637115e-15,0.43871204681993076,3.8833751486923826e-11,3.4173701308492966e-09,0.1233310609192695,0.615670737630266,1.0,0.2405298768801417,5.94331234302936e-18,6.478210453902002e-16,-4.023486544694875,3.3479285134505465e-15,3.013135662105492e-13,-4.052142906340112,4.924776637550388e-13,4.432298973795349e-11,1.1812368762770646,2.1978452669973656e-14,2.7692850364166807e-12,-1.1812368762770646,2.1978452669973656e-14,2.7692850364166807e-12,0.3363863051536772,8.777880718979924e-18,1.0006784019637115e-15,-0.3363863051536772,8.777880718979924e-18,1.0006784019637115e-15,0.0619237154074131,3.896559845095909e-18,2.6496606946652183e-16,23.21,3.4584066527254283e-18,1.1412741953993914e-16,19.811617138385774,3.896559845095909e-18,6.857945327368801e-16
gold_sweep,07d08a5dd1f7,ProposedB_LinearStepB,OracleTargetTreated,50,50,2000,10,0.3,4.195456565015061,0.8340286892744683,4.134756366849244,100,-0.6851120471182378,7.447930371256977,-0.5506863845400257,100,0.4556169172478704,0.37210495796408105,0.36020533158423557,100,0.10928777049995679,0.5797251501729662,0.05841509120720556,100,0.5661347477747478,0.11062561345608456,0.5851932211932213,100,0.40080508508508517,0.08579287664598234,0.4124444444444445,100,0.5817689783305614,0.11263064341039869,0.5973387721959389,100,0.3358375755198846,0.8422935156135681,0.5754340543346672,88,0.2484051076358658,1.1229022771186776,0.589921683379755,85,-4.142093948727916,40.607459486818044,0.636554511382393,78,4.160349090520903,7.93806271192299,4.018978049239379,100,3.235464154697305,7.736082647152022,3.1169017555521714,100,1.1409167321448985,0.3776094589686026,1.1770287926155432,100,-0.5662786014114523,2.980547623771172,-0.31944373355418776,100,0.3387926859899489,0.11930407188071447,0.350971462110323,100,0.9797864524999267,0.4880054624228624,0.8620375111761773,100,2.3934930892298576,1.1510742031642303,2.1779893130900816,100,2.9626579433419438,4.557078898692918,2.8116975139901186,100,0.467967801812664,0.33133754887112155,0.4953253224678731,100,1.1037575880938437,3.794785385085049,1.3940400023179762,100,0.5886459798352479,0.2024703816508415,0.5383663170653294,100,0.05554243186507604,0.04467166716300801,0.043685084114312656,100,27.73,2.9262138118612033,28.0,100,4.066234841677418,2.814379658290319,3.6178498819488634,100,10.0,0.0,10.0,100,81.53148460149765,22.802635324524434,76.8421059846878,100,-3.1354238751557877,4.2663227307182344e-18,5.922770964545782e-16,0.08716562475924285,0.5751746153622864,1.0,-4.626073110372598,2.7135201386354882e-17,2.957736951112682e-15,0.08716562475924271,0.5751746153622864,1.0,0.151184430944431,3.0717604535203435e-14,1.5051626222249683e-12,0.11491491491491491,2.1729294370652986e-14,1.0647354241619963e-12,0.15230724228243597,4.00362761898488e-14,2.00181380949244e-12,0.2288067730349175,3.7985709893376747e-10,1.6713712353085768e-08,0.20065810783157947,1.5386589570190227e-09,7.077831202287504e-08,-1.2102482830391834,5.881821629906238e-10,2.7644561660559318e-08,1.3066898438913963,1.5583405211656375e-12,7.324200449478496e-11,1.0696315972295831,6.181679327962521e-13,2.905389284142385e-11,0.08714067950738126,0.06238182359673901,1.0,-0.6541089920562712,0.7078260175355122,1.0,0.14889106797056437,6.63525871478931e-15,3.1849241830988687e-13,-4.16090621396663,1.0104199612316775e-16,1.040732560068628e-14,-4.224796841940504,4.527740968981152e-15,4.754128017430209e-13,1.1408126841679769,6.127261228356996e-14,7.182941367594471e-12,-1.1408126841679769,6.127261228356996e-14,7.182941367594471e-12,0.21392631944591656,6.181679327962521e-13,2.905389284142385e-11,-0.21392631944591656,6.181679327962521e-13,2.905389284142385e-11,0.05554243186507604,3.896559845095909e-18,2.6496606946652183e-16,27.73,2.420596485293705e-18,1.0804181754287811e-16,71.21172603607178,3.896559845095909e-18,6.857945327368801e-16
gold_sweep,07d08a5dd1f7,ProposedB_SourceDR,FeasibleRestricted,50,50,2000,10,0.3,7.569817346111919,4.318343418699762,6.285030973733599,100,0.43736678475552965,2.5964834589241272,0.3628314819735039,100,5.291411084891902,5.095646738594428,4.275444767280846,100,1.2317666023737244,7.260502099835332,0.9933026339097789,100,0.4053104980884568,0.11921045587206865,0.4257912604330464,100,0.27971622140590674,0.08569078789096075,0.29391791791791794,100,0.42050892337739854,0.12156632741744569,0.44579458317053156,100,0.16485476181565728,1.0183305393923465,0.4183836244215098,88,0.05132658646416685,1.20766792127414,0.44879947636524037,85,-5.274731235793639,49.172168195462355,0.5251164137349456,78,3.0578268479704125,7.527979793854597,3.0045180040521915,100,2.1946558781309427,7.466081352583517,2.183504671082749,100,1.077594316087664,0.5829842327568633,0.9694091858497403,100,-1.0751047440374284,7.271115926206297,-1.1468322991644353,100,0.17538168847200214,0.09182949564797026,0.17876039015978584,100,5.439261400662565,4.971127889314961,4.275444767280847,100,7.318907989022079,5.284860912255731,6.237161888571025,100,0.969775522532389,4.402768008831413,0.7752027250543143,100,2.4608502226222186,2.8707969313633517,1.412571853113327,100,0.8955959327805715,3.845077943513853,1.1322114260279323,100,0.7968076351485203,0.2341081136511114,0.766268639944033,100,0.04597108841518759,0.06103618858071963,0.031646667757212046,100,24.17,4.718446500039751,25.0,100,4.0662348416774226,2.8143796582903238,3.6178498819488647,100,10.0,0.0,10.0,100,84.99203825712203,23.462597003708016,82.5715172290802,100,0.23893690594107153,0.5247177003787094,1.0,1.20964445663301,0.07950838739406003,1.0,0.2097210572714333,0.5964572394238804,1.0,1.20964445663301,0.07950838739406003,1.0,-0.00963981874186004,0.6925422804041386,1.0,-0.006173948764263371,0.7335597164128502,1.0,-0.008952812670726831,0.7413401306177619,1.0,0.05782395933069026,0.005586214390083718,0.08094252679006325,0.0035795866598804906,0.16416183720170685,1.0,-2.342885570104906,0.6131751437171578,1.0,0.20416760134090606,0.04356037195358306,0.3484829756286645,0.02882332066322123,0.48304202468022994,1.0,0.023818263450146596,0.7465418609724369,1.0,-1.1629351346822474,0.14299558373008794,1.0,-0.014519929547382323,0.2608721129080632,1.0,0.29856873419600866,0.5025560930996884,1.0,0.7006180578517158,0.20576253719593485,1.0,-0.8520697366415775,0.03136654424402608,0.7462525158649589,0.8520697366415775,0.03136654424402608,0.7462525158649589,0.0057646641326441735,0.48304202468022994,1.0,-0.005764664132644175,0.48304202468022994,1.0,0.04597108841518759,3.896559845095909e-18,2.6496606946652183e-16,24.17,3.583997823788139e-18,1.1412741953993914e-16,74.67227969169616,3.896559845095909e-18,6.857945327368801e-16
gold_sweep,07d08a5dd1f7,ProxyOnly,FeasibleRestricted,50,50,2000,10,0.3,7.330880440170848,3.8500564483983957,6.35405416048227,100,-0.7722776718774804,7.667321827206845,-0.6090193615661572,100,5.081690027620469,4.616054570500196,3.9932996767078768,100,0.02212214574071405,6.884176289080187,0.5468191037000953,100,0.41495031683031686,0.11033376071426124,0.4222982842982843,100,0.28589017017017015,0.08049264794449129,0.2897337337337338,100,0.4294617360481254,0.11315445989440077,0.43871020031659447,100,0.10703080248496702,1.1124854125660624,0.3913134549999284,88,0.047746999804286275,1.169030452036678,0.40209096206848177,85,-2.9318456656887317,28.45570638649647,0.4566492116708193,78,2.8536592466295065,7.597838072048133,2.5328456193702804,100,2.1658325574677213,7.506798799480295,2.109460084836601,100,1.0537760526375173,0.4382965690066559,0.9883818405065937,100,0.0878303906448188,6.664276029902002,-0.3673104240570145,100,0.18990161801938452,0.09599881672058877,0.18138442810628153,100,5.140692666466556,4.561099930681056,4.040464428793834,100,6.618289931170364,4.881237130848107,5.446905613819878,100,1.8218452591739664,4.629622467968599,2.475089595810218,100,1.608780485980641,2.1384007126993825,1.015141644276727,100,0.8898312686479269,3.8391679420902896,0.9647941758943155,100,0.8025722992811646,0.2198640485015629,0.7783515851098909,100,0.0,0.0,0.0,100,0.0,0.0,0.0,100,,,,0,,,,0,10.319758565425873,3.0507319226228367,9.417847752571106,100,,,,,,,,,,,,,,,,,,,,,,,,,,,,,,,,,,,,,,,,,,,,,,,,,,,,,,,,,,,,,,,,,,,,,,,,
gold_sweep,07d08a5dd1f7,TargetOnlyDR,OracleTargetTreated,50,50,2000,10,0.3,4.023110731916946,0.6869129175276559,4.004973589156384,100,-0.7152042748682849,7.434516505103939,-1.046506667857287,100,0.45730970152676326,0.3413430463787145,0.40440418590308347,100,0.07919554274990964,0.5669430285783312,0.13914825383929408,100,0.6144299495099496,0.0722943652492143,0.6186920886920888,100,0.4385314514514514,0.05910228085411472,0.4384744744744745,100,0.6309448554101597,0.07176096250393499,0.6348253069007621,100,0.4146689057409503,0.7686617607711093,0.6240548974040079,88,0.35207120668562325,0.8533559986857927,0.6396995413404662,85,-1.5258218996708819,18.224008694670513,0.6662210353016762,78,4.649936159738875,7.52732829882869,4.35088018316619,100,3.6053951510870497,7.511362105988484,3.5169949387166923,100,1.31324080744018,0.30059763249770505,1.3361204230085848,100,-0.00852346237052292,3.5490642161304105,0.07334927760885207,100,0.3869580195338442,0.09081360261103537,0.3849782396672032,100,0.9902098489973228,0.3584880262848531,0.9403565432775851,100,2.270908602105328,0.8105281539376262,2.130196059742359,100,2.9800696192206657,4.564796676681743,2.721333549818047,100,0.4505561259339422,0.3216594849905793,0.4727589763715489,100,1.177743787371793,3.809349249060434,1.245028154774991,100,0.5146597805572988,0.12943049810662902,0.5061957474624715,100,0.0,0.0,0.0,100,0.0,0.0,0.0,100,,,,0,,,,0,28.33299075603485,9.623808904107083,25.604604840278625,100,-3.3077697082539026,4.0161556854627e-18,5.922770964545782e-16,0.05707339700919558,0.603630307822939,1.0,-4.624380326093705,1.6412062569258175e-17,1.88738719546469e-15,0.05707339700919558,0.603630307822939,1.0,0.19947963267963265,4.0161556854627e-18,5.922770964545782e-16,0.1526412812812813,4.0161556854627e-18,5.922436857224855e-16,0.2014831193620343,4.0161556854627e-18,5.922770964545782e-16,0.30763810325598323,7.920861450328087e-16,9.663450969400267e-14,0.304324206881337,2.2127351927859157e-15,2.992796448714478e-13,1.4060237660178505,6.963274698014426e-14,6.1276817342526955e-12,1.7962769131093692,1.0501887534614503e-17,1.1972151789460535e-15,1.4395625936193286,7.78699366986276e-18,9.032912657040802e-16,0.25946475480266257,2.160219772158601e-07,1.2745296655735746e-05,-0.0963538530153418,0.9342333768907125,1.0,0.19705640151445977,5.94331234302936e-18,6.478210453902002e-16,-4.150482817469234,3.010681278678945e-16,2.8902540275317876e-14,-4.347381329065033,2.6188160136777405e-14,2.592627853540963e-12,1.1582243600466988,1.086986818628005e-14,1.4105995074652798e-12,-1.1582243600466988,1.086986818628005e-14,1.4105995074652798e-12,0.28791251872386564,7.78699366986276e-18,9.032912657040802e-16,-0.28791251872386564,7.78699366986276e-18,9.032912657040802e-16,0.0,,,0.0,,,18.013232190608978,3.896559845095909e-18,6.857945327368801e-16
gold_sweep,1618590c838f,AnchorOnly,OracleTargetTreated,25,25,2000,10,0.3,4.625945611520132,0.9869244110941108,4.475418130288966,100,0.6855170996663762,6.847277931083322,0.31147761068782576,100,0.7486461439060118,0.5385103245459448,0.6180777383082121,100,0.07477734127857459,0.9222134297782894,0.07883404084202317,100,0.4226081306081306,0.14233804527071545,0.42099142899142905,100,0.2922795195195195,0.10278699120712813,0.28776176176176177,100,0.4372160495414937,0.14513498321456106,0.4364670450748478,100,-0.5803073773009944,5.928847731000605,0.5243092202457906,89,0.30908536921458607,0.8699370194405085,0.5304441859821483,85,0.21184951107947989,1.3543525911403322,0.5645417448333674,83,4.331127686816969,6.908544550149174,4.466901071422855,100,3.612637141577874,6.798471179559687,3.5722454797238754,100,0.8679210251977962,0.4021216228529479,0.8414506584168073,100,0.2146500855142347,3.2997345013284938,-0.03945378572378788,100,0.20646583803264984,0.11525757620621778,0.18623806949841148,100,1.2579912769938517,0.78655818155281,1.0596182364103897,100,2.8456064203782194,1.9283425890059622,2.261002978455869,100,3.1470722169427345,4.011976131443696,2.5670707084824347,100,0.5417327834100673,0.4750834369169663,0.4856151963361389,100,0.7709480617416032,3.6324274520757633,0.5126729677476825,100,0.7703343367208493,0.24757779079795522,0.7204161149226169,100,0.03003405610302498,0.056653161373182014,0.0021045274480849755,100,1.83,2.2249957439523476,1.0,100,,,,0,,,,0,13.787203402519227,2.679405734415239,14.80816650390625,100,-3.215215451708744,1.0501887534614503e-17,1.0501887534614503e-15,0.985006344210887,0.288034904457934,1.0,-4.9015302839500015,3.641679657916183e-17,3.7873468442328305e-15,0.9850063442108872,0.288034904457934,1.0,0.129907312987313,1.4980428707088134e-09,5.5427586216226096e-08,0.09288332332332333,1.2096579164999306e-09,4.475734291049743e-08,0.13234463019636036,1.158857605214751e-09,4.287773139294579e-08,0.4508320138654245,2.0762062799501377e-09,8.927687003785592e-08,0.1924991410104015,5.998832139991813e-09,2.399532855996725e-07,0.22845778881890663,8.1189255399633e-09,3.166380960585687e-07,1.217628967655714,4.37848781784592e-09,1.4886858580676128e-07,0.9570338327929189,7.3265649340269615e-09,2.710829025589976e-07,0.07592627797124599,0.10461306570522193,1.0,-0.6598607937141943,0.21073379493731736,1.0,0.09598008876394472,9.344729313660313e-10,3.177207966644506e-08,-4.440000170829881,4.4713463414559033e-17,5.052621365845171e-15,-4.544534374515705,7.044317414078138e-16,7.748749155485951e-14,1.239086495655476,9.582099220257436e-13,9.582099220257436e-11,-1.239086495655476,9.582099220257436e-13,9.582099220257436e-11,0.19140676655858388,7.3265649340269615e-09,2.710829025589976e-07,-0.19140676655858388,7.3265649340269615e-09,2.710829025589976e-07,0.03003405610302498,3.896559845095909e-18,2.6496606946652183e-16,1.83,2.0756214972370755e-10,4.151242994474151e-10,5.716187164783478,3.896559845095909e-18,6.857945327368801e-16
gold_sweep,1618590c838f,AnchorPlugin,FeasibleRestricted,25,25,2000,10,0.3,6.319190140084479,2.9391109179260426,5.29207737810253,100,-0.4452653982529118,4.702685576446194,-0.6655476249127618,100,4.202919838546036,3.5293060319747944,2.911617764606474,100,-1.0560051566407131,5.40116236414823,-1.2069958712773796,100,0.5287648693648694,0.14444105124662301,0.5536372696372697,100,0.37322722722722723,0.10992388352307517,0.38822622622622627,100,0.5449841658029096,0.14494763188991977,0.572278246972848,100,-0.1589323802317433,3.696472065905308,0.6098224379078336,89,0.3915817477146586,1.0153116220883418,0.6066639279527489,85,0.35924913444447687,1.0129773027168691,0.6250842301262695,83,5.259546520580768,7.022452203394122,4.888289274662702,100,4.327375119110888,6.932928496019927,3.820675292621713,100,0.8736489337876996,0.3192836179759762,0.8836624669651252,100,0.7523435152223172,5.148493428200745,0.41183933228512515,100,0.31409000937311,0.14528966605610918,0.3263010586313618,100,4.287222704700302,3.4571783370028775,2.911617764606474,100,6.015149350090238,4.065410551371919,5.127480785255884,100,2.300162158409769,3.756891701190323,2.1184599393022414,100,1.388642841943034,1.6130094107866824,0.8883004991309459,100,0.913895657248206,3.6174762470070565,0.46302516768835966,100,0.6273867412142466,0.2778397342253235,0.576033430260852,100,0.26678916037328326,0.3125302978091429,0.1526210080877536,100,13.56,7.758110777005109,14.0,100,,,,0,,,,0,7.199194457530975,0.8770577661369489,7.172930717468262,100,-1.5219709231443956,4.756708726669209e-09,2.996726497801602e-07,-0.14577615370840077,0.439153713588891,1.0,-1.4472565893099776,6.275353012557241e-05,0.004078979458162207,-0.14577615370840077,0.439153713588891,1.0,0.2360640517440517,8.519072542858556e-18,8.007928190287042e-16,0.173831031031031,8.519072542858556e-18,8.178309641144213e-16,0.24011274645777636,7.333806979251821e-18,7.333806979251821e-16,0.8722070109346757,3.796801942114511e-15,3.6456642597860585e-13,0.27499551951047413,8.63395187147287e-15,9.238328502475972e-13,0.3758574121839036,7.411805178100956e-15,1.030240919756033e-12,2.1460478014195132,5.486894326681338e-17,4.938204894013204e-15,1.6717718103259331,2.0195637546078604e-17,1.9185855668774675e-15,0.08165418656114946,0.0849607498952159,1.0,-0.1221673640061117,0.8285088118253296,1.0,0.2036042601044049,1.082004916926409e-17,9.84624474403032e-16,-1.4107687431234306,5.750054383821226e-05,0.0037950358933220092,-1.3749914448036875,0.000392742822537325,0.01806616983671695,0.3921764371225093,1.2966632441916246e-06,9.335975358179697e-05,-0.3921764371225095,1.2966632441916246e-06,9.335975358179697e-05,0.33435436206518665,2.0195637546078604e-17,1.9185855668774675e-15,-0.33435436206518665,2.0195637546078604e-17,1.9185855668774675e-15,0.26678916037328326,3.896559845095909e-18,2.6496606946652183e-16,13.56,5.424091360781817e-17,6.27935760847387e-16,-0.871821780204773,6.356011702128781e-08,6.728145389581803e-07
gold_sweep,1618590c838f,DRLearner_PooledNoSite,OracleTargetTreated,25,25,2000,10,0.3,3.648127168916135,1.3844598277582885,3.2804098755771944,100,0.23659394527873082,5.809248164123432,-0.19270893629368144,100,1.6190857972207844,1.3442374492144114,1.4340172360536942,100,-0.3741458131090707,2.0768950956536734,-0.22259974927475712,100,0.7574566720966723,0.1283385350402592,0.7976834336834338,100,0.5735847047047047,0.11774267880861491,0.6024144144144145,100,0.770203841954543,0.125610965265087,0.80960840772035,100,0.5711654532722442,1.113680022698911,0.8245044206494285,89,0.7362907864648324,0.28182036789715764,0.8303255598915339,85,0.7270632673851493,0.3072592690902134,0.8436533981509707,83,7.148636922355055,6.88248222949697,6.504148476140077,100,5.836681372357367,6.8325304431898894,5.4695941383401365,100,0.9280422541333405,0.17977996849012298,0.9503423550143694,100,0.43726698636378636,2.387914749842164,0.36599281225026725,100,0.6075067681946524,0.17133009138755184,0.6550445412417282,100,1.7102558264138998,1.2856202249655961,1.5142248207434488,100,2.8089159129755616,1.8503753814468045,2.495561915950544,100,3.342108102865298,3.9181859347322328,2.804329448932157,100,0.3466968974875045,0.3759353027799249,0.26282725109404237,100,1.2157569078975017,3.650577584804531,0.908500919034748,100,0.3255254905649509,0.21746037051647454,0.2624827615739319,100,,,,0,,,,0,,,,0,,,,0,1.5854005694389344,0.6000679030195059,1.5525864362716675,100,-4.193033894312739,4.139373908714419e-18,5.922770964545782e-16,0.5360831898232419,0.6499304018341789,1.0,-4.03109063063523,1.4934266550748764e-14,1.2246098571613986e-12,0.5360831898232418,0.6499304018341789,1.0,0.4647558544758546,4.531861061109546e-18,5.922770964545782e-16,0.3741885085085086,4.531861061109546e-18,5.922436857224855e-16,0.46533242260940955,4.531861061109546e-18,5.922770964545782e-16,1.6023048444386632,3.0231330449487104e-16,4.081229610680759e-14,0.6197045582606479,3.0373003164551303e-15,3.9484904113916695e-13,0.7436715451245763,7.150542432780116e-15,1.0010759405892164e-12,4.035138203193799,4.2663227307182344e-18,6.143504732234258e-16,3.181078063572412,7.117077537219983e-18,8.469322269291779e-16,0.13604750690679035,0.006010251964988403,0.19421855100216656,-0.4372438928646424,0.37688545729469336,1.0,0.49702101892594736,4.531861061109546e-18,5.922770964545782e-16,-3.9877356214098336,5.191257998789323e-15,4.568307038934604e-13,-4.581224881918363,1.3055060419538937e-14,1.3446712232125106e-12,1.4341223815780386,3.830851277134394e-15,5.0567236858174e-13,-1.4341223815780386,3.830851277134394e-15,5.0567236858174e-13,0.6362156127144823,7.117077537219983e-18,8.469322269291779e-16,-0.6362156127144823,7.117077537219983e-18,8.469322269291779e-16,,,,,,,-6.485615668296814,3.896559845095909e-18,6.857945327368801e-16
gold_sweep,1618590c838f,DRLearner_PooledWithSite,OracleTargetTreated,25,25,2000,10,0.3,3.6581977265039076,1.3801540727744614,3.326008480660941,100,0.24136872647472568,5.7977466054509375,-0.16994593844238637,100,1.6386929480042969,1.3491979696150653,1.436815987340652,100,-0.3693710319130757,2.0964162369648496,-0.2517134526197976,100,0.7578494730494733,0.12813102460179993,0.7958520878520879,100,0.5739931931931931,0.11764494112048608,0.6013673673673674,100,0.7705972883887802,0.12536192428141987,0.808163525508053,100,0.5707391916600564,1.1216324860641362,0.8219082144019677,89,0.7361844245715592,0.2838256879843748,0.8314806268972867,85,0.7266467703566248,0.3075262319946113,0.8442928281846582,83,7.1468355712042015,6.8885927586357045,6.565339541599155,100,5.835984411440437,6.824534633818025,5.532645206867193,100,0.9285402356898829,0.17823624356084417,0.9538203829270101,100,0.43366798108704446,2.4075902844933132,0.3154666391013283,100,0.6080805733183667,0.17137693980474455,0.6526097844457455,100,1.7309184069404913,1.2926734769821642,1.510653008077094,100,2.8078850407387326,1.8188800600155004,2.5728699045743917,100,3.341710448706705,3.917040555203637,2.7988975552391557,100,0.34709455164609715,0.37694184909742645,0.2702950864834702,100,1.2156175157141156,3.651254403409358,0.9095158934596288,100,0.3256648827483369,0.2181899559909339,0.2617419425953478,100,,,,0,,,,0,,,,0,,,,0,4.7377737259864805,2.0193360901786805,4.429330587387085,100,-4.182963336724967,4.0161556854627e-18,5.922770964545782e-16,0.5408579710192367,0.615670737630266,1.0,-4.011483479851717,2.4176619990204415e-14,1.9583062192065577e-12,0.5408579710192366,0.615670737630266,1.0,0.46514865542865536,4.531861061109546e-18,5.922770964545782e-16,0.374596996996997,4.531861061109546e-18,5.922436857224855e-16,0.4657258690436466,4.531861061109546e-18,5.922770964545782e-16,1.6018785828264752,3.0231330449487104e-16,4.081229610680759e-14,0.6195981963673746,3.0373003164551303e-15,3.9484904113916695e-13,0.7432550480960518,7.411805178100956e-15,1.030240919756033e-12,4.033336852042947,4.2663227307182344e-18,6.143504732234258e-16,3.180381102655482,7.333806979251821e-18,8.653892235517149e-16,0.13654548846333278,0.0057025281218700844,0.19388595614358287,-0.4408428981413845,0.3658472492089394,1.0,0.4975948240496617,4.531861061109546e-18,5.922770964545782e-16,-3.9670730408832413,7.397715002246113e-15,6.436012051954118e-13,-4.5822557541551925,1.3411272881638012e-14,1.3679498339270773e-12,1.4337247274194462,2.8724790840110065e-15,3.877846763414859e-13,-1.4337247274194462,2.8724790840110065e-15,3.877846763414859e-13,0.6360762205310964,7.333806979251821e-18,8.653892235517149e-16,-0.6360762205310964,7.333806979251821e-18,8.653892235517149e-16,,,,,,,-3.3332425117492677,5.486894326681338e-17,2.2496266739393485e-15
gold_sweep,1618590c838f,EntropyBalancing,FeasibleRestricted,25,25,2000,10,0.3,7.192332435492331,4.301791133444263,5.885047949341665,100,-0.38922595047023345,6.789737665190611,-1.1141830268619581,100,5.064589803637873,4.804011929042935,3.6738075506216292,100,-0.9999657088580346,6.926590818879485,-1.050820294681757,100,0.5605848954648954,0.18119171434697504,0.5924949824949826,100,0.40138978978978984,0.13924640449755643,0.4181701701701702,100,0.5766916429270339,0.18284454029891198,0.6157431369426146,100,-0.06860973298174405,3.624493772971842,0.6749685894404927,89,0.4931005697077361,0.6269356711185823,0.6967968236534559,85,0.4048535196007066,1.166466744118858,0.7177535340447151,83,5.554633810533366,7.003002158765195,4.81684334340696,100,4.506709376064183,6.89720010877177,4.0816030767331855,100,0.656537102907686,0.27985866668262055,0.679000591424701,100,0.7609755341575388,5.592559902484562,1.1679689561687536,100,0.36536956679586013,0.17823665475600606,0.3734376534832002,100,5.328137420060686,4.642047275946127,3.922265856263527,100,8.311322900992872,6.460006377259231,6.552611367084851,100,2.17708029643977,4.20925913869693,1.8775332295571192,100,1.511724703913032,1.9852843983289876,0.8869726206939398,100,0.9497625086388648,3.621679548812922,0.6850546850786524,100,0.5915198898235876,0.31599451951612323,0.5170084521022229,100,,,,0,,,,0,,,,0,,,,0,5.485146772861481,2.078100201963852,5.44149124622345,100,-0.6488286277365447,0.013173940802528346,0.28982669765562363,-0.0897367059257224,0.8770384213786963,1.0,-0.5855866242181399,0.20576253719593485,1.0,-0.0897367059257224,0.8770384213786963,1.0,0.26788407784407786,9.330061592707218e-16,5.224834491916042e-14,0.2019935935935936,6.658387362535723e-16,3.7286969230200045e-14,0.27182022358190044,7.245464848115237e-16,4.129914963425685e-14,0.9625296581846747,2.970098888212664e-14,2.1087702106309913e-12,0.37651434150355134,1.1286746490475806e-13,7.449252683714031e-12,0.42146179734013334,4.588060169007555e-13,2.8904779064747596e-11,2.4411350913721095,1.3105832102334346e-16,1.022254903982079e-14,1.8511060672792274,1.043664781540866e-15,6.261988689245196e-14,-0.13545764431886412,0.003358216699623377,0.11753758448681818,-0.11353534507089008,0.9862837441089826,1.0,0.254883817527155,1.1676417541676908e-16,7.472907226673221e-15,-0.36985402776304777,0.3322421202721664,1.0,0.9211821060989456,0.4473324208168965,1.0,0.2690945751525114,0.027638982069072553,0.7462525158649589,-0.2690945751525114,0.027638982069072553,0.7462525158649589,0.3702212134558456,1.043664781540866e-15,6.261988689245196e-14,-0.3702212134558455,1.043664781540866e-15,6.261988689245196e-14,,,,,,,-2.5858694648742677,1.135050737433101e-15,4.199687728502474e-14
gold_sweep,1618590c838f,IPWTransport,FeasibleRestricted,25,25,2000,10,0.3,5.29564332581733,2.9542807241351317,4.453520435116054,100,-0.19764856820700433,5.35889275618487,-0.7390552017820347,100,3.845534371672116,3.248733954490142,3.311532562833633,100,-0.8083883265948054,4.983140515284937,-1.0375638470004256,100,0.7423037948237949,0.13648375826199077,0.7822690162690162,100,0.5592874474474475,0.12256905996651589,0.586978978978979,100,0.755316062867581,0.13409738089001894,0.7946973888052695,100,0.5205123443809893,1.3328708554945818,0.8173651691052092,89,0.7203094144756829,0.29925820826954386,0.8247514585613908,85,0.7120976914668127,0.3207702806798645,0.8285804972416508,83,7.004854197581104,6.893242685035712,6.459381133604731,100,5.724348663441959,6.819157352008172,5.432364818380641,100,0.9122093948456279,0.1856005613626014,0.9392338651835275,100,0.7690430091776733,4.81936998486146,0.9297868603062207,100,0.5869619076560737,0.17784374201330674,0.6300488334895369,100,3.883498223811626,3.212331651720928,3.3115325628336327,100,5.101638929722798,3.6858098690599537,4.289709767849951,100,2.7264246872949904,4.115009354376547,2.4367782794932134,100,0.9623803130578122,1.476173678964404,0.4868319051673329,100,1.19329036611442,3.65510261040767,0.8806058306027332,100,0.34799203234803266,0.2315097763983786,0.27765280987221197,100,,,,0,,,,0,,,,0,,,,0,2.2047912645339967,0.7762478319733036,2.051025867462158,100,-2.5455177374115467,1.7143193108819633e-10,1.1828803245085547e-08,0.10184067633750683,0.6573723697180689,1.0,-1.8046420561838983,0.0006811279931415198,0.03678091162964207,0.1018406763375068,0.6573723697180689,1.0,0.4496029772029773,4.813701823147399e-18,5.922770964545782e-16,0.35989125125125127,4.9610417082651575e-18,5.922436857224855e-16,0.4504446435224476,4.813701823147399e-18,5.922770964545782e-16,1.5516517355474087,3.963571562813794e-16,5.2715501785423463e-14,0.6037231862714985,4.162752056994001e-15,4.912047427252921e-13,0.7287059692062394,1.0599592168232083e-14,1.4097457583748672e-12,3.89135547841985,5.269204481546392e-18,6.9026578708257735e-16,3.0687453546570036,1.0192962404545369e-17,1.1110329020954452e-15,0.12021464761907781,0.01477807881436309,0.38423004917344034,-0.10546787005075543,0.7779874954111793,1.0,0.4764761583873687,5.269204481546392e-18,6.059585153778351e-16,-1.8144932240121077,0.0004472149047655647,0.025044034666871624,-2.2885018651711273,1.4756685909598026e-05,0.0008558877827566855,0.8184389660077309,4.5127871278672735e-08,3.7004854448511645e-06,-0.8184389660077309,4.5127871278672735e-08,3.7004854448511645e-06,0.6137490709314009,1.0192962404545369e-17,1.1110329020954452e-15,-0.6137490709314007,1.0192962404545369e-17,1.1110329020954452e-15,,,,,,,-5.866224973201752,3.896559845095909e-18,6.857945327368801e-16
gold_sweep,1618590c838f,OutcomeModelTransport,FeasibleRestricted,25,25,2000,10,0.3,5.293996974691712,2.9576897138369076,4.428248550540138,100,-0.1947747436541056,5.378182836126131,-0.7255534465540296,100,3.841412937365445,3.2533673401910965,3.2228629745667643,100,-0.805514502041907,4.983422498652855,-1.0806090894532978,100,0.7422631546231547,0.13682208580336427,0.7821898161898162,100,0.5592581381381382,0.12275850909019732,0.5868828828828829,100,0.7552529017024273,0.13446751215586594,0.7945823050661267,100,0.5221763072211205,1.325178439010262,0.8129625677045084,89,0.7207240057988257,0.2988788702264105,0.8219281673585863,85,0.7114565301712363,0.31961395627592315,0.8314626751671029,83,7.004304648864884,6.889993378452895,6.469569138250719,100,5.726049655410332,6.815241247212482,5.414073650192441,100,0.9118988643103536,0.18595675896769612,0.9397567563578608,100,0.7632865071020278,4.807977667955627,0.7380880813024983,100,0.5868955404324457,0.17794972765646275,0.6299261173473378,100,3.873896848410142,3.222309221530231,3.222862974566764,100,5.100966086123568,3.703242323173545,4.281719854717809,100,2.7291375961838162,4.109499343570819,2.456225678063425,100,0.9596674041689864,1.4716213671063785,0.5024248410047698,100,1.193630564508095,3.6543485886119704,0.8776102308866502,100,0.3476518339543577,0.2318051768673008,0.27490409590926457,100,,,,0,,,,0,,,,0,,,,0,0.29816017389297483,0.13905940777055248,0.2877476215362549,100,-2.547164088537163,1.5668226528123035e-10,1.0967758569686124e-08,0.10471450089040532,0.6799004477897137,1.0,-1.8087634904905676,0.0006984463217334928,0.03701765505187512,0.10471450089040531,0.6799004477897137,1.0,0.4495623370023371,4.813701823147399e-18,5.922770964545782e-16,0.3598619419419418,4.9610417082651575e-18,5.922436857224855e-16,0.45038148235729386,4.813701823147399e-18,5.922770964545782e-16,1.5533156983875394,4.0997570753521104e-16,5.3706817687112645e-14,0.6041377775946412,3.6192738786294925e-15,4.560285087073161e-13,0.7280648079106632,1.0599592168232083e-14,1.4097457583748672e-12,3.89080592970363,5.269204481546392e-18,6.9026578708257735e-16,3.070446346625378,9.044445868078014e-18,1.0220223830928157e-15,0.11990411708380355,0.015205074947262165,0.38423004917344034,-0.11122437212640118,0.7938513827119553,1.0,0.4764097911637405,5.269204481546392e-18,6.059585153778351e-16,-1.8240945994135913,0.0004472149047655647,0.025044034666871624,-2.289174708770357,1.364601510918224e-05,0.0008051148914417522,0.8211518748965568,3.4763634582368035e-08,2.954908939501283e-06,-0.8211518748965568,3.4763634582368035e-08,2.954908939501283e-06,0.6140892693250756,9.044445868078014e-18,1.0220223830928157e-15,-0.6140892693250756,9.044445868078014e-18,1.0220223830928157e-15,,,,,,,-7.772856063842774,3.896559845095909e-18,6.857945327368801e-16
gold_sweep,1618590c838f,ProposedA,OracleTargetTreated,25,25,2000,10,0.3,4.310721939006012,0.8074259698863339,4.167376614097332,100,0.6669073552348954,6.735020034614832,0.2551101163897824,100,0.6451566373439535,0.49254490977680054,0.5299752456209075,100,0.0561675968470941,0.8123085763868695,0.12198636715901418,100,0.49943096423096434,0.10970523032864186,0.5145086565086565,100,0.3485512312312313,0.08262298300905875,0.3571151151151151,100,0.5149962066385965,0.110108867245169,0.5313849606361224,100,-0.4304905438930909,5.374785773729973,0.5483689816458461,89,0.3570339998931278,1.0138806060714105,0.5866275543076954,85,0.30830618294990836,1.170600969396895,0.6053759069489021,83,5.00987663611115,7.063483874491394,4.364859890342454,100,4.152005873776107,6.951238427773987,3.5294926090951186,100,1.1221758703660507,0.35192917293619075,1.1218485523409742,100,-0.306306268087688,2.531268538622743,-0.25670874145789435,100,0.2680902744395497,0.10901915032145,0.274455460609543,100,0.9893976906257713,0.46296591719236757,0.8854967214338509,100,2.2600498979552985,1.1567370579292642,1.955724049984989,100,3.1979485248959194,4.016748559858635,2.704089299784342,100,0.49085647545688266,0.4249532090877252,0.46026943653545915,100,0.8788218081812496,3.6211652521596185,0.581517528641507,100,0.6624605902812029,0.1915394337649294,0.6327933703660262,100,0.3110317058222996,0.25564871417309504,0.27915370859100364,100,10.73,4.681480815539313,11.0,100,,,,0,,,,0,25.14986613512039,8.953899243565655,21.00685203075409,100,-3.5304391242228643,4.813701823147399e-18,5.922770964545782e-16,0.9663965997794064,0.2833800008206221,1.0,-5.005019790512061,8.777880718979924e-18,1.17623601634331e-15,0.9663965997794064,0.2833800008206221,1.0,0.20673014661014666,1.3489339428091349e-16,8.228497051135722e-15,0.14915503503503505,1.0706319350413213e-16,6.53085480375206e-15,0.21012478729346318,1.0104199612316775e-16,6.163561763513233e-15,0.600648847273328,1.7311460491190307e-14,1.295376084182203e-12,0.24044777168894313,3.1645689745318216e-14,2.6582379386067303e-12,0.3249144606893351,3.7521131874257035e-13,2.4013524399524502e-11,1.8963779169498955,1.9809780081603543e-15,1.2678259252226268e-13,1.4964025649911523,7.245464848115237e-16,4.564642854312599e-14,0.33018112313950077,6.356011702128781e-08,4.06784748936242e-06,-1.1808171473161169,0.037194304323534086,1.0,0.1576045251708446,1.698310160677352e-16,1.0699354012267318e-14,-4.708593757197963,2.3413085997284582e-17,2.9266357496605726e-15,-5.1300908969386265,5.816713162471362e-17,7.212724321464489e-15,1.2899628036086606,7.963614596212059e-14,8.998884493719627e-12,-1.2899628036086606,7.963614596212059e-14,8.998884493719627e-12,0.29928051299823044,7.245464848115237e-16,4.564642854312599e-14,-0.29928051299823044,7.245464848115237e-16,4.564642854312599e-14,0.3110317058222996,3.896559845095909e-18,2.6496606946652183e-16,10.73,3.685444097649061e-18,1.1412741953993914e-16,17.078849897384643,3.896559845095909e-18,6.857945327368801e-16
gold_sweep,1618590c838f,ProposedB_LinearStepB,OracleTargetTreated,25,25,2000,10,0.3,4.574447695087824,0.9603424776726038,4.437996979921458,100,0.7569459137902383,6.795535344414683,0.2598514960334398,100,0.7401630860093676,0.5535552860708037,0.6192614286292752,100,0.146206155402437,0.9155361481606268,0.14933978718553828,100,0.4255550864750866,0.14019370705488066,0.449026979026979,100,0.29430874874874874,0.10106239277972251,0.30916916916916914,100,0.4398157561745692,0.14254232944437967,0.45941732544534314,100,-0.5999736272470038,6.082525562476725,0.5180962183807318,89,0.3071647929484005,0.9596326970956713,0.5460381734541132,85,0.2212743417776932,1.3059533768339036,0.5579394935330434,83,4.380866234736425,6.846623779539296,4.328877432656771,100,3.6481933294908204,6.800264252180195,3.46202840536786,100,0.8822241215232465,0.3717807341988802,0.8228543106295643,100,0.0817226250632399,3.2405571419761716,-0.07381541524516864,100,0.20860237126526748,0.11126464428743198,0.20668946262577997,100,1.1681511528052648,0.6762221485888009,0.9681065073357287,100,2.6350503117076145,1.640606906735641,2.2247167597570714,100,3.1498474541864567,4.011842024958245,2.697566479229982,100,0.5389575461663454,0.47822036255136974,0.4925943873729509,100,0.7780592993241924,3.6395504499410554,0.42260831218043016,100,0.7632230991382599,0.25295792165535613,0.7151793503577281,100,0.24060417951009141,0.23244628244340051,0.15934031531513498,100,18.54,8.563983779866597,21.5,100,4.886737859422999,3.277940165709162,4.114557102237397,100,10.0,0.0,10.0,100,61.18518970966339,10.710834828919994,60.66330289840698,100,-3.266713368141052,6.12472726248735e-18,6.185974535112224e-16,1.0564351583347493,0.255084772503005,1.0,-4.910013341846645,5.816713162471362e-17,5.816713162471362e-15,1.0564351583347493,0.255084772503005,1.0,0.13285426885426888,2.5640148638462555e-10,1.0256059455385021e-08,0.09491255255255254,1.8753537947775016e-10,7.313879799632256e-09,0.13494433682943588,2.0057374631634268e-10,8.022949852653708e-09,0.4311657639194153,1.6742519993682672e-10,7.701559197094029e-09,0.190578564744216,3.0977152620333774e-09,1.3010404100540185e-07,0.23788261951712,8.340406656270967e-09,3.169354529382968e-07,1.2673675155751698,5.196491457758375e-10,2.084417452939444e-08,0.9925900207058657,1.8141414973495871e-09,7.256565989398349e-08,0.0902293742966965,0.03109696724673547,0.6530363121814449,-0.7927882541651888,0.1890346959482626,1.0,0.09811662199656229,3.8833751486923826e-11,1.4756825565031054e-09,-4.5298402950184675,5.1755353272287037e-17,5.744844213223861e-15,-4.755090483186311,4.880034421013085e-16,5.514438895744786e-14,1.241861732899198,9.362381420864933e-13,9.456005235073582e-11,-1.241861732899198,9.362381420864933e-13,9.456005235073582e-11,0.19851800414117307,1.8141414973495871e-09,7.256565989398349e-08,-0.19851800414117304,1.8141414973495871e-09,7.256565989398349e-08,0.24060417951009141,3.896559845095909e-18,2.6496606946652183e-16,18.54,7.849263765051645e-17,6.27935760847387e-16,53.11417347192764,3.896559845095909e-18,6.857945327368801e-16
gold_sweep,1618590c838f,ProposedB_SourceDR,FeasibleRestricted,25,25,2000,10,0.3,7.128262682831613,3.340380683124539,6.002646517250352,100,-0.6279750177709638,3.216663774360658,-0.7418548400838276,100,4.823847193480657,4.126693319252513,4.014634005092235,100,-1.238714776158765,6.243735383439385,-0.8762223397203011,100,0.4210012202067815,0.12876868903432306,0.43742479142479146,100,0.2910563003794209,0.09298055191299034,0.2991923423415658,100,0.4344016912218156,0.13086521447409533,0.44865675940016236,100,-0.5912138014752418,5.991641882725479,0.5100291787465053,89,0.31560563004741005,0.885037011299075,0.5150156945728495,85,0.25507231931928676,1.0549000691671984,0.5582389837168865,83,4.345220211232011,6.864922121865738,4.025745178107644,100,3.5927402681000817,6.856153386654788,3.2879547734263825,100,1.1756805838182618,0.7069853368693805,1.0064919298597577,100,0.9699716522914992,6.0955847744320355,0.348496497918112,100,0.19062722759679776,0.10174198119754668,0.18338932504041722,100,4.950960569483464,4.008181039740432,4.014634005092236,100,7.015150974090948,4.6822100790350705,6.012810707274523,100,1.7067180165786637,3.892636341705522,1.5153024268007849,100,1.982086983774139,2.3050487061314975,1.2562129033198932,100,0.7669686870460444,3.63028452852991,0.49076153878778705,100,0.7743137114164078,0.2769535587075738,0.715605946117523,100,0.1752229534351009,0.20246481511458753,0.09630753026302993,100,13.87,7.499030240334716,13.0,100,4.886737859423002,3.277940165709169,4.114557102237395,100,10.0,0.0,10.0,100,63.094657380580905,21.317452025388455,57.92339217662811,100,-0.7128983803972619,0.16480744054104957,1.0,-0.32848577322645267,0.5202456779483677,1.0,-0.8263292343753565,0.288034904457934,1.0,-0.3284857732264526,0.5202456779483677,1.0,0.1283004025859639,7.632229041158921e-09,2.442313293170855e-07,0.09166010418322462,7.3265649340269615e-09,2.3445007788886277e-07,0.12953027187668226,9.548258851052974e-09,2.959960243826422e-07,0.4399255896911772,1.701718689701946e-08,6.466531020867395e-07,0.1990194018432255,4.596578584693697e-08,1.7466998621836048e-06,0.27168059705871356,2.110028333244953e-07,7.596101999681831e-06,1.231721492070755,3.7858393027265395e-09,1.325043755954289e-07,0.9371369593151264,9.35634467395059e-09,3.2747206358827065e-07,0.3836858365917118,1.1844759453900242e-05,0.0006040827321489123,0.09546077306307037,0.7938513827119553,1.0,0.08014147832809265,1.3571797346865746e-07,2.985795416310464e-06,-0.7470308783402693,0.35322723435597647,1.0,-0.3749898208029767,0.7753522914731348,1.0,-0.2012677047085959,0.8933277151725947,1.0,0.20126770470859584,0.8933277151725947,1.0,0.1874273918630253,9.35634467395059e-09,3.2747206358827065e-07,-0.1874273918630253,9.35634467395059e-09,3.2747206358827065e-07,0.1752229534351009,3.896559845095909e-18,2.6496606946652183e-16,13.87,1.1819713560495577e-17,1.7729570340743365e-16,55.02364114284515,3.896559845095909e-18,6.857945327368801e-16
gold_sweep,1618590c838f,ProxyOnly,FeasibleRestricted,25,25,2000,10,0.3,7.841161063228876,4.151691921995452,6.237465002034446,100,-0.29948924454451104,8.221542997875126,0.3026778989518561,100,5.650176427856013,4.83867610967808,4.06060303192739,100,-0.9102290029323121,7.40424635587793,-1.2437364165599187,100,0.2927008176208176,0.14540420524765632,0.2937235137235138,100,0.19939619619619622,0.10103094624003249,0.19815215215215215,100,0.30487141934513334,0.14286157714515224,0.3006707352368769,100,-1.0311393911664188,7.308698995020519,0.39797568151246265,89,0.11658622820418453,1.180022556875377,0.44506301588369307,85,-0.016608277739426816,1.7733731637313446,0.48960193416415426,83,3.1134987191612553,6.916504408265498,2.6538358221027707,100,2.6556033087849555,6.8423745405445775,2.2711675498086628,100,0.7919947472265502,0.46223395099566605,0.7594916420995176,100,0.8745108792284291,6.185628418960448,0.7213447435687583,100,0.11048574926870514,0.08629205028297694,0.08970894742982821,100,5.697991447823732,4.794370675414078,4.060603031927391,100,7.3901407948939255,5.246928365754125,5.688706752241144,100,1.907985721287259,4.526894904852687,1.9750230985065138,100,1.7808192790655435,2.1461858861046115,1.2126108963557056,100,0.579541295183019,3.6253509533471524,0.24641032808008018,100,0.9617411032794333,0.3130771393359864,0.8832792168686912,100,0.0,0.0,0.0,100,0.0,0.0,0.0,100,,,,0,,,,0,8.071016237735748,1.057346650583825,8.189446449279785,100,,,,,,,,,,,,,,,,,,,,,,,,,,,,,,,,,,,,,,,,,,,,,,,,,,,,,,,,,,,,,,,,,,,,,,,,
gold_sweep,1618590c838f,TargetOnlyDR,OracleTargetTreated,25,25,2000,10,0.3,4.357806338470982,0.8364657000769992,4.284094144303947,100,0.5851983226758267,6.778230282136187,0.24428181848437663,100,0.6572642169126327,0.42587863585250957,0.6263477936687141,100,-0.025541435711974605,0.7855402646074748,-0.005036632999331769,100,0.4782308684708685,0.11326834218168522,0.49325965925965926,100,0.3327213213213214,0.08505875196904356,0.34226426426426426,100,0.4941852774561857,0.11376938276865028,0.5103497874035441,100,-0.45510458037934576,5.455049333640962,0.5362213558823811,89,0.3681262808332513,0.7930414074540346,0.6015855926812661,85,0.2648233799291717,1.2932127281660413,0.6236160732374572,83,4.782511745766118,7.024337463212223,4.562546516419533,100,4.01366835712125,6.921621590462159,3.5786312314783886,100,1.0560113584944295,0.3344068288788219,1.056513972837958,100,-0.04276882228193196,2.526681975123931,0.07658522897335884,100,0.24984259054345348,0.11315809822303345,0.2515053417902062,100,0.9671117212714339,0.4437252527705642,0.9241603817946447,100,2.187029800873224,1.0829518950410069,1.9524994964221791,100,3.1903212066901507,4.006396432726202,2.6982733999259434,100,0.4984837936626508,0.42639626985259454,0.4923515365968012,100,0.8511543048502784,3.616605417337871,0.5052003436884203,100,0.6901280936121743,0.2014650157336568,0.6554511997794561,100,0.0,0.0,0.0,100,0.0,0.0,0.0,100,,,,0,,,,0,22.254292306900023,2.933682415237069,21.34738278388977,100,-3.483354724757892,4.813701823147399e-18,5.922770964545782e-16,0.8846875672203377,0.313728575022711,1.0,-4.992912210943381,1.3329700507875106e-17,1.5995640609450127e-15,0.8846875672203376,0.313728575022711,1.0,0.18553005085005084,6.114697274470501e-15,3.1796425827246606e-13,0.13332512512512515,4.405428848631553e-15,2.290823001288408e-13,0.18931385811105247,4.405428848631553e-15,2.290823001288408e-13,0.5760348107870732,4.111029177945345e-13,2.5077277985466606e-11,0.25154005262906654,3.962244063802355e-12,2.0603669131772245e-10,0.2814316576685985,7.95377035781141e-11,3.897347475327591e-09,1.6690130266048624,4.816144054657832e-14,2.5043949084220727e-12,1.3580650483362948,3.6981696794020436e-14,1.886066536495042e-12,0.2640166112678791,8.084056448901311e-06,0.0004284549917917695,-0.9172797015103609,0.06788785377988543,1.0,0.13935684127474837,2.0366656656333666e-15,1.038699489473017e-13,-4.730879726552299,1.903450784800175e-17,2.4173824966962223e-15,-5.2031109940207,9.535497985106279e-17,1.1442597582127535e-14,1.2823354854028925,5.5966114048201654e-14,6.659967571735997e-12,-1.2823354854028923,5.5966114048201654e-14,6.659967571735997e-12,0.2716130096672589,3.6981696794020436e-14,1.886066536495042e-12,-0.2716130096672589,3.6981696794020436e-14,1.886066536495042e-12,0.0,,,0.0,,,14.183276069164275,3.896559845095909e-18,6.857945327368801e-16
gold_sweep,2c282663d26e,AnchorOnly,infeasible_no_target_treated,100,0,2000,10,0.3,,,,0,,,,0,,,,0,,,,0,,,,0,,,,0,,,,0,,,,0,,,,0,,,,0,,,,0,,,,0,,,,0,,,,0,,,,0,,,,0,,,,0,,,,0,,,,0,,,,0,,,,0,,,,0,,,,0,,,,0,,,,0,0.0,0.0,0.0,100,,,,,,,,,,,,,,,,,,,,,,,,,,,,,,,,,,,,,,,,,,,,,,,,,,,,,,,,,,,,,,,,,,,,,,-12.363967957496643,3.896559845095909e-18,6.857945327368801e-16
gold_sweep,2c282663d26e,AnchorPlugin,FeasibleRestricted,100,0,2000,10,0.3,6.0290775721463215,2.6821918979017862,5.14312631996891,100,-0.554381101947223,5.298407629271736,-0.666639907488241,100,4.233329192449378,3.1355423007561347,3.5520961468676386,100,0.4188398052211614,5.268446049031414,0.44410092529951084,100,0.6188007083607083,0.12682069361712442,0.640974016974017,100,0.44507803803803797,0.10307673155056855,0.45845445445445454,100,0.6344928407426523,0.12686906513589444,0.6553783033337792,100,0.19946389097116787,2.627724948902395,0.6818202483421871,86,-0.6599390037966991,10.091785835349782,0.7032695060205854,81,0.10881689028016621,2.7242571045400563,0.7315794028503058,78,4.475723269970786,6.73426058547869,5.3122178758529595,100,3.4090583869266857,6.782301836355122,4.290414234589364,100,0.9266299820385703,0.22990539955889588,0.8979156082177475,100,-0.20388403844421887,5.051272595778716,0.05334903816566436,100,0.41506969641622915,0.14837190080986393,0.42541117733999706,100,4.268564541085875,3.094251183228477,3.552096146867638,100,5.546869780932958,3.579602608405841,4.732166420371689,100,2.243644865903976,4.365947388144328,2.275891541417585,100,1.1438379573362183,1.155335043110746,0.7954274495610667,100,1.225241832813909,4.331918208764503,1.5936597947312645,100,0.5024297531642694,0.22654271717255434,0.4335599193104256,100,0.023476308971325313,0.017302039022266683,0.020032986036281456,100,27.78,2.258899347608535,28.0,100,,,,0,,,,0,9.820311110019684,3.7296558035663754,9.064245343208313,100,-1.4544649342568372,9.943633856302614e-09,5.866743975218543e-07,0.37461704406203367,0.2787763214683321,1.0,-1.2108412650415297,0.00033117161787315586,0.01920795383664304,0.3746170440620337,0.2787763214683321,1.0,0.171552490992491,9.893009181510365e-18,9.101568446989535e-16,0.1340601001001001,1.2938800168252932e-17,1.1256756146380051e-15,0.1726573834230431,1.1485179010089616e-17,1.0566364689282447e-15,0.4258953820001283,6.175358605378158e-15,5.19562877887092e-13,1.9017727615514577,1.0475138720054762e-14,1.1103647043258048e-12,0.5338273323230859,3.371463947366992e-14,3.6074247438733017e-12,1.5290396085995948,2.0762237175488676e-16,1.536405550986162e-14,1.2349093902064758,3.3344510234599337e-17,3.0343504313485396e-15,-0.09250806936048442,0.009433383853358793,0.273568131747405,-0.6890055408684844,0.14774720853713422,1.0,0.19156427714064223,9.601770743442903e-18,9.121682206270757e-16,-1.2397601136836114,0.00021013147514216076,0.012397757033387484,-1.5120952408904174,4.82181586788552e-05,0.0027002168860158914,0.41564638975353324,4.082877778427718e-08,3.3887885560950062e-06,-0.41564638975353324,4.082877778427718e-08,3.3887885560950062e-06,0.24698187804129507,3.3344510234599337e-17,3.0343504313485396e-15,-0.24698187804129507,3.3344510234599337e-17,3.0343504313485396e-15,0.023476308971325313,3.896559845095909e-18,2.6496606946652183e-16,27.78,2.7454358714235755e-18,1.0804181754287811e-16,-2.543656847476959,5.311468043336473e-10,1.0622936086672945e-08
gold_sweep,2c282663d26e,DRLearner_PooledNoSite,infeasible_no_target_treated,100,0,2000,10,0.3,,,,0,,,,0,,,,0,,,,0,,,,0,,,,0,,,,0,,,,0,,,,0,,,,0,,,,0,,,,0,,,,0,,,,0,,,,0,,,,0,,,,0,,,,0,,,,0,,,,0,,,,0,,,,0,,,,0,,,,0,,,,0,0.0,0.0,0.0,100,,,,,,,,,,,,,,,,,,,,,,,,,,,,,,,,,,,,,,,,,,,,,,,,,,,,,,,,,,,,,,,,,,,,,,-12.363967957496643,3.896559845095909e-18,6.857945327368801e-16
gold_sweep,2c282663d26e,DRLearner_PooledWithSite,infeasible_no_target_treated,100,0,2000,10,0.3,,,,0,,,,0,,,,0,,,,0,,,,0,,,,0,,,,0,,,,0,,,,0,,,,0,,,,0,,,,0,,,,0,,,,0,,,,0,,,,0,,,,0,,,,0,,,,0,,,,0,,,,0,,,,0,,,,0,,,,0,,,,0,0.0,0.0,0.0,100,,,,,,,,,,,,,,,,,,,,,,,,,,,,,,,,,,,,,,,,,,,,,,,,,,,,,,,,,,,,,,,,,,,,,,-12.363967957496643,3.896559845095909e-18,6.857945327368801e-16
gold_sweep,2c282663d26e,EntropyBalancing,FeasibleRestricted,100,0,2000,10,0.3,7.956125039484508,4.172501907766567,6.483440832056071,100,-0.06625429504854444,6.151623312306584,0.19043966407463697,100,6.015460615975735,4.5879362442503275,4.642344647967668,100,0.9069666121198398,7.534556442565806,0.5278103782628036,100,0.5324843148443149,0.18603685992995703,0.5787396567396568,100,0.3796575375375376,0.14238750395015204,0.40691491491491494,100,0.5483903623778571,0.18857457086771542,0.593705673309141,100,-0.11736547122446035,4.72103481033421,0.6166114944787661,86,-1.267431101053138,14.229814589717774,0.6317141148529036,81,-0.23712378476020946,4.408057293786278,0.6500306876057493,78,3.720399554867005,7.03087270022317,4.714702861281426,100,2.7594316641244565,6.987381782953816,3.5812251249333986,100,0.6081124014720828,0.2605174936542275,0.6178147965541934,100,-0.6354010970498548,6.275342545460592,-0.26779773288477005,100,0.3351898687687777,0.1823858400175838,0.34516782893476095,100,6.223952541909037,4.418968997220704,4.701472830027781,100,9.520421817785358,5.899475931817042,7.661265777726372,100,1.5581414633436685,4.511280425316714,1.9054473565351453,100,1.8293413598965256,1.9364354461253424,1.142579970995103,100,1.0953164882534627,4.305121207590634,1.5736641354941578,100,0.6323550977247152,0.3396924374803468,0.5283476555469682,100,,,,0,,,,0,,,,0,,,,0,9.608799638748168,2.325536314226036,10.061393857002258,100,0.47258253308134957,0.579872956766072,1.0,0.8627438509607123,0.21451884959596101,1.0,0.5712901584848287,0.43509678080987746,1.0,0.8627438509607122,0.21451884959596101,1.0,0.08523609747609749,3.880722386529559e-06,8.925661489017986e-05,0.0686395995995996,1.700125535642449e-06,3.910288731977633e-05,0.08655490505824791,3.2320821098517744e-06,7.433788852659081e-05,0.10906601980450001,3.3464346480132355e-06,8.700730084834412e-05,1.2942806642950189,7.215719609206823e-07,2.5976590593144563e-05,0.18788665728271017,3.937259993770622e-06,0.00011811779981311866,0.773715893495813,9.772026044186042e-07,2.4430065110465103e-05,0.5852826674042465,1.431762955460767e-06,3.7225836841979946e-05,-0.4110256499269719,1.631012778441796e-15,2.006145717483409e-13,-1.1205225994741208,0.26674963862647005,1.0,0.11168444949319073,1.7815638335758427e-08,4.632065967297191e-07,0.7156278871395502,0.2833800008206221,1.0,2.461456795961984,0.0022125636913517266,0.08000478828292462,-0.26985701280677393,0.7779874954111793,1.0,0.26985701280677393,0.7779874954111793,1.0,0.11705653348084921,1.431762955460767e-06,3.7225836841979946e-05,-0.11705653348084921,1.431762955460767e-06,3.7225836841979946e-05,,,,,,,-2.755168318748474,1.6712533834681047e-06,1.0027520300808628e-05
gold_sweep,2c282663d26e,IPWTransport,FeasibleRestricted,100,0,2000,10,0.3,5.4019331220119895,3.4267971765193703,4.395845426358893,100,0.008446762326487604,5.957022210033111,0.04625848403263662,100,3.884934531831618,3.5233597913404435,3.1597202334677155,100,0.9816676694948719,5.1658326287062915,0.0790533290373936,100,0.7130858825258827,0.17653822115022397,0.7657306777306777,100,0.5370543743743744,0.15362949272774903,0.5724144144144144,100,0.7261616770917892,0.17555246701557164,0.7770032987698587,100,0.3957822277224668,2.418999417278677,0.7754870569284524,86,-0.16637688035014425,7.14467028697254,0.7814898431576253,81,0.29715449708030717,3.040713174135107,0.7791670087338501,78,5.179993477569633,7.301620571055482,6.026158602017607,100,3.944345900990029,7.2155880264273025,4.830129991988164,100,0.8556296775261234,0.1987231984706341,0.8980450578439674,100,-0.8507320421745338,5.0960915082621785,-0.12809899226011384,100,0.556840334564274,0.212409367646832,0.6030971932276655,100,3.94082180147648,3.4820880971193025,3.1597202334677164,100,5.215369940178441,4.044332102593048,4.165326598584227,100,2.373614485033094,4.246328111242601,2.261218740282639,100,1.0138683382071,1.9712465047601408,0.5147588888473384,100,1.332299335626577,4.282680844520514,1.8396631963280043,100,0.3953722503516006,0.3679036737029698,0.2935466748971959,100,,,,0,,,,0,,,,0,,,,0,3.9245608496665954,1.092064125434282,3.872490167617798,100,-2.0816093843911685,8.802829448829762e-09,5.369725963786155e-07,0.937444908335744,0.07051956353395923,1.0,-1.559235925659289,0.0005492396394109354,0.03075741980701238,0.9374449083357443,0.07051956353395923,1.0,0.26583766515766516,5.020142338158485e-16,3.0120854028950905e-14,0.22603643643643648,4.3571215496604904e-16,2.6142729297962944e-14,0.26432621977217996,5.782369267221539e-16,3.411597867660708e-14,0.6222137187514272,2.1254135186998363e-15,2.2104300594478298e-13,2.3953348849980127,1.460154971878368e-14,1.474756521597152e-12,0.7221649391232267,5.3359039363928435e-14,5.015749700209273e-12,2.233309816198443,2.5413138381742492e-15,1.5756145796680346e-13,1.7701969042698193,1.7728365833323264e-15,1.0459735841660726e-13,-0.16350837387293143,0.00015763718134064806,0.007566584704351106,-1.3358535445987993,0.022225841007635964,1.0,0.3333349152886869,2.46529261728969e-16,1.503828496546711e-14,-1.5675028532930069,0.0004832018361438229,0.026092899151766435,-1.843595081644934,0.0003583721548458866,0.017201863432602556,0.5456160088826515,1.2384477653694487e-06,9.040668687196976e-05,-0.5456160088826515,1.2384477653694487e-06,9.040668687196976e-05,0.35403938085396375,1.7728365833323264e-15,1.0459735841660726e-13,-0.35403938085396375,1.7728365833323264e-15,1.0459735841660726e-13,,,,,,,-8.439407107830048,3.896559845095909e-18,6.857945327368801e-16
gold_sweep,2c282663d26e,OutcomeModelTransport,FeasibleRestricted,100,0,2000,10,0.3,5.422966626427858,3.444949458378839,4.40789095270342,100,0.004442431512275133,5.975793033779292,0.040307742468421934,100,3.912677400071438,3.539977037671168,3.131724784370764,100,0.9776633386806596,5.199003584234692,0.3781174057664045,100,0.7128182526182526,0.17698787175716932,0.7626419346419347,100,0.5368615815815816,0.153989981744064,0.5697357357357358,100,0.7260136028149523,0.175521870048379,0.7760774361831375,100,0.39457675370586165,2.4192163820166512,0.7760583248579032,86,-0.16851797679370759,7.1452383370100785,0.7762054204880061,81,0.3069846989516642,2.983058162886195,0.7748587976511714,78,5.171051911475782,7.3285311379362295,5.972428817836467,100,3.9402122268386286,7.215233357217065,4.79133236551734,100,0.8551169078937662,0.20109496209771205,0.8973652014065014,100,-0.8553220167092929,5.1032098299025765,0.033954093270042174,100,0.5566107411735411,0.21240649748945267,0.6013750948633371,100,3.970302630771918,3.4974735806033,3.131724784370765,100,5.238298226497051,4.097850048973549,4.135326562210103,100,2.36198087149194,4.254360169865645,2.253600027485449,100,1.0255019517482538,2.0476692809995405,0.5166135701546528,100,1.3314726007962974,4.282149689728834,1.818958646707243,100,0.39619898518188057,0.36776020197247633,0.295288397978655,100,,,,0,,,,0,,,,0,,,,0,0.4790909957885742,0.18261602973413893,0.4408649206161499,100,-2.0605758799753002,9.35634467395059e-09,5.613806804370354e-07,0.9334405775215318,0.0658411207762095,1.0,-1.5314930574194685,0.0005706338510316414,0.03138486180674028,0.9334405775215316,0.0658411207762095,1.0,0.26557003525003525,5.020142338158485e-16,3.0120854028950905e-14,0.22584364364364365,4.482425417016148e-16,2.6446309960395272e-14,0.2641781454953431,5.782369267221539e-16,3.411597867660708e-14,0.6210082447348219,2.1254135186998363e-15,2.2104300594478298e-13,2.3931937885544494,1.460154971878368e-14,1.474756521597152e-12,0.7319951409945838,5.543127644823669e-14,5.155108709686012e-12,2.2243682501045923,2.6856063057638546e-15,1.6382198465159512e-13,1.7660632301184191,1.7728365833323264e-15,1.0459735841660726e-13,-0.16402114350528854,0.00015763718134064806,0.007566584704351106,-1.3404435191335582,0.02325042905695826,1.0,0.33310532189795433,2.46529261728969e-16,1.503828496546711e-14,-1.5380220239975677,0.0005422759138800561,0.028740623435642973,-1.8206667953263242,0.00034452085377202716,0.01688152183482933,0.5339823953414978,1.2165144649875899e-06,9.023899346197077e-05,-0.5339823953414978,1.2165144649875899e-06,9.023899346197077e-05,0.3532126460236838,1.7728365833323264e-15,1.0459735841660726e-13,-0.3532126460236838,1.7728365833323264e-15,1.0459735841660726e-13,,,,,,,-11.884876961708068,3.896559845095909e-18,6.857945327368801e-16
gold_sweep,2c282663d26e,ProposedA,infeasible_no_target_treated,100,0,2000,10,0.3,,,,0,,,,0,,,,0,,,,0,,,,0,,,,0,,,,0,,,,0,,,,0,,,,0,,,,0,,,,0,,,,0,,,,0,,,,0,,,,0,,,,0,,,,0,,,,0,,,,0,,,,0,,,,0,,,,0,,,,0,,,,0,0.0,0.0,0.0,100,,,,,,,,,,,,,,,,,,,,,,,,,,,,,,,,,,,,,,,,,,,,,,,,,,,,,,,,,,,,,,,,,,,,,,-12.363967957496643,3.896559845095909e-18,6.857945327368801e-16
gold_sweep,2c282663d26e,ProposedB_LinearStepB,infeasible_no_target_treated,100,0,2000,10,0.3,,,,0,,,,0,,,,0,,,,0,,,,0,,,,0,,,,0,,,,0,,,,0,,,,0,,,,0,,,,0,,,,0,,,,0,,,,0,,,,0,,,,0,,,,0,,,,0,,,,0,,,,0,,,,0,,,,0,,,,0,,,,0,0.0,0.0,0.0,100,,,,,,,,,,,,,,,,,,,,,,,,,,,,,,,,,,,,,,,,,,,,,,,,,,,,,,,,,,,,,,,,,,,,,,-12.363967957496643,3.896559845095909e-18,6.857945327368801e-16
gold_sweep,2c282663d26e,ProposedB_SourceDR,FeasibleRestricted,100,0,2000,10,0.3,7.158947496433581,3.867351435265932,6.041557574077539,100,-0.11067084864876803,2.574357854080766,-0.2298324968656182,100,4.841926379821422,4.497189896132071,3.8057578090362534,100,0.8625500585196165,6.569191043505493,0.15027439798296505,100,0.39721519415380974,0.12470944494049897,0.4107868707868708,100,0.27394127864215956,0.08933775929773038,0.2832012012012012,100,0.4118132337807781,0.12770445516167822,0.4285770278137361,100,-0.5231131601389442,6.059259859045666,0.45236667831135946,86,-2.8413651474664476,26.365727945998305,0.4590138546348711,81,-0.5772915119634343,5.138785926109199,0.508462195684861,78,2.4584277751960695,7.174214536748489,3.517571794644879,100,1.7764128217762976,7.0923569482598445,2.6072862898995552,100,1.1111546783989332,0.5978686795768062,0.9671145837649513,100,-1.056104753981972,6.356155672516761,0.0492426539232103,100,0.16882282526053152,0.09516144847239795,0.16117063916996466,100,4.922414917231055,4.427186889088065,3.805757809036254,100,6.624719351172853,4.7155662833180765,5.724132207694252,100,1.3717853485259335,4.636696752112749,1.455461235266861,100,2.015697474714261,2.07734112964608,1.346697376125924,100,0.8987127197838314,4.271932830621929,1.3685697638848051,100,0.8289588661943468,0.3170939428799503,0.7700783091306602,100,0.017305197160607827,0.01318700091391018,0.014619224467458267,100,27.69,2.4108131827290564,28.0,100,4.284436014304998,2.556353801625378,3.737224016910992,100,10.0,0.0,10.0,100,95.4561451625824,24.45821070679157,93.9102817773819,100,-0.3245950099695786,0.22354068509721836,1.0,0.8183272973604887,0.288034904457934,1.0,-0.6022440776694846,0.170097181820957,1.0,0.8183272973604886,0.288034904457934,1.0,-0.05003302321440768,0.00475966539313037,0.05711598471756444,-0.03707665929577839,0.004414265589679152,0.052971187076149825,-0.05002222353883114,0.005642716048316827,0.06771259257980192,-0.296681669109984,0.06692137568748482,0.6692137568748482,-0.27965338211829155,0.009675928258675469,0.14513892388013203,-0.15228106992051466,0.017392233178991426,0.22609903132688852,-0.48825588617512194,0.022835774122669367,0.2294323488640892,-0.3977361749439119,0.007549543368832742,0.0905945204259929,0.0920166269998784,0.2637995846253631,1.0,-1.5412262564062373,0.09746437944586564,1.0,-0.05468259401505538,0.00019901189269845365,0.0025871546050798976,-0.5859097375384311,0.16169360297069757,1.0,-0.4342456706505234,0.3426319759495927,1.0,-0.456213127624509,0.1016417728502952,1.0,0.45621312762450905,0.1016417728502952,1.0,-0.07954723498878236,0.007549543368832742,0.0905945204259929,0.07954723498878236,0.007549543368832742,0.0905945204259929,0.017305197160607827,3.896559845095909e-18,2.6496606946652183e-16,27.69,2.826672217289635e-18,1.0804181754287811e-16,83.09217720508576,3.896559845095909e-18,6.857945327368801e-16
gold_sweep,2c282663d26e,ProxyOnly,FeasibleRestricted,100,0,2000,10,0.3,7.483542506403158,3.391327281969172,6.31812235987757,100,-0.9289981460092568,8.83541677110569,-0.6615056226999441,100,5.444170457490907,4.1697501790139215,4.801600340693344,100,0.04422276115912768,6.879187224971206,-0.04493938108534978,100,0.4472482173682174,0.13068031135984942,0.45334091134091137,100,0.31101793793793797,0.10053507374694734,0.31193993993993996,100,0.4618354573196091,0.13314428168204676,0.4675031320253519,100,-0.22643149102896032,3.9163554923315167,0.5151729962148914,86,-2.561711765348157,24.347868510557557,0.5498531147745122,81,-0.4250104420429196,4.496367569010771,0.5817109954052886,78,2.946683661371191,6.712432348005643,3.854188492948648,100,2.1741489967202097,6.74489753010024,2.9995372230697073,100,1.019138051399055,0.3716432916263753,1.0105021592791101,100,0.48512150242426577,7.17368909051273,0.6772573646266098,100,0.22350541927558695,0.12427731976637603,0.2084347457748446,100,5.508324654769487,4.101287427044725,4.801600340693344,100,7.058965021823374,4.5596704084708515,6.015793342188929,100,1.8279984761504429,4.579240820450439,2.1980339393130084,100,1.5594843470897515,1.8217990703247058,0.939998414722621,100,0.9782599547726137,4.34304750790983,1.3684736356792144,100,0.7494116312055642,0.2625000838560425,0.7149454794073364,100,0.0,0.0,0.0,100,0.0,0.0,0.0,100,,,,0,,,,0,12.363967957496643,4.263499618427984,11.732405543327332,100,,,,,,,,,,,,,,,,,,,,,,,,,,,,,,,,,,,,,,,,,,,,,,,,,,,,,,,,,,,,,,,,,,,,,,,,
gold_sweep,2c282663d26e,TargetOnlyDR,infeasible_no_target_treated,100,0,2000,10,0.3,,,,0,,,,0,,,,0,,,,0,,,,0,,,,0,,,,0,,,,0,,,,0,,,,0,,,,0,,,,0,,,,0,,,,0,,,,0,,,,0,,,,0,,,,0,,,,0,,,,0,,,,0,,,,0,,,,0,,,,0,,,,0,0.0,0.0,0.0,100,,,,,,,,,,,,,,,,,,,,,,,,,,,,,,,,,,,,,,,,,,,,,,,,,,,,,,,,,,,,,,,,,,,,,,-12.363967957496643,3.896559845095909e-18,6.857945327368801e-16
gold_sweep,2daa8ff6faa2,AnchorOnly,infeasible_no_target_treated,50,0,2000,10,0.3,,,,0,,,,0,,,,0,,,,0,,,,0,,,,0,,,,0,,,,0,,,,0,,,,0,,,,0,,,,0,,,,0,,,,0,,,,0,,,,0,,,,0,,,,0,,,,0,,,,0,,,,0,,,,0,,,,0,,,,0,,,,0,0.0,0.0,0.0,100,,,,,,,,,,,,,,,,,,,,,,,,,,,,,,,,,,,,,,,,,,,,,,,,,,,,,,,,,,,,,,,,,,,,,,-12.308409678936005,3.896559845095909e-18,6.857945327368801e-16
gold_sweep,2daa8ff6faa2,AnchorPlugin,FeasibleRestricted,50,0,2000,10,0.3,6.123663918065643,3.3135850579084813,4.9643579372956275,100,0.6019632942294009,5.366961873373223,1.0618358004679527,100,4.139590184617926,3.766333141852861,2.8028561048930825,100,0.496675240106351,5.589757343219488,0.9692506492495554,100,0.5838953090153091,0.15192307296157959,0.6119007119007119,100,0.418109029029029,0.11870237095931226,0.4338098098098099,100,0.6006702540503422,0.1529941821875386,0.632698377448209,100,0.2835983818283689,2.068065359227508,0.6640208960516584,88,-2.0658885912861336,22.90334706271277,0.6841820402406406,86,0.35711609586468107,0.8970038585075756,0.7394537199444936,81,5.110776541205929,8.262566577378275,5.112853748417724,100,4.1443514136705195,8.1348071779875,3.906792991616596,100,0.8830867862371392,0.2753733543570286,0.8906351759890629,100,-0.5341230782223031,5.543238911401335,-0.8634564058254661,100,0.38219429656634324,0.1612661449754886,0.40090258705082255,100,4.2104459909604595,3.704786547688959,2.8374953562396406,100,5.636327946745083,4.105754905830134,4.994665767768742,100,1.923008660583936,5.597580768747448,1.5655602234115364,100,1.1770456504191025,1.5630906232126038,0.6632853318126655,100,0.23553281947616117,4.198964615289412,-0.09168012700113415,100,0.5565496592298907,0.3407069025498266,0.4631384347589481,100,0.04892982574426884,0.03783159372158879,0.03767661330720855,100,25.12,3.5768051880882967,26.0,100,,,,0,,,,0,10.349149315357208,3.728873342776314,9.006191611289978,100,-1.1790659216515638,8.796831074091287e-07,3.782637361859253e-05,-0.43605169578291275,0.09336612979888276,1.0,-0.9011486168603186,0.005583470492122405,0.2624231131297531,-0.4360516957829128,0.09336612979888276,1.0,0.21402796314796318,1.690631665125153e-17,1.4201305987051286e-15,0.16381289289289291,1.5932071996658114e-17,1.2904978317293073e-15,0.21638535524380376,1.690631665125153e-17,1.4708495486588831e-15,0.24671344988522267,1.053082324025194e-12,6.002569246943605e-11,0.6386514231016265,1.0512018506444598e-13,7.043052399317881e-12,0.357069490762866,1.1899470510327813e-13,9.400581703158973e-12,1.7706116592948873,2.3957899977091294e-16,1.701010898373482e-14,1.4844437468329097,4.7408945782600864e-17,3.982351445738473e-15,-0.02965867909829919,0.8608010376424908,1.0,0.3223143080136878,0.36040459525358004,1.0,0.21777695813145176,2.3413085997284582e-17,1.732568363799059e-15,-0.8972254570835324,0.004862747585576055,0.20909814617977038,-1.0961163345676024,0.002263904903618766,0.08000478828292462,0.2575206242908422,0.0021848340111795517,0.08520852643600252,-0.25752062429084227,0.0021848340111795517,0.08520852643600252,0.29688874936658183,4.7408945782600864e-17,3.982351445738473e-15,-0.29688874936658183,4.7408945782600864e-17,3.982351445738473e-15,0.04892982574426884,3.896559845095909e-18,2.6496606946652183e-16,25.12,3.5227683495578546e-18,1.1412741953993914e-16,-1.9592603635787964,1.549014407132709e-08,2.3235216106990636e-07
gold_sweep,2daa8ff6faa2,DRLearner_PooledNoSite,infeasible_no_target_treated,50,0,2000,10,0.3,,,,0,,,,0,,,,0,,,,0,,,,0,,,,0,,,,0,,,,0,,,,0,,,,0,,,,0,,,,0,,,,0,,,,0,,,,0,,,,0,,,,0,,,,0,,,,0,,,,0,,,,0,,,,0,,,,0,,,,0,,,,0,0.0,0.0,0.0,100,,,,,,,,,,,,,,,,,,,,,,,,,,,,,,,,,,,,,,,,,,,,,,,,,,,,,,,,,,,,,,,,,,,,,,-12.308409678936005,3.896559845095909e-18,6.857945327368801e-16
gold_sweep,2daa8ff6faa2,DRLearner_PooledWithSite,infeasible_no_target_treated,50,0,2000,10,0.3,,,,0,,,,0,,,,0,,,,0,,,,0,,,,0,,,,0,,,,0,,,,0,,,,0,,,,0,,,,0,,,,0,,,,0,,,,0,,,,0,,,,0,,,,0,,,,0,,,,0,,,,0,,,,0,,,,0,,,,0,,,,0,0.0,0.0,0.0,100,,,,,,,,,,,,,,,,,,,,,,,,,,,,,,,,,,,,,,,,,,,,,,,,,,,,,,,,,,,,,,,,,,,,,,-12.308409678936005,3.896559845095909e-18,6.857945327368801e-16
gold_sweep,2daa8ff6faa2,EntropyBalancing,FeasibleRestricted,50,0,2000,10,0.3,7.569417419922831,4.595324401864308,6.737766839969423,100,1.2525100775379405,6.528318491868965,1.4294732207264924,100,5.59143548531886,5.003296895689254,4.649748416246474,100,1.1472220234148902,7.435288670914036,1.477736771133396,100,0.5629890817890818,0.19397782090181093,0.5908038748038749,100,0.4046893293293294,0.14962474127989553,0.41718718718718717,100,0.5803639294410665,0.19060738587044995,0.6099859579220408,100,0.18586907678744324,2.319022521082778,0.6883463049769799,88,-3.0053393099663714,30.41686978006358,0.7022920091020726,86,0.34887691718081976,0.9912349303126955,0.7383457188785285,81,5.006795906235896,8.537961739042421,5.141373271409112,100,4.018313223334746,8.352464671183244,4.39676099677094,100,0.6250298260123828,0.27159293065432116,0.6410833358525387,100,-0.6590328679912869,6.700349560507583,-1.0039084204821318,100,0.3720607869677639,0.18887827557417664,0.36812358556190716,100,5.8524653954061385,4.823184477703544,4.902647075065753,100,8.98007190314007,6.459637924858601,7.816919796153665,100,1.544107553559703,5.509781520318956,1.1687823994011426,100,1.5559467574433363,2.1958759284587277,0.6686304766907711,100,0.21032518140900647,4.206043663278929,-0.14811780603160402,100,0.5817572972970456,0.4445973144167618,0.47510497543177266,100,,,,0,,,,0,,,,0,,,,0,7.10180736541748,2.117934802420515,7.438888072967529,100,0.2666875802056249,0.7859083271789165,1.0,0.21449508752562693,0.7648376056140332,1.0,0.5506966838406155,0.36950402743405597,1.0,0.214495087525627,0.7648376056140332,1.0,0.19312173592173593,1.558314759335337e-13,7.479910844809618e-12,0.15039319319319322,6.957422823453746e-14,3.339562955257798e-12,0.19607903063452803,5.790255143573768e-14,2.7793224689154086e-12,0.148984144844297,5.162697172144558e-09,2.1167058405792688e-07,-0.30079929557861035,2.7824592605933546e-10,1.3077558524788766e-08,0.3488303120790047,1.225714529042657e-12,6.986572815543145e-11,1.6666310243248552,1.4420366559544155e-13,7.354386945367519e-12,1.3584055564971362,1.5185669321220046e-13,7.592834660610022e-12,-0.28771563932305566,1.7815638335758427e-08,1.2292790451673315e-06,0.1974045182447037,0.9369678210300386,1.0,0.20764344853287256,4.170482029930806e-15,2.085241014965403e-13,0.744793947362148,0.19488989682868574,1.0,2.247627621827382,0.0014531082007144562,0.05812432802857825,-0.12138048273339141,0.8151018852372605,1.0,0.12138048273339141,0.8151018852372605,1.0,0.2716811112994272,1.5185669321220046e-13,7.592834660610022e-12,-0.2716811112994272,1.5185669321220046e-13,7.592834660610022e-12,,,,,,,-5.206602313518524,1.3489339428091349e-16,5.260842376955626e-15
gold_sweep,2daa8ff6faa2,IPWTransport,FeasibleRestricted,50,0,2000,10,0.3,5.422152987240285,3.0442838233887666,4.714642173380483,100,0.6350798389087984,6.581322783813609,1.3786653686959107,100,3.9008332494412703,3.302527855123288,3.2894975991936453,100,0.529791784785748,5.098370113515745,0.8191564760276879,100,0.7352070285270287,0.1652594146778318,0.7812213672213673,100,0.5558327927927927,0.1421236160313572,0.5858978978978979,100,0.748339184294752,0.16487553149360323,0.7947350593335134,100,0.5026172552637762,1.6057091537358041,0.8235212872367301,88,-2.6552307944626965,30.696467286441514,0.8204523771514838,86,0.5944738044909341,0.6956074175402878,0.8317231564526553,81,6.416093597295077,8.389626519778423,6.292868809320344,100,5.14113102087178,8.258598040903824,5.136900310031835,100,0.8707765794229297,0.21409975228615183,0.880351266561246,100,-0.5532302846494733,5.054097038739424,-0.8082971145368394,100,0.586249768747714,0.19331955594743433,0.6297018686722363,100,3.961027209774141,3.2592372623321593,3.2894975991936466,100,5.29937356898033,3.804094795290788,4.437063736782015,100,2.19940299802076,5.365782107599214,1.6544825514422505,100,0.900651312982279,1.3981003543670927,0.4178215300913086,100,0.4348887409164132,4.216711356415607,0.0337934617719147,100,0.357193737789639,0.37340947689859183,0.27499163701620133,100,,,,0,,,,0,,,,0,,,,0,3.2689395713806153,0.8815831985367657,3.197977066040039,100,-1.8805768524769226,1.6358933457690357e-07,8.015877394268275e-06,-0.40293515110351513,0.40342896597006617,1.0,-1.1399055520369752,0.037194304323534086,1.0,-0.40293515110351535,0.40342896597006617,1.0,0.3653396826596827,5.112831740936498e-18,5.922770964545782e-16,0.3015366566566567,5.112831740936498e-18,5.922436857224855e-16,0.3640542854882136,5.112831740936498e-18,5.922770964545782e-16,0.46573232332062986,3.318726144086675e-14,2.289921039419806e-12,0.04930921992506422,1.4546167075230788e-13,9.309546928147704e-12,0.5944271993891189,7.483074600061314e-14,6.4354441560527304e-12,3.0759287153840353,4.8816168731894246e-17,4.588719860798059e-15,2.481223354034169,5.816713162471362e-17,4.711537661601803e-15,-0.0419688859125087,0.5405233196725827,1.0,0.30320710158651737,0.5202456779483677,1.0,0.42183243031282236,4.670683307897806e-18,5.922770964545782e-16,-1.1466442382698505,0.03596011333236085,1.0,-1.4330707123323563,0.013173940802528346,0.32934852006320864,0.5339149617276657,0.00023729470092941874,0.012339324448329775,-0.5339149617276658,0.00023729470092941874,0.012339324448329775,0.4962446708068338,5.816713162471362e-17,4.711537661601803e-15,-0.4962446708068338,5.816713162471362e-17,4.711537661601803e-15,,,,,,,-9.03947010755539,3.896559845095909e-18,6.857945327368801e-16
gold_sweep,2daa8ff6faa2,OutcomeModelTransport,FeasibleRestricted,50,0,2000,10,0.3,5.417104911317363,3.0412804240413807,4.697094833064051,100,0.6097944585595175,6.553538161035901,1.1917308869192547,100,3.892071706917613,3.3007182225441847,3.2779331047124414,100,0.5045064044364673,5.093022443754387,0.7979026393220523,100,0.7350817932817933,0.16474040840435028,0.781037653037653,100,0.5556479279279278,0.14178784788644191,0.5857057057057058,100,0.7482256422457171,0.16432970478291903,0.7946436875100754,100,0.4999840814633644,1.6246599422533792,0.823026361708162,88,-2.654203277146416,30.69653960351328,0.8209585818515246,86,0.5975869715320914,0.6852120930804206,0.8354605819671374,81,6.413480268921596,8.388574566469378,6.2928688093203435,100,5.142363773871903,8.251015213458162,5.096924567945246,100,0.8706948494752522,0.21329045917708178,0.880407509390621,100,-0.5336943649199938,5.056398791001362,-0.7671988683261214,100,0.5858806134862139,0.1932968330236483,0.6288774118108117,100,3.9539340097658107,3.2559608020289055,3.2779331047124423,100,5.2926922233743054,3.7962790411279035,4.188672183353621,100,2.200692836478037,5.368003586475364,1.6467009038268727,100,0.8993614745250023,1.3777849257902968,0.4290687786211528,100,0.43513529151643765,4.21739105349945,0.029696102454624944,100,0.3569471871896144,0.36931606553447277,0.27696243471998017,100,,,,0,,,,0,,,,0,,,,0,0.42014418125152586,0.1570550377868353,0.42415499687194824,100,-1.8856249283998452,1.1678435854851459e-07,5.9560022859742445e-06,-0.4282205314527961,0.3496726883415898,1.0,-1.148667094560632,0.03302646611305504,1.0,-0.42822053145279626,0.3496726883415898,1.0,0.3652144474144475,5.112831740936498e-18,5.922770964545782e-16,0.30135179179179183,5.112831740936498e-18,5.922436857224855e-16,0.3639407434391786,5.112831740936498e-18,5.922770964545782e-16,0.46309914952021813,3.112302665538193e-14,2.178611865876735e-12,0.05033673724134491,1.197308700280552e-13,7.782506551823588e-12,0.5975403664302764,7.21967775448852e-14,6.2811196464050125e-12,3.0733153870105547,4.8816168731894246e-17,4.588719860798059e-15,2.4824561070342916,4.342298919012428e-17,3.821223048730937e-15,-0.042050615860186095,0.5405233196725827,1.0,0.3227430213159973,0.48304202468022994,1.0,0.4214632750513227,4.670683307897806e-18,5.922770964545782e-16,-1.1537374382781806,0.03003845217390292,0.9736819084736008,-1.4397520579383798,0.01355983191000595,0.32934852006320864,0.5352048001849428,0.0002306928774294626,0.012226722503761518,-0.5352048001849428,0.0002306928774294626,0.012226722503761518,0.4964912214068583,4.342298919012428e-17,3.821223048730937e-15,-0.4964912214068583,4.342298919012428e-17,3.821223048730937e-15,,,,,,,-11.888265497684479,3.896559845095909e-18,6.857945327368801e-16
gold_sweep,2daa8ff6faa2,ProposedA,infeasible_no_target_treated,50,0,2000,10,0.3,,,,0,,,,0,,,,0,,,,0,,,,0,,,,0,,,,0,,,,0,,,,0,,,,0,,,,0,,,,0,,,,0,,,,0,,,,0,,,,0,,,,0,,,,0,,,,0,,,,0,,,,0,,,,0,,,,0,,,,0,,,,0,0.0,0.0,0.0,100,,,,,,,,,,,,,,,,,,,,,,,,,,,,,,,,,,,,,,,,,,,,,,,,,,,,,,,,,,,,,,,,,,,,,,-12.308409678936005,3.896559845095909e-18,6.857945327368801e-16
gold_sweep,2daa8ff6faa2,ProposedB_LinearStepB,infeasible_no_target_treated,50,0,2000,10,0.3,,,,0,,,,0,,,,0,,,,0,,,,0,,,,0,,,,0,,,,0,,,,0,,,,0,,,,0,,,,0,,,,0,,,,0,,,,0,,,,0,,,,0,,,,0,,,,0,,,,0,,,,0,,,,0,,,,0,,,,0,,,,0,0.0,0.0,0.0,100,,,,,,,,,,,,,,,,,,,,,,,,,,,,,,,,,,,,,,,,,,,,,,,,,,,,,,,,,,,,,,,,,,,,,,-12.308409678936005,3.896559845095909e-18,6.857945327368801e-16
gold_sweep,2daa8ff6faa2,ProposedB_SourceDR,FeasibleRestricted,50,0,2000,10,0.3,7.57938632786653,3.7293513171856203,6.628733212218807,100,0.2183047105641639,2.812228187709514,-0.059317946041070366,100,5.547423588303201,4.322166526890038,4.606045752677682,100,0.11301665644111368,7.05357907250335,0.8918719094178373,100,0.4178089673205765,0.14546007653538562,0.4548847248847249,100,0.2894039838024654,0.10346923629180169,0.31345345345345343,100,0.4344236902156676,0.14275993942917697,0.4619872120309263,100,0.03647138739718511,2.265661823893501,0.5404224287367712,88,-2.741648624328706,26.462096584685554,0.5694421972476036,86,0.08332901135168987,1.2904265271305013,0.59315055573272,81,3.7242538087801456,8.012502963091466,3.8192578453814887,100,2.968096376469889,8.015085405085896,3.010957038124474,100,1.1349172764052087,0.6143797106950375,1.1115940567422977,100,-0.032435287571636384,7.236618466850545,-0.8705873065436958,100,0.19136464826590505,0.10011466759252886,0.19265001810384352,100,5.635481202414729,4.234643954621276,4.606045752677683,100,7.559809500602091,4.516312240890714,6.69357299573494,100,1.200397489445082,5.311291819356487,0.7293672454110673,100,1.8996568215579572,2.0631528765714955,1.1580318466158053,100,0.0002818120360351095,4.2048841447001575,-0.39903571106994995,100,0.7918006666700169,0.394253014725791,0.7018535201071195,100,0.03858765467786293,0.03575479224897317,0.02786180446624501,100,24.85,4.188428021696122,26.0,100,5.14248200467197,2.6174588415063407,4.476626406203159,100,10.0,0.0,10.0,100,93.97723529338836,21.63868025132116,90.70160579681396,100,0.276656488149323,0.24239136462501465,1.0,-0.8197102794481501,0.14205948812602384,1.0,0.5066847868249569,0.20087704004784346,1.0,-0.8197102794481498,0.14205948812602384,1.0,0.04794162145323064,0.0019715001272423696,0.025629501654150805,0.03510784766632928,0.0017141258531615015,0.023167474530901143,0.050138791409129115,0.0014189642160793382,0.018446534809031398,-0.0004135445459611165,0.020698694222711287,0.24838433067253546,-0.037108609940946204,0.023647934915163125,0.2837752189819575,0.0832824062498748,0.02516973562572122,0.2768670918829334,0.3840889268691034,0.002113068620757455,0.031696029311361826,0.30818870963227896,0.001926280773596183,0.028894211603942746,0.22217181106977027,0.002342965676631893,0.08668973003538004,0.8240020986643544,0.2579671879817931,1.0,0.026947309831013712,0.025198274227111687,0.19452622513219062,0.5278097543707391,0.1658553570902883,1.0,0.8273652192894039,0.04538106928157531,0.6807160392236297,-0.46509054684801215,0.007386770170417134,0.24376341562376544,0.46509054684801215,0.007386770170417134,0.24376341562376544,0.06163774192645581,0.001926280773596183,0.028894211603942746,-0.06163774192645581,0.001926280773596183,0.028894211603942746,0.03858765467786293,3.896559845095909e-18,2.6496606946652183e-16,24.85,3.496491839302331e-18,1.1412741953993914e-16,81.66882561445236,3.896559845095909e-18,6.857945327368801e-16
gold_sweep,2daa8ff6faa2,ProxyOnly,FeasibleRestricted,50,0,2000,10,0.3,7.302729839717205,3.8528611512051634,5.766313381726528,100,1.0380149900123137,8.64751150656403,1.8833733165407867,100,5.040738801478245,4.4972708851623455,3.4515121789896224,100,0.9327269358892633,6.709126837178747,0.5198845480123617,100,0.3698673458673458,0.1423877021277662,0.38232050832050835,100,0.2542961361361361,0.10138597300337802,0.2587167167167167,100,0.38428489880653854,0.14525657035621956,0.39668298983651884,100,0.03688493194314622,2.0162252623798653,0.4389396040739345,88,-2.7045400143877605,25.307197291096863,0.4991876644098182,86,4.660510181506253e-05,1.4306604547470463,0.5477689235390782,81,3.340164881911042,8.073636347243179,2.99282734482718,100,2.6599076668376096,8.064062847372776,2.6544669760421686,100,0.9127454653354383,0.450581734246512,0.8825867383096615,100,-0.8564373862359907,6.7257462716721,-0.4032337511464593,100,0.1644173384348914,0.10670080272853813,0.15477139456856787,100,5.107671448043991,4.436165295612877,3.451512178989622,100,6.732444281312687,4.876106040111975,5.270138339880566,100,1.6654880362930942,5.829162570248892,1.8512370106865088,100,1.434566274709945,1.9567644428929687,0.769993592803986,100,-0.06135592989042067,4.206461201042956,-0.586159814677041,100,0.8534384085964727,0.33124999963500545,0.7693299105134865,100,0.0,0.0,0.0,100,0.0,0.0,0.0,100,,,,0,,,,0,12.308409678936005,3.8671891658724173,11.590106010437012,100,,,,,,,,,,,,,,,,,,,,,,,,,,,,,,,,,,,,,,,,,,,,,,,,,,,,,,,,,,,,,,,,,,,,,,,,
gold_sweep,2daa8ff6faa2,TargetOnlyDR,infeasible_no_target_treated,50,0,2000,10,0.3,,,,0,,,,0,,,,0,,,,0,,,,0,,,,0,,,,0,,,,0,,,,0,,,,0,,,,0,,,,0,,,,0,,,,0,,,,0,,,,0,,,,0,,,,0,,,,0,,,,0,,,,0,,,,0,,,,0,,,,0,,,,0,0.0,0.0,0.0,100,,,,,,,,,,,,,,,,,,,,,,,,,,,,,,,,,,,,,,,,,,,,,,,,,,,,,,,,,,,,,,,,,,,,,,-12.308409678936005,3.896559845095909e-18,6.857945327368801e-16
gold_sweep,552e85093ca8,AnchorOnly,OracleTargetTreated,100,25,2000,10,0.3,6.143886930692833,2.360730384543108,5.60968545718969,100,-0.5158011473282768,7.987862707326398,-0.8236350591831395,100,0.8199100159259942,0.7577040589582947,0.6684153660644558,100,-0.10136918666021265,1.1147998908912664,-0.012505994357579375,100,0.31910617979884487,0.14449300788062389,0.32443613443613445,100,0.21944864775717207,0.10168587515021249,0.2228268268268268,100,0.33230977336397904,0.14485219616108433,0.33956727205549264,100,-0.029376032000968756,1.4306692567061516,0.38863297771385374,86,-0.5783889595080141,3.0839120533965323,0.43512710045455777,83,-0.3796991266674893,3.6579115165469216,0.5133389034678826,75,2.330773845418843,7.670898255167875,2.2943527254757896,100,1.8522905608706879,7.723305807321909,1.8941655921601013,100,0.36072036400523694,0.24949733865395093,0.3360195277508137,100,-0.3563126283694988,6.173742610228177,-0.269027948424971,100,0.09292499691026093,0.07532701250866898,0.08367090331992671,100,2.541364572955679,1.895740359534923,1.9846588322413634,100,8.897961615363299,6.828136551804988,6.833761980032458,100,3.319497549743056,4.580754499635489,2.985461904822592,100,0.5680739573416639,0.5064331675448008,0.5102859153254105,100,0.8943609659958852,3.2604109027446135,1.0221613777356973,100,0.9160089051519803,0.27048410593595434,0.889154786708928,100,0.006999730453588362,0.006986610959396439,0.005232420328190759,100,12.18,1.6415070680766057,12.0,100,,,,0,,,,0,21.137910969257355,6.30241700188166,18.943631529808044,100,-0.3620721614621938,0.058156421545616455,1.0,-0.07650403941503947,0.6302567676905975,1.0,-3.4957711447127156,8.998385137455785e-17,8.188530475084764e-15,-0.0765040394150394,0.6302567676905975,1.0,-0.14449124127857618,1.4494881762402344e-11,5.942901522584961e-10,-0.10343203292350861,1.6707070853416725e-11,6.849899049900857e-10,-0.14591542681884564,1.3182270973704236e-11,5.536553808955779e-10,-0.2640232174885199,1.401945710534019e-08,5.467588271082674e-07,-0.22573379211034195,8.58809710313899e-07,3.0058339860986463e-05,-0.27852782327931425,1.0628059863571249e-05,0.00027632955645285245,-1.3442717201331704,6.587241719042594e-12,2.9642587735691675e-10,-1.0193430820421023,8.495358469771918e-11,3.568050557304206e-09,-1.0669510551277968,6.12472726248735e-18,8.819607257981784e-16,-0.6176476778146003,0.1972688546672764,1.0,-0.1461802931683903,1.167230343096855e-15,6.186320818413332e-14,-1.8605221854394771,7.189401383931969e-13,5.967203148663535e-11,2.6740218935365916,1.0119624185629907e-06,7.48852189736613e-05,0.6670404817989958,2.5271404161991035e-06,0.00017942696955013636,-0.6670404817989958,2.5271404161991035e-06,0.00017942696955013636,-0.2038686164084205,8.495358469771918e-11,3.568050557304206e-09,0.2038686164084205,8.495358469771918e-11,3.568050557304206e-09,0.006999730453588362,3.896559845095909e-18,2.6496606946652183e-16,12.18,2.6584513135893034e-18,1.0804181754287811e-16,10.54869675397873,4.531861061109546e-18,6.857945327368801e-16
gold_sweep,552e85093ca8,AnchorPlugin,FeasibleRestricted,100,25,2000,10,0.3,5.959478725752896,3.0854370939435727,5.025709439507048,100,-0.38045508917363263,4.640904858869255,-0.4085437096442529,100,4.178643250423735,3.588719724302465,3.2043305521721015,100,0.033976871494431314,5.52405439172573,0.2819746107821397,100,0.6362844752844753,0.13194775301439393,0.67386826986827,100,0.4603612412412412,0.10629084438039157,0.48671871871871875,100,0.652724556691394,0.13097655910459233,0.692376330944716,100,0.4726211161697618,0.5549759460659779,0.7044766509982113,86,0.08222386027193532,2.143928665380797,0.7403663060913258,83,0.26635618592975285,1.6852297218355725,0.7675804114938023,75,5.1334176976867125,7.720763176818303,4.9140401887518665,100,4.030122949989992,7.641880406466673,3.743123621230086,100,0.9455478420131149,0.2452948530954151,0.9498719839664966,100,-0.09514255117273276,5.53687467821897,-0.15225994338352744,100,0.4388559462400453,0.15077416939303526,0.4722113345177079,100,4.24989443523913,3.521226136283779,3.2043305521721024,100,5.577213760981641,3.8230180121261403,4.854923198770235,100,2.7956922751602558,3.9714528375886045,2.7197343262498856,100,1.0918792319244628,1.3269156756022598,0.7065903049523382,100,1.329927443819746,3.2948913759917056,1.4578976881576935,100,0.48044242732811926,0.2262892849145882,0.4069019117297121,100,0.023539376905884243,0.019865563518396478,0.01900662183962102,100,28.01,1.9720009834652412,29.0,100,,,,0,,,,0,8.427567155361176,1.6784181378058896,7.998706340789795,100,-0.5464803664021324,2.323425662107666e-11,1.7658035032018262e-09,0.058842018739604526,0.42305657051311696,1.0,-0.13703791021497527,0.1201551206319861,1.0,0.058842018739604506,0.42305657051311696,1.0,0.17268705420705416,6.906672275406012e-18,7.044805720914132e-16,0.13748056056056057,6.311606041551026e-18,6.564070283213067e-16,0.1744993565085692,6.702409068617996e-18,6.836457249990356e-16,0.23797393068221065,6.22785715749025e-14,4.2349428670933705e-12,0.4348790276696074,5.974226629006343e-15,6.631391558197041e-13,0.36752748931792806,7.445399846194799e-13,4.541693906178827e-11,1.4583721321346983,2.6103139169454276e-16,1.8272197418617994e-14,1.1584893070772022,1.082004916926409e-17,1.1469252119419935e-15,-0.4821235771199187,1.1105191188694949e-14,1.288202177888614e-12,-0.35647760061783407,0.21579136199294846,1.0,0.1997506561613941,4.813701823147399e-18,5.922770964545782e-16,-0.15199232315602593,0.06433967520159116,1.0,-0.6467259608450674,3.754181106348498e-06,0.00024026759080630387,0.14323520721619704,0.027641787894970418,0.7462525158649589,-0.14323520721619704,0.027641787894970418,0.7462525158649589,0.23169786141544038,1.082004916926409e-17,1.1469252119419935e-15,-0.23169786141544038,1.082004916926409e-17,1.1469252119419935e-15,0.023539376905884243,3.896559845095909e-18,2.6496606946652183e-16,28.01,2.609324963954822e-18,1.0804181754287811e-16,-2.16164705991745,2.9955051713902106e-10,6.290560859919442e-09
gold_sweep,552e85093ca8,DRLearner_PooledNoSite,OracleTargetTreated,100,25,2000,10,0.3,3.2930474183056115,1.2277482922713905,3.019250500603573,100,-0.5243495576797262,6.846872281249488,-0.6327962902009372,100,1.1750486771683204,1.0228024664608577,1.0978725952944477,100,-0.10991759701166239,1.5583989297899092,-0.029002264787928667,100,0.7754644395844398,0.11373736786255136,0.7952404412404414,100,0.5920301501501501,0.11204264076635993,0.5997417417417418,100,0.788419246206874,0.11014977937270799,0.808072426733303,100,0.7090521793881454,0.27463580818027145,0.7890070236768467,86,0.5374754960621153,0.8940522271551287,0.7729413356590411,83,0.5728901493792038,1.0446578964577158,0.8238249178828544,75,6.289107019752126,7.637734717956898,5.5767442451400635,100,4.926949878646254,7.59822376410015,4.404718755595396,100,0.957937560395207,0.15921363195846336,0.9551276101476652,100,0.09418799644721032,2.117019634160363,0.06520084081703294,100,0.6330997344234948,0.16371540458700856,0.6521400344768447,100,1.2839432171905063,0.9656647113257201,1.1816566185141109,100,2.2194474321571063,1.301071514864819,2.004736948532776,100,3.6393000329092455,4.433962757963481,3.2196753315005626,100,0.24827147417547357,0.24582297284893018,0.17515870527022837,100,1.509292829550998,3.3018937522491902,1.5677062853485813,100,0.30107704159686693,0.19376084940347094,0.24347000951702713,100,,,,0,,,,0,,,,0,,,,0,2.557751615047455,0.6885773309094987,2.544821858406067,100,-3.2129116738494163,4.0161556854627e-18,5.922770964545782e-16,-0.08505244976648914,0.5916968660875195,1.0,-3.1406324834703896,1.9605090823255597e-16,1.6664327199767257e-14,-0.08505244976648911,0.5916968660875195,1.0,0.3118670185070185,6.906672275406012e-18,7.044805720914132e-16,0.2691494694694695,6.504110965076778e-18,6.634193184378313e-16,0.31019404602404915,6.311606041551026e-18,6.564070283213067e-16,0.4744049939005941,1.8497706104015396e-15,1.9422591409216166e-13,0.8901306634597875,1.3124570417248058e-14,1.338706182559302e-12,0.6740614527673789,2.1363540316227567e-13,1.4954478221359297e-11,2.614061454200112,9.318997235593406e-18,1.0903226765644286e-15,2.055316235733464,1.082004916926409e-17,1.1469252119419935e-15,-0.4697338587378265,1.7106597437436288e-11,1.539593769369266e-09,-0.16714705299789087,0.7232283767760339,1.0,0.3939944443448436,5.596247901468035e-18,6.155872691614839e-16,-3.1179435412046494,8.74112997534717e-17,9.440420373374943e-15,-4.004492289669601,1.1676417541676908e-16,1.3778172699178752e-14,0.986842964965186,3.71428476868159e-16,5.2742843715278576e-14,-0.986842964965186,3.71428476868159e-16,5.2742843715278576e-14,0.4110632471466927,1.082004916926409e-17,1.1469252119419935e-15,-0.4110632471466926,1.082004916926409e-17,1.1469252119419935e-15,,,,,,,-8.03146260023117,3.896559845095909e-18,6.857945327368801e-16
gold_sweep,552e85093ca8,DRLearner_PooledWithSite,OracleTargetTreated,100,25,2000,10,0.3,3.1445551090779764,1.093581241379625,2.788328141726049,100,-0.4641388325682806,7.030246629121713,-0.7525921264904347,100,0.8856364060237445,0.7189968611753959,0.7286330872561255,100,-0.04970687190021657,1.143125253649898,-0.027211909643620302,100,0.7790182804582803,0.11257757624917263,0.7988940308940311,100,0.5956049249249249,0.11147219588163972,0.6051971971971972,100,0.7918551659466395,0.1089472345401505,0.8120827217916566,100,0.7128402570720221,0.27318761564800453,0.7860803632290603,86,0.5501217405839601,0.8441501049887945,0.7790193363147051,83,0.5767617109421264,1.04345684527531,0.8265881845069575,75,6.3149712865815415,7.6530668664267045,5.547724859749686,100,4.956643542769416,7.601346606552143,4.40304579115613,100,0.9615198536655535,0.15790483851728915,0.9548016588818199,100,0.051316300865064106,1.840435753646574,0.011755345267580486,100,0.6382524982488611,0.16280122821633397,0.6564756511410242,100,1.0280838138583799,0.6557558342125059,0.8914993922899186,100,1.9110442081723193,1.085029029929229,1.6687439005180305,100,3.652439160441263,4.43371854530685,3.2224373516248233,100,0.2351323466434559,0.23459029805371187,0.1677406959908483,100,1.515231562375631,3.301353201489246,1.5858998569952096,100,0.29513830877223457,0.18974801652344525,0.23622427017998004,100,,,,0,,,,0,,,,0,,,,0,9.155034184455872,2.4310224766334834,9.269504189491272,100,-3.36140398307705,3.896559845095909e-18,5.922770964545782e-16,-0.02484172465504343,0.6278155248427884,1.0,-3.4300447546149657,3.3344510234599337e-17,3.5011735746329302e-15,-0.02484172465504343,0.6278155248427884,1.0,0.31542085938085945,6.311606041551026e-18,6.627186343628578e-16,0.2727242442442443,5.767203615817138e-18,6.055563796607995e-16,0.31362996576381474,5.94331234302936e-18,6.299911083611122e-16,0.4781930715844709,1.6094049682596032e-15,1.7059692663551794e-13,0.9027769079816321,1.222329735398578e-14,1.2589996274605353e-12,0.6779330143303014,1.9741495698486265e-13,1.4411291859894973e-11,2.639925721029528,7.55704804907942e-18,9.144028139386099e-16,2.085009899856625,9.893009181510365e-18,1.08823100996614e-15,-0.4661515654674798,2.269503677346155e-11,2.019858272838078e-09,-0.21001874858003727,0.7283878786577169,1.0,0.39914720817020977,5.430296382634715e-18,6.081931948550881e-16,-3.3738029445367768,3.0528209793531665e-17,3.7244415948108634e-15,-4.3128955136543885,2.483725635893387e-17,3.2536805830203373e-15,0.9999820924972039,2.8164249449694594e-16,4.027487671306327e-14,-0.9999820924972039,2.8164249449694594e-16,4.027487671306327e-14,0.41700197997132515,9.893009181510365e-18,1.08823100996614e-15,-0.41700197997132515,9.893009181510365e-18,1.08823100996614e-15,,,,,,,-1.434180030822754,0.0008112475801067293,0.002433742740320188
gold_sweep,552e85093ca8,EntropyBalancing,FeasibleRestricted,100,25,2000,10,0.3,6.998268146088411,3.4613272584704893,6.281013229161241,100,-0.18691475385438583,5.946748621647568,0.12712279892508216,100,5.113649629375614,3.9829256247081837,4.406563556319109,100,0.22751720681367815,6.4980733756404,0.8438528269897774,100,0.5827345383745383,0.15553302449129425,0.6004529584529585,100,0.4183104704704704,0.12476422734248394,0.42444244244244245,100,0.5993377327092364,0.15607200246302202,0.6225094683149391,100,0.39806174204227474,0.7850143540130787,0.6329478009762727,86,0.11297659490226705,1.6039970142269029,0.6412885770693817,83,0.2176711795113244,1.846010656788518,0.7044505925336043,75,4.724156816870452,7.529456721998581,3.985505809097726,100,3.6885071184124247,7.491247903428219,3.0047472414017182,100,0.6815227683576248,0.22474204162598732,0.663310502006115,100,-0.057395794705665075,6.068060814403129,-0.18343236595494614,100,0.38343823753805184,0.1766120584979148,0.3845808278690977,100,5.24735623906057,3.874165063337909,4.406563556319108,100,7.914132704043751,4.780163571391185,7.397150578723515,100,2.4163169025434685,4.3430429551483725,2.1442506646371635,100,1.4712546045412511,1.8840697674080913,0.8358439523643195,100,1.2616042775042327,3.331488632342018,1.3050300697582453,100,0.5487655936436328,0.25189064637877334,0.4947710220986517,100,,,,0,,,,0,,,,0,,,,0,8.814438285827636,2.084096568669738,8.857743263244629,100,0.49230905393338426,0.07434398189444387,1.0,0.2523823540588514,0.6302567676905975,1.0,0.7979684687369045,0.016091773477038905,0.6436709390815563,0.2523823540588514,0.6302567676905975,1.0,0.1191371172971173,3.625288140148871e-08,1.015080679241684e-06,0.09542978978978979,2.546132669479183e-08,7.129171474541713e-07,0.1211125325264117,4.236707346692418e-08,1.186278057073877e-06,0.1634145565547235,4.205527621864606e-06,0.00010513819054661516,0.46563176229993913,9.642134145530693e-07,3.181904268025129e-05,0.3188424828994995,1.7625339355917076e-06,5.640108593893464e-05,1.0491112513184386,5.261691099391917e-07,1.4206565968358177e-05,0.8168734754996345,5.453214460509749e-07,1.5269000489427298e-05,-0.7461486507754089,1.470748930574634e-16,1.8825586311355315e-14,-0.31873084415076625,0.27725313144267305,1.0,0.14433294745940062,1.1101394142242552e-09,3.663460066940042e-08,0.845469480665414,0.007320678801450492,0.30014783085947017,1.6901929822170443,0.00037274287468780034,0.017518915110326615,-0.2361401654005914,0.7773964882083977,1.0,0.2361401654005914,0.7773964882083977,1.0,0.16337469509992686,5.453214460509749e-07,1.5269000489427298e-05,-0.16337469509992686,5.453214460509749e-07,1.5269000489427298e-05,,,,,,,-1.7747759294509888,2.493510419546351e-05,9.974041678185404e-05
gold_sweep,552e85093ca8,IPWTransport,FeasibleRestricted,100,25,2000,10,0.3,5.27467235774772,2.819780205191471,4.548727245913831,100,-0.4632648430302679,6.279963158902926,-0.11674767143717432,100,3.9154486045938537,3.1008514126432245,3.3485866627914525,100,-0.04883288236220411,5.009836769581745,0.22910873079684801,100,0.7530633077433079,0.12882080653508104,0.783010437010437,100,0.5707742542542543,0.12129149157865043,0.5870650650650651,100,0.7664458557397886,0.12550167235324197,0.7976396837138553,100,0.6781054161257227,0.3113917644608523,0.7612796083497007,86,0.5010555244231247,0.9366705120792644,0.760915366509482,83,0.5244841178897853,1.1936174066174123,0.808344892659937,75,6.089701186719193,7.579968288148042,5.383766822374523,100,4.767817287781389,7.5634022378745165,4.040244995249003,100,0.9349800868806878,0.17088556768240726,0.9437103154101554,100,-0.04031806991368269,4.920021089875945,0.045962443865550165,100,0.6023655060269532,0.17728671932203643,0.634648829344667,100,3.9485669044771807,3.065965417344321,3.348586662791453,100,5.0559000939893695,3.357379710145669,4.299868573826673,100,3.129920093811352,4.303125174826394,2.9572506343846046,100,0.7576514132733675,1.0713128443889284,0.4349829876743003,100,1.4774663113780258,3.3019786442897554,1.5526084197922518,100,0.3329035597698398,0.21945602147328105,0.2592663683824824,100,,,,0,,,,0,,,,0,,,,0,3.660778429508209,1.0188007077508743,3.5827412605285645,100,-1.231286734407307,6.751476907234167e-07,3.0381646082553752e-05,-0.023967735117030892,0.8231532975996094,1.0,-0.4002325560448564,0.1733315321687653,1.0,-0.023967735117031,0.8231532975996094,1.0,0.28946588666588674,2.0195637546078604e-17,1.6156510036862884e-15,0.2478935735735736,1.5465938818405608e-17,1.2836030908589664e-15,0.288220655556964,1.903450784800175e-17,1.5798641513841454e-15,0.4434582306381716,4.6973370270602085e-15,4.368523435165994e-13,0.8537106918207968,5.94071081362092e-14,4.45553311021569e-12,0.6256554212779605,7.445399846194799e-13,4.541693906178827e-11,2.4146556211671792,3.0528209793531665e-17,3.0833491891466983e-15,1.8961836448685998,4.6041751652443625e-17,3.959590642110152e-15,-0.4926913322523459,5.5634556953558915e-12,5.17401379668098e-10,-0.3016531193587841,0.313728575022711,1.0,0.3632602159483021,9.318997235593406e-18,8.94623734616967e-16,-0.4533198539179761,0.10098833668087576,1.0,-1.168039627837338,0.0004894560285750338,0.022025521285876523,0.4774630258672922,6.716335135520467e-06,0.00044999445407987125,-0.4774630258672923,6.716335135520467e-06,0.00044999445407987125,0.3792367289737198,4.6041751652443625e-17,3.959590642110152e-15,-0.3792367289737198,4.6041751652443625e-17,3.959590642110152e-15,,,,,,,-6.928435785770416,3.896559845095909e-18,6.857945327368801e-16
gold_sweep,552e85093ca8,OutcomeModelTransport,FeasibleRestricted,100,25,2000,10,0.3,5.3014403317462,2.9290291181529495,4.6769050522343,100,-0.47887492363483203,6.270003558168946,0.10254621937033624,100,3.948748821648689,3.1997468811708205,3.3991913747958806,100,-0.06444296296676788,5.097480132430928,0.31286726047181157,100,0.7525000894600896,0.1302152669303444,0.7835049755049756,100,0.570318998998999,0.12217135922727539,0.5876216216216217,100,0.7658449596893768,0.12697210611507032,0.797878608470348,100,0.6776176272310154,0.31391789316594143,0.7611886479883263,86,0.49948855171572765,0.9446391044079591,0.7649412521317327,83,0.5247140053395946,1.1931926861332414,0.8064591671739113,75,6.082930022046671,7.56664448901182,5.381210969571541,100,4.761803468864112,7.548805184314009,4.059261344695991,100,0.9346235630579642,0.1730261262369255,0.9425259070938159,100,-0.036602119916568504,4.99131741145263,-0.2278510342825681,100,0.6017769220433431,0.17819723597917744,0.63440364241346,100,3.9783793607474878,3.1694016772968894,3.3991913747958815,100,5.098745231334772,3.495835818091165,4.348324978500137,100,3.1089835405869994,4.220199484184128,2.9666756100394074,100,0.7785879664977196,1.122752660413136,0.42227926772607965,100,1.4762635475945698,3.300254269629495,1.5445851967124486,100,0.33410632355329545,0.22288426013696222,0.2509014365247121,100,,,,0,,,,0,,,,0,,,,0,0.42716723442077636,0.1825637654675642,0.3980816602706909,100,-1.2045187604088279,8.345072049018387e-07,3.67183170156809e-05,-0.03957781572159474,0.8285088118253296,1.0,-0.3669323389900211,0.19607673207783693,1.0,-0.03957781572159474,0.8285088118253296,1.0,0.28890266838266837,2.1426597410614454e-17,1.6927011954385418e-15,0.24743831831831833,1.5932071996658114e-17,1.2904978317293073e-15,0.28761975950655233,1.960659347540535e-17,1.5798641513841454e-15,0.44297044174346417,5.0303931669993714e-15,4.577657781969428e-13,0.8521437191133998,6.150276824427026e-14,4.5512048500759994e-12,0.6258853087277697,7.738127303277162e-13,4.5654951089335255e-11,2.4078844564946578,3.2378376991430734e-17,3.2054593221516425e-15,1.8901698259513215,4.8816168731894246e-17,4.0517420047472224e-15,-0.49304785607506946,5.430560182825823e-12,5.104726571856273e-10,-0.29793716936166975,0.33395948157301447,1.0,0.36267163196469193,9.601770743442903e-18,9.121682206270757e-16,-0.42350739764766826,0.1303144795171302,1.0,-1.125194490491936,0.0005928020160383884,0.0254904866896507,0.45652647264294033,5.44088210299708e-06,0.00037542086510679854,-0.45652647264294033,5.44088210299708e-06,0.00037542086510679854,0.37803396519026417,4.8816168731894246e-17,4.0517420047472224e-15,-0.37803396519026417,4.8816168731894246e-17,4.0517420047472224e-15,,,,,,,-10.162046980857848,3.896559845095909e-18,6.857945327368801e-16
gold_sweep,552e85093ca8,ProposedA,OracleTargetTreated,100,25,2000,10,0.3,4.6447807663941685,1.2449701512450444,4.304453965994311,100,-0.39196260668000016,7.676363738137576,-0.7039632230407971,100,0.5043790519954097,0.4301351635930848,0.39590941982310546,100,0.022469353988063975,0.6644352448043274,0.028541461064910623,100,0.49795072687072695,0.1161617564199363,0.5173834153834154,100,0.3497199999999999,0.08584958036808439,0.3613833833833834,100,0.5128092571490022,0.11787448987960986,0.5326381231011963,100,0.15747436479826912,1.0670137646479383,0.5452790652707471,86,-0.216607211583615,2.472496331331203,0.5816766288178851,83,0.07456851037247456,2.06999419020317,0.6480105650927602,75,3.447051524338848,7.973522828077066,2.9312196429451167,100,2.9721354362770445,7.803646794458424,2.5874600153156226,100,0.7502413919745634,0.34563028327508005,0.6924729928112825,100,-0.3162508150761233,3.555819814490773,-0.19619727713937385,100,0.21876791296764989,0.12039891910054858,0.21044952328992828,100,1.106926794849808,0.6223946488731688,0.8785776478742379,100,3.6095178408902893,3.035873051349588,2.304230889087179,100,3.4045956615109882,4.522939835293913,3.2049872048615726,100,0.48297584557373163,0.38347738167043277,0.4249005563001206,100,1.1183299410771566,3.31209515643936,1.2295673119184198,100,0.6920399300707087,0.24812758485698616,0.6560462812876171,100,0.0679342831457445,0.06606740305131577,0.04356786012854409,100,21.88,3.590897583410791,23.0,100,,,,0,,,,0,26.627379450798035,6.369882994061207,24.00085413455963,100,-1.8611783257608585,1.6409015596347118e-13,1.4439933724785463e-11,0.047334501233237146,0.7232283767760339,1.0,-3.811302108643301,8.267798584515514e-18,1.1326884060786255e-15,0.047334501233237215,0.7232283767760339,1.0,0.03435330579330578,0.015791283450949926,0.17370411796044918,0.026839319319319325,0.01105605626710124,0.12161661893811364,0.03458405696617741,0.018682104456869655,0.18682104456869655,-0.0771728206892821,0.39031492238158827,1.0,0.13604795581405701,0.17752337484677838,1.0,0.1757398137606497,0.09729832549884769,0.6810882784919339,-0.22799404121316524,0.15761118027730447,0.8467686362782179,0.10050179336425465,0.36950402743405597,1.0,-0.6774300271584702,7.199382493919608e-15,8.63925899270353e-13,-0.5775858645212245,0.18218090371268514,1.0,-0.020337377111001323,0.1799377619428838,0.899688809714419,-3.2949599635453484,3.750168121901122e-17,4.387696702624313e-15,-2.6144218809364186,9.145191598376851e-10,7.590509026652786e-08,0.7521385935669282,2.2494139825828047e-08,1.95699016484704e-06,-0.7521385935669282,2.2494139825828047e-08,1.95699016484704e-06,0.020100358672850902,0.36950402743405597,1.0,-0.020100358672850902,0.36950402743405597,1.0,0.0679342831457445,3.896559845095909e-18,2.6496606946652183e-16,21.88,3.494508785085747e-18,1.1412741953993914e-16,16.038165235519408,3.896559845095909e-18,6.857945327368801e-16
gold_sweep,552e85093ca8,ProposedB_LinearStepB,OracleTargetTreated,100,25,2000,10,0.3,5.342652130765703,1.860198497974158,4.841409461568322,100,-0.44499888438289803,7.7324579316318225,-1.2287452717778498,100,0.6707760187781472,0.5948843324615722,0.5017467746502522,100,-0.030566923714833858,0.8985704841640128,0.15617182440660715,100,0.4103590277079099,0.16971808126143345,0.4276723756723757,100,0.28612044236782486,0.12272951595737852,0.2952172172172173,100,0.4242785865798187,0.17152614699973023,0.4407977807808333,100,0.08607255195040041,1.3000665191825505,0.46478106622410875,86,-0.31373667125510785,2.5386120912482446,0.5462412784434836,83,-0.3891346821776562,4.074002891535729,0.6010733781505537,75,3.1515211562103933,7.914220103271312,2.8239000133222865,100,2.520959975520208,7.776471409497007,2.467770574507764,100,0.5585220842013511,0.3698599238499639,0.5008805992781914,100,-0.11929843573030775,5.183820278869757,-0.43137037083195856,100,0.16940536287289182,0.1303367600496476,0.15035416754982395,100,1.952298297140262,1.520753532288568,1.387341172375073,100,6.353095255110044,5.663458868520634,4.561706827383363,100,3.3581681194625133,4.5606380766740315,3.0626496932457465,100,0.5294033876222061,0.4246400023460713,0.5308972633452727,100,1.0280948489257893,3.250383393439874,1.0269329269769678,100,0.7822750222220758,0.27476827956752575,0.7412924789511985,100,0.020955352045132568,0.014392735741736409,0.018684379156864543,100,29.31,0.8954994092232511,30.0,100,4.4169767400897015,2.6544523753934968,3.9355640391443765,100,10.0,0.0,10.0,100,83.95067195177079,23.904963060321816,80.29570472240448,100,-1.1633069613893234,4.986516364601756e-07,2.3436626913628253e-05,-0.0057017764696605956,0.687475023529822,1.0,-3.6449051418605625,3.2378376991430734e-17,3.4321079610916577e-15,-0.0057017764696605956,0.687475023529822,1.0,-0.053238393369511264,0.016551932705929733,0.17370411796044918,-0.03676023831285584,0.024315778141523827,0.21884200327371445,-0.05394661360300595,0.015205074947262165,0.16725582441988382,-0.14857463353715075,0.0414610517497234,0.4560715692469574,0.038918496142564214,0.28192197017431253,1.0,-0.2879633787894811,0.42831197765019635,1.0,-0.5235244093416205,0.004708869537756723,0.05650643445308068,-0.35067366739258155,0.017835972921502692,0.19619570213652962,-0.8691493349316824,5.988879490693734e-17,7.725654542994917e-15,-0.3806334851754089,0.2623330281559302,1.0,-0.06969992720575947,2.0751639472212624e-05,0.0003112745920831894,-2.449588461254894,1.8529162237314765e-12,1.5193913034598108e-10,0.12915553328333612,0.23283071247871412,1.0,0.7057110515184536,1.1660365780508747e-05,0.0007579237757330686,-0.7057110515184536,1.1660365780508747e-05,0.0007579237757330686,-0.07013473347851629,0.017835972921502692,0.19619570213652962,0.07013473347851629,0.017835972921502692,0.19619570213652962,0.020955352045132568,3.896559845095909e-18,2.6496606946652183e-16,29.31,6.637094576849457e-19,4.0486276918781686e-17,73.36145773649216,3.896559845095909e-18,6.857945327368801e-16
gold_sweep,552e85093ca8,ProposedB_SourceDR,FeasibleRestricted,100,25,2000,10,0.3,7.306133564147679,3.63307344039329,6.298885446748423,100,-0.24522103725497574,2.6577631326263162,-0.5545551652022682,100,5.104302177709661,4.362291050973462,3.831131873654719,100,0.16921092341308835,6.731844702383476,0.15720254430742753,100,0.410701053354132,0.12576189354252806,0.42141653541653545,100,0.283579340686862,0.08977335142288545,0.2891711711711712,100,0.4247644570392077,0.12862627083170733,0.43866232533755445,100,0.14934320707670168,1.0572928078782835,0.4859404153944221,86,-0.33334990452234137,2.661201364769082,0.4920647628096384,83,-0.21416745875603135,3.0211167998527144,0.5720589696233936,75,3.283979854974066,7.600636365756561,2.7908068768073773,100,2.481394450185026,7.581437403601805,2.017697386780715,100,1.040485688833536,0.49771784579411954,0.9875872732602811,100,-0.4398760669466576,6.872730923765205,-0.3408761329845982,100,0.17908664089461063,0.09555307917082047,0.16831097510977683,100,5.210592336483096,4.269200749850679,3.9067954223112658,100,7.110660588481737,4.578765255048954,5.755451991340548,100,2.014825390334623,4.499928155422107,1.7717511639594394,100,1.8727461167500967,2.0954609764348078,1.1548430547969155,100,1.0201817438587528,3.338207871243794,1.2213787901128064,100,0.7901881272891125,0.2681646281013224,0.725674828511603,100,0.01707900102386402,0.014491625124247185,0.013560423002256187,100,27.88,2.099927848688371,29.0,100,4.4169767400897015,2.6544523753935,3.9355640391443765,100,10.0,0.0,10.0,100,89.47071733474732,29.342764623951286,90.60104501247406,100,0.8001744719926497,0.0013368144742360328,0.04144124870131702,0.19407607065826174,0.5450825418754992,1.0,0.7886210170709508,0.014499318987456775,0.5944720784857278,0.1940760706582616,0.5450825418754992,1.0,-0.05289636772328912,0.001185523590430267,0.016597330266023738,-0.039301339993818726,0.0010001772223110078,0.016002835556976125,-0.05346074314361703,0.0010630513584870232,0.014882719018818324,-0.08530397841084954,0.16103412776942272,1.0,0.01930526287533078,0.11411448742997855,1.0,-0.11299615536785623,0.050724162057995396,0.4565174585219586,-0.39106571057794726,0.020857486260371746,0.2294323488640892,-0.39023919272776353,0.0026549711362976935,0.03451462477187001,-0.3871857302994974,2.081917811106984e-07,1.2699698647752603e-05,-0.7012111163917589,0.1090982647047737,1.0,-0.06001864918404059,5.75624329737253e-06,0.00010361237935270554,0.8087055780879397,0.008971798768232087,0.3499001519610514,0.8867208666550299,0.009817780667335954,0.2748978586854067,-0.6376316776094367,0.000980262413372098,0.044111808601744414,0.6376316776094367,0.000980262413372098,0.044111808601744414,-0.07804783854555282,0.0026549711362976935,0.03451462477187001,0.07804783854555282,0.0026549711362976935,0.03451462477187001,0.01707900102386402,3.896559845095909e-18,2.6496606946652183e-16,27.88,2.7000587698707203e-18,1.0804181754287811e-16,78.88150311946869,3.896559845095909e-18,6.857945327368801e-16
gold_sweep,552e85093ca8,ProxyOnly,FeasibleRestricted,100,25,2000,10,0.3,6.505959092155027,2.935238686433119,5.739055179834708,100,-0.4392971079132373,5.218401351344705,-0.44800037959906513,100,4.315681160638711,3.5095815308708134,3.5893991086553307,100,-0.024865147245173053,5.579406262658558,0.41559618553058897,100,0.46359742107742113,0.13976097259276105,0.4721658821658822,100,0.3228806806806807,0.10265752168716692,0.3273873873873874,100,0.47822520018282466,0.14277258321326758,0.48916886663277315,100,0.23464718548755129,0.7571866285416861,0.4875064162097247,86,-0.35265516739767205,3.1237911350103276,0.5273134010121006,83,-0.10117130338817511,2.5946055424378125,0.6007061329097455,75,3.6750455655520136,7.749521673607358,3.1556574310392635,100,2.8716336429127898,7.687287232081061,2.3251427706387755,100,1.4276714191330335,0.6080280095927937,1.3851817968161293,100,0.2613350494451013,6.990533709057608,-0.14104788405578295,100,0.23910529007865122,0.12067652914763385,0.22849302907099273,100,4.401886758395156,3.432818515744663,3.589399108655331,100,6.223939721826708,3.7532405713634045,5.644713694853151,100,2.6524570679440598,4.119603416306463,2.6277915930488884,100,1.2351144391406599,1.6790851079252769,0.7168190708602027,100,1.0982295824043058,3.2972473999656344,1.2804681652201322,100,0.7121402887435597,0.2765316883733715,0.6611597905511486,100,0.0,0.0,0.0,100,0.0,0.0,0.0,100,,,,0,,,,0,10.589214215278625,3.1704310392289083,9.7928786277771,100,,,,,,,,,,,,,,,,,,,,,,,,,,,,,,,,,,,,,,,,,,,,,,,,,,,,,,,,,,,,,,,,,,,,,,,,
gold_sweep,552e85093ca8,TargetOnlyDR,OracleTargetTreated,100,25,2000,10,0.3,5.051888307713484,1.2804186086403286,4.752857162931969,100,-0.4726387915760261,7.728081694783898,-0.9779178495383654,100,0.6539614138067126,0.515614082316924,0.5525871778648863,100,-0.05820683090796223,0.8333192717894939,0.08367096427854148,100,0.41857622096581215,0.11798144866442273,0.41550535350535356,100,0.29095485644569685,0.08627130790159741,0.28436236236236234,100,0.43293011972027584,0.12040650886573913,0.42841058896547546,100,0.061307894308834696,0.9969303855175755,0.4225480924233198,86,-0.3970135994982021,2.7186837601845997,0.5197869287538631,83,-0.22448551112838297,3.1684256852784567,0.5676376972479426,75,2.6726095971103887,7.804688820148994,2.444135673170939,100,2.4045836428535066,7.771124507295274,2.5744124783984494,100,0.551196287518203,0.30830797583245445,0.4842474771585357,100,-0.17998734791381973,4.367948294457832,-0.19683061763883616,100,0.14297258762024256,0.10507636745190795,0.10958331744781502,100,1.3862805721471319,0.7055783867527491,1.179022120904651,100,4.64201944279822,2.9141974091989638,3.9281321837078953,100,3.3296762783863794,4.557453249086518,3.0657904022523517,100,0.5578952286983396,0.437049621222466,0.5479538541769321,100,1.004819582392449,3.2954721859162617,1.1751724759057063,100,0.8055502887554163,0.24961728159650923,0.7621428560136203,100,0.0,0.0,0.0,100,0.0,0.0,0.0,100,,,,0,,,,0,31.114330666065214,12.789480180052006,28.067314505577087,100,-1.4540707844415437,1.401249829740757e-08,8.12724901249639e-07,-0.03334168366278904,0.6012349777584516,1.0,-3.6617197468319977,5.816713162471362e-17,5.816713162471362e-15,-0.03334168366278905,0.6012349777584516,1.0,-0.04502120011160888,0.0006811279931415198,0.01115025945748695,-0.03192582423498386,0.0010501913014833851,0.016002835556976125,-0.04529508046254878,0.0006811279931415198,0.01143452832518669,-0.17333929117871652,3.511095784768786e-08,1.263994482516763e-06,-0.044358432100530094,0.005536792803359275,0.09412547765710769,-0.12331420774020772,0.026566162453471855,0.2768670918829334,-1.0024359684416246,6.188773004847958e-10,2.4136214718907035e-08,-0.4670500000592835,2.418617575293342e-05,0.0005079096908116018,-0.8764751316148305,1.690631665125153e-17,2.265446431267705e-15,-0.4413223973589209,0.19607673207783693,1.0,-0.09613270245840866,1.7143193108819633e-10,6.171549519175068e-09,-3.015606186248025,3.1686412518635367e-15,2.8834635391958184e-13,-1.581920279028487,0.0005422759138800561,0.02386014021072247,0.6772192104423201,0.00032679232150880917,0.016339616075440457,-0.6772192104423201,0.00032679232150880917,0.016339616075440457,-0.09341000001185677,2.418617575293342e-05,0.0005079096908116018,0.09341000001185677,2.418617575293342e-05,0.0005079096908116018,0.0,,,0.0,,,20.52511645078659,3.896559845095909e-18,6.857945327368801e-16
gold_sweep,57a72ad3da43,AnchorOnly,OracleTargetTreated,50,25,2000,10,0.3,5.479003501341421,2.1441629266304836,5.021060123026749,100,0.14252939961049169,8.135607990200352,-0.23097972932938243,100,0.7862766038657892,0.7004648850403741,0.6076358327097614,100,-0.07684310999578994,1.0531676983578715,-0.07173482606096004,100,0.3674646324246325,0.15076728800526668,0.3850579690579691,100,0.25340004004004,0.10727691117250364,0.2618898898898899,100,0.38059569951921124,0.15611654788827523,0.39975250800054074,100,-5.6280558711939825,46.411796452706454,0.4439168642927065,90,-0.3782545683761513,3.8399634493668646,0.5028167702804185,82,-0.4481913349774634,5.6521014088501005,0.5595607756002833,77,3.3079928916766788,7.850381669336934,3.2074224274188654,100,2.761862395575582,7.771018278524043,2.8382634732891563,100,0.6278062480387447,0.4157064772716507,0.5638451776881879,100,0.17999464260162082,5.415312394728762,-0.14454704853469952,100,0.15200114061635656,0.10711880019784759,0.1334193932541866,100,2.016947226974714,1.7116100875887683,1.4758855504361232,100,5.607795201261324,4.856866832611954,3.864104568994918,100,3.417655391145742,4.922958327072418,2.8656251886668445,100,0.5597110092570436,0.5485914584430678,0.4685480757993091,100,0.7697389954039313,3.466731841805861,0.6534817539163689,100,0.9071772536269145,0.4240670275154573,0.8248352238508776,100,0.015314577662628632,0.013169396651212554,0.0109988984298861,100,8.17,2.6857461390146917,8.0,100,,,,0,,,,0,20.915260891914368,6.391841633878316,18.496952295303345,100,-1.831206056523534,1.7542968918093306e-14,1.5613242337103042e-12,0.46654142547230765,0.5822288568473547,1.0,-4.279341466100326,5.0264575344033727e-17,5.12698668509144e-15,0.46654142547230765,0.5822288568473547,1.0,-0.028899166539166545,0.0663479749390851,0.4644358245735957,-0.019257577577577577,0.08558480118974492,0.5732683781177645,-0.031184065766227533,0.06840763308891751,0.47885343162242255,1.1816738538525615,0.3858845178941922,1.0,-0.128096524250779,0.5310476700264517,1.0,-0.21602618932804007,0.7976326591384827,1.0,-0.3623463112188241,0.06840763308891751,0.47885343162242255,-0.1922528896324198,0.1392794312992497,1.0,-0.6564990386452645,3.340307909367934e-12,3.273501751180575e-10,-0.47871865917497386,0.3408860574680771,1.0,-0.028637403303416232,0.017023608713243633,0.1532124784191927,-3.108283688114127,8.012096741807243e-17,8.733185448569895e-15,-1.1971285946624737,0.0013855612488474557,0.05680801120274568,1.4307091467498543,5.308939652213096e-12,4.990403273080311e-10,-1.4307091467498543,5.308939652213096e-12,4.990403273080311e-10,-0.038450577926484084,0.1392794312992497,1.0,0.03845057792648408,0.1392794312992497,1.0,0.015314577662628632,3.896559845095909e-18,2.6496606946652183e-16,8.17,4.775752501621858e-18,1.1412741953993914e-16,9.50947649717331,5.269204481546392e-18,6.857945327368801e-16
gold_sweep,57a72ad3da43,AnchorPlugin,FeasibleRestricted,50,25,2000,10,0.3,6.6574878520616565,4.108881540167255,5.069546270203359,100,-0.3697610900605423,4.630093263200192,-0.6666459102727917,100,4.8406531581718575,4.435869560325246,3.191818379502471,100,-0.5891335996668238,6.557054491474223,-0.5353781960893091,100,0.6044815654015655,0.13624940918392725,0.620026856026856,100,0.43387707707707707,0.107393774698077,0.44041241241241236,100,0.6211023141143245,0.13726433856298847,0.635087005861628,100,-4.2002360627111335,39.78253011167626,0.6234259298036101,90,0.2566902839075541,1.4450962132065246,0.6543071691595653,82,0.1555572486246193,2.4928589540215165,0.7063599623097492,77,5.52019741360786,7.8530419481913905,5.130305582521352,100,4.504515063893794,7.836164058476938,3.891909928553652,100,0.9558361301200458,0.2514510311831949,0.9471910932701664,100,0.46632203306171627,6.512045858424972,0.009613516738636516,100,0.40182127591711087,0.14632737153731673,0.4036939892927481,100,4.883388680297133,4.400271073307517,3.191818379502471,100,6.186473158966906,4.682266246688823,4.5554282806104185,100,2.257586925742644,4.555824406898772,2.4881288526275833,100,1.7197794746601418,2.5472915747939333,0.7946009809803056,100,1.118269529067574,3.4994705590641524,0.8200011649527552,100,0.5586467199632721,0.34449817234665336,0.4857684497673706,100,0.06386770758833062,0.08006605536376794,0.04264876918538692,100,23.72,5.197279785783826,25.0,100,,,,0,,,,0,8.330921568870544,2.0084962242515285,7.670412182807922,100,-0.6527217058033001,1.3571797346865746e-07,6.785898673432873e-06,-0.04574906419872647,0.8311895778148274,1.0,-0.22496491179425868,0.09956676117970463,1.0,-0.04574906419872644,0.8311895778148274,1.0,0.20811776643776647,4.139373908714419e-18,5.922770964545782e-16,0.16121945945945945,4.139373908714419e-18,5.922436857224855e-16,0.20932254882888576,4.139373908714419e-18,5.922770964545782e-16,2.6094936623354106,5.602009369704894e-16,7.226592086919313e-14,0.5068483280329266,4.4058409426901234e-15,5.110775493520543e-13,0.38772239427404265,3.371424994274114e-14,3.6074247438733017e-12,1.8498582107123576,1.5013268321137124e-17,1.6064197103616722e-15,1.5503997786857917,5.269204481546392e-18,6.797273781194846e-16,-0.32846915656396314,6.0921876974906445e-09,4.508218896143077e-07,-0.19239126871487844,0.8098010180054853,1.0,0.22118273199733796,3.896559845095909e-18,5.922770964545782e-16,-0.24184223479170874,0.06483698513130025,1.0,-0.6184506369568913,0.0030045274226061535,0.10215393236860922,0.27064068134675634,0.00030331769833571277,0.015469202615121351,-0.2706406813467563,0.00030331769833571277,0.015469202615121351,0.3100799557371583,5.269204481546392e-18,6.797273781194846e-16,-0.3100799557371583,5.269204481546392e-18,6.797273781194846e-16,0.06386770758833062,3.896559845095909e-18,2.6496606946652183e-16,23.72,3.650778895069248e-18,1.1412741953993914e-16,-3.0748628258705137,5.4826891764583176e-15,1.9737681035249942e-13
gold_sweep,57a72ad3da43,DRLearner_PooledNoSite,OracleTargetTreated,50,25,2000,10,0.3,3.6712426478543048,2.0958067851289743,3.096311929832418,100,-0.1389821636190829,6.774001821837641,0.11953751894877924,100,1.4836252460302268,1.7573824220296863,0.9369917932304542,100,-0.3583546732253644,2.2764128360922116,-0.1674404648122101,100,0.7631251982851984,0.14697293546695578,0.7997215397215398,100,0.5820580980980982,0.13197752578784955,0.6047927927927927,100,0.7757097044134633,0.1449476941030136,0.8104617014318278,100,-2.384656267115127,27.69194438214615,0.8231888710098882,90,0.5116435053420753,1.2029098812816565,0.8325801117431488,82,0.6387558187538932,0.7893498100176701,0.8483887561769019,77,6.9049417141423985,7.930834213780874,6.4891676109072485,100,5.566717399657058,7.9179694686639195,5.086398723701443,100,0.9318022749774778,0.17054798764683068,0.9483050436813674,100,0.33473982680647185,2.6246182034393715,0.2160528209456791,100,0.6220328535493987,0.1871170718023955,0.6547532448790715,100,1.6116904153004894,1.7113302111362962,1.0407419979827215,100,2.6074450958367184,2.3024505632567727,1.9957531780068196,100,3.628611073198176,4.771604913148851,3.0726091355687313,100,0.3487553272046101,0.5449498436862422,0.20949489353019335,100,1.330709996220226,3.5282571021668914,0.9981097084459106,100,0.3462062528106194,0.3360635938250148,0.23292171982789922,100,,,,0,,,,0,,,,0,,,,0,2.4354300928115844,0.6485195138172933,2.443221926689148,100,-3.6389669100106503,4.3971135541818935e-18,5.922770964545782e-16,0.1850298622427329,0.7309722689902687,1.0,-3.581992823935889,1.5137158701684123e-16,1.3017956483448346e-14,0.18502986224273285,0.7309722689902687,1.0,0.36676139932139934,3.896559845095909e-18,5.922770964545782e-16,0.30940048048048047,3.896559845095909e-18,5.922436857224855e-16,0.3639299391280244,3.896559845095909e-18,5.922770964545782e-16,4.425073457931417,1.8034059447633587e-16,2.5969045604592367e-14,0.7618015494674474,3.663890942678321e-15,4.579863678347902e-13,0.8709209644033165,2.4628307660238145e-14,3.0046535345490535e-12,3.2346025112468966,4.0161556854627e-18,5.922770964545782e-16,2.6126021144490554,3.896559845095909e-18,5.922770964545782e-16,-0.35250301170653126,2.3065650192007308e-08,1.5684642130564969e-06,-0.3239734749701229,0.4210690066046685,1.0,0.44139430962962595,3.896559845095909e-18,5.922770964545782e-16,-3.513540499788353,9.815788244911677e-17,1.0208419774708145e-14,-4.197478700087078,2.926041629852011e-16,3.364947874329812e-14,1.6416648288022873,4.970374251041099e-16,7.00822769396795e-14,-1.6416648288022873,4.970374251041099e-16,7.00822769396795e-14,0.5225204228898109,3.896559845095909e-18,5.922770964545782e-16,-0.5225204228898109,3.896559845095909e-18,5.922770964545782e-16,,,,,,,-8.970354301929474,3.896559845095909e-18,6.857945327368801e-16
gold_sweep,57a72ad3da43,DRLearner_PooledWithSite,OracleTargetTreated,50,25,2000,10,0.3,3.5706852799350632,1.9480891467633055,3.009267722074319,100,-0.08749839532452425,6.858953990382832,0.2839172330936621,100,1.3233117029893355,1.51879511390396,0.9147861645642383,100,-0.30687090493080577,1.9951090000890181,-0.1351866956429061,100,0.7647024408624408,0.14567353630249505,0.8019351219351221,100,0.5836113713713714,0.1313358947386934,0.6061561561561561,100,0.7772890823028034,0.14351351535944185,0.814123001152218,100,-2.3042413725481286,26.996726038198485,0.8250440031290882,90,0.5145670937035971,1.197730182882996,0.8337701315740629,82,0.6404408622218428,0.7724180586655782,0.8546324939927564,77,6.937221645336588,7.944632291964252,6.464989539583945,100,5.581681218821697,7.91724767957426,5.072490227387341,100,0.9339043283096372,0.1691365853968696,0.9511639807826738,100,0.2871055772604738,2.4232523178355057,0.21038549577211096,100,0.6240894152170601,0.1865592496260289,0.6579774286229934,100,1.455011207448049,1.478824413559756,0.9585324506161446,100,2.4347684016607776,2.0714792130335415,1.827768450635646,100,3.665240700941782,4.794949464700789,3.0726091355687313,100,0.3121256994610038,0.4371906941969229,0.20408555360069142,100,1.3337027600531548,3.531402706871902,0.9986205637652885,100,0.3432134889776913,0.32809459429534144,0.23197079596571446,100,,,,0,,,,0,,,,0,,,,0,7.652273139953613,2.307825165391682,7.498885273933411,100,-3.7395242779298927,4.139373908714419e-18,5.922770964545782e-16,0.23651363053729163,0.6748685607674054,1.0,-3.7423063669767807,9.815788244911677e-17,8.83420942042051e-15,0.23651363053729163,0.6748685607674054,1.0,0.36833864189864185,3.896559845095909e-18,5.922770964545782e-16,0.3109537537537538,3.896559845095909e-18,5.922436857224855e-16,0.36550931701736467,3.896559845095909e-18,5.922770964545782e-16,4.505488352498415,1.7437900167092118e-16,2.528495524228357e-14,0.7647251378289694,3.663890942678321e-15,4.579863678347902e-13,0.8726060078712664,2.4628307660238145e-14,3.0046535345490535e-12,3.2668824424410845,3.896559845095909e-18,5.922770964545782e-16,2.627565933613696,3.896559845095909e-18,5.922770964545782e-16,-0.350400958374372,2.3065650192007308e-08,1.5684642130564969e-06,-0.3716077245161207,0.38812672601916176,1.0,0.44345087129728716,3.896559845095909e-18,5.922770964545782e-16,-3.6702197076407943,5.816713162471362e-17,6.3983844787184975e-15,-4.370155394263019,1.2370784421819017e-16,1.447381777352825e-14,1.678294456545894,2.741563567918632e-16,3.94785153780283e-14,-1.678294456545894,2.741563567918632e-16,3.94785153780283e-14,0.5255131867227391,3.896559845095909e-18,5.922770964545782e-16,-0.5255131867227391,3.896559845095909e-18,5.922770964545782e-16,,,,,,,-3.753511254787445,2.0450905226320243e-12,5.93076251563287e-11
gold_sweep,57a72ad3da43,EntropyBalancing,FeasibleRestricted,50,25,2000,10,0.3,7.840758162605336,4.487700422523566,6.249388726661904,100,-0.8104036828535512,6.508517317138057,-0.8476316229804792,100,5.87787162892182,4.9720112183667124,4.283364122917882,100,-1.029776192459833,7.651673249341127,-0.4238952888279244,100,0.5748986002586003,0.16392288469581237,0.5935935595935596,100,0.41248960960960956,0.13079171622590027,0.4161401401401401,100,0.5905172058479364,0.16437861037070065,0.6073844859458171,100,-5.035781569539618,47.293593752948944,0.6275735521192565,90,0.0891274281993007,2.169241772840778,0.6680953915118502,82,0.3026979672181245,1.3545194114798147,0.705337692050967,77,5.305398267265494,7.977943959803747,4.763210246318589,100,4.302675143540529,7.919701239260135,3.7585647331153353,100,0.6617273830568452,0.24673273589050126,0.6357235802181875,100,0.8204480205419955,6.57106441408037,0.6061946604889021,100,0.37424163088905155,0.18031507677202968,0.36355280868687867,100,6.0798020251199345,4.814197965495671,4.317624983985771,100,9.11370478522556,6.031734540034755,8.091517159159535,100,2.253457468943943,4.954152259758827,1.986599643121457,100,1.7239089314588427,2.2406297494487974,0.9558969140267426,100,1.077901544996921,3.5250290171590106,0.8001166522186784,100,0.599014704033925,0.3500992464932353,0.5118292258834749,100,,,,0,,,,0,,,,0,,,,0,8.578052289485932,1.8718412781821447,8.665183663368225,100,0.5305486047403815,0.5611886274899517,1.0,-0.4863916569917356,0.23826065856422385,1.0,0.8122535589557038,0.23963200276016683,1.0,-0.4863916569917356,0.23826065856422385,1.0,0.1785348012948013,2.35238545523914e-13,1.1056211639623959e-11,0.139831991991992,9.518928078849154e-14,4.473896197059103e-12,0.17873744056249763,1.9153290110443258e-13,9.002046351908331e-12,1.7739481555069254,3.4723975271984506e-11,1.7014747883272408e-09,0.339285472324673,2.6484119141328776e-09,1.1388171230771374e-07,0.5348631128675478,1.7513279910635108e-09,7.705843160679447e-08,1.6350590643699912,1.1281372528141459e-12,5.4150588135079e-11,1.3485598583325271,1.5990843776221757e-13,7.83551345034866e-12,-0.6225779036271638,2.354049957607283e-14,2.683616951672303e-12,0.16173471876540085,1.0,1.0,0.19360308696927866,3.797351804308381e-14,1.7088083119387714e-12,0.9545711100310925,0.10758660109711453,1.0,2.308780989301762,0.000623607772709155,0.02619152645378451,0.26651122454805515,0.22318174394045964,1.0,-0.26651122454805515,0.22318174394045964,1.0,0.26971197166650535,1.5990843776221757e-13,7.83551345034866e-12,-0.26971197166650535,1.5990843776221757e-13,7.83551345034866e-12,,,,,,,-2.827732105255127,1.0634202142936968e-09,2.020498407158024e-08
gold_sweep,57a72ad3da43,IPWTransport,FeasibleRestricted,50,25,2000,10,0.3,5.47853974372433,4.064868286902652,4.073043130395927,100,-0.536294182335625,6.315253482990195,-0.3466833105872392,100,3.956246884839381,4.16953913232058,2.3515760623453335,100,-0.7556666919419065,5.711238546235313,-0.7824186648443804,100,0.7442473804873806,0.16136767402511618,0.7871088011088012,100,0.5647111111111112,0.14109999295688508,0.5923203203203203,100,0.7570286602412304,0.1602415379990418,0.8004795564828876,100,-2.2713743973829272,26.2882301559551,0.8142542711503015,90,0.4836863275551356,1.2369350003523099,0.8224948248230246,82,0.6127716267521598,0.8626050338357503,0.833133664621499,77,6.697289252339005,7.859316423836734,6.431163039837632,100,5.394732843303595,7.8795430751644355,5.019912519455113,100,0.909167488653714,0.18046767185081125,0.9416555390585878,100,0.6712783950832965,5.393400502466715,0.906339548998552,100,0.5979208299265377,0.19770795036570507,0.6391250576775629,100,4.026229993173888,4.118937494451037,2.3515760623453357,100,5.125163132094598,4.6638727056277585,3.4183335255931,100,2.936244093767614,4.941326062341197,2.8061219417556695,100,1.0411223066351725,2.0192627057367685,0.38542285958009015,100,1.2963130849495346,3.516639236573123,0.9898050042346891,100,0.3806031640813113,0.3867024953171886,0.25443472084877183,100,,,,0,,,,0,,,,0,,,,0,3.5174690532684325,0.8675273257090859,3.5975180864334106,100,-1.8316698141406256,9.306713183378588e-11,6.793900623866369e-09,-0.21228215647380907,0.47662997837909227,1.0,-1.1093711851267347,0.00022790994231320147,0.014358326365731693,-0.21228215647380894,0.47662997837909227,1.0,0.3478835815235815,4.0161556854627e-18,5.922770964545782e-16,0.2920534934934935,4.0161556854627e-18,5.922436857224855e-16,0.3452488949557916,4.139373908714419e-18,5.922770964545782e-16,4.5383553276636155,1.9287294406628382e-16,2.7580831001478587e-14,0.7338443716805079,3.663890942678321e-15,4.579863678347902e-13,0.8449367724015834,2.56165423063336e-14,3.0046535345490535e-12,3.026950049443503,4.531861061109546e-18,6.299286874942269e-16,2.4406175580955956,3.896559845095909e-18,5.922770964545782e-16,-0.375137798030295,7.789675866010682e-09,5.686463382187798e-07,0.012565093306701573,0.9233036783976978,1.0,0.4172822860067648,4.531861061109546e-18,5.922770964545782e-16,-1.0990009219149541,0.0002572428248910779,0.014920083843682517,-1.6797606638291995,5.481399021085466e-06,0.0003398467393072989,0.9492978493717256,3.621111681226811e-08,3.041733812230521e-06,-0.9492978493717256,3.621111681226811e-08,3.041733812230521e-06,0.48812351161911904,3.896559845095909e-18,5.922770964545782e-16,-0.48812351161911904,3.896559845095909e-18,5.922770964545782e-16,,,,,,,-7.888315341472626,3.896559845095909e-18,6.857945327368801e-16
gold_sweep,57a72ad3da43,OutcomeModelTransport,FeasibleRestricted,50,25,2000,10,0.3,5.465702610272723,4.11248169791086,4.024826324465773,100,-0.5526862442593703,6.321647026864268,-0.42834565757354914,100,3.9182512946285963,4.234270185362585,2.277560184198008,100,-0.7720587538656521,5.730158745052099,-0.668617296854827,100,0.744244142044142,0.16188422962636573,0.785872127872128,100,0.5648105305305305,0.1415478106917304,0.5916176176176176,100,0.757005729108137,0.16076004851051195,0.7993008554260135,100,-2.1597302738658457,25.22978313436469,0.8142542711503015,90,0.4826325753029397,1.242957287746881,0.8225530515424302,82,0.6097133081328923,0.8792615527080727,0.8331336646214986,77,6.692622522119871,7.859438835540198,6.422944907132224,100,5.394910490758848,7.871781360191451,5.041017787542728,100,0.9089674769962005,0.18090306937509798,0.9395052575883394,100,0.6719357839046957,5.384062447266607,0.8485130599461754,100,0.5980599703716618,0.19820403973690534,0.6399602605267909,100,3.9997220002813316,4.172613294995123,2.277560184198008,100,5.098052638753021,4.750265505795238,3.41707415074395,100,2.935750866084942,4.939436948810626,2.8195330787633544,100,1.041615534317844,2.034090394290409,0.38290232713384564,100,1.296348614440585,3.516691234569584,0.9921509037678171,100,0.38056763459026116,0.3873904009306708,0.25533415476611054,100,,,,0,,,,0,,,,0,,,,0,0.42387057781219484,0.16129204770862374,0.40534138679504395,100,-1.8445069475922313,9.306713183378588e-11,6.793900623866369e-09,-0.22867421839755459,0.4310615640798099,1.0,-1.147366775337519,0.00015334083624479904,0.009813813519667139,-0.22867421839755459,0.4310615640798099,1.0,0.34788034308034305,4.0161556854627e-18,5.922770964545782e-16,0.2921529129129129,4.0161556854627e-18,5.922436857224855e-16,0.3452259638226981,4.0161556854627e-18,5.922770964545782e-16,4.6499994511806975,1.9945724345134995e-16,2.8322928570091692e-14,0.732790619428312,3.663890942678321e-15,4.579863678347902e-13,0.8418784537823156,2.6643754680372866e-14,3.0107442788821337e-12,3.022283319224367,4.9610417082651575e-18,6.697406306157963e-16,2.4407952055508466,3.896559845095909e-18,5.922770964545782e-16,-0.3753378096878086,8.451646604920486e-09,6.085185555542749e-07,0.013222482128100906,0.9314997084840357,1.0,0.41742142645188907,4.531861061109546e-18,5.922770964545782e-16,-1.1255089148075101,0.00017121594938104075,0.010444172912243485,-1.706871157170777,3.023084789364836e-06,0.00019952359609807916,0.9488046216890542,2.692104251401662e-08,2.3152096562054294e-06,-0.9488046216890542,2.692104251401662e-08,2.3152096562054294e-06,0.4881590411101692,3.896559845095909e-18,5.922770964545782e-16,-0.4881590411101692,3.896559845095909e-18,5.922770964545782e-16,,,,,,,-10.981913816928863,3.896559845095909e-18,6.857945327368801e-16
gold_sweep,57a72ad3da43,ProposedA,OracleTargetTreated,50,25,2000,10,0.3,4.54598773940883,1.2299574376239888,4.30870220653995,100,0.17059539022462697,7.866454137864647,-0.07196809043905719,100,0.7311534014537843,0.5007177981395765,0.6727162142872491,100,-0.048777119381654785,0.8878627267419502,-0.11149089749385,100,0.5151803015003016,0.09393211428837216,0.5333802713802714,100,0.3605389789789789,0.07001872842003348,0.3707327327327328,100,0.5318274211415579,0.09333337277554234,0.5476917855610888,100,-6.549492011030916,59.1225001346162,0.5718426150524365,90,0.007608738702317814,2.299888913131215,0.6355685178114333,82,-0.030569865627193944,3.281437881958284,0.6645700919819761,77,4.668170347112785,8.219802186299265,4.121555486364024,100,3.969149135526595,8.13021270195936,3.311638248694143,100,1.0591103540531879,0.38880409636097996,1.031057354311248,100,-0.11945842426469191,3.3315479444118212,-0.23722523842671334,100,0.2650502480096664,0.1019850850992599,0.27622405076845713,100,1.124189764688674,0.45230667179821854,1.0425284016296774,100,2.8258389648428017,1.8855075143514914,2.365439204797318,100,3.5246010622805453,4.897201654460323,3.0294447956032053,100,0.45276533812224107,0.37756203721455794,0.39655674646642414,100,1.011196343394134,3.5282548404371323,0.7954676098549938,100,0.6657199056367119,0.23661466713985482,0.5980407558245591,100,0.12108692092997671,0.10451352135179003,0.08417905627210952,100,17.73,4.153263290425488,19.0,100,,,,0,,,,0,24.06331324338913,6.057818884609032,21.98154652118683,100,-2.7642218184561256,1.1485179010089616e-17,1.1255475429887823e-15,0.49460741608644265,0.5135746748177931,1.0,-4.3344646685123305,5.649430306955948e-17,5.705924610025507e-15,0.49460741608644265,0.5135746748177931,1.0,0.11881650253650253,8.150968582112724e-13,3.667935861950726e-11,0.08788136136136135,4.338759045761872e-13,1.9524415705928423e-11,0.12004765585611915,7.372352927060524e-13,3.317558817177236e-11,0.2602377140156269,1.4329500983135891e-07,5.015325344097562e-06,0.25776678282769017,2.2988990226121766e-09,1.0115155699493577e-07,0.20159528002222932,5.663802942165374e-09,2.4354352651311107e-07,0.9978311442172817,7.844751250552033e-08,2.5103204001766506e-06,1.0150338503185934,1.7635880957805926e-12,7.936146431012666e-11,-0.2251949326308214,0.00030188229444763794,0.01328282095569607,-0.7781717260412866,0.3843571402742828,1.0,0.08441170408989361,1.6312801379458462e-09,4.8938404138375386e-08,-4.001041150400167,3.750168121901122e-17,4.387696702624313e-15,-3.9790848310809963,2.4176619990204415e-14,2.4176619990204416e-12,1.537654817884657,2.0803215867114105e-13,2.163534450179867e-11,-1.537654817884657,2.0803215867114105e-13,2.163534450179867e-11,0.20300677006371864,1.7635880957805926e-12,7.936146431012666e-11,-0.20300677006371864,1.7635880957805926e-12,7.936146431012666e-11,0.12108692092997671,3.896559845095909e-18,2.6496606946652183e-16,17.73,3.627498388925947e-18,1.1412741953993914e-16,12.657528848648072,4.813701823147399e-18,6.857945327368801e-16
gold_sweep,57a72ad3da43,ProposedB_LinearStepB,OracleTargetTreated,50,25,2000,10,0.3,5.078344176688582,1.8744034431512675,4.691058512072319,100,0.0962814480146737,8.069000958975385,-0.3350569240104394,100,0.6721129002456172,0.6303848509439386,0.4859230578703899,100,-0.12309106159160792,0.9156305719957004,-0.09836731762535167,100,0.42385672285672293,0.14288072369978203,0.4287854667854668,100,0.2942686286286286,0.10345316364390574,0.29547347347347347,100,0.43830420549731963,0.1484051791808892,0.44786785431090803,100,-5.350405745862744,46.57550679740547,0.4787671299755786,90,-0.23813177074475766,3.28278035773012,0.542933151665881,82,-0.33320368413717566,5.187036831311714,0.5890524294245361,77,3.8776514618058417,7.58655929033812,3.2009281787974913,100,3.221747343170801,7.5856255740397565,2.8895070199310764,100,0.7767046280191575,0.41565942553789503,0.7228454477236085,100,0.5860060597885207,4.139580027876524,0.1254163334772038,100,0.1966819356823222,0.1134564427716879,0.18509162574800575,100,1.586024106185249,1.464936904930843,1.1520326331170696,100,4.309774440517197,4.02722340245457,2.9130329548533407,100,3.44383699589998,4.918023989073942,2.9204420256124197,100,0.5335294045028065,0.5394527125554778,0.45644150486906854,100,0.8617159849229751,3.488657039026131,0.766739898642067,100,0.8152002641078707,0.37712270137060466,0.7420104593889113,100,0.05441085375822672,0.05521955448402282,0.035808235554131276,100,27.48,2.0074608314731797,28.0,100,4.523024153287894,2.861774955185821,3.743988034379857,100,10.0,0.0,10.0,100,77.56056719064712,24.646560083631247,69.82484865188599,100,-2.2318653811763722,4.782479999455785e-15,4.3042319995102063e-13,0.42029347387648924,0.6723580402630482,1.0,-4.393505169720498,2.483725635893387e-17,2.7817727122005935e-15,0.42029347387648924,0.6723580402630482,1.0,0.027492923892923887,0.1555994829260015,0.7779974146300075,0.021611011011011007,0.11852387379698198,0.59261936898491,0.026524440211880825,0.14488196639013398,0.7244098319506699,1.4593239791837989,0.08468065143632872,0.7621258629269585,0.012026273380614648,0.20775975467536667,1.0,-0.10103853848775222,0.07513290151866707,0.6010632121493366,0.2073122589103381,0.16169360297069757,0.8467686362782179,0.26763205796279893,0.07378747656498581,0.6640872890848724,-0.5076006586648517,3.707823128564634e-09,3.0033367341373533e-07,-0.07270724198807406,0.7129472348148089,1.0,0.01604339176254937,0.288034904457934,1.0,-3.539206808903592,1.040096387925698e-16,1.0608983156842119e-14,-2.4951493554066007,9.668752478190519e-08,7.444939408206699e-06,1.4568907515040914,1.0381464374129197e-11,9.55094722419886e-10,-1.4568907515040914,1.0381464374129197e-11,9.55094722419886e-10,0.053526411592559754,0.07378747656498581,0.6640872890848724,-0.05352641159255974,0.07378747656498581,0.6640872890848724,0.05441085375822672,3.896559845095909e-18,2.6496606946652183e-16,27.48,2.1420168246539313e-18,1.0281680758338871e-16,66.15478279590607,3.896559845095909e-18,6.857945327368801e-16
gold_sweep,57a72ad3da43,ProposedB_SourceDR,FeasibleRestricted,50,25,2000,10,0.3,7.842987264897216,4.043586428679325,6.248463611401222,100,-0.20396749112918397,2.4954280419440025,-0.4333400519899123,100,5.750447341165984,4.526239687204082,4.357152067953534,100,-0.42334000073546546,7.3285387298843885,0.8121906018088808,100,0.40359441704917415,0.15297351460959574,0.4408631308631309,100,0.279203878892179,0.10843316492178234,0.30129729729729726,100,0.42086284745125524,0.15160697472521603,0.4557805499659312,100,-4.888293729816607,40.194523098634996,0.4387269851644908,90,-0.2102863756869166,2.761808264299215,0.5182516168899121,82,-0.2022135127353092,3.4479946106967256,0.5412001771517452,77,3.697013063027738,7.816572079267607,3.3428284098363186,100,3.0076492431873185,7.736544273826122,2.7747336204206707,100,1.1294304613181774,0.5668738552299196,1.0446072549001981,100,0.44091381839525745,7.147626807565275,-0.3798885467181482,100,0.18169670749176534,0.1028114413242568,0.17885117683775908,100,5.798678336314543,4.490464239629948,4.3571520679535345,100,7.726518049983764,4.926421048070645,6.147746132156691,100,1.5646614544067017,4.747733856223437,1.3906813086284329,100,2.4127049459960848,2.6929325027430466,1.3758324774070978,100,0.8188963649262788,3.4966071821385816,0.5432507096000176,100,0.858019884104567,0.4306909765707446,0.7353836495290478,100,0.04637816124084308,0.06159419891204441,0.03011498290889384,100,23.57,5.217017608487892,25.0,100,4.523024153287891,2.861774955185818,3.7439880343798566,100,10.0,0.0,10.0,100,88.66169533967972,26.121061784318766,86.40488338470459,100,0.5327777070322604,0.07159541733446394,1.0,0.12004453473263173,0.7700896655852555,1.0,0.6848292711998681,0.07213836661934553,1.0,0.12004453473263169,0.7700896655852555,1.0,0.007230618085375181,0.4981839177712257,1.0,0.006546261274561459,0.4371225373859976,1.0,0.009083082165816422,0.3623134822801931,1.0,1.9214359952299351,0.5288861088976597,1.0,0.03987166843845568,0.6159571374124824,1.0,0.029951632914114148,0.7279855166677033,1.0,0.026673860132234318,0.7413401306177619,1.0,0.05353395797931666,0.5845892174029008,1.0,-0.1548748253658317,0.019925599285423416,0.45828878356473857,-0.2177994833813373,0.6060299176865905,1.0,0.0010581635719924987,0.9369678210300386,1.0,0.6734474212257018,0.07660439763601899,1.0,0.9215942540599678,0.012552336622314265,0.3263607521801709,-0.42228478998918634,0.027886273986925572,0.7462525158649589,0.42228478998918634,0.027886273986925572,0.7462525158649589,0.010706791595863241,0.5845892174029008,1.0,-0.01070679159586325,0.5845892174029008,1.0,0.04637816124084308,3.896559845095909e-18,2.6496606946652183e-16,23.57,3.615399076125453e-18,1.1412741953993914e-16,77.25591094493866,3.896559845095909e-18,6.857945327368801e-16
gold_sweep,57a72ad3da43,ProxyOnly,FeasibleRestricted,50,25,2000,10,0.3,7.310209557864955,4.065231466052896,6.126935606280583,100,-0.3240120258618158,5.899554522924703,-0.5452252341596975,100,5.065618069966114,4.505555258053706,3.982437345784663,100,-0.5433845354680973,6.776537626320119,0.014073438520306625,100,0.3963637989637989,0.13755787039748926,0.4231705111705112,100,0.2726576176176176,0.09714581187027396,0.2901861861861862,100,0.41177976528543886,0.13661173857759873,0.4436543333144357,100,-6.8097297250465445,59.406416334087474,0.43758411297986877,90,-0.2501580441253723,3.034670691876767,0.493282682337046,82,-0.23216514564942334,3.403632942702487,0.5626969285974122,77,3.6703392028955037,7.916426600613039,3.2008281149913094,100,2.954115285208001,7.850913616829935,2.5172489119933257,100,1.2843052866840088,0.5837808504702614,1.2783910585646316,100,0.6587133017765946,7.4064508316969615,0.8670152833959017,100,0.1806385439197728,0.09474717751001295,0.18842078462126255,100,5.125230915088841,4.453787435195324,4.013690860684139,100,6.804923795923798,4.781708845565621,5.5016858658327035,100,1.986946244395888,4.735302330588934,2.692387725334017,100,1.9904201560068977,2.9313800122152247,0.9253616751802833,100,0.8081895733304156,3.489332155283239,0.49203795063476524,100,0.8687266757004304,0.40826159347847973,0.7630707932643707,100,0.0,0.0,0.0,100,0.0,0.0,0.0,100,,,,0,,,,0,11.405784394741058,3.9939852865110628,10.060141921043396,100,,,,,,,,,,,,,,,,,,,,,,,,,,,,,,,,,,,,,,,,,,,,,,,,,,,,,,,,,,,,,,,,,,,,,,,,
gold_sweep,57a72ad3da43,TargetOnlyDR,OracleTargetTreated,50,25,2000,10,0.3,4.697688640242865,1.315512439591147,4.408317360415731,100,0.06529574552490468,7.869910647167236,0.07595185326962048,100,0.740798257020148,0.5792116773685663,0.6465515220814723,100,-0.15407676408137708,0.930500958755474,-0.08326193409443172,100,0.47198008778008776,0.10400609980426258,0.4786291726291727,100,0.3284565765765766,0.07690793060107914,0.33231031031031033,100,0.4883115352917741,0.10482130808204149,0.49512040247652633,100,-5.709977600363453,50.51277878497246,0.5049851934265055,90,-0.028987651409763424,2.124643913560833,0.5807252868750366,82,-0.06466419610189307,2.8271222259933046,0.6226729009151691,77,4.271694596654924,8.16692506209785,3.415039875266409,100,3.599098261856181,8.030456451227208,2.9387554341570903,100,0.8991803193671554,0.3560100582064157,0.8696713933861583,100,0.053949030543390626,2.859445063459688,-0.03969877673733033,100,0.22197058871916314,0.10624044784648934,0.21250745978479674,100,1.1384145718343672,0.5906849231648172,1.0429148624639155,100,2.9314892565040918,2.1185517352017933,2.4184377700473707,100,3.4753778966744138,4.90431616778649,2.9298905318764374,100,0.5019885037283721,0.41625357528877793,0.44177407483678777,100,0.9371861686600512,3.5039415209768072,0.7057468185349431,100,0.7397300803707946,0.29912150895388423,0.6724210455599111,100,0.0,0.0,0.0,100,0.0,0.0,0.0,100,,,,0,,,,0,30.369662473201753,10.378911103824747,28.01892125606537,100,-2.6125209176220903,2.0175487407088173e-16,1.896495816266288e-14,0.38930777138672035,0.5916968660875195,1.0,-4.324819812945968,1.5932071996658114e-17,1.848120351612341e-15,0.3893077713867202,0.5916968660875195,1.0,0.07561628881628882,6.068971053695422e-07,1.5172427634238555e-05,0.05579895895895896,4.477204297201605e-07,1.1193010743004013e-05,0.07653177000633532,6.177907946404897e-07,1.5444769866012242e-05,1.0997521246830912,0.00012073218605109266,0.0025353759070729457,0.22117039271560895,2.219895540545401e-05,0.0004883770189199882,0.16750094954753034,3.387005751801683e-05,0.000812881380432404,0.6013553937594217,0.0006811279931415198,0.011579175883405837,0.6449829766481793,2.232679900122646e-06,5.5816997503066145e-05,-0.38512496731685386,1.5469347146885233e-07,9.590995231068845e-06,-0.604764271233204,0.38623912559841633,1.0,0.04133204479939035,0.001369133094257241,0.015108870235915388,-3.9868163432544748,2.6346826245998054e-17,3.2406596282577606e-15,-3.873434539419705,1.142002299734202e-13,1.0734821617501498e-11,1.4884316522785257,6.056956289571336e-12,5.632969349301343e-10,-1.4884316522785257,6.056956289571336e-12,5.632969349301343e-10,0.12899659532963573,2.232679900122646e-06,5.5816997503066145e-05,-0.12899659532963573,2.232679900122646e-06,5.5816997503066145e-05,0.0,,,0.0,,,18.963878078460695,3.896559845095909e-18,6.857945327368801e-16
gold_sweep,9575f1446686,AnchorOnly,OracleTargetTreated,100,100,2000,10,0.3,3.8257978200042686,0.7308945164777039,3.800345381202758,100,0.1779365693444073,7.733185662018005,-0.16326190283817327,100,0.32812894076912835,0.31119763448157195,0.23045059482113806,100,0.02002234644926172,0.4529847539553094,0.050896560096407306,100,0.6260814781614783,0.10051050881444337,0.6492991932991934,100,0.4495874274274274,0.0812643241233079,0.4660960960960961,100,0.6425636817950917,0.10019634257826959,0.6683228397371748,100,0.26540683575487134,1.531199864673116,0.6917821591666216,85,0.03071110575928289,5.290650098012674,0.7443485648540679,78,0.4115118249197807,1.485027104924168,0.7575097616430428,77,5.485854567992518,7.957711974728338,4.908879865717721,100,4.465053237770175,7.861424885272882,3.9099360317421485,100,1.245505853650652,0.3814956265449065,1.26308908985781,100,0.12888677732250284,2.849581678599105,0.0668278475391042,100,0.4021169759455048,0.11974800266295402,0.4282337164038689,100,0.9757712662334357,0.3826102250311214,0.955278758661662,100,2.313474303234629,0.9631648683904681,2.1947191698263944,100,3.0227292478997727,4.019680140024175,3.203200629033878,100,0.31302932227981967,0.28141288906517914,0.21518711238913957,100,0.5498600734109157,3.6303663273315117,0.5913255908755854,100,0.47530878270081856,0.16102068915373924,0.43989027108727763,100,0.008084856030557632,0.0073777498908026784,0.006982060313788295,100,12.29,1.3126809639555657,12.0,100,,,,0,,,,0,24.558707287311552,10.843516118641695,20.37354350090027,100,-2.7042111542486005,3.896559845095909e-18,5.922770964545782e-16,-0.062159464491949014,0.8258300417006286,1.0,-4.062739458650463,8.519072542858556e-18,1.1585938658287635e-15,-0.062159464491949,0.8258300417006286,1.0,0.16342538074538074,4.8816168731894246e-17,3.1730509675731262e-15,0.12875627627627625,4.7408945782600864e-17,2.9867635843038545e-15,0.16464909644481301,4.8816168731894246e-17,3.368315642500703e-15,0.36619413180111376,8.751029283180229e-13,5.075596984244533e-11,0.39703247391167035,9.787821282555831e-14,6.655718472137965e-12,0.39254394734882,3.371424994274114e-14,3.6074247438733017e-12,1.3114164377078792,9.701591089505214e-15,5.432891010122919e-13,1.0866081645887125,9.595359087770175e-16,5.949122634417508e-14,0.18601283963933476,0.00012799030939458038,0.0062715251603344385,0.49758995135101863,0.5775215365287132,1.0,0.16690063561283958,4.001557931101309e-16,2.2808880207277462e-14,-3.4999101732938276,2.198665592591444e-16,2.1766789366655297e-14,-3.54071273112255,1.7079003674309875e-14,1.7249793711052973e-12,0.7145568984657045,5.138829365202484e-12,4.88188789694236e-10,-0.7145568984657045,5.138829365202484e-12,4.88188789694236e-10,0.21732163291774254,9.595359087770175e-16,5.949122634417508e-14,-0.21732163291774254,9.595359087770175e-16,5.949122634417508e-14,0.008084856030557632,3.896559845095909e-18,2.6496606946652183e-16,12.29,2.3259665979015903e-18,1.0804181754287811e-16,12.710585432052612,4.3971135541818935e-18,6.857945327368801e-16
gold_sweep,9575f1446686,AnchorPlugin,FeasibleRestricted,100,100,2000,10,0.3,5.76737686804738,2.602566830464469,5.043604397390585,100,0.10288796000886283,4.688028273549718,0.22392147171011564,100,4.014739548107029,3.2014708683287143,3.1860262379785134,100,-0.05502626288628272,5.150466029034618,0.626133632138427,100,0.6327801291801293,0.11287272299246916,0.642945156945157,100,0.4562618618618618,0.09323603248714561,0.46136336336336337,100,0.6498438989309949,0.11143079754891186,0.6633049055205835,100,0.27648876113012977,1.4990686103925066,0.6924389672155028,85,0.027844697806389193,5.107763904746752,0.7571254535961524,78,0.33142616065814046,1.8211292942495145,0.7711547692744826,77,5.625029860023464,7.890787863011228,5.024238781958081,100,4.546786050264994,7.859560196001605,4.031517932761461,100,0.9304590283922802,0.21737287053689847,0.9327700668867607,100,-0.010582457496415822,5.025383651756166,-0.7983364581248875,100,0.4318293229838322,0.13774518905944746,0.4364388924654206,100,4.072335614326671,3.146307878432905,3.186026237978515,100,5.285783597554211,3.2844675484297086,4.376349523681617,100,2.412169507553266,4.228727655314286,2.947544280558806,100,0.9235890626263256,1.1276015541330435,0.5995678862507878,100,0.5662066359098794,3.6141967006796456,0.5919473227664666,100,0.4589622202018547,0.16310748751175838,0.430745185895861,100,0.024269543090559228,0.020214369617154417,0.020016036019184627,100,27.9,2.3376583293215596,28.0,100,,,,0,,,,0,9.247800002098083,2.6305656610027093,8.709834337234497,100,-0.7626321062054879,0.0019944733546155913,0.05783972728385215,-0.13720807382749345,0.7938513827119553,1.0,-0.37612885131256313,0.371340907219714,1.0,-0.13720807382749348,0.7938513827119553,1.0,0.1701240317640318,4.139373908714419e-18,5.922770964545782e-16,0.1354307107107107,4.139373908714419e-18,5.922436857224855e-16,0.17192931358071625,4.139373908714419e-18,5.922770964545782e-16,0.3772760571763722,2.8312403567124653e-15,2.8878651638467147e-13,0.39416606595877657,3.6404588627601734e-14,2.984344101840066e-12,0.3124582830871797,2.4628307660238145e-14,3.0046535345490535e-12,1.4505917297388249,7.117077537219983e-18,8.825176146152779e-16,1.168340977083532,4.670683307897806e-18,6.398836131819994e-16,-0.12903398561903703,1.2418346489695e-05,0.0006209173244847501,0.3581207165320999,0.49166378509120057,1.0,0.196612982651167,4.2663227307182344e-18,5.922770964545782e-16,-0.4033458252005926,0.3087995581123958,1.0,-0.5684034368029698,0.1658553570902883,1.0,0.10399715811919844,0.1953555883971776,1.0,-0.10399715811919844,0.1953555883971776,1.0,0.23366819541670636,4.670683307897806e-18,6.398836131819994e-16,-0.23366819541670636,4.670683307897806e-18,6.398836131819994e-16,0.024269543090559228,3.896559845095909e-18,2.6496606946652183e-16,27.9,2.385708031982017e-18,1.0804181754287811e-16,-2.600321853160858,3.149513313264186e-11,7.873783283160464e-10
gold_sweep,9575f1446686,DRLearner_PooledNoSite,OracleTargetTreated,100,100,2000,10,0.3,2.9559620462566802,0.9556038776205551,2.7852843673025895,100,0.13232343750895909,7.388397572656936,-0.15135786785841665,100,0.5695942481426723,0.4864788483361055,0.41765439486336664,100,-0.025590785386186424,0.750809510872323,-0.020188246020697576,100,0.7790338071538072,0.12013729870489934,0.8054200034200034,100,0.5967351351351351,0.11759911708996994,0.6097117117117117,100,0.7914097986708886,0.11760516353473437,0.8175160225369713,100,0.5857751857021629,0.858337944673568,0.845503226785917,85,0.0011567347846682546,6.679321203360453,0.8686667113335242,78,0.5443552449861924,1.7117003483494975,0.8808674737929361,77,6.7772054750351405,7.903753578670796,6.3050627846979355,100,5.435069318203262,7.807379423421796,4.916485079744295,100,0.928513314973364,0.16506963269684516,0.9393942785342021,100,0.027737341230556427,1.3914131935598355,-0.004361501701781297,100,0.6398567302267051,0.17236575851254987,0.6692976337226904,100,0.8069919350425578,0.4549896898404805,0.7366494573959044,100,1.6643441040025397,0.9131320815331962,1.5838189346668488,100,3.14056798368632,3.959364808034327,3.2635157122423273,100,0.19519058649327153,0.2203279576916532,0.14000170897008957,100,0.7438632894975328,3.6125864705706214,0.8235013764652114,100,0.2813055666142013,0.18047696244701714,0.23866626887829945,100,,,,0,,,,0,,,,0,,,,0,2.751422142982483,0.8676398097239315,2.6775717735290527,100,-3.574046927996189,3.896559845095909e-18,5.922770964545782e-16,-0.10777259632739714,0.9205734335120058,1.0,-3.8212741512769197,8.49113044453792e-17,7.811840008974887e-15,-0.1077725963273972,0.9205734335120058,1.0,0.3163777097377098,4.2663227307182344e-18,5.922770964545782e-16,0.27590398398398397,4.3971135541818935e-18,5.922436857224855e-16,0.31349521332060976,4.3971135541818935e-18,5.922770964545782e-16,0.6865624817484051,1.169004136580968e-15,1.33444149649238e-13,0.3674781029370559,1.682175044870657e-14,1.6317097935245373e-12,0.5253873674152317,2.4628307660238145e-14,3.0046535345490535e-12,2.6027673447505015,3.896559845095909e-18,5.922770964545782e-16,2.0566242450217986,3.896559845095909e-18,5.922770964545782e-16,-0.1309796990379533,0.0006984463217334928,0.03003319183454019,0.3964405152590721,0.7595963382015569,1.0,0.40464038989403983,4.3971135541818935e-18,5.922770964545782e-16,-3.6686895044847057,3.433907108732613e-17,4.0863494593918095e-15,-4.189842930354639,2.6346826245998054e-17,3.398740585733749e-15,0.8323956342522527,4.565807464592226e-14,5.478968957510671e-12,-0.8323956342522527,4.565807464592226e-14,5.478968957510671e-12,0.4113248490043598,3.896559845095909e-18,5.922770964545782e-16,-0.4113248490043598,3.896559845095909e-18,5.922770964545782e-16,,,,,,,-9.09669971227646,3.896559845095909e-18,6.857945327368801e-16
gold_sweep,9575f1446686,DRLearner_PooledWithSite,OracleTargetTreated,100,100,2000,10,0.3,2.955558473139547,0.9605809065989757,2.7677484933493015,100,0.12004826067195054,7.381094024732517,-0.14114224301506825,100,0.5764992828738538,0.488154787999603,0.44205690081499505,100,-0.037865962223194806,0.7566738339905155,-0.04435807769222255,100,0.7791261987261987,0.12020505707410233,0.8074767754767755,100,0.5969243643643645,0.11773273660600347,0.6125545545545545,100,0.7915177458620947,0.11762833191165774,0.8208573730410001,100,0.5849874542837735,0.8671935532077609,0.8486143513095276,85,-0.01416132987764496,6.824005255142821,0.8662518506909016,78,0.5452847875864869,1.7035572627878925,0.8754012885079294,77,6.786755789495064,7.9036193300831314,6.212557405202274,100,5.436623804839394,7.8142489464823,4.909751681031751,100,0.9296108008237567,0.16513746542198451,0.9411309700533199,100,0.03369414852812757,1.3868351828060466,-0.004460071633171848,100,0.6400334567911414,0.17239594189311222,0.6745096517379552,100,0.8088179614409267,0.4634633968215618,0.733581688581327,100,1.6558684053231385,0.9158680259416636,1.5560596035582803,100,3.1417860080987863,3.9589042090234097,3.268496074056409,100,0.19397256208080588,0.21944516554857862,0.13643447250951957,100,0.7441741868247596,3.6113930798219713,0.8194460284331517,100,0.2809946692869746,0.17975714000422097,0.2385214502941107,100,,,,0,,,,0,,,,0,,,,0,7.6137816119194035,2.153629738931057,7.70625913143158,100,-3.5744505011133203,3.896559845095909e-18,5.922770964545782e-16,-0.12004777316440551,0.9451754865571346,1.0,-3.814369116545738,7.559735353237344e-17,7.181748585575476e-15,-0.12004777316440554,0.9451754865571346,1.0,0.31647010131010134,4.3971135541818935e-18,5.922770964545782e-16,0.27609321321321323,4.3971135541818935e-18,5.922436857224855e-16,0.3136031605118161,4.3971135541818935e-18,5.922770964545782e-16,0.6857747503300159,1.169004136580968e-15,1.33444149649238e-13,0.35216003827474246,1.682175044870657e-14,1.6317097935245373e-12,0.5263169100155263,2.4628307660238145e-14,3.0046535345490535e-12,2.6123176592104254,3.896559845095909e-18,5.922770964545782e-16,2.058178731657932,3.896559845095909e-18,5.922770964545782e-16,-0.1298822131875604,0.000716173136332072,0.030079271725947022,0.4023973225566431,0.7439395352842529,1.0,0.40481711645847634,4.3971135541818935e-18,5.922770964545782e-16,-3.6668634780863374,3.2378376991430734e-17,3.917783615963119e-15,-4.198318629034041,2.3413085997284582e-17,3.1373535236361338e-15,0.8336136586647185,3.3675070550918815e-14,4.108358607212096e-12,-0.8336136586647185,3.3675070550918815e-14,4.108358607212096e-12,0.4116357463315864,3.896559845095909e-18,5.922770964545782e-16,-0.4116357463315864,3.896559845095909e-18,5.922770964545782e-16,,,,,,,-4.234340243339538,1.5583405211656375e-12,4.830855615613476e-11
gold_sweep,9575f1446686,EntropyBalancing,FeasibleRestricted,100,100,2000,10,0.3,7.370776266428689,3.344117743417874,6.800427557970387,100,0.12782176913379273,6.9704683425929375,-0.16093414705474626,100,5.478675548114003,3.904532332127178,4.613397311358522,100,-0.030092453761352615,6.750076633386845,0.40183625147490554,100,0.5599885984285984,0.15863408542735388,0.5643992163992164,100,0.4001584384384384,0.12711571832693297,0.395997997997998,100,0.5762783637237855,0.15857233637389373,0.5833876847607953,100,0.06036183390507113,2.153612643672386,0.633440504477033,85,-0.8402878521790774,12.00854237484297,0.7006409152133348,78,0.13841295996526734,2.5849839724074624,0.7116362095601522,77,4.978981453135259,8.056666059985991,4.781116686392553,100,4.008915645501443,7.984286847642523,3.691083484496808,100,0.6328247655463247,0.24456853503485912,0.6204037796794374,100,0.10628650315336075,5.950513646162187,-0.04110606292945893,100,0.35594819474160466,0.17822645927978017,0.33519326893269147,100,5.678660460680235,3.7335995889398115,5.006876478942509,100,8.77004430632918,4.884312134339003,8.137660432705932,100,1.9612353756527958,4.164229604518308,2.0143604208598775,100,1.374523194526796,1.3776057923719767,0.99402084626058,100,0.4586325549571694,3.6023417585627158,0.4599153911495919,100,0.5665363011545648,0.24365712640091727,0.5314802436626755,100,,,,0,,,,0,,,,0,,,,0,9.452736887931824,2.572597562552636,9.776920437812805,100,0.8407672921758206,0.02304229152554076,0.45261733319632935,-0.11227426470256355,0.8662073147584464,1.0,1.087807148694412,0.01750703830017993,0.6827744937070173,-0.11227426470256346,0.8662073147584464,1.0,0.097332501012501,3.4111142754357864e-09,1.1938899964025252e-07,0.0793272872872873,1.8530393603675483e-09,6.485637761286419e-08,0.09836377837350688,3.137569850407762e-09,1.0981494476427166e-07,0.16114912995131342,8.916976977652987e-07,2.8534326328489558e-05,-0.4739664840266903,1.1307305498852874e-05,0.00028268263747132185,0.11944508239430658,6.4422582111544195e-06,0.00018038322991232374,0.8045433228506211,1.0233566903322875e-07,3.0700700709968626e-06,0.630470572319981,8.628249618279228e-08,2.5884748854837686e-06,-0.4266682484649928,9.967579141863275e-15,1.1662067595980031e-12,0.47498967718187635,0.75175516524754,1.0,0.12073185440893941,2.2429783625423012e-10,7.850424268898054e-09,1.20297902115297,0.007705662880195226,0.308226515207809,2.9158572719719995,1.0663427906445375e-06,7.784302371705124e-05,-0.3469369737812719,0.023069313724655992,0.6690100980150238,0.346936973781272,0.023069313724655992,0.6690100980150238,0.1260941144639963,8.628249618279228e-08,2.5884748854837686e-06,-0.1260941144639963,8.628249618279228e-08,2.5884748854837686e-06,,,,,,,-2.395384967327118,0.000873782048900225,0.002433742740320188
gold_sweep,9575f1446686,IPWTransport,FeasibleRestricted,100,100,2000,10,0.3,4.884262941914915,2.710138986792724,4.17758668778999,100,-0.1312482184746698,6.287427790546596,-0.5579596627268927,100,3.348948195890519,3.0499709494151723,2.7296574458990053,100,-0.28916244136981534,4.5328362768514525,-0.22668087536891418,100,0.7383805794205793,0.14447754317315262,0.7717255237255238,100,0.5583527527527528,0.13263996763266897,0.5772272272272272,100,0.7515696861756801,0.14270850097538318,0.7863206594297399,100,0.5134049887531343,1.0269869082270888,0.810709949881821,85,-0.13159495707633614,7.462786702303859,0.8398735975898062,78,0.46592155544324976,1.9843396646913676,0.8532541193943348,77,6.4332147675960005,7.88468829369984,6.068833434882649,100,5.1606572883621675,7.812141766371715,4.760840076422071,100,0.8845142522498128,0.1867433847415837,0.8989859019686863,100,0.2707882435167635,4.494130497925468,-0.18099466963474015,100,0.5848747274923732,0.19529751573640405,0.6216409850592564,100,3.4390793584423216,2.976740279851339,2.7296574458990053,100,4.636151888824933,3.3435229210339483,3.6987418929080986,100,2.5406666301445666,4.131314071471552,2.828711657964638,100,0.7950919400350247,1.3505898114206667,0.331618422293146,100,0.688980883529314,3.6130726366199255,0.7556478759578644,100,0.3361879725824203,0.216429351900745,0.28135878325430586,100,,,,0,,,,0,,,,0,,,,0,3.9139045095443725,1.1944594204109644,3.9986507892608643,100,-1.6457460323379536,1.062771366231205e-07,5.526411104402266e-06,-0.37134425231102614,0.5588737261094053,1.0,-1.0419202035290729,0.0063328576554429975,0.2913114521503779,-0.37134425231102625,0.5588737261094053,1.0,0.275724482004482,7.333806979251821e-18,7.333806979251821e-16,0.23752160160160163,7.117077537219983e-18,7.117077537219983e-16,0.27365510082540134,8.267798584515514e-18,8.185120598670359e-16,0.6141922847993767,3.494709951968906e-15,3.515525350491104e-13,0.23472641107605122,1.6624345537549373e-12,8.977146590276662e-11,0.44695367787228896,3.2419380091424707e-14,3.533712429965293e-12,2.258776637311361,9.601770743442903e-18,1.1138054062393767e-15,1.7822122151807045,5.767203615817138e-18,7.151332483613251e-16,-0.17497876176150468,4.42898588521657e-06,0.00024359422368691136,0.6394914175452793,0.358601729152343,1.0,0.34965838715970804,7.55704804907942e-18,7.708189010061009e-16,-1.036602081084942,0.003874622132922701,0.17435799598152155,-1.2180351455322465,0.0020411585418374637,0.07756402458982362,0.2324942807104996,0.004122485495185555,0.14840947782668,-0.23249428071049952,0.004122485495185555,0.14840947782668,0.35644244303614075,5.767203615817138e-18,7.151332483613251e-16,-0.35644244303614075,5.767203615817138e-18,7.151332483613251e-16,,,,,,,-7.934217345714569,4.0161556854627e-18,6.857945327368801e-16
gold_sweep,9575f1446686,OutcomeModelTransport,FeasibleRestricted,100,100,2000,10,0.3,4.876727107025686,2.688537340408261,4.095722632557753,100,-0.17954377117733863,6.318795387393081,-0.5858129018076474,100,3.356150430560275,3.027728314994009,2.745984999723425,100,-0.3374579940724841,4.519914987212154,-0.22173165296329078,100,0.7397104583104585,0.1430395699620259,0.771882507882508,100,0.5595086286286286,0.13171901160379534,0.57993993993994,100,0.752883057674022,0.14125612344650187,0.7885807590095234,100,0.5109302761017461,1.067984240290904,0.8091168959929955,85,-0.13098739719180932,7.4875692949343255,0.8454331284489185,78,0.46819093972327447,1.9840127439121225,0.8532823514114964,77,6.451278481213803,7.887179315980352,6.066323980651596,100,5.172339310710998,7.81386967547992,4.755423386128182,100,0.8867248179095597,0.18347491369232977,0.9088988741932017,100,0.3070693312717064,4.486331260787367,0.16149123578882113,100,0.5864369072512351,0.19410223077291924,0.6229070887208942,100,3.440396501148621,2.955156962001203,2.754057857966734,100,4.612812870926298,3.3150902895711685,3.767059515455146,100,2.5512714031531134,4.113560102163998,2.8352243611511767,100,0.7844871670264791,1.3443898965467063,0.32406928945233265,100,0.69131728799908,3.612838535793221,0.8028796288859023,100,0.3338515681126538,0.21335497433634798,0.27787437263623194,100,,,,0,,,,0,,,,0,,,,0,0.4525981664657593,0.19424600054119537,0.4249391555786133,100,-1.6532818672271827,8.793797314470536e-08,4.660712576669384e-06,-0.4196398050136949,0.5157933846475856,1.0,-1.0347179688593164,0.007705662880195226,0.3390491667285899,-0.4196398050136949,0.5157933846475856,1.0,0.27705436089436086,7.55704804907942e-18,7.481477568588626e-16,0.23867747747747747,7.117077537219983e-18,7.117077537219983e-16,0.27496847232374305,8.267798584515514e-18,8.185120598670359e-16,0.6117175721479884,3.8816594093661015e-15,3.6875764388977963e-13,0.23533397096057826,1.6038806686521213e-12,8.821343677586667e-11,0.4492230621523137,3.2419380091424707e-14,3.533712429965293e-12,2.2768403509291644,1.0192962404545369e-17,1.1721906765227174e-15,1.7938942375295361,5.430296382634715e-18,6.896476405946087e-16,-0.1727681961017575,5.481399021085466e-06,0.00029599554713861514,0.6757725053002218,0.33395948157301447,1.0,0.35122056691856973,7.55704804907942e-18,7.708189010061009e-16,-1.0352849383786418,0.004608747355857628,0.20278488365773562,-1.2413741634308806,0.0019487700360191424,0.07600203140474655,0.24309905371904528,0.0025780245032132514,0.09796493112210355,-0.24309905371904525,0.0025780245032132514,0.09796493112210355,0.35877884750590716,5.430296382634715e-18,6.896476405946087e-16,-0.35877884750590716,5.430296382634715e-18,6.896476405946087e-16,,,,,,,-11.395523688793183,3.896559845095909e-18,6.857945327368801e-16
gold_sweep,9575f1446686,ProposedA,OracleTargetTreated,100,100,2000,10,0.3,3.517920819194956,0.660990285456916,3.4689334788744093,100,0.13518779581459822,7.727762239540303,-0.5240925966708472,100,0.2482359183949201,0.19505376150817866,0.19898127005927102,100,-0.022726427080547264,0.315860362436971,-0.0693604742616315,100,0.7255032053832053,0.05017997046375108,0.7273620073620075,100,0.5342052852852853,0.045766883590456095,0.5342822822822824,100,0.7405446520255132,0.048403231714986554,0.7430139905295543,100,0.504018962951064,0.8676491684875426,0.7722832070795224,85,0.17932270866172098,4.77716963587907,0.8152206050832241,78,0.5647136208969147,0.9726327187911892,0.8299504707516615,77,6.344625867144593,7.986003348390307,6.048409718847917,100,5.128551591679932,7.8991927966411115,4.698958829892511,100,1.6135508267040088,0.2913086499517057,1.613268427811836,100,-0.1915149475717899,4.951188908636831,0.16854295338658748,100,0.5382796844841004,0.07402729633688225,0.5411636387811136,100,1.1494198652409882,0.35301380396014076,1.1124933283398568,100,2.872712407752422,0.7892624955022801,2.817190493369271,100,3.064064918059626,3.9829432088623133,3.2812010124985926,100,0.2716936521199654,0.24838392861473116,0.2175160611235908,100,0.682559744192867,3.6058278607761296,0.7310692187503767,100,0.3426091119188671,0.10307003476303934,0.3286428342972487,100,0.025572682547909956,0.011795282525827037,0.023920088144484226,100,27.99,1.3218826488662816,28.0,100,,,,0,,,,0,34.61751024723053,13.76171139433356,29.56523847579956,100,-3.0120881550579135,3.896559845095909e-18,5.922770964545782e-16,-0.104908238021758,0.8851770022716838,1.0,-4.1426324810246715,8.023842397878198e-18,1.1153140933050697e-15,-0.1049082380217581,0.8851770022716838,1.0,0.262847107967108,4.0161556854627e-18,5.922770964545782e-16,0.2133741341341341,4.0161556854627e-18,5.922436857224855e-16,0.26263006667523464,4.0161556854627e-18,5.922770964545782e-16,0.6048062589973063,1.169004136580968e-15,1.33444149649238e-13,0.5456440768141086,1.682175044870657e-14,1.6317097935245373e-12,0.5457457433259539,2.4628307660238145e-14,3.0046535345490535e-12,2.1701877368599556,4.139373908714419e-18,6.002092167635907e-16,1.7501065184984703,4.0161556854627e-18,5.922770964545782e-16,0.5540578126926916,4.00362761898488e-14,4.444026657073217e-12,0.17718822645672577,0.8044753358016482,1.0,0.3030633441514351,4.139373908714419e-18,5.922770964545782e-16,-3.3262615742862756,4.527740968981152e-15,4.029689462393225e-13,-2.9814746266047574,1.227493043781731e-11,1.0801938785279232e-09,0.7558925686255589,2.7404081965429967e-12,2.6581959506467066e-10,-0.7558925686255589,2.7404081965429967e-12,2.6581959506467066e-10,0.35002130369969386,4.0161556854627e-18,5.922770964545782e-16,-0.35002130369969386,4.0161556854627e-18,5.922770964545782e-16,0.025572682547909956,3.896559845095909e-18,2.6496606946652183e-16,27.99,2.0090076294983624e-18,1.0045038147491811e-16,22.76938839197159,6.311606041551026e-18,6.857945327368801e-16
gold_sweep,9575f1446686,ProposedB_LinearStepB,OracleTargetTreated,100,100,2000,10,0.3,3.660100701220107,0.6969452820920422,3.6081029922855237,100,0.15777322994633458,7.736824752199756,-0.26729080190563603,100,0.2930095893592642,0.21546522138737603,0.2380401002185908,100,-0.00014099294881095292,0.3648932438159608,-0.008179062425201167,100,0.6722528914928916,0.07809766614000158,0.6770479910479911,100,0.4878355555555556,0.06634053098553319,0.4887947947947948,100,0.6882561541275618,0.07695925289915186,0.6924993837842885,100,0.38673715699159983,1.1537048814820354,0.7483137570254389,85,0.23555234746973894,3.878273520906657,0.773697930641077,78,0.4876515012082317,1.1685873799973299,0.7862760215261273,77,5.867718411776131,7.934653719289785,5.456127914694392,100,4.7940140860105105,7.833498337274474,4.658971034079917,100,1.3828178261499167,0.32953360864794135,1.3760496108323736,100,-0.06685602309566052,3.241184973568188,-0.1032148649864332,100,0.46132028848562096,0.10277702812098297,0.46298817988695007,100,0.9763350303386465,0.3831927612234553,0.9840212319833381,100,2.415427260796459,0.9740758185070264,2.5167260538433185,100,3.0510301096170513,3.9995511105131962,3.2137166009772686,100,0.28472846056254053,0.25582289183611745,0.2208118087577351,100,0.6156522430589828,3.6283898563823693,0.7342904975084625,100,0.40951661305275133,0.13178700897344267,0.38155023049173664,100,0.022065273364136245,0.014337398764565181,0.01833642505542471,100,29.37,0.8122173167921068,30.0,100,4.278110023679814,2.5219801406499798,3.745997216010302,100,10.0,0.0,10.0,100,96.5010821557045,29.851003079862775,88.26651978492737,100,-2.8699082730327614,4.0161556854627e-18,5.922770964545782e-16,-0.08232280389002168,0.8608010376424908,1.0,-4.097858810060328,1.0501887534614503e-17,1.3337397168960419e-15,-0.08232280389002165,0.8608010376424908,1.0,0.20959679407679407,5.767203615817138e-18,6.170907868924337e-16,0.1670044044044044,5.269204481546392e-18,5.922436857224855e-16,0.21034156877728305,5.94331234302936e-18,6.299911083611122e-16,0.48752445303784214,5.696498153344304e-15,4.955953393409544e-13,0.6018737156221265,1.8179862142126476e-14,1.6725473170756358e-12,0.46868362363727095,2.4628307660238145e-14,3.0046535345490535e-12,1.6932802814914916,2.483725635893387e-17,2.558237404970189e-15,1.415569012829049,9.044445868078014e-18,1.0220223830928157e-15,0.32332481213859965,4.200518502089684e-09,3.2764044316299535e-07,0.301847150932855,0.9205734335120058,1.0,0.22610394815295576,6.906672275406012e-18,7.252005889176312e-16,-3.499346409188617,6.658387362535723e-16,6.25888412078358e-14,-3.43875977356072,1.6409015596347118e-13,1.4932204192675878e-11,0.7428577601829836,3.2113058768100126e-12,3.082853641737612e-10,-0.7428577601829836,3.2113058768100126e-12,3.082853641737612e-10,0.28311380256580976,9.044445868078014e-18,1.0220223830928157e-15,-0.28311380256580976,9.044445868078014e-18,1.0220223830928157e-15,0.022065273364136245,3.896559845095909e-18,2.6496606946652183e-16,29.37,5.68064297089241e-19,3.521998641953294e-17,84.65296030044556,3.896559845095909e-18,6.857945327368801e-16
gold_sweep,9575f1446686,ProposedB_SourceDR,FeasibleRestricted,100,100,2000,10,0.3,7.533457897381419,3.4327387630133925,6.579559000272781,100,0.15043820844604563,2.358021916318971,0.08806275897465253,100,5.580677922358947,4.206250135637317,4.518896846222788,100,-0.007476014449099884,7.010779937866969,0.8124923302234357,100,0.432144505031229,0.11867426027557097,0.44549133149133147,100,0.2988672062248598,0.08576494510590843,0.3071971971971972,100,0.44701675820227066,0.12206274033174838,0.4628899652775298,100,-0.12148629064882058,2.1454458288073894,0.5583783085120624,85,-1.2519380793501644,14.284501938445793,0.6169922565098147,78,-0.0763964819735946,3.0125746269892755,0.6398513468480898,77,3.835195878264135,7.886593233271093,3.601421976355316,100,3.137941271425748,7.784643118252799,2.6472824831480133,100,1.1585467879265636,0.599092414527025,1.0602062193641628,100,0.0811097419268891,6.699204274954015,-0.7356990300132911,100,0.19787546402039044,0.09864372682609625,0.20036739889698796,100,5.687796631165234,4.087917398334798,4.518896846222788,100,7.471368513904355,4.438690050570074,6.538135458334714,100,1.3865642772281603,4.2061652550062325,1.5088051038534671,100,1.9491942929514317,1.9315560768890794,1.3868184403140311,100,0.28443768014203025,3.594348492314868,0.2347740750956509,100,0.7407311759697041,0.22756747812707384,0.7227763428562981,100,0.017654754638847456,0.014941436069524828,0.014094629500952641,100,27.78,2.418698205667878,29.0,100,4.2781100236798135,2.521980140649977,3.745997216010302,100,10.0,0.0,10.0,100,94.46306114673615,25.915926962624685,93.47763359546661,100,1.0034489231285506,0.01001516391653368,0.2403639339968083,-0.0896578253903106,0.9945132706275845,1.0,1.1898095229393555,0.018002461636592713,0.6840935421905231,-0.08965782539031053,0.9945132706275845,1.0,-0.030511592384868443,0.02977871411538426,0.23822971292307407,-0.021963944926291345,0.03003845217390292,0.24030761739122336,-0.03089782714800805,0.030829381083950343,0.2703460695651263,-0.020698994602578204,0.2174018551671949,1.0,-0.8856167111977766,0.04393459074064036,0.48328049814704394,-0.09536435954455535,0.02158719719579413,0.25904636634952954,-0.3392422520205043,0.02542318251576241,0.2294323488640892,-0.2405038017557149,0.04249786023307309,0.42497860233073087,0.09905377391524635,0.32882454634893676,1.0,0.4498129159554047,0.7027179816787763,1.0,-0.037340876312274764,0.0012590725196596157,0.015108870235915388,1.212115191637971,0.013430106131661013,0.5103440330031185,1.6171814795471757,0.005947536126421813,0.17247854766623258,-0.9216080722059072,1.1821725242309256e-05,0.0007579237757330686,0.9216080722059072,1.1821725242309256e-05,0.0007579237757330686,-0.048100760351142934,0.04249786023307309,0.42497860233073087,0.048100760351142934,0.04249786023307309,0.42497860233073087,0.017654754638847456,3.896559845095909e-18,2.6496606946652183e-16,27.78,2.6377244931789557e-18,1.0804181754287811e-16,82.6149392914772,3.896559845095909e-18,6.857945327368801e-16
gold_sweep,9575f1446686,ProxyOnly,FeasibleRestricted,100,100,2000,10,0.3,6.530008974252868,2.727432829189836,5.699500509262309,100,0.24009603383635628,7.82469108860913,-0.5346933625252559,100,4.390868399419592,3.500068753777399,3.501833324317791,100,0.08218181094121077,5.631885049558772,-0.1824878518295741,100,0.4626560974160974,0.11344903336198692,0.4532873552873553,100,0.32083115115115113,0.08368228150650198,0.3103943943943944,100,0.47791458535027864,0.11521479890085214,0.47548713413202837,100,-0.10078729604624236,2.397159221800958,0.5261196532503218,85,-0.36632136815238747,6.9235152599617376,0.5958314848040839,78,0.018967877570960745,2.6247783002422627,0.6017804414886945,77,4.174438130284639,7.809623435121797,3.3306391105109565,100,3.3784450731814615,7.774065824183783,2.85851174702797,100,1.0594930140113172,0.3913017912615921,1.036944307159453,100,-0.3687031740285157,6.582358763333525,0.3780852469537709,100,0.23521634033266522,0.10831999151995352,0.21567634309694766,100,4.475681439527262,3.419798045166073,3.50183332431779,100,5.854187034357179,3.579293490003355,5.101106328295078,100,2.308172349434068,4.532500930825525,2.6724789453888143,100,1.027586220745524,1.4592900920829308,0.5783171076315118,100,0.3325384404931731,3.6284644324401856,0.32179134623343153,100,0.692630415618561,0.1792177958229098,0.6404333509825388,100,0.0,0.0,0.0,100,0.0,0.0,0.0,100,,,,0,,,,0,11.848121855258942,4.061474043447188,10.983522057533264,100,,,,,,,,,,,,,,,,,,,,,,,,,,,,,,,,,,,,,,,,,,,,,,,,,,,,,,,,,,,,,,,,,,,,,,,,
gold_sweep,9575f1446686,TargetOnlyDR,OracleTargetTreated,100,100,2000,10,0.3,3.60308128434793,0.6638626902433833,3.555352456958375,100,0.15095929516752674,7.704453704948608,-0.2857781792233031,100,0.3223726354959513,0.293899686120127,0.21668041068764587,100,-0.006954927727618743,0.4373808644064027,0.009802721889479393,100,0.6880126502926504,0.05716130749670514,0.6904762684762684,100,0.5003383783783785,0.04944460149489525,0.5023743743743744,100,0.703481067257959,0.055707205712198796,0.7070403799292174,100,0.36855533107170596,1.3366312604434423,0.7418191287230416,85,0.1950147954004638,4.277050112736349,0.7747005309449451,78,0.49543766537625034,1.2045331441436327,0.7899678120301374,77,5.953322325023996,8.019211975111716,5.507167084640565,100,4.857271012997916,7.903052211824318,4.338166645363229,100,1.4317392894640693,0.2582379760522402,1.425974722904935,100,-0.15915133361808353,3.8781521357793123,-0.17212701467453395,100,0.48346766528395435,0.07809964204026688,0.496255388797013,100,1.0111066873537862,0.35814138551848385,1.0077988133548788,100,2.409553218038991,0.9330708255466877,2.348490480077305,100,3.050260913878398,4.004505581438402,3.233677165639703,100,0.28549765630119356,0.25582623565990764,0.2105376684992138,100,0.6283036284564638,3.60634358852982,0.7086591600126367,100,0.3968652276552703,0.10938696129086353,0.3719730141822071,100,0.0,0.0,0.0,100,0.0,0.0,0.0,100,,,,0,,,,0,30.433575603961945,9.377781013324592,27.378969192504883,100,-2.9269276899049395,3.896559845095909e-18,5.922770964545782e-16,-0.08913673866882948,0.8446222853530765,1.0,-4.06849576392364,9.044445868078014e-18,1.18482240871822e-15,-0.08913673866882948,0.8446222853530765,1.0,0.22535655287655293,3.896559845095909e-18,5.922770964545782e-16,0.17950722722722726,3.896559845095909e-18,5.922436857224855e-16,0.22556648190768036,3.896559845095909e-18,5.922770964545782e-16,0.46934262711794844,3.748206805233702e-15,3.6456642597860585e-13,0.5613361635528512,1.682175044870657e-14,1.6317097935245373e-12,0.4764697878052896,2.4628307660238145e-14,3.0046535345490535e-12,1.7788841947393552,7.55704804907942e-18,9.144028139386099e-16,1.4788259398164538,4.2663227307182344e-18,5.922770964545782e-16,0.37224627545275174,9.010141543147884e-13,9.190344374010842e-11,0.20955184041043196,0.9069368853915614,1.0,0.24825132495128924,3.896559845095909e-18,5.922770964545782e-16,-3.4645747521734775,1.5137158701684123e-16,1.5288530288700965e-14,-3.444633816318189,1.1720978734947919e-14,1.2189817884345836e-12,0.7420885644443304,2.631302279720464e-12,2.578676234126055e-10,-0.7420885644443304,2.631302279720464e-12,2.578676234126055e-10,0.2957651879632907,4.2663227307182344e-18,5.922770964545782e-16,-0.2957651879632907,4.2663227307182344e-18,5.922770964545782e-16,0.0,,,0.0,,,18.585453748703003,3.896559845095909e-18,6.857945327368801e-16
gold_sweep,97c52a630e85,AnchorOnly,OracleTargetTreated,25,50,2000,10,0.3,4.26143009163156,0.8534153429820869,4.200861354570348,100,-0.6123316392012031,7.6071287316600555,-0.19741238589428772,100,0.5163333102428516,0.35233575563874875,0.5199955567140468,100,-0.04861627639114286,0.6253367777823285,-0.03789694401047328,100,0.5028993202593203,0.10508246179747864,0.5142806562806563,100,0.3512056056056057,0.07867239690748432,0.3592032032032032,100,0.5186989412934012,0.10545700127294519,0.5322893711995147,100,-0.3580407515314484,6.1056790656302455,0.5809492928302482,86,-0.4320493361233695,6.439266260611891,0.6118626923194495,82,0.34410342305209557,0.9433051501332549,0.6448358316150589,78,3.6731364416286363,7.847341064645687,4.186149940012637,100,2.892472019393407,7.76369537086814,3.265997356210258,100,0.9943525280573015,0.3432380732226082,0.9255081805828496,100,0.029347080166975577,2.839545451639223,0.14903515662131267,100,0.2669734098429095,0.10603355622663341,0.26435672673759025,100,0.9475291264697764,0.48839052645130215,0.9019936153327033,100,2.340355902452395,1.3619359777318651,2.046329181586242,100,2.9888582314944467,4.461628045712962,2.8085205819035837,100,0.44253695949718036,0.3511832975481322,0.41550849839321424,100,0.7992280887684704,3.9059790009841073,1.0252696357161049,100,0.6614968062689459,0.1939714831048308,0.6265259638508961,100,0.03304848484290908,0.06001113422358193,0.006188298962238246,100,1.99,2.2674463899534936,1.0,100,,,,0,,,,0,19.080328242778776,5.874452680380336,16.956891417503357,100,-5.508840804615273,4.3971135541818935e-18,5.922770964545782e-16,-0.18673107979909212,0.5964572394238804,1.0,-7.2967740415114415,9.601770743442903e-18,1.2482301966475774e-15,-0.18673107979909212,0.5964572394238804,1.0,0.22661808785808785,7.782675474469018e-17,4.825258794170791e-15,0.16321173173173176,8.248184779150681e-17,5.113874563073422e-15,0.23000602982750348,6.928021197254875e-17,4.572493990188218e-15,0.6647897362147378,8.930131926766765e-14,5.804585752398398e-12,0.8277405458601917,6.575106278390285e-14,4.7998275832249084e-12,0.3323993287700502,1.479971460820453e-13,1.1099785956153397e-11,1.7242375421644376,1.0240740550959064e-14,5.632407303027485e-13,1.5011400970254363,9.595359087770175e-16,5.949122634417508e-14,0.39898326049518845,4.696115989201907e-12,4.5082713496338303e-10,-0.03342926023948739,0.7700896655852555,1.0,0.16798954828034104,3.010681278678945e-16,1.7763019544205778e-14,-6.996058360837228,1.1485179010089616e-17,1.5619843453721877e-15,-7.8558867089563895,3.750168121901122e-17,4.762713514814425e-15,1.32465869756374,1.3139204919130557e-13,1.4138447545563244e-11,-1.32465869756374,1.3139204919130557e-13,1.4138447545563244e-11,0.30022801940508737,9.595359087770175e-16,5.949122634417508e-14,-0.3002280194050873,9.595359087770175e-16,5.949122634417508e-14,0.03304848484290908,3.896559845095909e-18,2.6496606946652183e-16,1.99,3.0080469961859847e-11,9.024140988557953e-11,8.578243856430054,4.139373908714419e-18,6.857945327368801e-16
gold_sweep,97c52a630e85,AnchorPlugin,FeasibleRestricted,25,50,2000,10,0.3,6.704487054567843,3.516477847595282,5.967903585378315,100,-0.09091627356569226,4.944646949298617,-0.02692159229454471,100,4.694890145430756,4.110167942220597,4.127434530115552,100,0.4727990892443682,6.239577184506332,0.4596380294625255,100,0.5043878772278773,0.1280237207158891,0.510018366018366,100,0.3537220820820821,0.09671553303577002,0.3558018018018018,100,0.5216410209998482,0.12867430501522484,0.5281524441846546,100,-0.37920059984897175,6.642125444689412,0.580005090261464,86,-0.5931236505423112,7.976710249369362,0.610720495987549,82,0.3892991283936513,0.6837203954489233,0.6161496002005078,78,3.787025711129114,7.695974110360369,3.919707042292386,100,2.9301929906317996,7.648948429112942,3.0778599469948134,100,0.8657736783597124,0.28634560479669213,0.8831206020405484,100,-0.38727692975369926,5.859779153036991,-0.9125269047860841,100,0.28645474664850723,0.1254408393886698,0.27428126529284497,100,4.809914468458083,4.024508610673147,4.241998805101556,100,6.304010635996682,4.504857308443898,5.8292786428999275,100,1.8263218037489617,4.5757989889541,1.9717010833833795,100,1.6050733872426648,2.360608930202362,1.035973775455453,100,0.806772283016149,3.87413819086864,0.8392968181397297,100,0.6539526120212671,0.24958855784026404,0.601420971480356,100,0.22254769929946927,0.2785682503704314,0.10334020501218041,100,14.74,8.003307397128346,15.0,100,,,,0,,,,0,8.509852781295777,1.7056056533579658,7.971713662147522,100,-3.065783841678989,6.61356107217926e-09,4.1004078647511415e-07,0.33468428583641874,0.5382508806114013,1.0,-3.118217206323536,8.643689552366195e-07,6.050582686656336e-05,0.3346842858364189,0.5382508806114013,1.0,0.22810664482664486,1.219062650217942e-17,1.072775132191789e-15,0.16572820820820822,1.2938800168252932e-17,1.1256756146380051e-15,0.23294810953395037,1.1485179010089616e-17,1.0566364689282447e-15,0.6436298878972142,1.7048291550617612e-14,1.295376084182203e-12,0.6666662314412499,1.6965392099618872e-14,1.6317097935245373e-12,0.37759503411160594,3.6404588627601734e-14,3.713268040015377e-12,1.8381268116649176,1.4289849453522757e-16,1.0860285584677296e-14,1.5388610682638302,2.794684092654649e-17,2.571109365242277e-15,0.27040441079759947,4.4702031274545934e-09,3.397354376865491e-07,-0.45005327016016244,0.6648484633803489,1.0,0.18747088508593876,1.5932071996658114e-17,1.3542261197159397e-15,-3.1336730188489224,5.453214460509749e-07,3.8717822669619224e-05,-3.8922319754121024,6.000040731702688e-08,4.740032178045124e-06,0.1621222698182555,0.012481021506039766,0.37443064518119296,-0.16212226981825556,0.012481021506039766,0.37443064518119296,0.307772213652766,2.794684092654649e-17,2.571109365242277e-15,-0.307772213652766,2.794684092654649e-17,2.571109365242277e-15,0.22254769929946927,3.896559845095909e-18,2.6496606946652183e-16,14.74,5.2941111720151985e-17,6.27935760847387e-16,-1.992231605052948,5.5634556953558915e-12,1.5021330377460906e-10
gold_sweep,97c52a630e85,DRLearner_PooledNoSite,OracleTargetTreated,25,50,2000,10,0.3,3.342001319742497,1.288334343642483,3.1003356469202226,100,-0.45251634270261065,6.921075272874912,-0.08577066675489832,100,1.0918709355086753,1.133722148588884,0.7139440721464039,100,0.11119902010744985,1.5738679012357166,0.09363196894293613,100,0.759649656049656,0.12829322061876575,0.7896596616596616,100,0.57738986986987,0.1213888497634568,0.5963683683683684,100,0.7731084935343173,0.12496313581962026,0.8048461218215102,100,0.5612717033571656,1.5107172455480404,0.7856902869851448,86,0.4270630816001806,2.4360238994635663,0.8084817666960336,82,0.7121074414755811,0.3198043713014698,0.8187584880026374,78,5.940776026799957,7.42514152318095,6.1108747693750685,100,4.605615793586049,7.445368069346242,4.815581790723739,100,0.9106627354724733,0.17679710698437653,0.9211483507816063,100,-0.009400700167961911,2.1530080086355063,-0.3143292590680158,100,0.6133926440747223,0.17538525870313967,0.6493275007219218,100,1.2709747379341878,1.0652271450406043,0.9659852460100554,100,2.3105006329867153,1.5236928297202907,2.0996544936342834,100,3.128999139865895,4.421968107690825,2.841375421418803,100,0.30239605112573115,0.347765972540264,0.21960629584362956,100,1.1418568436069991,3.8897964531668587,1.2679725885070265,100,0.31886805143041747,0.24014372661892794,0.26629044096013677,100,,,,0,,,,0,,,,0,,,,0,1.6534039902687072,0.6757566555208199,1.5394624471664429,100,-6.428269576504334,3.896559845095909e-18,5.922770964545782e-16,-0.02691578330049934,0.7727196720119712,1.0,-6.721236416245619,7.559735353237344e-17,7.181748585575476e-15,-0.026915783300499374,0.7727196720119712,1.0,0.4833684236484237,3.896559845095909e-18,5.922770964545782e-16,0.38939599599599606,3.896559845095909e-18,5.922436857224855e-16,0.4844155820684194,4.0161556854627e-18,5.922770964545782e-16,1.5841021911033517,8.8782083380775275e-16,1.0387503755550708e-13,1.6868529635837417,4.092811432456671e-15,4.870445604623438e-13,0.7004033471935358,1.8179862142126476e-14,2.3088424920500624e-12,3.9918771273357594,4.2663227307182344e-18,6.143504732234258e-16,3.2142838712180786,4.139373908714419e-18,5.922770964545782e-16,0.3152934679103604,3.737167999465526e-10,3.101849439556386e-08,-0.07217704057442498,0.9397030087863819,1.0,0.5144087825121539,3.896559845095909e-18,5.922770964545782e-16,-6.672612749372816,3.2378376991430734e-17,3.917783615963119e-15,-7.88574197842207,6.536103994610526e-17,7.974046873424841e-15,1.4647996059351889,2.2530429232330844e-14,2.8163036540413554e-12,-1.464799605935189,2.2530429232330844e-14,2.8163036540413554e-12,0.6428567742436156,4.139373908714419e-18,5.922770964545782e-16,-0.6428567742436158,4.139373908714419e-18,5.922770964545782e-16,,,,,,,-8.848680396080017,3.896559845095909e-18,6.857945327368801e-16
gold_sweep,97c52a630e85,DRLearner_PooledWithSite,OracleTargetTreated,25,50,2000,10,0.3,3.358637261305578,1.3026022298223432,3.116189209407094,100,-0.4474810132815458,6.9072103339406015,-0.16220325097983063,100,1.1315361618911657,1.1621651517008622,0.7969461263737041,100,0.11623434952851451,1.6218162978981199,0.0843468746890842,100,0.7596838406038406,0.12847851443568026,0.7875080775080776,100,0.5774343543543544,0.12139667619021838,0.5947267267267267,100,0.7731237101883921,0.125187125493738,0.8041275856662939,100,0.5586872612032127,1.5550040353419663,0.7820569261668125,86,0.43316375319860506,2.407025982402317,0.8085004509631945,82,0.7108728407702568,0.32656026478956135,0.8158650548947033,78,5.942325750201372,7.401104999605083,6.1215798477050996,100,4.611576457563474,7.449956946660722,4.85215436577009,100,0.9111525442392222,0.17697443423666634,0.9201651247120698,100,-0.01193335506460174,2.206890598380773,-0.33456200845675543,100,0.6135040333788871,0.175428921316912,0.6505787319033352,100,1.305218796491246,1.0934859394724765,0.9997685568463273,100,2.358265538552229,1.5783380978278414,2.1075715873141787,100,3.1259545822638115,4.420902505202064,2.851113976618503,100,0.30544060872781503,0.3480760982774725,0.23048637015518958,100,1.1430489764024836,3.888539442323208,1.2721150736187206,100,0.3176759186349325,0.23960008952709363,0.2602633062401333,100,,,,0,,,,0,,,,0,,,,0,4.917482550144196,2.067914374882772,4.838785529136658,100,-6.411633634941254,3.896559845095909e-18,5.922770964545782e-16,-0.021880453879435,0.7885535816793301,1.0,-6.681571189863128,1.040096387925698e-16,9.256857852538711e-15,-0.021880453879435074,0.7885535816793301,1.0,0.4834026082026082,3.896559845095909e-18,5.922770964545782e-16,0.3894404804804805,3.896559845095909e-18,5.922436857224855e-16,0.4844307987224942,4.0161556854627e-18,5.922770964545782e-16,1.5815177489493988,8.571511699479284e-16,1.0285814039375141e-13,1.6929536351821657,3.944613718995483e-15,4.733536462794579e-13,0.6991687464882114,1.8179862142126476e-14,2.3088424920500624e-12,3.993426850737174,4.2663227307182344e-18,6.143504732234258e-16,3.2202445351955045,4.0161556854627e-18,5.922770964545782e-16,0.31578327667710915,3.2731004999774603e-10,2.782135424980841e-08,-0.07470969547106478,0.947912712213223,1.0,0.5145201718163186,3.896559845095909e-18,5.922770964545782e-16,-6.63836869081576,4.4713463414559033e-17,5.052621365845171e-15,-7.837977072856555,8.74112997534717e-17,1.0576767270170076e-14,1.4617550483331052,3.0906823575832225e-14,3.801539299827364e-12,-1.4617550483331052,3.0906823575832225e-14,3.801539299827364e-12,0.6440489070391007,4.0161556854627e-18,5.922770964545782e-16,-0.6440489070391007,4.0161556854627e-18,5.922770964545782e-16,,,,,,,-5.584601836204529,1.690631665125153e-17,7.100652993525643e-16
gold_sweep,97c52a630e85,EntropyBalancing,FeasibleRestricted,25,50,2000,10,0.3,7.252220974764287,4.286504817129223,6.246276450662176,100,0.4645312781249855,6.237468342291151,0.47617674198998816,100,5.239347210614206,4.752281137456865,4.250672189809876,100,1.0282466409350457,7.017424366209111,0.551541928226456,100,0.5737440729840732,0.19971061130813753,0.6226964026964027,100,0.4142903303303303,0.15558189844344125,0.44202602602602603,100,0.5893783093609106,0.20055049029505717,0.6395283948539467,100,0.05247480480235266,3.8194973985614924,0.6388886184542508,86,-0.09169282602985016,4.053460156456458,0.6589082870022438,82,0.4496037834129387,0.7353800073439953,0.6991250580014488,78,4.398427111043362,7.8202745658627535,4.545484272841978,100,3.379974923929479,7.732146859787389,3.7353214372315966,100,0.6505928485970709,0.2974992993591744,0.6506831439631551,100,-0.5908181918183953,6.070825782179182,-0.6802508470019943,100,0.3876031666363183,0.19987429911732255,0.4039836436242289,100,5.49460803403689,4.607715066780399,4.671189288442391,100,8.64438323674074,6.116545666191029,6.934482605471366,100,1.8536790229740163,4.92965645010397,1.9268503627204188,100,1.5777161680176102,2.651076655904114,0.8040217768392067,100,0.8967286696756851,3.9004567670457546,0.8004109006805165,100,0.5639962253617312,0.36307755430650146,0.45417108464530676,100,,,,0,,,,0,,,,0,,,,0,5.589252939224243,2.0771345785076645,5.502038478851318,100,-2.5180499214825436,1.0944564978822444e-05,0.0004158934691952529,0.8901318375270967,0.603630307822939,1.0,-2.5737601411400886,0.00029397054482891495,0.017344262144905982,0.8901318375270967,0.603630307822939,1.0,0.2974628405828406,5.312355559705196e-16,3.081166224629014e-14,0.2262964564564564,4.743781498021361e-16,2.7513932688523894e-14,0.30068539789501264,5.621315863323431e-16,3.3727895179940585e-14,1.075305292548539,1.4289911834474128e-12,8.002350627305512e-11,1.1680970559537112,7.443224080606769e-12,3.796044281109452e-10,0.4378996891308931,5.129703198061097e-11,2.5648515990305484e-09,2.449528211579164,1.4934266550748764e-14,8.064503937404333e-13,1.9886430015615089,1.4152626956877279e-14,7.925471095851276e-13,0.055223581034957926,0.11452171352531744,1.0,-0.653594532224858,0.5869540189208129,1.0,0.28861930507374983,3.374048120826996e-16,1.9569479100796577e-14,-2.448979453270114,0.00032683051898161746,0.018629339581952196,-1.551859374668045,0.02977871411538426,0.5062381399615324,0.18947948904331022,0.23148705096597544,1.0,-0.18947948904331022,0.23148705096597544,1.0,0.3977286003123019,1.4152626956877279e-14,7.925471095851276e-13,-0.3977286003123019,1.4152626956877279e-14,7.925471095851276e-13,,,,,,,-4.912831447124481,8.023842397878198e-18,6.857945327368801e-16
gold_sweep,97c52a630e85,IPWTransport,FeasibleRestricted,25,50,2000,10,0.3,5.077718497014094,3.0729900623784654,4.1970858977905845,100,-0.15236524056998868,6.479650946711396,0.13334344161293546,100,3.5701817475080553,3.3596937436954435,2.4217967734924666,100,0.41135012224007156,4.898119142015492,0.6879857725901151,100,0.7388201031401032,0.1414300041434149,0.7696271416271416,100,0.5580786386386386,0.1295440427656028,0.5759779779779779,100,0.752707704304941,0.13847568333785176,0.7855939914925191,100,0.5303053916562063,1.614627073110571,0.7711725991037472,86,0.3916607767611372,2.5928624372350915,0.791078095705809,82,0.688287502329097,0.346131992506479,0.8023784326877215,78,5.755624986712995,7.428936162214773,5.930069390621576,100,4.455905021223399,7.455579977587858,4.724701646901041,100,0.8918127834227059,0.1913386416921998,0.9076399227645982,100,-0.3798430856114212,4.68444738822151,-0.6021791725878078,100,0.5858605347890452,0.18627427009856132,0.6200727816206554,100,3.6345045411408052,3.3107718345232726,2.421796773492467,100,4.885825672316312,3.758152143925101,4.065881655577965,100,2.5232794893313413,4.4083800212674715,2.638945563428943,100,0.9081157016602852,1.6382500210337678,0.37022799648441296,100,1.1119146891344687,3.8899532556764647,1.236754073251597,100,0.3488102059029475,0.2697034375173572,0.28090604727921586,100,,,,0,,,,0,,,,0,,,,0,2.3103170371055604,0.7617888079024653,2.236171841621399,100,-4.692552399232738,7.559872298793203e-13,6.501490176962154e-11,0.2732353188321222,0.8824627520873338,1.0,-4.242925604246239,8.451646604920486e-09,6.423251419739569e-07,0.2732353188321222,0.8824627520873338,1.0,0.4625388707388708,4.139373908714419e-18,5.922770964545782e-16,0.3700847647647648,4.139373908714419e-18,5.922436857224855e-16,0.46401479283904323,4.2663227307182344e-18,5.922770964545782e-16,1.5531358794023924,1.3054145222518977e-15,1.4098476840320495e-13,1.651450658744699,4.4058409426901234e-15,5.110775493520543e-13,0.6765834080470514,1.889880635216531e-14,2.3623507940206635e-12,3.8067260872487982,5.767203615817138e-18,7.439692664404108e-16,3.064573098855429,5.269204481546392e-18,6.797273781194846e-16,0.2964435158605929,4.200518502089684e-09,3.2764044316299535e-07,-0.44261942601788434,0.6648484633803489,1.0,0.48687667322647693,4.3971135541818935e-18,5.922770964545782e-16,-4.309082946166199,3.7858393027265395e-09,2.9150962630994356e-07,-5.310416939092473,2.9955051713902106e-10,2.6060894991094832e-08,0.859079955400635,1.2031865794929436e-06,9.023899346197077e-05,-0.859079955400635,1.2031865794929436e-06,9.023899346197077e-05,0.6129146197710857,5.269204481546392e-18,6.797273781194846e-16,-0.6129146197710857,5.269204481546392e-18,6.797273781194846e-16,,,,,,,-8.191767349243165,3.896559845095909e-18,6.857945327368801e-16
gold_sweep,97c52a630e85,OutcomeModelTransport,FeasibleRestricted,25,50,2000,10,0.3,5.080200017438548,3.08097806540873,4.085498980769273,100,-0.16479610357445676,6.474392581304258,0.08975068946627686,100,3.578658775813635,3.3619327901941647,2.489387008179919,100,0.39891925923560373,4.906934715920605,0.622838798931289,100,0.7389320163320164,0.1412081456167415,0.7681855021855023,100,0.558164924924925,0.12936027709672943,0.5752232232232233,100,0.7528314522976787,0.13826234204923787,0.7840615454198041,100,0.5345525865578558,1.568444415277877,0.7711725991037472,86,0.3926324702896999,2.59273964033714,0.7934090908557955,82,0.6883582984452165,0.34650330443968463,0.8034878599337931,78,5.7554994176928025,7.430109153944603,5.848337206285516,100,4.457945830034902,7.455111414791715,4.742814420192303,100,0.8919277333864296,0.19119374100397804,0.9077028363052393,100,-0.36711734589551215,4.682146033531281,-0.5708712372783312,100,0.5860081020125901,0.185984552275982,0.6146288582297995,100,3.6381436344304228,3.3168920585551267,2.4893870081799196,100,4.902865358278397,3.767419746078818,3.981806582784525,100,2.5238197002008906,4.406976986389197,2.641722951064141,100,0.9075754907907355,1.6401039568644495,0.36318802623962443,100,1.1123228508967695,3.8897200515637023,1.2366360564596286,100,0.3484020441406468,0.2697094394064668,0.2810240640711842,100,,,,0,,,,0,,,,0,,,,0,0.3163410925865173,0.15852549103568314,0.2966955900192261,100,-4.6900708788082826,8.569993734929078e-13,7.284494674689717e-11,0.2608044558276542,0.9014897097022484,1.0,-4.234448575940659,9.168182272492886e-09,6.876136704369664e-07,0.2608044558276542,0.9014897097022484,1.0,0.46265078393078396,4.139373908714419e-18,5.922770964545782e-16,0.3701710510510511,4.139373908714419e-18,5.922436857224855e-16,0.4641385408317808,4.2663227307182344e-18,5.922770964545782e-16,1.557383074304042,1.3054145222518977e-15,1.4098476840320495e-13,1.6524223522732615,4.4058409426901234e-15,5.110775493520543e-13,0.6766542041631709,1.889880635216531e-14,2.3623507940206635e-12,3.8066005182286045,5.767203615817138e-18,7.439692664404108e-16,3.066613907666932,5.112831740936498e-18,6.748937898036177e-16,0.29655846582431655,4.029597162274453e-09,3.2236777298195625e-07,-0.4298936863019751,0.6849466319950608,1.0,0.48702424045002174,4.3971135541818935e-18,5.922770964545782e-16,-4.305443852876582,3.072593914674031e-09,2.396623253445744e-07,-5.293377253130386,3.575759291560147e-10,3.075152990741726e-08,0.8596201662701847,8.569680742056833e-07,6.512957363963194e-05,-0.8596201662701847,8.569680742056833e-07,6.512957363963194e-05,0.6133227815333864,5.112831740936498e-18,6.748937898036177e-16,-0.6133227815333864,5.112831740936498e-18,6.748937898036177e-16,,,,,,,-10.185743293762208,3.896559845095909e-18,6.857945327368801e-16
gold_sweep,97c52a630e85,ProposedA,OracleTargetTreated,25,50,2000,10,0.3,4.044793416306504,0.7790385410689176,3.9588718158455745,100,-0.6545959495361369,7.586026029738264,-0.08730471580851337,100,0.4702340952946209,0.34444016551119333,0.4358861288541762,100,-0.09088058672607638,0.5776244110820264,-0.051228275124538834,100,0.57547543003543,0.07334541044626555,0.5755594675594675,100,0.4067288088088088,0.057536553257498915,0.4054894894894895,100,0.5925264480868594,0.07208071027508137,0.5929268073899554,100,-0.3365517330220351,6.616305820135804,0.5987444324700326,86,-0.4087890994712634,6.5857556902522525,0.6644165129337196,82,0.39387440798348183,1.1429888217104933,0.6753571494262283,78,4.221958894744111,7.562407758048296,4.469277647706569,100,3.363549881456778,7.550943866785152,3.748424083365901,100,1.2712040460717824,0.30466627078546316,1.3154736744097777,100,0.7428488607418925,2.928540819102379,0.3493687226410622,100,0.3359885346770352,0.09170310319216915,0.32803964471642705,100,0.9643612853241389,0.3588288621405993,0.9300926121235557,100,2.2243848678199387,0.8583506523348094,2.0577900788517276,100,3.021367375743488,4.461019654732283,2.8374320920153364,100,0.4100278152481394,0.32586594518851025,0.4142403444232278,100,0.8934436611811448,3.897426622306214,1.1843720717974462,100,0.5672812338562716,0.1723964587032633,0.5380263684528708,100,0.1008427413340462,0.09454951028260246,0.07284600015604761,100,19.3,4.04395046378357,19.5,100,,,,0,,,,0,26.675229170322417,7.722038874455815,24.032031536102295,100,-5.725477479940326,3.896559845095909e-18,5.922770964545782e-16,-0.22899539013402548,0.5473692910808176,1.0,-7.342873256459672,1.1485179010089616e-17,1.4241621972511125e-15,-0.22899539013402564,0.5473692910808176,1.0,0.29919419763419763,4.2663227307182344e-18,5.922770964545782e-16,0.21873493493493495,4.2663227307182344e-18,5.922436857224855e-16,0.3038335366209616,4.2663227307182344e-18,5.922770964545782e-16,0.6862787547241509,5.205532182812494e-15,4.632923642703119e-13,0.8510007825122982,8.215091493632815e-15,8.872298813123441e-13,0.38217031370143634,2.0711828539935242e-13,1.470539826335402e-11,2.273059995279913,5.1755353272287037e-17,4.761492501050407e-15,1.972217959088808,8.519072542858556e-18,9.796933424287339e-16,0.6758347785096694,8.820960641579043e-16,1.1026200801973804e-13,0.6800725203354293,0.21579136199294846,1.0,0.23700467311446677,4.813701823147399e-18,5.922770964545782e-16,-6.979226201982865,1.4146791640488978e-17,1.867376496544545e-15,-7.971857743588845,5.0264575344033727e-17,6.283071918004216e-15,1.3571678418127808,1.0045344277577778e-13,1.1150332148111334e-11,-1.3571678418127808,1.0045344277577778e-13,1.1150332148111334e-11,0.39444359181776145,8.519072542858556e-18,9.796933424287339e-16,-0.39444359181776145,8.519072542858556e-18,9.796933424287339e-16,0.1008427413340462,3.896559845095909e-18,2.6496606946652183e-16,19.3,3.634282530901915e-18,1.1412741953993914e-16,16.173144783973694,3.896559845095909e-18,6.857945327368801e-16
gold_sweep,97c52a630e85,ProposedB_LinearStepB,OracleTargetTreated,25,50,2000,10,0.3,4.221597028867965,0.8565914749926961,4.189113627239674,100,-0.5881754563738174,7.5523185455896416,-0.10462285524461513,100,0.51414690918637,0.3623837259336943,0.4381994013469992,100,-0.024460093563757158,0.6306622246801418,-0.04250424956260557,100,0.5136938061338062,0.10286752432279046,0.5111355311355312,100,0.35927067067067064,0.07760271230065834,0.3567467467467467,100,0.5296030100346715,0.10315035202301519,0.533398014642069,100,-0.3298560854848656,6.224859858618844,0.5801051610280932,86,-0.2596971977869001,5.15512860075686,0.6168004923881332,82,0.3416707989930963,0.9966479429239736,0.6379782207618909,78,3.8147885936525374,7.851162182225731,4.055579554023239,100,2.9714146447267833,7.750571716124666,3.4045583427393105,100,1.0449396819528263,0.33900992655271234,0.9953451987330404,100,0.11896959783147386,2.9083238328232195,0.22288072022749952,100,0.2780494971939754,0.10668579476035377,0.2687520887631416,100,0.9542471879109088,0.43957987218549405,0.8584010396475839,100,2.298367725365814,1.2053685150254245,2.0135240197181288,100,2.988090839716686,4.462737203787987,2.6913709178301666,100,0.4433043512749403,0.35799994104163857,0.40851118462420666,100,0.8150166138351456,3.9107678051210857,1.1821751803070615,100,0.6457082812022706,0.19331661923353977,0.6300945608618959,100,0.21363756226521885,0.22162402794084554,0.13310233326710524,100,20.3,8.048464311766423,23.0,100,4.984443610542977,3.1133521464483764,4.5185218883796585,100,10.0,0.0,10.0,100,65.69318709850312,13.807234273893117,63.692009925842285,100,-5.548673867378867,3.896559845095909e-18,5.922770964545782e-16,-0.16257489697170677,0.6253783479405848,1.0,-7.298960442567924,8.519072542858556e-18,1.1585938658287635e-15,-0.16257489697170677,0.6253783479405848,1.0,0.23741257373257374,3.536288390303153e-17,2.616853408824333e-15,0.17127679679679683,3.861843481183515e-17,2.5127589639621663e-15,0.2409100985687737,2.794684092654649e-17,2.1239599104175333e-15,0.6929744022613203,1.7660618645519373e-13,1.1126189746677205e-11,1.0000926841966613,2.1534446604970567e-13,1.3351356895081751e-11,0.3299667047110509,3.610662215240194e-13,2.3802975233889677e-11,1.8658896941883396,1.9809780081603543e-15,1.2678259252226268e-13,1.5800827223588123,1.698310160677352e-16,1.2058002140809199e-14,0.4495704143907135,3.2800105956902744e-13,3.411211019517885e-11,0.056193257425010856,0.7001689715399704,1.0,0.179065635631407,1.1020511023218772e-16,7.163332165092202e-15,-6.989340299396094,9.601770743442903e-18,1.3346461333385635e-15,-7.897874886042972,1.6412062569258175e-17,2.2648646345576283e-15,1.3238913057859802,1.496162807368512e-13,1.585932575810623e-11,-1.3238913057859798,1.496162807368512e-13,1.585932575810623e-11,0.31601654447176253,1.698310160677352e-16,1.2058002140809199e-14,-0.3160165444717624,1.698310160677352e-16,1.2058002140809199e-14,0.21363756226521885,3.896559845095909e-18,2.6496606946652183e-16,20.3,5.232798007061558e-17,6.27935760847387e-16,55.19110271215439,3.896559845095909e-18,6.857945327368801e-16
gold_sweep,97c52a630e85,ProposedB_SourceDR,FeasibleRestricted,25,50,2000,10,0.3,7.675041854370066,4.034477184628546,6.402972573289193,100,0.1971331545536376,2.7914615691135984,0.4925236767400429,100,5.464867145412278,4.901187384074803,4.26363130171015,100,0.7608485173636979,7.321429998224175,0.5936906852192211,100,0.401061847494647,0.1376361977225825,0.40599228999229003,100,0.27721167274791125,0.09928516355768131,0.27934534534534533,100,0.417185413012389,0.13643629307018046,0.4217819873086772,100,-0.5974360163857798,7.653267179858078,0.4563359623208181,86,-0.612270182592721,6.27536582810307,0.5027514329238766,82,0.2527231364355106,0.7725442574317984,0.564013289930241,78,3.008075430746599,7.626810068673782,2.968413445573744,100,2.245341093841546,7.5269862899702735,2.3661323990842043,100,1.0241257395043333,0.5436676253703118,0.9548467019849123,100,-0.7888286495258714,7.1753862383276985,-0.8408668312550851,100,0.1749160893072933,0.10562372536917487,0.15921243742644525,100,5.652477523030272,4.756056827554423,4.440282485688369,100,7.579824418938597,5.0357307638447955,6.008012231585978,100,1.0486554562109691,5.197285121179,1.1163339489596396,100,2.382739734780657,2.818474913230121,1.554208859025565,100,0.6698019036580984,3.874146537488952,0.6716150719891827,100,0.7909229913793179,0.2831196713163119,0.7256855775155405,100,0.18691463052280838,0.24067157254655844,0.07532495290976435,100,13.72,7.897167373511373,14.0,100,4.984443610542976,3.113352146448373,4.518521888379658,100,10.0,0.0,10.0,100,70.3450281214714,20.07827319461208,71.38992416858673,100,-2.095229041876767,0.0011295649688403881,0.03614607900289242,0.6227337139557486,0.4660476227591346,1.0,-2.348240206342017,0.005184225531032783,0.24884282548957357,0.6227337139557486,0.4660476227591346,1.0,0.12478061509341468,8.625500594289316e-09,2.673905184229688e-07,0.08921779887403737,7.632229041158921e-09,2.3659910027592655e-07,0.12849250154649114,4.37848781784592e-09,1.4449009798891536e-07,0.42539447136040653,1.7748486469554714e-06,5.147061076170867e-05,0.6475196993908406,6.081360620892962e-06,0.00016537895690985337,0.24101904215346515,2.6744389695145577e-06,8.290760805495129e-05,1.0591765312824015,8.149510834101045e-08,2.526348358571324e-06,0.854009171473576,4.236707346692418e-08,1.3133792774746494e-06,0.42875647194222016,2.5968634363691743e-08,1.713929868003655e-06,-0.8516049899323341,0.371340907219714,1.0,0.07593222774472486,1.0830257352493165e-07,2.490959191073428e-06,-2.2911099642767327,0.005352060464998084,0.22478653952991953,-2.616418192470187,0.004181634937971656,0.13799395295306466,-0.615544077719737,0.06483947335746552,1.0,0.615544077719737,0.06483947335746552,1.0,0.17080183429471518,4.236707346692418e-08,1.3133792774746494e-06,-0.17080183429471518,4.236707346692418e-08,1.3133792774746494e-06,0.18691463052280838,3.896559845095909e-18,2.6496606946652183e-16,13.72,5.4653464972483345e-17,6.27935760847387e-16,59.84294373512268,3.896559845095909e-18,6.857945327368801e-16
gold_sweep,97c52a630e85,ProxyOnly,FeasibleRestricted,25,50,2000,10,0.3,9.770270896246831,5.720648279803019,8.308608872431815,100,-0.4256005594021112,12.04935166516876,0.3248608098057696,100,7.813107351754294,6.535096042515385,6.569379111800497,100,0.13811480340794893,10.215158881926302,-0.23530627338908416,100,0.2762812324012324,0.13701313447991276,0.2844082824082824,100,0.18799387387387387,0.09520433209033943,0.1926786786786787,100,0.2886929114658978,0.13434958942429054,0.29714954984111885,100,-1.022830487746186,9.566530972885737,0.39739345802497394,86,-1.2597898819835613,10.431106502895519,0.3974788559461825,82,0.011704094282045437,1.3188376930324788,0.4306044569701085,78,1.9488988994641971,7.733736253472521,2.7387270434305044,100,1.3913319223679699,7.680794144065716,2.2073236936646916,100,0.5953692675621131,0.3830382070390403,0.5442478381002529,100,0.06277634040646314,7.491324338905369,-0.2325483814841823,100,0.0989838615625684,0.07888122229128397,0.08624906767728113,100,7.9435874873070045,6.425059764748106,6.569379111800499,100,10.196242611408785,7.045390160815506,9.07506262131939,100,1.6641995339307065,4.812509486170539,2.003043661549162,100,1.7671956570609202,2.622996180919384,1.0744790558864807,100,0.4990000693633831,3.8875022515503646,0.6131934293097231,100,0.9617248256740334,0.2685153965193757,0.9276753326877913,100,0.0,0.0,0.0,100,0.0,0.0,0.0,100,,,,0,,,,0,10.502084386348724,3.0123163274808715,9.452803015708923,100,,,,,,,,,,,,,,,,,,,,,,,,,,,,,,,,,,,,,,,,,,,,,,,,,,,,,,,,,,,,,,,,,,,,,,,,
gold_sweep,97c52a630e85,TargetOnlyDR,OracleTargetTreated,25,50,2000,10,0.3,4.1666171628827735,0.7917095347339077,4.011713720687279,100,-0.6755251381529591,7.644999962682356,-0.13594721016734554,100,0.6010209622141697,0.46833578612491067,0.5054063294385367,100,-0.11180977534289871,0.7560328380168421,-0.10943426124848066,100,0.5341198323598324,0.08816221120648744,0.5315150135150135,100,0.3746221421421421,0.06732284420644605,0.36989189189189187,100,0.5497173042015268,0.08839593133840853,0.5502205841243206,100,-0.319682777013264,6.177217303551122,0.61668821793462,86,-0.5087593953013237,7.007812208595529,0.6475221116265644,82,0.3766463503197141,0.8639404590885714,0.6669265107673767,78,4.038041743968421,7.484135571064941,4.557973898326537,100,3.166568326258832,7.50873178151559,3.7224203020664905,100,1.1122611147144612,0.2988908291875247,1.1290414733585536,100,0.4546745971846412,2.4231779507707185,0.09631393372355587,100,0.2939495340146597,0.09969794120636365,0.2970139174956593,100,0.9442825135977059,0.42778583945300125,0.8583075068647992,100,2.112350389665707,1.0950302339012172,1.9475710760661538,100,2.990891284947706,4.4670074405784135,2.7418035868893083,100,0.44050390604392065,0.3544752190936837,0.4142718932576197,100,0.8540473501415552,3.9092581020689563,1.1866312626860056,100,0.6066775448958609,0.16706359141303634,0.5935262339620168,100,0.0,0.0,0.0,100,0.0,0.0,0.0,100,,,,0,,,,0,25.815051894187928,7.4662246941905455,23.510507345199585,100,-5.603653733364058,3.896559845095909e-18,5.922770964545782e-16,-0.24992457875084795,0.5822288568473547,1.0,-7.212086389540125,1.3732250242604873e-17,1.63413777886998e-15,-0.2499245787508479,0.5822288568473547,1.0,0.25783859995860003,5.430296382634715e-18,5.922770964545782e-16,0.18662826826826825,5.430296382634715e-18,5.922436857224855e-16,0.26102439273562894,5.430296382634715e-18,5.922770964545782e-16,0.7031477107329221,9.226550546662477e-14,5.904992349863985e-12,0.7510304866822375,2.5190055344812506e-14,2.241914925688313e-12,0.3649422560376687,8.102902797027964e-14,6.721486670608885e-12,2.089142844504223,1.388390715047386e-16,1.0690608505864872e-14,1.7752364038908615,1.7939298766693858e-17,1.7580512791359981e-15,0.5168918471523483,2.0598723963699128e-14,2.3688532558254e-12,0.3918982567781781,0.407310248043495,1.0,0.19496567245209118,8.777880718979924e-18,8.690101911790125e-16,-6.9993049737092985,1.2938800168252932e-17,1.733799222545893e-15,-8.083892221743076,1.4146791640488978e-17,1.980550829668457e-15,1.3266917510169995,6.454110252609795e-14,7.422226790501265e-12,-1.3266917510169995,6.454110252609795e-14,7.422226790501265e-12,0.35504728077817227,1.7939298766693858e-17,1.7580512791359981e-15,-0.35504728077817227,1.7939298766693858e-17,1.7580512791359981e-15,0.0,,,0.0,,,15.312967507839202,3.896559845095909e-18,6.857945327368801e-16
gold_sweep,9aa444560f29,AnchorOnly,OracleTargetTreated,200,100,2000,10,0.3,3.991201881219047,0.848201547440312,3.877576168313353,100,0.6448651714429394,7.0312935296690675,0.17538776401975895,100,0.31170562851958555,0.23429510340032714,0.27021149674382605,100,0.04158609432074897,0.3889590473789124,0.007146986566389124,100,0.5880522316263419,0.1106348636567475,0.6108315888315888,100,0.4196953185476416,0.0868409130686316,0.4383023023023023,100,0.60421745127341,0.11097097614509677,0.6290260835639284,100,-0.15060982286653088,3.968803485757817,0.6501560138971859,92,0.30153718432179977,1.2273861498755791,0.7188636680501858,84,0.40190735331437627,1.2383190534585236,0.7535765144878952,78,5.411489838123625,6.930180952505888,4.846759936101948,100,4.564791745390589,6.994376390895972,4.0003166506886325,100,0.9934641996795004,0.33902098916209183,1.00236073175431,100,0.09056881423633993,2.7743849115230175,-0.13941372074106786,100,0.33178184540674466,0.1268199780734429,0.3457362903242207,100,0.9974254320547338,0.46292223797786664,0.8960270696739824,100,2.747401950998666,1.652331781962076,2.4493999545871783,100,2.944008773312683,4.132710508978667,3.0415310607430452,100,0.3519497736871415,0.28432113518650354,0.3387985750896694,100,0.5486108857486819,3.4460443874908373,0.628404632732501,100,0.5295094773577297,0.1793257121617011,0.4957124785713952,100,0.003183479612801348,0.003600534064191727,0.0017562308267158782,100,13.58,0.9967624358568864,14.0,100,,,,0,,,,0,23.125180730819704,10.491643710329294,19.388418674468994,100,-2.0534293477124455,4.531861061109546e-18,5.922770964545782e-16,0.0775093908505231,0.7700896655852555,1.0,-3.625392481529994,5.112831740936498e-18,7.618119293995382e-16,0.07750939085052301,0.7700896655852555,1.0,0.09330731504142524,1.8912999100252485e-08,5.48476973907322e-07,0.0738192424715655,9.168182272492886e-09,2.658772859022937e-07,0.09372314639515388,1.612264994101685e-08,4.6755684828948864e-07,0.44649814492840173,7.740211783079875e-05,0.0017028465922775725,0.09982848234498495,9.486487628994257e-06,0.00024664867835385066,0.15078163443135317,4.221689926406143e-08,1.5620252727702727e-06,0.49413091567185247,0.00021013147514216076,0.003992498027701055,0.49960978018941715,6.449772034316297e-06,0.00015479452882359113,-0.1776795842112228,0.0009880230101954864,0.03952092040781945,0.04162597462143955,0.9069368853915614,1.0,0.06784623236929044,4.6130169531979994e-05,0.0006458223734477199,-3.0512227650968735,1.690631665125153e-17,2.197821164662699e-15,-2.8141860604829976,6.848674378293121e-16,7.602028559905364e-14,0.9365534063838479,3.3047955515612565e-13,3.4039394181080944e-11,-0.9365534063838479,3.3047955515612565e-13,3.4039394181080944e-11,0.09992195603788342,6.449772034316297e-06,0.00015479452882359113,-0.09992195603788342,6.449772034316297e-06,0.00015479452882359113,0.003183479612801348,3.896559845095909e-18,2.6496606946652183e-16,13.58,1.2189694907692871e-18,6.338641352000293e-17,12.61575794696808,3.896559845095909e-18,6.857945327368801e-16
gold_sweep,9aa444560f29,AnchorPlugin,FeasibleRestricted,200,100,2000,10,0.3,5.498929772665462,2.3003040748566255,4.986027192082934,100,0.4382847108045788,4.700725370461831,0.8089217196370038,100,3.8042633336319303,2.8331114785719635,3.281265016197657,100,-0.1649943663176115,4.755799417045204,-0.5734330730810154,100,0.650612286092286,0.11113216404148873,0.662963864963865,100,0.47160964964964963,0.0938342731460209,0.475987987987988,100,0.6669291378901029,0.11050357224134259,0.6818187433289504,100,-0.11144504425519758,5.066759680273234,0.7001891979643267,92,0.46690951569793304,0.8144022386055828,0.6959294978040994,84,0.45251811618127463,1.2855009208087647,0.7643193093225724,78,6.110252709528217,7.108308119731392,5.199250660525504,100,5.0401992444811725,7.110276268361631,3.8793544054085176,100,0.9158451673671131,0.2077571249673456,0.9192217303499748,100,0.17677011911889973,4.796522926187994,0.351397670973577,100,0.45377997169310164,0.1408837547202163,0.46352370925609276,100,3.8436309310055905,2.7917709313668957,3.281265016197657,100,5.115232917927349,2.979570165730775,4.653685153860414,100,2.2460933881202645,4.514665630801051,2.800116092868203,100,1.04986515887956,1.3158267058331585,0.635395099342807,100,0.6436923855667984,3.448578258762873,0.5882540142030084,100,0.434427977539613,0.16114260035778338,0.4107721896637203,100,0.011555980573185307,0.010910381427277968,0.009006674328675081,100,29.16,1.1075498483890767,30.0,100,,,,0,,,,0,8.504080061912537,2.907894277726193,7.490734815597534,100,-0.5457014562660301,5.651450648832187e-07,2.599667298462806e-05,-0.12907106978783758,0.40342896597006617,1.0,-0.13283477641764901,0.29749865120626195,1.0,-0.12907106978783758,0.40342896597006617,1.0,0.1558673695073695,4.139373908714419e-18,5.922770964545782e-16,0.12573357357357356,4.0161556854627e-18,5.922436857224855e-16,0.15643483301184694,4.3971135541818935e-18,5.922770964545782e-16,0.48566292353973517,8.639378104483732e-16,1.0285814039375141e-13,0.2652008137211184,4.186731956083825e-15,4.912047427252921e-13,0.2013923972982516,3.5034233942001436e-14,3.6435603299681494e-12,1.1928937870764442,2.7135201386354882e-17,2.767790541408198e-15,0.9750172792800009,7.55704804907942e-18,8.841746217422922e-16,-0.2552986165236106,1.1704325791132931e-11,1.0767979727842297e-09,0.1278272795039994,0.3731834417772567,1.0,0.18984435865564747,4.670683307897806e-18,5.922770964545782e-16,-0.20501726614601573,0.09608261214226986,1.0,-0.4463550935543141,0.005184225531032783,0.16071099146201626,0.23863802119142913,3.480883660599489e-05,0.002018912523147704,-0.23863802119142913,3.480883660599489e-05,0.002018912523147704,0.1950034558560002,7.55704804907942e-18,8.841746217422922e-16,-0.1950034558560002,7.55704804907942e-18,8.841746217422922e-16,0.011555980573185307,3.896559845095909e-18,2.6496606946652183e-16,29.16,8.464131564643686e-19,4.764302999965822e-17,-2.005342721939087,6.11649580871073e-08,6.728145389581803e-07
gold_sweep,9aa444560f29,DRLearner_PooledNoSite,OracleTargetTreated,200,100,2000,10,0.3,2.6537184972137675,0.8025634020248321,2.46234100631595,100,0.5610861822382595,6.794865462633212,0.14885312293001976,100,0.3678249356938978,0.28984152227863386,0.2848714489802511,100,-0.04219289488393075,0.4678372438825253,0.02665091238295947,100,0.8161637266037266,0.09680593796200837,0.835028065028065,100,0.6340653453453453,0.10213332671800449,0.6433353353353354,100,0.8280372442632625,0.09348321126903149,0.8468886912656028,100,0.47081120232156576,2.192818995982509,0.8378518494976486,92,0.7172304132015259,0.46207193020833315,0.8454087311371906,84,0.7334534251392812,0.5189733575758347,0.8699410290083174,78,7.45000793093861,7.269724340762514,6.552393613559454,100,6.049163837158767,7.216873173912493,5.193120179962744,100,0.9603458740593654,0.1547587989472184,0.9547869706150132,100,0.06521542090733073,1.3133659150004298,-0.013100015807523124,100,0.6933113682332782,0.14580227734122014,0.7148248875678428,100,0.6108540024868553,0.33200624905027043,0.5284220332839307,100,1.341460352202435,0.7558822275842287,1.1141669592921533,100,3.1126503801021714,4.074758156496561,3.215745752167594,100,0.18330816689765178,0.17438608744272896,0.1499813625496243,100,0.8454853041023171,3.43777901554293,0.7731256112146083,100,0.23263505900409423,0.13812862714243157,0.2082470721371052,100,,,,0,,,,0,,,,0,,,,0,1.4272126936912537,0.9069683111009583,1.4211360216140747,100,-3.3909127317177252,3.896559845095909e-18,5.922770964545782e-16,-0.006269598354156738,0.9287668478981905,1.0,-3.5692731743556805,8.777880718979924e-18,1.17623601634331e-15,-0.006269598354156703,0.9287668478981905,1.0,0.32141881001881,3.896559845095909e-18,5.922770964545782e-16,0.2881892692692693,3.896559845095909e-18,5.922436857224855e-16,0.3175429393850065,3.896559845095909e-18,5.922770964545782e-16,1.0679191701164985,8.149781597324954e-17,1.238766802793393e-14,0.5155217112247111,1.7734262673479147e-15,2.4650625116136015e-13,0.48232770625625815,1.7487840731698426e-14,2.2559314543890968e-12,2.532649008486837,3.896559845095909e-18,5.922770964545782e-16,1.9839818719575946,4.0161556854627e-18,5.922770964545782e-16,-0.2107979098313579,8.796831074091287e-07,5.0141937122320336e-05,0.016272581292430192,0.8338723094405576,1.0,0.42937575519582394,3.896559845095909e-18,5.922770964545782e-16,-3.4377941946647526,4.139373908714419e-18,6.084879645810196e-16,-4.220127659279229,6.504110965076778e-18,9.430960899361328e-16,1.1051950131733375,8.38314081056234e-17,1.2742374032054757e-14,-1.1051950131733375,8.38314081056234e-17,1.2742374032054757e-14,0.3967963743915189,4.0161556854627e-18,5.922770964545782e-16,-0.3967963743915189,4.0161556854627e-18,5.922770964545782e-16,,,,,,,-9.08221009016037,3.896559845095909e-18,6.857945327368801e-16
gold_sweep,9aa444560f29,DRLearner_PooledWithSite,OracleTargetTreated,200,100,2000,10,0.3,2.637654983754249,0.8011480438809178,2.4558435410405735,100,0.5665728547700338,6.796127874142678,0.16090921520980261,100,0.3504370681198739,0.27188986251981534,0.2855668150934515,100,-0.03670622235215649,0.44340697533812656,0.026243606525216984,100,0.8178049306849308,0.09587498174667444,0.8362930102930104,100,0.6358317917917918,0.1016589072792555,0.6435195195195196,100,0.8296272639508789,0.09250664719910583,0.8484087486117176,100,0.4684780950036131,2.2638619642096387,0.8425496409298376,92,0.7182544372822732,0.4605082898166345,0.8517821202786768,84,0.7313576680478798,0.5425154317210168,0.8713407300955931,78,7.463338575336137,7.273055585897998,6.562527581250054,100,6.062089126884294,7.220874065157986,5.242484025381366,100,0.9615528968717773,0.15300837422956046,0.9505696824179902,100,0.0603117825634851,1.2953759943392158,0.03815764534536833,100,0.6957733145307585,0.1449684780836486,0.7170693039588537,100,0.60164304109282,0.3200600897223278,0.5318059581195284,100,1.330703407292334,0.7214046750842649,1.133793787252654,100,3.1138420411422683,4.075389204570504,3.2194778184249984,100,0.18211650585755607,0.17334948610025638,0.14889064314866468,100,0.848070362047423,3.439427760685576,0.7689575345108103,100,0.2300500010589884,0.1367212104387499,0.20284597907101917,100,,,,0,,,,0,,,,0,,,,0,4.280620050430298,2.7799969047762385,4.196869611740112,100,-3.4069762451772436,3.896559845095909e-18,5.922770964545782e-16,-0.0007829258223824453,0.9451754865571346,1.0,-3.586661041929704,8.777880718979924e-18,1.17623601634331e-15,-0.0007829258223824809,0.9451754865571346,1.0,0.3230600141000142,3.896559845095909e-18,5.922770964545782e-16,0.28995571571571577,3.896559845095909e-18,5.922436857224855e-16,0.3191329590726229,3.896559845095909e-18,5.922770964545782e-16,1.0655860627985456,8.149781597324954e-17,1.238766802793393e-14,0.5165457353054584,1.7734262673479147e-15,2.4650625116136015e-13,0.4802319491648568,1.7487840731698426e-14,2.2559314543890968e-12,2.5459796528843617,3.896559845095909e-18,5.922770964545782e-16,1.9969071616831238,4.0161556854627e-18,5.922770964545782e-16,-0.20959088701894613,1.029785632752851e-06,5.7667995434159657e-05,0.011368942948584593,0.8311895778148274,1.0,0.43183770149330436,3.896559845095909e-18,5.922770964545782e-16,-3.4470051560587875,4.0161556854627e-18,6.064395085048677e-16,-4.230884604189328,5.596247901468035e-18,8.170521936143331e-16,1.1063866742134332,9.803514148710631e-17,1.480330636455305e-14,-1.1063866742134332,9.803514148710631e-17,1.480330636455305e-14,0.3993814323366247,4.0161556854627e-18,5.922770964545782e-16,-0.3993814323366247,4.0161556854627e-18,5.922770964545782e-16,,,,,,,-6.228802733421325,8.267798584515514e-18,6.857945327368801e-16
gold_sweep,9aa444560f29,EntropyBalancing,FeasibleRestricted,200,100,2000,10,0.3,7.526550053363529,3.8844605535548333,6.247552409171483,100,-0.7035973195501418,6.37959186422056,-0.1989554174148459,100,5.7618590366197076,4.353653795306386,4.541111852106872,100,-1.3068763966723322,7.124849953932312,-0.2819516570869641,100,0.5892913178113178,0.17278564414018635,0.6227024687024687,100,0.4250996596596597,0.13873571665133289,0.4428988988988989,100,0.6051520543281487,0.1738341721720099,0.6392780717521973,100,-0.49903836812688396,7.394895475703963,0.6648046427710617,92,0.3113219594448659,1.2376106589476923,0.6733219904339123,84,0.2885801249597888,2.3405123528767224,0.724165758477306,78,5.638204697458508,7.370706876213353,4.9036981479701165,100,4.610590935675277,7.235809787025351,4.0449102463644255,100,0.6642187026366727,0.27069363207016367,0.7078687737564229,100,0.45609207103014393,5.843547066516817,-0.46284993428980004,100,0.39545877865539375,0.19429288928381483,0.4071786042597394,100,5.8913254016413,4.28203234075491,4.618164396254841,100,9.011220563408388,6.227507063493618,7.158135636895645,100,1.6341437647881443,4.339041364536415,1.6327653454490874,100,1.6618147822116809,1.744043745288225,1.0151337395659428,100,0.5577707238056195,3.461304290446802,0.4829367152558282,100,0.5203496393007919,0.2691026427711134,0.4686034848953139,100,,,,0,,,,0,,,,0,,,,0,5.004312162399292,2.8229879259867467,5.438349723815918,100,1.4819188244320376,0.002238099402043779,0.0626667832572258,-1.2709531001425585,0.09071161614888014,1.0,1.8247609265701294,0.0002572428248910779,0.015949055143246828,-1.2709531001425585,0.09071161614888014,1.0,0.09454640122640123,2.0438025552415053e-07,5.518266899152064e-06,0.07922358358358357,7.551041748728437e-08,2.038781272156678e-06,0.09465774944989253,1.9695849704486266e-07,5.317879420211292e-06,0.09806959966804883,1.1833492300059274e-05,0.0002721703229013633,0.10961325746805116,5.744174766982811e-06,0.00016537895690985337,0.03745440607676571,2.8566766719316724e-07,9.712700684567685e-06,0.7208457750067331,8.643689552366195e-07,2.2473592836152107e-05,0.5454089704741057,1.1041472825770295e-06,2.9811976629579796e-05,-0.5069250812540508,6.45706688194492e-15,7.813050927153354e-13,0.40714923141524323,0.371340907219714,1.0,0.1315231656179396,1.1342435173162842e-09,3.663460066940042e-08,1.8426772044896937,0.00019901189269845365,0.011940713561907219,3.4496325519267255,4.808543221539519e-06,0.0003029382229569897,-0.3733116021406909,0.2823705862731728,1.0,0.3733116021406909,0.2823705862731728,1.0,0.10908179409482123,1.1041472825770295e-06,2.9811976629579796e-05,-0.10908179409482123,1.1041472825770295e-06,2.9811976629579796e-05,,,,,,,-5.5051106214523315,2.536781950250505e-16,9.639771410951919e-15
gold_sweep,9aa444560f29,IPWTransport,FeasibleRestricted,200,100,2000,10,0.3,4.4890288534375005,2.2293597145263377,3.722630571974536,100,0.18686664143486761,5.603836881968353,0.19727361025943463,100,3.047645684650596,2.580548930221491,2.399355896366287,100,-0.4164124356873228,3.9832205329570525,-0.27411282564921,100,0.7730661635061638,0.11964430691661405,0.8040336300336302,100,0.5901120720720722,0.11630821045858769,0.6094754754754754,100,0.7861961742107134,0.1168595141107292,0.8133977506579549,100,0.34999606131771366,2.77024449625934,0.7986408753684782,92,0.6554144113980258,0.5450449370093975,0.8070855056100229,84,0.664190730415483,0.6613099638438602,0.8282859107275564,78,7.094540145108921,7.250463715162415,6.111655948191683,100,5.76469062280506,7.206028474921338,4.8314782632945255,100,0.916560354279844,0.1661132889113666,0.9180715671082136,100,0.32314052276406463,4.014659735843728,0.3550842306856372,100,0.6301252707347359,0.1713097901427963,0.6610041434081171,100,3.101867379849813,2.531318259031547,2.3993558963662878,100,4.182415208020859,2.8515514289181527,3.419636419725661,100,2.577357417897066,4.14501061317229,2.8575970972163915,100,0.7186011291027589,1.0047360303667865,0.3785064846354544,100,0.7885906612315761,3.442151646884253,0.7511865420135753,100,0.28952970187483534,0.18333727184270251,0.24272148559673346,100,,,,0,,,,0,,,,0,,,,0,1.9338146901130677,1.201997299265466,1.7429274320602417,100,-1.5556023754939923,3.0395829059366625e-08,1.702166427324531e-06,-0.3804891391575489,0.288034904457934,1.0,-0.8894524253989825,0.008359472369848317,0.3594573119034776,-0.3804891391575488,0.288034904457934,1.0,0.278321246921247,3.896559845095909e-18,5.922770964545782e-16,0.24423599599599602,3.896559845095909e-18,5.922436857224855e-16,0.2757018693324571,3.896559845095909e-18,5.922770964545782e-16,0.9471040291126464,2.392989086331805e-16,3.302324939137891e-14,0.4537057094212109,3.762794506498643e-15,4.579863678347902e-13,0.41306501153246017,5.543127644823669e-14,5.155108709686012e-12,2.1771812226571483,6.702409068617996e-18,8.378011335772494e-16,1.6995086576038896,5.596247901468035e-18,6.995309876835044e-16,-0.2545834296108796,1.1456735644209946e-08,8.134282307389062e-07,0.2741976831491641,0.5180170574396306,1.0,0.3661896576972818,4.139373908714419e-18,5.922770964545782e-16,-0.9467808173017944,0.003708522618562532,0.17059204045387646,-1.3791728034608064,0.00015763718134064806,0.0081971334297137,0.5699020509682305,8.076904751982874e-06,0.0005330757136308697,-0.5699020509682305,8.076904751982874e-06,0.0005330757136308697,0.33990173152077774,5.596247901468035e-18,6.995309876835044e-16,-0.33990173152077774,5.596247901468035e-18,6.995309876835044e-16,,,,,,,-8.575608093738555,3.896559845095909e-18,6.857945327368801e-16
gold_sweep,9aa444560f29,OutcomeModelTransport,FeasibleRestricted,200,100,2000,10,0.3,4.46364161226802,2.166402373625125,3.8269435756840466,100,0.23239645779253887,5.596826682407266,0.22921217152676093,100,3.0155470810543235,2.52274623738916,2.361369924137361,100,-0.3708826193296514,3.9256443044760996,-0.35354717735889585,100,0.7735178416778417,0.1184755887472265,0.8037535197535198,100,0.590447847847848,0.1154076368389141,0.606872872872873,100,0.7866640098402374,0.11565499275825832,0.8135197079830263,100,0.3535810601273261,2.7628119889646103,0.7975157075172625,92,0.6571537797174695,0.5448025286002663,0.8095747090532661,84,0.6598372220383599,0.7015180973317947,0.8310917548635599,78,7.09324718376448,7.247441707062491,6.122238906170036,100,5.772615161918302,7.205424608327364,4.877912720480352,100,0.917142968055455,0.16567235372365496,0.9202465747446174,100,0.28303389482607444,3.980214788960324,0.5176340416924823,100,0.6306368034099843,0.17002152965431738,0.659547725465347,100,3.0787509633282766,2.4649363282912593,2.361369924137361,100,4.1430537142144885,2.7626684999999274,3.512820584523019,100,2.5930070432030563,4.153201508695189,2.879189613275959,100,0.7029515037967679,0.9703389559714276,0.38517537777228467,100,0.7901755690542245,3.4420594133422755,0.7465757705878897,100,0.28794479405218715,0.18152558692866075,0.24145749610837125,100,,,,0,,,,0,,,,0,,,,0,0.24571069717407226,0.1613331065495945,0.22411131858825684,100,-1.5809896166634727,1.612264994101685e-08,9.189910466379605e-07,-0.33495932279987756,0.3039220149315086,1.0,-0.9215510289952549,0.0070980586409156495,0.31941263884120424,-0.33495932279987756,0.3039220149315086,1.0,0.2787729250929251,3.896559845095909e-18,5.922770964545782e-16,0.24457177177177175,3.896340037647931e-18,5.922436857224855e-16,0.2761697049619813,3.896559845095909e-18,5.922770964545782e-16,0.950689027922259,2.0347798750261022e-16,2.869039623786804e-14,0.4554450777406548,2.8281143123857506e-15,3.7613920354730483e-13,0.4087115031553368,2.676401104581366e-14,3.0107442788821337e-12,2.1758882613127075,6.311606041551026e-18,7.952623612354293e-16,1.70743319671713,5.112831740936498e-18,6.748937898036177e-16,-0.2540008158352684,1.2419461244164134e-08,8.693622870914894e-07,0.23409105521117382,0.5728322123507377,1.0,0.3667011903725302,4.0161556854627e-18,5.922770964545782e-16,-0.9698972338233304,0.002971096177137261,0.13964152032545127,-1.4185342972671746,0.00010220062637598867,0.005621034450679376,0.5855516762742213,4.648130964875766e-06,0.0003253691675413036,-0.5855516762742213,4.648130964875766e-06,0.0003253691675413036,0.341486639343426,5.112831740936498e-18,6.748937898036177e-16,-0.341486639343426,5.112831740936498e-18,6.748937898036177e-16,,,,,,,-10.26371208667755,3.896559845095909e-18,6.857945327368801e-16
gold_sweep,9aa444560f29,ProposedA,OracleTargetTreated,200,100,2000,10,0.3,3.397745517087717,0.5917230815369818,3.3636024544521916,100,0.6390980927747958,7.0522408821962035,-0.03597892940305977,100,0.2166217147289019,0.1486438644318823,0.18628178478622037,100,0.035819015652605604,0.2611474560409234,0.04036471741671932,100,0.7402143443343444,0.04604474261009508,0.7455821355821356,100,0.5476883683683682,0.04313488580580337,0.5513853853853854,100,0.755008637272002,0.044417378962928876,0.7586359417187982,100,0.2243881388848931,3.014895489226711,0.7914296980116045,92,0.5333010933384008,0.8929300890080487,0.8138057419975281,84,0.5899104744199768,1.0048759852045914,0.8432181858600822,78,6.851946535806875,7.266337628919762,6.2833911505044675,100,5.590512970496786,7.232386407060263,4.788247288997219,100,1.572787274301081,0.285270380604108,1.5399747223151579,100,-0.8058243265036138,4.796374565504647,-0.25667503290013793,100,0.5597069567004556,0.06505431711588255,0.5610814262710901,100,1.102562534728271,0.33215589953639896,1.1014217826818125,100,2.761553360864424,0.7920599845481245,2.750646814929426,100,3.0221167845189765,4.089048824700109,3.0779148163672865,100,0.27384176248084846,0.19523482499854275,0.29147005045640145,100,0.7537551307699214,3.437240294685032,0.7333608444104085,100,0.32436523233649,0.0864325131040511,0.3097095405588213,100,0.01705249717408037,0.008735054552712689,0.01520423360387178,100,28.89,0.9733312577810996,29.0,100,,,,0,,,,0,29.69525759935379,11.9089432589405,25.94770050048828,100,-2.646885711843776,3.896559845095909e-18,5.922770964545782e-16,0.07174231218237961,0.8098010180054853,1.0,-3.720476395320677,4.3971135541818935e-18,6.683612602356478e-16,0.07174231218237961,0.8098010180054853,1.0,0.2454694277494278,3.896559845095909e-18,5.922770964545782e-16,0.2018122922922923,3.896559845095909e-18,5.922436857224855e-16,0.24451433239374606,3.896559845095909e-18,5.922770964545782e-16,0.8214961066798258,1.7295446113165394e-16,2.5251351325221476e-14,0.3315923913615862,1.7106552178285207e-15,2.394917304959929e-13,0.33878475553695386,1.682175044870657e-14,2.1868275583318544e-12,1.934587613355101,5.767203615817138e-18,7.439692664404108e-16,1.5253310052956157,4.139373908714419e-18,5.922770964545782e-16,0.4016434904103572,3.4976276429673725e-10,2.9380072200925928e-08,-0.8547671661185141,0.48304202468022994,1.0,0.29577134366300134,3.896559845095909e-18,5.922770964545782e-16,-2.9460856624233367,8.74112997534717e-17,9.440420373374943e-15,-2.800034650617239,2.6188160136777405e-14,2.592627853540963e-12,1.0146614175901407,1.0045344277577778e-13,1.1150332148111334e-11,-1.0146614175901407,1.0045344277577778e-13,1.1150332148111334e-11,0.30506620105912313,4.139373908714419e-18,5.922770964545782e-16,-0.30506620105912313,4.139373908714419e-18,5.922770964545782e-16,0.01705249717408037,3.896559845095909e-18,2.6496606946652183e-16,28.89,1.521746395416497e-18,7.760906616624135e-17,19.185834815502165,4.2663227307182344e-18,6.857945327368801e-16
gold_sweep,9aa444560f29,ProposedB_LinearStepB,OracleTargetTreated,200,100,2000,10,0.3,3.708938231714234,0.7226503150036667,3.6161200930693194,100,0.6762183151743569,7.060417423812406,0.2366763788096014,100,0.27149439746058807,0.17538120992434322,0.27918449597936146,100,0.07293923805216641,0.31597221862190183,0.06170716445261426,100,0.6508521842121842,0.10355495055965389,0.6666896166896168,100,0.4707846246246246,0.08311612754289151,0.4806766766766767,100,0.6667850070798014,0.10335627265354878,0.6846100077828906,100,0.09278356669781611,2.860230667597019,0.6782738293972348,92,0.4021017964095472,1.0929341102489436,0.7323178223512841,84,0.5115935784165556,0.8508781269069979,0.7719391919994774,78,6.042875016938544,7.17740212687173,5.080327977607347,100,5.016576636464212,7.166105622225824,4.130677162432754,100,1.2295721230036398,0.3689921169169932,1.2614010994487443,100,-0.4579948553708008,3.1966442560803348,-0.27465213187727167,100,0.42989141135396025,0.12383894812320681,0.44095493093903704,100,0.9854765365636986,0.4317505576604483,0.9359436144906994,100,2.4259634131388093,1.2162922642602043,2.1651593385531136,100,2.9674446701925854,4.112224024419952,3.045279508403599,100,0.32851387680723915,0.2532948745442758,0.31188329518916413,100,0.6389678639634064,3.4090732205279903,0.6339532777160297,100,0.4391524991430049,0.14990951808114916,0.4067922711039221,100,0.010355174966090753,0.00863048933961219,0.008728408644790586,100,29.85,0.3859920970562726,30.0,100,4.7580668098635615,3.3440254633843485,3.9692945112701876,100,10.0,0.0,10.0,100,77.089798681736,27.14970963261388,71.17025709152222,100,-2.3356929972172584,2.2731525308328643e-17,2.1822264295995496e-15,0.10886253458194059,0.7361501939167332,1.0,-3.6656037125889913,6.12472726248735e-18,8.880854530606658e-16,0.10886253458194053,0.7361501939167332,1.0,0.15610726762726762,1.0240740550959064e-14,5.222777680989122e-13,0.12490854854854852,6.81828860689298e-15,3.47732718951542e-13,0.15629070220154528,8.705736048287007e-15,4.4399253846263736e-13,0.6898915344927488,3.441772546623952e-12,1.8241394497106945e-10,0.20039309443273245,1.328661066026191e-11,6.643305330130955e-10,0.2604678595335325,1.111616095063976e-11,5.669242084826277e-10,1.125516094486771,6.501128316533223e-13,3.185552875101279e-11,0.9513946712630402,3.415659060555646e-14,1.7761427114889362e-12,0.058428339112916346,0.26972230853401546,1.0,-0.5069376949857013,0.2833800008206221,1.0,0.16595579831650603,4.110858410505758e-14,1.8087777006225334e-12,-3.0631716605879094,3.976797993175688e-17,4.533549712220284e-15,-3.1356245983428535,2.7637372191402876e-16,3.205935174202734e-14,0.95998930326375,3.508228039157714e-13,3.5783925999408685e-11,-0.95998930326375,3.508228039157714e-13,3.5783925999408685e-11,0.19027893425260814,3.415659060555646e-14,1.7761427114889362e-12,-0.19027893425260814,3.415659060555646e-14,1.7761427114889362e-12,0.010355174966090753,3.896559845095909e-18,2.6496606946652183e-16,29.85,3.178502122257849e-21,2.129596421912759e-19,66.58037589788437,3.896559845095909e-18,6.857945327368801e-16
gold_sweep,9aa444560f29,ProposedB_SourceDR,FeasibleRestricted,200,100,2000,10,0.3,6.856689068385971,3.0130195092964533,5.973220218126835,100,0.22809909827424504,2.6472844114366185,0.05829714275366187,100,4.794038344479106,3.6805424899474253,3.9374874465011165,100,-0.37517997884794546,6.05137706357558,0.39740281723347703,100,0.4303342052871864,0.12375400319782352,0.4506901746901747,100,0.2980138552436673,0.08921085200121408,0.3098138138138138,100,0.44600233143499546,0.12565539080612056,0.46660043704398546,100,-0.5565617011580803,5.6434488879428475,0.5006586052349938,92,0.01505206017065943,1.6569004540429026,0.5365674573706507,84,0.1590893311765275,1.6078303025834026,0.6135377724711004,78,4.288144323347171,6.980068871728399,3.6616753610731565,100,3.5042765031589393,6.964551102302626,2.64870292640858,100,1.0689085767454314,0.5057653056134415,0.9947985011611474,100,0.5172896357036915,6.121091951192817,0.32578660134481213,100,0.19420733425727532,0.09504812975767554,0.1944257033945861,100,4.8729344373990555,3.6055689390378842,3.9374874465011156,100,6.643880643810743,3.875102611261702,5.660506797284311,100,1.5578364798137352,4.1106166143837415,1.478786808144609,100,1.7381220671860889,1.8207490726890634,1.19537226269213,100,0.33650783730235195,3.4422001338298402,0.2721452524867327,100,0.7416125258040595,0.23836326377935893,0.6966343310326952,100,0.008249674289792152,0.007927423882236898,0.006293206220070853,100,29.16,1.1696498655926089,30.0,100,4.758066809863565,3.3440254633843525,3.9692945112701867,100,10.0,0.0,10.0,100,61.87107857465744,29.11407083202242,56.710246324539185,100,0.8120578394544785,0.02263086665981647,0.45261733319632935,-0.3392566823181713,0.49600544229157995,1.0,0.8569402344295269,0.07051956353395923,1.0,-0.33925668231817135,0.49600544229157995,1.0,-0.06441071129773024,4.146178290313137e-06,9.121592238688902e-05,-0.04786222083240876,3.023084789364836e-06,6.650786536602639e-05,-0.06449197344326071,4.146178290313137e-06,9.121592238688902e-05,0.04054626663685246,0.0016101823442074494,0.028983282195734088,-0.18665664180615532,4.547454434396166e-06,0.00013642363303188499,-0.09203638770649558,0.0012816538422008217,0.025633076844016434,-0.629214599104603,1.043620810921467e-05,0.0002504689946211521,-0.5609054620422319,2.2004304714429118e-07,6.381248367184445e-06,-0.10223520714529216,0.014089872198679972,0.3804265493643592,0.46834679608879076,0.32205802039588505,1.0,-0.06972827878017884,3.352584783552197e-08,8.381461958880492e-07,0.8242862402474477,0.08558480118974492,1.0,1.0822926323290796,0.026809441110137996,0.48256993998248393,-0.4496188871150995,0.03815068172727711,0.8393149980000965,0.4496188871150995,0.03815068172727711,0.8393149980000965,-0.11218109240844633,2.2004304714429118e-07,6.381248367184445e-06,0.11218109240844633,2.2004304714429118e-07,6.381248367184445e-06,0.008249674289792152,3.896559845095909e-18,2.6496606946652183e-16,29.16,7.673040155410962e-19,4.450363290138358e-17,51.36165579080582,4.0161556854627e-18,6.857945327368801e-16
gold_sweep,9aa444560f29,ProxyOnly,FeasibleRestricted,200,100,2000,10,0.3,6.044631228931492,2.2398242397642294,5.321247032933624,100,0.5673557805924162,6.049949513114333,1.2380670993810678,100,3.937098110049579,2.911114209421839,3.3525609124849094,100,-0.03592329652977405,4.912290412504641,-0.31915434155827965,100,0.49474491658491665,0.1225354018871894,0.5162248862248863,100,0.3458760760760762,0.09148886033083414,0.3573973973973974,100,0.510494304878256,0.12416256243860302,0.5357891325607282,100,-0.5971079677949328,7.011879450659299,0.5370606937084994,92,0.20170870197681476,1.202753147500415,0.5660417043949352,84,0.251125718883023,1.4222925326216997,0.6342094631546453,78,4.917358922451774,7.18737188250765,3.6444817960647646,100,4.065181965201171,7.084623772066481,2.954466528160013,100,1.1711437838907235,0.4115253366110704,1.1690042724913396,100,0.04894283961490051,5.480409743846644,0.12436778140176516,100,0.26393561303745416,0.11695967154326617,0.26422518203295836,100,4.048648197151607,2.7988521915089857,3.3525609124849094,100,5.561588011481665,2.8884554883737494,4.866606475464441,100,2.007455366928835,4.857272795129993,2.505992700345904,100,1.2885031800709894,1.6067281437736585,0.7906831923770758,100,0.4486889297107982,3.4296587178109315,0.46358955751397435,100,0.629431433395613,0.1889388145293362,0.5920031212148412,100,0.0,0.0,0.0,100,0.0,0.0,0.0,100,,,,0,,,,0,10.509422783851624,3.8293861168306322,9.011103987693787,100,,,,,,,,,,,,,,,,,,,,,,,,,,,,,,,,,,,,,,,,,,,,,,,,,,,,,,,,,,,,,,,,,,,,,,,,
gold_sweep,9aa444560f29,TargetOnlyDR,OracleTargetTreated,200,100,2000,10,0.3,3.579973422644357,0.6595023701920855,3.509656570163956,100,0.6328584200863645,7.056397651706059,0.1296556180499735,100,0.2829172389735966,0.22811055159092575,0.22775391869679956,100,0.02957934296417415,0.36331985808747524,0.04163137915758419,100,0.6880365483165484,0.05988905618140435,0.6970944070944072,100,0.5012093293293294,0.05181656938523924,0.5074034034034034,100,0.7039955880985878,0.05883269862956351,0.7150205373462101,100,0.11142905999016763,2.9241714375733134,0.7309117333555852,92,0.4737650444211186,0.9064294724699989,0.7584660848789482,84,0.5547949410934091,0.8700540882798836,0.7797967025786456,78,6.287073186651231,7.176074449892844,5.419105124696026,100,5.255483802800549,7.151533253034933,4.311796049410235,100,1.3499843607355047,0.2751257843314473,1.3214962770074365,100,-0.23737015353943516,3.585515064052576,0.08636774879719991,100,0.4693890376899182,0.08918817265935099,0.47788667759745884,100,0.9612158967659198,0.3169243510247277,0.9345727606903395,100,2.249579100815195,0.815253267779474,2.1131042106208895,100,2.995814729976181,4.094451148655416,3.03991150345968,100,0.300143817023643,0.2234488196882832,0.29289655708175655,100,0.6867492972306739,3.438463917484396,0.667258432333754,100,0.3913710658757376,0.12043424932400011,0.37064052911608614,100,0.0,0.0,0.0,100,0.0,0.0,0.0,100,,,,0,,,,0,32.03249742269516,11.457914061994929,28.44436538219452,100,-2.464657806287135,3.896559845095909e-18,5.922770964545782e-16,0.06550263949394815,0.8018158769149264,1.0,-3.6541808710759818,4.3971135541818935e-18,6.683612602356478e-16,0.0655026394939482,0.8018158769149264,1.0,0.1932916317316317,3.896559845095909e-18,5.922770964545782e-16,0.15533325325325326,3.896559845095909e-18,5.922436857224855e-16,0.1935012832203316,3.896559845095909e-18,5.922770964545782e-16,0.7085370277851004,1.5115436491273006e-14,1.1790040463192945e-12,0.2720563424443038,4.495131268104168e-15,5.110775493520543e-13,0.3036692222103861,4.580516785887283e-14,4.488906450169537e-12,1.3697142641994586,3.641679657916183e-17,3.5688460647578595e-15,1.1903018375993777,9.318997235593406e-18,1.034408693150868e-15,0.17884057684478133,0.00019901189269845365,0.009154547064128868,-0.28631299315433567,0.7465418609724369,1.0,0.20545342465246413,4.670683307897806e-18,5.922770964545782e-16,-3.0874323003856876,1.219062650217942e-17,1.6457345777942216e-15,-3.312008910666468,2.3413085997284582e-17,3.1373535236361338e-15,0.9883593630473462,7.486386312185701e-14,8.5344803958917e-12,-0.9883593630473462,7.486386312185701e-14,8.5344803958917e-12,0.23806036751987558,9.318997235593406e-18,1.034408693150868e-15,-0.23806036751987558,9.318997235593406e-18,1.034408693150868e-15,0.0,,,0.0,,,21.523074638843536,3.896559845095909e-18,6.857945327368801e-16
gold_sweep,c0c98ed4b742,AnchorOnly,OracleTargetTreated,200,50,2000,10,0.3,5.364873082544388,1.8425186579456603,4.870883340013688,100,1.0103005644729024,7.353210318107251,0.9805187721075265,100,0.43664462741261967,0.3870676848894197,0.3142112956075209,100,0.02939163859976692,0.5844083954861286,0.0033895316421954647,100,0.40387631275178376,0.14489554981248362,0.4157178857178857,100,0.2801026362206211,0.10409533884063167,0.28666066066066065,100,0.4172657281135315,0.1493559805369393,0.4355610195484112,100,-0.5114582343444566,4.519043492466644,0.531803796923306,92,0.2437284848233338,1.254922921745445,0.6046268509612944,87,0.21969867326075873,1.204682509605159,0.6395766875285945,85,4.128205302032523,7.232791092210853,4.864125265978682,100,3.6598784878110084,7.172361136622915,4.3143046384691015,100,0.4986190158631554,0.3170143802427981,0.4657123589592748,100,0.587981507231419,5.067738070863143,0.24907097356235391,100,0.13654787274892938,0.10044272143754,0.13281990383745224,100,1.8306946843941918,1.2272832649159915,1.4996112509896227,100,6.5115774869567655,5.066535753369831,5.217633573258984,100,3.462987340094712,3.9909688472549845,3.516716373198968,100,0.5147611890029322,0.4653268396514639,0.48226276639753207,100,0.8436699888557849,3.6934735383436235,0.8420979702539277,100,0.8021714229096532,0.26331546664053634,0.7647817101913559,100,0.0028270543778650616,0.0028084068109975394,0.0021715136283935598,100,13.42,1.0267138910823277,14.0,100,,,,0,,,,0,24.24393152475357,9.434547210440563,20.389938712120056,100,-0.914151638921829,3.6707938680034356e-07,1.7619810566416493e-05,1.3665935459845764,0.009817780667335954,1.0,-3.699138910971933,1.1485179010089616e-17,1.4241621972511125e-15,1.3665935459845762,0.009817780667335954,1.0,-0.0951497174342464,9.35634467395059e-09,2.806903402185177e-07,-0.06942348990550506,8.625500594289316e-09,2.5876501782867945e-07,-0.097468470365028,1.1227625712821653e-08,3.368287713846496e-07,-0.4199891801193921,1.2491694676088949e-08,4.996677870435579e-07,-0.07844960211323733,1.230805832744499e-05,0.00029539339985867977,-0.007131954167649611,0.0011939826981656073,0.02507363666147775,-1.1656550396673553,2.3453643774931896e-10,9.850530385471396e-09,-0.7738750444163891,7.950279114774595e-09,2.8621004813188545e-07,-0.8683684820340521,2.0802135592284146e-17,2.7458818981815072e-15,-0.5877804073974283,0.04921529101222413,1.0,-0.1362390438355771,9.190398504353317e-15,4.319487297046059e-13,-2.419120607436058,2.46529261728969e-16,2.3913338387709993e-14,0.5426662893552437,0.28030519435350776,1.0,0.8292244467400041,5.876692120360829e-06,0.00039961506418453635,-0.8292244467400041,5.876692120360829e-06,0.00039961506418453635,-0.15477500888327775,7.950279114774595e-09,2.8621004813188545e-07,0.15477500888327775,7.950279114774595e-09,2.8621004813188545e-07,0.0028270543778650616,3.896559845095909e-18,2.6496606946652183e-16,13.42,8.358426315729512e-19,4.764302999965822e-17,12.830027768611908,4.139373908714419e-18,6.857945327368801e-16
gold_sweep,c0c98ed4b742,AnchorPlugin,FeasibleRestricted,200,50,2000,10,0.3,5.754125645964657,3.0199698292957677,4.873579803288686,100,-0.36332455635904864,5.200127828685672,-0.600646311421825,100,3.9177054692978692,3.5566389137650565,3.1452430105484166,100,-1.3442334822321838,5.1310734939872145,-1.1016718885022774,100,0.6362183052983054,0.11836419700499029,0.6511848571848573,100,0.45984580580580586,0.0981718435534729,0.4669389389389389,100,0.6529649446705612,0.11722996535310483,0.6711693816139952,100,0.1297624745148663,2.953390080396987,0.7352776563681678,92,0.5313693593687513,0.8181925467005294,0.748779800269412,87,0.486258188756317,0.8574288207075704,0.7644716485617981,85,6.4643136540457355,7.175106715968724,6.787554675026066,100,5.351871397370823,7.165651751296383,5.361677537855627,100,0.9108871164156893,0.23133451596811272,0.88628152800173,100,1.3085829039826087,4.97619126731093,1.04575068968553,100,0.43755277503833395,0.14523882995275633,0.44614849993767475,100,4.007364952715963,3.477132149844454,3.1452430105484166,100,5.300551343520815,3.657719346318102,4.433914456052558,100,2.816094177906765,3.6897022197245994,2.9186543867152626,100,1.1616543511908797,1.6008080790092096,0.576831510109558,100,1.1820685707677479,3.7581346756234724,1.141549786544222,100,0.4637728409976903,0.20503202484379032,0.41183514956632117,100,0.011693999967734953,0.01018184716826723,0.01027597514033064,100,29.12,1.1035296904831233,29.5,100,,,,0,,,,0,9.604430739879609,3.1261532064107658,8.941496729850769,100,-0.5248990755015615,2.5519374341677256e-11,1.913953075625794e-09,-0.007031574847374785,0.9643478501512192,1.0,-0.21807806908668287,0.0009880230101954864,0.051377196530165294,-0.007031574847374835,0.9643478501512192,1.0,0.13719227511227516,1.960659347540535e-17,1.5881340715078332e-15,0.1103196796796797,1.546509748022851e-17,1.2836030908589664e-15,0.13823074619200162,1.7415252083634357e-17,1.4802964271089203e-15,0.22123152873993082,8.106849628006803e-16,9.809288049888233e-14,0.20919127243218028,1.4364689442428646e-15,2.0828799691521537e-13,0.2594275613279086,2.8312403567124653e-15,4.1336109208001993e-13,1.1704533123458545,1.4289849453522757e-16,1.0860285584677296e-14,0.9181178651434252,4.2169267302822515e-17,3.753064789951204e-15,-0.4561003814815181,7.883478613677748e-16,9.933183053233962e-14,0.13282098935376124,0.5157933846475856,1.0,0.16476585845382746,1.1832715745334615e-17,1.0649444170801153e-15,-0.2424503391142867,0.0006984463217334928,0.036319208730141626,-0.6683598540807069,3.0740842199796296e-06,0.00019981547429867593,0.1823312845520567,0.00117439075571404,0.051502607979049285,-0.1823312845520567,0.00117439075571404,0.051502607979049285,0.1836235730286851,4.2169267302822515e-17,3.753064789951204e-15,-0.1836235730286851,4.2169267302822515e-17,3.753064789951204e-15,0.011693999967734953,3.896559845095909e-18,2.6496606946652183e-16,29.12,9.459992642553902e-19,5.1083960269791075e-17,-1.8094730162620545,1.83436855193295e-05,9.171842759664751e-05
gold_sweep,c0c98ed4b742,DRLearner_PooledNoSite,OracleTargetTreated,200,50,2000,10,0.3,3.035873665022942,1.2062022142988997,2.783759662358741,100,0.8688226249210271,6.818775871351286,0.7337226274649176,100,0.7582893168320952,0.635374278445716,0.5995122985487954,100,-0.11208630095210809,0.985809833800642,-0.12353433030633587,100,0.7785541725541725,0.13010627638483607,0.8056187476187477,100,0.5980258258258258,0.12597995936406944,0.6124164164164164,100,0.7910500985244993,0.12730113652018826,0.8180872334656105,100,0.5709399987345647,1.3159244164817097,0.8479859946999799,92,0.7425306160780517,0.3312992289901074,0.8676723198188174,87,0.6971996052855095,0.519473318005955,0.871943825671226,85,7.54606014142826,7.403611409502095,7.214131009730035,100,6.204097455156294,7.364606190719468,5.910720839669436,100,0.9333463522832582,0.1657653535639298,0.9493090341712671,100,0.22654085169671898,1.6327949124439016,0.0740686347890597,100,0.6410494949687526,0.18093407711685341,0.6626166519583472,100,0.944824955056688,0.6207258902447866,0.7758747790343078,100,1.8410071577799971,1.246012048574693,1.5317149535682857,100,3.743313402778849,3.974853887377984,3.843745216041678,100,0.23443512631879468,0.290915322067993,0.16181672390867868,100,1.3525137823248423,3.7365801379837413,1.3044619191635216,100,0.2933276294405958,0.23355971576347237,0.23557636192553688,100,,,,0,,,,0,,,,0,,,,0,2.446654691696167,0.7682919343974943,2.4098362922668457,100,-3.2431510564432755,4.139373908714419e-18,5.922770964545782e-16,1.225115606432701,0.009623871357349385,1.0,-3.377494221552457,6.348428415673146e-17,6.221459847359683e-15,1.2251156064327011,0.009623871357349385,1.0,0.2795281423681424,2.2069547466224186e-17,1.6993551548992622e-15,0.24849969969969973,1.960659347540535e-17,1.5293142910816173e-15,0.27631590004593964,2.0195637546078604e-17,1.5798641513841454e-15,0.6624090529596292,1.2245748962006049e-15,1.3556814915135297e-13,0.4203525291414807,1.6474725730415809e-15,2.339411053719045e-13,0.4703689778571013,4.0197874739425685e-15,5.748296087737873e-13,2.252199799728383,1.1485179010089616e-17,1.2978252281401266e-15,1.7703439229288969,8.012096741807243e-17,6.249435458609649e-15,-0.43364114561394934,2.6151797240223703e-12,2.5890279267821465e-10,-0.9492210629321285,0.032464993179482454,1.0,0.3682625783842463,1.690631665125153e-17,1.369411648751374e-15,-3.304990336773562,2.4114800543560524e-17,2.990235267401505e-15,-4.127904039821525,3.641679657916183e-17,4.6613499621327146e-15,1.1095505094241416,1.823349580547466e-16,2.6985573792102498e-14,-1.1095505094241416,1.823349580547466e-16,2.6985573792102498e-14,0.35406878458577934,8.012096741807243e-17,6.249435458609649e-15,-0.35406878458577934,8.012096741807243e-17,6.249435458609649e-15,,,,,,,-8.967249064445495,3.896559845095909e-18,6.857945327368801e-16
gold_sweep,c0c98ed4b742,DRLearner_PooledWithSite,OracleTargetTreated,200,50,2000,10,0.3,2.954301539579341,1.1665065146049254,2.7017791780934157,100,0.9005186805524077,6.904538462288405,0.6570666439698829,100,0.6153555119926057,0.4930824608258777,0.49764334928928966,100,-0.08039024532072778,0.7868225478835087,-0.023039292776989795,100,0.7839897713097714,0.12603189952534946,0.8111688011688012,100,0.6033234034034033,0.12350942362712086,0.6184004004004005,100,0.7963561632065005,0.12302991514948913,0.8234766241486763,100,0.5814397777452593,1.2901024443704656,0.8526006462360645,92,0.7514364683351784,0.31465197379652066,0.8697169725838639,87,0.7070972586516963,0.49970912310231425,0.8776976528832343,85,7.5946667452089605,7.384689051238232,7.212793662726973,100,6.243968799516775,7.349504191004197,5.952333490283244,100,0.9405877706966429,0.16129177254660707,0.951466796371863,100,0.20742452173111625,1.4634594782201347,0.055496312826189026,100,0.6485095036890973,0.17760829984591978,0.6723038372883661,100,0.8113719403187346,0.5131475704132036,0.6928213760397794,100,1.6366253683771061,1.0958562602972683,1.4556749028156442,100,3.7602311531209707,3.969210981481757,3.8461134583571295,100,0.21751737597667337,0.25157293305963296,0.15238686700931126,100,1.360488051196939,3.736355544520066,1.3048065052952973,100,0.28535336056849947,0.2228843751317481,0.23133303621730672,100,,,,0,,,,0,,,,0,,,,0,8.521801903247834,2.926333759224643,7.912882089614868,100,-3.324723181886876,4.0161556854627e-18,5.922770964545782e-16,1.2568116620640817,0.010524168093099797,1.0,-3.520428026391946,2.0802135592284146e-17,2.3506413219281086e-15,1.2568116620640815,0.010524168093099797,1.0,0.2849637411237411,2.1426597410614454e-17,1.6927011954385418e-15,0.2537972772772773,1.6412062569258175e-17,1.2965529429713959e-15,0.28162196472794093,1.8478899002670448e-17,1.5522275162243177e-15,0.6729088319703239,8.639378104483732e-16,1.0285814039375141e-13,0.42925838139860717,1.0184849333118407e-15,1.4869880026352874e-13,0.4802666312232882,1.6095540942512171e-15,2.44652222326185e-13,2.3008064035090823,8.777880718979924e-18,1.0357899248396311e-15,1.8102152672893788,5.0264575344033727e-17,4.121695178210766e-15,-0.4263997272005647,4.059304369484221e-12,3.937525238399694e-10,-0.968337392897731,0.03109696724673547,1.0,0.3757225871045909,1.4573676877736123e-17,1.282483565240779e-15,-3.4384433515115145,1.7415252083634357e-17,2.246567518788832e-15,-4.332285829224416,2.0195637546078604e-17,2.7466067062666902e-15,1.126468259766263,1.768533174978771e-16,2.6351144307183688e-14,-1.126468259766263,1.768533174978771e-16,2.6351144307183688e-14,0.3620430534578759,5.0264575344033727e-17,4.121695178210766e-15,-0.3620430534578759,5.0264575344033727e-17,4.121695178210766e-15,,,,,,,-2.892101852893829,1.666630638361549e-07,1.4999675745253941e-06
gold_sweep,c0c98ed4b742,EntropyBalancing,FeasibleRestricted,200,50,2000,10,0.3,8.065121203610323,5.23111432541621,6.9110112524022735,100,0.5635150406765811,6.663592450695383,-0.09599861555756359,100,6.320424990686613,5.530721800178069,5.270458174516243,100,-0.4173938851965543,8.412145452456498,-1.621196025851766,100,0.5555995977595979,0.17565400247074398,0.5757402297402299,100,0.3973474274274275,0.1364391835477228,0.4061081081081081,100,0.5712479083894363,0.177475156728843,0.5909317051453498,100,0.02590145009885805,3.600184324805095,0.6613806637754565,92,0.41723180232570134,0.9336754419110717,0.6956609364251819,87,0.3621656678516206,1.0438450794865521,0.7126479763057163,85,5.700561524378027,7.568216677932937,5.808987184012668,100,4.722912325733329,7.495148361262934,4.818739659392638,100,0.6203450466939354,0.24486762054390876,0.6539933102030149,100,0.8050118861647718,6.7326020303106455,0.5994178561988588,100,0.3563218270020303,0.18258041426515026,0.35916931524193757,100,6.449253287339611,5.4354698681497995,5.270458174516243,100,9.716440441418792,7.414743249339111,7.489813408036979,100,2.176281853734279,3.7869435482202722,2.3466875720673546,100,1.8014666753633641,1.891627449589316,1.128223687817063,100,1.056276756440249,3.7477367867702487,0.8987660322732773,100,0.5895646553251891,0.327310512352176,0.5078901452572091,100,,,,0,,,,0,,,,0,,,,0,8.507797410488129,2.490230984265332,8.875527262687683,100,1.7860964821441048,9.122692472649752e-05,0.0031017154407009155,0.919808022188255,0.38061003668382276,1.0,2.184641452302061,2.0434964969944978e-05,0.0013895776179562586,0.919808022188255,0.38061003668382276,1.0,0.05657356757356757,0.0006558976151462912,0.01115025945748695,0.047821301301301314,0.00032683051898161746,0.005556118822687497,0.056513709910876724,0.0007435485144769045,0.01143452832518669,0.11737050432392261,0.0007782056989548381,0.014785908280141924,0.0950537153891302,0.0017363863876599971,0.031254954977879945,0.13533504042321226,0.009793134232713269,0.14689701349069903,0.4067011826781484,0.0011572317128310011,0.01851570740529602,0.2891587935059316,0.0022125636913517266,0.030975891678924172,-0.7466424512032718,2.8782421504419467e-17,3.74171479557453e-15,-0.3707500284640756,0.20948291004363828,1.0,0.08353491041752382,1.5953234709419534e-05,0.00025525175535071255,2.199437995509361,1.1296512348770368e-05,0.0007794593520651554,3.7475292438172705,9.487277678157031e-08,7.400076588962484e-06,-0.4574810396204284,0.01073412940610968,0.3434921409955098,0.4574810396204284,0.01073412940610968,0.3434921409955098,0.05783175870118625,0.0022125636913517266,0.030975891678924172,-0.05783175870118625,0.0022125636913517266,0.030975891678924172,,,,,,,-2.906106345653534,2.447540472326541e-08,3.426556661257157e-07
gold_sweep,c0c98ed4b742,IPWTransport,FeasibleRestricted,200,50,2000,10,0.3,5.352309059723913,3.3265246787469533,4.17317421586259,100,0.051621147305738656,5.466218651956317,0.02251171004526107,100,3.9712102116825223,3.5423978207475773,2.8966086036630614,100,-0.9292877785673967,5.254149996821621,-0.7293830815232473,100,0.7368831492831492,0.15706284076233562,0.765968583968584,100,0.5588958958958959,0.14309422022537935,0.5694654654654655,100,0.7501350239188213,0.1551127827680272,0.7786328617271031,100,0.5143811594577992,1.4188333500440342,0.8176191905502483,92,0.7018868174313326,0.37839651979571004,0.8378464067028557,87,0.6425834168277827,0.6219669499351025,0.8471471379579503,85,7.177701101150123,7.5357687964652875,7.02812106223746,100,5.908422075958497,7.437883273161037,5.73495224895592,100,0.8868217330851746,0.19126170366485917,0.903085907052807,100,0.9082865985042493,5.323734782385038,0.7419888543847166,100,0.5853489098913477,0.20495181643879593,0.6000725506564558,100,4.030790419610003,3.4926086383452386,2.8966086036630623,100,5.270065571606595,3.901171760177616,4.1672871545042085,100,3.026383271369691,3.7936908257558857,3.1000671767885755,100,0.9513652577279532,1.2102908760484339,0.42730151296894436,100,1.2933787064852824,3.7358532608664583,1.2896763236375164,100,0.3524627052801555,0.30456631070631723,0.2689222153338584,100,,,,0,,,,0,,,,0,,,,0,3.493235945701599,1.1485262760091917,3.50589120388031,100,-0.9267156617423052,7.459504884752049e-06,0.000305839700274834,0.4079141288174124,0.17551316159696428,1.0,-0.1645733267020295,0.42305657051311696,1.0,0.4079141288174124,0.17551316159696428,1.0,0.2378571190971191,1.9267905457755787e-15,1.0404668947188125e-13,0.2093697697697698,1.043664781540866e-15,5.740156298474764e-14,0.23540082544026172,2.917295855137348e-15,1.5461668032227944e-13,0.6058502136828637,2.454596768700891e-14,1.7673096734646416e-12,0.37970873049476134,7.755692233288568e-14,5.5065414856348835e-12,0.4157527893993744,6.411684114097129e-14,5.706398861546445e-12,1.883840759450244,9.442591079843008e-15,5.382276915510514e-13,1.4746685437310998,1.453827925226812e-14,7.925471095851276e-13,-0.4801657648120327,2.0164615770355652e-13,2.157613887428055e-11,-0.26747531612459813,0.35322723435597647,1.0,0.31256199330684126,8.108209916205949e-16,4.3784333547512123e-14,-0.21902487222024514,0.32882454634893676,1.0,-0.6988456259949279,0.01477807881436309,0.3398958127303511,0.3926203780149829,0.0011705138177056655,0.051502607979049285,-0.3926203780149829,0.0011705138177056655,0.051502607979049285,0.2949337087462198,1.453827925226812e-14,7.925471095851276e-13,-0.2949337087462198,1.453827925226812e-14,7.925471095851276e-13,,,,,,,-7.920667810440063,3.896559845095909e-18,6.857945327368801e-16
gold_sweep,c0c98ed4b742,OutcomeModelTransport,FeasibleRestricted,200,50,2000,10,0.3,5.388187380653529,3.3664569298109956,4.139921622096516,100,0.12226116373245896,5.485923178619577,0.11846176161763505,100,4.027000850801597,3.5688488036725525,2.852489442724668,100,-0.8586477621406763,5.326584256062907,-0.8752606256575467,100,0.7368153573753574,0.15748761903926367,0.7684450024450025,100,0.5588707107107108,0.14325332487317477,0.5723463463463463,100,0.7500827079527602,0.15556257174876326,0.7809411868852647,100,0.5133498215510237,1.420819112434572,0.8207068681175534,92,0.700190468710667,0.3824795186591018,0.8430234467053568,87,0.6389227334694515,0.6351759013280605,0.8536096265460602,85,7.186730209308604,7.532439180457577,6.984653854065455,100,5.908850509981332,7.438998408561119,5.717678638328831,100,0.8869519655341908,0.19158737244850912,0.8967724834810811,100,0.8494256320151311,5.378955795315022,0.7527272053053943,100,0.5854506990631659,0.20513820916673367,0.603091479436134,100,4.088846397253317,3.5151336839053644,2.8524894427246683,100,5.311388163325257,3.9364908761880137,3.9818807651058368,100,3.0085892978701345,3.8224545176618414,3.0861847411359604,100,0.9691592312275099,1.2417313588400207,0.4040825858758599,100,1.2934643932898502,3.7357537384090587,1.2888055754823804,100,0.3523770184755882,0.30500134288448516,0.26914009843589803,100,,,,0,,,,0,,,,0,,,,0,0.41375239610672,0.18148041323740555,0.37853264808654785,100,-0.8908373408126893,1.6976498032482443e-05,0.000611153929169368,0.4785541452441327,0.11771478857872408,1.0,-0.10878268758295412,0.5704943464345489,1.0,0.47855414524413264,0.11771478857872408,1.0,0.23778932718932722,1.9809780081603543e-15,1.0499183443249879e-13,0.20934458458458458,1.1037454355187327e-15,5.960225351801157e-14,0.23534850947420072,2.4720581888887905e-15,1.334911421999947e-13,0.6048188757760882,2.1751833672264465e-14,1.587883858075306e-12,0.37801238177409596,7.755692233288568e-14,5.5065414856348835e-12,0.41209210604104307,8.09817671157697e-14,6.721486670608885e-12,1.892869867608725,6.45706688194492e-15,3.809669460347503e-13,1.4750969777539353,1.4152626956877279e-14,7.925471095851276e-13,-0.48003553236301655,2.1228354031947738e-13,2.2502055273864602e-11,-0.3263362826137163,0.3322421202721664,1.0,0.3126637824786594,7.664886745226835e-16,4.2156877098747596e-14,-0.16096889457693234,0.4787621325036495,1.0,-0.657523034276265,0.021240745629242976,0.40587801112102995,0.37482640451542615,0.001603760456337854,0.06735793916618987,-0.37482640451542615,0.001603760456337854,0.06735793916618987,0.29501939555078704,1.4152626956877279e-14,7.925471095851276e-13,-0.29501939555078704,1.4152626956877279e-14,7.925471095851276e-13,,,,,,,-11.000151360034943,3.896559845095909e-18,6.857945327368801e-16
gold_sweep,c0c98ed4b742,ProposedA,OracleTargetTreated,200,50,2000,10,0.3,3.6850018708826586,0.7380090477338659,3.612476177895512,100,0.9708448857458943,7.239311967461583,0.8626927638796404,100,0.2772861440372473,0.2241133734503662,0.22222060605848204,100,-0.010064040127241103,0.3574755157103721,0.035765046444564685,100,0.6749590667805747,0.07122926829668166,0.685920793920794,100,0.4909788040168975,0.06144085618365968,0.49950550550550543,100,0.690830679403702,0.06959096841464586,0.7007866325734898,100,0.20442773587998583,2.716277080294814,0.7277740129704972,92,0.5741405956617682,0.6215112526953608,0.7605433483929565,87,0.5351620202071883,0.6862943965138115,0.7843373633032279,85,6.653247077517103,7.282060212592048,6.151100275777045,100,5.615043634368387,7.244627966443444,5.463488667139551,100,1.317965411984616,0.3420111088213001,1.2601024749118326,100,-0.8930608429475201,3.980920666055463,-0.20982543636627285,100,0.4438826670986632,0.11376918195166155,0.4531748398039699,100,0.9689556169483304,0.42146129489807205,0.9239750118183908,100,2.384475262249939,1.1137154306327521,2.0940511461704063,100,3.644103506991901,4.0011709703649645,3.629887229892645,100,0.33364502210574193,0.24417977587961867,0.35626567264973075,100,1.234703018167261,3.7617151428778546,1.1771254874301669,100,0.41113839359817733,0.10843420976103903,0.38377688046562086,100,0.026431665904362286,0.020217570676783436,0.021244289495038916,100,27.14,1.880361022718131,28.0,100,,,,0,,,,0,33.310088522434235,13.636334338306293,29.051159501075745,100,-2.594022850583558,4.531861061109546e-18,5.922770964545782e-16,1.327137867257568,0.0130474857204841,1.0,-3.858497394347305,7.117077537219983e-18,1.0035079327480177e-15,1.327137867257568,0.0130474857204841,1.0,0.17593303659454435,1.690631665125153e-17,1.4201305987051286e-15,0.14145267789077148,1.4573676877736123e-17,1.2387625346075705e-15,0.17609648092514263,1.903450784800175e-17,1.5798641513841454e-15,0.2958967901050503,5.078668137207508e-13,3.0472008823245044e-11,0.25196250872519715,9.047305708476536e-13,5.0664911967468603e-11,0.3083313927787799,8.209585965896868e-13,4.761559860220183e-11,1.3593867358172247,1.7728365833323264e-15,1.152343779166012e-13,1.1812901021409896,4.3571215496604904e-16,2.788557791782714e-14,-0.04902208591259145,0.7885535816793301,1.0,-2.0688227575763674,0.005352060464998084,0.8135131906797087,0.17109575051415685,1.3051821803023527e-15,6.786947337572234e-14,-3.2808596748819183,8.998385137455785e-17,9.448304394328574e-15,-3.584435935351582,4.235271113204814e-16,4.828209069053488e-14,1.0103406136371944,6.087238447113959e-14,7.182941367594471e-12,-1.0103406136371944,6.087238447113959e-14,7.182941367594471e-12,0.23625802042819802,4.3571215496604904e-16,2.788557791782714e-14,-0.23625802042819802,4.3571215496604904e-16,2.788557791782714e-14,0.026431665904362286,3.896559845095909e-18,2.6496606946652183e-16,27.14,2.2987620753803855e-18,1.0804181754287811e-16,21.89618476629257,3.896559845095909e-18,6.857945327368801e-16
gold_sweep,c0c98ed4b742,ProposedB_LinearStepB,OracleTargetTreated,200,50,2000,10,0.3,4.5488995744593,1.3243657801619593,4.305178807403903,100,0.9341912162906313,7.380441242797856,1.0089193005297785,100,0.4023357666207372,0.2940823945589869,0.35442495251867456,100,-0.046717709582503895,0.49778411506132575,-0.05418010143109653,100,0.503062008698929,0.15274875382668507,0.5279305259305259,100,0.35577457835295634,0.11454178362579179,0.36913713713713714,100,0.5177849612918862,0.15524703926667033,0.5393296701621605,100,-0.038938501730370244,2.847866694756634,0.6157842429382336,92,0.3833096349397504,0.8676952155235567,0.6671832807600125,87,0.3044295892540218,1.1333901862470377,0.6776199831848708,85,5.297284292832424,6.9123571937081785,5.265881864420485,100,4.474338513660054,6.9334508309749845,4.628957522936102,100,0.7725494360022672,0.39380249611489804,0.7224941610704096,100,0.5790439254650956,3.447774066189739,-0.0030452698178145415,100,0.23818636705293636,0.1435135678414595,0.22553454300358972,100,1.341436330159023,0.8989574681930469,1.029654393469881,100,4.286783587734309,3.51941733252596,2.909550746312096,100,3.5267738334979084,4.011256937524434,3.533105731007346,100,0.45097469559973563,0.3770266892099401,0.4584266417032658,100,1.0065619940255943,3.746720814645167,0.9887992754101336,100,0.6392794177398438,0.24333961390701317,0.5860873236660743,100,0.009968833411502289,0.007217178737085342,0.007928784680562719,100,29.95,0.21904291355759034,30.0,100,4.59445044584936,2.516998086535776,4.182049631071448,100,10.0,0.0,10.0,100,84.86347127437591,21.462423053418448,81.27686214447021,100,-1.7301251470069183,9.010141543147884e-13,7.568518896244223e-11,1.2904841978023052,0.015495739833762862,1.0,-3.7334477717638155,6.906672275406012e-18,9.876541353830596e-16,1.2904841978023054,0.015495739833762862,1.0,0.004035978512898778,0.5337204302967387,1.0,0.006248452226830161,0.37874492892909406,1.0,0.003050762813326663,0.5728322123507377,1.0,0.05253055249469419,0.5487328429470891,1.0,0.061131548003179215,0.3037284842309316,1.0,0.07759896182561357,0.20934263124193075,1.0,0.0034239511325471783,0.8071370593535689,1.0,0.04058498143265713,0.49383206015649095,1.0,-0.5944380618949403,2.8870248185031213e-13,3.0313760594282776e-11,-0.5967179891637517,0.012552336622314265,1.0,-0.0346005495315701,0.024315778141523827,0.19452622513219062,-2.908378961671226,5.464684499148851e-16,5.191450274191409e-14,-1.6821276098672124,9.853585498721036e-08,7.488724979027988e-06,0.8930109401432007,1.7061146524815993e-08,1.5013808941838073e-06,-0.8930109401432007,1.7061146524815993e-08,1.5013808941838073e-06,0.008116996286531468,0.49383206015649095,1.0,-0.008116996286531468,0.49383206015649095,1.0,0.009968833411502289,3.896559845095909e-18,2.6496606946652183e-16,29.95,1.4414691151145934e-22,9.801989982779235e-21,73.44956751823425,3.896559845095909e-18,6.857945327368801e-16
gold_sweep,c0c98ed4b742,ProposedB_SourceDR,FeasibleRestricted,200,50,2000,10,0.3,6.8033374489254115,3.595309698703655,5.5001738098024955,100,-0.19649979664914724,2.6722052697357785,-0.18760915630101935,100,4.591675255668093,4.200879140813751,3.182311174467103,100,-1.1774087225222827,6.127278141890644,-1.2761410104324749,100,0.4199029741146909,0.13854571669379584,0.44719329319329326,100,0.2907609003137493,0.09954324512961445,0.3071231231231231,100,0.43711555168882393,0.1354549309321419,0.4605342772239539,100,-0.39481741824523653,4.570010808102538,0.5359050096539917,92,0.2058214226724871,1.3739094907109268,0.558499275805227,87,0.0771193041511305,1.7719786038971164,0.593393817904586,85,4.500667420253711,7.574628954386937,4.6248985729247885,100,3.748466133740274,7.454274279717432,3.7310490041401634,100,1.0486191130039308,0.5064676477431522,1.0305873033202557,100,0.8923347603570548,6.129904351437342,0.8301241711730201,100,0.1934789522046341,0.10666889793126391,0.19488966349534104,100,4.716624166305172,4.099394577759469,3.182311174467102,100,6.467537121842135,4.258649947718109,5.084082779863786,100,2.4713162425627186,4.0183659402986045,2.440374098712197,100,1.506432286534925,1.7353982496117084,0.9887291390816857,100,0.861387518041638,3.7344501230464413,0.8973726126690469,100,0.7844538937238,0.3246357457100394,0.7166274503957153,100,0.008367221743958,0.0073380428746083375,0.006938751199064606,100,29.14,1.0732749842976832,29.5,100,4.5944504458493585,2.5169980865357746,4.182049631071447,100,10.0,0.0,10.0,100,87.16807258367538,24.98291678108836,82.29439973831177,100,0.5243127274591949,0.14774720853713422,1.0,0.15979318486252658,0.5988439481270142,1.0,0.4558917172835414,0.35322723435597647,1.0,0.1597931848625265,0.5988439481270142,1.0,-0.07912305607133926,4.37848781784592e-09,1.4449009798891536e-07,-0.058765225812376816,4.756708726669209e-09,1.5697138798008391e-07,-0.07761864678973569,8.451646604920486e-09,2.7045269135745554e-07,-0.3033483640201721,9.368671395680077e-06,0.00022484811349632186,-0.11635666426408407,5.7027226520639095e-06,0.00016537895690985337,-0.14971132327727782,1.0657479130010013e-06,3.516968112903304e-05,-0.7931929214461669,1.9334598049879118e-07,5.4136874539661525e-06,-0.6852873984871236,2.9804775851484396e-08,9.537528272475007e-07,-0.31836838489327707,2.1207195839800424e-07,1.2724317503880255e-05,-0.28342715427179266,0.24657218196690034,1.0,-0.07930796437987236,1.4051360614769775e-09,4.35592179057863e-08,0.4668088744749222,0.36767280671462566,1.0,0.49862592424061225,0.21706930167208116,1.0,-0.1624466507919886,0.09063491326016676,1.0,0.1624466507919886,0.09063491326016676,1.0,-0.13705747969742474,2.9804775851484396e-08,9.537528272475007e-07,0.13705747969742474,2.9804775851484396e-08,9.537528272475007e-07,0.008367221743958,3.896559845095909e-18,2.6496606946652183e-16,29.14,9.285971476955616e-19,5.107284312325589e-17,75.75416882753372,3.896559845095909e-18,6.857945327368801e-16
gold_sweep,c0c98ed4b742,ProxyOnly,FeasibleRestricted,200,50,2000,10,0.3,6.279024721466218,2.8796002283468027,5.440484773512495,100,-0.35629298151167377,5.932459063757923,-0.6221647528731968,100,4.135783538384553,3.4992293239949324,3.6056909272381574,100,-1.3372019073848092,5.264590724214072,-1.1646680713700692,100,0.49902603018603026,0.12974202018135556,0.5201952641952642,100,0.3495261261261261,0.09716504995635586,0.3630670670670671,100,0.5147341984785596,0.13207932433199418,0.5383073176882485,100,-0.09146905422506448,3.15420495164754,0.6122323166366594,92,0.32217808693657113,1.1289419803437628,0.645670880771504,87,0.22683062742840834,1.4189185305342475,0.6784791955115407,85,5.293860341699879,7.100939378381953,5.494851658450337,100,4.4337535322273975,7.080309798282857,4.5358706506573725,100,1.3669874978972074,0.5331912252170974,1.3225226189493346,100,1.1757619146288472,6.901057950374446,1.2429730497733447,100,0.2727869165845064,0.12262656384830471,0.2728677751316921,100,4.24981529183025,3.3995901686582166,3.605690927238157,100,5.96891119760152,3.655841737331125,5.1362448536061525,100,2.6337628933547084,3.898630132194321,2.6631070267189125,100,1.3439856357429363,1.9560665067754883,0.6907330439799615,100,0.9984449977390628,3.7800524696046187,1.0222023603298787,100,0.6473964140263753,0.24783708272273478,0.5810464968575253,100,0.0,0.0,0.0,100,0.0,0.0,0.0,100,,,,0,,,,0,11.413903756141663,4.030832041984445,10.183805346488953,100,,,,,,,,,,,,,,,,,,,,,,,,,,,,,,,,,,,,,,,,,,,,,,,,,,,,,,,,,,,,,,,,,,,,,,,,
gold_sweep,c0c98ed4b742,TargetOnlyDR,OracleTargetTreated,200,50,2000,10,0.3,4.468996137591046,1.211126061381954,4.307583127714095,100,0.9680105479752749,7.297903054225071,0.8145861448919929,100,0.41392380982950366,0.2896527336900482,0.351051123441815,100,-0.012898377897860388,0.5067486688666614,0.0006592096686316509,100,0.5264952580862744,0.09459440352906974,0.513914871914872,100,0.3711712897999852,0.07354960870435642,0.36002002002002004,100,0.5416402298115007,0.09441161911197228,0.5290780967209503,100,-0.31075071069571686,4.294472374002688,0.5921371232610171,92,0.3091332112493997,1.3283861691317065,0.6565819732394287,87,0.31022504207640195,1.1422497896708865,0.6921353180922231,85,4.990734673497113,7.251944824285177,5.333396924225635,100,4.5338312218295895,7.167837213776345,4.73455806347895,100,0.7323316290532348,0.27513340367120687,0.7273454728342972,100,0.2968961490226725,2.8924576623509566,0.05518678080421606,100,0.21314279941215253,0.11801895506001776,0.1966581014329412,100,1.0813341182658387,0.469057702326557,0.9666858917227457,100,2.8879148120252642,1.917297850243303,2.4720769863835805,100,3.532372653068031,4.030056264319775,3.5521764835671723,100,0.44537587602961287,0.34554629439563367,0.4893503187363736,100,1.0184605356595016,3.7451643971734447,0.9189944300185551,100,0.6273808761059366,0.21284095302828834,0.591368756324798,100,0.0,0.0,0.0,100,0.0,0.0,0.0,100,,,,0,,,,0,30.097400834560393,9.087904648435275,28.115758061408997,100,-1.8100285838751722,3.682640907990571e-12,2.9829391354723626e-10,1.324303529486949,0.009153955915995006,1.0,-3.721859728555048,1.2938800168252932e-17,1.565594820358605e-15,1.324303529486949,0.009153955915995006,1.0,0.027469227900244215,0.02453385272288937,0.22080467450600436,0.02164516367385914,0.012552336622314265,0.12552336622314264,0.026906031332941168,0.03003845217390292,0.2703460695651263,-0.21928165647065245,0.00961319048881804,0.12497147635463453,-0.013044875687171427,0.7127107706584985,1.0,0.08339441464799362,0.012122462609616238,0.16971447653462735,-0.3031256682027649,0.003832475442483072,0.053654656194763006,0.10007768960219313,0.45976137200079736,1.0,-0.6346558688439727,6.118237096853962e-16,7.770161113004532e-14,-0.8788657656061747,0.017670834816082646,1.0,-0.05964411717235391,3.8756230074582483e-07,8.138808315662321e-06,-3.1684811735644103,1.6033960728283034e-16,1.6033960728283035e-14,-3.0809963855762565,1.2344747158137792e-13,1.1357167385486769e-11,0.8986097597133234,7.360912797741484e-07,5.667902854260942e-05,-0.8986097597133234,7.360912797741484e-07,5.667902854260942e-05,0.020015537920438684,0.45976137200079736,1.0,-0.020015537920438684,0.45976137200079736,1.0,0.0,,,0.0,,,18.683497078418732,3.896559845095909e-18,6.857945327368801e-16
gold_sweep,d42c021844b4,AnchorOnly,OracleTargetTreated,200,25,2000,10,0.3,7.691389940902706,2.6350685859612066,6.97407991618703,100,0.4487354588904611,8.216901169636996,0.10561556339978181,100,0.7956329026503869,0.5884953646781439,0.6362742740044145,100,-0.062355578239783396,0.9908709687515289,-0.10719522934957726,100,0.2648432353537316,0.11903333921373072,0.2650039477436358,100,0.18120630672289542,0.08286409262142762,0.17968581330347874,100,0.27628707660323226,0.12206328558158042,0.27723932692735165,100,-2.616681686327323,23.493877975763354,0.3488124218857631,90,-74.52304907599195,684.394294882043,0.4404858255949902,85,-0.026964917664974632,1.4803748324033537,0.4744385381077765,81,2.627762612742735,7.867645054897539,2.1426537373655368,100,2.282813543842892,7.828387041444305,2.1520638723658534,100,0.16926238261207183,0.13451817044936232,0.13517246808029576,100,0.41479083622278023,6.853928120768014,0.20745987348387565,100,0.04474223356403357,0.04774693311743639,0.031035376376047197,100,3.3022490617752043,1.9038479859288924,2.815737226121247,100,13.539166702050547,7.577601449016499,11.628055114072648,100,3.3703771641512748,4.366548085990325,3.297996005544877,100,0.7188420218767927,0.659381339919117,0.5492977071514511,100,0.6700573364680023,3.994449816019507,1.2597835115289324,100,1.0328910682987908,0.2723675761200419,1.0160028233946479,100,0.0033111131839642094,0.003409135833400042,0.002137793742130881,100,13.45,1.0087996667707457,14.0,100,,,,0,,,,0,22.08147795677185,6.646386806055888,19.420124053955078,100,1.3217271663070143,9.756622781503912e-10,6.439371035792582e-08,0.32590180127526835,0.5869540189208129,1.0,-3.3005257147918963,1.273307953842098e-16,1.1205109993810462e-14,0.32590180127526835,0.5869540189208129,1.0,-0.2165676806971845,3.750168121901122e-17,2.700121047768808e-15,-0.15446436394777532,3.641679657916183e-17,2.5127589639621663e-15,-0.2213077337813546,4.095126545597987e-17,2.9075398473745707e-15,-0.9932838368209772,6.277097265977182e-14,4.2349428670933705e-12,-35.629871958264964,1.9760375519006623e-13,1.2449036576974172e-11,-0.3205294474071537,3.1913907241757965e-13,2.1382317851977837e-11,-2.1763420591601736,5.312355559705196e-16,3.6124017805995334e-14,-1.6725341472486739,2.46529261728969e-16,1.6763989797569892e-14,-1.3062806184624614,3.896559845095909e-18,5.922770964545782e-16,0.15592004305734272,0.9807981497441512,1.0,-0.20911248724932283,6.906672275406012e-18,7.252005889176312e-16,-0.8951169506273956,0.00014710248957640129,0.00926745684331328,7.444239167727404,1.0501887534614503e-17,1.5122718049844885e-15,0.6294902645108137,0.005007934849256674,0.1702697848747269,-0.6294902645108137,0.005007934849256674,0.1702697848747269,-0.33450682944973487,2.46529261728969e-16,1.6763989797569892e-14,0.33450682944973487,2.46529261728969e-16,1.6763989797569892e-14,0.0033111131839642094,3.896559845095909e-18,2.6496606946652183e-16,13.45,1.0251135397099173e-18,5.433101760462562e-17,10.450703310966492,4.531861061109546e-18,6.857945327368801e-16
gold_sweep,d42c021844b4,AnchorPlugin,FeasibleRestricted,200,25,2000,10,0.3,5.88690908243726,2.9344298421426815,5.119992265227234,100,0.1633075653999443,5.313076143779132,0.3278285288460249,100,4.107155698544104,3.370847096358024,3.404128457463777,100,-0.34778347173030005,5.317852402633182,-0.36840709495843815,100,0.6355767787767789,0.12476195422884204,0.6561715461715462,100,0.45943187187187184,0.10297918066401404,0.46874074074074074,100,0.6518543605920577,0.124654426674625,0.6694007510240749,100,-0.2848117325932717,7.049933443395156,0.70798090414259,90,-16.01675542061603,151.07645838764572,0.7415683989680794,85,0.5037838755045323,0.761946435904008,0.7577975217678451,81,6.062968132420119,7.89776310408031,5.973465637236497,100,4.995408471510688,7.854888067570603,4.971229192643273,100,0.9619467217585026,0.234138448554748,0.9702118533260993,100,0.4582135031197066,5.604549708511267,0.10791519668373854,100,0.436388854185615,0.15165803081849416,0.4413591233393937,100,4.136692650444731,3.3463157578767615,3.404128457463777,100,5.431483393697755,3.7078307285645415,4.650634708528088,100,2.9505261960275204,4.271371335948498,3.014090681014075,100,1.1386929900005485,1.6247609704800157,0.5640933018605507,100,1.2125763220015615,4.034677469533266,1.7654853205133725,100,0.49037208276523164,0.21424582533574332,0.428918926820221,100,0.011562192477230188,0.009852425432202905,0.01021809194561793,100,29.2,1.2633129445864142,30.0,100,,,,0,,,,0,8.400345764160157,1.7321854316054346,7.791122913360596,100,-0.4827536921584306,7.25290834204942e-12,5.729797590219042e-10,0.04047390778475136,0.21706930167208116,1.0,0.010997081101820676,0.756979822125134,1.0,0.040473907784751344,0.21706930167208116,1.0,0.15416586272586275,8.519072542858556e-18,8.007928190287042e-16,0.12376120120120121,8.777880718979924e-18,8.338986683030928e-16,0.1542595502074708,8.519072542858556e-18,8.263500366572799e-16,1.338586116913074,6.395252686797027e-15,5.308059730041533e-13,22.876421697110967,6.322214857315403e-15,6.891214194473789e-13,0.21021934576235324,6.033432103189255e-14,5.43008889287033e-12,1.2588634605172104,1.1020511023218772e-16,8.816408818575018e-15,1.0400607804191215,2.5581057720235416e-17,2.379038367981894e-15,-0.5135962793160309,1.3800602760081443e-15,1.7112747422500987e-13,0.19934270995426917,0.9588674414032139,1.0,0.18253413337225854,7.333806979251821e-18,7.553821188629375e-16,-0.060673361957869466,0.2451729983495421,1.0,-0.6634441406253867,1.80621205824092e-05,0.0010295408731973246,0.209639296387058,2.897615297248651e-05,0.0017385691783491906,-0.209639296387058,2.897615297248651e-05,0.0017385691783491906,0.20801215608382442,2.5581057720235416e-17,2.379038367981894e-15,-0.20801215608382442,2.5581057720235416e-17,2.379038367981894e-15,0.011562192477230188,3.896559845095909e-18,2.6496606946652183e-16,29.2,3.784846165887905e-19,2.422301546168259e-17,-3.2304288816452025,3.3262914681756384e-14,1.0976761844979607e-12
gold_sweep,d42c021844b4,DRLearner_PooledNoSite,OracleTargetTreated,200,25,2000,10,0.3,3.2248822105983406,1.30999348890502,2.7904956215992702,100,0.4921517858751042,7.158102339266554,0.03829475316248673,100,0.9529187175991034,0.9852120840440834,0.6865518005358926,100,-0.01893925125514013,1.3738656695372242,-0.016151459269439283,100,0.7766237963837966,0.13677332478550394,0.8147457827457827,100,0.5968058858858859,0.13120805077155923,0.6226686686686687,100,0.7890531146719449,0.13410831607822998,0.8283166284550674,100,0.2440901672268814,4.14439764516005,0.8596649652536692,90,-11.084811893418287,108.11956434664812,0.8657564810902423,85,0.7479478383635219,0.3388813603487942,0.8715837251420981,81,7.346572683461073,8.012142495947593,7.357312649215224,100,5.952670976656938,7.941511564899719,5.779530734910185,100,0.940048935983034,0.16539063925350672,0.9498937812953367,100,0.046939023763629545,2.3154678726714266,0.007100680703819459,100,0.6395544737301254,0.19073218282913518,0.6837974246848515,100,1.1134779130279886,0.9505468251337919,0.8449214435480219,100,2.020722807624949,1.5667153687576305,1.4899579634935731,100,3.8618006920618004,4.252609000934806,3.5240362266437417,100,0.22741849396626754,0.25543314374895776,0.1614827523983412,100,1.4040288230308116,4.033273289661015,1.917366477383069,100,0.2989195817359818,0.2281517292553045,0.2135222294937691,100,,,,0,,,,0,,,,0,,,,0,2.6182740330696106,0.8112073041365541,2.5002615451812744,100,-3.144780563997349,3.896559845095909e-18,5.922770964545782e-16,0.3693181282599115,0.48518973727290204,1.0,-3.1432398998431803,6.928021197254875e-17,6.650900349364681e-15,0.3693181282599115,0.48518973727290204,1.0,0.2952128803328803,4.3971135541818935e-18,5.922770964545782e-16,0.2611352152152152,4.3971135541818935e-18,5.922436857224855e-16,0.2914583042873583,4.2663227307182344e-18,5.922770964545782e-16,1.8674880167332275,2.28083816010096e-16,3.1703650425403346e-14,27.808365224308712,1.6676183107241879e-15,2.351341818121105e-13,0.4543833086213428,9.373664695470402e-15,1.2654447338885042e-12,2.542468011558165,4.813701823147399e-18,6.546634479480462e-16,1.997323285565371,5.112831740936498e-18,6.748937898036177e-16,-0.5354940650914997,4.333861669542593e-14,4.767247836496852e-12,-0.21193176940180788,0.48518973727290204,1.0,0.3856997529167689,4.2663227307182344e-18,5.922770964545782e-16,-3.083888099374611,1.5465938818405608e-17,2.0260379852111347e-15,-4.074204726698192,6.166069759616455e-17,7.58426580432824e-15,1.120913792421339,5.323078558335906e-15,6.973232911420036e-13,-1.120913792421339,5.323078558335906e-15,6.973232911420036e-13,0.39946465711307416,5.112831740936498e-18,6.748937898036177e-16,-0.39946465711307416,5.112831740936498e-18,6.748937898036177e-16,,,,,,,-9.012500612735748,3.896559845095909e-18,6.857945327368801e-16
gold_sweep,d42c021844b4,DRLearner_PooledWithSite,OracleTargetTreated,200,25,2000,10,0.3,3.0474033552492954,1.179150174476903,2.623566047398117,100,0.523780033810133,7.493866307272181,-0.0790797048526399,100,0.606141213625413,0.6274958344086028,0.4230127077613546,100,0.012688996679888577,0.8744751223406071,0.0883189706648071,100,0.7841897403497404,0.13214050545978645,0.8215371295371297,100,0.6042848048048048,0.12851506948637226,0.6302582582582583,100,0.7964544064925293,0.12929756710441237,0.8343500575225986,100,0.24621191415526839,4.182460813899725,0.8602076020384041,90,-10.30528232754631,101.01746731930974,0.8687859585374889,85,0.7572547975696736,0.32521205619378507,0.8831750959543607,81,7.3979248611245385,8.005995515979583,7.415949729084793,100,5.997054838016039,7.929201695762129,5.836865625022131,100,0.9464090783899011,0.1609651300529032,0.9519217445545565,100,0.04197820414797552,1.9193832052246877,-0.051619561044027776,100,0.6500099833450669,0.1864227184115757,0.6982790969289727,100,0.8083609611354099,0.6338687339544243,0.6064241346518597,100,1.640146495003128,1.2809147740583005,1.2010870388290376,100,3.89105258596463,4.243664193207265,3.5611804702224266,100,0.19816660006343784,0.21219302947660662,0.14248217267475471,100,1.4129055953026322,4.035858908440706,1.9201769539364266,100,0.2900428094641612,0.2182209614837508,0.21344509375964682,100,,,,0,,,,0,,,,0,,,,0,10.874442541599274,3.3912627409983163,11.038427472114563,100,-3.3222594193463966,3.896559845095909e-18,5.922770964545782e-16,0.4009463761949401,0.4808994854883417,1.0,-3.49001740381687,1.903450784800175e-17,2.1699338946721997e-15,0.4009463761949401,0.4808994854883417,1.0,0.30277882429882436,4.3971135541818935e-18,5.922770964545782e-16,0.26861413413413415,4.2663227307182344e-18,5.922436857224855e-16,0.29885959610794255,4.2663227307182344e-18,5.922770964545782e-16,1.8696097636616145,2.0626302378592955e-16,2.8876823330030136e-14,28.587894790180684,1.5534821988463676e-15,2.2214795443503056e-13,0.4636902678274947,8.080585929050125e-15,1.107040272279867e-12,2.593820189221629,4.3971135541818935e-18,6.155958975854651e-16,2.0417071469244736,4.813701823147399e-18,6.450360443017515e-16,-0.5291339226846324,9.035425550265615e-14,9.84861384978952e-12,-0.21689258901746192,0.44527966341666914,1.0,0.39615526253171063,4.2663227307182344e-18,5.922770964545782e-16,-3.3890050512671905,6.906672275406012e-18,9.738407908322476e-16,-4.4547810393200145,2.3413085997284582e-17,3.1373535236361338e-15,1.1501656863241687,1.7725500753641924e-15,2.4815701055098695e-13,-1.1501656863241687,1.7725500753641924e-15,2.4815701055098695e-13,0.40834142938489487,4.813701823147399e-18,6.450360443017515e-16,-0.40834142938489487,4.813701823147399e-18,6.450360443017515e-16,,,,,,,-0.7563321042060852,0.17117023411272703,0.17117023411272703
gold_sweep,d42c021844b4,EntropyBalancing,FeasibleRestricted,200,25,2000,10,0.3,7.5459230840337375,3.894346234573506,6.6408940057498,100,0.5256489414475565,6.200216376086382,0.3611755043057015,100,5.42392087819108,4.499069194462567,4.44232848911848,100,0.014557904317312005,7.0680611217578235,0.40704132533278337,100,0.565859011979012,0.19652871703377567,0.5970398910398911,100,0.40788420420420424,0.15362283500532758,0.42263063063063067,100,0.5811803372542643,0.1972126243563813,0.6158490424662908,100,-0.7215952158082135,10.794355001342764,0.6526366377349351,90,-31.995927544878427,298.0219571251087,0.7135405561381747,85,0.45745893499779355,0.6348363962183478,0.7382306045518929,81,5.550634631794635,8.211281886189198,5.201529224519685,100,4.475141985020031,8.086624343384202,4.466995823236025,100,0.6211379565273645,0.2623664321288689,0.62864875133341,100,0.17208417777376883,6.86873580950884,-0.708699278348426,100,0.37596335365579214,0.20169274229199277,0.38101659225190515,100,5.768827157439987,4.260800061992857,4.7814667688489365,100,9.02525665521863,5.691664101841416,7.867806746635162,100,2.4930196365490302,4.169501775964578,2.4625747600410657,100,1.5961995494790375,1.6107944822176827,0.9709116950849535,100,1.1085230247034303,4.007908525046283,1.7571166798461397,100,0.594425380063363,0.3340388147275406,0.5024007231474825,100,,,,0,,,,0,,,,0,,,,0,9.308486683368683,2.451236484778483,9.20431137084961,100,1.1762603094380462,0.0063992187977039445,0.1727789075380065,0.4028152838323637,0.5658323009305045,1.0,1.3277622607487953,0.014089872198679972,0.5917746323445588,0.40281528383236387,0.5658323009305045,1.0,0.08444809592809595,1.4988931053447025e-05,0.0003147675521223875,0.07221353353353352,4.078228335316943e-06,8.56427950416558e-05,0.08358552686967748,2.4557924093657907e-05,0.0004911584818731581,0.9018026336981322,2.246900273336986e-06,6.291320765343561e-05,6.897249572848565,0.00018737764925991,0.00393493063445811,0.1638944052556145,0.0017844410900345207,0.032119939620621374,0.7465299598917265,3.8604823016963796e-05,0.0008107012833562398,0.5197942939284651,0.00016429462809814895,0.002793008677668532,-0.8544050445471689,2.0195637546078604e-17,2.6860197936284543e-15,-0.08678661539166836,0.7832655420427076,1.0,0.1221086328424358,8.149510834101045e-08,1.9558826001842506e-06,1.5714611450373852,0.0008316155520464255,0.0424123931543677,2.9303291208954887,1.560407369318267e-06,0.00010766810848296042,-0.2478672630914312,0.2451729983495421,1.0,0.24786726309143117,0.2451729983495421,1.0,0.1039588587856931,0.00016429462809814895,0.002793008677668532,-0.1039588587856931,0.00016429462809814895,0.002793008677668532,,,,,,,-2.322287962436676,1.1432398190614794e-06,8.002678733430356e-06
gold_sweep,d42c021844b4,IPWTransport,FeasibleRestricted,200,25,2000,10,0.3,5.1483799859550246,3.7259259447173863,3.827894547452324,100,0.40424800062968996,5.848143514474443,0.08906298556290299,100,3.6131862427313775,3.982188163039339,2.356483020730101,100,-0.10684303650055468,5.388253566357132,-0.0982068862862347,100,0.7478827681627683,0.15876230500397007,0.8017318597318599,100,0.5700422422422424,0.14462534523826787,0.6093453453453455,100,0.7607471989190884,0.1570835349386559,0.816455180222619,100,0.12209525988626649,4.913123849039427,0.8290786206904159,90,-12.347309536332114,119.40890064127812,0.8430807316178262,85,0.7149700647879278,0.3908347642939045,0.854619742160805,81,7.0728086503804715,8.067250610626346,7.244895218947084,100,5.748403058367225,8.01014169428808,5.659251556249078,100,0.9100622471801953,0.1885145915336032,0.9244555709769788,100,0.1822164437322046,5.394692783083924,0.2070687147250072,100,0.6026591387991774,0.20879672524791884,0.6669409704756954,100,3.6700724087323646,3.945575095365124,2.356483020730102,100,4.836627038388126,4.538146527002374,3.4178178533216492,100,3.1681806472091556,4.2396288214022455,3.0397387177491417,100,0.9210385388189125,1.8106846166274044,0.3522357145845183,100,1.363175239372869,4.028000396452643,1.8668581956215853,100,0.33977316539392377,0.2676520178475586,0.22898648698078805,100,,,,0,,,,0,,,,0,,,,0,3.629543035030365,1.0694348202898525,3.5459277629852295,100,-1.2212827886406665,7.844751250552033e-08,4.236165675298098e-06,0.28141434301449697,0.6925422804041386,1.0,-0.48297237471090637,0.0563562911131693,1.0,0.2814143430144971,0.6925422804041386,1.0,0.26647185211185215,8.267798584515514e-18,7.937086641134894e-16,0.23437157157157157,9.044445868078014e-18,8.501779115993334e-16,0.26315238853450157,8.777880718979924e-18,8.4267654902207275e-16,1.7454931093926123,5.984806580398799e-16,7.660552422910463e-14,26.545867581394873,3.258110933478761e-15,4.170381994852814e-13,0.4214055350457486,3.9130020309509963e-14,3.9521320512605065e-12,2.2687039784775624,2.0802135592284146e-17,2.184224237189835e-15,1.793055367275661,1.219062650217942e-17,1.2434439032223008e-15,-0.565480753894338,8.025540682607472e-15,9.550393412302893e-13,-0.07665434943323313,0.5964572394238804,1.0,0.34880441798582107,9.601770743442903e-18,9.121682206270757e-16,-0.5272936036702359,0.0285087982770462,0.9736819084736008,-1.2583004959350157,0.00012102172562149042,0.006535173183560483,0.427293747568694,6.91727772655555e-05,0.003873675526871108,-0.427293747568694,6.91727772655555e-05,0.003873675526871108,0.3586110734551323,1.219062650217942e-17,1.2434439032223008e-15,-0.3586110734551323,1.219062650217942e-17,1.2434439032223008e-15,,,,,,,-8.001231610774994,3.896559845095909e-18,6.857945327368801e-16
gold_sweep,d42c021844b4,OutcomeModelTransport,FeasibleRestricted,200,25,2000,10,0.3,5.134933554798318,3.7345097185874683,3.7771075619225307,100,0.4124771521169428,5.818178614523928,0.14093074790162016,100,3.5954553680062595,3.9929016807776154,2.392528687290603,100,-0.09861388501330184,5.384358735163366,-0.19115658022163345,100,0.747826088866089,0.15883007244277939,0.8012553272553273,100,0.5700664664664665,0.14493944197336486,0.6075615615615616,100,0.7607129578582321,0.1570028577132353,0.8165841497339099,100,0.13027384399762323,4.859892042032676,0.8229343972004484,90,-12.347889907446694,119.40887262467051,0.8455991305745559,85,0.7145208557664896,0.394198667335279,0.8550853746125143,81,7.070728327931794,8.05489092532648,7.275506626071893,100,5.746842430999681,8.00725974175658,5.642419401202567,100,0.9110955433869954,0.1885236594971474,0.9233540681530483,100,0.17868030312165714,5.388300810095667,0.3064240361255728,100,0.6026533038688386,0.20906117253237774,0.6676675429006705,100,3.647691788096513,3.9582457277569874,2.4400051514803227,100,4.809768862293195,4.526665151721287,3.1754082246219646,100,3.17382532280905,4.239713974322966,3.0420628489889676,100,0.9153938632190181,1.8090705301232906,0.33794549878384444,100,1.3628631138993603,4.028211627188176,1.8728031670358778,100,0.3400852908674329,0.2677754699544214,0.23450538443514246,100,,,,0,,,,0,,,,0,,,,0,0.42835575342178345,0.1690122819792497,0.43054890632629395,100,-1.2347292197973747,6.732405930551086e-08,3.7028232618030977e-06,0.2896434945017498,0.6499304018341789,1.0,-0.5007032494360236,0.05953765520191779,1.0,0.2896434945017498,0.6499304018341789,1.0,0.2664151728151728,8.267798584515514e-18,7.937086641134894e-16,0.23439579579579584,9.044445868078014e-18,8.501779115993334e-16,0.2631181474736452,8.777880718979924e-18,8.4267654902207275e-16,1.753671693503969,6.185757131825867e-16,7.855911557418851e-14,26.545287210280303,3.494709951968906e-15,4.438281639000511e-13,0.4209563260243106,4.0572650113664305e-14,4.057265011366431e-12,2.266623656028886,2.3413085997284582e-17,2.4349609437175964e-15,1.7914947399081163,1.2559216589141089e-17,1.26848087550325e-15,-0.564447457687538,9.701591089505214e-15,1.1447877485616152e-12,-0.08019049004378039,0.5988439481270142,1.0,0.34879858305548217,9.893009181510365e-18,9.121682206270757e-16,-0.5496742243060875,0.029011054990631654,0.9736819084736008,-1.285158672029947,0.00012621354652986807,0.006689317966083007,0.43293842316858844,9.086736680359056e-05,0.004997705174197481,-0.43293842316858844,9.086736680359056e-05,0.004997705174197481,0.35829894798162326,1.2559216589141089e-17,1.26848087550325e-15,-0.35829894798162326,1.2559216589141089e-17,1.26848087550325e-15,,,,,,,-11.202418892383575,3.896559845095909e-18,6.857945327368801e-16
gold_sweep,d42c021844b4,ProposedA,OracleTargetTreated,200,25,2000,10,0.3,5.677045299967967,1.390752545617911,5.509666213377762,100,0.5148399564925685,7.916071120158952,0.06292818199088693,100,0.6349449406152327,0.44214175807200357,0.5687713716969098,100,0.003748919362324048,0.7763391584836742,0.07842847255962981,100,0.4398432444858254,0.1146348102082106,0.4546191346191346,100,0.3072780174360103,0.08454962728379253,0.3148031185308895,100,0.45450171390549554,0.11552070877943693,0.4667204384785649,100,-1.6292259576331316,15.499099025197348,0.4455278556123602,90,-38.597589853406255,355.37724253401814,0.5524818264656559,85,0.20305839231097325,1.2204923796029175,0.6065396417363297,81,3.667473172533275,8.214137077795776,3.3887026250320336,100,3.5273610933619044,8.082751602587363,2.9993584894764758,100,0.42772160283650307,0.3012264825487062,0.36051949735109,100,0.22272824043741274,5.097245676043832,0.33844046504207115,100,0.11565165501332604,0.09878887051937468,0.08481495709496811,100,1.606811703025132,0.6270678137936767,1.4960594816206334,100,6.0366426154017505,3.571983398522317,5.447617262658374,100,3.5193285338357767,4.309503584481301,3.2311070398747015,100,0.5698906521922905,0.367429612097392,0.5494902572097915,100,0.9189668463718051,4.03308146929007,1.5717368882771552,100,0.7839815583949883,0.22282778165327266,0.7746895831831221,100,0.053200764717376184,0.08375321933811937,0.024111006487372202,100,23.27,3.305505050119215,24.0,100,,,,0,,,,0,26.46802153587341,7.017506171450569,23.399649381637573,100,-0.692617474627726,0.15964252201389462,1.0,0.39200629887737565,0.5359832452872442,1.0,-3.4612136768270507,7.559735353237344e-17,7.181748585575476e-15,0.39200629887737554,0.5359832452872442,1.0,-0.04156767156509066,0.0007435485144769045,0.011153227717153567,-0.028392653234660406,0.0016548196093500818,0.023167474530901143,-0.04309309647909143,0.0006726193132462759,0.01143452832518669,-0.0058281081267861886,1.7487949671166575e-08,6.470541378331633e-07,0.29558726432074006,0.00019741031438631743,0.003948206287726349,-0.09050613743120581,0.00043245865146529164,0.009514090332236417,-1.1366314993696343,1.0407851434822438e-09,3.850905030884302e-08,-0.42798659772966086,2.418617575293342e-05,0.0005079096908116018,-1.0478213982380304,1.1147719595548441e-17,1.538385304185685e-15,-0.03614255272802476,0.9451754865571346,1.0,-0.1382030658000304,2.1780705099798338e-13,8.93008909091732e-12,-2.590554309377468,1.8992298793321397e-12,1.5383762022590331e-10,-0.05828491892139041,0.7727196720119712,1.0,0.7784416341953159,0.012051788624036606,0.3736054473451348,-0.7784416341953159,0.012051788624036606,0.3736054473451348,-0.08559731954593205,2.418617575293342e-05,0.0005079096908116018,0.08559731954593205,2.418617575293342e-05,0.0005079096908116018,0.053200764717376184,3.896559845095909e-18,2.6496606946652183e-16,23.27,3.5536608944066934e-18,1.1412741953993914e-16,14.837246890068053,4.0161556854627e-18,6.857945327368801e-16
gold_sweep,d42c021844b4,ProposedB_LinearStepB,OracleTargetTreated,200,25,2000,10,0.3,6.4442445580509595,2.106680730037582,5.805441572132535,100,0.5189996086763112,8.155597779782566,0.22436306131672115,100,0.5836981751743522,0.48038768215299793,0.4607283403567415,100,0.007908571546066683,0.7581913727335146,0.09897300217148142,100,0.3689476551384675,0.14885267930455676,0.38148914748914753,100,0.2561252809493816,0.10647340850138248,0.26645245245245247,100,0.38170923611086943,0.15363255507149096,0.3956534432207601,100,-1.5852153145512542,15.368000238960471,0.44961996112680436,90,-75.15817809537572,692.7616569540814,0.493554509668417,85,0.1341442058837915,1.232166590254421,0.5334103544538806,81,3.428926209009912,7.74495794001571,3.2749080494076503,100,3.054819519132199,7.80236801565004,2.6272836676956555,100,0.340129615582194,0.2730503184208105,0.2624861203503217,100,0.2586639597912035,5.842925626794335,0.13098983060706662,100,0.09616815435904164,0.09186430636051576,0.06523198618307258,100,2.3883764238966374,1.4827096626112366,1.9561074348771805,100,10.181509674689494,6.625822890654219,8.478662893102083,100,3.4845258729978705,4.35151400744493,3.1676429561935753,100,0.6046933130301967,0.5086923668106368,0.5453185439188671,100,0.8244585315258639,4.033146710225651,1.3166070494657163,100,0.8784898732409293,0.2592296582236571,0.8268568058753702,100,0.010027910465814797,0.007518765624599315,0.00883906854472752,100,29.78,0.5041244034376973,30.0,100,5.227392259673169,2.9321592647631176,4.8856430067590075,100,10.0,0.0,10.0,100,81.69485340595246,26.57620316569193,74.61641573905945,100,0.07458178345526871,0.45976137200079736,1.0,0.39616595106111807,0.5588737261094053,1.0,-3.512460442267931,1.273307953842098e-16,1.1205109993810462e-14,0.3961659510611182,0.5588737261094053,1.0,-0.11246326091244856,1.6312801379458462e-09,5.8726084966050466e-08,-0.07954538972128913,3.5564577539504612e-09,1.209195636343157e-07,-0.11588557427371747,2.2417156428586456e-09,8.070176314291124e-08,0.0381825349550914,2.5299133163889746e-06,6.830765954250231e-05,-36.265000977648704,2.4459275882921072e-06,7.582375523705533e-05,-0.1594203238583876,2.257783172051013e-07,7.902241102178546e-06,-1.375178462892996,3.6313727929074686e-09,1.3072942054466886e-07,-0.9005281719593665,1.3460606544893094e-08,4.576606225263652e-07,-1.1354133854923396,1.4146791640488978e-17,1.909816871466012e-15,-0.00020683337423413662,0.8500082762349129,1.0,-0.15768656645431478,1.8508407532991145e-14,8.513867465175927e-13,-1.8089895885059621,1.0233566903322875e-07,7.675175177492156e-06,4.086582140366353,3.8756230074582483e-07,2.9067172555936863e-05,0.7436389733574097,0.00020051246727332563,0.010827673232759584,-0.7436389733574097,0.00020051246727332563,0.010827673232759584,-0.1801056343918733,1.3460606544893094e-08,4.576606225263652e-07,0.1801056343918733,1.3460606544893094e-08,4.576606225263652e-07,0.010027910465814797,3.896559845095909e-18,2.6496606946652183e-16,29.78,9.398534346499238e-21,6.203032668689497e-19,70.0640787601471,3.896559845095909e-18,6.857945327368801e-16
gold_sweep,d42c021844b4,ProposedB_SourceDR,FeasibleRestricted,200,25,2000,10,0.3,7.408669043964124,3.684120600150235,6.2976302873733205,100,0.5000750923768686,2.6045653406462437,0.7133280558663091,100,5.346729490720736,4.294973333379564,4.430212140623405,100,-0.011015944753375995,6.879168001651848,0.3598849141929876,100,0.42852192363052827,0.13328845611687407,0.44378760578760584,100,0.29677891916855603,0.09652327155388564,0.3051551551551552,100,0.4442930153445001,0.13616442417717328,0.4622251504459477,100,-1.4738529783360481,15.241531564609984,0.5242246645752949,90,-37.33560092495612,344.4582969916464,0.6026903173253887,85,0.2440254651372915,1.030022733455488,0.6244487030049923,81,4.285817031406981,7.969383103663532,4.210940076939697,100,3.557365902341799,7.927680084084604,3.372302672801279,100,1.2054690615544235,0.700468770222294,1.0594624209108612,100,-0.13586570817974195,6.781724309589633,-0.5496670929766119,100,0.1952951036716897,0.10017982648642255,0.19762430951107907,100,5.4115290920245,4.227850462790244,4.430212140623406,100,7.23161503527259,4.554583103339873,6.023565433605702,100,2.007643127324037,4.3734683196494295,2.3727925548429853,100,2.081576058704031,2.2798921989839176,1.2762236372256428,100,0.9249678081677838,4.017948626756877,1.4360883826440098,100,0.7779805965990093,0.28815268338844197,0.7084759286738037,100,0.008506899417471398,0.007006356919889963,0.007314549699786942,100,29.18,1.3056211030182014,30.0,100,5.227392259673171,2.932159264763123,4.885643006759008,100,10.0,0.0,10.0,100,88.06815657138824,25.278285181797326,84.13579738140106,100,1.039006269368432,0.00039789718288930177,0.013130607035346959,0.3772414347616757,0.18444471851330213,1.0,1.2505708732784544,0.002088844436659177,0.10653106626961803,0.3772414347616757,0.18444471851330213,1.0,-0.052888992420387734,1.5463918491286687e-05,0.0003147675521223875,-0.0388917515021146,1.6976498032482443e-05,0.0003395299606496489,-0.053301795040086704,1.724192074713895e-05,0.00036208033568991795,0.1495448711702977,0.0036949871326870075,0.05911979412299212,1.557576192770881,0.009918220625117413,0.14513892388013203,-0.0495390646048876,0.0035366497437998574,0.05658639590079772,-0.5182876404959289,0.00025043374880581406,0.004507807478504653,-0.3979817887497664,5.584411062863223e-05,0.0010610381019440123,-0.2700739395201099,9.336270456051868e-06,0.0004854860637146972,-0.3947365013451796,0.12600322563335334,1.0,-0.058559617141666694,4.725246164325415e-07,9.45049232865083e-06,1.2141630796219018,0.00253736785550599,0.12179365706428752,1.1366875009494497,0.015791283450949926,0.3398958127303511,-0.7332437723164243,0.0020376868377459203,0.08231762847597376,0.7332437723164243,0.0020376868377459203,0.08231762847597376,-0.07959635774995326,5.584411062863223e-05,0.0010610381019440123,0.07959635774995326,5.584411062863223e-05,0.0010610381019440123,0.008506899417471398,3.896559845095909e-18,2.6496606946652183e-16,29.18,3.4278749948524496e-19,2.228118746654092e-17,76.43738192558288,3.896559845095909e-18,6.857945327368801e-16
gold_sweep,d42c021844b4,ProxyOnly,FeasibleRestricted,200,25,2000,10,0.3,6.369662774595691,2.770931183009889,5.480303187205429,100,0.12283365761519281,5.698870436436821,0.024841649925590913,100,4.096158617442283,3.374284191598814,3.3929435532605527,100,-0.3882573795150516,5.308627197433344,-0.5605764036894636,100,0.4814109160509161,0.12371508965764863,0.5126980106980108,100,0.3356706706706707,0.09114075524530166,0.356018018018018,100,0.49759481038458686,0.1267473612115253,0.5306752674785558,100,-1.6233978495063452,17.481703961739036,0.5880214826703221,90,-38.89317711772701,359.76193929115806,0.616825734649915,85,0.29356452974217906,1.0559880526483187,0.6485960035113632,81,4.804104671902908,8.037772224110263,4.666639447784226,100,3.955347691091566,8.008258896606128,4.123520913786096,100,1.4755430010745336,0.5715401719508523,1.5199571465091597,100,0.25887079316543743,6.938910638580156,0.7555817396491171,100,0.2538547208133564,0.1148900260851576,0.27453077875914805,100,4.1973660124026,3.2803204712309717,3.3929435532605523,100,6.094927534323142,3.6057833016596637,5.370830856694029,100,2.7408868996404605,4.439156714141647,2.704817107805164,100,1.3483322863876068,1.8883373040507987,0.6650423041868333,100,1.0045641659177371,4.001681601853918,1.486646684999757,100,0.6983842388490562,0.2558320480426437,0.6298353253698921,100,0.0,0.0,0.0,100,0.0,0.0,0.0,100,,,,0,,,,0,11.630774645805358,3.368042640456032,10.454679250717163,100,,,,,,,,,,,,,,,,,,,,,,,,,,,,,,,,,,,,,,,,,,,,,,,,,,,,,,,,,,,,,,,,,,,,,,,,
gold_sweep,d42c021844b4,TargetOnlyDR,OracleTargetTreated,200,25,2000,10,0.3,6.343530582646289,1.2909565735944646,6.237046169599543,100,0.5347963428734492,7.9680261591348,0.7138467408749343,100,0.656711197723763,0.539974510483707,0.5050362003174445,100,0.02370530574320484,0.8524263663497753,0.06190477093735902,100,0.3509833208730589,0.09810382485936912,0.3498898904665422,100,0.2417202213359051,0.06994873620607397,0.24030054084150262,100,0.36442076966589165,0.10083677918433516,0.36651214824091594,100,-2.6496900577446834,23.74514260746011,0.3632791723688665,90,-33.73198905293801,309.45820110110674,0.45751836813858454,85,0.07006713439068196,1.335151896320202,0.553197320720763,81,2.7996712481846653,8.116064833009302,2.5611741036134585,100,2.8801564823947827,8.07561543388708,2.404501369806548,100,0.2501594337637308,0.15983511776005677,0.218058285715622,100,0.2862315159653635,5.845247929371942,0.3480785478468574,100,0.05831438029712675,0.048887381633713436,0.043460550980349066,100,2.0211310040257153,0.6001775704680008,1.9712185815835304,100,7.351759464147242,3.1884151312765234,7.198778249215021,100,3.445724781649899,4.346596395204155,3.29725455943983,100,0.643494404378169,0.4182065891039011,0.5964265076223767,100,0.7895259241783807,4.013961175284704,1.4308425658113295,100,0.9134224805884124,0.20349636414351194,0.9203791428402877,100,0.0,0.0,0.0,100,0.0,0.0,0.0,100,,,,0,,,,0,32.91852360725403,11.117550363484238,31.326728224754333,100,-0.02613219194940248,0.16376451702829475,1.0,0.41196268525825647,0.5091522042708133,1.0,-3.4394474197185207,3.14398699044227e-17,3.364066079773229e-15,0.41196268525825647,0.5091522042708133,1.0,-0.13042759517785713,1.2462984954007447e-12,5.4837133797632765e-11,-0.09395044933476557,1.1857744591583673e-12,5.0988301743809794e-11,-0.1331740407186953,1.2776870584534695e-12,5.621823057195266e-11,-1.0262922082383377,8.020808981680365e-14,5.2937339279090405e-12,5.161188064788979,8.744621336827873e-11,4.197418241677379e-09,-0.22349739535149712,5.058299496737443e-10,2.4279837584339728e-08,-2.0044334237182433,3.0825769860154192e-15,1.8495461916092514e-13,-1.0751912086967828,2.201923197492152e-12,9.68846206896547e-11,-1.2253835673108024,4.531861061109546e-18,6.843110202275415e-16,0.027360722799926056,0.9807981497441512,1.0,-0.19554034051622968,1.3732250242604873e-17,1.2221702715918338e-15,-2.176235008376885,2.9465489920423203e-09,2.327773703713433e-07,1.2568319298241015,0.011165255640191399,0.3014619022851678,0.7048378820094376,0.18822800356345792,1.0,-0.7048378820094376,0.18822800356345792,1.0,-0.21503824173935646,2.201923197492152e-12,9.68846206896547e-11,0.21503824173935646,2.201923197492152e-12,9.68846206896547e-11,0.0,,,0.0,,,21.28774896144867,3.896559845095909e-18,6.857945327368801e-16
gold_sweep,dbf6f8dbbc14,AnchorOnly,OracleTargetTreated,50,100,2000,10,0.3,3.91376347995856,0.9372620598811722,3.7245940164043017,100,0.4193684621153161,6.686078765763119,-0.018343095332395594,100,0.4071497183128212,0.31660041262240884,0.3037139018726631,100,0.054946974856300006,0.5144234648106377,-0.020268285214792847,100,0.6393695271695272,0.07450996497746133,0.6458274998274999,100,0.4590502902902904,0.06230096692779398,0.4614274274274275,100,0.6550705456453659,0.0750818319304589,0.6591465459349591,100,0.3492208734985084,1.4320372489862325,0.7047866201097934,92,0.3663978505440959,1.578388730137636,0.7269121949262761,86,0.3810497845465869,1.1906065940408794,0.7600178011329929,83,6.060772929034767,7.210664501632761,5.755882773932358,100,4.940106684749145,7.075470537969235,4.664115066669184,100,1.3389864380908891,0.34329862019572965,1.359639809870391,100,0.07941945867546416,2.8395433323450874,0.29630274934852074,100,0.4204529492171224,0.10204231658430503,0.4197804760361834,100,1.0177738213233458,0.38687130485551446,1.013215795143018,100,2.312484407156963,0.9826919447180542,2.210591468304939,100,2.5857702633232202,3.91897716788017,2.4235374776580008,100,0.38907299148338664,0.29040799129830847,0.3976151061415902,100,0.4620623087463436,3.654289359685153,0.4470291159210549,100,0.46926907000708473,0.1517102972755148,0.4464241727909889,100,0.014870739752381661,0.013084527078121869,0.010996489750896423,100,7.65,3.3284054483014573,8.0,100,,,,0,,,,0,22.842554771900176,8.057452377507998,21.061895608901978,100,-4.5528337986912435,3.896559845095909e-18,5.922770964545782e-16,-0.6277014116841092,0.31043684356809365,1.0,-5.867698592607527,4.9610417082651575e-18,7.441562562397736e-16,-0.6277014116841092,0.31043684356809365,1.0,0.2956849197649198,3.896559845095909e-18,5.922770964545782e-16,0.22368996996996998,3.896559845095909e-18,5.922436857224855e-16,0.29809338855881057,4.0161556854627e-18,5.922770964545782e-16,0.4876557753550383,1.3766990708200336e-16,2.0237476341054493e-14,0.6506171817647143,7.989098714773313e-16,1.2143430046455436e-13,0.5876462779195176,2.5034432868039037e-15,3.7301304973378167e-13,2.666158102597154,4.9610417082651575e-18,6.697406306157963e-16,2.164604016263425,4.139373908714419e-18,5.922770964545782e-16,0.720508684302037,2.1426597410614454e-17,2.8068842607904934e-15,0.530362108477784,0.22354068509721836,1.0,0.28026147238475274,3.896559845095909e-18,5.922770964545782e-16,-5.407021887690546,7.55704804907942e-18,1.057986726871119e-15,-6.410521355071475,1.6412062569258175e-17,2.2648646345576283e-15,1.0118395259316828,2.902095819676864e-15,3.888808398366998e-13,-1.0118395259316828,2.902095819676864e-15,3.888808398366998e-13,0.432920803252685,4.139373908714419e-18,5.922770964545782e-16,-0.43292080325268495,4.139373908714419e-18,5.922770964545782e-16,0.014870739752381661,3.896559845095909e-18,2.6496606946652183e-16,7.65,1.104881560998696e-17,1.7678104975979135e-16,11.410369894504548,4.139373908714419e-18,6.857945327368801e-16
gold_sweep,dbf6f8dbbc14,AnchorPlugin,FeasibleRestricted,50,100,2000,10,0.3,5.639441671767816,2.4838708467465698,5.06914318520468,100,0.16631336639540353,4.54894860956893,-0.15499611244008207,100,3.5236767544273517,2.8667131530237864,2.882920685799532,100,-0.1981081208636127,4.551935419297655,-0.07132672571083302,100,0.5854132135732136,0.14106198700684408,0.6028684168684169,100,0.41918318318318326,0.11185336915257015,0.4278038038038038,100,0.6021804947452236,0.14216364987866617,0.6226403520919608,100,0.36483041114269066,0.8816772245852761,0.6521991042465329,92,0.1924381173507058,2.092462850413906,0.6697828565212489,86,0.22093896438605048,1.6454606180928648,0.6838268646892385,83,5.487635401672903,7.03941592152017,5.424461194735301,100,4.464501529855237,6.903480198972647,4.58813076425251,100,0.9316362089073716,0.26755243578579924,0.923169083479558,100,0.23527642664376522,4.518414229730584,0.23846036461482073,100,0.3802737641397404,0.15622342826247912,0.3831007705281878,100,3.5924581771057302,2.805158891542627,2.882920685799532,100,4.962617555780579,3.2722853001501506,4.175602080422403,100,1.8923679215938765,3.896029574324688,2.0038942078498607,100,1.0824753332127306,1.3381875175827072,0.6579990591717051,100,0.366941277767562,3.613650805959859,0.4494973819366182,100,0.5643901009858664,0.3032407391232766,0.49842279421711055,100,0.06250522970258394,0.07449738939223802,0.04591027048836248,100,23.65,5.320771190401451,25.0,100,,,,0,,,,0,9.038881084918977,2.8569673185280924,8.383885502815247,100,-2.827155606881986,4.56750360438978e-11,3.3799526672484373e-09,-0.8807565074040217,0.34614092891907466,1.0,-2.751171556492997,6.751476907234167e-07,4.8610633732086004e-05,-0.8807565074040217,0.34614092891907466,1.0,0.24172860616860617,4.139373908714419e-18,5.922770964545782e-16,0.18382286286286287,4.139373908714419e-18,5.922436857224855e-16,0.24520333765866836,4.139373908714419e-18,5.922770964545782e-16,0.5032653129992208,2.6370401970200236e-16,3.586374667947232e-14,0.4766574485713241,1.5010371865330967e-15,2.1614935486076591e-13,0.42753545775898133,6.898349026915973e-15,9.726672127951522e-13,2.0930205752352906,1.5013268321137124e-17,1.6064197103616722e-15,1.6889988613695173,5.767203615817138e-18,7.151332483613251e-16,0.3131584551185193,9.518928078849154e-14,1.0280442325157087e-11,0.6862190764460849,0.10387997257160955,1.0,0.24008228730737066,4.0161556854627e-18,5.922770964545782e-16,-2.832337531908162,3.0054643992204357e-07,2.193989011430918e-05,-3.760388206447859,1.4354630350828962e-09,1.1627250584171459e-07,0.3184371842023388,0.0043009907340463005,0.15053467569162052,-0.3184371842023387,0.0043009907340463005,0.15053467569162052,0.3377997722739034,5.767203615817138e-18,7.151332483613251e-16,-0.33779977227390345,5.767203615817138e-18,7.151332483613251e-16,0.06250522970258394,3.896559845095909e-18,2.6496606946652183e-16,23.65,5.3233921387005155e-18,1.1412741953993914e-16,-2.393303792476654,7.406430736393852e-11,1.7775433767345244e-09
gold_sweep,dbf6f8dbbc14,DRLearner_PooledNoSite,OracleTargetTreated,50,100,2000,10,0.3,3.189580886306734,1.4871411080119155,2.6684812969955054,100,0.3328829410715396,6.2259681045494215,0.5606674119223467,100,0.6521166777113769,0.6328900289696872,0.4407888970669471,100,-0.03153854618747654,0.9105474944958056,-0.012569071408617294,100,0.7675426589026592,0.13588887997498852,0.8200434400434402,100,0.5860787587587588,0.12703094364314196,0.6271531531531531,100,0.7803604050910258,0.13367779840393554,0.8299734070920591,100,0.6706379823331945,0.37730589873101494,0.7991641007721177,92,0.5646689760465565,1.009061183888304,0.8197531912492784,86,0.5774680951369522,0.8188956242701874,0.8435515276283055,83,6.923979928652101,6.70512747267716,7.292565583903739,100,5.610558230434954,6.720482768246333,5.767090389585492,100,0.951424178468004,0.15326106902175948,0.9615148840671428,100,0.06647918850562723,1.3652887081777556,0.08825553143173018,100,0.6256475413191754,0.18420309700679108,0.6918416549575559,100,0.8343513677786395,0.5987671262801506,0.6496671863059131,100,1.6491328517092987,1.0978261700342289,1.3314392280181826,100,2.710783005309095,3.8812544478015054,2.689353127234013,100,0.26406024949751233,0.2928836041900243,0.1801601953243318,100,0.5961526178835057,3.6509156476219027,0.6237357338348017,100,0.3351787608699229,0.30228099654602536,0.22457382427520173,100,,,,0,,,,0,,,,0,,,,0,2.376958198547363,0.8989451062490047,2.4120110273361206,100,-5.27701639234307,4.2663227307182344e-18,5.922770964545782e-16,-0.7141869327278857,0.3187090789328131,1.0,-5.622731633208972,7.117077537219983e-18,1.0035079327480177e-15,-0.7141869327278857,0.3187090789328131,1.0,0.42385805149805156,4.813701823147399e-18,5.922770964545782e-16,0.3507184384384384,4.9610417082651575e-18,5.922436857224855e-16,0.4233832480044704,4.813701823147399e-18,5.922770964545782e-16,0.8090728841897245,8.994253145230602e-17,1.331149465494129e-14,0.848888307267175,9.524393654618586e-16,1.4096102608835506e-13,0.7840645885098831,2.89632889109291e-15,4.1996768920847194e-13,3.5293651022144865,4.531861061109546e-18,6.299286874942269e-16,2.835055561949235,6.906672275406012e-18,8.288006730487214e-16,0.332946424679152,3.899148553775431e-14,4.367046380228483e-12,0.5174218383079471,0.3322421202721664,1.0,0.4854560644868058,5.269204481546392e-18,6.059585153778351e-16,-5.590444341235252,6.504110965076778e-18,9.300878680059792e-16,-7.073872910519137,1.2938800168252932e-17,1.850248424060169e-15,1.136852267917557,1.893539925427103e-15,2.6256224056325663e-13,-1.136852267917557,1.893539925427103e-15,2.6256224056325663e-13,0.5670111123898469,6.906672275406012e-18,8.288006730487214e-16,-0.567011112389847,6.906672275406012e-18,8.288006730487214e-16,,,,,,,-9.055226678848266,3.896559845095909e-18,6.857945327368801e-16
gold_sweep,dbf6f8dbbc14,DRLearner_PooledWithSite,OracleTargetTreated,50,100,2000,10,0.3,3.1954331541453875,1.4920164588140865,2.682327287005739,100,0.32261825740951333,6.224372570150344,0.49801891146611726,100,0.6762766335321353,0.6211126651831179,0.45908098315359447,100,-0.04180322984950271,0.9197747355190106,0.01036628519654581,100,0.7669190703590704,0.13717441916372758,0.8203131283131284,100,0.5855761361361362,0.1278755630357753,0.6265765765765766,100,0.7797506788064521,0.13495575908452206,0.8302541798876106,100,0.6691729088882542,0.3819649757057295,0.7983766078573389,92,0.5654103966065122,0.9908497913431761,0.824102362310967,86,0.5755088553611917,0.8283501581134198,0.8428345644516452,83,6.915930372055585,6.708767732204607,7.2546431132843665,100,5.606404842878346,6.725886684238933,5.778368333607492,100,0.9529313126841239,0.15413739643127147,0.9632271274830295,100,0.07219537100379682,1.371524845345353,0.10884341941204097,100,0.6250317839744557,0.1851189412906509,0.6926291941814617,100,0.8463628396965721,0.5968427716493527,0.6492131085287397,100,1.654846412048599,1.1185446985278786,1.4035750958275708,100,2.7104130544263825,3.8810673998964393,2.6816954543362077,100,0.2644302003802252,0.2920025666408863,0.17880744759799105,100,0.5953219403721843,3.649995938920706,0.6210377563361067,100,0.3360094383812441,0.3051903025566266,0.2269508433776582,100,,,,0,,,,0,,,,0,,,,0,6.974888434410095,2.536239958723212,7.068578600883484,100,-5.271164124504415,4.2663227307182344e-18,5.922770964545782e-16,-0.724451616389912,0.313728575022711,1.0,-5.598571677388213,6.906672275406012e-18,9.876541353830596e-16,-0.7244516163899118,0.313728575022711,1.0,0.42323446295446293,4.9610417082651575e-18,5.922770964545782e-16,0.3502158158158158,5.112831740936498e-18,5.922436857224855e-16,0.4227735217198969,4.9610417082651575e-18,5.922770964545782e-16,0.807607810744784,8.703592685804008e-17,1.2968353101847972e-14,0.8496297278271303,9.524393654618586e-16,1.4096102608835506e-13,0.7821053487341225,2.89632889109291e-15,4.1996768920847194e-13,3.5213155456179708,4.670683307897806e-18,6.398836131819994e-16,2.8309021743926284,6.504110965076778e-18,7.935015377393669e-16,0.3344535588952718,3.5073868857833576e-14,3.963347180935194e-12,0.5231380208061166,0.3322421202721664,1.0,0.4848403071420859,5.430296382634715e-18,6.081931948550881e-16,-5.5784328693173215,6.311606041551026e-18,9.088712699833478e-16,-7.0681593501798385,1.3732250242604873e-17,1.936247284207287e-15,1.1364823170348441,2.2595331038729695e-15,3.095560352305968e-13,-1.1364823170348441,2.2595331038729695e-15,3.095560352305968e-13,0.5661804348785257,6.504110965076778e-18,7.935015377393669e-16,-0.5661804348785257,6.504110965076778e-18,7.935015377393669e-16,,,,,,,-4.457296442985535,9.00091927939511e-12,2.3402390126427286e-10
gold_sweep,dbf6f8dbbc14,EntropyBalancing,FeasibleRestricted,50,100,2000,10,0.3,7.3946336670612265,4.174660544889105,5.982435063058695,100,0.4786387930770787,6.259462701726167,0.6561101139976826,100,5.345403147942347,4.434252370625384,3.999643174884964,100,0.11421730581806278,6.965010486524079,0.47327747294926503,100,0.5576845258045258,0.18195669057462358,0.5906073386073386,100,0.4003829029029029,0.1440285267613235,0.41745145145145146,100,0.572793599936591,0.18429971673251008,0.6102968793425522,100,0.33965249264279707,0.9414402610226009,0.6105482243332657,92,0.29720954836697416,1.266489208648408,0.6561971404027434,86,0.1233244758229776,2.171313727507334,0.674863909792139,83,5.207307625064914,6.726933365298575,5.410293075609703,100,4.22489616769634,6.701448491379114,4.6157103021186305,100,0.6336731493088505,0.2548206026617193,0.6491082154320148,100,0.23515784303234202,5.736086681390941,0.3409624115059856,100,0.3614785300430222,0.19680779280359204,0.37180710706981224,100,5.549774964648468,4.304201624258166,4.215244291985552,100,8.871781903090232,6.186394919890999,7.098823419669316,100,1.4211622535257624,4.15389105175128,1.7366227399085195,100,1.553681001280845,1.775828339730742,1.0281830378136978,100,0.31902020533578257,3.6643279026040507,0.3900377864907023,100,0.6123111734176458,0.3758797965349261,0.486630219800741,100,,,,0,,,,0,,,,0,,,,0,8.002642216682434,2.7200306759405923,7.80189836025238,100,-1.0719636115885776,0.0064662049942639235,0.1727789075380065,-0.5684310807223466,0.8554012757415651,1.0,-0.9294451629780006,0.07717817232321368,1.0,-0.5684310807223464,0.8554012757415651,1.0,0.2139999183999184,2.4134811234713264e-13,1.1102013167968101e-11,0.1650225825825826,2.0689769896103186e-13,9.517294152207466e-12,0.21581644285003573,2.8870248185031213e-13,1.3280314165114358e-11,0.4780873944993271,4.3287112845827855e-11,2.077781416599737e-09,0.5814288795875925,2.377155551582218e-11,1.1648062202752869e-09,0.3299209691959084,7.230425414986357e-10,3.3259956908937246e-08,1.8126927986273,3.340307909367934e-12,1.5365416383092496e-10,1.4493934992106192,9.472454917086356e-13,4.357329261859724e-11,0.015195395519998328,0.7806252551793645,1.0,0.6861004928346621,0.652407226795377,1.0,0.22128705321065245,7.142021422726304e-14,3.0710692117723106e-12,-0.875020744365426,0.09956676117970463,1.0,0.14877614086179533,0.7991587121799286,1.0,-0.1527684838657755,0.9276931995680797,1.0,0.1527684838657755,0.9276931995680797,1.0,0.2898786998421239,9.472454917086356e-13,4.357329261859724e-11,-0.28987869984212383,9.472454917086356e-13,4.357329261859724e-11,,,,,,,-3.429542660713196,4.155135509214125e-08,4.986162611056951e-07
gold_sweep,dbf6f8dbbc14,IPWTransport,FeasibleRestricted,50,100,2000,10,0.3,5.035044824422795,3.213550205092208,3.9738935730254368,100,0.15959570041651638,5.091499872700512,0.13587909916872215,100,3.343101795000399,3.3657972835468772,2.1996810476018154,100,-0.20482578684249975,4.751361468804904,0.031098130814961156,100,0.7307093021093023,0.16232474800465851,0.7935476535476536,100,0.5520214614614615,0.1428100392156995,0.5981781781781782,100,0.7440045577713518,0.1615813839581478,0.807218937548789,100,0.6167750576627113,0.4489132072271796,0.7734194976725454,92,0.4875173757070886,1.1988671663889563,0.7834463693372737,86,0.5137880933033956,0.9451272738888523,0.8122607990337511,83,6.560000823854668,6.5454115385369445,7.156933242558461,100,5.310621436877604,6.581050338924403,5.663291360776755,100,0.9057898549604464,0.1697432206286795,0.926464770585453,100,0.3262868969237118,4.6783578202610965,-0.1552892273110342,100,0.5788404004440066,0.20308828259108777,0.6515429703520634,100,3.4183766461522658,3.30709647277917,2.223426537549381,100,4.506290712450673,3.763071682630278,3.5169950327384525,100,1.988666309563438,3.8994529648000364,2.2012917311369877,100,0.9861769452431693,1.514912240073262,0.3688473635721208,100,0.5361652591720357,3.660198753592468,0.5928669715488386,100,0.39516611958139286,0.3796141500070661,0.26691679876641894,100,,,,0,,,,0,,,,0,,,,0,3.5193128848075865,1.2077384114289036,3.5505125522613525,100,-3.4315524542270084,9.238460412207423e-13,7.667922142132161e-11,-0.8874741733829086,0.5588737261094053,1.0,-2.9317465159199485,8.199514013509029e-07,5.82165494959141e-05,-0.8874741733829086,0.5588737261094053,1.0,0.38702469470469475,4.2169267302822515e-17,2.9940179785003987e-15,0.31666114114114113,2.483725635893387e-17,1.8379569705611066e-15,0.3870274006847963,4.8816168731894246e-17,3.368315642500703e-15,0.7552099595192416,4.560476750315632e-16,5.928619775410322e-14,0.7717367069277067,6.175358605378158e-15,6.792894465915975e-13,0.7203845866763262,4.344459607040364e-14,4.30101501096996e-12,3.165385997417054,1.040096387925698e-16,8.424780742198154e-15,2.5351187683918845,1.5137158701684123e-16,1.0898754265212569e-14,0.2873121011715941,2.201923197492152e-12,2.2239424294670736e-10,0.7772295467260315,0.4808994854883417,1.0,0.438648923611637,2.1426597410614454e-17,1.649848000617313e-15,-3.0064190628616263,3.7378810573404184e-07,2.6912743612851012e-05,-4.216715049777765,3.575759291560147e-10,3.075152990741726e-08,0.41473557217189994,0.0003536982091961691,0.01697751404141612,-0.41473557217189994,0.0003536982091961691,0.01697751404141612,0.5070237536783769,1.5137158701684123e-16,1.0898754265212569e-14,-0.5070237536783769,1.5137158701684123e-16,1.0898754265212569e-14,,,,,,,-7.912871992588043,3.896559845095909e-18,6.857945327368801e-16
gold_sweep,dbf6f8dbbc14,OutcomeModelTransport,FeasibleRestricted,50,100,2000,10,0.3,5.050892995377965,3.2227210683738754,4.173252323863338,100,0.12847919991995696,5.0680945516699385,-0.13427356290348663,100,3.38153897814522,3.3585931452573816,2.332837781136418,100,-0.235942287339059,4.772234884401202,0.19525665726710417,100,0.7306282079482083,0.16236249566922414,0.7939303879303881,100,0.5519857857857857,0.1428747617314601,0.5974694694694695,100,0.743927356611862,0.16161141421007566,0.8065490000835571,100,0.6169533115404197,0.4477791279976308,0.7741830863144128,92,0.4873890562127874,1.1982304491542934,0.7835882549962958,86,0.5135354356422122,0.9417242355442014,0.8099352902927277,83,6.560618917853908,6.54183473699159,7.183233233870727,100,5.309288554859375,6.574941788233174,5.6665494351972,100,0.9056430628988976,0.1698048032858659,0.9263092576830019,100,0.35040594014584947,4.710588008877952,-0.17352700083098382,100,0.5787369899667028,0.2033370236390426,0.6516375345174603,100,3.4485450305422347,3.30748264381381,2.336586163265819,100,4.5384640775021685,3.7461594859885063,3.5416183589784307,100,1.9727368237233514,3.866952668393642,2.197789647498874,100,1.0021064310832561,1.5519849076306804,0.3865094877996037,100,0.5358986827683897,3.658902664801177,0.5944057661304553,100,0.39543269598503883,0.37854178680570744,0.26382067207914917,100,,,,0,,,,0,,,,0,,,,0,0.40661768198013304,0.16227347696130906,0.3854895830154419,100,-3.4157042832718387,1.4466417063919293e-12,1.186246199241382e-10,-0.9185906738794685,0.5091522042708133,1.0,-2.893309332775128,1.5338204689520703e-06,0.00010583361235769285,-0.9185906738794687,0.5091522042708133,1.0,0.38694360054360044,4.342298919012428e-17,2.9961862541185755e-15,0.3166254654654655,2.6346826245998054e-17,1.923318315957858e-15,0.38695019952530685,4.8816168731894246e-17,3.368315642500703e-15,0.7553882133969497,4.0105519337660766e-16,5.2939285525712213e-14,0.7716083874334059,4.539047399740706e-15,5.110775493520543e-13,0.720131929015143,3.5232022852269116e-14,3.6435603299681494e-12,3.166004091416295,1.0104199612316775e-16,8.386485678222923e-15,2.533785886373655,1.4289849453522757e-16,1.0431590101071613e-14,0.28716530911004523,2.201923197492152e-12,2.2239424294670736e-10,0.801348589948169,0.41908693342222414,1.0,0.43854551313433304,2.2069547466224186e-17,1.677285607433038e-15,-2.9762506784716583,6.068971053695422e-07,4.2482797375867954e-05,-4.184541684726269,6.464396115495318e-10,5.4300927370160675e-08,0.3988060863318133,0.00033117161787315586,0.016339616075440457,-0.3988060863318133,0.00033117161787315586,0.016339616075440457,0.506757177274731,1.4289849453522757e-16,1.0431590101071613e-14,-0.506757177274731,1.4289849453522757e-16,1.0431590101071613e-14,,,,,,,-11.025567195415498,3.896559845095909e-18,6.857945327368801e-16
gold_sweep,dbf6f8dbbc14,ProposedA,OracleTargetTreated,50,100,2000,10,0.3,3.7935400709522367,0.8708414433729165,3.5939822357409614,100,0.3992147098829063,6.772485016915124,-0.06284141906728372,100,0.38086175712932563,0.22482309225063998,0.3798826831197295,100,0.03479322262389023,0.4425421035543549,0.11511778824703633,100,0.6847893869493871,0.06363939933522109,0.6908980268980269,100,0.4983124324324325,0.055077809442369244,0.501921921921922,100,0.7003448267840047,0.06283994276080818,0.7109044042621435,100,0.40935426482544424,1.3826531511466795,0.7184867034067168,92,0.5010028143764308,1.000879424348059,0.7617820701164855,86,0.47618767928054934,0.9033513899691148,0.7912802666386463,83,6.425399191115278,7.198685607325944,5.935108223133776,100,5.240207756789223,7.106526283929167,4.772576380923979,100,1.5613068496820242,0.3545620084594747,1.6066766772009147,100,0.17095355261926864,4.235331353891891,0.1829787603138986,100,0.48128002029444644,0.08779765676332348,0.4898804761977841,100,1.1617728885066168,0.4280147203564832,1.0863225349766137,100,2.806594206529975,0.9369569897881661,2.678807196775644,100,2.612814623559819,3.9203303707288604,2.35496517424481,100,0.36202863124678886,0.25950052689368125,0.3880174353606961,100,0.5220825231543595,3.6622962144016102,0.4898936464086468,100,0.40924885559906904,0.1329536926242938,0.4000338532616152,100,0.03550692714435832,0.01704104210825591,0.031195364138884574,100,26.1,1.9565998130130822,27.0,100,,,,0,,,,0,32.12261834859848,11.012814838693375,29.76763367652893,100,-4.6730572076975685,3.896559845095909e-18,5.922770964545782e-16,-0.6478551639165185,0.31207984904087294,1.0,-5.893986553791024,5.112831740936498e-18,7.618119293995382e-16,-0.6478551639165185,0.31207984904087294,1.0,0.3411047795447796,3.896559845095909e-18,5.922770964545782e-16,0.2629521121121121,3.896559845095909e-18,5.922436857224855e-16,0.3433676696974493,3.896559845095909e-18,5.922770964545782e-16,0.5477891666819744,8.149781597324954e-17,1.238766802793393e-14,0.7852221455970493,7.989098714773313e-16,1.2143430046455436e-13,0.68278417265348,2.5034432868039037e-15,3.7301304973378167e-13,3.030784364677664,3.896559845095909e-18,5.922770964545782e-16,2.464705088303503,4.0161556854627e-18,5.922770964545782e-16,0.9428290958931719,4.670683307897806e-18,6.959318128767731e-16,0.6218962024215885,0.4250496167958784,1.0,0.34108854346207673,3.896559845095909e-18,5.922770964545782e-16,-5.263022820507275,1.3329700507875106e-17,1.772850167547389e-15,-5.916411555698461,1.0104199612316775e-16,1.2023997538656963e-14,1.0388838861682805,2.6928394353942584e-15,3.6622616321361913e-13,-1.0388838861682808,2.6928394353942584e-15,3.6622616321361913e-13,0.4929410176607007,4.0161556854627e-18,5.922770964545782e-16,-0.4929410176607007,4.0161556854627e-18,5.922770964545782e-16,0.03550692714435832,3.896559845095909e-18,2.6496606946652183e-16,26.1,2.7159372805292817e-18,1.0804181754287811e-16,20.69043347120285,3.896559845095909e-18,6.857945327368801e-16
gold_sweep,dbf6f8dbbc14,ProposedB_LinearStepB,OracleTargetTreated,50,100,2000,10,0.3,3.9064899453248616,0.9522524571071491,3.6834865523071096,100,0.4157701824858207,6.712125377626874,-0.09076238360456461,100,0.39570372272993587,0.2915597056674817,0.33852134963302216,100,0.051348695226804894,0.49041493360323435,0.047549730815178215,100,0.6376702427902428,0.08855711413556543,0.6481867861867863,100,0.45844860860860864,0.07204500259628019,0.4641621621621622,100,0.6533460920171089,0.08855713197775679,0.6653499474405762,100,0.30500526785536314,1.6344923670818685,0.7107176802648638,92,0.3546431828425834,1.59573548334736,0.7348610629331666,86,0.3290578576055038,1.4988199089106524,0.7552726400755814,83,6.047590420369382,7.2727301158730215,5.530424886918164,100,4.944518196944631,7.091665277356981,4.696218603002148,100,1.3518794405788455,0.3338017558017859,1.3783402277237369,100,-0.016181560568245473,2.8691794466208904,0.13862092165483436,100,0.4228756018209844,0.1072641640624253,0.43760739959220574,100,0.9993100513032057,0.35720114366478845,0.9532670940807959,100,2.361549959731469,0.8888348260546683,2.258605670811158,100,2.586212727472729,3.9131043789423066,2.4526743910435727,100,0.38863052733387826,0.2890096333046615,0.40162994771505994,100,0.462944611185441,3.6535739589949463,0.44538421941762507,100,0.46838676756798764,0.1681481798364697,0.44969367865793003,100,0.05738728978372297,0.06303659701508392,0.04001318658948981,100,27.36,3.3919691250738917,28.0,100,4.887856244794224,2.750317350921086,4.294184575350022,100,10.0,0.0,10.0,100,101.39659100532532,32.273014455854316,97.60002994537354,100,-4.560107333324941,3.896559845095909e-18,5.922770964545782e-16,-0.6312996913136043,0.3271243358754563,1.0,-5.879144588190412,5.430296382634715e-18,7.982535682473031e-16,-0.6312996913136043,0.3271243358754563,1.0,0.2939856353856354,3.896559845095909e-18,5.922770964545782e-16,0.2230882882882883,3.896559845095909e-18,5.922436857224855e-16,0.2963689349305536,4.0161556854627e-18,5.922770964545782e-16,0.4434401697118932,2.5530808452039407e-16,3.497720757929399e-14,0.6388625140632018,2.902095819676864e-15,3.8307664819734606e-13,0.5356543509784347,9.869306859208922e-15,1.3224871191339957e-12,2.6529755939317687,7.117077537219983e-18,8.825176146152779e-16,2.169015528458911,5.430296382634715e-18,6.896476405946087e-16,0.7334016867899933,1.2938800168252932e-17,1.7726156230506517e-15,0.4347610892340743,0.313728575022711,1.0,0.28268412498861456,4.0161556854627e-18,5.922770964545782e-16,-5.425485657710686,1.0501887534614503e-17,1.4492604797768014e-15,-6.361455802496969,2.5581057720235416e-17,3.325537503630604e-15,1.012281990081191,3.258110933478761e-15,4.333287541526752e-13,-1.0122819900811912,3.258110933478761e-15,4.333287541526752e-13,0.43380310569178215,5.430296382634715e-18,6.896476405946087e-16,-0.43380310569178215,5.430296382634715e-18,6.896476405946087e-16,0.05738728978372297,3.896559845095909e-18,2.6496606946652183e-16,27.36,3.7594898521009164e-18,1.1412741953993914e-16,89.96440612792969,3.896559845095909e-18,6.857945327368801e-16
gold_sweep,dbf6f8dbbc14,ProposedB_SourceDR,FeasibleRestricted,50,100,2000,10,0.3,7.072081503019023,3.0311328340891657,6.52103584015196,100,-0.3551697235371776,2.6733041862081377,-0.405889565356651,100,4.818122565585742,3.6203045897623394,4.414016097315124,100,-0.7195912107961935,6.002695759371356,-0.6080338758668891,100,0.40446258392220374,0.13116480391498128,0.42541415341415345,100,0.27912916124748494,0.0942073193304654,0.29286686686686686,100,0.41889333865452144,0.1344376677551646,0.4407149151588754,100,-0.04459370554736856,2.1320938016479647,0.5017796679135967,92,-0.18844424984597094,3.068290663562201,0.5365547980360147,86,-0.13723733543565708,2.5080177611725705,0.5624393741628306,83,3.8266407256749164,6.552166736304239,3.9878054386183535,100,3.1517496220073444,6.622958040688064,3.231897362452192,100,1.2836539055959517,0.6613665059938516,1.2232599002758189,100,1.1079675952305421,5.998827530484455,1.2292875367336378,100,0.172976250661455,0.09946258116688828,0.1671156899435653,100,4.941642397471614,3.4887394511066083,4.496772982578275,100,6.876403100037822,3.6996287279454796,6.418515813410188,100,1.0298871992247123,4.048556170024759,0.9179282916253211,100,1.9449560555818948,2.0292023464780145,1.3201942715298312,100,0.1043908961979837,3.6642065760893914,-0.0045867554015801525,100,0.8269404825554447,0.36650814773082524,0.7134202519680302,100,0.04501332035077888,0.056603621729154244,0.033004023276774264,100,23.67,5.003140427912667,25.0,100,4.887856244794226,2.7503173509210903,4.294184575350023,100,10.0,0.0,10.0,100,93.52907471179962,30.768352671424523,88.72601544857025,100,-1.394515775630782,0.009062468723194324,0.22656171807985812,-1.4022395973366029,0.3039220149315086,1.0,-1.4567257453346067,0.0285087982770462,1.0,-1.4022395973366029,0.3039220149315086,1.0,0.06077797651759622,8.9936241495427e-05,0.001618852346917686,0.043768840927164605,8.494399052511614e-05,0.0015289918294520905,0.06191618156796616,8.494399052511614e-05,0.0015289918294520905,0.09384119630916156,0.0030440428154649268,0.05174872786290376,0.09577508137464741,0.005739623423351174,0.09412547765710769,0.0693591579372737,0.0015536376675879587,0.029519115684171215,0.43202589923730295,0.0040917391418793594,0.053654656194763006,0.3762469535216242,0.0003141246127325076,0.005025993803720122,0.6651761518070991,4.696115989201907e-12,4.5082713496338303e-10,1.5589102450328614,0.018682104456869655,1.0,0.0327847738290853,0.004227251435042435,0.042272514350424346,-1.4831533115422784,0.024315778141523827,0.8996837912363816,-1.8466026621906146,0.004366821956689125,0.139738302614052,-0.5440435381668256,0.02915154459634705,0.7462525158649589,0.5440435381668255,0.02915154459634705,0.7462525158649589,0.07524939070432486,0.0003141246127325076,0.005025993803720122,-0.07524939070432486,0.0003141246127325076,0.005025993803720122,0.04501332035077888,3.896559845095909e-18,2.6496606946652183e-16,23.67,5.3508266958406564e-18,1.1412741953993914e-16,82.096889834404,3.896559845095909e-18,6.857945327368801e-16
gold_sweep,dbf6f8dbbc14,ProxyOnly,FeasibleRestricted,50,100,2000,10,0.3,8.466597278649804,4.487291516260644,6.778093565679402,100,1.0470698737994255,10.631751540592894,0.4208911325049772,100,6.274848310920349,5.169849681380941,4.884360988459282,100,0.6826483865404092,8.125765528890968,1.2871447247040937,100,0.3436846074046075,0.1295531655173963,0.3545513105513106,100,0.23536032032032037,0.09285408906304005,0.24003203203203205,100,0.3569771570865552,0.1320162435544272,0.36650497307184804,100,-0.1384349018565301,2.2076728134005212,0.43413221069393343,92,-0.2842193312206183,3.3295258801146894,0.4919412185077408,86,-0.20659649337293087,2.1426394683315797,0.502047082681975,83,3.394614826437614,6.969223751879389,3.579343577585706,100,2.7755026684857196,6.9431051852162495,2.8841854235527,100,0.6184777537888523,0.27857194119131384,0.6115534441829469,100,-0.4509426498023199,5.9742232565917055,-0.4411432463394595,100,0.14019147683236968,0.09873600292018224,0.12949696587767473,100,6.4247957090138925,5.099204992659703,4.987241008133547,100,8.723005762228437,5.521054638638712,7.583147233081929,100,1.5739307373915374,4.1163232708283575,1.8796633841546537,100,1.4009125174150696,1.8242830751808399,0.8659156440365356,100,0.029141505493658765,3.6003664069014776,-0.009089055048682657,100,0.9021898732597701,0.33610905902719695,0.8304182951622332,100,0.0,0.0,0.0,100,0.0,0.0,0.0,100,,,,0,,,,0,11.43218487739563,3.642486107058901,10.384032964706421,100,,,,,,,,,,,,,,,,,,,,,,,,,,,,,,,,,,,,,,,,,,,,,,,,,,,,,,,,,,,,,,,,,,,,,,,,
gold_sweep,dbf6f8dbbc14,TargetOnlyDR,OracleTargetTreated,50,100,2000,10,0.3,3.893602872390048,0.8580557165315353,3.6980782895712623,100,0.42297271089920174,6.735209275683736,0.2874407507123483,100,0.44360420834710057,0.3131450030046891,0.4132562933575046,100,0.058551223640185786,0.5416357966506341,0.014247958145134909,100,0.6427469735069735,0.06841963528808538,0.6462527982527984,100,0.4621528728728729,0.0577162534527367,0.46397997997998003,100,0.6591272316207751,0.06745485158412154,0.6634520886615747,100,0.3453106494810951,1.3848176096977574,0.7042786148829139,92,0.37294596336799757,1.4411176044955973,0.7279479936116583,86,0.3513587388887675,1.405866571586752,0.7198087121966278,83,6.004616893622533,7.170016963264988,5.91141752913388,100,4.932174336846711,7.033406056711439,4.670123665014849,100,1.3483499929498557,0.30505890288001203,1.3238521238731584,100,-0.060872221668136904,2.8208448771502987,-0.15220565376056178,100,0.42105906563533557,0.09450406381945575,0.4111262067459581,100,1.0006130758599516,0.4083110923605228,0.9127261862017629,100,2.325524852822399,1.047621206095845,2.1287795997973915,100,2.587003389477354,3.941345149513348,2.414116017193493,100,0.38783986532925246,0.2886954350307052,0.4012602815816423,100,0.460475839165857,3.661783119752987,0.37037227015185437,100,0.4708555395875716,0.1297201904388089,0.4521658473895799,100,0.0,0.0,0.0,100,0.0,0.0,0.0,100,,,,0,,,,0,30.146622648239134,9.755587102027198,28.138090133666992,100,-4.572994406259754,3.896559845095909e-18,5.922770964545782e-16,-0.6240971629002234,0.3087995581123958,1.0,-5.831244102573246,5.767203615817138e-18,8.420117279093021e-16,-0.6240971629002233,0.3087995581123958,1.0,0.29906236610236614,3.896559845095909e-18,5.922770964545782e-16,0.2267925525525526,3.896559845095909e-18,5.922436857224855e-16,0.30215007453421977,3.896559845095909e-18,5.922770964545782e-16,0.48374555133762515,7.136963698767975e-16,8.849834986472288e-14,0.6571652945886158,2.6163372501714983e-15,3.5058919152298075e-13,0.5579552322616983,2.5034432868039037e-15,3.7301304973378167e-13,2.6100020671849196,7.333806979251821e-18,8.947244514687222e-16,2.1566716683609912,4.813701823147399e-18,6.450360443017515e-16,0.7298722391610037,8.777880718979924e-18,1.2289033006571895e-15,0.39007042813418297,0.439153713588891,1.0,0.28086758880296586,3.896559845095909e-18,5.922770964545782e-16,-5.424182633153942,6.702409068617996e-18,9.517420877437554e-16,-6.3974809094060365,1.3329700507875106e-17,1.892817472118265e-15,1.013072652085817,1.8889369824694723e-15,2.6256224056325663e-13,-1.0130726520858173,1.8889369824694723e-15,2.6256224056325663e-13,0.43133433367219837,4.813701823147399e-18,6.450360443017515e-16,-0.43133433367219837,4.813701823147399e-18,6.450360443017515e-16,0.0,,,0.0,,,18.714437770843507,3.896559845095909e-18,6.857945327368801e-16
gold_sweep,e22aca95ddc3,AnchorOnly,OracleTargetTreated,100,50,2000,10,0.3,4.570185828504732,1.0223530227537856,4.449852029405179,100,-0.5386705643859009,7.2633289487585415,-0.49366303374385556,100,0.4843557439868919,0.3248075048735379,0.4877956258640683,100,0.0158052004602265,0.5849938257823702,-0.0616480615347359,100,0.4803035991035991,0.1338310583692533,0.4784553044553045,100,0.3361501501501501,0.1011345718460195,0.3317097097097097,100,0.49476208800509835,0.1364992168335229,0.4959241026887081,100,-0.9147199367504104,10.597545216635071,0.5474410221183452,86,0.08350958664463552,2.0103168756405854,0.6095478477844845,81,0.20184030223123214,1.2302707004112934,0.6573815590266082,77,3.612377774867048,7.337482705650358,3.8475621111456624,100,2.850429565889371,7.251766380552594,3.084232113775223,100,0.7596655427433932,0.3447992050480259,0.7742814567153921,100,-0.6034014961783195,3.0335999675236462,-0.3619928771321171,100,0.23361959798834653,0.1315636870302187,0.21067791783800255,100,1.2541985433518157,0.7261163612310867,1.0334801861797756,100,3.6004429068270305,2.1732172546648996,2.9508237539839937,100,3.2495270856505103,3.940724094125934,3.047709775586179,100,0.40893120053312176,0.3709752503581476,0.334163492639483,100,1.043575122161074,3.682323733045885,1.156570009928779,100,0.6848951303286236,0.23132355615704825,0.6590492818592897,100,0.00659919874147493,0.0055099965609621444,0.005534848940536869,100,12.4,1.1547005383792515,13.0,100,,,,0,,,,0,22.052516980171205,7.7247567205056695,19.72831678390503,100,-2.0035142024211208,3.641679657916183e-17,3.459595675020374e-15,0.02943972944518477,0.9287668478981905,1.0,-3.9833215781717706,1.3732250242604873e-17,1.63413777886998e-15,0.02943972944518477,0.9287668478981905,1.0,0.016360623280623276,0.09956676117970463,0.5974005670782278,0.01349665665665666,0.08189548258825208,0.5732683781177645,0.015950585564351413,0.10758660109711453,0.6455196065826871,-0.33527905771582805,0.17157703086981801,1.0,0.09684288445919281,0.013178455601652496,0.17131992282148245,0.0984503571296543,0.0033106801065663567,0.056281561811628064,0.08944663630179214,0.407310248043495,1.0,0.11551997761442598,0.1627265750322584,1.0,-0.4822754249623008,1.0912604016700083e-10,9.493965494529072e-09,-1.092141466815787,0.09269672784481875,1.0,-0.0012913220117913603,0.8608010376424908,1.0,-3.2610143756668073,3.750168121901122e-17,4.387696702624313e-15,-2.5107481134278,3.50738157628774e-12,3.1215696028960884e-10,0.8412067120439424,1.5406824939338822e-12,1.5252756689945432e-10,-0.8412067120439424,1.5406824939338822e-12,1.5252756689945432e-10,0.023103995522885324,0.1627265750322584,1.0,-0.023103995522885317,0.1627265750322584,1.0,0.00659919874147493,3.896559845095909e-18,2.6496606946652183e-16,12.4,2.0958832935614414e-18,1.0269828138451063e-16,11.10736510515213,4.531861061109546e-18,6.857945327368801e-16
gold_sweep,e22aca95ddc3,AnchorPlugin,FeasibleRestricted,100,50,2000,10,0.3,6.013416296850669,2.562827260921057,5.2597731493619175,100,-0.2391827034718762,5.183670832051654,-0.8066146049853542,100,4.344312098675163,3.065804113701414,3.7537705592811834,100,0.3152930613742511,5.325638503105035,0.7893318258208196,100,0.6399241152841152,0.1237252693154009,0.6631145611145611,100,0.4631448248248249,0.10166265265213148,0.47782182182182187,100,0.6563509424224924,0.12380210464986038,0.6853447836795308,100,-0.0938398098005825,5.0134155423969995,0.6790650745265139,86,0.31386823043323336,1.5063295462458846,0.703971522529233,81,0.40817696879501325,0.8775604225327126,0.7181072311330025,77,5.037863493786232,7.428753249192588,4.867771349078973,100,3.90775444148291,7.232609439465341,3.4215111092664428,100,0.9476271018769604,0.23253631934087765,0.9244165313140988,100,-0.3238607793485563,4.916857446875998,-0.35768311881579007,100,0.443417971569218,0.1478460138407671,0.4725664317659814,100,4.367198709216154,3.042036974917787,3.7537705592811834,100,5.629911243180027,3.4195831801105414,5.2892123518219085,100,2.557453606486695,4.153073447278846,2.7299445163757667,100,1.1010046796969384,1.2369631282382367,0.6816876648142826,100,1.2550400972797817,3.684647891594218,1.4432643856587783,100,0.4734301552099158,0.22274721322247681,0.41482381391761786,100,0.023496056889536775,0.016194782518366826,0.019544938406760262,100,28.15,1.783057186209385,29.0,100,,,,0,,,,0,8.697281832695007,2.4708576034246215,8.313664436340332,100,-0.5602837340751823,8.899585400595616e-06,0.00034708383062322904,0.3289275903592094,0.04010362963448428,1.0,-0.12336522348350051,0.6351513625895362,1.0,0.3289275903592095,0.04010362963448428,1.0,0.17598113946113944,1.7939298766693858e-17,1.4710224988688963e-15,0.14049133133133135,2.4114800543560524e-17,1.8086100407670394e-15,0.17753943998174546,1.690631665125153e-17,1.4708495486588831e-15,0.48560106923399965,4.861057877482845e-15,4.4721732472842173e-13,0.3272015282477907,4.688477575601376e-14,3.668478660073874e-12,0.3047870236934354,1.9875112684891157e-13,1.4411291859894973e-11,1.5149323552209752,3.14398699044227e-17,3.1439869904422703e-15,1.1728448532079652,8.998385137455785e-17,6.928756555840955e-15,-0.29431386582873337,1.018620101949572e-09,8.352684835986491e-08,-0.8126007499860239,0.03911311214562061,1.0,0.20850705156908014,1.7415252083634357e-17,1.3758049146071142e-15,-0.14801420980246832,0.4808994854883417,1.0,-0.48127977707480285,0.020293900556051497,0.40587801112102995,0.1491332328801256,0.04371532506199984,0.9180218263019967,-0.14913323288012564,0.04371532506199984,0.9180218263019967,0.23456897064159307,8.998385137455785e-17,6.928756555840955e-15,-0.23456897064159307,8.998385137455785e-17,6.928756555840955e-15,0.023496056889536775,3.896559845095909e-18,2.6496606946652183e-16,28.15,2.464923451519968e-18,1.0804181754287811e-16,-2.2478700423240663,7.950279114774595e-09,1.2720446583639352e-07
gold_sweep,e22aca95ddc3,DRLearner_PooledNoSite,OracleTargetTreated,100,50,2000,10,0.3,3.0633491983435897,1.1432800670929015,2.70599996070795,100,-0.4714085932842527,6.704630939087763,-0.4598653184837438,100,0.9030592507446566,0.7694755795482268,0.6585282661098322,100,0.08306717156187465,1.1869609765313098,0.23276758444621004,100,0.7881279282879282,0.1286198723272219,0.823812463812464,100,0.6074176176176177,0.12474565997830352,0.6311851851851852,100,0.7999482107511966,0.12664877117287326,0.8364448422693527,100,0.4389827087664397,2.203993881376755,0.8224326467569794,86,0.6717993898136878,0.5512396966561977,0.8325984736148011,81,0.6480759481246505,0.6297519978243034,0.8518295468349737,77,6.263397988991695,7.3580750940884485,5.57271691828149,100,4.884426417829059,7.289189107490217,4.347468166401638,100,0.9520669308424654,0.15935037220221168,0.9561945419289344,100,-0.13338536633617315,1.7221804972203762,-0.17479047493611877,100,0.6555814677011851,0.18215181064872066,0.6990409997188498,100,1.039440818278625,0.7203364627073298,0.8463461166415726,100,1.936131641473521,1.211665428213916,1.6242116816878118,100,3.406659423320729,3.8764946338304602,3.1865237375761915,100,0.2517988628629041,0.30533707385581554,0.17902261224378993,100,1.4503744925490114,3.6821163554304857,1.5729063209783254,100,0.27809575994068614,0.21456972771707913,0.2150709373213412,100,,,,0,,,,0,,,,0,,,,0,2.5430669736862184,0.7177489849052254,2.5242408514022827,100,-3.5103508325822617,4.813701823147399e-18,5.922770964545782e-16,0.09670170054683283,0.7258065723197727,1.0,-3.564618071414007,6.729249235397462e-17,6.527371758335538e-15,0.0967017005468328,0.7258065723197727,1.0,0.3241849524649525,1.1485179010089616e-17,1.0221809318979759e-15,0.28476412412412416,1.1147719595548441e-17,1.014442483194908e-15,0.32113670831044955,1.5932071996658114e-17,1.402022335705914e-15,1.0184235878010217,5.5740100890797314e-15,4.905128878390164e-13,0.6851326876282452,2.7211715266186937e-14,2.3402075128920767e-12,0.5446860030230728,1.3067142736888652e-13,9.931028480035376e-12,2.7404668504264373,1.1020511023218772e-16,8.816408818575018e-15,2.1495168295541136,1.1020511023218772e-16,8.26538326741408e-15,-0.28987403686322827,4.852791845918932e-08,3.1543146998473058e-06,-0.6221253369736409,0.18558440412527066,1.0,0.4206705477010474,1.690631665125153e-17,1.369411648751374e-15,-3.4757721007399978,3.536288390303153e-17,4.1728203005577205e-15,-4.1750593787813095,2.2731525308328643e-17,3.068755916624367e-15,0.9983390497141602,1.9721406633186358e-16,2.879325368445208e-14,-0.9983390497141602,1.9721406633186358e-16,2.879325368445208e-14,0.42990336591082273,1.1020511023218772e-16,8.26538326741408e-15,-0.42990336591082273,1.1020511023218772e-16,8.26538326741408e-15,,,,,,,-8.402084901332856,3.896559845095909e-18,6.857945327368801e-16
gold_sweep,e22aca95ddc3,DRLearner_PooledWithSite,OracleTargetTreated,100,50,2000,10,0.3,3.011949570901002,1.1128224952919938,2.6966485190902474,100,-0.44866821011582547,6.725413572099527,-0.2852788797020521,100,0.8017716304045466,0.690926991807818,0.6187828697484828,100,0.10580755473030198,1.0561263390582585,0.17387349472455593,100,0.7906252008652009,0.12662472229941196,0.8264832764832766,100,0.6098643443443443,0.123502739012233,0.6339239239239239,100,0.8023920454099043,0.12456889117712543,0.8388608764894502,100,0.42612699945524063,2.3697378159285947,0.8184526219989483,86,0.6764828120618754,0.5429920230131281,0.8365212161525949,81,0.6492612725787693,0.6386338206305103,0.8617758127372843,77,6.279462580116334,7.35840918952362,5.606575300448908,100,4.898249306540825,7.28463975675501,4.392292760603788,100,0.9568175916366946,0.1572605428405188,0.9606110556905567,100,-0.15758277257938633,1.6315364848670084,-0.09306326818907827,100,0.6589733547482356,0.1804765622263602,0.7057978535830142,100,0.9556112864668926,0.6451255494630873,0.7678994319181982,100,1.8130797913470709,1.107036905888506,1.5436383444244886,100,3.4207108989698,3.8770615764146172,3.192432107215307,100,0.2377473872138328,0.27535681199155754,0.1700585642541914,100,1.4531390702913647,3.6821939429887274,1.5810183033492065,100,0.2753311821983328,0.20972549590160236,0.2130059989780806,100,,,,0,,,,0,,,,0,,,,0,7.166785519123078,2.0621503908536356,7.025405764579773,100,-3.56175046002485,4.531861061109546e-18,5.922770964545782e-16,0.1194420837152602,0.7206533187202941,1.0,-3.6659056917541157,3.976797993175688e-17,4.096101932970958e-15,0.11944208371526019,0.7206533187202941,1.0,0.32668222504222505,1.0501887534614503e-17,9.5567176564992e-16,0.28721085085085085,1.1147719595548441e-17,1.014442483194908e-15,0.3235805429691572,1.3732250242604873e-17,1.2221702715918338e-15,1.005567878489823,5.0303931669993714e-15,4.577657781969428e-13,0.6898161098764328,2.8221102368202196e-14,2.3987937012971867e-12,0.5458713274771914,1.2576430374774787e-13,9.683851388576587e-12,2.756531441551077,1.0104199612316775e-16,8.386485678222923e-15,2.16333971826588,1.0706319350413213e-16,8.136802706314043e-15,-0.28512337606899923,7.408209240190812e-08,4.667171821320212e-06,-0.6463227432168539,0.18444471851330213,1.0,0.4240624347480976,1.5932071996658114e-17,1.3542261197159397e-15,-3.55960163255173,1.7939298766693858e-17,2.2962302421368138e-15,-4.298111228907759,1.4146791640488978e-17,1.980550829668457e-15,1.0123905253632315,1.374379151580305e-16,2.0615687273704576e-14,-1.0123905253632315,1.374379151580305e-16,2.0615687273704576e-14,0.43266794365317607,1.0706319350413213e-16,8.136802706314043e-15,-0.43266794365317607,1.0706319350413213e-16,8.136802706314043e-15,,,,,,,-3.778366355895996,8.025540682607472e-15,2.8089392389126155e-13
gold_sweep,e22aca95ddc3,EntropyBalancing,FeasibleRestricted,100,50,2000,10,0.3,8.094956671255558,4.240688324171019,7.247682972114,100,-1.1139890477628853,7.229296478793714,-0.7790788355114815,100,6.355509189240697,4.807940054958461,5.855410996151655,100,-0.559513282916758,7.974996699731175,0.08489297409412977,100,0.5938867831267831,0.18746245348448068,0.6456331416331417,100,0.43078674674674666,0.15003506793099583,0.4606646646646647,100,0.6095525384503204,0.18770694374247543,0.6578990503275493,100,-0.1406263214955956,4.849483866160028,0.6413561596491111,86,0.3697679358946249,0.8562165667394677,0.6755108732379805,81,0.27762946018577295,1.253700482339348,0.6958171665121062,77,4.668005480625444,7.347116045317655,4.470643034901153,100,3.580084386059448,7.214029956052067,3.4433381471502296,100,0.6797466111747894,0.27488338672841284,0.6966357329887556,100,-0.07674288345412272,6.263695220436675,-0.02240499222974457,100,0.4063857814985697,0.20510808543482956,0.439854331288641,100,6.523683687632536,4.656960174754982,5.855410996151656,100,9.49516240669707,6.367731502075282,8.822317865918546,100,1.9341717854807163,4.094187391013792,1.9381453003912692,100,1.7242865007029167,1.6055543338813678,1.136844906447326,100,1.1895060861950895,3.6703602085307296,1.3284239908808217,100,0.538964166294608,0.30546671409985415,0.44574739210505276,100,,,,0,,,,0,,,,0,,,,0,8.260241801738738,1.9137201621181912,8.41841745376587,100,1.521256640329706,0.0016743796804899428,0.05023139041469828,-0.5458787539318,0.579872956766072,1.0,1.887831867082035,0.00046488358494524537,0.026498364341878987,-0.5458787539318,0.579872956766072,1.0,0.1299438073038073,4.200518502089684e-09,1.4281762907104926e-07,0.10813325325325325,1.4354630350828962e-09,5.1676669262984265e-08,0.13074103600957335,4.200518502089684e-09,1.4281762907104926e-07,0.4388145575389864,5.321762850561781e-07,1.7561817406853877e-05,0.38310123370918214,8.965149396461927e-07,3.0481507947970552e-05,0.17423951508419516,8.370676250504657e-06,0.00022600825876362572,1.1450743420601877,7.4778784300395e-09,2.467699881913035e-07,0.8451747977845032,2.3996439997071754e-08,7.918825199033678e-07,-0.5621943565309044,3.0825769860154192e-15,3.7607439229388116e-13,-0.5654828540915904,0.61809143216358,1.0,0.17147486149843177,5.6223836477769627e-11,2.080281949677476e-09,2.0084707686139147,0.00015547504127876003,0.009639452559283121,3.3839713864422403,1.3362521540199086e-06,9.35376507813936e-05,-0.4741485881258524,0.0039171894476237945,0.1449360095620804,0.4741485881258524,0.0039171894476237945,0.1449360095620804,0.16903495955690073,2.3996439997071754e-08,7.918825199033678e-07,-0.16903495955690073,2.3996439997071754e-08,7.918825199033678e-07,,,,,,,-2.6849100732803346,3.5564577539504612e-09,6.40162395711083e-08
gold_sweep,e22aca95ddc3,IPWTransport,FeasibleRestricted,100,50,2000,10,0.3,5.033213506468853,3.142668720500652,3.827087567292361,100,-0.2751695192451668,6.485423501593617,-0.5346512450095356,100,3.6100265939235188,3.438684369371687,2.4008988929953654,100,0.27930624560096057,4.9909599813661965,0.38892843850118286,100,0.760735015855016,0.14790198331764629,0.7985530745530747,100,0.5809091091091091,0.13616283938810367,0.6040760760760762,100,0.7732792449508703,0.14633867351668414,0.8121379024599703,100,0.35887967833918033,2.535739129465305,0.8030782062830342,86,0.6244351822722107,0.6824735280160655,0.7972862381733048,81,0.6075862602818034,0.6881072329841526,0.8409429191293628,77,6.031673817720587,7.419397781696506,5.571049601291102,100,4.703865856137764,7.335717967135059,4.287543950129702,100,0.9243677811322354,0.17954740278640463,0.9360132558317753,100,-0.24597007244351846,4.573950510119348,-0.0044212805645826025,100,0.6190480048812503,0.1974576137055377,0.662807452915606,100,3.6647884544580167,3.392807718592777,2.4008988929953654,100,4.768581418073417,3.877094830814002,3.249471106830357,100,2.823165284864749,4.133639674407878,2.6952539186554976,100,0.835293001318884,1.3998787609161898,0.4114680400843467,100,1.4142623802107521,3.680383064950309,1.5443601866154668,100,0.3142078722789452,0.24009614190264061,0.2377567738198606,100,,,,0,,,,0,,,,0,,,,0,3.308005437850952,1.0012613286461738,3.3129862546920776,100,-1.5404865244569996,3.2715597182889192e-09,2.1265138168877974e-07,0.2929407745859189,0.22354068509721836,1.0,-0.8576507282351455,0.0021872952496648154,0.10936476248324077,0.29294077458591894,0.22354068509721836,1.0,0.29679204003204007,4.342298919012428e-17,2.9961862541185755e-15,0.25825561561561566,3.641679657916183e-17,2.5127589639621663e-15,0.2944677425101233,7.132581379887996e-17,4.636177896927197e-15,0.9383205573737626,7.575946404854158e-15,6.212276051980409e-13,0.6377684800867681,3.2640096854110546e-14,2.7091280388911755e-12,0.5041963151802255,2.7946882507067466e-13,1.9283348929876553e-11,2.50874267915533,2.262528715891485e-16,1.6290206754418692e-14,1.9689562678628176,2.46529261728969e-16,1.6763989797569892e-14,-0.3175731865734583,4.114194036557029e-09,3.250213288880053e-07,-0.7347100430809863,0.13836211293602899,1.0,0.38413708488111253,5.0264575344033727e-17,3.3677265480502595e-15,-0.8504244645606062,0.0014704626860340467,0.07352313430170233,-1.342609602181413,7.828461178730814e-06,0.00047753613190257966,0.41484491125818024,2.9140541054035913e-05,0.0017385691783491906,-0.41484491125818024,2.9140541054035913e-05,0.0017385691783491906,0.3937912535725636,2.46529261728969e-16,1.6763989797569892e-14,-0.3937912535725636,2.46529261728969e-16,1.6763989797569892e-14,,,,,,,-7.637146437168122,3.896559845095909e-18,6.857945327368801e-16
gold_sweep,e22aca95ddc3,OutcomeModelTransport,FeasibleRestricted,100,50,2000,10,0.3,5.034460363046886,3.1510785388737115,3.8666066686941503,100,-0.22679475269863197,6.465709181477008,-0.4652518809220316,100,3.611673007823864,3.444961266106217,2.5759680415270028,100,0.3276810121474954,4.993519802061437,0.5673808188481426,100,0.7605546103146104,0.14761045617624055,0.8004658884658885,100,0.5807060260260262,0.13598636119320304,0.6046726726726728,100,0.7731096047341944,0.14607867039698377,0.8122940055793209,100,0.3581552702110924,2.5358530578559098,0.7991320561453821,86,0.6157461346249223,0.7343007106923651,0.7975895778314649,81,0.6094017889748317,0.6856589716684631,0.8411760903182487,77,6.0283495816885395,7.416342940672484,5.511724915026165,100,4.694646719245091,7.332925383157075,4.225646544071331,100,0.9247841740830759,0.1799611726912738,0.9384202151519867,100,-0.28376097136031175,4.581303233362901,-0.3707294628425647,100,0.6187287243663354,0.19713426601558645,0.6630353292937958,100,3.664152069050091,3.400939096729285,2.5759680415270045,100,4.769632729885944,3.867037321936459,3.425317588948233,100,2.810641519431345,4.150215339742043,2.682944324329008,100,0.8478167667522876,1.423629421523872,0.4013147837978691,100,1.4124185528322177,3.680205665213371,1.5190717490994177,100,0.3160516996574795,0.2405019422030358,0.24204708395909524,100,,,,0,,,,0,,,,0,,,,0,0.4374718117713928,0.1845986720858462,0.41717636585235596,100,-1.5392396678789655,4.4702031274545934e-09,2.86093000157094e-07,0.3413155411324537,0.15360733419330938,1.0,-0.8560043143347988,0.0026251122102243342,0.12863049830099238,0.3413155411324539,0.15360733419330938,1.0,0.2966116344916345,4.6041751652443625e-17,3.0387556090612793e-15,0.2580525325325326,3.750168121901122e-17,2.5127589639621663e-15,0.29429810229344716,7.132581379887996e-17,4.636177896927197e-15,0.9375961492456747,8.389134932938414e-15,6.795199295680116e-13,0.6290794324394796,3.639444026634227e-14,2.984344101840066e-12,0.5060118438732539,2.7946882507067466e-13,1.9283348929876553e-11,2.5054184431232835,2.1365801836383434e-16,1.5597035340559907e-14,1.9597371309701466,2.536781950250505e-16,1.6763989797569892e-14,-0.3171567936226179,4.4702031274545934e-09,3.397354376865491e-07,-0.7725009419977793,0.10170516363941541,1.0,0.3838178043661976,5.649430306955948e-17,3.7286240025909256e-15,-0.8510608499685317,0.0017754092402886207,0.08699505277414242,-1.3415582903688852,9.042931792052953e-06,0.0005425759075231772,0.4023211458247764,5.048927598417008e-05,0.0028778887310976944,-0.4023211458247764,5.048927598417008e-05,0.0028778887310976944,0.3919474261940293,2.536781950250505e-16,1.6763989797569892e-14,-0.3919474261940293,2.536781950250505e-16,1.6763989797569892e-14,,,,,,,-10.507680063247681,3.896559845095909e-18,6.857945327368801e-16
gold_sweep,e22aca95ddc3,ProposedA,OracleTargetTreated,100,50,2000,10,0.3,3.74500626283318,0.6778509476624552,3.656688675295479,100,-0.5807247619556484,7.201867127786044,-0.8998019415036376,100,0.28156661379797554,0.2217511507158165,0.22520193783899034,100,-0.0262489971095212,0.3585500898635576,-0.002499844482471758,100,0.6785011597411597,0.06062478461764048,0.67797602997603,100,0.49200664664664656,0.05312416044840091,0.4902842842842843,100,0.6933798816201346,0.060111632993117434,0.6936029956614769,100,0.016713941114905484,4.654621815789715,0.6928718290014242,86,0.4329009946405076,1.032476792134596,0.7181939476614504,81,0.5048087666596368,0.7239629122526959,0.750490677915637,77,5.2023885168326,7.253871285539909,4.657471716149388,100,4.146028010005396,7.1925444129104275,3.5614052094610757,100,1.447412669969411,0.31767361329527805,1.4251792201547806,100,0.32365565590502443,4.1505746621907855,0.3330868619371595,100,0.463797353468175,0.08742803974004634,0.46515428124110647,100,1.0388448372863828,0.3396497217753175,1.0151700045503707,100,2.440570124775593,0.8584010982677045,2.3288591986509823,100,3.3256902912047828,3.8969190531001203,3.108554646467813,100,0.33276799497884935,0.27737742865385895,0.29046952797460707,100,1.3026948109842789,3.658935122350734,1.3510802398846653,100,0.4257754415054187,0.1319315877354342,0.4026513605744074,100,0.04147794645574124,0.02878682784000133,0.033775767519012984,100,26.01,2.25404238440786,26.0,100,,,,0,,,,0,30.496318984031678,12.035179519595895,26.134899616241455,100,-2.8286937680926725,3.896559845095909e-18,5.922770964545782e-16,-0.012614468124562963,0.9862837441089826,1.0,-4.186110708360688,6.311606041551026e-18,9.088712699833478e-16,-0.012614468124563034,0.9862837441089826,1.0,0.2145581839181839,4.531861061109546e-18,5.922770964545782e-16,0.1693531531531532,4.531861061109546e-18,5.922436857224855e-16,0.21456837917938756,4.813701823147399e-18,5.922770964545782e-16,0.5961548201494876,9.939374319801143e-15,7.852105712642903e-13,0.4462342924550649,2.1859920245505343e-14,1.984976840828542e-12,0.4014188215580589,5.5966114048201654e-14,5.155108709686012e-12,1.6794573782673452,5.988879490693734e-17,5.2702139518104864e-15,1.41111842173045,1.0501887534614503e-17,1.1342038537383663e-15,0.20547170226371683,0.0002045007015103931,0.00920253156796769,-0.16508431473244314,0.7991587121799286,1.0,0.22888643346803722,8.519072542858556e-18,8.519072542858555e-16,-3.476368081732239,8.74112997534717e-17,9.440420373374943e-15,-3.6706208954792374,5.312355559705196e-16,5.94983822686982e-14,0.9173699175982146,2.084882450926889e-14,2.647800712677149e-12,-0.9173699175982146,2.084882450926889e-14,2.647800712677149e-12,0.2822236843460902,1.0501887534614503e-17,1.1342038537383663e-15,-0.2822236843460902,1.0501887534614503e-17,1.1342038537383663e-15,0.04147794645574124,3.896559845095909e-18,2.6496606946652183e-16,26.01,2.8854504952701422e-18,1.0804181754287811e-16,19.551167109012603,4.2663227307182344e-18,6.857945327368801e-16
gold_sweep,e22aca95ddc3,ProposedB_LinearStepB,OracleTargetTreated,100,50,2000,10,0.3,4.132799065782025,0.8322508703602418,4.027613355494189,100,-0.5398232451864287,7.20042713405462,-0.7822128416318577,100,0.3962584036853307,0.2434228652423404,0.3845799568746411,100,0.014652519659698597,0.46652397230559256,-0.005957759368250493,100,0.5656394201594201,0.1104345543230892,0.5815848895848895,100,0.40105565565565565,0.08620126886091381,0.40935735735735734,100,0.5817242588256246,0.1111835017692405,0.6002643367356496,100,-0.48517027984632377,7.66975196756373,0.6025944292197487,86,0.2808759017782966,1.246950461371513,0.6478166415683674,81,0.3259190841428709,0.9623427357627795,0.6789832570012035,77,4.321699194020615,7.366695840325614,4.459957862550795,100,3.4221096907308266,7.275105051842793,3.4271795250881856,100,1.028985116367734,0.3484407271816642,1.0354649273815872,100,-0.376801871542968,2.788597168534251,-0.14042036336003033,100,0.3270089596394767,0.1276572259159642,0.33385338237141543,100,0.9494428720544178,0.4148009698487333,0.9154257220476733,100,2.5081404986223874,1.4459141038242969,2.0036061746810114,100,3.296579258678909,3.901010418933693,3.083818179199545,100,0.36187902750472495,0.30552513977881424,0.30659930123840984,100,1.1579111471293653,3.6517039166714955,1.1643241545187928,100,0.5705591053603323,0.18583986672795988,0.5174402226118715,100,0.02158441461822662,0.013666410226079789,0.01951962283284235,100,29.49,0.6434597143880912,30.0,100,4.0649227059063255,2.5149730279881655,3.6948932079181183,100,10.0,0.0,10.0,100,84.65550654888153,26.63329931738776,80.48495602607727,100,-2.440900965143827,4.9610417082651575e-18,5.922770964545782e-16,0.02828704864465685,0.9233036783976978,1.0,-4.071418918473332,8.023842397878198e-18,1.1153140933050697e-15,0.028287048644656743,0.9233036783976978,1.0,0.10169644433644436,2.680683329613168e-10,1.0454664985491355e-08,0.07840216216216217,1.7930711033640755e-10,7.172284413456302e-09,0.10291275638487757,2.0975366305746773e-10,8.180392859241242e-09,0.09427059918825849,1.6643124271581264e-06,4.9929372814743794e-05,0.29420919959285385,3.5949073267729367e-09,1.473912003976904e-07,0.22252913904129304,7.0030644804349896e-09,2.871256436978346e-07,0.7987680554553599,1.6057045258895547e-07,4.656543125079708e-06,0.687200102455882,4.288604797431001e-09,1.6296698230237805e-07,-0.2129558513379598,0.0007528874978437355,0.030868387411593153,-0.8655418421804356,0.13654144965238735,1.0,0.09209803963933876,7.3265649340269615e-09,2.0514381815275493e-07,-3.565770046964205,1.960659347540535e-17,2.470430777901074e-15,-3.6030505216324427,1.5427344182356265e-15,1.635298483329764e-13,0.8882588850723394,1.0748175743965823e-13,1.1715511560922747e-11,-0.8882588850723394,1.0748175743965823e-13,1.1715511560922747e-11,0.1374400204911765,4.288604797431001e-09,1.6296698230237805e-07,-0.1374400204911765,4.288604797431001e-09,1.6296698230237805e-07,0.02158441461822662,3.896559845095909e-18,2.6496606946652183e-16,29.49,4.003729257598905e-19,2.5223494322873103e-17,73.71035467386245,3.896559845095909e-18,6.857945327368801e-16
gold_sweep,e22aca95ddc3,ProposedB_SourceDR,FeasibleRestricted,100,50,2000,10,0.3,7.329015919676591,2.9238483963948947,6.626619378316198,100,0.22248943742539887,2.958568740494468,-0.011949133938439126,100,5.283953637857614,3.68539715573044,4.802848686781262,100,0.776965202271526,6.416741187682124,1.1184917757182844,100,0.4350581917349931,0.141926048802925,0.4641726501726502,100,0.3019283203843255,0.10200352590924076,0.3205945945945946,100,0.4509062092006218,0.14065781303553823,0.4809610530144273,100,-0.5925255516284914,6.924699767462863,0.4659916171192474,86,0.07297848610008453,1.6795190536278333,0.5205898923187343,81,0.08603705385991749,1.3298782038996664,0.5834282887097754,77,3.241696644592131,7.1347849872828855,2.732135339240699,100,2.5443130300728534,7.126013988505471,2.4369350512628234,100,1.1860327815340483,0.5868653907810801,1.1580801872414477,100,-0.7566282925720061,6.565536831607443,-0.7001442714436783,100,0.20439749852030842,0.1104762379238656,0.21218956655940502,100,5.3776982148349415,3.5821706594419584,4.802848686781262,100,7.462561615041664,3.859496078952655,7.141590445595639,100,1.4965498313864685,4.471203122300727,1.710104490154713,100,2.1619084547971643,2.3077540763637208,1.309972824632522,100,0.9823518149977705,3.7030048439798473,1.062365036936687,100,0.746118437491927,0.28207657377079615,0.6862421308604806,100,0.0172058375267176,0.012078915143331176,0.013928507457403884,100,28.12,1.7654369648241983,29.0,100,4.064922705906324,2.5149730279881606,3.6948932079181187,100,10.0,0.0,10.0,100,85.99530465841293,24.389180452991017,81.3604838848114,100,0.755315888750739,0.011956843143060303,0.27500739229038695,0.7905997312564844,0.09005756221599329,1.0,0.8162763156989512,0.0439194922345891,1.0,0.7905997312564844,0.09005756221599329,1.0,-0.028884784087982843,0.18558440412527066,0.7779974146300075,-0.02072517310916801,0.1733315321687653,0.6933261286750612,-0.027905293240125154,0.1890346959482626,0.7561387837930504,-0.013084672593909255,0.5978570900851247,1.0,0.08631178391464178,0.9568194547104161,1.0,-0.01735289124166038,0.23982128514193612,1.0,-0.281234493973125,0.14112810604636963,0.8467686362782179,-0.1905965582020912,0.23553461229179673,1.0,-0.05590818617164562,0.31704318981210255,1.0,-1.2453682632094738,0.0940394048068533,1.0,-0.030513421479829477,0.05374324838018211,0.32245949028109266,0.8624852958163193,0.027046719679822244,0.9736819084736008,1.351370594786833,0.002162291575214179,0.08000478828292462,-0.9117705422201005,0.0008584495241317528,0.03948867811006063,0.9117705422201001,0.0008584495241317528,0.03948867811006063,-0.03811931164041814,0.23553461229179673,1.0,0.038119311640418145,0.23553461229179673,1.0,0.0172058375267176,3.896559845095909e-18,2.6496606946652183e-16,28.12,2.4783423491406554e-18,1.0804181754287811e-16,75.05015278339386,3.896559845095909e-18,6.857945327368801e-16
gold_sweep,e22aca95ddc3,ProxyOnly,FeasibleRestricted,100,50,2000,10,0.3,6.573700030925852,2.621633999358179,5.780278801221396,100,-0.5681102938310855,6.622914094424687,-1.0221129860398857,100,4.467677322158663,3.2686767407319195,3.790697388317497,100,-0.013634528984958223,5.553901159954453,0.4523481856262608,100,0.4639429758229758,0.12193070950883186,0.47641721641721646,100,0.3226534934934935,0.09058020976690613,0.3266706706706707,100,0.47881150244074705,0.12373650368771955,0.4884263171822074,100,-0.5794408790345821,7.158007187855717,0.5154289168376901,86,-0.013333297814557287,1.9941713601619817,0.5638068906411875,81,0.10338994510157787,1.4286344533487154,0.6185692265412932,77,3.5229311385652555,7.249380594354961,3.466589176789066,100,2.734909588274945,7.202667282284572,2.6897092107151397,100,1.2419409677056938,0.46881202324448,1.192187317613775,100,0.4887399706374675,6.435695947064442,0.8541587149200729,100,0.23491092000013794,0.11786570274379829,0.22296089282988824,100,4.515212919018623,3.217075146769619,3.790697388317496,100,6.111191020254829,3.4007037035387255,5.550117043489354,100,2.408320373606569,4.2177112964125785,2.4961606908874394,100,1.2501379125770642,1.5226406481068313,0.8456174365665314,100,1.0204711266381887,3.6948807237127386,1.1262078519368406,100,0.7079991258515089,0.22150559487608137,0.672381391704762,100,0.0,0.0,0.0,100,0.0,0.0,0.0,100,,,,0,,,,0,10.945151875019073,3.989632287485943,9.597545981407166,100,,,,,,,,,,,,,,,,,,,,,,,,,,,,,,,,,,,,,,,,,,,,,,,,,,,,,,,,,,,,,,,,,,,,,,,,
gold_sweep,e22aca95ddc3,TargetOnlyDR,OracleTargetTreated,100,50,2000,10,0.3,4.007560018509727,0.8333050441912168,3.8601757995413646,100,-0.5519826934508223,7.138249891812352,-0.9176937221695047,100,0.40581201264041505,0.3031351468629674,0.3407945944109618,100,0.002493071395305142,0.508164832767772,-0.027971221314715855,100,0.6010388016788016,0.08172761026897796,0.6033228993228994,100,0.42875419419419414,0.06672079011026323,0.4296776776776777,100,0.6171381279855223,0.08194162895283508,0.6240452907141643,100,-0.21327492817742613,5.488903179536754,0.611164262477496,86,0.2756592971634056,1.4292968815868357,0.6844684587124731,81,0.3780480356146804,0.8870802703404846,0.7123400121002266,77,4.47312623462214,7.257946844235081,3.6064657170728776,100,3.594042015390319,7.175706030247455,2.806454002958714,100,1.1312151459340292,0.26887885108024917,1.1303998802618787,100,0.20671834521897764,2.320896484546377,0.1204685343626275,100,0.3535366984569201,0.11529110158684812,0.36623939920434023,100,0.8684689450330191,0.3437053358277899,0.8241477683439722,100,2.01668018184415,0.8934832273020387,1.8826307221671712,100,3.2922417293414186,3.9137659059247865,3.0935490302698727,100,0.3662165568422143,0.30467405004728165,0.323867685070347,100,1.1922976120612636,3.6847058024780415,1.2781316802754796,100,0.5361726404284339,0.17500366188367136,0.5053363417962956,100,0.0,0.0,0.0,100,0.0,0.0,0.0,100,,,,0,,,,0,28.424803462028503,9.425257035424393,25.94918668270111,100,-2.5661400124161253,3.896559845095909e-18,5.922770964545782e-16,0.01612760038026338,0.9643478501512192,1.0,-4.061865309518248,1.0501887534614503e-17,1.3337397168960419e-15,0.01612760038026352,0.9643478501512192,1.0,0.13709582585582586,7.452269101258844e-16,4.247793387717541e-14,0.1061007007007007,4.880034421013085e-16,2.7816196199774586e-14,0.13832662554477526,8.576774246556675e-16,4.802993578071738e-14,0.36616595085715586,5.072292215097737e-11,2.383977341095936e-09,0.28899259497796287,2.038598891611038e-12,1.0804574125538502e-10,0.2746580905131024,1.0010983425330437e-11,5.305821215425131e-10,0.9501950960568847,2.0658034603212294e-11,9.089535225413409e-10,0.8591324271153744,4.915088821531074e-15,2.8016006282727123e-13,-0.11072582177166483,0.06286660661904922,1.0,-0.2820216254184901,0.5728322123507377,1.0,0.1186257784567823,1.8191840040308718e-13,7.640572816929662e-12,-3.646743973985603,1.1147719595548441e-17,1.5272375845901365e-15,-4.094510838410679,4.2169267302822515e-17,5.313327680155637e-15,0.8839213557348498,1.9454840891444397e-13,2.0427582936016618e-11,-0.8839213557348498,1.9454840891444397e-13,2.0427582936016618e-11,0.17182648542307496,4.915088821531074e-15,2.8016006282727123e-13,-0.17182648542307494,4.915088821531074e-15,2.8016006282727123e-13,0.0,,,0.0,,,17.47965158700943,3.896559845095909e-18,6.857945327368801e-16
gold_sweep,e326b9ec4f24,AnchorOnly,OracleTargetTreated,25,100,2000,10,0.3,4.190493079530366,0.8440989783406779,4.018685239924061,100,0.24489971720126785,6.617358201292724,0.7135003704994771,100,0.5156217016939637,0.4139335747494415,0.39623590861723845,100,0.09810526723683927,0.6558737637685852,0.07042890435585947,100,0.5634393108393109,0.10005006215714442,0.5662552222552223,100,0.39942666666666665,0.0787721524461076,0.39749149149149154,100,0.5785589348702698,0.10138746689250518,0.5853564288748465,100,0.24964367216822078,1.3994907512167136,0.6243706057024689,90,0.12964175981499004,2.085926609690315,0.642739958504849,87,0.3189464094529404,1.241672599727441,0.6856704378513696,82,4.890663568979287,6.917132009596698,5.553369908667502,100,4.0535581402818925,6.693373638388727,4.584098616718633,100,0.9978100769432604,0.32467560862484374,0.9772708967493127,100,0.05584372539737582,2.2468807315418844,-0.09971883112451194,100,0.30549047477115293,0.12232489338655746,0.3143334289180489,100,1.0064210770476043,0.4214981286018356,0.9354559094679316,100,2.5179903691929857,1.2270427732278355,2.4128893564347274,100,2.449565306706036,4.2052708927334805,1.8234686116046581,100,0.4678288860073245,0.3250195216009599,0.4633904085930308,100,0.45383029158329313,3.6583977615893017,0.3644566230083362,100,0.5836905041342572,0.17518107759550472,0.5552616979233211,100,0.03589245999247469,0.05951810476808496,0.010667238364845993,100,1.5,2.07193853502687,1.0,100,,,,0,,,,0,20.892742981910704,7.526960216823001,18.222774028778076,100,-9.530222883940356,3.896559845095909e-18,5.922770964545782e-16,-1.2771876710377341,0.687475023529822,1.0,-10.962950137545453,1.0192962404545369e-17,1.3148921501863526e-15,-1.277187671037734,0.687475023529822,1.0,0.31703521895521897,6.702409068617996e-18,6.970505431362716e-16,0.2315025025025025,6.311606041551026e-18,6.564070283213067e-16,0.31424719671199747,6.311606041551026e-18,6.564070283213067e-16,0.358244817454395,1.7193383546655374e-12,9.456360950660456e-11,0.7110639865503053,7.510004641464972e-14,5.40720334185478e-12,0.45065117673040966,5.072817840697122e-13,3.145147061232216e-11,2.5641854146964813,3.2793460288037097e-16,2.2627487598745596e-14,2.1908386049178943,1.3732250242604873e-17,1.3732250242604874e-15,0.7105177858425132,5.94331234302936e-18,8.617802897392572e-16,-0.08314122982612412,0.6278155248427884,1.0,0.2133792613763185,2.2069547466224186e-17,1.677285607433038e-15,-10.952972613589974,3.896559845095909e-18,5.922770964545782e-16,-14.36828247938955,3.896559845095909e-18,5.922770964545782e-16,1.4264295428311096,9.481495661572547e-14,1.0619275140961253e-11,-1.4264295428311096,9.481495661572547e-14,1.0619275140961253e-11,0.4381677209835789,1.3732250242604873e-17,1.3732250242604874e-15,-0.4381677209835789,1.3732250242604873e-17,1.3732250242604874e-15,0.03589245999247469,3.896559845095909e-18,2.6496606946652183e-16,1.5,2.671795781693621e-10,4.151242994474151e-10,10.211640076637268,3.896559845095909e-18,6.857945327368801e-16
gold_sweep,e326b9ec4f24,AnchorPlugin,FeasibleRestricted,25,100,2000,10,0.3,6.1041087635500775,3.143927743383678,5.327892031549053,100,0.19545187185382715,4.499723431626968,0.31988208231969883,100,3.867917225120221,3.5937836910833982,3.21003503057708,100,0.04865742188939886,5.293844769754149,-0.08403587674192403,100,0.5072862036462037,0.15935340777882495,0.5122264162264163,100,0.3573143143143145,0.11894582125136965,0.35747547547547553,100,0.524124290624311,0.15437794706243063,0.5298475086632632,100,0.23520386288606557,1.3603168411740023,0.5984215557858774,90,-0.14427184010848956,4.126725896650679,0.6095926744206372,87,0.2396154907390716,1.402722080837979,0.6434714558815755,82,4.436439556402499,6.466105758740064,5.054042041837893,100,3.6334089622971253,6.459443350201022,4.225090599620875,100,0.8775242858458381,0.3456264934543215,0.8784052313756744,100,0.10863167643998559,5.578088168223865,0.660396752585592,100,0.293855339586125,0.14454153585491022,0.2710313533501308,100,3.9771213531392893,3.5068891505068986,3.245350900100691,100,5.634592607730889,4.4804652175685,4.871517202927928,100,1.515559968091988,4.626247743974923,1.5971273318828159,100,1.4018342246213726,1.671546824208114,0.864509580729133,100,0.3698004559863396,3.6663173980230654,0.35569842297635923,100,0.6677203397312107,0.360935552231604,0.5978553884998012,100,0.29358440791092,0.3241343532394515,0.1925803880592461,100,12.68,7.835273776423843,11.5,100,,,,0,,,,0,9.059552793502808,2.436849736492618,8.303449273109436,100,-7.616607199920646,2.917295855137348e-15,2.6547392281749867e-13,-1.3266355163851744,0.5269610710548687,1.0,-7.610654614119196,4.811373219237918e-12,3.8490985753903347e-10,-1.3266355163851749,0.5269610710548687,1.0,0.26088211176211173,1.4573676877736123e-17,1.2679098883630428e-15,0.18939015015015012,1.4573676877736123e-17,1.2387625346075705e-15,0.25981255246603874,2.5846465641141113e-17,1.9901778543678656e-15,0.3438050081722398,8.788510265214755e-15,7.030808212171804e-13,0.43715038662682576,2.1812932316797168e-14,1.984976840828542e-12,0.3713202580165407,8.836332985619533e-15,1.2017412860442567e-12,2.1099614021196937,3.976797993175688e-17,3.857494053380418e-15,1.7706894269331266,2.0802135592284146e-17,1.9554007456747096e-15,0.590231994745091,8.519072542858556e-18,1.2011892285430564e-15,-0.03035327878351429,0.7727196720119712,1.0,0.2017441261912905,2.6346826245998054e-17,1.8442778372198637e-15,-7.982272337498289,6.777516682777735e-14,5.828664347188852e-12,-11.251680240851648,1.1037454355187327e-15,1.181007616005044e-13,0.49242420421706157,1.4400038624297495e-05,0.0009072024333307422,-0.49242420421706157,1.4400038624297495e-05,0.0009072024333307422,0.3541378853866253,2.0802135592284146e-17,1.9554007456747096e-15,-0.3541378853866253,2.0802135592284146e-17,1.9554007456747096e-15,0.29358440791092,3.896559845095909e-18,2.6496606946652183e-16,12.68,7.948962377579805e-17,6.27935760847387e-16,-1.62155011177063,2.680683329613168e-10,5.8975033251489705e-09
gold_sweep,e326b9ec4f24,DRLearner_PooledNoSite,OracleTargetTreated,25,100,2000,10,0.3,3.1950206809861625,1.3777162188855578,2.96785557519345,100,0.2619636646383748,6.030115130542337,0.5218270771362443,100,0.8109495909007688,0.7825793995519384,0.5955461805463891,100,0.1151692146739464,1.123972708253874,0.14962933300754488,100,0.7600906716106717,0.16349696260188873,0.8111517371517372,100,0.583152032032032,0.14822954341824363,0.6173873873873874,100,0.7718522735821186,0.16162815968896554,0.8228045018120199,100,0.6760993818338151,0.43576701974287957,0.8232182047052277,90,0.5160615139946116,1.111469695703644,0.8235627373337995,87,0.4853251927912428,1.4577312612540643,0.8467769635659443,82,6.661927017280783,6.5537325047921815,6.869520087243341,100,5.357041409025808,6.497635684347252,5.427841137633653,100,0.9234501160200794,0.19311046291710737,0.9493255079333065,100,0.10812573870713794,1.9324206587040254,-0.07683402905028416,100,0.6205530163757219,0.21084723886783002,0.6774187689094281,100,1.0135849542986217,0.7410664327518153,0.817330781298214,100,1.957646290330905,1.3383513532581754,1.6075480218918354,100,2.6413759027474595,4.180881538148648,1.9295246656030636,100,0.2760182899659009,0.2713836542875172,0.1890241477432869,100,0.7145269453320757,3.6330890893682555,0.6550048146872889,100,0.3229938503854744,0.2920357822153702,0.23814733209029004,100,,,,0,,,,0,,,,0,,,,0,2.2487192440032957,0.7597060734098195,2.1910446882247925,100,-10.525695282484563,4.2663227307182344e-18,5.922770964545782e-16,-1.260123723600627,0.6925422804041386,1.0,-10.667622248338649,2.6346826245998054e-17,2.898150887059786e-15,-1.260123723600627,0.6925422804041386,1.0,0.5136865797265797,7.55704804907942e-18,7.481477568588626e-16,0.41522786786786786,7.786562267157256e-18,7.630831021814111e-16,0.5075405354238466,8.777880718979924e-18,8.4267654902207275e-16,0.7847005271199895,3.59425412502141e-15,3.558311583771196e-13,1.097483740729927,1.0895516535060403e-14,1.1440292361813423e-12,0.617029960068712,7.569478478072538e-14,6.4354441560527304e-12,4.335448862997978,1.3329700507875106e-17,1.492926456882012e-15,3.4943218736618076,1.7415252083634357e-17,1.7241099562798013e-15,0.6361578249193323,4.670683307897806e-18,6.959318128767731e-16,-0.03085921651636213,0.44119029984120706,1.0,0.5284418029808875,9.044445868078014e-18,8.863556950716454e-16,-10.945808736338954,5.112831740936498e-18,7.413606024357922e-16,-14.928626558251631,4.813701823147399e-18,7.124278698258151e-16,1.6182401388725334,1.870520706042919e-16,2.749665437883091e-14,-1.6182401388725334,1.870520706042919e-16,2.749665437883091e-14,0.6988643747323614,1.7415252083634357e-17,1.7241099562798013e-15,-0.6988643747323614,1.7415252083634357e-17,1.7241099562798013e-15,,,,,,,-8.432383661270142,3.896559845095909e-18,6.857945327368801e-16
gold_sweep,e326b9ec4f24,DRLearner_PooledWithSite,OracleTargetTreated,25,100,2000,10,0.3,3.209672621888263,1.3838359421679474,2.9605165540219294,100,0.23910957986819525,6.028701403170818,0.4520029115866533,100,0.8327905838588247,0.7950056464478484,0.6069392024205874,100,0.09231512990376696,1.1506395724626652,0.1672336459444166,100,0.7586107144507145,0.1640143442940716,0.8112539472539474,100,0.5816117317317319,0.1484195483295122,0.6159779779779779,100,0.7704211435103652,0.1621846956455416,0.8215200064928576,100,0.6672328900596903,0.460280817741163,0.8215028457843145,90,0.5125752530400656,1.1104073386883526,0.8205607660361255,87,0.47559680835297946,1.5051699072924667,0.841341268605915,82,6.638243829076855,6.551535772277001,6.824234885342647,100,5.350989195315879,6.489459235359576,5.430620271175872,100,0.9220603839367618,0.1939880640209903,0.9449602864732753,100,0.11912454133259201,1.953470455545468,-0.00113703059869796,100,0.6185895207286216,0.2109009458264161,0.6754375851952897,100,1.0325376126902328,0.7515438081225221,0.844845796244335,100,1.9665298816236685,1.3503407036883115,1.6199989094955272,100,2.6378439270658043,4.183081890434645,1.916536404707759,100,0.2795502656475563,0.27444781549337055,0.19074435971225334,100,0.71331650259009,3.633589849687666,0.6601212684514162,100,0.32420429312745996,0.29005321560230446,0.2375690335719023,100,,,,0,,,,0,,,,0,,,,0,7.3320388174057,2.678126833865235,7.268328785896301,100,-10.511043341582461,4.2663227307182344e-18,5.922770964545782e-16,-1.2829778083708065,0.6748685607674054,1.0,-10.64578125538059,2.483725635893387e-17,2.7817727122005935e-15,-1.2829778083708065,0.6748685607674054,1.0,0.5122066225666226,8.023842397878198e-18,7.783127125941853e-16,0.4136875675675677,8.267798584515514e-18,8.019764626980049e-16,0.5061094053520929,1.1147719595548441e-17,1.036737922386005e-15,0.7758340353458644,4.0870843475428136e-15,3.8418592866902445e-13,1.0939974797753809,1.12636710440383e-14,1.1714217885799831e-12,0.6073015756304486,7.569478478072538e-14,6.4354441560527304e-12,4.311765674794053,1.4146791640488978e-17,1.5702938720942766e-15,3.48826965995188,1.903450784800175e-17,1.8273127534081682e-15,0.634768092836015,4.670683307897806e-18,6.959318128767731e-16,-0.019860413890907935,0.43307645328435596,1.0,0.5264783073337871,9.044445868078014e-18,8.863556950716454e-16,-10.926856077947345,4.9610417082651575e-18,7.243120894067129e-16,-14.91974296695887,4.813701823147399e-18,7.124278698258151e-16,1.6147081631908782,2.2360339795731376e-16,3.242249270381049e-14,-1.6147081631908782,2.2360339795731376e-16,3.242249270381049e-14,0.6976539319903762,1.903450784800175e-17,1.8273127534081682e-15,-0.6976539319903762,1.903450784800175e-17,1.8273127534081682e-15,,,,,,,-3.349064087867737,4.36634340924843e-12,1.2225761545895604e-10
gold_sweep,e326b9ec4f24,EntropyBalancing,FeasibleRestricted,25,100,2000,10,0.3,7.133040479846681,4.1028057965673375,6.082630346434158,100,-0.8035313747659589,5.958542745556372,-0.7654371005271816,100,4.991882637957844,4.424410968573814,4.124260454371119,100,-0.9503258247303873,6.620707596887069,0.04111825982331074,100,0.5439991107991109,0.2223284901363074,0.5860279600279601,100,0.39213353353353353,0.17143161560169196,0.41317317317317315,100,0.5628589261187421,0.2116154043666487,0.603731227397013,100,0.22256416687143019,2.145350305298669,0.6703578590068189,90,0.05866349689845958,3.027449085515267,0.6556041505017629,87,0.23039637948683916,1.6364289772104135,0.7069607483816078,82,4.745652706206452,6.657242975110833,4.978902360166094,100,3.8376569912374867,6.557839095504947,3.9828300252866065,100,0.6072054338597732,0.2901647750691385,0.6519062011691551,100,0.37578971958594537,5.6327547864558865,0.5944845617925674,100,0.3617736295560459,0.2114749164827754,0.36318146824356956,100,5.237043528679428,4.297177642303957,4.379263328959841,100,8.498300932961229,6.416268585260297,6.7706179333546395,100,1.3292152730565454,4.081325594627387,1.3020627613177582,100,1.5881789196568152,2.2930893038469864,0.915574854104046,100,0.41065006177441193,3.6575587456577816,0.48187174885369277,100,0.6268707339431384,0.4500243040069051,0.5097311314613171,100,,,,0,,,,0,,,,0,,,,0,7.577766087055206,2.1825172149239456,7.886951208114624,100,-6.587675483624042,1.7143193108819633e-10,1.1828803245085547e-08,-2.32561876300496,0.17441979998997525,1.0,-6.486689201281575,9.487277678157031e-08,7.020585481836203e-06,-2.32561876300496,0.17441979998997525,1.0,0.2975950189150189,1.631012778441796e-15,8.970570281429877e-14,0.22420936936936936,1.822758080253685e-15,9.66061782534453e-14,0.29854718796046975,1.1780375381553562e-15,6.479206459854459e-14,0.33116531215760425,2.805551078609837e-12,1.514997582449312e-10,0.6400857236337748,3.6752380482895945e-13,2.1683904484908608e-11,0.3621011467643084,1.0271403488016595e-11,5.34112981376863e-10,2.4191745519236476,3.3262914681756384e-14,1.7629344781330883e-12,1.974937455873488,2.4829640944730308e-14,1.3159709700707064e-12,0.31991314275902616,4.0206139549571546e-13,4.141232373605869e-11,0.23680476436244544,0.5916968660875195,1.0,0.2696624161612115,7.245464848115237e-16,4.057460314944533e-14,-6.72235016195815,4.659276289416659e-09,3.541049979956661e-07,-8.387971915621309,1.0865350085036195e-09,8.90958706972968e-08,0.306079509181619,0.05164370603470232,1.0,-0.306079509181619,0.05164370603470232,1.0,0.39498749117469756,2.4829640944730308e-14,1.3159709700707064e-12,-0.39498749117469756,2.4829640944730308e-14,1.3159709700707064e-12,,,,,,,-3.103336818218231,1.5974210632319842e-12,4.830855615613476e-11
gold_sweep,e326b9ec4f24,IPWTransport,FeasibleRestricted,25,100,2000,10,0.3,5.1850271516541655,3.675058073845922,4.221698772556595,100,0.31199554058088563,5.517307021695149,0.451960128644406,100,3.704444476944787,3.8264278375874947,2.9168231619611626,100,0.1652010906164573,5.336244657923766,0.7315402399084262,100,0.7310937355737355,0.18570486240206166,0.7875170295170295,100,0.5563471071071071,0.16113869431935837,0.5942882882882883,100,0.743179502670686,0.18498357606412782,0.8030730305981157,100,0.612050399804458,0.5819834070808994,0.8006433664711323,90,0.44166830710333854,1.2970250817994413,0.8068659545633535,87,0.41263550396863036,1.727730773617559,0.8198414892626554,82,6.388434637485786,6.532499363521151,6.626808770753474,100,5.1337268494968615,6.462101241173696,5.386926972837265,100,0.8887243500165706,0.22126275140949597,0.9250732633441788,100,-0.007914754097967033,4.917852411609653,-0.27804165351352594,100,0.5848446782996791,0.2236315756802745,0.6439991593894854,100,3.7691669810240875,3.7758784092420568,2.9251407858674465,100,4.990348213492919,4.347509118701735,4.0028938667048815,100,1.83222637405423,4.0592265125944875,1.8640137002647896,100,1.0851678186591307,2.3928546333207215,0.47179239913974785,100,0.6698640334262868,3.6327142725558645,0.6221785574238552,100,0.36765676229126343,0.33894459680718986,0.2623599671516371,100,,,,0,,,,0,,,,0,,,,0,3.0112152528762817,0.8535528595418723,3.04558789730072,100,-8.535688811816557,2.152706086561876e-15,2.002016660502545e-13,-1.2100918476581164,0.6229452589763704,1.0,-7.774127362294629,6.4304129010861115e-12,5.080026191858028e-10,-1.2100918476581155,0.6229452589763704,1.0,0.4846896436896436,2.794684092654649e-17,2.1239599104175333e-15,0.3884229429429429,2.3413085997284582e-17,1.802807621790913e-15,0.47886776451241375,3.14398699044227e-17,2.3579902428317024e-15,0.7206515450906323,1.6517833548058622e-14,1.2718731832005138e-12,1.0230905338386536,4.93399824943937e-14,3.799178652068315e-12,0.5443402712460995,1.1130416720734631e-13,9.015637543795052e-12,4.061956483202981,4.2169267302822515e-17,4.006080393768139e-15,3.271007314132862,4.6041751652443625e-17,3.959590642110152e-15,0.6014320589158234,7.117077537219983e-18,1.0106250102852376e-15,-0.14689970932146731,0.4310615640798099,1.0,0.4927334649048447,2.3413085997284582e-17,1.732568363799059e-15,-8.190226709613489,1.0563462824278324e-13,8.873308772393792e-12,-11.895924635089616,8.820960641579043e-16,9.526637492905366e-14,0.8090906101793035,6.683497229934226e-08,5.413632756246723e-06,-0.8090906101793035,6.683497229934226e-08,5.413632756246723e-06,0.6542014628265724,4.6041751652443625e-17,3.959590642110152e-15,-0.6542014628265724,4.6041751652443625e-17,3.959590642110152e-15,,,,,,,-7.669887652397156,3.896559845095909e-18,6.857945327368801e-16
gold_sweep,e326b9ec4f24,OutcomeModelTransport,FeasibleRestricted,25,100,2000,10,0.3,5.180624758540209,3.6453548891102785,4.261360982752768,100,0.32438174886947274,5.533364218251353,0.5734778046732991,100,3.704142547962338,3.7921869052895105,2.818335248400162,100,0.17758729890504413,5.3111289176686585,0.6412592030554687,100,0.7309670836070836,0.18526428529913605,0.7876538536538538,100,0.5561615615615616,0.16081615319860063,0.5944384384384385,100,0.7430708428148292,0.1845285276173637,0.8025936284130286,100,0.6136290285123563,0.5744367844643867,0.7994024446340222,90,0.4416177499128734,1.2964300678112397,0.8068659545633535,87,0.4126589939575104,1.7275629938787582,0.8198414892626555,82,6.391715644105948,6.540113712047552,6.674340084279467,100,5.133207772567727,6.462724895793636,5.377272542311417,100,0.8885629312894281,0.22062544709854293,0.9253692530492235,100,-0.01571897020823384,4.921771193335606,-0.31890485189477236,100,0.584511108355814,0.22332416197349342,0.6437819139587954,100,3.7659663711467526,3.7440468424178888,2.818335248400163,100,4.985584693092237,4.277170169969174,3.9870518952210627,100,1.8367018610750783,4.05516639359522,1.8653941992599576,100,1.0806923316382828,2.3414406736894886,0.47778421724866754,100,0.6697602180404598,3.631757591043195,0.6195860684379252,100,0.3677605776770904,0.337435208011071,0.2623599671516371,100,,,,0,,,,0,,,,0,,,,0,0.4227196359634399,0.20035193960440145,0.3882925510406494,100,-8.540091204930514,2.2131438733610918e-15,2.0360923634922043e-13,-1.1977056393695296,0.6229452589763704,1.0,-7.77442929127708,7.080559838466176e-12,5.522836674003618e-10,-1.1977056393695296,0.6229452589763704,1.0,0.48456299172299167,2.794684092654649e-17,2.1239599104175333e-15,0.38823739739739743,2.3413085997284582e-17,1.802807621790913e-15,0.4787591046565567,3.14398699044227e-17,2.3579902428317024e-15,0.7222301737985306,1.7044422160292145e-14,1.295376084182203e-12,1.0230399766481886,4.93399824943937e-14,3.799178652068315e-12,0.5443637612349795,1.1130416720734631e-13,9.015637543795052e-12,4.0652374898231445,4.095126545597987e-17,3.9313214837740674e-15,3.2704882372037285,4.4713463414559033e-17,3.890071317066636e-15,0.6012706401886811,6.906672275406012e-18,9.876541353830596e-16,-0.15470392543173375,0.41908693342222414,1.0,0.49239989496097947,2.3413085997284582e-17,1.732568363799059e-15,-8.193427319490826,8.802809816566192e-14,7.482388344081263e-12,-11.9006881554903,8.576774246556675e-16,9.348683928746775e-14,0.8135660972001514,8.59811521983668e-08,6.878492175869343e-06,-0.8135660972001514,8.59811521983668e-08,6.878492175869343e-06,0.6540976474407455,4.4713463414559033e-17,3.890071317066636e-15,-0.6540976474407455,4.4713463414559033e-17,3.890071317066636e-15,,,,,,,-10.258383269309997,3.896559845095909e-18,6.857945327368801e-16
gold_sweep,e326b9ec4f24,ProposedA,OracleTargetTreated,25,100,2000,10,0.3,4.12394591868538,0.7661120393241712,3.982769230191651,100,0.2530118265388403,6.658598980153264,0.7982038264062445,100,0.48815370886143633,0.3852251158921135,0.43133973519766067,100,0.10621737657441185,0.614575749540288,0.023102749088419028,100,0.5886836236436237,0.09731536885220139,0.6039086259086259,100,0.4195473073073073,0.07677409507882134,0.42992992992992995,100,0.6041947216224469,0.09725967238318331,0.621970367914827,100,0.2530949055904583,1.4162076244163309,0.6285314931581735,90,0.23485272105638963,1.51713579972353,0.6691944509391408,87,0.35393629790146103,1.1944492831562974,0.7014569928101271,82,5.001365325336158,6.674355203810825,5.453385726654281,100,4.267468717400524,6.580781924388964,4.86325718184416,100,1.0911990941942842,0.36225921231606156,1.1069057388158052,100,0.12813410334949857,3.281708010166791,0.10024770048833692,100,0.327571786623678,0.12483764698674124,0.3380403140948245,100,1.0464909732901735,0.39867303250076036,0.9524100026256574,100,2.535967757740036,1.2364110179765146,2.2418472271105507,100,2.471720814311037,4.19429622420852,1.8269770151679599,100,0.4456733784023236,0.31135160184074595,0.47562610005860817,100,0.4966124070070195,3.639762906758549,0.37157849844056684,100,0.5409083887105307,0.13111785352429856,0.5346111113953218,100,0.0652147756721445,0.06221947412143014,0.04269261947871738,100,21.95,3.5798961668820177,22.0,100,,,,0,,,,0,32.06675095796585,13.558646588188882,25.133537530899048,100,-9.596770044785341,3.896559845095909e-18,5.922770964545782e-16,-1.2690755617001617,0.6799004477897137,1.0,-10.99041813037798,1.1485179010089616e-17,1.4241621972511125e-15,-1.2690755617001617,0.6799004477897137,1.0,0.34227953175953174,5.767203615817138e-18,6.170907868924337e-16,0.25162314314314316,5.269204481546392e-18,5.922436857224855e-16,0.3398829834641747,5.430296382634715e-18,5.922770964545782e-16,0.3616960508766325,3.734036532554372e-12,1.9416989969282734e-10,0.8162749477917052,2.859086763791079e-13,1.7154520582746475e-11,0.4856410651789301,2.3716406515309136e-12,1.2806859518266935e-10,2.6748871710533537,7.245464848115237e-16,4.854461448237209e-14,2.404749182036526,1.8478899002670448e-17,1.7924532032590337e-15,0.8039068030935371,4.670683307897806e-18,6.959318128767731e-16,-0.010850851874001446,0.6773827047880141,1.0,0.23546057322884345,2.3413085997284582e-17,1.732568363799059e-15,-10.912902717347404,4.0161556854627e-18,6.064395085048677e-16,-14.3503050908425,3.896559845095909e-18,5.922770964545782e-16,1.448585050436111,6.087238447113959e-14,7.182941367594471e-12,-1.448585050436111,6.087238447113959e-14,7.182941367594471e-12,0.4809498364073051,1.8478899002670448e-17,1.7924532032590337e-15,-0.4809498364073052,1.8478899002670448e-17,1.7924532032590337e-15,0.0652147756721445,3.896559845095909e-18,2.6496606946652183e-16,21.95,3.577708134487756e-18,1.1412741953993914e-16,21.385648052692414,3.896559845095909e-18,6.857945327368801e-16
gold_sweep,e326b9ec4f24,ProposedB_LinearStepB,OracleTargetTreated,25,100,2000,10,0.3,4.152678783781871,0.783351724503079,3.9608277340185754,100,0.25071725451958504,6.593734197698903,0.585436723329122,100,0.5237924387143174,0.39338014515204045,0.42077539706236555,100,0.10392280455515664,0.6488210199436606,0.10330850859503121,100,0.5689070720270721,0.09307910023451264,0.5695604155604156,100,0.4031851451451452,0.07353510409072606,0.4010750750750751,100,0.584001619857341,0.09344978887695161,0.5880735755739916,100,0.25905784338078297,1.2949319613186105,0.6303619462199923,90,0.131920079850963,2.057689191623426,0.6661616760635244,87,0.3370293593525717,1.146652830671799,0.7102255854085529,82,4.883892446901438,6.792564841207648,5.492384488221251,100,4.096269345117376,6.613386538869595,4.289218551868311,100,1.029486571807581,0.3146631083239428,1.0260965547098344,100,0.27314937968843966,2.163426333890703,-0.0204852851487903,100,0.3110691656096051,0.11747233343546457,0.3078782472042296,100,1.0118827639729537,0.38827277496795864,0.9035903210609966,100,2.423878264637512,1.0495093773129531,2.2218820325243267,100,2.4545249732666683,4.209097701307048,1.8234686116046581,100,0.462869219446692,0.32360657525882447,0.4804648193509726,100,0.46237253255038996,3.672625755836205,0.40396932184728007,100,0.5751482631671605,0.16367737307337954,0.5502701842117109,100,0.2742164703577091,0.2536188016049413,0.21939533192958383,100,19.53,8.421299355104463,23.0,100,4.561550070573173,2.5625937007277253,3.813661609664037,100,10.0,0.0,10.0,100,86.18960656166077,26.951692809178574,82.99114835262299,100,-9.568037179688849,3.896559845095909e-18,5.922770964545782e-16,-1.271370133719417,0.6698511676891292,1.0,-10.954779400525101,1.1147719595548441e-17,1.3934649494435551e-15,-1.271370133719417,0.6698511676891292,1.0,0.3225029801429802,5.596247901468035e-18,6.043947733585478e-16,0.235260980980981,5.269204481546392e-18,5.922436857224855e-16,0.3196898816990688,5.430296382634715e-18,5.922770964545782e-16,0.3676589886669572,3.0327235322501426e-13,1.8802885899950884e-11,0.7133423065862785,8.271005878263155e-14,5.706994056001577e-12,0.4687341266300409,3.6065113990741934e-13,2.3802975233889677e-11,2.5574142926186334,5.328972389674846e-17,4.84936487460411e-15,2.2335498097533786,6.504110965076778e-18,7.935015377393669e-16,0.7421942807068339,4.531861061109546e-18,6.843110202275415e-16,0.13416442446493965,0.8446222853530765,1.0,0.21895795221477057,1.8478899002670448e-17,1.441354122208295e-15,-10.947510926664622,4.0161556854627e-18,6.064395085048677e-16,-14.462394583945024,3.896559845095909e-18,5.922770964545782e-16,1.4313892093917422,4.152903999509194e-14,5.025013839406124e-12,-1.4313892093917422,4.152903999509194e-14,5.025013839406124e-12,0.4467099619506755,6.504110965076778e-18,7.935015377393669e-16,-0.4467099619506755,6.504110965076778e-18,7.935015377393669e-16,0.2742164703577091,3.896559845095909e-18,2.6496606946652183e-16,19.53,3.501542882291065e-17,4.552005746978384e-16,75.50850365638733,3.896559845095909e-18,6.857945327368801e-16
gold_sweep,e326b9ec4f24,ProposedB_SourceDR,FeasibleRestricted,25,100,2000,10,0.3,6.883174123864694,3.57222454230285,5.913931994626308,100,0.04394611160698761,2.7745220179335344,0.16546674809243433,100,4.570798598220955,4.134389787502735,3.6604305874595315,100,-0.10284833835744077,6.179460043968455,-0.4750030050628551,100,0.4059869245793838,0.14538580489680292,0.4208625728625729,100,0.2807574362627402,0.10456604648666258,0.2892412412412413,100,0.42010917060250685,0.14554075938752778,0.43457788064057135,100,0.05855356147956522,1.7416051384460094,0.5120473560385657,90,-0.272776686415457,3.396756005142586,0.5258665950029336,87,0.007380001622886722,2.0001431533246645,0.557181077730351,82,3.6547549944204074,6.664688595664346,4.388427572184444,100,2.930411908546676,6.660341669809536,3.498573936267457,100,1.117968333237028,0.674686810775959,1.0104811918557568,100,-0.03478828137472137,6.225389040353873,0.31059099632563797,100,0.173026793089442,0.10362092835923686,0.1645415696769773,100,4.723079940428664,4.011803983897102,3.8151843221217216,100,6.770004764667944,4.989654578208316,6.016798092843018,100,0.9226346822427618,4.43298171187033,1.0589011882482706,100,1.9947595104705984,2.2834746040543945,1.2382465915958323,100,0.2292010452362498,3.67496822073844,0.2485199916698802,100,0.8083197504813004,0.33906140435879645,0.7537070294155974,100,0.23157293823286662,0.2559849383611594,0.1293106038148703,100,12.3,7.661394761854378,12.5,100,4.561550070573172,2.562593700727725,3.8136616096640363,100,10.0,0.0,10.0,100,86.93489956617356,27.125612986138,82.88475227355957,100,-6.837541839606029,4.230056740440306e-13,3.680149364183066e-11,-1.4781412766320141,0.49383206015649095,1.0,-6.907773241018463,3.2014340159059216e-10,2.4651041922475594e-08,-1.4781412766320137,0.49383206015649095,1.0,0.15958283269529192,1.3182270973704236e-11,5.536553808955779e-10,0.11283327209857603,1.0143962707277705e-11,4.260464337056636e-10,0.1557974324442346,2.9508693491617464e-11,1.209856433156316e-09,0.1671547067657395,2.518003766634215e-07,8.56121280655633e-06,0.30864554031985847,4.7671815434545606e-08,1.7638571710781874e-06,0.13908476890035593,9.726793632867739e-10,4.377057134790482e-08,1.328276840137602,5.083945007169376e-10,2.084417452939444e-08,1.0676923731826775,5.54891699681139e-10,2.2750559686926698e-08,0.8306760421362809,1.3732250242604873e-17,1.8675860329942627e-15,-0.1737732365982214,0.8851770022716838,1.0,0.08091557969460751,3.072593914674031e-09,8.91052235255469e-08,-7.236313750208913,4.811373219237918e-12,3.8490985753903347e-10,-10.116268083914592,5.6400705686949925e-14,5.4708684516341426e-12,-0.1005010816321644,0.9280001779601025,1.0,0.10050108163216445,0.9280001779601025,1.0,0.21353847463653552,5.54891699681139e-10,2.2750559686926698e-08,-0.21353847463653552,5.54891699681139e-10,2.2750559686926698e-08,0.23157293823286662,3.896559845095909e-18,2.6496606946652183e-16,12.3,7.97127930447724e-17,6.27935760847387e-16,76.25379666090012,3.896559845095909e-18,6.857945327368801e-16
gold_sweep,e326b9ec4f24,ProxyOnly,FeasibleRestricted,25,100,2000,10,0.3,13.720715963470722,8.660576858349351,11.433165221716417,100,1.5220873882390018,17.238693863774845,0.7984943737512508,100,11.478571839239416,9.733784207848862,9.114493258356529,100,1.3752929382745724,15.030785588635943,-0.23970426109566234,100,0.2464040918840919,0.16809686469180005,0.2716818796818797,100,0.16792416416416414,0.11641435317621501,0.18372372372372375,100,0.2643117381582723,0.15607202968497075,0.28134662626499557,100,-0.10860114528617423,1.8188894449157096,0.36694588117390314,90,-0.5814222267353154,4.944286210065232,0.3954170710942506,87,-0.1317047672774691,2.035079115576484,0.43974754919717046,82,2.326478154282805,6.435967525891905,2.789629377895952,100,1.8627195353639985,6.450219776152061,2.5311380372062904,100,0.287292291100747,0.2294341913529541,0.2773185274510134,100,0.13898495522350005,6.998424884484345,0.7107291492360888,100,0.09211121339483448,0.08355495010878873,0.07144675078548435,100,11.959393690637574,9.293590862535313,9.186306237160466,100,16.886272848582536,10.50264777426883,14.308098758376616,100,1.023135763874926,4.975586889717738,1.1464717866763772,100,1.894258428838434,2.3293505196901045,1.140321773305608,100,0.0156625705997143,3.675228774586503,-0.0024730019507071873,100,1.0218582251178359,0.4082176123848195,0.9466609136734122,100,0.0,0.0,0.0,100,0.0,0.0,0.0,100,,,,0,,,,0,10.681102905273438,2.767730971205295,9.864522933959961,100,,,,,,,,,,,,,,,,,,,,,,,,,,,,,,,,,,,,,,,,,,,,,,,,,,,,,,,,,,,,,,,,,,,,,,,,
gold_sweep,e326b9ec4f24,TargetOnlyDR,OracleTargetTreated,25,100,2000,10,0.3,4.345659798739339,0.8692249131508536,4.166880584382017,100,0.24845128830608942,6.654429493544778,0.4807747232337227,100,0.6166377833991101,0.45015901190153146,0.4711215436652023,100,0.10165683834166103,0.7591361037455979,0.2183463766762193,100,0.5431014495525025,0.09780928019923953,0.5595407175407175,100,0.38336650901843167,0.07532364207763147,0.390966966966967,100,0.5587772056475473,0.09813438872234226,0.573931879240599,100,0.1706431167109683,1.5912042310449086,0.576927001244901,90,0.12470722224197105,1.843924867449941,0.6381218627249621,87,0.2904952863327104,1.329448400775194,0.6675663582566451,82,4.519537855851313,6.700610227991943,4.87198385359331,100,3.9112544982652757,6.615483597210265,4.121158868630097,100,0.9281333069469011,0.34296183812980513,0.9137148377393423,100,-0.07539047746998644,2.1811828677260867,-0.10189929291774799,100,0.27173301434554226,0.11666405793162865,0.26682689963504486,100,1.0481368003391511,0.4368984849715099,0.9950707789425068,100,2.688679686761363,1.6826613668856703,2.288816027857861,100,2.4352071449624453,4.224393736106385,1.823861604780543,100,0.482187047750915,0.34676604588982496,0.4743152760767062,100,0.42536956317996966,3.6694606641520413,0.392683724619916,100,0.6121512325375806,0.15770875270066806,0.5894815119944952,100,0.0,0.0,0.0,100,0.0,0.0,0.0,100,,,,0,,,,0,27.806328570842744,7.409315043247466,25.99473464488983,100,-9.375056164731381,4.0161556854627e-18,5.922770964545782e-16,-1.2736360999329122,0.7309722689902687,1.0,-10.861934055840306,1.4573676877736123e-17,1.7051201946951265e-15,-1.2736360999329122,0.7309722689902687,1.0,0.29669735766841066,6.702409068617996e-18,6.970505431362716e-16,0.2154423448542675,6.702409068617996e-18,6.769433159304176e-16,0.29446546748927493,6.702409068617996e-18,6.836457249990356e-16,0.2792442619971425,5.1045553044050235e-12,2.6033232052465617e-10,0.7061294489772866,2.2216709238708579e-13,1.3552192635612232e-11,0.42220005361017965,1.5229674461225966e-13,1.1269959101307214e-11,2.1930597015685085,7.810649014598995e-15,4.5301764284674167e-13,2.0485349629012775,3.433907108732613e-17,3.0905163978593516e-15,0.6408410158461539,8.777880718979924e-18,1.2289033006571895e-15,-0.21437543269348647,0.511360943044574,1.0,0.1796218009507078,2.328219678879701e-16,1.443496200905415e-14,-10.911256890298425,4.0161556854627e-18,6.064395085048677e-16,-14.197593161821178,4.139373908714419e-18,6.167667123984484e-16,1.4120713810875194,1.3091155134780781e-13,1.4138447545563244e-11,-1.4120713810875194,1.3091155134780781e-13,1.4138447545563244e-11,0.4097069925802554,3.433907108732613e-17,3.0905163978593516e-15,-0.40970699258025545,3.433907108732613e-17,3.0905163978593516e-15,0.0,,,0.0,,,17.125225665569307,3.896559845095909e-18,6.857945327368801e-16
gold_sweep,e92e2aabfaff,AnchorOnly,infeasible_no_target_treated,200,0,2000,10,0.3,,,,0,,,,0,,,,0,,,,0,,,,0,,,,0,,,,0,,,,0,,,,0,,,,0,,,,0,,,,0,,,,0,,,,0,,,,0,,,,0,,,,0,,,,0,,,,0,,,,0,,,,0,,,,0,,,,0,,,,0,,,,0,0.0,0.0,0.0,100,,,,,,,,,,,,,,,,,,,,,,,,,,,,,,,,,,,,,,,,,,,,,,,,,,,,,,,,,,,,,,,,,,,,,,-13.429482085704803,3.896559845095909e-18,6.857945327368801e-16
gold_sweep,e92e2aabfaff,AnchorPlugin,FeasibleRestricted,200,0,2000,10,0.3,5.915877400168322,2.684096985614516,5.131884674395126,100,0.6718478002870961,4.800080994577402,1.1926068328079287,100,4.180669106175575,3.107984474405367,3.730491447346674,100,-0.23890000853282645,5.220771720061817,-0.017903289243760938,100,0.6386131310131311,0.12509572861955978,0.6563237783237783,100,0.4622675475475477,0.10272119627201216,0.47211611611611615,100,0.6555428514768533,0.1232102552490992,0.6746945170379326,100,0.38814067552748044,1.288151709114669,0.7339379512855548,90,0.2775969580397423,2.4583679967647134,0.7652041201927212,84,0.5656243573645345,0.7468233277923644,0.784241091910277,80,6.548466351335768,7.501999215314349,6.4798707612743005,100,5.410146222653739,7.409172189914972,5.40690618182453,100,0.9326062844159896,0.2241011632920011,0.9307176781057653,100,0.2596222707283948,5.2775144585745934,0.4477669571059969,100,0.4398661482486923,0.15142057459872443,0.45106643315149997,100,4.25091827879138,3.0331574196473614,3.7304914473466755,100,5.5483465261977685,3.246803158670689,4.911249602159639,100,2.48646128823358,4.362159374361834,3.1447045902137374,100,1.1556422344252737,1.6262548930177458,0.6234891120849326,100,0.7752327249418862,3.7655842574490017,0.5646723788181363,100,0.48117374499457866,0.24261018471090903,0.41039777463403304,100,0.011174526986920827,0.008238857092030037,0.0096606750412836,100,29.15,1.2091820425896227,30.0,100,,,,0,,,,0,10.249618754386901,3.552313041226308,9.595076560974121,100,-1.0496478805321932,5.850754041320779e-06,0.0002457316697354727,-0.5000648930619116,0.09608261214226986,1.0,-0.6862177621839174,0.036882423815124916,1.0,-0.5000648930619116,0.09608261214226986,1.0,0.1474113172113172,4.2663227307182344e-18,5.922770964545782e-16,0.11919923923923925,4.139373908714419e-18,5.922436857224855e-16,0.1486685940718579,4.2663227307182344e-18,5.922770964545782e-16,0.2603358635830052,5.8117295571536806e-15,4.998087419152165e-13,0.4196433086869512,2.2005856240547633e-15,2.992796448714478e-13,0.22386484854251285,1.2817218330136241e-14,1.6790556012478476e-12,1.2582527522540032,1.4146791640488978e-17,1.5702938720942766e-15,0.9989745454816915,1.1147719595548441e-17,1.1482151183414894e-15,-0.09824429476829262,0.003176888643056145,0.11436799115002122,0.6725028741578316,0.04961324326130095,1.0,0.178401090447774,3.896559845095909e-18,5.922770964545782e-16,-0.7165162526004925,0.027285808816424915,0.9736819084736008,-1.0179867726700176,0.005642716048316827,0.1692814814495048,0.23202712530246258,0.02367160546686587,0.6690100980150238,-0.23202712530246267,0.02367160546686587,0.6690100980150238,0.19979490909633832,1.1147719595548441e-17,1.1482151183414894e-15,-0.19979490909633832,1.1147719595548441e-17,1.1482151183414894e-15,0.011174526986920827,3.896559845095909e-18,2.6496606946652183e-16,29.15,7.510576985219244e-19,4.431240421279354e-17,-3.1798633313179017,1.1003587472747208e-12,3.521147991279107e-11
gold_sweep,e92e2aabfaff,DRLearner_PooledNoSite,infeasible_no_target_treated,200,0,2000,10,0.3,,,,0,,,,0,,,,0,,,,0,,,,0,,,,0,,,,0,,,,0,,,,0,,,,0,,,,0,,,,0,,,,0,,,,0,,,,0,,,,0,,,,0,,,,0,,,,0,,,,0,,,,0,,,,0,,,,0,,,,0,,,,0,0.0,0.0,0.0,100,,,,,,,,,,,,,,,,,,,,,,,,,,,,,,,,,,,,,,,,,,,,,,,,,,,,,,,,,,,,,,,,,,,,,,-13.429482085704803,3.896559845095909e-18,6.857945327368801e-16
gold_sweep,e92e2aabfaff,DRLearner_PooledWithSite,infeasible_no_target_treated,200,0,2000,10,0.3,,,,0,,,,0,,,,0,,,,0,,,,0,,,,0,,,,0,,,,0,,,,0,,,,0,,,,0,,,,0,,,,0,,,,0,,,,0,,,,0,,,,0,,,,0,,,,0,,,,0,,,,0,,,,0,,,,0,,,,0,,,,0,0.0,0.0,0.0,100,,,,,,,,,,,,,,,,,,,,,,,,,,,,,,,,,,,,,,,,,,,,,,,,,,,,,,,,,,,,,,,,,,,,,,-13.429482085704803,3.896559845095909e-18,6.857945327368801e-16
gold_sweep,e92e2aabfaff,EntropyBalancing,FeasibleRestricted,200,0,2000,10,0.3,6.862886065102242,3.498784897007236,5.856485311784661,100,0.5290498010581052,5.46411799511201,0.4719188954628489,100,4.744797107982417,4.0247014295001495,3.5630732174160995,100,-0.38169800776181745,6.228287181853427,-0.75303287961071,100,0.5855375191775192,0.1821004667166247,0.6044218844218845,100,0.422976096096096,0.14501175553951262,0.4281821821821822,100,0.6017471841258772,0.18285447095719864,0.6212540936494203,100,0.3415105702479091,1.3681750823681518,0.6886549978105736,90,0.2399175653896186,2.4216806803384046,0.7284905014653972,84,0.5285655730343846,0.675592230875894,0.7463948127402682,80,6.04781796582468,7.629572656694463,6.164773719509029,100,5.029869634258161,7.495270491271639,4.978400604411426,100,0.6985638279676156,0.2857353514029488,0.7110802306255007,100,0.4172394333972899,5.857099300809586,0.8618563825683503,100,0.39613004940237545,0.1966500756457664,0.39066156549767794,100,5.010056387685802,3.880493283157379,3.9988423645962135,100,7.811947333998011,5.2922701444869595,6.474300290770074,100,2.052746924073405,4.381940605272795,2.241056382715612,100,1.5893565985854492,1.955502548966976,0.8956371714195561,100,0.6991774072627708,3.742668637266249,0.4979173361752873,100,0.5572290626736943,0.3033711749024147,0.5001993701533047,100,,,,0,,,,0,,,,0,,,,0,9.847582070827483,2.5655931918270705,10.317812204360962,100,-0.10263921559827478,0.5704943464345489,1.0,-0.6428628922909025,0.20699728974792586,1.0,-0.12208976037707558,0.8018158769149264,1.0,-0.6428628922909024,0.20699728974792586,1.0,0.09433570537570538,2.388992454991287e-06,5.733581891979089e-05,0.07990778778778779,9.110989609422744e-07,2.1866375062614586e-05,0.09487292672088181,2.2708108814078844e-06,5.449946115378922e-05,0.21370575830343372,9.640356770039225e-07,2.98851059871216e-05,0.3819639160368274,1.1155493826365196e-06,3.5697580244368626e-05,0.186806064212363,2.8246830040750183e-05,0.0007061707510187546,0.7576043667429166,1.261536337135473e-05,0.00029015335754115876,0.6186979570861139,1.2815360586603802e-05,0.00029475329349188745,-0.3322867512166664,1.4155203526309298e-11,1.2881235208941461e-09,0.8301200368267271,0.1890346959482626,1.0,0.13466499160145712,9.168182272492886e-09,2.4754092135730794e-07,0.04262185629393059,0.9233036783976978,1.0,1.2456140351302236,0.015349801753282155,0.3398958127303511,-0.20168723885771286,0.38863162466700263,1.0,0.2016872388577128,0.38863162466700263,1.0,0.12373959141722278,1.2815360586603802e-05,0.00029475329349188745,-0.12373959141722278,1.2815360586603802e-05,0.00029475329349188745,,,,,,,-3.5819000148773195,3.3524169509184445e-07,2.6819335607347556e-06
gold_sweep,e92e2aabfaff,IPWTransport,FeasibleRestricted,200,0,2000,10,0.3,4.881178609786918,3.005217572630623,4.329614386424089,100,0.6928338580303965,6.125143385391343,0.9444290417196367,100,3.327153893217056,3.2474738106599808,2.534772424871181,100,-0.21791395078952636,4.656166957484844,-0.4105877800191098,100,0.756671464991465,0.13464393454988322,0.7859064419064419,100,0.575098018018018,0.12560738568647759,0.5907167167167167,100,0.7697812305257524,0.13182867992076316,0.7986542264415318,100,0.64539268104165,0.8443046640021123,0.8169942347013752,90,0.5862096503574576,1.2185228866337219,0.8478318814967806,84,0.7563021985422897,0.3263858549060526,0.872442658632945,80,7.475699998925288,7.375080452032733,7.258288741502769,100,6.132017476933056,7.311224375049803,6.090398753423944,100,0.9183158036788543,0.17462154840779814,0.9160944445220387,100,0.1817067984030434,4.580593487636771,0.1190967417587112,100,0.6093303689415575,0.18497565916551884,0.6383216242637773,100,3.391844516348702,3.194783547084394,2.5347724248711816,100,4.518863064752017,3.5327412104832296,3.795085836697542,100,2.9050923073355186,4.128471299936234,2.9428206943426876,100,0.7370112153233351,1.359448102674598,0.3721834358905898,100,0.9196069757977499,3.741857292976793,0.6565286081420778,100,0.33679949413871496,0.24563353321490097,0.2648144518953852,100,,,,0,,,,0,,,,0,,,,0,4.100187413692474,1.0468544832200024,4.114190340042114,100,-2.0843466709135976,2.4523106024176965e-10,1.6430481036198565e-08,-0.4790788353186113,0.22223549128693643,1.0,-1.539732975142437,0.00027872626309333583,0.017002302048693487,-0.4790788353186113,0.22223549128693643,1.0,0.2654696511896512,4.2169267302822515e-17,2.9940179785003987e-15,0.23202970970970974,3.861843481183515e-17,2.5127589639621663e-15,0.26290697312075717,3.861843481183515e-17,2.7805273064521308e-15,0.5175878690971748,6.393352900641364e-16,8.055624654808119e-14,0.7282560010046664,1.486887756791008e-14,1.474756521597152e-12,0.41454268972026825,4.708246607730914e-14,4.5669992094989865e-12,2.1854863998435246,8.012096741807243e-17,6.8904031979542284e-15,1.72084579976101,2.198665592591444e-16,1.5390659148140107e-14,-0.1125347755054278,0.013301478357765004,0.3724413940174201,0.5945874018324804,0.19846627399600303,1.0,0.3478653111406392,2.8782421504419467e-17,1.985987083804943e-15,-1.5755900150431694,8.373748663829111e-05,0.005359199144850631,-2.0474702341157696,2.688151740138971e-06,0.00018010616658931103,0.6506581444044015,4.2266441451169136e-07,3.339048874642362e-05,-0.6506581444044015,4.2266441451169136e-07,3.339048874642362e-05,0.3441691599522021,2.198665592591444e-16,1.5390659148140107e-14,-0.3441691599522021,2.198665592591444e-16,1.5390659148140107e-14,,,,,,,-9.32929467201233,3.896559845095909e-18,6.857945327368801e-16
gold_sweep,e92e2aabfaff,OutcomeModelTransport,FeasibleRestricted,200,0,2000,10,0.3,4.8547312468398545,3.016496657870497,4.248831961979168,100,0.7555927051730378,6.066025558922369,1.1373987503813012,100,3.303645521430823,3.245575286165991,2.440252327001243,100,-0.15515510364688512,4.640448207831618,0.017188567516837283,100,0.7571419438219441,0.13504224883414365,0.7856576096576097,100,0.5756015615615616,0.12586315535498585,0.5905005005005006,100,0.7702075906176966,0.1322557180499528,0.8022274465218826,100,0.6471270558912005,0.8348565748730877,0.8182151004391773,90,0.5883574466807816,1.2133051183067376,0.8470496374967772,84,0.7563203243143539,0.3285886631892002,0.873071867355123,80,7.471478902485534,7.377602668230519,7.262313814822134,100,6.135233787335112,7.313751356306258,6.10749148424085,100,0.9201002342972141,0.17352143796536845,0.9190265422485493,100,0.1259372370332053,4.5761892464619525,0.10484684771170535,100,0.6101360556809419,0.18542354663265703,0.6471508974102875,100,3.3645688333445882,3.199299156076684,2.440252327001243,100,4.47606021593926,3.493024281154528,3.7547323824147005,100,2.918564694645825,4.129508636123942,2.9445383634362585,100,0.7235388280130287,1.361630053407367,0.3581557973973766,100,0.9202502378781611,3.7413875493706783,0.6579422114209683,100,0.33615623205830397,0.24653204142533594,0.2627676196199473,100,,,,0,,,,0,,,,0,,,,0,0.46594154357910156,0.21098382473117408,0.4366166591644287,100,-2.1107940338606603,1.4977997686776422e-10,1.063437835761126e-08,-0.4163199881759701,0.2712171344436851,1.0,-1.5632413469286692,0.00027872626309333583,0.017002302048693487,-0.4163199881759701,0.2712171344436851,1.0,0.26594013002013006,4.342298919012428e-17,2.9961862541185755e-15,0.23253325325325322,3.641679657916183e-17,2.5127589639621663e-15,0.26333333321270114,4.095126545597987e-17,2.9075398473745707e-15,0.5193222439467251,6.829352125254256e-16,8.53669015656782e-14,0.7304037973279904,1.486887756791008e-14,1.474756521597152e-12,0.41456081549233226,1.2156975762302252e-13,9.482441094595757e-12,2.181265303403768,8.49113044453792e-17,7.132549573411852e-15,1.7240621101630647,2.262528715891485e-16,1.5611448139651248e-14,-0.110750344887068,0.016243894723567905,0.3898534733656297,0.538817840462642,0.22223549128693643,1.0,0.3486709978800235,2.964263914228315e-17,2.015699461675254e-15,-1.6028656980472837,6.845862261106332e-05,0.004449810469719115,-2.090273082928526,2.555782548985354e-06,0.00017379321333100406,0.6641305317147078,6.82342203291784e-07,5.322269185675915e-05,-0.6641305317147076,6.82342203291784e-07,5.322269185675915e-05,0.3448124220326131,2.262528715891485e-16,1.5611448139651248e-14,-0.3448124220326131,2.262528715891485e-16,1.5611448139651248e-14,,,,,,,-12.963540542125703,3.896559845095909e-18,6.857945327368801e-16
gold_sweep,e92e2aabfaff,ProposedA,infeasible_no_target_treated,200,0,2000,10,0.3,,,,0,,,,0,,,,0,,,,0,,,,0,,,,0,,,,0,,,,0,,,,0,,,,0,,,,0,,,,0,,,,0,,,,0,,,,0,,,,0,,,,0,,,,0,,,,0,,,,0,,,,0,,,,0,,,,0,,,,0,,,,0,0.0,0.0,0.0,100,,,,,,,,,,,,,,,,,,,,,,,,,,,,,,,,,,,,,,,,,,,,,,,,,,,,,,,,,,,,,,,,,,,,,,-13.429482085704803,3.896559845095909e-18,6.857945327368801e-16
gold_sweep,e92e2aabfaff,ProposedB_LinearStepB,infeasible_no_target_treated,200,0,2000,10,0.3,,,,0,,,,0,,,,0,,,,0,,,,0,,,,0,,,,0,,,,0,,,,0,,,,0,,,,0,,,,0,,,,0,,,,0,,,,0,,,,0,,,,0,,,,0,,,,0,,,,0,,,,0,,,,0,,,,0,,,,0,,,,0,0.0,0.0,0.0,100,,,,,,,,,,,,,,,,,,,,,,,,,,,,,,,,,,,,,,,,,,,,,,,,,,,,,,,,,,,,,,,,,,,,,,-13.429482085704803,3.896559845095909e-18,6.857945327368801e-16
gold_sweep,e92e2aabfaff,ProposedB_SourceDR,FeasibleRestricted,200,0,2000,10,0.3,7.301383891243882,3.119164178838132,6.522405295336258,100,0.21022332164802066,2.4915811139627992,0.25182893472396795,100,5.242535151445168,3.7318516250788463,4.595825291835432,100,-0.7005244871719021,6.418163118939207,-1.2924809844975576,100,0.4218011401438562,0.13113932044256452,0.4423040263040263,100,0.2920202346168578,0.09470159623773278,0.30363594198895405,100,0.43612892056969615,0.13379119520235042,0.4585579623262832,100,0.09703474338696251,1.4534206035124382,0.5489637036583432,90,-0.035914151288509756,2.749023919205184,0.6088056197641796,84,0.2808733052687381,1.158519756558892,0.641325364842136,80,4.574180062608927,7.323545827931547,5.004538088404677,100,3.8899910988583857,7.250521036289597,4.439615630661736,100,1.1425501783473049,0.57362408803512,1.049317212916911,100,0.7856931872361099,6.416029144526097,1.232370569114688,100,0.1897229223155358,0.10043064083129011,0.1888437229735873,100,5.337555221012696,3.6243419836269055,4.595825291835433,100,7.282182199743761,3.8497156902345724,6.351510805977993,100,1.6399157281954169,4.121098163151036,1.9788647508044455,100,2.002187794463437,2.0594705362121917,1.2718973872818409,100,0.47120170018281576,3.7426263551453047,0.25237966365652303,100,0.7852047697536493,0.28772397633425806,0.7176195367609379,100,0.007992521705435776,0.005683368489791341,0.006883573647799727,100,29.19,1.1607642901871758,30.0,100,4.440978182167536,2.977890545840197,3.76574288242528,100,10.0,0.0,10.0,100,106.57879806280135,23.704140155706604,108.1178902387619,100,0.335858610543366,0.4639469189039841,1.0,-0.9616893717009871,0.07775544419099599,1.0,0.37564828308567466,0.5728322123507377,1.0,-0.961689371700987,0.07775544419099599,1.0,-0.0694006736579576,5.834610829586528e-05,0.0011085760576214402,-0.051048073691450535,5.584411062863223e-05,0.0010610381019440123,-0.07074533683529936,5.423294843055512e-05,0.0010304260201805472,-0.03077006855751286,0.005396168452670883,0.08094252679006325,0.10613219935869897,0.0005475899180431373,0.010404208442819609,-0.06088620355328358,0.00013462267251971717,0.003096321467953495,-0.7160335364728373,2.9464688438355742e-05,0.0006482231456438263,-0.5211805783136615,2.0751639472212624e-05,0.00045653606838867776,0.11169959916302265,0.18444471851330213,1.0,1.1985737906655465,0.07546728203192894,1.0,-0.07174213548538252,1.2908248770631178e-06,2.452567266419924e-05,0.3701206896208258,0.5588737261094053,1.0,0.7158489008759745,0.19846627399600303,1.0,-0.6145184347357002,0.00200774703599936,0.08231762847597376,0.6145184347357002,0.00200774703599936,0.08231762847597376,-0.10423611566273229,2.0751639472212624e-05,0.00045653606838867776,0.10423611566273229,2.0751639472212624e-05,0.00045653606838867776,0.007992521705435776,3.896559845095909e-18,2.6496606946652183e-16,29.19,6.771948686175874e-19,4.063169211705524e-17,93.14931597709656,3.896559845095909e-18,6.857945327368801e-16
gold_sweep,e92e2aabfaff,ProxyOnly,FeasibleRestricted,200,0,2000,10,0.3,6.965525280700515,3.2026991173446833,6.106677172525931,100,1.1719126933490078,7.677249642464337,1.0270600521243851,100,4.866886868359493,3.932277617387799,3.776703018618797,100,0.2611648845290848,6.270546822618621,-0.1737015190751645,100,0.4912018138018139,0.12340641911808808,0.5052811392811394,100,0.34306830830830826,0.09266046031797513,0.35004204204204203,100,0.5068742574049955,0.12359021339193026,0.5149095525787695,100,0.12780481194447538,1.554256669750561,0.6272666646591483,90,-0.14204635064720866,3.873207651319091,0.6649265386968034,84,0.34175950882202166,1.1237958353941735,0.6975013498265628,80,5.290213599081763,7.519550738267512,5.659061338311782,100,4.411171677172048,7.425142737888149,4.830889869283075,100,1.0308505791842821,0.39607562715093914,0.9822152831353939,100,-0.4128806034294369,6.374887954491769,-0.5607546121191453,100,0.2614650578009183,0.11916609300804167,0.252746844008327,100,4.967434531391873,3.8405545532165526,3.7767030186187966,100,6.566333298867787,4.272030898012737,5.73682657734402,100,2.2544341629311173,4.611616846862497,2.746125123309804,100,1.3876693597277363,2.143259037342327,0.6812732774495427,100,0.5754378158455481,3.765930731071649,0.35396225762977435,100,0.680968654090917,0.24824439367884701,0.6402225837799016,100,0.0,0.0,0.0,100,0.0,0.0,0.0,100,,,,0,,,,0,13.429482085704803,5.215786134087879,11.844929099082947,100,,,,,,,,,,,,,,,,,,,,,,,,,,,,,,,,,,,,,,,,,,,,,,,,,,,,,,,,,,,,,,,,,,,,,,,,
gold_sweep,e92e2aabfaff,TargetOnlyDR,infeasible_no_target_treated,200,0,2000,10,0.3,,,,0,,,,0,,,,0,,,,0,,,,0,,,,0,,,,0,,,,0,,,,0,,,,0,,,,0,,,,0,,,,0,,,,0,,,,0,,,,0,,,,0,,,,0,,,,0,,,,0,,,,0,,,,0,,,,0,,,,0,,,,0,0.0,0.0,0.0,100,,,,,,,,,,,,,,,,,,,,,,,,,,,,,,,,,,,,,,,,,,,,,,,,,,,,,,,,,,,,,,,,,,,,,,-13.429482085704803,3.896559845095909e-18,6.857945327368801e-16
