benchmark_id,scenario_id,method,feasibility,m0,m1,n_proxy_total,C_sources,nontransfer_scale,pehe_mean,pehe_sd,pehe_median,pehe_n,ate_hat_mean,ate_hat_sd,ate_hat_median,ate_hat_n,ate_abs_err_mean,ate_abs_err_sd,ate_abs_err_median,ate_abs_err_n,ate_bias_mean,ate_bias_sd,ate_bias_median,ate_bias_n,tau_corr_mean,tau_corr_sd,tau_corr_median,tau_corr_n,tau_kendall_mean,tau_kendall_sd,tau_kendall_median,tau_kendall_n,qini_auc_mean,qini_auc_sd,qini_auc_median,qini_auc_n,topk_10_ratio_mean,topk_10_ratio_sd,topk_10_ratio_median,topk_10_ratio_n,topk_20_ratio_mean,topk_20_ratio_sd,topk_20_ratio_median,topk_20_ratio_n,topk_30_ratio_mean,topk_30_ratio_sd,topk_30_ratio_median,topk_30_ratio_n,topk_10_captured_mean,topk_10_captured_sd,topk_10_captured_median,topk_10_captured_n,topk_20_captured_mean,topk_20_captured_sd,topk_20_captured_median,topk_20_captured_n,calib_slope_mean,calib_slope_sd,calib_slope_median,calib_slope_n,calib_intercept_mean,calib_intercept_sd,calib_intercept_median,calib_intercept_n,calib_r2_mean,calib_r2_sd,calib_r2_median,calib_r2_n,tau_ece_mean,tau_ece_sd,tau_ece_median,tau_ece_n,tau_mce_mean,tau_mce_sd,tau_mce_median,tau_mce_n,policy_value_mean,policy_value_sd,policy_value_median,policy_value_n,policy_regret_mean,policy_regret_sd,policy_regret_median,policy_regret_n,policy_value_top20_mean,policy_value_top20_sd,policy_value_top20_median,policy_value_top20_n,policy_regret_top20_mean,policy_regret_top20_sd,policy_regret_top20_median,policy_regret_top20_n,stage2_lambda_mean,stage2_lambda_sd,stage2_lambda_median,stage2_lambda_n,stage2_n_selected_mean,stage2_n_selected_sd,stage2_n_selected_median,stage2_n_selected_n,stepb_M_fro_norm_mean,stepb_M_fro_norm_sd,stepb_M_fro_norm_median,stepb_M_fro_norm_n,stepb_M_effective_rank_mean,stepb_M_effective_rank_sd,stepb_M_effective_rank_median,stepb_M_effective_rank_n,runtime_sec_mean,runtime_sec_sd,runtime_sec_median,runtime_sec_n,pehe_delta_vs_ProxyOnly,pehe_p_value,pehe_q_value,ate_hat_delta_vs_ProxyOnly,ate_hat_p_value,ate_hat_q_value,ate_abs_err_delta_vs_ProxyOnly,ate_abs_err_p_value,ate_abs_err_q_value,ate_bias_delta_vs_ProxyOnly,ate_bias_p_value,ate_bias_q_value,qini_auc_delta_vs_ProxyOnly,qini_auc_p_value,qini_auc_q_value,topk_10_captured_delta_vs_ProxyOnly,topk_10_captured_p_value,topk_10_captured_q_value,topk_20_captured_delta_vs_ProxyOnly,topk_20_captured_p_value,topk_20_captured_q_value,calib_slope_delta_vs_ProxyOnly,calib_slope_p_value,calib_slope_q_value,calib_intercept_delta_vs_ProxyOnly,calib_intercept_p_value,calib_intercept_q_value,calib_r2_delta_vs_ProxyOnly,calib_r2_p_value,calib_r2_q_value,tau_ece_delta_vs_ProxyOnly,tau_ece_p_value,tau_ece_q_value,tau_mce_delta_vs_ProxyOnly,tau_mce_p_value,tau_mce_q_value,policy_value_delta_vs_ProxyOnly,policy_value_p_value,policy_value_q_value,policy_regret_delta_vs_ProxyOnly,policy_regret_p_value,policy_regret_q_value,policy_value_top20_delta_vs_ProxyOnly,policy_value_top20_p_value,policy_value_top20_q_value,policy_regret_top20_delta_vs_ProxyOnly,policy_regret_top20_p_value,policy_regret_top20_q_value,stage2_lambda_delta_vs_ProxyOnly,stage2_lambda_p_value,stage2_lambda_q_value,stage2_n_selected_delta_vs_ProxyOnly,stage2_n_selected_p_value,stage2_n_selected_q_value,runtime_sec_delta_vs_ProxyOnly,runtime_sec_p_value,runtime_sec_q_value
l1tcl_gold_dim_sweep,1a9d63883567,AnchorOnly,OracleTargetTreated,200,200,5000,10,,0.23260651747148114,0.03253294818781448,0.24637554686081645,5,-0.0889769400009685,0.046293589994834565,-0.08838802997781127,5,0.0407790587602817,0.025848874204681037,0.02756617881873414,5,-0.02197694000096852,0.046293589994834565,-0.021388029977811293,5,,,,0,,,,0,0.0,0.0,0.0,5,,,,0,,,,0,,,,0,-0.06699999999999999,0.0,-0.06699999999999999,5,-0.06699999999999999,0.0,-0.06699999999999999,5,-2.0470214215863e-17,2.5627415690693908e-17,-2.6978917671044902e-17,5,-0.06700000000000023,1.6996749443881478e-17,-0.06700000000000023,5,1.0,0.0,1.0,5,0.18301142357175396,0.0252046476513448,0.1971494692899518,5,0.4435723191115703,0.07214967179965323,0.4559095993099587,5,-0.2133788744019986,0.833614722181919,-0.3136981181216519,5,0.023088199999999986,0.004919962875876167,0.0217750000000001,5,-0.20369067440199867,0.8302808995095643,-0.29855611812165195,5,5.828670879282072e-17,9.432813123914324e-17,1.3877787807814457e-17,5,0.008286093844410623,0.004469189136352805,0.006163986774018514,5,29.4,9.989994994993742,34.0,5,,,,0,,,,0,28.056642961502074,3.278553875876778,26.11033272743225,5,-0.7853145410517074,0.00911769740037372,0.911769740037372,-0.22886006940853632,0.6544512409010539,1.0,-0.8744879909082899,0.010327380178372642,1.0,-0.22886006940853632,0.6544512409010539,1.0,0.0,,,0.0,,,0.0,,,-1.8900697615097635e-17,0.22535680182116022,1.0,1.1102230246251566e-17,0.17780780835622126,1.0,0.0,,,-0.7587492308202258,0.012196619273976937,1.0,-1.1633840334287193,0.003483453353425471,0.3999517234821032,0.019376400000000002,0.2098321696566559,1.0,-0.019376400000000002,0.2098321696566559,1.0,-4.4408920985006264e-17,0.373900966300059,1.0,4.4408920985006264e-17,0.373900966300059,1.0,0.008286093844410623,0.014309212645840572,0.4663758107961627,29.4,0.0027606792843467855,0.08834173709909714,16.690206050872803,0.0005207036085409874,0.03488714177224616
l1tcl_gold_dim_sweep,1a9d63883567,AnchorPlugin,FeasibleRestricted,200,200,5000,10,,0.9473028286789245,0.1977989239514065,0.9342236323965679,5,0.029929961813891938,0.615016449027746,0.30034451084421165,5,0.487420509707425,0.30498534856931053,0.48644453290667533,5,0.09692996181389188,0.615016449027746,0.3673445108442116,5,,,,0,,,,0,0.0,0.0,0.0,5,,,,0,,,,0,,,,0,-0.06699999999999999,0.0,-0.06699999999999999,5,-0.06699999999999999,0.0,-0.06699999999999999,5,-5.657275158532453e-18,9.26388276730253e-18,-4.29919230744688e-18,5,-0.06700000000000024,1.6996749443881478e-17,-0.06700000000000024,5,1.0,0.0,1.0,5,0.7666981193507982,0.17194653746117378,0.7489741276744087,5,1.849099813600984,0.3562818053670112,1.8160357589579383,5,-0.22614907440199866,0.847637292351414,-0.33292711812165193,5,0.03585840000000003,0.018258846097166177,0.04750299999999985,5,-0.20369067440199862,0.8302808995095645,-0.2985561181216519,5,4.163336342344337e-18,9.309503074677274e-18,0.0,5,0.018163046720575525,0.008991243715950862,0.014601778879464993,5,77.6,9.126883367283709,82.0,5,,,,0,,,,0,12.035733795166015,1.2988419615999651,11.775512933731079,5,-0.07061822984426394,0.6849738640882832,1.0,-0.1099531675936759,0.6515524136648538,1.0,-0.42784653996114674,0.009088125712242563,1.0,-0.1099531675936759,0.6515524136648538,1.0,0.0,,,0.0,,,0.0,,,-4.087758557767084e-18,0.31962085604296653,1.0,2.7755575615628915e-18,0.7780495489000209,1.0,0.0,,,-0.17506253504118155,0.3417798107818833,1.0,0.2421434610606942,0.3008746606879349,1.0,0.006606199999999951,0.42295284392639604,1.0,-0.006606199999999951,0.42295284392639604,1.0,9.714451465470119e-18,0.4468358966258564,1.0,-9.714451465470119e-18,0.4468358966258564,1.0,0.018163046720575525,0.010682438671339101,0.427297546853564,77.6,4.509063043497197e-05,0.0020290783695737385,0.6692968845367432,0.5516278003509634,1.0
l1tcl_gold_dim_sweep,1a9d63883567,DRLearner_PooledNoSite,OracleTargetTreated,200,200,5000,10,,0.13711053195959005,0.015237505760513357,0.14609847554830535,5,-0.07342720597345899,0.016952025607485825,-0.07894177603094042,5,0.015209076146647432,0.0070613310668236765,0.014337829403090148,5,-0.006427205973459015,0.016952025607485825,-0.011941776030940446,5,,,,0,,,,0,0.0,0.0,0.0,5,,,,0,,,,0,,,,0,-0.06699999999999999,0.0,-0.06699999999999999,5,-0.06699999999999999,0.0,-0.06699999999999999,5,-2.369541219051542e-17,3.2520039051653836e-17,-2.96440406634342e-17,5,-0.06700000000000023,1.3877787807814457e-17,-0.06700000000000023,5,1.0,0.0,1.0,5,0.10941965780538312,0.011981238465028075,0.1174218886980193,5,0.25314232696687833,0.024438697728628368,0.26095072644101797,5,-0.20997527440199862,0.833669338901099,-0.30833811812165185,5,0.01968459999999998,0.004191759034104808,0.02050200000000002,5,-0.20369067440199862,0.8302808995095643,-0.2985561181216519,5,4.5102810375396984e-17,9.892487821532884e-17,0.0,5,,,,0,,,,0,,,,0,,,,0,0.542493486404419,0.16933885585915862,0.5370461940765381,5,-0.8808105265635984,0.006734967318735918,0.8003931606453756,-0.21331033538102684,0.6810169302660707,1.0,-0.9000579735219242,0.01045363212779209,1.0,-0.21331033538102684,0.6810169302660707,1.0,0.0,,,0.0,,,0.0,,,-2.212589558975005e-17,0.17050350276144907,1.0,1.1102230246251566e-17,0.33750185654036463,1.0,0.0,,,-0.8323409965865967,0.009677753497045881,1.0,-1.3538140255734112,0.002127265536978386,0.29356264410301725,0.022780000000000005,0.15343216988199268,1.0,-0.022780000000000005,0.15343216988199268,1.0,-3.122502256758253e-17,0.5570352848691513,1.0,3.122502256758253e-17,0.5570352848691513,1.0,,,,,,,-10.823943424224854,0.00020791323948399478,0.01829636507459154
l1tcl_gold_dim_sweep,1a9d63883567,DRLearner_PooledWithSite,OracleTargetTreated,200,200,5000,10,,0.13697192381810408,0.014714779772901485,0.14492518673335536,5,-0.07327885358803109,0.017104110950527343,-0.08022245443160896,5,0.015284283831077262,0.00705825396941064,0.014510897554312632,5,-0.0062788535880311126,0.017104110950527343,-0.01322245443160898,5,,,,0,,,,0,0.0,0.0,0.0,5,,,,0,,,,0,,,,0,-0.06699999999999999,0.0,-0.06699999999999999,5,-0.06699999999999999,0.0,-0.06699999999999999,5,-2.5235205033887713e-17,3.259943652834062e-17,-3.1080383274705144e-17,5,-0.06700000000000025,1.2018516789897274e-17,-0.06700000000000027,5,1.0,0.0,1.0,5,0.10931667043427742,0.011412264867411186,0.11688337650335617,5,0.25281805547522873,0.024990920289170243,0.25791294021391403,5,-0.21008247440199862,0.8334973494210826,-0.3082041181216519,5,0.019791799999999977,0.004152811120193206,0.01989900000000011,5,-0.20369067440199867,0.8302808995095643,-0.2985561181216519,5,6.83481049534862e-17,9.79128089235269e-17,8.673617379884035e-18,5,,,,0,,,,0,,,,0,,,,0,1.1175619602203368,0.4520704903840767,1.2158195972442627,5,-0.8809491347050843,0.006725992946599795,0.8003931606453756,-0.21316198299559894,0.6814197493062142,1.0,-0.8999827658374944,0.010406683405525785,1.0,-0.2131619829955989,0.6814197493062142,1.0,0.0,,,0.0,,,0.0,,,-2.3665688433122344e-17,0.14851987817822207,1.0,-1.9428902930940238e-17,0.004635839417904412,0.8020002192974632,0.0,,,-0.8324439839577022,0.009667003936843499,1.0,-1.354138297065061,0.0021100785906323248,0.29330092409789316,0.022672800000000014,0.15724983525282726,1.0,-0.022672800000000014,0.15724983525282726,1.0,-5.447031714567174e-17,0.3367970000323981,1.0,5.447031714567174e-17,0.3367970000323981,1.0,,,,,,,-10.248874950408936,0.0004640201626925058,0.03294543155116791
l1tcl_gold_dim_sweep,1a9d63883567,EntropyBalancing,FeasibleRestricted,200,200,5000,10,,1.0186559142757,0.13159521821228837,1.0744165480726386,5,-0.1734433478906131,0.4876397084492727,-0.3582956175332225,5,0.42619340804716765,0.15781062009769764,0.3927567404616161,5,-0.10644334789061312,0.4876397084492726,-0.29129561753322253,5,,,,0,,,,0,0.0,0.0,0.0,5,,,,0,,,,0,,,,0,-0.06699999999999999,0.0,-0.06699999999999999,5,-0.06699999999999999,0.0,-0.06699999999999999,5,4.8965753323198795e-18,9.479425153137382e-18,8.721161508478855e-18,5,-0.06700000000000024,1.5515838457795457e-17,-0.06700000000000023,5,1.0,0.0,1.0,5,0.8146129609322603,0.10750706179361753,0.8561769261521639,5,2.0335170604636317,0.242657831620135,2.1403723811382003,5,-0.2195830744019985,0.8244371715204275,-0.3338651181216519,5,0.029292399999999896,0.014118443745682491,0.02157399999999976,5,-0.20369067440199862,0.8302808995095645,-0.2985561181216519,5,2.4980018054066023e-17,4.8473028914566787e-17,0.0,5,,,,0,,,,0,,,,0,,,,0,2.417761754989624,0.2925802252766172,2.373701810836792,5,0.0007348557525113985,0.9971789214330933,1.0,-0.3133264772981809,0.6037295522895042,1.0,-0.48907364162140404,0.13371930285997155,1.0,-0.3133264772981809,0.6037295522895042,1.0,0.0,,,0.0,,,0.0,,,6.4660919330852464e-18,0.28581170665159017,1.0,5.551115123125783e-18,0.5870496397870563,1.0,0.0,,,-0.12714769345971944,0.5555621168978472,1.0,0.4265607079233417,0.17420615574601914,1.0,0.013172200000000089,0.451040330377883,1.0,-0.013172200000000089,0.451040330377883,1.0,-1.1102230246251566e-17,0.7040000000000001,1.0,1.1102230246251566e-17,0.7040000000000001,1.0,,,,,,,-8.948675155639648,0.0003878553447638822,0.029477006202055046
l1tcl_gold_dim_sweep,1a9d63883567,IPWTransport,FeasibleRestricted,200,200,5000,10,,0.16815605407058834,0.019475393829776946,0.15998994425178803,5,-0.031199909599006048,0.09275453308759828,0.019784613703744215,5,0.08448715277496185,0.035817073710352865,0.09360388232871843,5,0.03580009040099393,0.09275453308759828,0.08678461370374418,5,,,,0,,,,0,0.0,0.0,0.0,5,,,,0,,,,0,,,,0,-0.06699999999999999,0.0,-0.06699999999999999,5,-0.06699999999999999,0.0,-0.06699999999999999,5,-2.9464154069686393e-17,4.083889162148162e-17,-3.788165164262149e-17,5,-0.06700000000000023,2.6874220530932865e-17,-0.06700000000000021,5,1.0,0.0,1.0,5,0.1360598457069107,0.016320129399070182,0.12964594763100293,5,0.33348712326313784,0.04252738753341512,0.32125841588741977,5,-0.2191006744019986,0.8393734004019561,-0.32207311812165196,5,0.02880999999999994,0.016129336812156968,0.03691700000000009,5,-0.20369067440199862,0.8302808995095643,-0.2985561181216519,5,4.649058915617843e-17,9.824111376511635e-17,0.0,5,,,,0,,,,0,,,,0,,,,0,1.1207762241363526,0.39442162551668913,1.1404507160186768,5,-0.8497650044526001,0.007561466886241518,0.8457579554333727,-0.1710830390065739,0.7300565718762189,1.0,-0.8307798968936098,0.013843418103124946,1.0,-0.1710830390065739,0.7300565718762189,1.0,0.0,,,0.0,,,0.0,,,-2.7894637468921024e-17,0.18040748177085741,1.0,2.4980018054066023e-17,0.05333826104568904,1.0,0.0,,,-0.805700808685069,0.010729959813132997,1.0,-1.2734692292771517,0.002691660287435763,0.35527360428304655,0.013654600000000044,0.3524812894183153,1.0,-0.013654600000000048,0.35248128941831525,1.0,-3.2612801348363975e-17,0.538296840343082,1.0,3.2612801348363975e-17,0.538296840343082,1.0,,,,,,,-10.24566068649292,0.0001461619607860133,0.014323872157029302
l1tcl_gold_dim_sweep,1a9d63883567,OutcomeModelTransport,FeasibleRestricted,200,200,5000,10,,0.1715860803442822,0.02447196665183545,0.17774460939984918,5,-0.02161929285526897,0.09693933764777349,0.01768887727288041,5,0.09177294101344761,0.0379954606757395,0.08468887727288038,5,0.045380707144731004,0.09693933764777349,0.08468887727288038,5,,,,0,,,,0,0.0,0.0,0.0,5,,,,0,,,,0,,,,0,-0.06699999999999999,0.0,-0.06699999999999999,5,-0.06699999999999999,0.0,-0.06699999999999999,5,-2.5730037917900177e-17,4.5022130775508116e-17,-3.1276836396463665e-17,5,-0.06700000000000025,2.3013707539344673e-17,-0.06700000000000024,5,1.0,0.0,1.0,5,0.13940734555982823,0.021202244053383428,0.14321497229469662,5,0.340150214561725,0.04753080815014557,0.348145135116247,5,-0.22081587440199862,0.8377224479176397,-0.3215371181216519,5,0.030525199999999954,0.01727935065909589,0.03638100000000005,5,-0.20369067440199862,0.8302808995095643,-0.2985561181216519,5,4.649058915617843e-17,9.824111376511635e-17,0.0,5,,,,0,,,,0,,,,0,,,,0,0.2745645523071289,0.03225930027931822,0.2805023193359375,5,-0.8463349781789061,0.008486029776162968,0.8900338652925215,-0.16150242226283681,0.7474673879125335,1.0,-0.823494108655124,0.016348847749557187,1.0,-0.1615024222628368,0.7474673879125336,1.0,0.0,,,0.0,,,0.0,,,-2.4160521317134805e-17,0.2792098726495643,1.0,-2.7755575615628915e-18,0.7989658591927787,1.0,0.0,,,-0.8023533088321516,0.011880373583116485,1.0,-1.2668061379785647,0.003163472905162596,0.3902024935944288,0.011939400000000036,0.4527044765564785,1.0,-0.011939400000000036,0.4527044765564785,1.0,-3.2612801348363975e-17,0.538296840343082,1.0,3.2612801348363975e-17,0.538296840343082,1.0,,,,,,,-11.091872358322144,0.00014857053041545613,0.014323872157029302
l1tcl_gold_dim_sweep,1a9d63883567,ProposedA_FullyDirect,OracleTargetTreated,200,200,5000,10,,0.17334603098807566,0.024996673414272107,0.15883226889613283,5,-0.09002070411661015,0.031579870622272105,-0.10519644813533563,5,0.0325170387320973,0.018385646335366906,0.03819644813533565,5,-0.023020704116610165,0.031579870622272105,-0.03819644813533565,5,,,,0,,,,0,0.0,0.0,0.0,5,,,,0,,,,0,,,,0,-0.06699999999999999,0.0,-0.06699999999999999,5,-0.06699999999999999,0.0,-0.06699999999999999,5,-2.4149646439566536e-17,4.695146481537951e-17,-1.8550393732823707e-17,5,-0.06700000000000024,1.3877787807814457e-17,-0.06700000000000024,5,1.0,0.0,1.0,5,0.13438273827198657,0.016149566333021958,0.12368086438233834,5,0.33115442115001525,0.04826828930598156,0.31365465006126225,5,-0.20848787440199862,0.8327324789185654,-0.3107501181216519,5,0.018197199999999972,0.004890219800786058,0.01755400000000007,5,-0.20369067440199862,0.8302808995095643,-0.2985561181216519,5,4.5449755070592345e-17,9.874523885518736e-17,0.0,5,0.0,0.0,0.0,5,0.0,0.0,0.0,5,,,,0,,,,0,25.146201133728027,3.348778239788803,23.067557334899902,5,-0.8445750275351127,0.00770154263676722,0.8471696900443942,-0.22990383352417795,0.6558184956320829,1.0,-0.8827500109364743,0.011332909804499147,1.0,-0.22990383352417795,0.6558184956320829,1.0,0.0,,,0.0,,,0.0,,,-2.2580129838801164e-17,0.31274580001689023,1.0,8.326672684688674e-18,0.42631720794036876,1.0,0.0,,,-0.8073779161199932,0.010615705478790602,1.0,-1.2758019313902744,0.00263296734634137,0.35018465706340224,0.024267400000000015,0.13592656336657935,1.0,-0.024267400000000015,0.13592656336657935,1.0,-3.157196726277789e-17,0.5523012222601484,1.0,3.157196726277789e-17,0.5523012222601484,1.0,0.0,,,0.0,,,13.779764223098756,0.0024335531568442084,0.09714522833921767
l1tcl_gold_dim_sweep,1a9d63883567,ProposedB_LinearStepB,OracleTargetTreated,200,200,5000,10,,0.18392980623670036,0.027860588765932986,0.1768663442486099,5,-0.08545904521824431,0.0364469115403782,-0.08254016660144167,5,0.028760781128612866,0.02683877111351546,0.015540166601441696,5,-0.01845904521824433,0.0364469115403782,-0.015540166601441696,5,,,,0,,,,0,0.0,0.0,0.0,5,,,,0,,,,0,,,,0,-0.06699999999999999,0.0,-0.06699999999999999,5,-0.06699999999999999,0.0,-0.06699999999999999,5,-1.545429252967673e-17,2.685822519241211e-17,-1.3229325567498195e-17,5,-0.06700000000000024,1.8358587643600646e-17,-0.06700000000000023,5,1.0,0.0,1.0,5,0.14345112225206866,0.021514742467504917,0.13678067743800973,5,0.34909637181855946,0.05488716911154582,0.3420362241355676,5,-0.2107658744019986,0.8340868511313002,-0.31188911812165193,5,0.02047519999999995,0.005113245808681632,0.02110499999999993,5,-0.20369067440199867,0.8302808995095643,-0.29855611812165195,5,5.620504062164855e-17,9.565863603601011e-17,3.469446951953614e-18,5,0.02377370055788416,0.012378193087786045,0.01731197864763979,5,88.0,5.522680508593631,89.0,5,1.9425971988085844,0.06145466198483957,1.9177505960337773,5,10.0,0.0,10.0,5,193.1858717441559,17.255860729171054,186.06779146194458,5,-0.8339912522864881,0.007195680279359663,0.813111871567642,-0.22534217462581219,0.6585417245210575,1.0,-0.8865062685399587,0.010036665365823655,1.0,-0.22534217462581213,0.6585417245210576,1.0,0.0,,,0.0,,,0.0,,,-1.388477592891136e-17,0.3416715610504437,1.0,5.551115123125783e-18,0.47662066727284136,1.0,0.0,,,-0.7983095321399112,0.010093146033470852,1.0,-1.2578599807217303,0.0024690557729814076,0.3308534735795086,0.021989400000000037,0.15917461866101443,1.0,-0.021989400000000037,0.15917461866101443,1.0,-4.232725281383409e-17,0.3999209265087336,1.0,4.232725281383409e-17,0.3999209265087336,1.0,0.02377370055788416,0.012699607451962202,0.4571858682706393,88.0,3.7034204786781875e-06,0.00019257786489126574,181.8194348335266,2.1190739841742542e-05,0.0028874108181058326
l1tcl_gold_dim_sweep,1a9d63883567,ProposedB_SourceDR,FeasibleRestricted,200,200,5000,10,,0.05977893572541685,0.006042677926767229,0.062313822454042815,5,-0.07713921985854737,0.02806508413841874,-0.07803072539617541,5,0.022993194975121287,0.01597795052303476,0.027191641650619283,5,-0.010139219858547384,0.028065084138418742,-0.011030725396175431,5,,,,0,,,,0,0.0,0.0,0.0,5,,,,0,,,,0,,,,0,-0.06699999999999999,0.0,-0.06699999999999999,5,-0.06699999999999999,0.0,-0.06699999999999999,5,7.19991564827053e-17,1.5107062751751426e-16,5.991222396063193e-17,5,-0.06700000000000025,3.925231146709438e-17,-0.06700000000000027,5,1.0,0.0,1.0,5,0.046262336717637166,0.00563652438981559,0.046688316501434464,5,0.11840127145118803,0.01982100605631315,0.1240437332474275,5,-0.19628047440199856,0.8290239041839289,-0.29453611812165187,5,0.005989799999999918,0.005557891299764748,0.0034169999999997813,5,-0.20369067440199867,0.8302808995095643,-0.29855611812165195,5,5.759281940243e-17,9.474830316831539e-17,1.0408340855860843e-17,5,0.016229691947035177,0.00753675246082466,0.013562530795860402,5,77.6,9.889388252060893,83.0,5,1.9425971988085837,0.06145466198483901,1.917750596033777,5,10.0,0.0,10.0,5,101.80702881813049,6.093452087109894,102.76744866371155,5,-0.9581421227977716,0.005104016683434088,0.6788342188967338,-0.2170223492661152,0.6823574609990506,1.0,-0.8922738546934503,0.011718429136976627,1.0,-0.2170223492661152,0.6823574609990506,1.0,0.0,,,0.0,,,0.0,,,7.356867308347066e-17,0.33549275903312753,1.0,0.0,1.0,1.0,0.0,,,-0.8954983176743425,0.007635291358824497,0.9544114198530621,-1.4885550810891015,0.0017323552520864336,0.24599444579627358,0.03647480000000007,0.08159622447478188,1.0,-0.03647480000000007,0.08159622447478188,1.0,-4.371503159461554e-17,0.3823837816044888,1.0,4.371503159461554e-17,0.3823837816044888,1.0,0.016229691947035177,0.008553080018747723,0.38488860084364757,77.6,6.195773950017062e-05,0.002726140538007507,90.44059190750122,3.403841742374167e-06,0.0005275954700679959
l1tcl_gold_dim_sweep,1a9d63883567,ProxyOnly,FeasibleRestricted,200,200,5000,10,,1.0179210585231884,0.38023263796445034,1.041785695738364,5,0.13988312940756784,1.092122231774831,0.7884005186315335,5,0.9152670496685718,0.44619450962266255,0.960539696440975,5,0.20688312940756778,1.092122231774831,0.8554005186315334,5,,,,0,,,,0,0.0,0.0,0.0,5,,,,0,,,,0,,,,0,-0.06699999999999999,0.0,-0.06699999999999999,5,-0.06699999999999999,0.0,-0.06699999999999999,5,-1.5695166007653683e-18,5.708614290138866e-18,-4.725445812672487e-18,5,-0.06700000000000024,1.2018516789897274e-17,-0.06700000000000024,5,1.0,0.0,1.0,5,0.9417606543919798,0.398963275860411,0.9605396964409751,5,1.6069563525402895,0.4310886762426724,1.7115332078308938,5,-0.23275527440199859,0.8593725168126171,-0.35195511812165187,5,0.042464599999999984,0.03294249033998491,0.06525800000000004,5,-0.20369067440199862,0.8302808995095645,-0.29855611812165195,5,1.3877787807814457e-17,2.4037033579794548e-17,0.0,5,0.0,0.0,0.0,5,0.0,0.0,0.0,5,,,,0,,,,0,11.366436910629272,1.7654057626394644,10.712585926055908,5,,,,,,,,,,,,,,,,,,,,,,,,,,,,,,,,,,,,,,,,,,,,,,,,,,,,,,,,,
l1tcl_gold_dim_sweep,1a9d63883567,TargetOnlyDR,OracleTargetTreated,200,200,5000,10,,0.2881377508120456,0.03429314379946899,0.2821259748886181,5,-0.09098708673454539,0.05460942440926177,-0.08289126222566892,5,0.036323348176771575,0.04530102226617421,0.017862519527100454,5,-0.02398708673454541,0.05460942440926177,-0.015891262225668945,5,,,,0,,,,0,0.0,0.0,0.0,5,,,,0,,,,0,,,,0,-0.06699999999999999,0.0,-0.06699999999999999,5,-0.06699999999999999,0.0,-0.06699999999999999,5,2.4582429870660657e-18,2.5637935104907723e-17,8.473832614550889e-18,5,-0.06700000000000025,1.2018516789897274e-17,-0.06700000000000027,5,1.0,0.0,1.0,5,0.2235976203042754,0.030991228237587466,0.20794517399514814,5,0.5417716082924511,0.057183367587220944,0.5518373783018229,5,-0.2145446744019986,0.8298511961389562,-0.31336311812165185,5,0.024253999999999932,0.003947033632995774,0.026129999999999983,5,-0.20369067440199862,0.8302808995095645,-0.29855611812165195,5,1.3530843112619095e-17,2.404954960958296e-17,0.0,5,0.0,0.0,0.0,5,0.0,0.0,0.0,5,,,,0,,,,0,19.213011693954467,2.5553241487694858,18.723538875579834,5,-0.7297833077111429,0.01536491431130796,1.0,-0.23087021614211323,0.6623513833567317,1.0,-0.8789437014917999,0.012095580174581263,1.0,-0.23087021614211317,0.6623513833567318,1.0,0.0,,,0.0,,,0.0,,,4.027759587831434e-18,0.7450180280365053,1.0,-1.9428902930940238e-17,0.05160595781117475,1.0,0.0,,,-0.7181630340877044,0.018210810787882913,1.0,-1.0651847442478386,0.006831120510714932,0.6899431715822081,0.018210600000000056,0.2845757109740767,1.0,-0.018210600000000056,0.2845757109740767,1.0,3.4694469519536144e-19,0.373900966300059,1.0,-3.4694469519536144e-19,0.373900966300059,1.0,0.0,,,0.0,,,7.846574783325195,0.000964754218369047,0.05692049888377377
l1tcl_gold_dim_sweep,2503324ebe4c,AnchorOnly,OracleTargetTreated,100,100,5000,10,,0.3219095732151027,0.08305609413618455,0.2735203515763061,5,-0.11373138245764544,0.04677120608091068,-0.0956720922034432,5,0.049900817003423095,0.042481865887164565,0.028672092203443217,5,-0.04673138245764548,0.046771206080910684,-0.028672092203443217,5,,,,0,,,,0,0.0,0.0,0.0,5,,,,0,,,,0,,,,0,-0.06699999999999999,0.0,-0.06699999999999999,5,-0.06699999999999999,0.0,-0.06699999999999999,5,-1.0309092083352808e-17,2.7524076662811316e-17,-3.4658340806340135e-22,5,-0.06700000000000023,1.3877787807814457e-17,-0.06700000000000023,5,1.0,0.0,1.0,5,0.24741227058739784,0.058913175369270154,0.2141607545252836,5,0.6377020913004492,0.21022754380873712,0.5767461571248649,5,0.15300786420103804,0.3545746926655372,-0.022416745635698385,5,0.021185400000000007,0.0063891798612967544,0.01922900000000005,5,0.16079326420103807,0.35233654636346606,-0.020808745635698383,5,2.7755575615628915e-18,6.206335383118184e-18,0.0,5,0.016756287228579744,0.009606607685893219,0.015006595997232277,5,4.6,3.5071355833500366,4.0,5,,,,0,,,,0,16.971022176742554,0.3478802283266849,16.980173587799072,5,-0.3410731184859196,0.009342897216682331,0.9249468244515507,0.07454648936290495,0.7891677124079532,1.0,-0.42152220157112863,0.04418934793850961,1.0,0.07454648936290495,0.7891677124079532,1.0,0.0,,,0.0,,,0.0,,,-1.183789872065284e-17,0.28374472574450993,1.0,2.2204460492503132e-17,0.21157899460007396,1.0,0.0,,,-0.3288508235013694,0.015467688018116134,1.0,-0.5114848770240596,0.009970284875305125,0.8175633597750203,0.006365000000000004,0.5847873105285744,1.0,-0.006365000000000004,0.5847873105285744,1.0,6.938893903907229e-19,0.373900966300059,1.0,-6.938893903907229e-19,0.373900966300059,1.0,0.016756287228579744,0.01753771988696918,0.48841692906482786,4.6,0.04269215275844933,0.8965352079274359,8.235327243804932,4.091195305641284e-06,0.0006218616864574751
l1tcl_gold_dim_sweep,2503324ebe4c,AnchorPlugin,FeasibleRestricted,100,100,5000,10,,0.5174223758661171,0.02958776821037643,0.5184727887201888,5,-0.10776039523816103,0.33059224038504686,-0.03203564743550286,5,0.26572574716579445,0.15200419663365847,0.331743717464983,5,-0.040760395238161065,0.3305922403850469,0.03496435256449711,5,,,,0,,,,0,0.0,0.0,0.0,5,,,,0,,,,0,,,,0,-0.06699999999999999,0.0,-0.06699999999999999,5,-0.06699999999999999,0.0,-0.06699999999999999,5,-4.397898189786458e-18,9.413946431489771e-18,-7.861613678718905e-18,5,-0.06700000000000023,1.962615573354719e-17,-0.06700000000000024,5,1.0,0.0,1.0,5,0.4214407238711268,0.014626704409191513,0.42526276855151046,5,0.9916485056846863,0.10944580581802302,1.0071559045632128,5,0.14746026420103808,0.37169470304458585,-0.03842974563569839,5,0.02673299999999999,0.02042571674385016,0.031021,5,0.16079326420103807,0.35233654636346606,-0.020808745635698393,5,4.8572257327350596e-18,6.763197186183236e-18,0.0,5,0.062379052707872695,0.03517575948143229,0.04877404015611276,5,20.6,6.87749954561976,23.0,5,,,,0,,,,0,8.112653923034667,0.5777828837341509,8.374818563461304,5,-0.1455603158349053,0.13295336275978017,1.0,0.08051747658238936,0.5338936224681028,1.0,-0.20569727140875735,0.044594523005413236,1.0,0.08051747658238938,0.5338936224681029,1.0,0.0,,,0.0,,,0.0,,,-5.926704827086489e-18,0.593765104770338,1.0,1.6653345369377347e-17,0.14470399860633032,1.0,0.0,,,-0.15482237021764034,0.10769651710573189,1.0,-0.15753846263982274,0.21071379692429887,1.0,0.0008174000000000195,0.8020424884997478,1.0,-0.0008174000000000195,0.8020424884997478,1.0,-1.3877787807814458e-18,0.373900966300059,1.0,1.3877787807814458e-18,0.373900966300059,1.0,0.062379052707872695,0.016603286860501876,0.48841692906482786,20.6,0.002585403796528258,0.08531832528543251,-0.6230410099029541,0.044645254237436816,0.8252643653635756
l1tcl_gold_dim_sweep,2503324ebe4c,DRLearner_PooledNoSite,OracleTargetTreated,100,100,5000,10,,0.11589162712333656,0.019666748520780312,0.11179611397719705,5,-0.08631475475790833,0.07650780840552444,-0.10490079325465317,5,0.06213187652376708,0.03865626515531883,0.05810214012439735,5,-0.019314754757908364,0.07650780840552444,-0.03790079325465319,5,,,,0,,,,0,0.0,0.0,0.0,5,,,,0,,,,0,,,,0,-0.06699999999999999,0.0,-0.06699999999999999,5,-0.06699999999999999,0.0,-0.06699999999999999,5,3.1398996923903304e-17,1.4789755888735493e-16,1.732758692276181e-17,5,-0.06700000000000024,2.6874220530932865e-17,-0.06700000000000023,5,1.0,0.0,1.0,5,0.09392783001096663,0.018511659484132116,0.08934201380269374,5,0.22483732194236428,0.03596167449897035,0.22658779859585643,5,0.1587832642010381,0.3545469890536351,-0.008949745635698392,5,0.01540999999999998,0.015554248776459757,0.009848999999999997,5,0.16079326420103807,0.3523365463634661,-0.02080874563569839,5,-4.163336342344337e-18,3.0876128683364466e-17,0.0,5,,,,0,,,,0,,,,0,,,,0,1.2863686084747314,0.1763424060036487,1.3655991554260254,5,-0.5470910645776859,0.002390194465947135,0.3704801422218059,0.10196311706264205,0.7179765366599643,1.0,-0.40929114205078465,0.05443454987670463,1.0,0.10196311706264209,0.7179765366599642,1.0,0.0,,,0.0,,,0.0,,,2.9870190286603276e-17,0.6872149097890794,1.0,1.6653345369377347e-17,0.304558784680535,1.0,0.0,,,-0.4823352640778005,0.0045699143596539624,0.6763473252287865,-0.9243496463821448,0.0008858401778278312,0.14527778916376433,0.012140400000000032,0.37467431487162245,1.0,-0.012140400000000032,0.37467431487162245,1.0,7.632783294297952e-18,0.5665973372682609,1.0,-7.632783294297952e-18,0.5665973372682609,1.0,,,,,,,-7.4493263244628904,1.4237303979213303e-06,0.00023206805486117684
l1tcl_gold_dim_sweep,2503324ebe4c,DRLearner_PooledWithSite,OracleTargetTreated,100,100,5000,10,,0.11539688206275212,0.018930592252785098,0.11247938433559118,5,-0.08582684374354604,0.07521193693590773,-0.1007706969030049,5,0.06064302339294887,0.038767610921149845,0.0594286194781575,5,-0.018826843743546078,0.07521193693590773,-0.033770696903004924,5,,,,0,,,,0,0.0,0.0,0.0,5,,,,0,,,,0,,,,0,-0.06699999999999999,0.0,-0.06699999999999999,5,-0.06699999999999999,0.0,-0.06699999999999999,5,3.033849863321348e-17,1.471638533269435e-16,1.780346975933099e-17,5,-0.06700000000000024,1.8358587643600646e-17,-0.06700000000000024,5,1.0,0.0,1.0,5,0.09342398001982086,0.01766686671969407,0.08994074997456447,5,0.2236459040188877,0.0353838995420481,0.2280821459360357,5,0.15867606420103808,0.3547290393801246,-0.009150745635698392,5,0.015517199999999991,0.015208601536630515,0.010786999999999991,5,0.16079326420103807,0.35233654636346606,-0.020808745635698386,5,6.245004513516506e-18,1.2118257228641697e-17,0.0,5,,,,0,,,,0,,,,0,,,,0,2.760499382019043,0.4745657576278413,2.603898048400879,5,-0.5475858096382703,0.002338653358797519,0.364829923972413,0.10245102807700439,0.7158541946030346,1.0,-0.41077999518160296,0.053575573597859645,1.0,0.10245102807700439,0.7158541946030346,1.0,0.0,,,0.0,,,0.0,,,2.880969199591344e-17,0.6945562149457887,1.0,5.551115123125783e-18,0.648261294967307,1.0,0.0,,,-0.48283911406894636,0.004466585997932378,0.6655213136919242,-0.9255410643056212,0.0008767542243637111,0.14466444702001233,0.012033200000000016,0.371930755174421,1.0,-0.012033200000000016,0.371930755174421,1.0,-2.7755575615628915e-18,0.373900966300059,1.0,2.7755575615628915e-18,0.373900966300059,1.0,,,,,,,-5.9751955509185795,3.1615304580585705e-06,0.000493198751457137
l1tcl_gold_dim_sweep,2503324ebe4c,EntropyBalancing,FeasibleRestricted,100,100,5000,10,,1.1388061594054697,0.5132346292983886,0.9051888057082453,5,0.4038601734351469,0.6707905176424208,0.1572859799143816,5,0.4708601734351469,0.6707905176424207,0.22428597991438157,5,0.4708601734351469,0.6707905176424207,0.22428597991438157,5,,,,0,,,,0,0.0,0.0,0.0,5,,,,0,,,,0,,,,0,-0.06699999999999999,0.0,-0.06699999999999999,5,-0.06699999999999999,0.0,-0.06699999999999999,5,-2.1550277553067186e-18,7.350708674745551e-18,-3.957262096696986e-18,5,-0.06700000000000024,2.3013707539344673e-17,-0.06700000000000024,5,1.0,0.0,1.0,5,0.935486560579369,0.4595658291611686,0.7269095293578751,5,2.1055135093454185,0.891847456959666,1.7152731012841613,5,0.13205026420103808,0.35384395800689855,-0.04646974563569839,5,0.042142999999999986,0.011009121468128153,0.039061,5,0.16079326420103804,0.35233654636346606,-0.02080874563569839,5,1.6653345369377347e-17,2.3325419809499552e-17,6.938893903907228e-18,5,,,,0,,,,0,,,,0,,,,0,6.573178482055664,0.9251443292269887,6.977765798568726,5,0.4758234677044473,0.1431341409221386,1.0,0.5921380452556974,0.15544693263957912,1.0,-0.0005628451394048661,0.9988498829146325,1.0,0.5921380452556974,0.15544693263957912,1.0,0.0,,,0.0,,,0.0,,,-3.683834392606747e-18,0.7596956745495802,1.0,1.1102230246251566e-17,0.5870496397870563,1.0,0.0,,,0.3592234664906019,0.21824440920048133,1.0,0.9563265410209094,0.07302026706125676,1.0,-0.014592599999999975,0.29402195498864586,1.0,0.014592599999999975,0.29402195498864586,1.0,-1.3183898417423733e-17,0.28381493325623963,1.0,1.3183898417423733e-17,0.28381493325623963,1.0,,,,,,,-2.162516450881958,0.00813437663561067,0.24196071815721173
l1tcl_gold_dim_sweep,2503324ebe4c,IPWTransport,FeasibleRestricted,100,100,5000,10,,0.15983793359750248,0.06127529653022972,0.13675872380615345,5,-0.009951934806868352,0.13070913433151624,0.004934561790509526,5,0.10964414632776116,0.07826673268774365,0.07310847868187023,5,0.057048065193131624,0.13070913433151624,0.0719345617905095,5,,,,0,,,,0,0.0,0.0,0.0,5,,,,0,,,,0,,,,0,-0.06699999999999999,0.0,-0.06699999999999999,5,-0.06699999999999999,0.0,-0.06699999999999999,5,1.2413449777850126e-17,1.0765854984489001e-16,2.6102514507890188e-17,5,-0.06700000000000023,2.5962963631595152e-17,-0.06700000000000023,5,1.0,0.0,1.0,5,0.1349704429933071,0.0595647760326246,0.10983315737674354,5,0.2967998182369841,0.09171492628979205,0.27471149885233415,5,0.14187246420103802,0.3550779132601623,-0.009083745635698392,5,0.032320800000000045,0.021798725689819578,0.034773000000000165,5,0.16079326420103807,0.35233654636346606,-0.020808745635698383,5,2.7755575615628915e-18,6.206335383118184e-18,0.0,5,,,,0,,,,0,,,,0,,,,0,2.5806601524353026,0.6969051677878155,2.7127673625946045,5,-0.5031447581035199,0.005167098260866567,0.6820569704343868,0.17832593701368207,0.5317137116176119,1.0,-0.3617788722467906,0.08981955340400886,1.0,0.17832593701368207,0.5317137116176119,1.0,0.0,,,0.0,,,0.0,,,1.088464314055009e-17,0.8474240521150003,1.0,2.2204460492503132e-17,0.327405715392833,1.0,0.0,,,-0.4412926510954602,0.009953771898705529,1.0,-0.8523871500875246,0.0013816266944977412,0.2044807507856657,-0.004770400000000031,0.7355774845432006,1.0,0.004770400000000031,0.7355774845432006,1.0,6.938893903907229e-19,0.373900966300059,1.0,-6.938893903907229e-19,0.373900966300059,1.0,,,,,,,-6.155034780502319,0.0001434990035825079,0.014206401354668283
l1tcl_gold_dim_sweep,2503324ebe4c,OutcomeModelTransport,FeasibleRestricted,100,100,5000,10,,0.11901548054369218,0.022893950220007623,0.1096891039808453,5,-0.059394946544718344,0.08516649932427822,-0.08253514714504448,5,0.06544981049895199,0.044396300935871776,0.060004204094305534,5,0.00760505345528163,0.08516649932427822,-0.015535147145044503,5,,,,0,,,,0,0.0,0.0,0.0,5,,,,0,,,,0,,,,0,-0.06699999999999999,0.0,-0.06699999999999999,5,-0.06699999999999999,0.0,-0.06699999999999999,5,3.0857170903637093e-17,1.398391628601648e-16,2.961772299067376e-17,5,-0.06700000000000025,1.5515838457795457e-17,-0.06700000000000024,5,1.0,0.0,1.0,5,0.09746022819209618,0.02200618239890299,0.08776558325211073,5,0.2278638516468058,0.03698239047535079,0.21914223639873703,5,0.1529140642010381,0.3444330476827323,-0.010222745635698392,5,0.02127919999999999,0.01880926406587989,0.013802000000000009,5,0.16079326420103804,0.35233654636346606,-0.020808745635698386,5,1.457167719820518e-17,2.358203280978581e-17,3.469446951953614e-18,5,,,,0,,,,0,,,,0,,,,0,0.2510171890258789,0.06285880979460416,0.25594305992126465,5,-0.5439672111573303,0.0017768728888680663,0.28785340799662673,0.12888292527583206,0.6672920894202219,1.0,-0.4059732080755998,0.0462973177047285,1.0,0.12888292527583206,0.6672920894202219,1.0,0.0,,,0.0,,,0.0,,,2.932836426633706e-17,0.6747056100753974,1.0,2.7755575615628915e-18,0.7989658591927786,1.0,0.0,,,-0.47880286589667104,0.0035223857945790964,0.5600593413380763,-0.9213231166777032,0.0007424378322773274,0.12621443148714567,0.006271200000000018,0.7165294261187314,1.0,-0.006271200000000016,0.7165294261187316,1.0,-1.1102230246251566e-17,0.373900966300059,1.0,1.1102230246251566e-17,0.373900966300059,1.0,,,,,,,-8.484677743911742,8.732968144682319e-07,0.0001475871616451312
l1tcl_gold_dim_sweep,2503324ebe4c,ProposedA_FullyDirect,OracleTargetTreated,100,100,5000,10,,0.2746666937595389,0.007610536560490522,0.27569905683509327,5,-0.08076858179731243,0.10731020946211298,-0.08998875946938634,5,0.07764232090551572,0.06493870853501257,0.05932988290836294,5,-0.01376858179731245,0.10731020946211298,-0.02298875946938636,5,,,,0,,,,0,0.0,0.0,0.0,5,,,,0,,,,0,,,,0,-0.06699999999999999,0.0,-0.06699999999999999,5,-0.06699999999999999,0.0,-0.06699999999999999,5,2.9737538826663116e-18,3.4023712264969604e-17,-5.049676102882344e-18,5,-0.06700000000000024,1.8358587643600646e-17,-0.06700000000000023,5,1.0,0.0,1.0,5,0.20725679480314058,0.0133423158994956,0.20903098036086504,5,0.5847317539406895,0.03121028502875763,0.574934167662447,5,0.14983206420103806,0.3588736912304793,-0.027709745635698377,5,0.024361199999999996,0.010924041294319618,0.021306000000000047,5,0.16079326420103807,0.35233654636346606,-0.020808745635698383,5,2.7755575615628915e-18,6.206335383118184e-18,0.0,5,0.0,0.0,0.0,5,0.0,0.0,0.0,5,,,,0,,,,0,12.038989734649657,1.0547874837366666,11.932028532028198,5,-0.3883159979414835,0.005494171439626979,0.6977597728326264,0.10750929002323799,0.6851356304228717,1.0,-0.393780697669036,0.049689884163556124,1.0,0.10750929002323799,0.6851356304228717,1.0,0.0,,,0.0,,,0.0,,,1.44494724536628e-18,0.9275079217070752,1.0,1.6653345369377347e-17,0.10870095132492358,1.0,0.0,,,-0.36900629928562656,0.008690977493097937,1.0,-0.5644552143838194,0.002930625985045857,0.3751201260858697,0.0031892000000000144,0.7459831974707907,1.0,-0.0031892000000000144,0.7459831974707907,1.0,6.938893903907229e-19,0.373900966300059,1.0,-6.938893903907229e-19,0.373900966300059,1.0,0.0,,,0.0,,,3.303294801712036,0.0019407304828320494,0.08754621847147924
l1tcl_gold_dim_sweep,2503324ebe4c,ProposedB_LinearStepB,OracleTargetTreated,100,100,5000,10,,0.3147802415179449,0.0673233667933745,0.27441792973988055,5,-0.0959471839296186,0.04706375345635978,-0.08681233948509619,5,0.04122192614499901,0.033739623847048004,0.01981233948509621,5,-0.028947183929618626,0.04706375345635978,-0.01981233948509621,5,,,,0,,,,0,0.0,0.0,0.0,5,,,,0,,,,0,,,,0,-0.06699999999999999,0.0,-0.06699999999999999,5,-0.06699999999999999,0.0,-0.06699999999999999,5,-7.70869798504877e-18,3.4444257652774565e-17,5.818607961908307e-18,5,-0.06700000000000025,2.0816681711721685e-17,-0.06700000000000025,5,1.0,0.0,1.0,5,0.23669475904321335,0.05329424839609156,0.22233789376108626,5,0.6529720519404064,0.17853495134554,0.6252229187634998,5,0.1515472642010381,0.3555166721284177,-0.025632745635698378,5,0.022645999999999993,0.005493999999999989,0.02056899999999995,5,0.16079326420103807,0.35233654636346606,-0.020808745635698386,5,3.469446951953614e-18,6.009258394948637e-18,0.0,5,0.0646765849574273,0.03948207838451379,0.044827765961553016,5,38.0,9.354143466934854,40.0,5,1.4663533715339212,0.13506640882642135,1.40762701219689,5,10.0,0.0,10.0,5,51.70346035957336,11.51850474477625,55.153761863708496,5,-0.34820245018307744,0.007715908528853912,0.8471696900443942,0.09233068789093182,0.7354589120263284,1.0,-0.43020109242955273,0.039154783349743774,1.0,0.09233068789093184,0.7354589120263284,1.0,0.0,,,0.0,,,0.0,,,-9.237504622348799e-18,0.6039876746504154,1.0,2.7755575615628915e-18,0.8757181439430236,1.0,0.0,,,-0.33956833504555384,0.011835948435838241,1.0,-0.4962149163841024,0.011829559434599925,0.9345351953333941,0.004904400000000017,0.6575529861459951,1.0,-0.004904400000000017,0.6575529861459951,1.0,0.0,,,0.0,,,0.0646765849574273,0.021524124332346784,0.48841692906482786,38.0,0.0008143191149203551,0.03338708371173456,42.967765426635744,0.0010265376632938162,0.05953918447104134
l1tcl_gold_dim_sweep,2503324ebe4c,ProposedB_SourceDR,FeasibleRestricted,100,100,5000,10,,0.06410731950618062,0.019299012988988996,0.06678989770763788,5,-0.06022891063835567,0.0315595505457071,-0.06251252138349689,5,0.02052304615099859,0.022952570998283288,0.007668241579635984,5,0.006771089361644303,0.0315595505457071,0.004487478616503088,5,,,,0,,,,0,0.0,0.0,0.0,5,,,,0,,,,0,,,,0,-0.06699999999999999,0.0,-0.06699999999999999,5,-0.06699999999999999,0.0,-0.06699999999999999,5,-2.203922818177237e-17,7.073442105462225e-17,-5.003536092222017e-17,5,-0.06700000000000025,2.4037033579794548e-17,-0.06700000000000025,5,1.0,0.0,1.0,5,0.04828962131855943,0.01716360329472281,0.0463332910069493,5,0.125210435938725,0.03660868697972934,0.1320440489913044,5,0.16394226420103808,0.35669903914769174,-0.014778745635698391,5,0.010251,0.012455694641408001,0.006164000000000058,5,0.16079326420103807,0.35233654636346606,-0.020808745635698386,5,3.469446951953614e-18,6.009258394948637e-18,0.0,5,0.054957840723015704,0.03149767817492654,0.04326125835270291,5,21.4,7.924645102463581,22.0,5,1.4663533715339212,0.13506640882642135,1.4076270121968895,5,10.0,0.0,10.0,5,66.57232875823975,5.956538835667599,63.94730019569397,5,-0.5988753721948418,0.001451348332127726,0.24016517381549732,0.12804896118219472,0.6458319231443672,1.0,-0.4508999724235531,0.030190444442600974,1.0,0.12804896118219472,0.6458319231443672,1.0,0.0,,,0.0,,,0.0,,,-2.3568034819072394e-17,0.4888938851597212,1.0,0.0,1.0,1.0,0.0,,,-0.5279734727702078,0.0026669029967817197,0.43470518847542033,-1.023976532385784,0.0004827503120408267,0.08399855429510385,0.017299400000000013,0.19431591611315568,1.0,-0.017299400000000013,0.19431591611315568,1.0,0.0,,,0.0,,,0.054957840723015704,0.017518627376564323,0.48841692906482786,21.4,0.0037928539439455945,0.11757847226231342,57.83663382530212,2.414927795303345e-05,0.0032601525236595156
l1tcl_gold_dim_sweep,2503324ebe4c,ProxyOnly,FeasibleRestricted,100,100,5000,10,,0.6629826917010224,0.16111359611905238,0.6700656561061261,5,-0.1882778718205504,0.5941622432082332,-0.03600737816418474,5,0.4714230185745517,0.3059650240525286,0.5446365553935885,5,-0.12127787182055046,0.5941622432082333,0.030992621835815234,5,,,,0,,,,0,0.0,0.0,0.0,5,,,,0,,,,0,,,,0,-0.06699999999999999,0.0,-0.06699999999999999,5,-0.06699999999999999,0.0,-0.06699999999999999,5,1.5288066373000303e-18,2.3709372746256703e-17,1.2980942433229935e-17,5,-0.06700000000000025,2.1942709178604383e-17,-0.06700000000000024,5,1.0,0.0,1.0,5,0.5762630940887672,0.17150311519141204,0.5799329578273826,5,1.1491869683245088,0.20656749669927024,1.2148416576817676,5,0.14664286420103806,0.3776874567884287,-0.039166745635698386,5,0.02755040000000001,0.0260950765337065,0.031757999999999995,5,0.16079326420103807,0.35233654636346606,-0.020808745635698386,5,3.469446951953614e-18,6.009258394948637e-18,0.0,5,0.0,0.0,0.0,5,0.0,0.0,0.0,5,,,,0,,,,0,8.735694932937623,0.35202446075769983,8.809096336364746,5,,,,,,,,,,,,,,,,,,,,,,,,,,,,,,,,,,,,,,,,,,,,,,,,,,,,,,,,,
l1tcl_gold_dim_sweep,2503324ebe4c,TargetOnlyDR,OracleTargetTreated,100,100,5000,10,,0.3339025879530998,0.034305559248892496,0.3215299927016081,5,-0.12285840217396413,0.08047959646312569,-0.14142858205134293,5,0.07459509615295029,0.05849471216330654,0.07442858205134295,5,-0.05585840217396415,0.08047959646312569,-0.07442858205134295,5,,,,0,,,,0,0.0,0.0,0.0,5,,,,0,,,,0,,,,0,-0.06699999999999999,0.0,-0.06699999999999999,5,-0.06699999999999999,0.0,-0.06699999999999999,5,6.325095215874679e-18,2.136781795578753e-17,5.901633800016197e-18,5,-0.06700000000000025,1.8358587643600646e-17,-0.06700000000000025,5,1.0,0.0,1.0,5,0.2660011623964153,0.024530439357180796,0.2588657130033188,5,0.6376297083176988,0.09212147571247102,0.604588853736406,5,0.15014026420103807,0.3517561572848933,-0.02509674563569838,5,0.024053,0.006074871932806484,0.02157400000000001,5,0.16079326420103807,0.35233654636346606,-0.020808745635698383,5,2.7755575615628915e-18,6.206335383118184e-18,0.0,5,0.0,0.0,0.0,5,0.0,0.0,0.0,5,,,,0,,,,0,15.394637489318848,1.81044585870314,15.593440532684326,5,-0.32908010374792257,0.01808006090497941,1.0,0.06541946964658628,0.8186746126120823,1.0,-0.3968279224216015,0.06247893012605221,1.0,0.0654194696465863,0.8186746126120823,1.0,0.0,,,0.0,,,0.0,,,4.796288578574648e-18,0.5208604694088458,1.0,-2.7755575615628915e-18,0.8466432357935875,1.0,0.0,,,-0.3102619316923519,0.022738354559762003,1.0,-0.5115572600068101,0.014880255727808787,0.9969771337631887,0.0034974000000000103,0.7830209117989855,1.0,-0.0034974000000000103,0.7830209117989855,1.0,6.938893903907229e-19,0.373900966300059,1.0,-6.938893903907229e-19,0.373900966300059,1.0,0.0,,,0.0,,,6.658942556381225,0.0005580437847886938,0.03683088979605379
l1tcl_gold_dim_sweep,4bd4e19c6458,AnchorOnly,OracleTargetTreated,50,50,5000,10,,0.339777648869444,0.0432800761531359,0.33949985200922955,5,-0.07605418711514972,0.12442155705147498,-0.044454516777823375,5,0.08702341446374026,0.07821031522982583,0.04564804709120378,5,-0.009054187115149746,0.12442155705147498,0.0225454832221766,5,,,,0,,,,0,0.0,0.0,0.0,5,,,,0,,,,0,,,,0,-0.06699999999999999,0.0,-0.06699999999999999,5,-0.06699999999999999,0.0,-0.06699999999999999,5,-1.2654201760716203e-17,3.1156753508945945e-17,-1.646900588088839e-17,5,-0.06700000000000023,1.3877787807814457e-17,-0.06700000000000024,5,1.0,0.0,1.0,5,0.2629234693101775,0.021090873910393826,0.27185503134760985,5,0.6811904745876372,0.15180761561117967,0.612647084502378,5,0.16407164464098292,0.13934722194119975,0.14348533480722023,5,0.02702780000000001,0.009578024363092819,0.027269000000000043,5,0.17769944464098292,0.13122234687504014,0.15500933480722023,5,2.7755575615628915e-18,6.206335383118184e-18,0.0,5,0.038689024896078415,0.02350649052449191,0.037986840134417756,5,0.0,0.0,0.0,5,,,,0,,,,0,9.679451417922973,0.5675753562242051,9.75757360458374,5,-0.14270661124490144,0.11430586767729065,1.0,0.20663574961029646,0.08159271070820959,1.0,-0.1345966154703104,0.3119331777546406,1.0,0.20663574961029646,0.08159271070820959,1.0,0.0,,,0.0,,,0.0,,,-1.3840969056312811e-17,0.27492345510748134,1.0,0.0,,,0.0,,,-0.13358459533022593,0.11346602696737917,1.0,-0.21300432716312362,0.17740661002651517,1.0,-0.009259399999999994,0.08190692748732238,1.0,0.009259399999999994,0.08190692748732238,1.0,-2.7755575615628915e-18,0.373900966300059,1.0,2.7755575615628915e-18,0.373900966300059,1.0,0.038689024896078415,0.021198097630633527,0.48841692906482786,0.0,,,2.834230136871338,0.00043978041407205705,0.03166418981318811
l1tcl_gold_dim_sweep,4bd4e19c6458,AnchorPlugin,FeasibleRestricted,50,50,5000,10,,0.24644863965240926,0.09573335734303626,0.21444311488393644,5,-0.1628503413036801,0.14027498689399018,-0.13900466990674257,5,0.12511509097118326,0.10767520314464121,0.07316187416875783,5,-0.09585034130368011,0.14027498689399018,-0.07200466990674259,5,,,,0,,,,0,0.0,0.0,0.0,5,,,,0,,,,0,,,,0,-0.06699999999999999,0.0,-0.06699999999999999,5,-0.06699999999999999,0.0,-0.06699999999999999,5,-1.3025877361044106e-17,3.5012702612773633e-17,-2.8523852671312007e-17,5,-0.06700000000000025,2.3013707539344673e-17,-0.06700000000000025,5,1.0,0.0,1.0,5,0.19935129049877118,0.0813669808065293,0.16363164476034056,5,0.4727769224701592,0.18459169008249454,0.39916917287941656,5,0.17460404464098292,0.1364670645693261,0.1674713348072202,5,0.016495400000000004,0.013082717217764817,0.011456999999999981,5,0.17769944464098292,0.13122234687504014,0.15500933480722023,5,2.7755575615628915e-18,6.206335383118184e-18,0.0,5,0.0931450176071871,0.05005375045573928,0.12657227631685194,5,2.2,3.8987177379235853,0.0,5,,,,0,,,,0,6.253446769714356,0.672794177759544,6.357075452804565,5,-0.23603562046193619,0.011715549503567025,1.0,0.11983959542176606,0.18656294244842056,1.0,-0.09650493896286742,0.31069932308553566,1.0,0.11983959542176607,0.18656294244842037,1.0,0.0,,,0.0,,,0.0,,,-1.421264465664072e-17,0.45382197434380284,1.0,-1.3877787807814457e-17,0.26626462796630995,1.0,0.0,,,-0.19715677414163227,0.011218885987169492,1.0,-0.4214178792806015,0.015590821352848325,0.9997361031119008,0.0012730000000000178,0.7739324575150164,1.0,-0.0012730000000000172,0.7739324575150165,1.0,-2.7755575615628915e-18,0.373900966300059,1.0,2.7755575615628915e-18,0.373900966300059,1.0,0.0931450176071871,0.014132600327156445,0.4663758107961627,2.2,0.2755888884208916,1.0,-0.5917745113372803,0.12667118423554113,1.0
l1tcl_gold_dim_sweep,4bd4e19c6458,DRLearner_PooledNoSite,OracleTargetTreated,50,50,5000,10,,0.05421121783878406,0.010858382586972493,0.04783758914727366,5,-0.08546773120245361,0.025323900454735714,-0.09319405228375538,5,0.028112331226953457,0.008929856951907745,0.026194052283755404,5,-0.01846773120245364,0.025323900454735714,-0.026194052283755404,5,,,,0,,,,0,0.0,0.0,0.0,5,,,,0,,,,0,,,,0,-0.06699999999999999,0.0,-0.06699999999999999,5,-0.06699999999999999,0.0,-0.06699999999999999,5,-1.8474848383006013e-16,2.1431832268593107e-16,-1.2751587289097283e-16,5,-0.06700000000000025,2.6874220530932865e-17,-0.06700000000000025,5,1.0,0.0,1.0,5,0.04371826641002355,0.00921578614024873,0.03846811162564037,5,0.10768794873580416,0.02119385679071392,0.09696740354266013,5,0.18740104464098292,0.12621819553662816,0.16773933480722023,5,0.00369840000000001,0.005859034118350938,0.0015409999999999868,5,0.17769944464098292,0.13122234687504014,0.15500933480722023,5,4.163336342344337e-18,6.206335383118182e-18,0.0,5,,,,0,,,,0,,,,0,,,,0,0.5454202175140381,0.14259939964915067,0.6134791374206543,5,-0.42827304227556134,0.006830926403240286,0.8003931606453756,0.19722220552299258,0.22959720912765622,1.0,-0.19350769870709722,0.21076959891156713,1.0,0.19722220552299258,0.22959720912765622,1.0,0.0,,,0.0,,,0.0,,,-1.8593525112565672e-16,0.1185660637562012,1.0,-1.9428902930940238e-17,0.24549203685029755,1.0,0.0,,,-0.3527897982303799,0.007967074587894045,0.9719830997230735,-0.7865068530149567,0.008894540387632446,0.7873070644466209,0.01407000000000001,0.1396435331989601,1.0,-0.01407000000000001,0.1396435331989601,1.0,-4.163336342344337e-18,0.20799999999999982,1.0,4.163336342344337e-18,0.20799999999999982,1.0,,,,,,,-6.299801063537598,4.181221678281232e-08,7.275325720209343e-06
l1tcl_gold_dim_sweep,4bd4e19c6458,DRLearner_PooledWithSite,OracleTargetTreated,50,50,5000,10,,0.054666379725876214,0.010385276009158362,0.04890113689653164,5,-0.08550172198966663,0.026532254433782872,-0.09540947142457253,5,0.029081572973732685,0.008641777177436378,0.02840947142457255,5,-0.018501721989666653,0.026532254433782872,-0.02840947142457255,5,,,,0,,,,0,0.0,0.0,0.0,5,,,,0,,,,0,,,,0,-0.06699999999999999,0.0,-0.06699999999999999,5,-0.06699999999999999,0.0,-0.06699999999999999,5,-1.8760967963486253e-16,2.1101627382018577e-16,-1.4487540508441947e-16,5,-0.06700000000000025,2.4037033579794548e-17,-0.06700000000000024,5,1.0,0.0,1.0,5,0.04421613625211927,0.00884277275647955,0.0394442848097015,5,0.10844583045999842,0.020290163071665077,0.09746741250432776,5,0.1872268446409829,0.12579181030888104,0.16800733480722022,5,0.0038726000000000064,0.00636595203406373,0.0016079999999999983,5,0.17769944464098292,0.13122234687504014,0.15500933480722023,5,4.163336342344337e-18,6.206335383118182e-18,0.0,5,,,,0,,,,0,,,,0,,,,0,1.1902062892913818,0.3118278514059991,1.22216796875,5,-0.42781788038846924,0.006894863749461833,0.8003931606453756,0.19718821473577958,0.23059416024649973,1.0,-0.19253845696031796,0.21168040207560743,1.0,0.19718821473577958,0.23059416024649973,1.0,0.0,,,0.0,,,0.0,,,-1.8879644693045912e-16,0.11013266194109195,1.0,-1.1102230246251566e-17,0.33750185654036463,1.0,0.0,,,-0.35229192838828416,0.008039339306538211,0.9727600560911235,-0.7857489712907624,0.008957324633033526,0.7873070644466209,0.013895800000000014,0.14951822796619216,1.0,-0.013895800000000014,0.14951822796619216,1.0,-4.163336342344337e-18,0.20799999999999982,1.0,4.163336342344337e-18,0.20799999999999982,1.0,,,,,,,-5.655014991760254,1.655347150155615e-06,0.00026816623832520963
l1tcl_gold_dim_sweep,4bd4e19c6458,EntropyBalancing,FeasibleRestricted,50,50,5000,10,,0.30968601248009686,0.17611788261666975,0.21336260533212575,5,-0.03705440541618261,0.24026487957691403,-0.14841591292588083,5,0.16770087441539067,0.1539274392440271,0.11907360407397441,5,0.029945594583817358,0.24026487957691403,-0.08141591292588085,5,,,,0,,,,0,0.0,0.0,0.0,5,,,,0,,,,0,,,,0,-0.06699999999999999,0.0,-0.06699999999999999,5,-0.06699999999999999,0.0,-0.06699999999999999,5,-1.583824166778005e-17,2.4302316442918e-17,-2.3743032326670777e-17,5,-0.06700000000000024,1.8358587643600646e-17,-0.06700000000000024,5,1.0,0.0,1.0,5,0.25225377833220963,0.148366055867339,0.16969802184371344,5,0.5990140834952382,0.3308562420638036,0.40902553740729075,5,0.16593424464098291,0.11304665372583048,0.13618233480722022,5,0.0251652,0.020006294239563713,0.020167000000000018,5,0.17769944464098292,0.13122234687504014,0.15500933480722023,5,2.7755575615628915e-18,6.206335383118184e-18,0.0,5,,,,0,,,,0,,,,0,,,,0,2.626569318771362,0.6856325509392478,2.425746202468872,5,-0.17279824763424856,0.12715659043539,1.0,0.24563553130926358,0.34846936764285225,1.0,-0.05391915551866002,0.6403677287034798,1.0,0.24563553130926358,0.34846936764285225,1.0,0.0,,,0.0,,,0.0,,,-1.7025008963376652e-17,0.11361986572840345,1.0,-1.1102230246251566e-17,0.43199999999999994,1.0,0.0,,,-0.14425428630819384,0.13184522425171094,1.0,-0.29518071825552256,0.16714042890104103,1.0,-0.007396799999999977,0.6307386941527616,1.0,0.007396799999999977,0.6307386941527616,1.0,-2.7755575615628915e-18,0.373900966300059,1.0,2.7755575615628915e-18,0.373900966300059,1.0,,,,,,,-4.218651962280274,0.00013934471099580519,0.013934471099580518
l1tcl_gold_dim_sweep,4bd4e19c6458,IPWTransport,FeasibleRestricted,50,50,5000,10,,0.2047182375531183,0.12051847744405059,0.15649649996726844,5,-0.05297857802474224,0.19932596469557048,-0.15642046414539287,5,0.1382664986839414,0.12680520384307833,0.10187414582081303,5,0.014021421975257747,0.19932596469557048,-0.0894204641453929,5,,,,0,,,,0,0.0,0.0,0.0,5,,,,0,,,,0,,,,0,-0.06699999999999999,0.0,-0.06699999999999999,5,-0.06699999999999999,0.0,-0.06699999999999999,5,-3.651897343910161e-17,5.237410981341702e-17,-4.5681364692062153e-17,5,-0.06700000000000024,2.0816681711721685e-17,-0.06700000000000024,5,1.0,0.0,1.0,5,0.17117083413962225,0.11034241956047862,0.1261623022645559,5,0.38104577763546027,0.19366551916089844,0.31532772133629977,5,0.16995424464098294,0.10826333637260817,0.1458303348072202,5,0.021145199999999986,0.024624601066819313,0.011390000000000011,5,0.17769944464098292,0.13122234687504014,0.1550093348072202,5,8.326672684688674e-18,1.2412670766236363e-17,0.0,5,,,,0,,,,0,,,,0,,,,0,1.1336801052093506,0.21592473598996692,1.231097936630249,5,-0.2777660225612272,0.02356824209685023,1.0,0.2297113587007039,0.34197465263641963,1.0,-0.08335353125010929,0.5045339705572937,1.0,0.22971135870070394,0.34197465263641963,1.0,0.0,,,0.0,,,0.0,,,-3.770574073469822e-17,0.15713346600842923,1.0,-1.1102230246251566e-17,0.45565953995797087,1.0,0.0,,,-0.22533723050078117,0.028987834416715364,1.0,-0.5131490241153005,0.03043525966299451,1.0,-0.0033767999999999646,0.8438105646034915,1.0,0.0033767999999999646,0.8438105646034915,1.0,-8.326672684688674e-18,0.20799999999999982,1.0,8.326672684688674e-18,0.20799999999999982,1.0,,,,,,,-5.711541175842285,1.113061686753134e-06,0.00018476824000102023
l1tcl_gold_dim_sweep,4bd4e19c6458,OutcomeModelTransport,FeasibleRestricted,50,50,5000,10,,0.06554352284536615,0.019467327517240108,0.06135900880705793,5,-0.08208014076692724,0.05026788761732297,-0.10286579145551907,5,0.043609032770658196,0.020831206361017904,0.04146984101477107,5,-0.015080140766927267,0.05026788761732297,-0.03586579145551909,5,,,,0,,,,0,0.0,0.0,0.0,5,,,,0,,,,0,,,,0,-0.06699999999999999,0.0,-0.06699999999999999,5,-0.06699999999999999,0.0,-0.06699999999999999,5,-1.8385155702091125e-16,2.1304549463679811e-16,-1.3636399656979628e-16,5,-0.06700000000000024,2.1942709178604383e-17,-0.06700000000000024,5,1.0,0.0,1.0,5,0.05420131748809178,0.01709784493662952,0.04994821781530161,5,0.12616642474162662,0.03467099402118927,0.1207275901851503,5,0.18316664464098292,0.11765194876425489,0.1674713348072202,5,0.007932800000000007,0.015577579247110267,0.001474000000000003,5,0.17769944464098292,0.13122234687504014,0.15500933480722023,5,2.7755575615628915e-18,6.206335383118184e-18,0.0,5,,,,0,,,,0,,,,0,,,,0,0.14168906211853027,0.05744624371946133,0.12563514709472656,5,-0.41694073726897934,0.006985521143191929,0.8033349314670719,0.2006097959585189,0.25397439111135317,1.0,-0.17801099716339247,0.2378205461052646,1.0,0.20060979595851897,0.25397439111135295,1.0,0.0,,,0.0,,,0.0,,,-1.8503832431650784e-16,0.11776186105660988,1.0,-8.326672684688674e-18,0.373900966300059,1.0,0.0,,,-0.3423067471523117,0.008316257313544044,0.9896346203117412,-0.7680283770091341,0.009009701115897729,0.7873070644466209,0.009835600000000016,0.44164097014066894,1.0,-0.009835600000000016,0.44164097014066894,1.0,-2.7755575615628915e-18,0.373900966300059,1.0,2.7755575615628915e-18,0.373900966300059,1.0,,,,,,,-6.7035322189331055,6.471614149817613e-08,1.119589247918447e-05
l1tcl_gold_dim_sweep,4bd4e19c6458,ProposedA_FullyDirect,OracleTargetTreated,50,50,5000,10,,0.35644746663279925,0.02750501317418835,0.3594886595035259,5,-0.10923100834496861,0.12793171897447397,-0.03659817041560274,5,0.09894162842096174,0.0797435891392858,0.074481050270625,5,-0.04223100834496864,0.12793171897447397,0.030401829584397237,5,,,,0,,,,0,0.0,0.0,0.0,5,,,,0,,,,0,,,,0,-0.06699999999999999,0.0,-0.06699999999999999,5,-0.06699999999999999,0.0,-0.06699999999999999,5,-1.7038495386595907e-17,1.829909957695424e-17,-1.0213856401151484e-17,5,-0.06700000000000024,1.2018516789897274e-17,-0.06700000000000024,5,1.0,0.0,1.0,5,0.2761763932156028,0.018237618320889454,0.2796683783497588,5,0.7129259550324609,0.10752513328758674,0.672483324492853,5,0.1660816446409829,0.13855173187066921,0.1499843348072202,5,0.025017800000000014,0.00936174867212316,0.029748000000000004,5,0.17769944464098292,0.13122234687504014,0.15500933480722023,5,2.7755575615628915e-18,6.206335383118184e-18,0.0,5,0.0,0.0,0.0,5,0.0,0.0,0.0,5,,,,0,,,,0,8.483818292617798,0.4374520940587509,8.465457677841187,5,-0.12603679348154623,0.1748861919581073,1.0,0.17345892838047755,0.08493465986781533,1.0,-0.12267840151308892,0.27488565887763994,1.0,0.17345892838047755,0.08493465986781533,1.0,0.0,,,0.0,,,0.0,,,-1.8225262682192515e-17,0.05482998127655856,1.0,-1.1102230246251566e-17,0.24198153056802083,1.0,0.0,,,-0.1203316714248007,0.14269252140894606,1.0,-0.1812688467182999,0.2354136565981676,1.0,-0.007249399999999992,0.027623851138504154,1.0,0.007249399999999992,0.027623851138504154,1.0,-2.7755575615628915e-18,0.373900966300059,1.0,2.7755575615628915e-18,0.373900966300059,1.0,0.0,,,0.0,,,1.638597011566162,0.0015901502123889808,0.08360419050259967
l1tcl_gold_dim_sweep,4bd4e19c6458,ProposedB_LinearStepB,OracleTargetTreated,50,50,5000,10,,0.3371797146086918,0.035260639345796055,0.3386769344348666,5,-0.08407900372578359,0.12041660157376459,-0.04583546790426097,5,0.08211989659879809,0.08021955262378251,0.03761521318431236,5,-0.01707900372578361,0.12041660157376459,0.021164532095739007,5,,,,0,,,,0,0.0,0.0,0.0,5,,,,0,,,,0,,,,0,-0.06699999999999999,0.0,-0.06699999999999999,5,-0.06699999999999999,0.0,-0.06699999999999999,5,-1.1624459644483834e-17,2.4249618241142947e-17,-1.504875178807008e-17,5,-0.06700000000000025,1.8358587643600646e-17,-0.06700000000000025,5,1.0,0.0,1.0,5,0.2605918304413701,0.01665318478626437,0.2687667578697368,5,0.6677888192035045,0.1293321189326769,0.6151546457029451,5,0.1649560446409829,0.13982157149305216,0.14395433480722022,5,0.02614340000000001,0.00975895882253837,0.027336000000000027,5,0.17769944464098292,0.13122234687504014,0.1550093348072202,5,1.3877787807814457e-17,1.3877787807814457e-17,1.3877787807814457e-17,5,0.1088316770021378,0.016847657347891284,0.10350141546575299,5,0.4,0.894427190999916,0.0,5,0.16616199488739355,0.22691331985516017,0.0035886802676993817,5,3.4,2.302172886644268,3.0,5,24.322278118133546,2.9737752090285277,25.079488039016724,5,-0.1453045455056537,0.1160753700185283,1.0,0.19861093299966256,0.09254012432168973,1.0,-0.13950013333525257,0.2830913078276811,1.0,0.1986109329996626,0.0925401243216897,1.0,0.0,,,0.0,,,0.0,,,-1.2811226940080442e-17,0.2194948645528801,1.0,-2.4980018054066023e-17,0.03668198940044105,1.0,0.0,,,-0.13591623419903337,0.11441411411722964,1.0,-0.22640598254725627,0.1627356959844595,1.0,-0.00837499999999999,0.0933772073131084,1.0,0.00837499999999999,0.0933772073131084,1.0,-1.3877787807814457e-17,0.08900934250008564,1.0,1.3877787807814457e-17,0.08900934250008564,1.0,0.1088316770021378,0.00013353560408004662,0.008145671848882844,0.4,0.373900966300059,1.0,17.47705683708191,0.00018533103089343002,0.016555392454967278
l1tcl_gold_dim_sweep,4bd4e19c6458,ProposedB_SourceDR,FeasibleRestricted,50,50,5000,10,,0.10567792861193284,0.046089772745886944,0.08601950684120498,5,-0.06888527134885072,0.08438242041540486,-0.08240813543410913,5,0.05855794680945703,0.05327799045630035,0.046940318351037305,5,-0.0018852713488507588,0.08438242041540486,-0.015408135434109155,5,,,,0,,,,0,0.0,0.0,0.0,5,,,,0,,,,0,,,,0,-0.06699999999999999,0.0,-0.06699999999999999,5,-0.06699999999999999,0.0,-0.06699999999999999,5,-5.92417418694893e-17,9.013346390656641e-17,-1.001812292604226e-16,5,-0.06700000000000025,2.6874220530932865e-17,-0.06700000000000025,5,1.0,0.0,1.0,5,0.08048678909459074,0.042174551131666974,0.06109208066957875,5,0.21983902006783235,0.09136011583682868,0.17863449724157898,5,0.17794064464098291,0.11208486481300596,0.1673373348072202,5,0.013158799999999995,0.021575955811968084,0.004689999999999986,5,0.17769944464098292,0.13122234687504014,0.15500933480722023,5,2.7755575615628915e-18,6.206335383118184e-18,0.0,5,0.08202857467086336,0.046079141445337826,0.10392632370570098,5,2.4,3.7815340802378072,1.0,5,0.16616199488739355,0.22691331985516017,0.003588680267699382,5,3.4,2.302172886644268,3.0,5,25.82218208312988,5.616204660948533,25.671024560928345,5,-0.37680633150241266,0.004968708107946928,0.6658068864648884,0.21380466537659543,0.23368886631457722,1.0,-0.16306208312459364,0.204465722745045,1.0,0.21380466537659543,0.23368886631457722,1.0,0.0,,,0.0,,,0.0,,,-6.042850916508591e-17,0.19405945023292406,1.0,-1.9428902930940238e-17,0.10793882229227654,1.0,0.0,,,-0.3160212755458127,0.005174370846998143,0.7451094019677326,-0.6743557816829283,0.006853819147054917,0.6899431715822081,0.004609600000000026,0.7551917610215895,1.0,-0.004609600000000026,0.7551917610215895,1.0,-2.7755575615628915e-18,0.373900966300059,1.0,2.7755575615628915e-18,0.373900966300059,1.0,0.08202857467086336,0.016393256589179787,0.48841692906482786,2.4,0.22886008250145246,1.0,18.976960802078246,0.001577437556652824,0.08360419050259967
l1tcl_gold_dim_sweep,4bd4e19c6458,ProxyOnly,FeasibleRestricted,50,50,5000,10,,0.48248426011434553,0.18586894364111795,0.4584672846274689,5,-0.2826899367254462,0.29388406124979044,-0.08920475610173761,5,0.22162002993405067,0.28831619860405416,0.022204756101737638,5,-0.21568993672544617,0.29388406124979044,-0.022204756101737638,5,,,,0,,,,0,0.0,0.0,0.0,5,,,,0,,,,0,,,,0,-0.06699999999999999,0.0,-0.06699999999999999,5,-0.06699999999999999,0.0,-0.06699999999999999,5,1.1867672955966057e-18,1.3050170372460773e-17,-3.0020164048740764e-18,5,-0.06700000000000023,1.3877787807814457e-17,-0.06700000000000024,5,1.0,0.0,1.0,5,0.39650806464040345,0.15941919218689954,0.3736239715570126,5,0.8941948017507608,0.3682232097930284,0.8552377228868223,5,0.1733310446409829,0.14005687606215947,0.1642553348072202,5,0.017768400000000024,0.0129227872883523,0.025795,5,0.17769944464098292,0.13122234687504014,0.15500933480722023,5,0.0,0.0,0.0,5,0.0,0.0,0.0,5,0.0,0.0,0.0,5,,,,0,,,,0,6.845221281051636,0.15302436358119098,6.866897821426392,5,,,,,,,,,,,,,,,,,,,,,,,,,,,,,,,,,,,,,,,,,,,,,,,,,,,,,,,,,
l1tcl_gold_dim_sweep,4bd4e19c6458,TargetOnlyDR,OracleTargetTreated,50,50,5000,10,,0.35471522778704473,0.0370868091629129,0.347882974145532,5,-0.059892598896979274,0.12893871929013945,0.012602365034337221,5,0.1023825919918975,0.05987982416061532,0.09183930568514664,5,0.0071074011030207,0.12893871929013945,0.0796023650343372,5,,,,0,,,,0,0.0,0.0,0.0,5,,,,0,,,,0,,,,0,-0.06699999999999999,0.0,-0.06699999999999999,5,-0.06699999999999999,0.0,-0.06699999999999999,5,-9.499929889050884e-18,2.775831045065301e-17,-1.401494842815093e-18,5,-0.06700000000000023,1.6996749443881478e-17,-0.06700000000000023,5,1.0,0.0,1.0,5,0.2807972952034551,0.024537545247862586,0.2805230456170311,5,0.7014428781379156,0.13303214444509281,0.6781304070579637,5,0.16155244464098292,0.13989700343001618,0.14321733480722024,5,0.029546999999999997,0.009855265014194193,0.031222000000000028,5,0.17769944464098292,0.13122234687504014,0.1550093348072202,5,8.326672684688674e-18,1.2412670766236363e-17,0.0,5,0.0,0.0,0.0,5,0.0,0.0,0.0,5,,,,0,,,,0,5.937900543212891,1.003276302982274,5.542850732803345,5,-0.12776903232730072,0.20347913227192604,1.0,0.2227973378284669,0.050224971501957545,1.0,-0.11923743794215316,0.38339789667507346,1.0,0.2227973378284669,0.050224971501957566,1.0,0.0,,,0.0,,,0.0,,,-1.0686697184647487e-17,0.361397006542376,1.0,0.0,1.0,1.0,0.0,,,-0.1157107694369484,0.18759910960282714,1.0,-0.1927519236128451,0.29271167279986715,1.0,-0.011778599999999972,0.02027720855779263,1.0,0.011778599999999974,0.020277208557792612,1.0,-8.326672684688674e-18,0.20799999999999982,1.0,8.326672684688674e-18,0.20799999999999982,1.0,0.0,,,0.0,,,-0.9073207378387451,0.13795942630704605,1.0
l1tcl_gold_dim_sweep,5e1199ef1252,AnchorOnly,OracleTargetTreated,50,50,5000,10,,0.5030995907970605,0.1743925278437139,0.4261883065711386,5,-0.15408020153494426,0.14267544909413438,-0.20331661543467272,5,0.13710038797030094,0.07961997344518693,0.13631661543467274,5,-0.0870802015349443,0.14267544909413438,-0.13631661543467274,5,,,,0,,,,0,0.0,0.0,0.0,5,,,,0,,,,0,,,,0,-0.06699999999999999,0.0,-0.06699999999999999,5,-0.06699999999999999,0.0,-0.06699999999999999,5,-9.236941607717942e-18,2.314569390097564e-17,-1.4464045175670305e-17,5,-0.06700000000000024,6.938893903907228e-18,-0.06700000000000024,5,1.0,0.0,1.0,5,0.40211778452816543,0.15790960810622348,0.3388351826920845,5,1.0008964857211515,0.33131423174899416,0.8736167137668857,5,0.06940789194938156,0.405516748656961,0.0013888454217422463,5,0.0225656,0.007244896845366385,0.019363000000000012,5,0.07857349194938154,0.41203898967654734,0.004604845421742255,5,4.9960036108132046e-17,3.9981518903631033e-17,5.551115123125783e-17,5,0.035369415328581566,0.03269980367400913,0.0502961333816464,5,0.2,0.44721359549995804,0.0,5,,,,0,,,,0,9.920449495315552,0.765278512567393,9.856949090957642,5,-0.2559940810552833,0.21978955701166467,1.0,0.0433437581002548,0.9044218538988027,1.0,-0.4328871709752584,0.06598175064419134,1.0,0.043343758100254856,0.9044218538988026,1.0,0.0,,,0.0,,,0.0,,,-3.0487564916980843e-17,0.07185349911407533,1.0,5.551115123125783e-18,0.5870496397870563,1.0,0.0,,,-0.25131962347487935,0.22628705687813822,1.0,-0.3544000316049215,0.25180509481384267,1.0,0.00987579999999998,0.5137151785617109,1.0,-0.00987579999999998,0.5137151785617108,1.0,-3.400058012914542e-17,0.1972608742639173,1.0,3.400058012914542e-17,0.1972608742639173,1.0,0.035369415328581566,0.07287169266837022,0.48841692906482786,0.2,0.373900966300059,1.0,2.413588285446167,0.008065357271907058,0.24196071815721173
l1tcl_gold_dim_sweep,5e1199ef1252,AnchorPlugin,FeasibleRestricted,50,50,5000,10,,0.4761583738584654,0.17990549189145438,0.5255279930082974,5,-0.12767480768545125,0.3825307359367533,0.04838265382223612,5,0.3143693355560152,0.16551874629021357,0.3232286683040634,5,-0.06067480768545128,0.38253073593675335,0.11538265382223609,5,,,,0,,,,0,0.0,0.0,0.0,5,,,,0,,,,0,,,,0,-0.06699999999999999,0.0,-0.06699999999999999,5,-0.06699999999999999,0.0,-0.06699999999999999,5,9.527373176229295e-18,2.136888328916153e-17,1.7494966047380693e-18,5,-0.06700000000000025,1.5515838457795457e-17,-0.06700000000000025,5,1.0,0.0,1.0,5,0.3927270177014716,0.15406146935949222,0.4410402874269457,5,0.922657797159706,0.3354060942232093,1.0009250828545444,5,0.06316349194938158,0.42538514085112566,0.013046845421742252,5,0.02880999999999998,0.021631144814826614,0.04033399999999998,5,0.0785734919493816,0.41203898967654734,0.00460484542174226,5,4.5102810375396986e-18,6.444211699335286e-18,0.0,5,0.23354992907856595,0.1423537441277178,0.20842369059124174,5,10.0,9.354143466934854,7.0,5,,,,0,,,,0,7.189661312103271,1.4173269364273167,7.337023496627808,5,-0.2829352979938783,0.01783780734010792,1.0,0.06974915194974785,0.6698086491847723,1.0,-0.2556182233895441,0.045470898686831844,1.0,0.06974915194974782,0.6698086491847723,1.0,0.0,,,0.0,,,0.0,,,-1.1723250133033604e-17,0.40777034185707034,1.0,-2.7755575615628915e-18,0.8466432357935875,1.0,0.0,,,-0.26071039030157317,0.025564884820715943,1.0,-0.43263872016636673,0.02595207932984041,1.0,0.003631400000000007,0.3498596109047828,1.0,-0.003631400000000007,0.3498596109047828,1.0,1.1449174941446926e-17,0.36790472969341415,1.0,-1.1449174941446926e-17,0.36790472969341415,1.0,0.23354992907856595,0.021418227965055388,0.48841692906482786,10.0,0.07513045462522976,1.0,-0.3171998977661133,0.5485366195588408,1.0
l1tcl_gold_dim_sweep,5e1199ef1252,DRLearner_PooledNoSite,OracleTargetTreated,50,50,5000,10,,0.14362070806527655,0.013319689978697381,0.14944516136091093,5,-0.0800328998438525,0.059042902760450114,-0.043777577220047006,5,0.04868865710627825,0.027113710568435784,0.04004029858598593,5,-0.01303289984385254,0.059042902760450114,0.02322242277995297,5,,,,0,,,,0,0.0,0.0,0.0,5,,,,0,,,,0,,,,0,-0.06699999999999999,0.0,-0.06699999999999999,5,-0.06699999999999999,0.0,-0.06699999999999999,5,-1.1288593967704543e-17,3.2829815683122246e-17,-5.326565396490107e-18,5,-0.06700000000000023,9.813077866773595e-18,-0.06700000000000023,5,1.0,0.0,1.0,5,0.1145239109474037,0.01052645591575729,0.11977395004799021,5,0.28450740608483543,0.030337442763407683,0.3010304318018463,5,0.07262389194938157,0.4121728471777707,-0.007388154578257751,5,0.0193496,0.009373225768112066,0.025393000000000006,5,0.07857349194938157,0.4120389896765473,0.004604845421742255,5,2.6367796834847467e-17,4.7671766637884715e-17,6.938893903907228e-18,5,,,,0,,,,0,,,,0,,,,0,1.7606324195861816,0.35634834309970814,1.6725337505340576,5,-0.6154729637870672,0.008796330881915263,0.8972257499553568,0.11739105979134654,0.7283341288467452,1.0,-0.5212989018392811,0.026720760084941817,1.0,0.11739105979134663,0.728334128846745,1.0,0.0,,,0.0,,,0.0,,,-3.253921727696744e-17,0.15558452176220403,1.0,1.6653345369377347e-17,0.23549636025944287,1.0,0.0,,,-0.538913497055641,0.014020718128472595,1.0,-1.0707891112412375,0.0038416998616528112,0.42642868464346206,0.013091799999999982,0.3369295606961545,1.0,-0.013091799999999982,0.3369295606961545,1.0,-1.0408340855860843e-17,0.7221518387750546,1.0,1.0408340855860843e-17,0.7221518387750546,1.0,,,,,,,-5.746228790283203,0.0001671167089682492,0.015541853934047176
l1tcl_gold_dim_sweep,5e1199ef1252,DRLearner_PooledWithSite,OracleTargetTreated,50,50,5000,10,,0.14242009221311785,0.012439986868476461,0.14729318087602883,5,-0.08022894295551544,0.054471454411877694,-0.05112589904237662,5,0.04437948026191496,0.026906740326514814,0.04014808699861139,5,-0.013228942955515457,0.054471454411877694,0.015874100957623358,5,,,,0,,,,0,0.0,0.0,0.0,5,,,,0,,,,0,,,,0,-0.06699999999999999,0.0,-0.06699999999999999,5,-0.06699999999999999,0.0,-0.06699999999999999,5,-8.33468783430914e-18,3.17131799987193e-17,3.311825915491548e-18,5,-0.06700000000000024,2.4037033579794548e-17,-0.06700000000000024,5,1.0,0.0,1.0,5,0.11359733718654907,0.00977234823174683,0.11779311705716525,5,0.280691822185151,0.03068821199164329,0.30057005954751503,5,0.07291869194938154,0.4117991117470489,-0.007254154578257755,5,0.019054800000000018,0.008749671576693586,0.023047999999999992,5,0.0785734919493816,0.41203898967654734,0.004604845421742258,5,2.0816681711721684e-18,4.654751537338637e-18,0.0,5,,,,0,,,,0,,,,0,,,,0,3.748541164398193,0.47886448061934617,3.737151622772217,5,-0.6166735796392259,0.008874668064636194,0.8972257499553568,0.11719501667968366,0.7297695593282041,1.0,-0.5256080786836443,0.026339888121498345,1.0,0.11719501667968366,0.7297695593282041,1.0,0.0,,,0.0,,,0.0,,,-2.9585311143572036e-17,0.17578278811107514,1.0,-2.7755575615628915e-18,0.8149020114591812,1.0,0.0,,,-0.5398400708164959,0.014113863669879285,1.0,-1.074604695140922,0.0037869685185563957,0.42414047407831634,0.013386599999999966,0.332841176488636,1.0,-0.013386599999999966,0.332841176488636,1.0,1.3877787807814457e-17,0.25768352199813527,1.0,-1.3877787807814457e-17,0.25768352199813527,1.0,,,,,,,-3.7583200454711916,0.0001499459731101725,0.014323872157029302
l1tcl_gold_dim_sweep,5e1199ef1252,EntropyBalancing,FeasibleRestricted,50,50,5000,10,,1.034148207714561,0.13791812003630108,1.021333045417361,5,0.2357076338259303,0.3311706470458897,0.3583562704712193,5,0.366608427356986,0.23709009505661963,0.42535627047121927,5,0.3027076338259302,0.33117064704588967,0.42535627047121927,5,,,,0,,,,0,0.0,0.0,0.0,5,,,,0,,,,0,,,,0,-0.06699999999999999,0.0,-0.06699999999999999,5,-0.06699999999999999,0.0,-0.06699999999999999,5,3.3012214943502553e-18,9.925806018087114e-18,-2.002693491645658e-18,5,-0.06700000000000024,1.8358587643600646e-17,-0.06700000000000023,5,1.0,0.0,1.0,5,0.8305749754666081,0.10831684494201949,0.8288446242991958,5,2.015384400280046,0.33897347046239457,2.033276870110993,5,0.05244349194938155,0.41241753497511946,-0.01690215457825775,5,0.039530000000000017,0.00855975805732846,0.04341599999999999,5,0.07857349194938157,0.41203898967654734,0.004604845421742251,5,3.95516952522712e-17,4.49423967894027e-17,1.734723475976807e-17,5,,,,0,,,,0,,,,0,,,,0,6.315552377700806,0.9116825581808341,6.063398122787476,5,0.27505453586221723,0.12345536623419284,1.0,0.43313159346112934,0.31783895049320793,1.0,-0.20337913158857326,0.20780137621423586,1.0,0.43313159346112934,0.31783895049320793,1.0,0.0,,,0.0,,,0.0,,,-1.794940181491264e-17,0.05087870984281646,1.0,5.551115123125783e-18,0.6884570897760041,1.0,0.0,,,0.1771375674635633,0.25378068178434643,1.0,0.6600878829539731,0.06776406409975592,1.0,-0.007088600000000028,0.6017338955304616,1.0,0.007088600000000028,0.6017338955304616,1.0,-2.3592239273284576e-17,0.4478861671803247,1.0,2.3592239273284576e-17,0.4478861671803247,1.0,,,,,,,-1.1913088321685792,0.059781848069205605,0.9312382877046016
l1tcl_gold_dim_sweep,5e1199ef1252,IPWTransport,FeasibleRestricted,50,50,5000,10,,0.14658010954711886,0.017112786748640228,0.15481018441485475,5,-0.05376152381786078,0.06879489558428932,-0.07084253866393342,5,0.04894494330958576,0.04424138196882416,0.050170889137905086,5,0.013238476182139202,0.06879489558428932,-0.0038425386639334425,5,,,,0,,,,0,0.0,0.0,0.0,5,,,,0,,,,0,,,,0,-0.06699999999999999,0.0,-0.06699999999999999,5,-0.06699999999999999,0.0,-0.06699999999999999,5,-1.0525953893924057e-17,3.010520842236502e-17,-9.61326015639156e-18,5,-0.06700000000000025,2.1942709178604383e-17,-0.06700000000000025,5,1.0,0.0,1.0,5,0.11779402544967339,0.014044862472947771,0.12474455925385429,5,0.28449246908898307,0.04812317166687346,0.3099053678990344,5,0.06813489194938156,0.41815789522372276,-0.012212154578257754,5,0.023838600000000005,0.012111758101118105,0.020368000000000053,5,0.07857349194938154,0.41203898967654734,0.004604845421742251,5,4.787836793695988e-17,4.2802346426315907e-17,5.551115123125783e-17,5,,,,0,,,,0,,,,0,,,,0,2.5147392749786377,0.5282320019668447,2.2843050956726074,5,-0.6125135623052248,0.009554464336883391,0.9363375050145724,0.1436624358173383,0.6642282658073936,1.0,-0.5210426156359735,0.02895815295543256,1.0,0.1436624358173383,0.6642282658073936,1.0,0.0,,,0.0,,,0.0,,,-3.177657720318696e-17,0.1355605604103066,1.0,-1.1102230246251566e-17,0.4050233143090605,1.0,0.0,,,-0.5356433825533713,0.015086347002613701,1.0,-1.07080404823709,0.00404976055431619,0.44142390042046464,0.008602799999999983,0.46422933911683395,1.0,-0.008602799999999983,0.46422933911683395,1.0,-3.191891195797325e-17,0.23345535871597864,1.0,3.191891195797325e-17,0.23345535871597864,1.0,,,,,,,-4.992121934890747,1.6728834318369854e-05,0.0023420368045717795
l1tcl_gold_dim_sweep,5e1199ef1252,OutcomeModelTransport,FeasibleRestricted,50,50,5000,10,,0.1464658150119762,0.015685900460082877,0.15245700669807435,5,-0.04988146625338962,0.0671173976247285,-0.03897719035192357,5,0.05257711411254455,0.03762458173128033,0.0383607424056194,5,0.017118533746610355,0.0671173976247285,0.028022809648076408,5,,,,0,,,,0,0.0,0.0,0.0,5,,,,0,,,,0,,,,0,-0.06699999999999999,0.0,-0.06699999999999999,5,-0.06699999999999999,0.0,-0.06699999999999999,5,-8.840019293131576e-18,2.928107506748506e-17,-2.12202196864677e-18,5,-0.06700000000000024,1.8358587643600646e-17,-0.06700000000000024,5,1.0,0.0,1.0,5,0.1177034327654491,0.013231299836514498,0.12276562204140586,5,0.28650562756789366,0.03915523768537648,0.30539667413029375,5,0.06721029194938156,0.420117557939168,-0.010604154578257755,5,0.024763200000000003,0.012168627724603967,0.026197000000000026,5,0.07857349194938157,0.41203898967654734,0.004604845421742251,5,3.677613769070831e-17,4.7291501857307065e-17,1.734723475976807e-17,5,,,,0,,,,0,,,,0,,,,0,0.5241888046264649,0.06961996686819051,0.5111324787139893,5,-0.6126278568403676,0.009769664730139512,0.9476574788235327,0.14754249338180944,0.6519977258818073,1.0,-0.5174104448330148,0.030672615107953466,1.0,0.14754249338180944,0.6519977258818073,1.0,0.0,,,0.0,,,0.0,,,-3.009064260239447e-17,0.14577313071059003,1.0,5.551115123125783e-18,0.6884570897760041,1.0,0.0,,,-0.5357339752375957,0.015315991210038182,1.0,-1.0687908897581793,0.004335534910304329,0.4682377703128675,0.007678199999999982,0.4698547452958514,1.0,-0.007678199999999982,0.4698547452958514,1.0,-2.0816681711721685e-17,0.5071575069992283,1.0,2.0816681711721685e-17,0.5071575069992283,1.0,,,,,,,-6.98267240524292,3.533369753517611e-05,0.004593380679572895
l1tcl_gold_dim_sweep,5e1199ef1252,ProposedA_FullyDirect,OracleTargetTreated,50,50,5000,10,,0.49041001778973686,0.07244613818945461,0.49443280384543253,5,-0.2153200270363309,0.22418029373661413,-0.29090505965188257,5,0.20871718490891422,0.15264915011073488,0.2239050596518826,5,-0.14832002703633093,0.22418029373661413,-0.2239050596518826,5,,,,0,,,,0,0.0,0.0,0.0,5,,,,0,,,,0,,,,0,-0.06699999999999999,0.0,-0.06699999999999999,5,-0.06699999999999999,0.0,-0.06699999999999999,5,2.057751661698495e-18,1.2094811259133523e-17,-2.517596513103501e-18,5,-0.06700000000000023,1.2018516789897274e-17,-0.06700000000000023,5,1.0,0.0,1.0,5,0.39337813450361725,0.06366943791422207,0.3970132391232493,5,0.9422705529952176,0.13775237391506054,0.9482230266476948,5,0.07119009194938154,0.4043554180808521,0.011237845421742254,5,0.02078340000000002,0.012653815187523506,0.017018000000000033,5,0.07857349194938157,0.41203898967654734,0.004604845421742251,5,3.95516952522712e-17,4.49423967894027e-17,1.734723475976807e-17,5,0.0,0.0,0.0,5,0.0,0.0,0.0,5,,,,0,,,,0,8.277748346328735,1.0879582127651728,7.76147198677063,5,-0.26868365406260686,0.13706388311096881,1.0,-0.01789606740113183,0.9604032749861401,1.0,-0.3612703740366451,0.1361213576160381,1.0,-0.01789606740113183,0.9604032749861401,1.0,0.0,,,0.0,,,0.0,,,-1.9192871647564407e-17,0.0899824154651108,1.0,1.3877787807814457e-17,0.23019964108049873,1.0,0.0,,,-0.26005927349942753,0.14636086510569105,1.0,-0.4130259643308552,0.10372618591142087,1.0,0.011657999999999964,0.44186226131812656,1.0,-0.011657999999999964,0.44186226131812656,1.0,-2.3592239273284576e-17,0.4478861671803247,1.0,2.3592239273284576e-17,0.4478861671803247,1.0,0.0,,,0.0,,,0.7708871364593506,0.32254084670212485,1.0
l1tcl_gold_dim_sweep,5e1199ef1252,ProposedB_LinearStepB,OracleTargetTreated,50,50,5000,10,,0.4820491532285828,0.1599853280992286,0.41707842327732164,5,-0.1446486305333984,0.12772719486183573,-0.19830420182923478,5,0.12075333938064947,0.07499441560836867,0.1313042018292348,5,-0.0776486305333984,0.12772719486183573,-0.1313042018292348,5,,,,0,,,,0,0.0,0.0,0.0,5,,,,0,,,,0,,,,0,-0.06699999999999999,0.0,-0.06699999999999999,5,-0.06699999999999999,0.0,-0.06699999999999999,5,-1.0034936977070423e-17,1.6861443085456834e-17,-1.1228795728574177e-17,5,-0.06700000000000023,2.7755575615628914e-17,-0.06700000000000024,5,1.0,0.0,1.0,5,0.38538935787244355,0.13801628975696487,0.30987855695837296,5,0.9574133766470678,0.3122552857231378,0.8293477626366822,5,0.06903269194938152,0.40661993047574774,0.0011878454217422423,5,0.02294080000000004,0.006327971768268253,0.020100000000000014,5,0.07857349194938157,0.41203898967654734,0.004604845421742248,5,4.0245584642661923e-17,4.4538835219601927e-17,2.0816681711721685e-17,5,0.1912171392617702,0.13493356923385036,0.17498313713126426,5,28.6,23.9436839270819,26.0,5,1.9485989607187502,0.06462307560327796,1.931168419396982,5,10.0,0.0,10.0,5,148.91781845092774,28.163192611849713,139.94278144836426,5,-0.27704451862376084,0.1741841417714065,1.0,0.052775329101800696,0.8812179863199303,1.0,-0.44923421956490994,0.06325936224987108,1.0,0.05277532910180068,0.8812179863199303,1.0,0.0,,,0.0,,,0.0,,,-3.128556028633332e-17,0.03707706948629235,1.0,1.6653345369377347e-17,0.07048399691021993,1.0,0.0,,,-0.2680480501306013,0.18192494936053194,1.0,-0.39788314067900504,0.19171960057543128,1.0,0.009500599999999948,0.5132247575762665,1.0,-0.009500599999999948,0.5132247575762665,1.0,-2.42861286636753e-17,0.4335979120091775,1.0,2.42861286636753e-17,0.4335979120091775,1.0,0.1912171392617702,0.03389747355730754,0.48841692906482786,28.6,0.055752868550294744,1.0,141.41095724105836,0.00034192190662766945,0.027011830623585885
l1tcl_gold_dim_sweep,5e1199ef1252,ProposedB_SourceDR,FeasibleRestricted,50,50,5000,10,,0.10247313852958184,0.026997871925764895,0.09064713902924561,5,-0.07370518945322255,0.05974144856981854,-0.060835074945235164,5,0.040794191347133205,0.03930690237911958,0.039361458100035746,5,-0.006705189453222571,0.05974144856981854,0.006164925054764812,5,,,,0,,,,0,0.0,0.0,0.0,5,,,,0,,,,0,,,,0,-0.06699999999999999,0.0,-0.06699999999999999,5,-0.06699999999999999,0.0,-0.06699999999999999,5,5.954712220083464e-17,6.13754876571648e-17,4.7888541187765615e-17,5,-0.06700000000000024,2.5018537765542006e-17,-0.06700000000000025,5,1.0,0.0,1.0,5,0.07634788512155548,0.021626080210281062,0.07003188653289605,5,0.21605541512084603,0.06256866115001034,0.1903336034801168,5,0.07770249194938153,0.40593204539835837,0.016999845421742252,5,0.014271000000000034,0.00932901321148171,0.018157,5,0.07857349194938157,0.41203898967654734,0.004604845421742246,5,2.671474153004283e-17,6.210697679603363e-17,2.2551405187698492e-17,5,0.1549136870901554,0.12794480511685055,0.12311617462439373,5,16.6,14.791889669680476,14.0,5,1.9485989607187502,0.0646230756032778,1.9311684193969827,5,10.0,0.0,10.0,5,199.61232504844665,8.18874675348138,202.47777104377747,5,-0.6566205333227619,0.007551410316369399,0.8457579554333727,0.12371877018197655,0.7172818839858812,1.0,-0.5291933675984262,0.02831541348429868,1.0,0.12371877018197655,0.7172818839858812,1.0,0.0,,,0.0,,,0.0,,,3.8296498891571736e-17,0.2618176740825829,1.0,5.551115123125783e-18,0.6884570897760041,1.0,0.0,,,-0.5770895228814892,0.011840388429462516,1.0,-1.139241102205227,0.0028668611519386466,0.3698250886000854,0.018170399999999955,0.2292089712504363,1.0,-0.018170399999999955,0.2292089712504363,1.0,-1.0755285551056204e-17,0.7851738862193879,1.0,1.0755285551056204e-17,0.7851738862193879,1.0,0.1549136870901554,0.053681575976482925,0.48841692906482786,16.6,0.06609986005592575,1.0,192.10546383857726,5.742681086130062e-07,9.877411468143706e-05
l1tcl_gold_dim_sweep,5e1199ef1252,ProxyOnly,FeasibleRestricted,50,50,5000,10,,0.7590936718523438,0.2999890016675676,0.7091033618171018,5,-0.19742395963519913,0.7165243917906893,0.10630706019869132,5,0.5699875589455593,0.35855675129437364,0.6036730527297853,5,-0.1304239596351991,0.7165243917906893,0.1733070601986913,5,,,,0,,,,0,0.0,0.0,0.0,5,,,,0,,,,0,,,,0,-0.06699999999999999,0.0,-0.06699999999999999,5,-0.06699999999999999,0.0,-0.06699999999999999,5,2.12506233092629e-17,9.267056651037498e-18,1.932128339409191e-17,5,-0.06700000000000024,1.8358587643600646e-17,-0.06700000000000024,5,1.0,0.0,1.0,5,0.6534374080030447,0.29802815125771126,0.6180998871269561,5,1.3552965173260727,0.42260131324509104,1.2282756318457408,5,0.05953209194938158,0.4327808690877787,0.00688284542174225,5,0.03244139999999999,0.02618823369950711,0.037117999999999984,5,0.0785734919493816,0.41203898967654734,0.004604845421742251,5,1.5959455978986624e-17,2.3221980631040627e-17,6.938893903907228e-18,5,0.0,0.0,0.0,5,0.0,0.0,0.0,5,,,,0,,,,0,7.506861209869385,0.7340263896187235,7.205272197723389,5,,,,,,,,,,,,,,,,,,,,,,,,,,,,,,,,,,,,,,,,,,,,,,,,,,,,,,,,,
l1tcl_gold_dim_sweep,5e1199ef1252,TargetOnlyDR,OracleTargetTreated,50,50,5000,10,,0.5812498802094085,0.18375540693875686,0.5021233049934896,5,-0.19391920903593385,0.21768274155929582,-0.23924771214534996,5,0.20800511446882858,0.11592550816868097,0.2027147635822368,5,-0.12691920903593384,0.2176827415592958,-0.17224771214534998,5,,,,0,,,,0,0.0,0.0,0.0,5,,,,0,,,,0,,,,0,-0.06699999999999999,0.0,-0.06699999999999999,5,-0.06699999999999999,0.0,-0.06699999999999999,5,1.2595603829113255e-18,1.6384146456094876e-17,5.091760818107798e-21,5,-0.06700000000000024,2.0816681711721685e-17,-0.06700000000000024,5,1.0,0.0,1.0,5,0.46201389770366025,0.15453166481777939,0.3981191113136392,5,1.1717512180066962,0.34424796683956027,1.0419000476819578,5,0.07192709194938156,0.4074035667715841,0.006413845421742248,5,0.02004640000000002,0.008417290823061791,0.02050200000000002,5,0.07857349194938154,0.41203898967654734,0.004604845421742251,5,5.0653925498522766e-17,3.9221633610538255e-17,5.551115123125783e-17,5,0.0,0.0,0.0,5,0.0,0.0,0.0,5,,,,0,,,,0,5.628467321395874,0.1793171582467288,5.655027151107788,5,-0.1778437916429352,0.3986993682936726,1.0,0.0035047505992652273,0.9921508409540801,1.0,-0.3619824444767307,0.14093790521297297,1.0,0.0035047505992652495,0.99215084095408,1.0,0.0,,,0.0,,,0.0,,,-1.9991062926351576e-17,0.05801251152322773,1.0,1.1102230246251566e-17,0.29425636802442634,1.0,0.0,,,-0.1914235102993845,0.34604533917690217,1.0,-0.18354529931937655,0.5599030981742034,1.0,0.012394999999999967,0.39559216119443574,1.0,-0.012394999999999965,0.39559216119443597,1.0,-3.469446951953614e-17,0.1854617544025925,1.0,3.469446951953614e-17,0.1854617544025925,1.0,0.0,,,0.0,,,-1.8783938884735107,0.0019241009571740145,0.08754621847147924
l1tcl_gold_dim_sweep,7d56d0f243a6,AnchorOnly,OracleTargetTreated,200,200,5000,10,,0.20316778505164837,0.03231427004503319,0.20339520316198972,5,-0.044027931388941045,0.05738282181793008,-0.05176995433971561,5,0.04875314351082387,0.03132645698756207,0.035890165677296706,5,0.022972068611058927,0.057382821817930085,0.015230045660284366,5,,,,0,,,,0,0.0,0.0,0.0,5,,,,0,,,,0,,,,0,-0.06699999999999999,0.0,-0.06699999999999999,5,-0.06699999999999999,0.0,-0.06699999999999999,5,-4.4801057016679125e-17,8.647396108088872e-17,-1.4647533834933823e-17,5,-0.06700000000000024,2.0816681711721685e-17,-0.06700000000000024,5,1.0,0.0,1.0,5,0.15378801723382254,0.0282923299149576,0.146767326472278,5,0.38671406000107506,0.08222407014448416,0.3923768617806142,5,0.12000386052341161,0.14769015975001265,0.1254013044385976,5,0.02767099999999999,0.009613507788523379,0.026800000000000004,5,0.1342748605234116,0.14559644196907834,0.13035930443859758,5,3.469446951953614e-18,2.023017827855918e-17,6.938893903907228e-18,5,0.017603469192218384,0.00977144263915537,0.01809213131766151,5,0.2,0.44721359549995804,0.0,5,,,,0,,,,0,15.735724401473998,0.8104812109291409,15.88440203666687,5,-0.10544497832000987,0.028659941673647528,1.0,0.12472709552374335,0.08340693490729316,1.0,-0.08388000933554421,0.09331329141171693,1.0,0.12472709552374335,0.0834069349072931,1.0,0.0,,,0.0,,,0.0,,,-4.193042907374502e-17,0.36658198285491156,1.0,8.326672684688674e-18,0.373900966300059,1.0,0.0,,,-0.08949962570370087,0.034097671309532465,1.0,-0.21383865994292037,0.02352314420991103,1.0,-0.00809359999999997,0.07392830150856262,1.0,0.00809359999999997,0.07392830150856262,1.0,5.204170427930421e-18,0.4089650038544071,1.0,-5.204170427930421e-18,0.4089650038544071,1.0,0.017603469192218384,0.015755384808542834,0.48841692906482786,0.2,0.373900966300059,1.0,7.771527814865112,0.00014749193293068296,0.014323872157029302
l1tcl_gold_dim_sweep,7d56d0f243a6,AnchorPlugin,FeasibleRestricted,200,200,5000,10,,0.16207001043487843,0.020949467979771846,0.15401234561074983,5,-0.1108385964657482,0.060784967435376064,-0.12103214614270252,5,0.062295609455178605,0.035301016196250604,0.05403214614270255,5,-0.043838596465748225,0.060784967435376064,-0.05403214614270255,5,,,,0,,,,0,0.0,0.0,0.0,5,,,,0,,,,0,,,,0,-0.06699999999999999,0.0,-0.06699999999999999,5,-0.06699999999999999,0.0,-0.06699999999999999,5,1.942323640833113e-17,6.172333427344118e-17,4.1393243276609946e-17,5,-0.06700000000000023,2.1942709178604383e-17,-0.06700000000000024,5,1.0,0.0,1.0,5,0.12854929444154034,0.01641148713709203,0.12232551010225534,5,0.3212242072991358,0.049538873838203754,0.2929090311917889,5,0.13108566052341158,0.15183989953552768,0.12379330443859758,5,0.01658920000000001,0.009407787768652096,0.012529000000000005,5,0.13427486052341162,0.14559644196907834,0.1303593044385976,5,2.0816681711721684e-18,3.103167691559091e-18,0.0,5,0.05236036464536884,0.018222423899320685,0.05658270398962128,5,0.8,1.7888543819998322,0.0,5,,,,0,,,,0,7.269168758392334,1.3573969731634963,7.174351215362549,5,-0.1465427529367798,0.0027154812989454154,0.4073221948418123,0.057916430446936194,0.12805079807103634,1.0,-0.0703375433911895,0.03642020201238392,1.0,0.05791643044693621,0.12805079807103628,1.0,0.0,,,0.0,,,0.0,,,2.2293864351265245e-17,0.4022621059855529,1.0,1.3877787807814457e-17,0.3261642353450604,1.0,0.0,,,-0.11473834849598308,0.0053934529256177925,0.7621705961367138,-0.2793285126448597,0.002691466699113989,0.35527360428304655,0.0029882000000000077,0.18687060462407312,1.0,-0.002988200000000007,0.18687060462407315,1.0,6.591949208711867e-18,0.2966055426141291,1.0,-6.591949208711867e-18,0.2966055426141291,1.0,0.05236036464536884,0.0030168559182517573,0.15687650774909137,0.8,0.373900966300059,1.0,-0.6950278282165527,0.4400719723188809,1.0
l1tcl_gold_dim_sweep,7d56d0f243a6,DRLearner_PooledNoSite,OracleTargetTreated,200,200,5000,10,,0.0492206995967805,0.009305456886257427,0.0477320999136552,5,-0.04834802550639809,0.03169278941495655,-0.05219864989119726,5,0.029239548638691597,0.01925133984415724,0.026468935362724294,5,0.01865197449360188,0.03169278941495655,0.014801350108802715,5,,,,0,,,,0,0.0,0.0,0.0,5,,,,0,,,,0,,,,0,-0.06699999999999999,0.0,-0.06699999999999999,5,-0.06699999999999999,0.0,-0.06699999999999999,5,-1.487707307312989e-17,1.9955090255858808e-16,-8.0065909563337e-17,5,-0.06700000000000025,2.6874220530932865e-17,-0.06700000000000027,5,1.0,0.0,1.0,5,0.04097962936186098,0.009216150680694096,0.038202631597939546,5,0.09241541778032134,0.012497803884959897,0.09064782539772791,5,0.1373434605234116,0.14233107798153577,0.1436923044385976,5,0.010331400000000003,0.008832622985274525,0.007303000000000004,5,0.1342748605234116,0.14559644196907834,0.1303593044385976,5,2.4286128663675298e-18,3.381598593091618e-18,0.0,5,,,,0,,,,0,,,,0,,,,0,1.042056131362915,0.45192586406669194,1.291417121887207,5,-0.2593920637748777,0.00067530064476124,0.11750231218845576,0.12040700140628631,0.11043436204409401,1.0,-0.10339360420767649,0.06138532945526807,1.0,0.12040700140628631,0.11043436204409401,1.0,0.0,,,0.0,,,0.0,,,-1.2006445130195778e-17,0.8946565285149204,1.0,-1.1102230246251566e-17,0.5542579947169399,1.0,0.0,,,-0.20230801357566244,0.0014192484949324842,0.2446903728108478,-0.5081373021636741,0.0007594579901293226,0.12632149287248723,0.009246000000000015,0.16745160662123298,1.0,-0.009246000000000015,0.16745160662123298,1.0,6.245004513516506e-18,0.3133664955648933,1.0,-6.245004513516506e-18,0.3133664955648933,1.0,,,,,,,-6.922140455245971,3.0502461599075983e-05,0.0039958224694789535
l1tcl_gold_dim_sweep,7d56d0f243a6,DRLearner_PooledWithSite,OracleTargetTreated,200,200,5000,10,,0.04901862406585923,0.009037549966892471,0.04715957769589183,5,-0.048574836042113524,0.03161170039981259,-0.052157997031560425,5,0.029124263961245234,0.019062515486050077,0.02674775000839695,5,0.018425163957886452,0.03161170039981259,0.01484200296843955,5,,,,0,,,,0,0.0,0.0,0.0,5,,,,0,,,,0,,,,0,-0.06699999999999999,0.0,-0.06699999999999999,5,-0.06699999999999999,0.0,-0.06699999999999999,5,-1.6208984406878236e-17,1.963548142565419e-16,-7.548008080471981e-17,5,-0.06700000000000025,2.5962963631595152e-17,-0.06700000000000025,5,1.0,0.0,1.0,5,0.04079482102885777,0.008984309400634723,0.03770701270447123,5,0.09199779782150144,0.012034795940872782,0.08965580430073469,5,0.13746406052341162,0.14277318431921468,0.1436923044385976,5,0.010210800000000003,0.008577386997215398,0.007102000000000025,5,0.1342748605234116,0.14559644196907834,0.1303593044385976,5,2.7755575615628915e-18,3.800588715305074e-18,0.0,5,,,,0,,,,0,,,,0,,,,0,1.8951969623565674,1.0405196024152925,1.4076435565948486,5,-0.259594139305799,0.0006708417407274334,0.11739730462730084,0.12018019087057089,0.11102334316052756,1.0,-0.10350888888512286,0.06134692756526122,1.0,0.12018019087057089,0.11102334316052756,1.0,0.0,,,0.0,,,0.0,,,-1.3338356463944113e-17,0.8808474028585538,1.0,-8.326672684688674e-18,0.6656634261609806,1.0,0.0,,,-0.20249282190866563,0.0014143952185598138,0.2446903728108478,-0.5085549221224941,0.0007519136480505192,0.12632149287248723,0.009366600000000013,0.15179567305915484,1.0,-0.009366600000000013,0.15179567305915484,1.0,5.898059818321144e-18,0.34622101288068474,1.0,-5.898059818321144e-18,0.34622101288068474,1.0,,,,,,,-6.068999624252319,1.6736182882299426e-05,0.0023420368045717795
l1tcl_gold_dim_sweep,7d56d0f243a6,EntropyBalancing,FeasibleRestricted,200,200,5000,10,,0.2517919779606888,0.10973065085258962,0.26049571005180916,5,-0.10838548659023665,0.13063690521623006,-0.17013189245950933,5,0.11550337205305979,0.05030569485980854,0.13260637171901823,5,-0.04138548659023668,0.13063690521623006,-0.10313189245950935,5,,,,0,,,,0,0.0,0.0,0.0,5,,,,0,,,,0,,,,0,-0.06699999999999999,0.0,-0.06699999999999999,5,-0.06699999999999999,0.0,-0.06699999999999999,5,1.6234512222797454e-17,2.5540679761072748e-17,1.9070122436230075e-17,5,-0.06700000000000024,2.0816681711721685e-17,-0.06700000000000024,5,1.0,0.0,1.0,5,0.20128395881128053,0.0869468215443024,0.2079740608531038,5,0.5036971620022135,0.22158232285001436,0.5302590372450964,5,0.12552466052341157,0.15662736816101053,0.1357863044385976,5,0.02215020000000001,0.014412835310930324,0.020636000000000043,5,0.1342748605234116,0.14559644196907834,0.13035930443859758,5,3.122502256758253e-18,2.0170589995134095e-17,5.204170427930421e-18,5,,,,0,,,,0,,,,0,,,,0,4.722583770751953,2.2707296769541983,4.581096172332764,5,-0.05682078541096941,0.2431392527736831,1.0,0.060369540322447755,0.15105844203459662,1.0,-0.017129780793308312,0.6608157560672596,1.0,0.060369540322447755,0.15105844203459662,1.0,0.0,,,0.0,,,0.0,,,1.9105140165731566e-17,0.2909436913568429,1.0,8.326672684688674e-18,0.4263172079403687,1.0,0.0,,,-0.042003684126242904,0.2671681277874173,1.0,-0.096855557941782,0.32656507551865355,1.0,-0.002572799999999992,0.5397871762241093,1.0,0.002572799999999992,0.5397871762241093,1.0,5.551115123125783e-18,0.373900966300059,1.0,-5.551115123125783e-18,0.373900966300059,1.0,,,,,,,-3.2416128158569335,0.013532451712949912,0.3518437445366977
l1tcl_gold_dim_sweep,7d56d0f243a6,IPWTransport,FeasibleRestricted,200,200,5000,10,,0.2074220097715062,0.06489107753831412,0.1826302888155539,5,-0.07247251736757952,0.11800240397651825,-0.12319529318523345,5,0.09410205307577106,0.05378668432629438,0.09611751558955078,5,-0.00547251736757956,0.11800240397651825,-0.056195293185233475,5,,,,0,,,,0,0.0,0.0,0.0,5,,,,0,,,,0,,,,0,-0.06699999999999999,0.0,-0.06699999999999999,5,-0.06699999999999999,0.0,-0.06699999999999999,5,1.7968460538310546e-17,3.378485326487547e-17,1.598627474006967e-17,5,-0.06700000000000024,2.5962963631595152e-17,-0.06700000000000023,5,1.0,0.0,1.0,5,0.16655103767404938,0.05205764684301974,0.14693213798545166,5,0.4131715742526258,0.1312117736333513,0.36699211105942847,5,0.12496186052341163,0.15776792658497066,0.13598730443859758,5,0.02271299999999998,0.015492799295156458,0.02117199999999997,5,0.13427486052341162,0.14559644196907834,0.13035930443859758,5,1.734723475976807e-18,1.9778890766513102e-17,3.469446951953614e-18,5,,,,0,,,,0,,,,0,,,,0,1.9007495403289796,0.9498949616341809,2.1914515495300293,5,-0.10119075360015202,0.054359614403638,1.0,0.09628250954510487,0.07660300997274065,1.0,-0.03853109977059703,0.5028162691033147,1.0,0.09628250954510487,0.07660300997274065,1.0,0.0,,,0.0,,,0.0,,,2.083908848124466e-17,0.3851575488264744,1.0,1.6653345369377347e-17,0.323940830991843,1.0,0.0,,,-0.076736605263474,0.08654456397718618,1.0,-0.1873811456913697,0.06976138667837113,1.0,-0.003135599999999963,0.4980541777350149,1.0,0.003135599999999963,0.4980541777350149,1.0,6.938893903907228e-18,0.26626462796630995,1.0,-6.938893903907228e-18,0.26626462796630995,1.0,,,,,,,-6.063447046279907,8.748684327072599e-05,0.009430255267274635
l1tcl_gold_dim_sweep,7d56d0f243a6,OutcomeModelTransport,FeasibleRestricted,200,200,5000,10,,0.043677103567676456,0.013839717264712984,0.043027975990066386,5,-0.045631832864053395,0.019935480797947058,-0.03391649293348807,5,0.025027680813490445,0.013608475096609946,0.033083507066511905,5,0.02136816713594658,0.019935480797947058,0.033083507066511905,5,,,,0,,,,0,0.0,0.0,0.0,5,,,,0,,,,0,,,,0,-0.06699999999999999,0.0,-0.06699999999999999,5,-0.06699999999999999,0.0,-0.06699999999999999,5,-7.287279121671562e-18,2.26592635667543e-16,-1.2357056844504822e-16,5,-0.06700000000000024,1.3877787807814457e-17,-0.06700000000000024,5,1.0,0.0,1.0,5,0.035515567112740724,0.011239886476594846,0.03640938068170556,5,0.08535021881653053,0.02832981039755863,0.08039150575944123,5,0.13963486052341162,0.14487585519594945,0.1436923044385976,5,0.008039999999999988,0.007395234073374553,0.006900999999999935,5,0.1342748605234116,0.14559644196907834,0.13035930443859758,5,3.122502256758253e-18,2.009585617020829e-17,6.938893903907228e-18,5,,,,0,,,,0,,,,0,,,,0,0.22700967788696289,0.11956804559675527,0.29025864601135254,5,-0.26493565980398176,0.0004001643469371535,0.07042892506093901,0.12312319404863101,0.11191932911426947,1.0,-0.10760547203287765,0.0339936448531576,1.0,0.12312319404863101,0.11191932911426947,1.0,0.0,,,0.0,,,0.0,,,-4.416651178737449e-18,0.9661254780389242,1.0,5.551115123125783e-18,0.648261294967307,1.0,0.0,,,-0.20777207582478266,0.0008539387907852434,0.15029322717820284,-0.515202501127465,0.0004424003505329615,0.07742006134326826,0.01153740000000003,0.13949845720204423,1.0,-0.01153740000000003,0.13949845720204418,1.0,5.551115123125783e-18,0.38212578999575153,1.0,-5.551115123125783e-18,0.38212578999575153,1.0,,,,,,,-7.737186908721924,4.079731435795691e-05,0.005058866980386657
l1tcl_gold_dim_sweep,7d56d0f243a6,ProposedA_FullyDirect,OracleTargetTreated,200,200,5000,10,,0.19464252848759625,0.024492097769605835,0.19428973731217913,5,-0.053217973289059015,0.05321114256954944,-0.05449355461678844,5,0.04362906225347689,0.026258087849005247,0.05441769518151156,5,0.013782026710940956,0.05321114256954944,0.012506445383211537,5,,,,0,,,,0,0.0,0.0,0.0,5,,,,0,,,,0,,,,0,-0.06699999999999999,0.0,-0.06699999999999999,5,-0.06699999999999999,0.0,-0.06699999999999999,5,-6.615440247897308e-17,1.4353452480050426e-16,-1.3927625847204209e-18,5,-0.06700000000000024,1.8358587643600646e-17,-0.06700000000000024,5,1.0,0.0,1.0,5,0.15040126222556333,0.022882836867409533,0.14115378030455086,5,0.3673726899461924,0.048645871273425643,0.3891881010182672,5,0.12100886052341162,0.14698550731704724,0.12453030443859758,5,0.026666000000000002,0.009947074620208683,0.026934,5,0.1342748605234116,0.14559644196907834,0.13035930443859758,5,3.122502256758253e-18,2.0170589995134095e-17,5.204170427930421e-18,5,0.0,0.0,0.0,5,0.0,0.0,0.0,5,,,,0,,,,0,9.967994785308838,1.0732722927856757,9.71202802658081,5,-0.11397023488406197,0.019054380140396353,1.0,0.11553705362362539,0.08156861967185404,1.0,-0.0890040905928912,0.06521149001283175,1.0,0.11553705362362539,0.08156861967185404,1.0,0.0,,,0.0,,,0.0,,,-6.328377453603897e-17,0.39841432039023134,1.0,8.326672684688674e-18,0.607167577712837,1.0,0.0,,,-0.0928863807119601,0.030065180354612135,1.0,-0.23318002999780316,0.015030074667194915,0.9969771337631887,-0.00708859999999998,0.1241048952543366,1.0,0.007088599999999981,0.12410489525433654,1.0,5.551115123125783e-18,0.373900966300059,1.0,-5.551115123125783e-18,0.373900966300059,1.0,0.0,,,0.0,,,2.0037981986999513,0.0011263780575922484,0.06307717122516592
l1tcl_gold_dim_sweep,7d56d0f243a6,ProposedB_LinearStepB,OracleTargetTreated,200,200,5000,10,,0.20305913802100156,0.03181294191316536,0.20525914862508704,5,-0.04506127816847613,0.056952972193139474,-0.05068462140484121,5,0.048669584397189776,0.029738272972547882,0.03613679516295859,5,0.021938721831523844,0.056952972193139474,0.016315378595158768,5,,,,0,,,,0,0.0,0.0,0.0,5,,,,0,,,,0,,,,0,-0.06699999999999999,0.0,-0.06699999999999999,5,-0.06699999999999999,0.0,-0.06699999999999999,5,-4.1326962893412295e-17,8.112236556146006e-17,-1.1318709212393693e-17,5,-0.06700000000000024,2.3013707539344673e-17,-0.06700000000000023,5,1.0,0.0,1.0,5,0.1539441669422945,0.02769190087126376,0.1477120235068917,5,0.38364182284765946,0.08155368473972417,0.3835085827480982,5,0.12000386052341158,0.14790305026346764,0.1257363044385976,5,0.02767100000000001,0.009888687046317117,0.026465000000000002,5,0.1342748605234116,0.14559644196907834,0.13035930443859758,5,9.020562075079397e-18,1.140176614591522e-17,6.938893903907228e-18,5,0.049252959310098356,0.00835157028106285,0.05228828851138257,5,1.0,2.23606797749979,0.0,5,0.0016553476241942572,0.0011898261472718832,0.001276061209668255,5,1.4,0.5477225575051661,1.0,5,33.349819564819335,5.972926291352677,32.16193890571594,5,-0.10555362535065667,0.027299728982110735,1.0,0.12369374874420827,0.0839673492192717,1.0,-0.08396356844917832,0.0951775208392838,1.0,0.12369374874420827,0.0839673492192717,1.0,0.0,,,0.0,,,0.0,,,-3.845633495047818e-17,0.38149933973246786,1.0,8.326672684688674e-18,0.20799999999999996,1.0,0.0,,,-0.08934347599522889,0.03288200716895845,1.0,-0.216910897096336,0.020786371195566193,1.0,-0.008093599999999996,0.07329790387702309,1.0,0.008093599999999996,0.07329790387702309,1.0,-3.4694469519536144e-19,0.373900966300059,1.0,3.4694469519536144e-19,0.373900966300059,1.0,0.049252959310098356,0.0001910231586448078,0.011079343201398853,1.0,0.373900966300059,1.0,25.38562297821045,0.0004774040830814729,0.0334182858157031
l1tcl_gold_dim_sweep,7d56d0f243a6,ProposedB_SourceDR,FeasibleRestricted,200,200,5000,10,,0.06510260518616155,0.008726324745331237,0.06492382518417736,5,-0.05330920247821118,0.02002753090382338,-0.053854135178658794,5,0.018562099978601292,0.014307689211133488,0.013145864821341183,5,0.013690797521788794,0.02002753090382338,0.013145864821341183,5,,,,0,,,,0,0.0,0.0,0.0,5,,,,0,,,,0,,,,0,-0.06699999999999999,0.0,-0.06699999999999999,5,-0.06699999999999999,0.0,-0.06699999999999999,5,3.381546953065702e-17,6.548555310782059e-17,3.346347365735433e-17,5,-0.06700000000000023,9.813077866773595e-18,-0.06700000000000023,5,1.0,0.0,1.0,5,0.04479104444346077,0.005753812203699423,0.04458423892891426,5,0.13970655673354043,0.02593116939451341,0.12869527237865136,5,0.1385226605234116,0.14796119318174517,0.14228530443859758,5,0.00915220000000001,0.00600194361852891,0.008844000000000001,5,0.1342748605234116,0.14559644196907834,0.13035930443859758,5,7.28583859910259e-18,1.1662709904749776e-17,3.469446951953614e-18,5,0.037740404915557815,0.015426487319816183,0.03438646464008007,5,1.8,2.489979919597747,0.0,5,0.0016553476241942574,0.001189826147271884,0.0012760612096682552,5,1.4,0.5477225575051661,1.0,5,31.601048231124878,12.076730647480877,28.08826494216919,5,-0.24351015818549668,0.0007827704969960567,0.1352927483732838,0.11544582443447322,0.10924413930507614,1.0,-0.11407105286776678,0.05232241607900895,1.0,0.11544582443447322,0.10924413930507614,1.0,0.0,,,0.0,,,0.0,,,3.668609747359114e-17,0.3955892717019673,1.0,1.9428902930940238e-17,0.1347019353189672,1.0,0.0,,,-0.19849659849406265,0.0015113043347492882,0.2554104325726297,-0.460846163210455,0.0012520082175839409,0.1928092655079269,0.01042520000000001,0.10424505303006691,1.0,-0.010425200000000006,0.10424505303006691,1.0,1.3877787807814458e-18,0.373900966300059,1.0,-1.3877787807814458e-18,0.373900966300059,1.0,0.037740404915557815,0.005432603683514888,0.26076497680871463,1.8,0.18130341427595284,1.0,23.636851644515993,0.010027013513008248,0.27150236636337605
l1tcl_gold_dim_sweep,7d56d0f243a6,ProxyOnly,FeasibleRestricted,200,200,5000,10,,0.3086127633716582,0.06298724207304152,0.33050842298975486,5,-0.1687550269126844,0.12780422471564193,-0.16899065456238493,5,0.1326331528463681,0.08536442578854299,0.10199065456238496,5,-0.10175502691268443,0.12780422471564193,-0.10199065456238496,5,,,,0,,,,0,0.0,0.0,0.0,5,,,,0,,,,0,,,,0,-0.06699999999999999,0.0,-0.06699999999999999,5,-0.06699999999999999,0.0,-0.06699999999999999,5,-2.8706279429341177e-18,2.6993209128655272e-17,3.1591699425848545e-18,5,-0.06700000000000025,1.8358587643600646e-17,-0.06700000000000024,5,1.0,0.0,1.0,5,0.24328764293752342,0.05897035764721241,0.2578631367858195,5,0.6005527199439955,0.12534808601037256,0.6563969611906912,5,0.1280974605234116,0.15351810072994204,0.1256023044385976,5,0.019577400000000016,0.01018426447025016,0.018157000000000006,5,0.1342748605234116,0.14559644196907834,0.13035930443859758,5,8.673617379884035e-18,1.1506853769672337e-17,5.204170427930421e-18,5,0.0,0.0,0.0,5,0.0,0.0,0.0,5,,,,0,,,,0,7.964196586608887,0.9325234758726473,8.39197301864624,5,,,,,,,,,,,,,,,,,,,,,,,,,,,,,,,,,,,,,,,,,,,,,,,,,,,,,,,,,
l1tcl_gold_dim_sweep,7d56d0f243a6,TargetOnlyDR,OracleTargetTreated,200,200,5000,10,,0.20725641600964845,0.025658796283122034,0.20251543157704704,5,-0.044128765968379925,0.05908886371261365,-0.039064513375648244,5,0.0490250009369553,0.033779388707074955,0.05353096796100537,5,0.02287123403162006,0.05908886371261364,0.027935486624351732,5,,,,0,,,,0,0.0,0.0,0.0,5,,,,0,,,,0,,,,0,-0.06699999999999999,0.0,-0.06699999999999999,5,-0.06699999999999999,0.0,-0.06699999999999999,5,-5.0044453340295815e-17,5.910620012488593e-17,-2.342361637574285e-17,5,-0.06700000000000023,3.6055550369691825e-17,-0.06700000000000024,5,1.0,0.0,1.0,5,0.15767015250257085,0.024433890525339626,0.15229397465805677,5,0.3920819779561814,0.05337945941117033,0.3948831022363909,5,0.12004406052341159,0.1489723114612026,0.1226543044385976,5,0.0276308,0.010297814996396074,0.030820000000000007,5,0.1342748605234116,0.14559644196907834,0.13035930443859758,5,7.979727989493312e-18,1.1480672043438984e-17,5.204170427930421e-18,5,0.0,0.0,0.0,5,0.0,0.0,0.0,5,,,,0,,,,0,18.84198112487793,1.3670138982314195,19.354592084884644,5,-0.1013563473620098,0.028881368035534177,1.0,0.12462626094430447,0.05193187289491379,1.0,-0.08360815190941279,0.08973471099142544,1.0,0.12462626094430448,0.05193187289491379,1.0,0.0,,,0.0,,,0.0,,,-4.7173825397361687e-17,0.1835551214991948,1.0,1.1102230246251566e-17,0.5964759491083758,1.0,0.0,,,-0.08561749043495256,0.04060824173453258,1.0,-0.2084707419878141,0.01963046962685842,1.0,-0.008053399999999983,0.05707174215223663,1.0,0.008053399999999983,0.05707174215223663,1.0,6.938893903907229e-19,0.373900966300059,1.0,-6.938893903907229e-19,0.373900966300059,1.0,0.0,,,0.0,,,10.877784538269044,0.000183948805055192,0.016555392454967278
l1tcl_gold_dim_sweep,7f56eded32ca,AnchorOnly,OracleTargetTreated,100,100,5000,10,,0.333861578065871,0.05246181734260204,0.30954472504594244,5,-0.000542065541604625,0.09309442113323274,-0.03665529666735142,5,0.06981466613017254,0.08997101229364284,0.030344703332648555,5,0.06645793445839535,0.09309442113323273,0.030344703332648555,5,,,,0,,,,0,0.0,0.0,0.0,5,,,,0,,,,0,,,,0,-0.06699999999999999,0.0,-0.06699999999999999,5,-0.06699999999999999,0.0,-0.06699999999999999,5,-1.7084288627542028e-17,2.2189827253428736e-17,-1.685387355457579e-17,5,-0.06700000000000024,2.0816681711721685e-17,-0.06700000000000024,5,1.0,0.0,1.0,5,0.2642789879272102,0.03754003271903368,0.24832220692984983,5,0.6467834424941673,0.14296339316861792,0.5825414302588705,5,0.04281923410324211,0.8597161863823988,-0.14071092659813061,5,0.03270939999999996,0.00826281421792845,0.02894399999999997,5,0.062128634103242056,0.8581287927858767,-0.10855092659813062,5,8.604228440844963e-17,2.0024450414965762e-16,0.0,5,0.011150963072145357,0.0014521533603113568,0.011095981921362134,5,10.2,6.685805860178712,13.0,5,,,,0,,,,0,16.762316179275512,1.1645760962199925,16.550367832183838,5,-0.887471518791276,0.05090389058561331,1.0,0.10781457945563111,0.876231212869663,1.0,-1.0190698921934844,0.06119255837123325,1.0,0.10781457945563103,0.8762312128696631,1.0,0.0,,,0.0,,,0.0,,,-2.398610174257911e-17,0.06771274623336597,1.0,-1.1102230246251566e-17,0.29425636802442634,1.0,0.0,,,-0.8758523291563304,0.06367282439200894,1.0,-1.195544221245458,0.0190569157226429,1.0,0.001125600000000071,0.9330027805963675,1.0,-0.001125600000000071,0.9330027805963675,1.0,-1.9428902930940238e-17,0.4468358966258564,1.0,1.9428902930940238e-17,0.4468358966258564,1.0,0.011150963072145357,6.749237049041334e-05,0.004319511711386454,10.2,0.02699286279381014,0.6208358442576332,6.664088153839112,0.00018093355779507308,0.016464953759351652
l1tcl_gold_dim_sweep,7f56eded32ca,AnchorPlugin,FeasibleRestricted,100,100,5000,10,,0.969439031563726,0.32226787637015886,0.8867669063056695,5,-0.13999117985673654,0.774471532568654,-0.01264487938403732,5,0.5510733990558737,0.47630182788500286,0.32585862754705364,5,-0.0729911798567366,0.774471532568654,0.054355120615962656,5,,,,0,,,,0,0.0,0.0,0.0,5,,,,0,,,,0,,,,0,-0.06699999999999999,0.0,-0.06699999999999999,5,-0.06699999999999999,0.0,-0.06699999999999999,5,4.47550612364945e-18,4.450096090362342e-18,3.849258791804326e-18,5,-0.06700000000000024,1.6996749443881478e-17,-0.06700000000000024,5,1.0,0.0,1.0,5,0.8096013663326694,0.29589098499924826,0.8149917998348266,5,1.7784447939609493,0.573545216371937,1.6634609548432147,5,0.042832634103242076,0.8805019170287788,-0.1356189265981306,5,0.032696,0.02335529088879004,0.032562000000000035,5,0.0621286341032421,0.8581287927858765,-0.10855092659813062,5,4.163336342344337e-17,1.0103182026100663e-16,0.0,5,0.042068035179619524,0.030117107927170414,0.03354861782133318,5,50.0,18.721645226849056,55.0,5,,,,0,,,,0,8.928431749343872,0.6063344196276756,8.757635354995728,5,-0.25189406529342084,0.3508905384333198,1.0,-0.03163453485950083,0.9246267454561516,1.0,-0.5378111592677832,0.030017520278427662,1.0,-0.03163453485950085,0.9246267454561515,1.0,0.0,,,0.0,,,0.0,,,-2.4263069913876346e-18,0.8414576638365923,1.0,-8.326672684688674e-18,0.5528894339334172,1.0,0.0,,,-0.3305299507508713,0.24920296183339313,1.0,-0.06388286977867579,0.8241421442187569,1.0,0.0011390000000000178,0.8519417775896537,1.0,-0.0011390000000000178,0.8519417775896537,1.0,2.4980018054066023e-17,0.6686948306260321,1.0,-2.4980018054066023e-17,0.6686948306260321,1.0,0.042068035179619524,0.035411019771763336,0.48841692906482786,50.0,0.003949941183878249,0.11849823551634746,-1.1697962760925293,0.00024794754720771413,0.021075541512655702
l1tcl_gold_dim_sweep,7f56eded32ca,DRLearner_PooledNoSite,OracleTargetTreated,100,100,5000,10,,0.14340050156590012,0.0119141979451348,0.14042473441529787,5,-0.08406766503955822,0.03422596283013511,-0.06692582908739951,5,0.026133224912278413,0.02611256811639421,0.01350991063088644,5,-0.017067665039558238,0.03422596283013511,7.417091260046582e-05,5,,,,0,,,,0,0.0,0.0,0.0,5,,,,0,,,,0,,,,0,-0.06699999999999999,0.0,-0.06699999999999999,5,-0.06699999999999999,0.0,-0.06699999999999999,5,3.147425508818598e-17,5.132472836619844e-17,4.846169972898586e-17,5,-0.06700000000000025,2.0816681711721685e-17,-0.06700000000000025,5,1.0,0.0,1.0,5,0.11391687146806477,0.009142315382444798,0.11071537290414411,5,0.2751491404742731,0.0391252400343822,0.26654502938339525,5,0.057371634103241975,0.861840055790303,-0.1151839265981306,5,0.01815700000000009,0.004118456810505516,0.020032999999999967,5,0.062128634103242056,0.8581287927858767,-0.10855092659813065,5,8.049116928532385e-17,2.0499705214107222e-16,0.0,5,,,,0,,,,0,,,,0,,,,0,1.0483534812927247,0.15389502328793295,0.9929370880126953,5,-1.0779325952912469,0.029243832763687232,1.0,0.024288979957677537,0.9717323421617072,1.0,-1.0627513334113785,0.04342316435182258,1.0,0.024288979957677537,0.9717323421617072,1.0,0.0,,,0.0,,,0.0,,,2.45724419731489e-17,0.4497706853356725,1.0,-1.9428902930940238e-17,0.3110607673343714,1.0,0.0,,,-1.026214445615476,0.04068614959201779,1.0,-1.5671785232653523,0.007806892035997498,0.7429259278700823,0.015677999999999935,0.26293800625751607,1.0,-0.015677999999999935,0.26293800625751607,1.0,-1.3877787807814457e-17,0.634990275277812,1.0,1.3877787807814457e-17,0.634990275277812,1.0,,,,,,,-9.049874544143677,3.954668145509156e-06,0.0006090188944084101
l1tcl_gold_dim_sweep,7f56eded32ca,DRLearner_PooledWithSite,OracleTargetTreated,100,100,5000,10,,0.14366722713417154,0.01195627053549449,0.13982608252031997,5,-0.08725298743195625,0.03202772148603276,-0.06914106664963773,5,0.0246293836367042,0.02793288645272212,0.008069606954368667,5,-0.02025298743195628,0.03202772148603276,-0.0021410666496377573,5,,,,0,,,,0,0.0,0.0,0.0,5,,,,0,,,,0,,,,0,-0.06699999999999999,0.0,-0.06699999999999999,5,-0.06699999999999999,0.0,-0.06699999999999999,5,3.2074018948240376e-17,5.133125354217303e-17,4.5892561042424546e-17,5,-0.06700000000000023,2.4037033579794548e-17,-0.06700000000000023,5,1.0,0.0,1.0,5,0.11427366757017235,0.009151308527102836,0.11068427386696465,5,0.27433073476506864,0.039595703330197844,0.26008673919001235,5,0.057787034103242,0.8614385299541053,-0.11484892659813062,5,0.017741600000000066,0.003644393543513102,0.01969799999999998,5,0.062128634103242056,0.8581287927858767,-0.10855092659813065,5,8.049116928532385e-17,2.0499705214107222e-16,0.0,5,,,,0,,,,0,,,,0,,,,0,2.428153133392334,0.4611060022262256,2.385324478149414,5,-1.0776658697229755,0.029297747611746475,1.0,0.021103657565279432,0.9754776928890776,1.0,-1.0642551746869526,0.04336777442162357,1.0,0.021103657565279432,0.9754776928890776,1.0,0.0,,,0.0,,,0.0,,,2.5172205833203296e-17,0.4442803592554518,1.0,0.0,1.0,1.0,0.0,,,-1.0258576495133684,0.04075056873716058,1.0,-1.5679969289745563,0.00782827379952589,0.7429259278700823,0.01609339999999996,0.2564499911406418,1.0,-0.01609339999999996,0.2564499911406418,1.0,-1.3877787807814457e-17,0.634990275277812,1.0,1.3877787807814457e-17,0.634990275277812,1.0,,,,,,,-7.670074892044068,2.616417398874908e-05,0.0034798351405036275
l1tcl_gold_dim_sweep,7f56eded32ca,EntropyBalancing,FeasibleRestricted,100,100,5000,10,,1.1471024071012774,0.25863258948269713,1.0701726421732227,5,-0.49395287563219564,0.47016164479849926,-0.4809323218547675,5,0.47507892768682825,0.4083967866399029,0.41393232185476747,5,-0.42695287563219564,0.47016164479849926,-0.41393232185476747,5,,,,0,,,,0,0.0,0.0,0.0,5,,,,0,,,,0,,,,0,-0.06699999999999999,0.0,-0.06699999999999999,5,-0.06699999999999999,0.0,-0.06699999999999999,5,-6.754741297780715e-19,1.539472749149313e-17,-1.5602713537905624e-18,5,-0.06700000000000024,1.2018516789897274e-17,-0.06700000000000024,5,1.0,0.0,1.0,5,0.9248328393600636,0.22340914093221143,0.8465010547162292,5,2.2417687716029606,0.5003492594762919,2.1034567955732526,5,0.05349903410324206,0.8592488331351101,-0.11551892659813061,5,0.0220296,0.009803476082492421,0.02036799999999997,5,0.062128634103242056,0.8581287927858765,-0.10855092659813063,5,6.661338147750939e-17,1.4895204919483638e-16,0.0,5,,,,0,,,,0,,,,0,,,,0,4.195022392272949,1.7461921665291835,4.409093379974365,5,-0.07423068975586951,0.8509415029715632,1.0,-0.3855962306349599,0.6039201261576976,1.0,-0.6138056306368288,0.23584608015838562,1.0,-0.38559623063495996,0.6039201261576975,1.0,0.0,,,0.0,,,0.0,,,-7.577287244815154e-18,0.6204321247998893,1.0,-5.551115123125783e-18,0.6884570897760041,1.0,0.0,,,-0.21529847772347716,0.6034772038373848,1.0,0.3994411078633351,0.38977207606832254,1.0,0.011805400000000025,0.43667243984528714,1.0,-0.011805400000000025,0.43667243984528714,1.0,0.0,1.0,1.0,0.0,1.0,1.0,,,,,,,-5.903205633163452,0.003526847420919637,0.11638596489034801
l1tcl_gold_dim_sweep,7f56eded32ca,IPWTransport,FeasibleRestricted,100,100,5000,10,,0.15638806152109455,0.015600510465090534,0.1596054354239437,5,-0.11424758535898842,0.05179180596623866,-0.14321882167964692,5,0.061775807658319894,0.026504642107864285,0.07621882167964694,5,-0.04724758535898846,0.05179180596623866,-0.07621882167964694,5,,,,0,,,,0,0.0,0.0,0.0,5,,,,0,,,,0,,,,0,-0.06699999999999999,0.0,-0.06699999999999999,5,-0.06699999999999999,0.0,-0.06699999999999999,5,3.300107893399871e-17,4.7280233862282833e-17,4.722508433031308e-17,5,-0.06700000000000024,1.5515838457795457e-17,-0.06700000000000024,5,1.0,0.0,1.0,5,0.12501713101130807,0.011873568920164503,0.12905881101058467,5,0.3122299738624078,0.03971407914831251,0.31662365058034114,5,0.060681434103242046,0.8634783600906419,-0.11109692659813064,5,0.014847200000000024,0.007414118403424646,0.011189000000000116,5,0.0621286341032421,0.8581287927858764,-0.10855092659813063,5,4.4408920985006264e-17,9.930136612989093e-17,0.0,5,,,,0,,,,0,,,,0,,,,0,1.743443489074707,0.513748237154196,1.5786497592926025,5,-1.0649450353360526,0.030521426680886858,1.0,-0.0058909403617527275,0.9930909730488362,1.0,-1.0271087506653371,0.05045021320805618,1.0,-0.0058909403617527275,0.9930909730488362,1.0,0.0,,,0.0,,,0.0,,,2.6099265818961632e-17,0.39310650624955285,1.0,-5.551115123125783e-18,0.6884570897760041,1.0,0.0,,,-1.0151141860722326,0.04222399061124207,1.0,-1.5300976898772174,0.008846146791535066,0.7873070644466209,0.0189878,0.17106750496759354,1.0,-0.0189878,0.17106750496759354,1.0,2.2204460492503132e-17,0.8540797033781717,1.0,-2.2204460492503132e-17,0.8540797033781717,1.0,,,,,,,-8.354784536361695,1.5050673351805864e-05,0.0021371956159564327
l1tcl_gold_dim_sweep,7f56eded32ca,OutcomeModelTransport,FeasibleRestricted,100,100,5000,10,,0.15503973548670894,0.01445584627919992,0.15641972959992245,5,-0.10848303224232103,0.05293593003179143,-0.13848645634391488,5,0.06001702441704965,0.021229958042978083,0.0714864563439149,5,-0.04148303224232105,0.05293593003179142,-0.0714864563439149,5,,,,0,,,,0,0.0,0.0,0.0,5,,,,0,,,,0,,,,0,-0.06699999999999999,0.0,-0.06699999999999999,5,-0.06699999999999999,0.0,-0.06699999999999999,5,3.09650894218856e-17,4.764442589221438e-17,4.5447190609394524e-17,5,-0.06700000000000023,1.2018516789897274e-17,-0.06700000000000023,5,1.0,0.0,1.0,5,0.12383354116325866,0.010793299339054681,0.125677316930642,5,0.31035107857356314,0.03745838711312142,0.31511909201152133,5,0.059931034103242006,0.8639389672451833,-0.11123092659813062,5,0.015597600000000078,0.00794584408983723,0.011591000000000129,5,0.0621286341032421,0.8581287927858764,-0.10855092659813063,5,2.2204460492503132e-17,1.2161883888976234e-16,0.0,5,,,,0,,,,0,,,,0,,,,0,0.4176952362060547,0.23552828136369566,0.3467860221862793,5,-1.066293361370438,0.03020362545582457,1.0,-0.0001263872450853576,0.999851611458475,1.0,-1.0288675339066073,0.04950767036839219,1.0,-0.00012638724508531318,0.9998516114584751,1.0,0.0,,,0.0,,,0.0,,,2.4063276306848514e-17,0.4284907021848106,1.0,2.7755575615628915e-18,0.8379401873942981,1.0,0.0,,,-1.016297775920282,0.041885195470196056,1.0,-1.531976585166062,0.008630706137864432,0.7853942585456632,0.018237399999999945,0.18170781073294479,1.0,-0.018237399999999945,0.18170781073294479,1.0,4.4408920985006264e-17,0.7040000000000001,1.0,-4.4408920985006264e-17,0.7040000000000001,1.0,,,,,,,-9.680532789230346,6.958089796669214e-06,0.0010367553797037128
l1tcl_gold_dim_sweep,7f56eded32ca,ProposedA_FullyDirect,OracleTargetTreated,100,100,5000,10,,0.29444826696373355,0.06766438176760475,0.2649610126785879,5,-0.005047646197276415,0.08100662073897752,-0.049371743511869653,5,0.06644226631507703,0.07642952204034975,0.017628256488130323,5,0.061952353802723556,0.08100662073897752,0.017628256488130323,5,,,,0,,,,0,0.0,0.0,0.0,5,,,,0,,,,0,,,,0,-0.06699999999999999,0.0,-0.06699999999999999,5,-0.06699999999999999,0.0,-0.06699999999999999,5,2.2285440616826787e-18,1.6295658606641457e-17,6.8601766768159094e-18,5,-0.06700000000000025,1.3877787807814457e-17,-0.06700000000000024,5,1.0,0.0,1.0,5,0.2386126646067451,0.061918608735575975,0.21167119704431137,5,0.5345814189576913,0.11437378873602073,0.4967958802856946,5,0.04087623410324204,0.8645492825182631,-0.13943792659813062,5,0.03465240000000005,0.01050035577016324,0.02840800000000021,5,0.06212863410324201,0.8581287927858766,-0.10855092659813062,5,1.304512053934559e-16,2.0101246288040006e-16,0.0,5,0.0,0.0,0.0,5,0.0,0.0,0.0,5,,,,0,,,,0,20.97198090553284,0.9978086848096838,21.60389518737793,5,-0.9268848298934135,0.04336831638806382,1.0,0.10330899879995932,0.8786943441094925,1.0,-1.0224422920085798,0.05017583208352606,1.0,0.10330899879995932,0.8786943441094925,1.0,0.0,,,0.0,,,0.0,,,-4.673269053354405e-18,0.7215858447024164,1.0,-1.6653345369377347e-17,0.2835110642276424,1.0,0.0,,,-0.9015186524767955,0.056002226008179265,1.0,-1.307746244781934,0.013441258467572164,0.9644121026552601,-0.0008174000000000292,0.9418629424729393,1.0,0.0008174000000000292,0.9418629424729393,1.0,-6.38378239159465e-17,0.23345535871597872,1.0,6.38378239159465e-17,0.23345535871597872,1.0,0.0,,,0.0,,,10.873752880096436,7.02061505070802e-05,0.007941676270682145
l1tcl_gold_dim_sweep,7f56eded32ca,ProposedB_LinearStepB,OracleTargetTreated,100,100,5000,10,,0.28798754704931534,0.04811409175464532,0.2676314139177709,5,-0.014715588139665909,0.09700412584710198,-0.04935886418896959,5,0.0702392567694201,0.08160841621080538,0.03236413300272477,5,0.05228441186033407,0.09700412584710197,0.017641135811030384,5,,,,0,,,,0,0.0,0.0,0.0,5,,,,0,,,,0,,,,0,-0.06699999999999999,0.0,-0.06699999999999999,5,-0.06699999999999999,0.0,-0.06699999999999999,5,-2.5545472823934448e-17,2.2255253786254868e-17,-2.817016270692547e-17,5,-0.06700000000000025,9.813077866773595e-18,-0.06700000000000025,5,1.0,0.0,1.0,5,0.22799158459706223,0.03693758075659448,0.2158833218392974,5,0.5614158533090723,0.12139674826819893,0.5087919654314756,5,0.04378403410324201,0.859391756401587,-0.14057692659813062,5,0.03174460000000008,0.00910231433757365,0.02780500000000008,5,0.06212863410324201,0.8581287927858766,-0.10855092659813062,5,1.0824674490095276e-16,2.2385865440709653e-16,0.0,5,0.06334891249056987,0.040462890458984664,0.059889106778529565,5,69.6,17.924843095547587,75.0,5,2.048247633518893,0.10055759847249066,2.0709192514302073,5,10.0,0.0,10.0,5,209.08034052848816,16.629826232829238,214.84002900123596,5,-0.9333455498078317,0.050103921104989464,1.0,0.09364105685756981,0.8930069748224432,1.0,-1.018645301554237,0.05868079669259309,1.0,0.09364105685756977,0.8930069748224432,1.0,0.0,,,0.0,,,0.0,,,-3.244728593897154e-17,0.012941029084210574,1.0,-1.6653345369377347e-17,0.17780780835622126,1.0,0.0,,,-0.9121397324864784,0.061976040544391944,1.0,-1.280911810430553,0.02003258956623616,1.0,0.0020903999999999424,0.8768211036491016,1.0,-0.0020903999999999424,0.8768211036491016,1.0,-4.163336342344337e-17,0.4089650038544071,1.0,4.163336342344337e-17,0.4089650038544071,1.0,0.06334891249056987,0.024878140923565457,0.48841692906482786,69.6,0.0009685726782209762,0.03874290712883905,198.98211250305175,1.0896609261146324e-05,0.0015909049521273633
l1tcl_gold_dim_sweep,7f56eded32ca,ProposedB_SourceDR,FeasibleRestricted,100,100,5000,10,,0.07444125825132568,0.028390960724723524,0.06288583959303848,5,-0.05565104360487706,0.02132094484378633,-0.06504040476213366,5,0.016775518386861744,0.016242188327619533,0.009379904659546578,5,0.01134895639512292,0.02132094484378633,0.0019595952378663184,5,,,,0,,,,0,0.0,0.0,0.0,5,,,,0,,,,0,,,,0,-0.06699999999999999,0.0,-0.06699999999999999,5,-0.06699999999999999,0.0,-0.06699999999999999,5,9.416664194405302e-17,1.4519116947167102e-16,5.824007634293146e-17,5,-0.06700000000000024,6.938893903907228e-18,-0.06700000000000024,5,1.0,0.0,1.0,5,0.05226132847836027,0.008338930406954844,0.050555058020729016,5,0.14788634790839858,0.07131474990109915,0.12501649875802018,5,0.06419223410324201,0.8631326080027608,-0.10191792659813063,5,0.011336400000000052,0.006097441742239161,0.007704999999999962,5,0.06212863410324201,0.8581287927858766,-0.10855092659813062,5,1.0824674490095276e-16,2.2385865440709653e-16,0.0,5,0.03636481363742704,0.026808716331676957,0.02419051740995286,5,50.6,20.671236053995415,59.0,5,2.048247633518893,0.10055759847249084,2.070919251430208,5,10.0,0.0,10.0,5,174.2935827255249,7.434272722264628,174.15665650367737,5,-1.1468918386058213,0.025398986862111575,1.0,0.05270560139235858,0.9393872484999122,1.0,-1.0721090399367952,0.04450389518834546,1.0,0.05270560139235862,0.9393872484999122,1.0,0.0,,,0.0,,,0.0,,,8.726482882901592e-17,0.22564600398551024,1.0,-5.551115123125783e-18,0.704,1.0,0.0,,,-1.0878699886051804,0.034920662530754126,1.0,-1.6944413158312268,0.007065981618482331,0.6995321802297508,0.022498599999999973,0.13732225857609262,1.0,-0.022498599999999973,0.13732225857609262,1.0,-4.163336342344337e-17,0.4089650038544071,1.0,4.163336342344337e-17,0.4089650038544071,1.0,0.03636481363742704,0.038661847566549105,0.48841692906482786,50.6,0.005421586001238435,0.1572259940359146,164.1953547000885,8.218239562732205e-07,0.00013971007256644748
l1tcl_gold_dim_sweep,7f56eded32ca,ProxyOnly,FeasibleRestricted,100,100,5000,10,,1.221333096857147,0.7274189065186049,0.8103921025656642,5,-0.10835664499723574,1.4703160124348298,0.17363207509418674,5,1.088884558323657,0.8257603555720091,0.6682002958249303,5,-0.0413566449972357,1.4703160124348298,0.24063207509418671,5,,,,0,,,,0,0.0,0.0,0.0,5,,,,0,,,,0,,,,0,-0.06699999999999999,0.0,-0.06699999999999999,5,-0.06699999999999999,0.0,-0.06699999999999999,5,6.901813115037084e-18,2.4010615841274732e-17,1.6195410419422022e-18,5,-0.06700000000000023,2.5962963631595152e-17,-0.06700000000000023,5,1.0,0.0,1.0,5,1.1401313170835405,0.7719455044056622,0.6974898633605329,5,1.8423276637396253,0.7193654573081055,1.514495558155806,5,0.041693634103242026,0.886720196830996,-0.15143092659813062,5,0.033835000000000025,0.030464156610679433,0.04200900000000002,5,0.062128634103242056,0.8581287927858767,-0.10855092659813063,5,6.661338147750939e-17,2.1642230995786356e-16,0.0,5,0.0,0.0,0.0,5,0.0,0.0,0.0,5,,,,0,,,,0,10.098228025436402,0.5076683257297693,10.16562271118164,5,,,,,,,,,,,,,,,,,,,,,,,,,,,,,,,,,,,,,,,,,,,,,,,,,,,,,,,,,
l1tcl_gold_dim_sweep,7f56eded32ca,TargetOnlyDR,OracleTargetTreated,100,100,5000,10,,0.368855685810682,0.047583780833954696,0.342549747186623,5,0.014828833053954818,0.09951078280648584,-0.024767527330764347,5,0.096073727684707,0.08206486370201657,0.04223247266923563,5,0.08182883305395479,0.09951078280648584,0.04223247266923563,5,,,,0,,,,0,0.0,0.0,0.0,5,,,,0,,,,0,,,,0,-0.06699999999999999,0.0,-0.06699999999999999,5,-0.06699999999999999,0.0,-0.06699999999999999,5,-2.381353026654983e-17,1.940253407084026e-17,-3.36738102528583e-17,5,-0.06700000000000025,1.2018516789897274e-17,-0.06700000000000025,5,1.0,0.0,1.0,5,0.2884785669929678,0.040704853482327705,0.2663453161327668,5,0.7369410026251442,0.12137515764764516,0.663294571123757,5,0.04196163410324205,0.8565332814050076,-0.13823192659813063,5,0.033567000000000034,0.007146893485983892,0.0302840000000002,5,0.0621286341032421,0.8581287927858767,-0.10855092659813062,5,1.9428902930940238e-17,1.224080674111502e-16,0.0,5,0.0,0.0,0.0,5,0.0,0.0,0.0,5,,,,0,,,,0,17.35895628929138,1.8851008640941143,17.849592924118042,5,-0.852477411046465,0.06485038759601662,1.0,0.1231854780511906,0.8607597299205159,1.0,-0.99281083063895,0.06267113730772451,1.0,0.12318547805119055,0.8607597299205159,1.0,0.0,,,0.0,,,0.0,,,-3.071534338158691e-17,0.001428128525052035,0.2513506204091581,-2.4980018054066023e-17,0.10453999977837539,1.0,0.0,,,-0.851652750090573,0.07537304875113984,1.0,-1.1053866611144811,0.03334267421650553,1.0,0.00026799999999998494,0.9857714987681356,1.0,-0.00026799999999998494,0.9857714987681356,1.0,4.718447854656915e-17,0.34197018298736226,1.0,-4.718447854656915e-17,0.34197018298736226,1.0,0.0,,,0.0,,,7.260728263854981,0.0018968865014342834,0.08754621847147924
l1tcl_gold_dim_sweep,8271e211d6a5,AnchorOnly,OracleTargetTreated,500,500,5000,10,,0.15043856087378385,0.008894086073751993,0.14929857792976764,5,-0.03909896717796926,0.02893414203057905,-0.04500853798113054,5,0.029357456326811766,0.027072935068808854,0.021991462018869437,5,0.02790103282203072,0.028934142030579046,0.021991462018869437,5,,,,0,,,,0,0.0,0.0,0.0,5,,,,0,,,,0,,,,0,-0.06699999999999999,0.0,-0.06699999999999999,5,-0.06699999999999999,0.0,-0.06699999999999999,5,3.955047754024339e-18,3.873338328153668e-17,4.589105847717826e-18,5,-0.06700000000000024,9.813077866773595e-18,-0.06700000000000024,5,1.0,0.0,1.0,5,0.10892864124597317,0.011675733625227044,0.11003953998279836,5,0.3139569155963641,0.03716214952912357,0.3053597536073998,5,0.007254000259246568,0.4516329486492233,0.00031145973007706937,5,0.023074800000000027,0.0076031864504298415,0.021909000000000067,5,0.01692880025924657,0.45157762418479386,0.007318443364193042,5,3.122502256758253e-18,4.654751537338637e-18,0.0,5,0.004259442301543237,0.00396617900002441,0.003265898440633592,5,2.8,0.8366600265340756,3.0,5,,,,0,,,,0,12.584992980957031,0.7823756913772211,12.351935625076294,5,-0.21833801774174125,0.03201834559297052,1.0,0.07502816385837803,0.6015867533856183,1.0,-0.19236799193015441,0.09581509291121064,1.0,0.07502816385837804,0.6015867533856183,1.0,0.0,,,0.0,,,0.0,,,-2.3950079155728643e-17,0.0596921620575163,1.0,0.0,1.0,1.0,0.0,,,-0.18743334771675388,0.03169037740011121,1.0,-0.41846257654800645,0.05436794866648236,1.0,0.003537600000000001,0.7575438173250854,1.0,-0.003537600000000001,0.7575438173250854,1.0,-1.5612511283791264e-18,0.3133664955648933,1.0,1.5612511283791264e-18,0.3133664955648933,1.0,0.004259442301543237,0.07424310705877278,0.48841692906482786,2.8,0.001705157484727565,0.059680511965464776,5.968565225601196,3.980133784031147e-05,0.004975167230038934
l1tcl_gold_dim_sweep,8271e211d6a5,AnchorPlugin,FeasibleRestricted,500,500,5000,10,,0.2322146677474617,0.063422055479082,0.20868702807591932,5,-0.09278809291809197,0.1560094836373378,-0.12030732937191778,5,0.1160684914491105,0.09127087581007792,0.059810071509223406,5,-0.025788092918091976,0.15600948363733783,-0.0533073293719178,5,,,,0,,,,0,0.0,0.0,0.0,5,,,,0,,,,0,,,,0,-0.06699999999999999,0.0,-0.06699999999999999,5,-0.06699999999999999,0.0,-0.06699999999999999,5,1.2002172523609577e-17,3.5366585173842794e-17,-1.223636437057847e-18,5,-0.06700000000000025,1.8358587643600646e-17,-0.06700000000000024,5,1.0,0.0,1.0,5,0.18865902182304484,0.05841604001200533,0.16610653925719765,5,0.4570195381528375,0.11128045642183183,0.4269545140972651,5,0.00729420025924655,0.46648869119717895,0.002293443364193044,5,0.02303460000000003,0.0167563236063284,0.018425000000000007,5,0.01692880025924657,0.45157762418479386,0.0073184433641930455,5,1.734723475976807e-18,3.0046291974743185e-18,0.0,5,0.010163205867974862,0.0071703128694677,0.008187104813769192,5,8.2,1.6431676725154984,9.0,5,,,,0,,,,0,5.054225254058838,0.5266274508360385,5.08804178237915,5,-0.1365619108680634,0.02478255095156793,1.0,0.021339038118255348,0.771707602483577,1.0,-0.10565695680785567,0.07978781372779575,1.0,0.02133903811825535,0.771707602483577,1.0,0.0,,,0.0,,,0.0,,,-1.59029543861434e-17,0.4777170218021226,1.0,-5.551115123125783e-18,0.47662066727284136,1.0,0.0,,,-0.10770296713968219,0.026655478031759425,1.0,-0.27539995399153316,0.0514771566869849,1.0,0.0035777999999999964,0.3537292952796473,1.0,-0.0035777999999999964,0.3537292952796473,1.0,-1.7347234759768072e-19,0.8661936922264125,1.0,1.7347234759768072e-19,0.8661936922264125,1.0,0.010163205867974862,0.03387713913697937,0.48841692906482786,8.2,0.0003670979740507577,0.01578521288418258,-1.5622025012969971,0.04126321826817878,0.8252643653635756
l1tcl_gold_dim_sweep,8271e211d6a5,DRLearner_PooledNoSite,OracleTargetTreated,500,500,5000,10,,0.04758499925460301,0.016893912948834706,0.04064880924443232,5,-0.05209908434780266,0.02798558638643333,-0.04599804611125654,5,0.02568345738849658,0.01536846365781229,0.021001953888743437,5,0.01490091565219732,0.02798558638643333,0.021001953888743437,5,,,,0,,,,0,0.0,0.0,0.0,5,,,,0,,,,0,,,,0,-0.06699999999999999,0.0,-0.06699999999999999,5,-0.06699999999999999,0.0,-0.06699999999999999,5,-1.3091232917125346e-16,1.698856068448511e-16,-1.6667848450417014e-16,5,-0.06700000000000024,2.3013707539344673e-17,-0.06700000000000023,5,1.0,0.0,1.0,5,0.038312334730344955,0.014009812981135336,0.03213914076515217,5,0.09416098576556883,0.032354208761117574,0.08237398172502611,5,0.020453000259246568,0.4555602712378911,0.016391459730077072,5,0.009875800000000014,0.010925582167555181,0.006097000000000019,5,0.016928800259246576,0.45157762418479386,0.007318443364193044,5,-3.469446951953614e-18,1.3877787807814457e-17,0.0,5,,,,0,,,,0,,,,0,,,,0,1.07597017288208,0.461179975776338,0.9725654125213623,5,-0.321191579360922,0.008346051203338443,0.884681427553875,0.062028046688544634,0.6686091991357397,1.0,-0.19604199086846957,0.07710848567059077,1.0,0.062028046688544655,0.6686091991357397,1.0,0.0,,,0.0,,,0.0,,,-1.5881745608100647e-16,0.09322431191737805,1.0,2.7755575615628915e-18,0.7989658591927787,1.0,0.0,,,-0.25804965423238213,0.010205256211093255,1.0,-0.6382585063788018,0.012560484288452939,0.9644121026552601,0.01673660000000001,0.12193540852752771,1.0,-0.01673660000000001,0.12193540852752771,1.0,5.0306980803327404e-18,0.42952712912780944,1.0,-5.0306980803327404e-18,0.42952712912780944,1.0,,,,,,,-5.5404575824737545,7.118855239457361e-06,0.0010535905754396895
l1tcl_gold_dim_sweep,8271e211d6a5,DRLearner_PooledWithSite,OracleTargetTreated,500,500,5000,10,,0.04796733265834974,0.01667960948515319,0.04010449848842865,5,-0.05215062148527842,0.028502176799306174,-0.04638159957366176,5,0.025898201643266894,0.01579898967328638,0.02249796855182029,5,0.01484937851472155,0.028502176799306174,0.020618400426338217,5,,,,0,,,,0,0.0,0.0,0.0,5,,,,0,,,,0,,,,0,-0.06699999999999999,0.0,-0.06699999999999999,5,-0.06699999999999999,0.0,-0.06699999999999999,5,-1.327923151786788e-16,1.652202560061461e-16,-1.774642327724266e-16,5,-0.06700000000000025,1.8358587643600646e-17,-0.06700000000000024,5,1.0,0.0,1.0,5,0.03866075476384884,0.013854129320252406,0.03172993265231967,5,0.09457566014255311,0.03210726553748957,0.08107640382904437,5,0.020466400259246544,0.45578464972522975,0.016257459730077074,5,0.00986240000000004,0.011009977715690398,0.005628000000000188,5,0.01692880025924657,0.45157762418479386,0.007318443364193044,5,2.0816681711721684e-18,3.103167691559091e-18,0.0,5,,,,0,,,,0,,,,0,,,,0,1.592480754852295,0.4727380505203565,1.601759672164917,5,-0.32080924595717536,0.008476513002785919,0.8900338652925215,0.061976509551068856,0.66896348586836,1.0,-0.19582724661369927,0.07781698681094351,1.0,0.061976509551068856,0.66896348586836,1.0,0.0,,,0.0,,,0.0,,,-1.6069744208843176e-16,0.0834588861340336,1.0,-1.1102230246251566e-17,0.2419815305680209,1.0,0.0,,,-0.2577012341988782,0.010368686648660912,1.0,-0.6378438320018175,0.012720176647757571,0.9644121026552601,0.016749999999999984,0.11964885452231387,1.0,-0.016749999999999984,0.11964885452231387,1.0,-5.204170427930421e-19,0.5291333003818577,1.0,5.204170427930421e-19,0.5291333003818577,1.0,,,,,,,-5.02394700050354,4.501079007847066e-05,0.005536327179651891
l1tcl_gold_dim_sweep,8271e211d6a5,EntropyBalancing,FeasibleRestricted,500,500,5000,10,,0.21192086217722794,0.06544886287423722,0.22667167588323,5,-0.0921684247431587,0.04852554536147772,-0.08163382603737786,5,0.03371233876036188,0.04154381213643182,0.0188493866856946,5,-0.02516842474315873,0.04852554536147772,-0.014633826037377881,5,,,,0,,,,0,0.0,0.0,0.0,5,,,,0,,,,0,,,,0,-0.06699999999999999,0.0,-0.06699999999999999,5,-0.06699999999999999,0.0,-0.06699999999999999,5,3.2063315357955112e-18,1.669667518568446e-17,-9.523911982368948e-19,5,-0.06700000000000025,6.938893903907228e-18,-0.06700000000000025,5,1.0,0.0,1.0,5,0.1681334057350558,0.05171252663199547,0.17844511488907067,5,0.3974516344792808,0.1409076575848655,0.4140244516909167,5,0.008352800259246524,0.45441278312529915,0.0005514433641930428,5,0.02197600000000005,0.003074708766696417,0.021507000000000005,5,0.01692880025924657,0.45157762418479386,0.007318443364193045,5,1.908195823574488e-18,3.029564307160424e-18,0.0,5,,,,0,,,,0,,,,0,,,,0,4.078995180130005,0.7804416201053098,4.145514726638794,5,-0.15685571643829715,0.035519941895906966,1.0,0.021958706293188596,0.8622424444747405,1.0,-0.18801310949660427,0.06233341727304851,1.0,0.021958706293188596,0.8622424444747405,1.0,0.0,,,0.0,,,0.0,,,-2.4698795373957467e-17,0.0071559912716327575,1.0,-1.6653345369377347e-17,0.003882537046960512,0.6755614461711291,0.0,,,-0.1282285832276712,0.0402566639606404,1.0,-0.33496785766508974,0.035832217397858676,1.0,0.0046363999999999754,0.6382291620256434,1.0,-0.0046363999999999754,0.6382291620256434,1.0,-3.4694469519536144e-19,0.7040000000000001,1.0,3.4694469519536144e-19,0.7040000000000001,1.0,,,,,,,-2.53743257522583,0.001906630674791634,0.08754621847147924
l1tcl_gold_dim_sweep,8271e211d6a5,IPWTransport,FeasibleRestricted,500,500,5000,10,,0.21809190678432294,0.059241324299091284,0.24293855655318786,5,-0.06950650757305755,0.05089632015928054,-0.04359808438291373,5,0.034431712959254554,0.03341197479029948,0.026785629153545237,5,-0.002506507573057569,0.05089632015928055,0.023401915617086246,5,,,,0,,,,0,0.0,0.0,0.0,5,,,,0,,,,0,,,,0,-0.06699999999999999,0.0,-0.06699999999999999,5,-0.06699999999999999,0.0,-0.06699999999999999,5,3.2251906444401964e-18,1.1072792144832859e-17,7.166003661378128e-18,5,-0.06700000000000025,2.5962963631595152e-17,-0.06700000000000024,5,1.0,0.0,1.0,5,0.17306630921204996,0.04684481904530203,0.19041726446610854,5,0.4128286291385354,0.12550297554994533,0.49943716581154685,5,0.0054048002592465534,0.4562031788719091,-0.0011905566358069563,5,0.02492400000000004,0.005520694295104501,0.027068000000000064,5,0.01692880025924657,0.45157762418479386,0.007318443364193042,5,2.4286128663675298e-18,3.381598593091618e-18,0.0,5,,,,0,,,,0,,,,0,,,,0,1.3302473068237304,0.34308769471060196,1.4175686836242676,5,-0.15068467183120213,0.08136048537324671,1.0,0.04462062346328976,0.7227683433301011,1.0,-0.1872937352977116,0.06219780355661505,1.0,0.044620623463289766,0.7227683433301011,1.0,0.0,,,0.0,,,0.0,,,-2.4679936265312783e-17,0.018645028154163787,1.0,2.7755575615628915e-18,0.7488684500235265,1.0,0.0,,,-0.12329567975067708,0.08889217551364093,1.0,-0.31959086300583517,0.07972125588917799,1.0,0.0016883999999999853,0.8558173037221338,1.0,-0.0016883999999999864,0.8558173037221337,1.0,-8.673617379884035e-19,0.26626462796630995,1.0,8.673617379884035e-19,0.26626462796630995,1.0,,,,,,,-5.286180448532105,1.182699399939981e-05,0.0017149141299129724
l1tcl_gold_dim_sweep,8271e211d6a5,OutcomeModelTransport,FeasibleRestricted,500,500,5000,10,,0.05292442544542665,0.010822733159360096,0.058571084519112394,5,-0.07069955615560504,0.03459715934063918,-0.08105133952928313,5,0.028206042803166947,0.01481876397880619,0.03272573219963357,5,-0.0036995561556050606,0.034597159340639186,-0.014051339529283155,5,,,,0,,,,0,0.0,0.0,0.0,5,,,,0,,,,0,,,,0,-0.06699999999999999,0.0,-0.06699999999999999,5,-0.06699999999999999,0.0,-0.06699999999999999,5,-1.2868765656427637e-16,8.962817303774044e-17,-1.2852445206392963e-16,5,-0.06700000000000025,2.1942709178604383e-17,-0.06700000000000025,5,1.0,0.0,1.0,5,0.0431851323182537,0.009559047150545955,0.0473135431281297,5,0.10290684383046575,0.019777731186057405,0.10648521441037795,5,0.023669000259246564,0.4474470438944863,0.020584443364193048,5,0.006659800000000026,0.008353881774360975,0.0015410000000000007,5,0.01692880025924657,0.45157762418479386,0.007318443364193043,5,2.2551405187698493e-18,3.222105849667643e-18,0.0,5,,,,0,,,,0,,,,0,,,,0,0.2333925724029541,0.09529036531685812,0.22625494003295898,5,-0.31585215317009846,0.007711712751885065,0.8471696900443942,0.04342757488074225,0.7763092848127129,1.0,-0.19351940545379923,0.07611517071885258,1.0,0.04342757488074229,0.7763092848127128,1.0,0.0,,,0.0,,,0.0,,,-1.5659278347402933e-16,0.01615146452572348,1.0,-1.3877787807814457e-17,0.23019964108049873,1.0,0.0,,,-0.2531768566444733,0.00912117519477572,1.0,-0.629512648313905,0.012524832502016366,0.9644121026552601,0.0199526,0.15372744555854623,1.0,-0.0199526,0.15372744555854623,1.0,-6.938893903907229e-19,0.373900966300059,1.0,6.938893903907229e-19,0.373900966300059,1.0,,,,,,,-6.383035182952881,3.6504507055600945e-05,0.004672576903116921
l1tcl_gold_dim_sweep,8271e211d6a5,ProposedA_FullyDirect,OracleTargetTreated,500,500,5000,10,,0.14006656078486052,0.009991742313309588,0.14023646610200646,5,-0.03335782505282835,0.03068341301114577,-0.044067861498766334,5,0.03427175487452637,0.02979975293954885,0.022932138501233643,5,0.03364217494717163,0.03068341301114577,0.022932138501233643,5,,,,0,,,,0,0.0,0.0,0.0,5,,,,0,,,,0,,,,0,-0.06699999999999999,0.0,-0.06699999999999999,5,-0.06699999999999999,0.0,-0.06699999999999999,5,-6.8312949788571404e-18,6.46939252726904e-17,4.536288701738709e-19,5,-0.06700000000000025,2.3013707539344673e-17,-0.06700000000000024,5,1.0,0.0,1.0,5,0.10341953018599317,0.005435680255055178,0.10165467280816995,5,0.2898932522280041,0.04796735939807008,0.2829997352079054,5,0.005900600259246574,0.45123366245849905,-0.0014305402699229287,5,0.024428200000000004,0.008728611269841256,0.024990999999999985,5,0.01692880025924657,0.45157762418479386,0.007318443364193044,5,2.0816681711721684e-18,3.103167691559091e-18,0.0,5,0.0,0.0,0.0,5,0.0,0.0,0.0,5,,,,0,,,,0,8.711053037643433,0.7732232243566582,8.934320211410522,5,-0.22871001783066455,0.02834949176449251,1.0,0.08076930598351896,0.5777449120761607,1.0,-0.18745369338243975,0.09595216586257653,1.0,0.08076930598351897,0.5777449120761607,1.0,0.0,,,0.0,,,0.0,,,-3.473642188861012e-17,0.17371063271668644,1.0,0.0,1.0,1.0,0.0,,,-0.19294245877673386,0.02756961189781884,1.0,-0.4425262399163666,0.04844557966828814,1.0,0.002184200000000019,0.8482478202200807,1.0,-0.0021842000000000207,0.8482478202200806,1.0,-5.204170427930421e-19,0.5291333003818577,1.0,5.204170427930421e-19,0.5291333003818577,1.0,0.0,,,0.0,,,2.0946252822875975,0.000747116662374216,0.046413689784139275
l1tcl_gold_dim_sweep,8271e211d6a5,ProposedB_LinearStepB,OracleTargetTreated,500,500,5000,10,,0.14847765865104182,0.010062368412597894,0.14627312969495193,5,-0.03893948418345072,0.02894792331875112,-0.043880653738075114,5,0.029421919032339715,0.027205905607052775,0.023119346261924863,5,0.028060515816549253,0.02894792331875112,0.023119346261924863,5,,,,0,,,,0,0.0,0.0,0.0,5,,,,0,,,,0,,,,0,-0.06699999999999999,0.0,-0.06699999999999999,5,-0.06699999999999999,0.0,-0.06699999999999999,5,2.9470024069936985e-18,3.951079768707671e-17,1.6321739194587116e-18,5,-0.06700000000000023,1.6996749443881478e-17,-0.06700000000000023,5,1.0,0.0,1.0,5,0.1076740498368299,0.012270980130291362,0.10974728833740605,5,0.31081627326929584,0.038219469498666496,0.2963246101930777,5,0.0071602002592465516,0.4516407195947368,0.0006464597300770705,5,0.023168600000000032,0.007448218565536303,0.021976000000000107,5,0.01692880025924657,0.45157762418479386,0.007318443364193042,5,2.4286128663675298e-18,3.381598593091618e-18,0.0,5,0.01219733960806211,0.005776606255366019,0.011516986024810568,5,7.0,2.1213203435596424,7.0,5,0.3643403050825032,0.6338471220415007,0.004437433446795576,5,3.2,1.6431676725154984,4.0,5,26.499493169784547,2.890790322112943,25.998563766479492,5,-0.22029891996448328,0.03105768109585513,1.0,0.07518764685289658,0.6010138474732669,1.0,-0.19230352922462646,0.09636428611394825,1.0,0.07518764685289658,0.6010138474732667,1.0,0.0,,,0.0,,,0.0,,,-2.4958124502759276e-17,0.05233790193684243,1.0,8.326672684688674e-18,0.304558784680535,1.0,0.0,,,-0.18868793912589713,0.030817427701107458,1.0,-0.4216032188750748,0.052978732781855865,1.0,0.0034437999999999956,0.7634934013381431,1.0,-0.003443799999999996,0.7634934013381431,1.0,-8.673617379884035e-19,0.26626462796630995,1.0,8.673617379884035e-19,0.26626462796630995,1.0,0.01219733960806211,0.009161615280997923,0.3904254440610127,7.0,0.0017982578915846422,0.06114076831387784,19.88306541442871,0.00012693299147587017,0.012820232139062887
l1tcl_gold_dim_sweep,8271e211d6a5,ProposedB_SourceDR,FeasibleRestricted,500,500,5000,10,,0.06616163174592242,0.030348844321833542,0.05573541276745731,5,-0.0607180378546324,0.04224268534362926,-0.07502757941260166,5,0.027800919472035328,0.029456058310174796,0.020043395751232415,5,0.006281962145367576,0.04224268534362926,-0.008027579412601682,5,,,,0,,,,0,0.0,0.0,0.0,5,,,,0,,,,0,,,,0,-0.06699999999999999,0.0,-0.06699999999999999,5,-0.06699999999999999,0.0,-0.06699999999999999,5,-1.481903169084232e-17,4.1065675482342884e-17,-3.1366856649016276e-18,5,-0.06700000000000024,1.2018516789897274e-17,-0.06700000000000024,5,1.0,0.0,1.0,5,0.05060182212459058,0.022796404432523048,0.04489578888923261,5,0.13310497175031843,0.063939278665644,0.10407442797784579,5,0.020654000259246578,0.44139663287369685,0.01736844336419304,5,0.009674800000000015,0.012529949429267462,0.003550999999999995,5,0.01692880025924657,0.45157762418479386,0.007318443364193044,5,2.0816681711721684e-18,3.103167691559091e-18,0.0,5,0.009010730336662085,0.006066742852128324,0.007062324095120707,5,8.2,1.6431676725154984,9.0,5,0.36434030508250326,0.6338471220415006,0.0044374334467955755,5,3.2,1.6431676725154984,4.0,5,25.144226360321046,1.019220277157618,25.13865327835083,5,-0.3026149468696026,0.00530500106520469,0.6896501384766097,0.053409093181714884,0.7394987312503112,1.0,-0.19392452878493083,0.06420948673201245,1.0,0.0534090931817149,0.739498731250311,1.0,0.0,,,0.0,,,0.0,,,-4.27241586005953e-17,0.11740211665926158,1.0,-2.7755575615628915e-18,0.6213082950374971,1.0,0.0,,,-0.24576016683813645,0.006859416170066208,0.9328805991290042,-0.5993145203940522,0.008711788254056125,0.7853942585456632,0.01693760000000001,0.2943885922251215,1.0,-0.01693760000000001,0.2943885922251215,1.0,-5.204170427930421e-19,0.5291333003818577,1.0,5.204170427930421e-19,0.5291333003818577,1.0,0.009010730336662085,0.029346805533201206,0.48841692906482786,8.2,0.0003670979740507577,0.01578521288418258,18.52779860496521,6.788022460817584e-06,0.0010249913915834552
l1tcl_gold_dim_sweep,8271e211d6a5,ProxyOnly,FeasibleRestricted,500,500,5000,10,,0.3687765786155251,0.14596789661604292,0.35103252141899444,5,-0.11412713103634728,0.305877140182164,-0.09300401251766374,5,0.2217254482569661,0.18677343221059253,0.1657779679398607,5,-0.047127131036347324,0.30587714018216405,-0.026004012517663766,5,,,,0,,,,0,0.0,0.0,0.0,5,,,,0,,,,0,,,,0,-0.06699999999999999,0.0,-0.06699999999999999,5,-0.06699999999999999,0.0,-0.06699999999999999,5,2.7905126909752974e-17,2.154195743374037e-17,2.3234477471183677e-17,5,-0.06700000000000024,0.0,-0.06700000000000024,5,1.0,0.0,1.0,5,0.29636198896272703,0.12462954765881416,0.2895934652442829,5,0.7324194921443706,0.32781726596106,0.6611523370116807,5,0.003716400259246552,0.4726180669889481,0.006447443364193042,5,0.026612400000000026,0.023300852694697668,0.021507,5,0.01692880025924657,0.45157762418479386,0.007318443364193043,5,1.5612511283791264e-18,2.1597133106185266e-18,0.0,5,0.0,0.0,0.0,5,0.0,0.0,0.0,5,,,,0,,,,0,6.616427755355835,0.7669743775765413,6.799621820449829,5,,,,,,,,,,,,,,,,,,,,,,,,,,,,,,,,,,,,,,,,,,,,,,,,,,,,,,,,,
l1tcl_gold_dim_sweep,8271e211d6a5,TargetOnlyDR,OracleTargetTreated,500,500,5000,10,,0.14913267649809298,0.011730094948031247,0.14304990132098086,5,-0.03388426431017167,0.02564492443777487,-0.03822363462567155,5,0.033115735689828306,0.025644924437774868,0.028776365374328428,5,0.033115735689828306,0.025644924437774868,0.028776365374328428,5,,,,0,,,,0,0.0,0.0,0.0,5,,,,0,,,,0,,,,0,-0.06699999999999999,0.0,-0.06699999999999999,5,-0.06699999999999999,0.0,-0.06699999999999999,5,-1.150345682554474e-17,4.8148847295925765e-17,-4.864602180673804e-18,5,-0.06700000000000025,2.5962963631595152e-17,-0.06700000000000024,5,1.0,0.0,1.0,5,0.10616593815917959,0.007550033676686855,0.10734350904621147,5,0.3089846320599186,0.04624181439603194,0.3036680099371195,5,0.006356200259246554,0.4500603005614007,-0.00102854026992293,5,0.023972600000000028,0.008534469362532148,0.026398000000000144,5,0.016928800259246566,0.4515776241847939,0.007318443364193044,5,7.632783294297952e-18,3.008632702511227e-17,3.469446951953614e-18,5,0.0,0.0,0.0,5,0.0,0.0,0.0,5,,,,0,,,,0,17.239637899398804,2.930407453816344,17.299442291259766,5,-0.21964390211743207,0.03216648252011592,1.0,0.08024286672617563,0.582304907326638,1.0,-0.18860971256713785,0.08960987213759249,1.0,0.08024286672617563,0.582304907326638,1.0,0.0,,,0.0,,,0.0,,,-3.9408583735297714e-17,0.05364952774213249,1.0,2.7755575615628915e-18,0.7488684500235265,1.0,0.0,,,-0.19019605080354746,0.029648559571942026,1.0,-0.42343486008445197,0.05474228922226461,1.0,0.002639799999999999,0.824457504620788,1.0,-0.002639799999999999,0.824457504620788,1.0,-6.071532165918825e-18,0.6776261918010779,1.0,6.071532165918825e-18,0.6776261918010779,1.0,0.0,,,0.0,,,10.623210144042968,0.0013612542522751468,0.07350772962285793
l1tcl_gold_dim_sweep,8fa4d5e0e043,AnchorOnly,OracleTargetTreated,50,50,5000,10,,0.3487136683896764,0.036192368555748575,0.3591210333790129,5,-0.05631511626724859,0.17622108204134748,-0.1043833194461687,5,0.1333201255738435,0.09475631022533319,0.12360557565004648,5,0.010684883732751388,0.17622108204134748,-0.037383319446168725,5,,,,0,,,,0,0.0,0.0,0.0,5,,,,0,,,,0,,,,0,-0.06699999999999999,0.0,-0.06699999999999999,5,-0.06699999999999999,0.0,-0.06699999999999999,5,-2.2881873594816654e-17,1.2639051297453016e-17,-2.7601237748434788e-17,5,-0.06700000000000024,1.962615573354719e-17,-0.06700000000000023,5,1.0,0.0,1.0,5,0.2790585209469968,0.03049982599224046,0.28211894422845696,5,0.688873644641788,0.11312983433977643,0.7272649522382734,5,-0.0979374641898436,0.35179932461479846,-0.02172559779412601,5,0.028341000000000015,0.01479532345033388,0.024589000000000083,5,-0.08299646418984358,0.3492803497435569,-0.025946597794126013,5,-6.938893903907228e-18,2.8609792490763984e-17,0.0,5,0.028754652373277855,0.017273724401066462,0.01916645213941849,5,0.4,0.5477225575051662,0.0,5,,,,0,,,,0,10.19679570198059,0.47407376192902556,10.361952543258667,5,-0.14227919621069263,0.13643461791913092,1.0,0.11898062676964194,0.414377486387823,1.0,-0.15588028133728993,0.260226003438822,1.0,0.11898062676964194,0.414377486387823,1.0,0.0,,,0.0,,,0.0,,,-2.6108107971162185e-17,0.07574302936557258,1.0,1.9428902930940238e-17,0.05160595781117475,1.0,0.0,,,-0.13403505342388589,0.15273693115470122,1.0,-0.21381466104435135,0.12706840071084133,1.0,-0.001916200000000004,0.7449699832179937,1.0,0.0019162000000000046,0.7449699832179937,1.0,-6.938893903907229e-19,0.373900966300059,1.0,6.938893903907229e-19,0.373900966300059,1.0,0.028754652373277855,0.020434148536367568,0.48841692906482786,0.4,0.17780780835622126,1.0,2.935818338394165,1.9406765169656166e-05,0.002678133593412551
l1tcl_gold_dim_sweep,8fa4d5e0e043,AnchorPlugin,FeasibleRestricted,50,50,5000,10,,0.281358620554321,0.08680636126867637,0.26531256693739497,5,-0.12537424562129545,0.1950295209055538,-0.0335479430144362,5,0.14748744378865514,0.12290350735568686,0.13966868098309276,5,-0.05837424562129547,0.19502952090555384,0.03345205698556378,5,,,,0,,,,0,0.0,0.0,0.0,5,,,,0,,,,0,,,,0,-0.06699999999999999,0.0,-0.06699999999999999,5,-0.06699999999999999,0.0,-0.06699999999999999,5,1.6539113656075163e-17,3.2731044424420035e-17,2.3071811052527296e-17,5,-0.06700000000000023,1.6996749443881478e-17,-0.06700000000000024,5,1.0,0.0,1.0,5,0.23135996575525314,0.07977151738666553,0.21268581620226346,5,0.5312727124369474,0.1444556640006838,0.4888078822230506,5,-0.0933814641898436,0.3627862944536718,-0.02460659779412601,5,0.02378500000000002,0.016299944739170125,0.03035100000000001,5,-0.08299646418984358,0.3492803497435569,-0.025946597794126006,5,-8.326672684688674e-18,2.7052788744732946e-17,0.0,5,0.11104054636960656,0.0631969962408913,0.09278930481950387,5,4.2,3.271085446759225,3.0,5,,,,0,,,,0,6.898680830001831,0.8963955002861657,7.122949600219727,5,-0.209634244046048,0.0052008295856924855,0.6820569704343868,0.04992149741559509,0.5766522879758009,1.0,-0.14171296312247827,0.043570600031741236,1.0,0.049921497415595074,0.576652287975801,1.0,0.0,,,0.0,,,0.0,,,1.3312879279729641e-17,0.3873216204829589,1.0,1.6653345369377347e-17,0.10870095132492358,1.0,0.0,,,-0.1817336086156295,0.00912017253139966,1.0,-0.37141559324919216,0.0013503908144337608,0.20255862216506412,0.002639799999999992,0.2853198164717199,1.0,-0.002639799999999992,0.2853198164717199,1.0,6.938893903907229e-19,0.373900966300059,1.0,-6.938893903907229e-19,0.373900966300059,1.0,0.11104054636960656,0.017118960403185966,0.48841692906482786,4.2,0.04542003267455378,0.9084006534910756,-0.36229653358459474,0.28843990671146,1.0
l1tcl_gold_dim_sweep,8fa4d5e0e043,DRLearner_PooledNoSite,OracleTargetTreated,50,50,5000,10,,0.05724010460160297,0.008287155752935172,0.05571928111109717,5,-0.0708427108339065,0.03820930995795224,-0.08227217820389483,5,0.0327853183445895,0.011610901212182048,0.03511708484074694,5,-0.0038427108339065207,0.038209309957952235,-0.015272178203894857,5,,,,0,,,,0,0.0,0.0,0.0,5,,,,0,,,,0,,,,0,-0.06699999999999999,0.0,-0.06699999999999999,5,-0.06699999999999999,0.0,-0.06699999999999999,5,2.885607400351253e-17,6.72853007004629e-17,1.0476084350606526e-17,5,-0.06700000000000023,1.8358587643600646e-17,-0.06700000000000024,5,1.0,0.0,1.0,5,0.046414858903585286,0.007269948035457923,0.045953505021100884,5,0.11313206840158932,0.015197141237040348,0.10866170658146039,5,-0.07724786418984361,0.3566930908893315,-0.013551597794126003,5,0.007651400000000019,0.009441343696741466,0.002613000000000011,5,-0.0829964641898436,0.3492803497435569,-0.025946597794126013,5,1.5265566588595904e-17,2.4236514457283396e-17,0.0,5,,,,0,,,,0,,,,0,,,,0,0.4153562545776367,0.1284955752537472,0.4726693630218506,5,-0.433752759998766,0.002567531546553733,0.38769726352961364,0.104453032202984,0.5380264906819208,1.0,-0.25641508856654394,0.0617635286995076,1.0,0.10445303220298403,0.5380264906819208,1.0,0.0,,,0.0,,,0.0,,,2.562983962716701e-17,0.4372225573102256,1.0,1.9428902930940238e-17,0.05160595781117475,1.0,0.0,,,-0.36667871546729736,0.004869803156935081,0.7109912609125218,-0.78955623728455,0.0007539041044002751,0.12632149287248723,0.018773399999999992,0.04075580658462362,1.0,-0.018773399999999992,0.04075580658462362,1.0,-2.2898349882893852e-17,0.16094301069703287,1.0,2.2898349882893852e-17,0.16094301069703287,1.0,,,,,,,-6.845621109008789,1.408464148277736e-06,0.0002309881203175487
l1tcl_gold_dim_sweep,8fa4d5e0e043,DRLearner_PooledWithSite,OracleTargetTreated,50,50,5000,10,,0.056792779775188054,0.007773462080379738,0.05502309749417137,5,-0.07080463285720953,0.03761721604404999,-0.07974644544380988,5,0.03204020102776199,0.012244626556297229,0.03412433766115766,5,-0.003804632857209557,0.03761721604404999,-0.0127464454438099,5,,,,0,,,,0,0.0,0.0,0.0,5,,,,0,,,,0,,,,0,-0.06699999999999999,0.0,-0.06699999999999999,5,-0.06699999999999999,0.0,-0.06699999999999999,5,2.782885276278157e-17,8.228088647585844e-17,1.7404573700971662e-17,5,-0.06700000000000025,3.179800655392251e-17,-0.06700000000000023,5,1.0,0.0,1.0,5,0.04603343409742702,0.006849304217242963,0.045194257852370495,5,0.11206206434363253,0.014500526404055832,0.10781055466202978,5,-0.07703346418984358,0.3564413287137613,-0.013484597794126004,5,0.0074369999999999905,0.00892144688377391,0.0028810000000000086,5,-0.08299646418984358,0.3492803497435569,-0.025946597794126013,5,-6.938893903907228e-18,2.8609792490763984e-17,0.0,5,,,,0,,,,0,,,,0,,,,0,0.9705278396606445,0.15066413286438418,0.9953458309173584,5,-0.43420008482518097,0.0025313421147315773,0.3848171261964185,0.104491110179681,0.5373778670798287,1.0,-0.2571602058833714,0.06061769841289046,1.0,0.10449111017968102,0.5373778670798286,1.0,0.0,,,0.0,,,0.0,,,2.4602618386436046e-17,0.5344109997602432,1.0,1.3877787807814457e-17,0.35130100296326006,1.0,0.0,,,-0.3670601402734556,0.004791596971784404,0.7043647548523074,-0.790626241342507,0.000745234428092138,0.12621443148714567,0.01898780000000002,0.039506114311940906,1.0,-0.01898780000000002,0.039506114311940906,1.0,-6.938893903907229e-19,0.373900966300059,1.0,6.938893903907229e-19,0.373900966300059,1.0,,,,,,,-6.290449523925782,6.336913563243311e-07,0.00010836122193146061
l1tcl_gold_dim_sweep,8fa4d5e0e043,EntropyBalancing,FeasibleRestricted,50,50,5000,10,,0.5047810378110086,0.0717912685308923,0.5292379547366167,5,-0.044905036774510784,0.11264207454236808,-0.07515341973742176,5,0.08383037947029358,0.06718672156357444,0.0757722309071331,5,0.02209496322548919,0.11264207454236808,-0.008153419737421785,5,,,,0,,,,0,0.0,0.0,0.0,5,,,,0,,,,0,,,,0,-0.06699999999999999,0.0,-0.06699999999999999,5,-0.06699999999999999,0.0,-0.06699999999999999,5,-3.3159126748497773e-18,1.4499013688006753e-17,-8.413770320226735e-18,5,-0.06700000000000024,2.1942709178604383e-17,-0.06700000000000023,5,1.0,0.0,1.0,5,0.4041400914135935,0.05632654520160842,0.42460873517396697,5,0.9418255212649184,0.10789538038327579,0.9627864617114108,5,-0.10104626418984357,0.35322165200158284,-0.041222597794126,5,0.03144980000000001,0.006547960422910327,0.030484999999999984,5,-0.08299646418984359,0.3492803497435568,-0.025946597794126006,5,4.163336342344337e-18,6.206335383118182e-18,0.0,5,,,,0,,,,0,,,,0,,,,0,2.1473861217498778,0.42663160772775544,2.3188083171844482,5,0.01378817321063952,0.8046561650969906,1.0,0.13039070626237975,0.4478179184659556,1.0,-0.20537002744083982,0.16671486865330998,1.0,0.13039070626237975,0.4478179184659556,1.0,0.0,,,0.0,,,0.0,,,-6.5421470511952996e-18,0.6185091787466375,1.0,1.9428902930940238e-17,0.20563995895070905,1.0,0.0,,,-0.00895348295728915,0.8784281542653343,1.0,0.039137215578778875,0.6018214039443612,1.0,-0.00502499999999999,0.5737820682533663,1.0,0.00502499999999999,0.5737820682533663,1.0,-1.1796119636642288e-17,0.34622101288068474,1.0,1.1796119636642288e-17,0.34622101288068474,1.0,,,,,,,-5.113591241836548,8.300533730945685e-05,0.009047581766730796
l1tcl_gold_dim_sweep,8fa4d5e0e043,IPWTransport,FeasibleRestricted,50,50,5000,10,,0.19161441976541344,0.04472804316051095,0.19318191673458376,5,-0.05652330660417567,0.0678468768281701,-0.05674984650672022,5,0.05095093982097665,0.03867043108336836,0.04364063309015323,5,0.010476693395824301,0.0678468768281701,0.010250153493279755,5,,,,0,,,,0,0.0,0.0,0.0,5,,,,0,,,,0,,,,0,-0.06699999999999999,0.0,-0.06699999999999999,5,-0.06699999999999999,0.0,-0.06699999999999999,5,8.44524194861234e-19,3.489144948871857e-17,1.6602292964853417e-17,5,-0.06700000000000024,2.1942709178604383e-17,-0.06700000000000023,5,1.0,0.0,1.0,5,0.15229272891927606,0.03394763092105209,0.1530375934585359,5,0.36768688216193796,0.06943708240858437,0.3782624607292964,5,-0.09635626418984358,0.3486775345010892,-0.053751597794126006,5,0.0267598,0.010192657832969772,0.028073000000000015,5,-0.0829964641898436,0.3492803497435569,-0.025946597794126013,5,1.5265566588595904e-17,2.4236514457283396e-17,0.0,5,,,,0,,,,0,,,,0,,,,0,0.7335543632507324,0.18172342264157265,0.7928102016448975,5,-0.29937844483495557,0.022950040046687048,1.0,0.11877243643271487,0.569183719695074,1.0,-0.2382494670901568,0.0771129756429437,1.0,0.11877243643271487,0.569183719695074,1.0,0.0,,,0.0,,,0.0,,,-2.3817101814842898e-18,0.8897355057796181,1.0,1.9428902930940238e-17,0.26349281706900773,1.0,0.0,,,-0.26080084545160664,0.029699763974119043,1.0,-0.5350014235242015,0.010636075486446532,0.8615221144021691,-0.0003349999999999881,0.979256081624675,1.0,0.0003349999999999881,0.979256081624675,1.0,-2.2898349882893852e-17,0.16094301069703287,1.0,2.2898349882893852e-17,0.16094301069703287,1.0,,,,,,,-6.527423000335693,3.977460563842572e-06,0.0006090188944084101
l1tcl_gold_dim_sweep,8fa4d5e0e043,OutcomeModelTransport,FeasibleRestricted,50,50,5000,10,,0.058053865259788374,0.016190888953256762,0.05366410871125172,5,-0.07373689193391826,0.04240572850150026,-0.06561785724355593,5,0.03174548040044393,0.024397920886539828,0.02830219329121543,5,-0.006736891933918285,0.04240572850150026,0.0013821427564440492,5,,,,0,,,,0,0.0,0.0,0.0,5,,,,0,,,,0,,,,0,-0.06699999999999999,0.0,-0.06699999999999999,5,-0.06699999999999999,0.0,-0.06699999999999999,5,6.226146118320131e-17,5.711275807834677e-17,5.12268672277818e-17,5,-0.06700000000000025,1.3877787807814457e-17,-0.06700000000000024,5,1.0,0.0,1.0,5,0.04727860097107643,0.014969823277394418,0.04310479228690013,5,0.11246039468366216,0.029612659145672945,0.10602985041342887,5,-0.0760954641898436,0.3550899206892553,-0.016365597794126007,5,0.006499000000000024,0.006743575794784245,0.0038189999999999995,5,-0.0829964641898436,0.3492803497435569,-0.025946597794126006,5,1.3877787807814457e-17,2.4037033579794548e-17,0.0,5,,,,0,,,,0,,,,0,,,,0,0.09669084548950195,0.0425604494234385,0.08191394805908203,5,-0.43293899934058067,0.003229281519967877,0.46178725735540643,0.10155885110297228,0.5742892503498774,1.0,-0.2574549265106895,0.07340681821968753,1.0,0.10155885110297228,0.5742892503498774,1.0,0.0,,,0.0,,,0.0,,,5.90352268068558e-17,0.04340955325018907,1.0,1.1102230246251566e-17,0.09930068321372677,1.0,0.0,,,-0.36581497339980623,0.005835688310916766,0.8169963635283473,-0.7902279110024772,0.0011363828298226193,0.1818212527716191,0.019925799999999987,0.05431287645477819,1.0,-0.019925799999999987,0.05431287645477819,1.0,-2.151057110211241e-17,0.19652243256841068,1.0,2.151057110211241e-17,0.19652243256841068,1.0,,,,,,,-7.164286518096924,1.6715590080241751e-06,0.0002691210002918922
l1tcl_gold_dim_sweep,8fa4d5e0e043,ProposedA_FullyDirect,OracleTargetTreated,50,50,5000,10,,0.34856653155021605,0.05513014313789204,0.3539515990961304,5,-0.05863131825119874,0.18046171512066708,-0.12593348001621021,5,0.14589322779741437,0.07776844971209988,0.15513926069877662,5,0.008368681748801237,0.18046171512066708,-0.05893348001621024,5,,,,0,,,,0,0.0,0.0,0.0,5,,,,0,,,,0,,,,0,-0.06699999999999999,0.0,-0.06699999999999999,5,-0.06699999999999999,0.0,-0.06699999999999999,5,-1.365626037001625e-17,1.3289821072146442e-17,-7.685080635043342e-18,5,-0.06700000000000024,1.6996749443881478e-17,-0.06700000000000024,5,1.0,0.0,1.0,5,0.26918983558270726,0.045527936319012974,0.27286843243343106,5,0.7365479295519707,0.1293276609802236,0.7768320672963406,5,-0.09816526418984359,0.351311900218155,-0.026415597794126007,5,0.0285688,0.013701098649378426,0.021775000000000044,5,-0.08299646418984359,0.3492803497435568,-0.025946597794126006,5,2.7755575615628915e-18,6.206335383118183e-18,0.0,5,0.0,0.0,0.0,5,0.0,0.0,0.0,5,,,,0,,,,0,8.536868238449097,0.13461609777940226,8.59326171875,5,-0.14242633305015295,0.10450540216664851,1.0,0.11666442478569179,0.40236537664124633,1.0,-0.1433071791137191,0.2796204785995971,1.0,0.11666442478569179,0.40236537664124633,1.0,0.0,,,0.0,,,0.0,,,-1.6882494746361772e-17,0.037462417745740995,1.0,8.326672684688674e-18,0.4676047546093973,1.0,0.0,,,-0.14390373878817536,0.11156160873978616,1.0,-0.16614037613416877,0.12536899357885156,1.0,-0.0021439999999999884,0.7097522512796921,1.0,0.0021439999999999875,0.7097522512796922,1.0,-1.0408340855860843e-17,0.4089650038544071,1.0,1.0408340855860843e-17,0.4089650038544071,1.0,0.0,,,0.0,,,1.275890874862671,0.0017657354273780093,0.0866431118545724
l1tcl_gold_dim_sweep,8fa4d5e0e043,ProposedB_LinearStepB,OracleTargetTreated,50,50,5000,10,,0.34234552233127297,0.03457506259998017,0.36023179171101183,5,-0.06389044215253223,0.1814288162026894,-0.10642683690649475,5,0.13939750299458376,0.09294580267452351,0.13179551655973926,5,0.003109557847467731,0.1814288162026894,-0.039426836906494775,5,,,,0,,,,0,0.0,0.0,0.0,5,,,,0,,,,0,,,,0,-0.06699999999999999,0.0,-0.06699999999999999,5,-0.06699999999999999,0.0,-0.06699999999999999,5,-2.655073327099019e-17,9.77567489816617e-18,-2.925928514018162e-17,5,-0.06700000000000024,1.2018516789897274e-17,-0.06700000000000024,5,1.0,0.0,1.0,5,0.27229574867241635,0.02585708589560311,0.28599995441009096,5,0.6846906924753023,0.11500715444840533,0.7242321062055095,5,-0.09725406418984357,0.3518893757814768,-0.021122597794126008,5,0.027657599999999987,0.014785565707811104,0.023651000000000033,5,-0.08299646418984358,0.3492803497435569,-0.025946597794126006,5,-8.326672684688674e-18,2.7052788744732946e-17,0.0,5,0.10226256934075584,0.05888989591567366,0.06247616348217896,5,11.8,6.97853852894716,15.0,5,0.9029297304772921,0.10011700517641087,0.9141730442883258,5,9.0,1.224744871391589,9.0,5,23.336456203460692,2.4475231519839866,22.368046283721924,5,-0.14864734226909598,0.12212045363574635,1.0,0.1114053008843583,0.4331414211651933,1.0,-0.14980290391654966,0.26576482115382427,1.0,0.1114053008843583,0.4331414211651933,1.0,0.0,,,0.0,,,0.0,,,-2.9776967647335715e-17,0.024571609669791813,1.0,1.1102230246251566e-17,0.29425636802442634,1.0,0.0,,,-0.14079782569846627,0.13279346283409907,1.0,-0.21799761321083722,0.11332700370486909,1.0,-0.00123279999999998,0.831863356043283,1.0,0.0012327999999999797,0.8318633560432831,1.0,6.938893903907229e-19,0.373900966300059,1.0,-6.938893903907229e-19,0.373900966300059,1.0,0.10226256934075584,0.017796789865038156,0.48841692906482786,11.8,0.019419640866406258,0.4660713807937502,16.07547883987427,6.905805452767082e-05,0.007941676270682145
l1tcl_gold_dim_sweep,8fa4d5e0e043,ProposedB_SourceDR,FeasibleRestricted,50,50,5000,10,,0.05618977059001212,0.009342691003424147,0.05205409565407124,5,-0.07940905305798222,0.025690546768744563,-0.0750765542981228,5,0.02223968844801323,0.015304583061650476,0.024576588475077446,5,-0.012409053057982252,0.025690546768744563,-0.008076554298122818,5,,,,0,,,,0,0.0,0.0,0.0,5,,,,0,,,,0,,,,0,-0.06699999999999999,0.0,-0.06699999999999999,5,-0.06699999999999999,0.0,-0.06699999999999999,5,4.071897028519759e-17,1.3857141090077011e-16,-3.977910376476024e-18,5,-0.06700000000000025,1.2018516789897274e-17,-0.06700000000000024,5,1.0,0.0,1.0,5,0.04123018777660369,0.00713054850543483,0.03770489101268507,5,0.11490874768704681,0.020230176074977294,0.10127119083578023,5,-0.0731072641898436,0.3482884299879538,-0.021122597794126008,5,0.003510800000000018,0.0031506389352002812,0.0021439999999999793,5,-0.0829964641898436,0.3492803497435569,-0.025946597794126013,5,1.5265566588595904e-17,2.4236514457283396e-17,0.0,5,0.10304176144014845,0.06796258576556223,0.0763132905123434,5,4.4,3.9115214431215892,3.0,5,0.902929730477292,0.10011700517641085,0.9141730442883256,5,9.0,1.224744871391589,9.0,5,25.90673041343689,2.6046413585560746,26.867302656173706,5,-0.4348030940103569,0.0030109446466849332,0.4426088630626852,0.09588668997890831,0.6149997976614151,1.0,-0.2669607184631202,0.06363950032624863,1.0,0.0958866899789083,0.6149997976614152,1.0,0.0,,,0.0,,,0.0,,,3.749273590885208e-17,0.5393291761594113,1.0,8.326672684688674e-18,0.304558784680535,1.0,0.0,,,-0.371863386594279,0.005208188501307837,0.7451094019677326,-0.7877795579990927,0.001056731154621734,0.1711904470487209,0.022913999999999993,0.07491460221058423,1.0,-0.022913999999999993,0.07491460221058423,1.0,-2.2898349882893852e-17,0.16094301069703287,1.0,2.2898349882893852e-17,0.16094301069703287,1.0,0.10304176144014845,0.027524312827716692,0.48841692906482786,4.4,0.065684106503028,1.0,18.645753049850462,6.0936640987628346e-05,0.007190523636540145
l1tcl_gold_dim_sweep,8fa4d5e0e043,ProxyOnly,FeasibleRestricted,50,50,5000,10,,0.49099286460036895,0.14766311369201424,0.4196514549560891,5,-0.17529574303689055,0.37740977726485253,-0.01133911236352099,5,0.28920040691113347,0.22924224245989103,0.24118214172398464,5,-0.10829574303689053,0.3774097772648526,0.05566088763647899,5,,,,0,,,,0,0.0,0.0,0.0,5,,,,0,,,,0,,,,0,-0.06699999999999999,0.0,-0.06699999999999999,5,-0.06699999999999999,0.0,-0.06699999999999999,5,3.2262343763455234e-18,1.57020968054532e-17,-4.665768118995011e-18,5,-0.06700000000000025,1.3877787807814457e-17,-0.06700000000000025,5,1.0,0.0,1.0,5,0.4130935743708827,0.14788972083903185,0.3514243970205028,5,0.9026883056861393,0.19778658651553643,0.8558059011645567,5,-0.0960212641898436,0.36305266737890046,-0.02574559779412601,5,0.026424800000000016,0.019102204079634387,0.03082000000000007,5,-0.08299646418984358,0.3492803497435569,-0.02594659779412601,5,-7.632783294297952e-18,2.7798909874046834e-17,0.0,5,0.0,0.0,0.0,5,0.0,0.0,0.0,5,,,,0,,,,0,7.260977363586425,0.3617734221421208,7.091863632202148,5,,,,,,,,,,,,,,,,,,,,,,,,,,,,,,,,,,,,,,,,,,,,,,,,,,,,,,,,,
l1tcl_gold_dim_sweep,8fa4d5e0e043,TargetOnlyDR,OracleTargetTreated,50,50,5000,10,,0.3874033339995084,0.009743344724479618,0.3919910653788018,5,-0.034731710974657895,0.17557975230804862,-0.013026761948738648,5,0.13880054622015342,0.08970960359720845,0.1339030274368691,5,0.03226828902534208,0.17557975230804862,0.05397323805126133,5,,,,0,,,,0,0.0,0.0,0.0,5,,,,0,,,,0,,,,0,-0.06699999999999999,0.0,-0.06699999999999999,5,-0.06699999999999999,0.0,-0.06699999999999999,5,-6.3602089148849325e-18,1.062968910674085e-17,-2.4421618773969908e-18,5,-0.06700000000000024,2.1942709178604383e-17,-0.06700000000000024,5,1.0,0.0,1.0,5,0.30529194734512755,0.011098412903936802,0.30648709337435043,5,0.7783685682418314,0.03803886160782042,0.7851199085643108,5,-0.10099266418984361,0.34819334382344413,-0.02420459779412601,5,0.03139620000000002,0.013231745168344196,0.033634,5,-0.08299646418984359,0.3492803497435568,-0.025946597794126006,5,2.7755575615628915e-18,6.206335383118183e-18,0.0,5,0.0,0.0,0.0,5,0.0,0.0,0.0,5,,,,0,,,,0,5.741238355636597,0.26476083130630246,5.685136556625366,5,-0.10358953060086055,0.19342283224100093,1.0,0.14056403206223264,0.399838333677546,1.0,-0.15039986069098002,0.27255489524294635,1.0,0.14056403206223264,0.399838333677546,1.0,0.0,,,0.0,,,0.0,,,-9.586443291230454e-18,0.13086269192218228,1.0,1.3877787807814457e-17,0.4299733794885493,1.0,0.0,,,-0.10780162702575516,0.18479149032562409,1.0,-0.12431973744430802,0.2957553947645456,1.0,-0.0049714000000000095,0.5371616902963086,1.0,0.0049714000000000095,0.5371616902963086,1.0,-1.0408340855860843e-17,0.4089650038544071,1.0,1.0408340855860843e-17,0.4089650038544071,1.0,0.0,,,0.0,,,-1.5197390079498292,0.0009443261106716628,0.056659566640299766
l1tcl_gold_dim_sweep,8fc9b78128df,AnchorOnly,OracleTargetTreated,100,100,5000,10,,0.24494370772476154,0.02434095802786682,0.25695321455272085,5,-0.05492318282051765,0.07400874636381802,-0.06538660561708033,5,0.050762646408083326,0.04938166250631025,0.05269051273812021,5,0.012076817179482335,0.07400874636381802,0.0016133943829196445,5,,,,0,,,,0,0.0,0.0,0.0,5,,,,0,,,,0,,,,0,-0.06699999999999999,0.0,-0.06699999999999999,5,-0.06699999999999999,0.0,-0.06699999999999999,5,4.316215179364468e-18,4.949821321138679e-17,2.811506820325469e-17,5,-0.06700000000000023,1.6996749443881478e-17,-0.06700000000000023,5,1.0,0.0,1.0,5,0.1888075406184298,0.018410263049397437,0.20029008066468149,5,0.4784926887427739,0.05246490367649623,0.4802363513555404,5,-0.14208736896580648,0.3674566774749325,-0.1530734537895601,5,0.02799259999999999,0.007628502428393139,0.026866999999999974,5,-0.1274947689658065,0.36567170899418977,-0.12808245378956012,5,1.1102230246251566e-17,2.4825341532472735e-17,0.0,5,0.01889880108261046,0.011297926934232698,0.01909709662411766,5,0.6,0.8944271909999159,0.0,5,,,,0,,,,0,10.425515270233154,0.4690246564489675,10.57230806350708,5,-0.31161357064797196,0.01625192016620993,1.0,-0.08582138342214927,0.6939646603640521,1.0,-0.328893658657067,0.0597231693274987,1.0,-0.08582138342214925,0.6939646603640522,1.0,0.0,,,0.0,,,0.0,,,-1.060940035225708e-17,0.6839241974636199,1.0,1.9428902930940238e-17,0.15993479883742162,1.0,0.0,,,-0.28945873269732686,0.021213121341660767,1.0,-0.4940627681128544,0.011832473456944182,0.9345351953333941,0.009688200000000027,0.3502550806911917,1.0,-0.009688200000000027,0.3502550806911917,1.0,-1.2490009027033011e-17,0.3133664955648933,1.0,1.2490009027033011e-17,0.3133664955648933,1.0,0.01889880108261046,0.020113706329271574,0.48841692906482786,0.6,0.20799999999999982,1.0,3.400389623641968,4.604210985033764e-05,0.005617137401741192
l1tcl_gold_dim_sweep,8fc9b78128df,AnchorPlugin,FeasibleRestricted,100,100,5000,10,,0.34572582734809626,0.07898191527104176,0.3587189003952865,5,-0.00330637727709871,0.2328586362191489,0.02060253994355371,5,0.18911966555484053,0.12077430006765766,0.22276166660556518,5,0.06369362272290127,0.23285863621914887,0.08760253994355369,5,,,,0,,,,0,0.0,0.0,0.0,5,,,,0,,,,0,,,,0,-0.06699999999999999,0.0,-0.06699999999999999,5,-0.06699999999999999,0.0,-0.06699999999999999,5,-7.81332240936203e-18,3.31779086318983e-17,-5.500423603723271e-18,5,-0.06700000000000024,2.0816681711721685e-17,-0.06700000000000024,5,1.0,0.0,1.0,5,0.2808563259923183,0.06753684511348974,0.29951832821739166,5,0.6780830862525364,0.16467613112678073,0.6884286769546857,5,-0.1487873689658065,0.3830453758076418,-0.16030945378956013,5,0.034692599999999976,0.01898184613782335,0.036515,5,-0.12749476896580647,0.36567170899418977,-0.1280824537895601,5,-6.938893903907228e-18,1.2018516789897274e-17,0.0,5,0.041860511142411315,0.025387284769284996,0.03974249594164521,5,12.0,5.522680508593631,13.0,5,,,,0,,,,0,7.269552946090698,0.5521268000879553,7.329746723175049,5,-0.21083145102463727,0.01703057286291761,1.0,-0.03420457787873032,0.802215571508688,1.0,-0.1905366395103098,0.09340197530170105,1.0,-0.034204577878730304,0.8022155715086883,1.0,0.0,,,0.0,,,0.0,,,-2.2738937940983576e-17,0.05280316856863365,1.0,1.3877787807814457e-17,0.2980148117312104,1.0,0.0,,,-0.19740994732343836,0.02522715076562416,1.0,-0.29447237060309195,0.013457564300963188,0.9644121026552601,0.0029882000000000407,0.44035176383744257,1.0,-0.0029882000000000407,0.44035176383744257,1.0,5.551115123125783e-18,0.373900966300059,1.0,-5.551115123125783e-18,0.373900966300059,1.0,0.041860511142411315,0.02107407501039171,0.48841692906482786,12.0,0.008287331101718469,0.21789226634897735,0.24442729949951172,0.3576087994873987,1.0
l1tcl_gold_dim_sweep,8fc9b78128df,DRLearner_PooledNoSite,OracleTargetTreated,100,100,5000,10,,0.0737543563435557,0.013016047830269982,0.0703914348790539,5,-0.07724002840681858,0.04863649966723028,-0.06451464747461336,5,0.036498928799238495,0.02883343671384327,0.03480445560078603,5,-0.010240028406818601,0.04863649966723028,0.0024853525253866193,5,,,,0,,,,0,0.0,0.0,0.0,5,,,,0,,,,0,,,,0,-0.06699999999999999,0.0,-0.06699999999999999,5,-0.06699999999999999,0.0,-0.06699999999999999,5,-8.120096737251845e-18,1.1551680567437242e-16,6.228852437398729e-18,5,-0.06700000000000024,2.0816681711721685e-17,-0.06700000000000024,5,1.0,0.0,1.0,5,0.06021376978554253,0.0131513208933351,0.05738282497131429,5,0.14061124005907247,0.021689325814478563,0.14052835042201428,5,-0.12454676896580648,0.37259127124579683,-0.12459845378956012,5,0.010451999999999986,0.0091592945416118,0.009916000000000008,5,-0.12749476896580644,0.3656717089941897,-0.12808245378956012,5,-2.2204460492503132e-17,4.965068306494547e-17,0.0,5,,,,0,,,,0,,,,0,,,,0,0.3437763214111328,0.12953523576339154,0.33499765396118164,5,-0.48280292202917785,0.0047341215928255196,0.6533087798099217,-0.1081382290084502,0.6360028129584228,1.0,-0.3431573762659118,0.062043680811772944,1.0,-0.10813822900845019,0.6360028129584228,1.0,0.0,,,0.0,,,0.0,,,-2.3045712268873392e-17,0.6593604874701902,1.0,2.7755575615628915e-18,0.8927663880925567,1.0,0.0,,,-0.4180525035302141,0.007412715270255536,0.9340021240521975,-0.8319442167965558,0.003380358074307446,0.39212153661966376,0.027228800000000032,0.036263863124146915,1.0,-0.027228800000000032,0.036263863124146915,1.0,2.0816681711721685e-17,0.4089650038544071,1.0,-2.0816681711721685e-17,0.4089650038544071,1.0,,,,,,,-6.6813493251800535,6.202969731681792e-09,1.0855197030443136e-06
l1tcl_gold_dim_sweep,8fc9b78128df,DRLearner_PooledWithSite,OracleTargetTreated,100,100,5000,10,,0.07373391830246716,0.013821282155777236,0.06914787867854048,5,-0.07701396847388892,0.04894101058479356,-0.06504778704806378,5,0.03630163225576172,0.029551841605308247,0.03214229627317103,5,-0.010013968473888937,0.048941010584793554,0.0019522129519361914,5,,,,0,,,,0,0.0,0.0,0.0,5,,,,0,,,,0,,,,0,-0.06699999999999999,0.0,-0.06699999999999999,5,-0.06699999999999999,0.0,-0.06699999999999999,5,-5.804800236667002e-18,1.0903007702253977e-16,9.806109550055771e-18,5,-0.06700000000000025,2.1942709178604383e-17,-0.06700000000000025,5,1.0,0.0,1.0,5,0.06022179134532542,0.013833937427954104,0.05553638892803546,5,0.14043107960759843,0.022490402948972036,0.13826447847198164,5,-0.12461376896580649,0.3724569569702161,-0.12453145378956014,5,0.010519,0.00925170295134902,0.009849000000000024,5,-0.1274947689658065,0.36567170899418977,-0.12808245378956012,5,-1.3877787807814458e-18,3.103167691559092e-18,0.0,5,,,,0,,,,0,,,,0,,,,0,0.8751558303833008,0.33041407282205726,0.9127645492553711,5,-0.4828233600702664,0.004656817135204733,0.647297581793458,-0.10791216907552052,0.636649262574524,1.0,-0.3433546728093886,0.061807982552561126,1.0,-0.10791216907552052,0.636649262574524,1.0,0.0,,,0.0,,,0.0,,,-2.0730415768288543e-17,0.6760174335850812,1.0,-2.7755575615628915e-18,0.8899165133405488,1.0,0.0,,,-0.4180444819704312,0.007319067473169149,0.9328805991290042,-0.8321243772480298,0.0033218817470606265,0.3902024935944288,0.027161800000000014,0.037559945187236383,1.0,-0.027161800000000014,0.037559945187236383,1.0,0.0,,,0.0,,,,,,,,,-6.149969816207886,1.2880220244379855e-06,0.0002125236340322676
l1tcl_gold_dim_sweep,8fc9b78128df,EntropyBalancing,FeasibleRestricted,100,100,5000,10,,0.5591928428470283,0.3407334004332178,0.4715576139589007,5,-0.2210118782750361,0.46501796946949825,-0.08880891465910423,5,0.3239040182212766,0.3387462456868409,0.2880888581460439,5,-0.1540118782750361,0.46501796946949825,-0.021808914659104256,5,,,,0,,,,0,0.0,0.0,0.0,5,,,,0,,,,0,,,,0,-0.06699999999999999,0.0,-0.06699999999999999,5,-0.06699999999999999,0.0,-0.06699999999999999,5,8.22705591621773e-18,1.2969026618121301e-17,1.3437658944578548e-17,5,-0.06700000000000023,1.8358587643600646e-17,-0.06700000000000024,5,1.0,0.0,1.0,5,0.45836584281297676,0.2918616833742945,0.3856338631290343,5,1.0759856607367366,0.6428698835994426,0.9346285031871953,5,-0.13905896896580647,0.3745577583105883,-0.13900345378956014,5,0.024964199999999985,0.017371008223473965,0.024321000000000023,5,-0.1274947689658065,0.36567170899418977,-0.12808245378956012,5,1.2490009027033011e-17,2.4236514457283396e-17,0.0,5,,,,0,,,,0,,,,0,,,,0,1.887444305419922,0.4518360813566357,2.1966803073883057,5,0.002635564474294705,0.98635908610484,1.0,-0.25191007887666766,0.16391018584600636,1.0,-0.05575228684387371,0.7692606737304544,1.0,-0.25191007887666766,0.16391018584600636,1.0,0.0,,,0.0,,,0.0,,,-6.698559615403816e-18,0.6261939178162017,1.0,1.1102230246251566e-17,0.47662066727284136,1.0,0.0,,,-0.019900430502779908,0.8809233791328237,1.0,0.10343020388110843,0.7329769331393298,1.0,0.012716600000000028,0.26255306003192563,1.0,-0.012716600000000028,0.26255306003192563,1.0,-1.3877787807814457e-17,0.26626462796630995,1.0,1.3877787807814457e-17,0.26626462796630995,1.0,,,,,,,-5.137681341171264,1.2768604699890293e-05,0.0018259104720843118
l1tcl_gold_dim_sweep,8fc9b78128df,IPWTransport,FeasibleRestricted,100,100,5000,10,,0.2688369166140737,0.050435233493404064,0.2715328775537822,5,-0.11682914738143302,0.20249503524984894,-0.09169686763214534,5,0.16406832909878658,0.10227364491990891,0.17240563750344573,5,-0.04982914738143303,0.20249503524984894,-0.02469686763214536,5,,,,0,,,,0,0.0,0.0,0.0,5,,,,0,,,,0,,,,0,-0.06699999999999999,0.0,-0.06699999999999999,5,-0.06699999999999999,0.0,-0.06699999999999999,5,1.822810783122408e-17,4.276056088508119e-17,5.2276179867369e-18,5,-0.06700000000000025,2.1942709178604383e-17,-0.06700000000000025,5,1.0,0.0,1.0,5,0.2245157701891888,0.05362165144562075,0.2160926182335241,5,0.5025288903387081,0.09322581908812526,0.5286549785010103,5,-0.13659336896580648,0.3777579479095953,-0.13498345378956011,5,0.022498599999999994,0.020114924292673843,0.020301,5,-0.1274947689658065,0.36567170899418977,-0.12808245378956012,5,1.3877787807814458e-18,3.103167691559092e-18,0.0,5,,,,0,,,,0,,,,0,,,,0,0.6013981819152832,0.2584005618444333,0.6001472473144531,5,-0.2877203617586598,0.03644397886235391,1.0,-0.14772734798306467,0.4633665071455677,1.0,-0.21558797596636375,0.22027001272557187,1.0,-0.1477273479830646,0.46336650714556776,1.0,0.0,,,0.0,,,0.0,,,3.3024922996025317e-18,0.8283878816716199,1.0,-8.326672684688674e-18,0.5011693674201637,1.0,0.0,,,-0.25375050312656783,0.04356579077993849,1.0,-0.4700265665169202,0.04375349553815928,1.0,0.015182200000000017,0.19185075882394118,1.0,-0.015182200000000017,0.19185075882394118,1.0,-2.7755575615628915e-18,0.373900966300059,1.0,2.7755575615628915e-18,0.373900966300059,1.0,,,,,,,-6.4237274646759035,9.710851593819534e-07,0.00016314230677616818
l1tcl_gold_dim_sweep,8fc9b78128df,OutcomeModelTransport,FeasibleRestricted,100,100,5000,10,,0.06888324736344864,0.006813740551796625,0.07207974241990181,5,-0.08029939491188236,0.03534482208638473,-0.09649741232510366,5,0.03199336524222611,0.013815916733711206,0.031109419120438145,5,-0.013299394911882381,0.03534482208638473,-0.02949741232510368,5,,,,0,,,,0,0.0,0.0,0.0,5,,,,0,,,,0,,,,0,-0.06699999999999999,0.0,-0.06699999999999999,5,-0.06699999999999999,0.0,-0.06699999999999999,5,7.173479634857405e-18,1.3261571608210913e-16,1.998521131917355e-18,5,-0.06700000000000024,1.5515838457795457e-17,-0.06700000000000024,5,1.0,0.0,1.0,5,0.055510056300567864,0.0058384298105308916,0.05889629005505335,5,0.13634437191184168,0.014231615949277111,0.14283058220761363,5,-0.1224563689658065,0.3726449155451937,-0.11736245378956013,5,0.008361600000000007,0.00853341732836267,0.0045560000000000045,5,-0.1274947689658065,0.36567170899418977,-0.12808245378956012,5,-1.3877787807814458e-18,3.103167691559092e-18,0.0,5,,,,0,,,,0,,,,0,,,,0,0.07993941307067871,0.04434594558904113,0.06746649742126465,5,-0.4876740310092848,0.004917162744565212,0.6638169705163036,-0.11119759551351398,0.6400893812120528,1.0,-0.3476629398229242,0.05890057980152348,1.0,-0.11119759551351398,0.6400893812120528,1.0,0.0,,,0.0,,,0.0,,,-7.752135896764132e-18,0.8938511877722969,1.0,1.3877787807814457e-17,0.41295436655114875,1.0,0.0,,,-0.4227562170151888,0.007772862182745128,0.963834910660396,-0.8362110849437865,0.0032490178813878905,0.3902024935944288,0.0293192,0.037233405365160066,1.0,-0.0293192,0.037233405365160066,1.0,0.0,,,0.0,,,,,,,,,-6.9451862335205075,2.3342380460888905e-09,4.1082589611164473e-07
l1tcl_gold_dim_sweep,8fc9b78128df,ProposedA_FullyDirect,OracleTargetTreated,100,100,5000,10,,0.23465012389705078,0.040986987908527776,0.22827906711840076,5,-0.063494924226036,0.11190823537371916,-0.05275255165576144,5,0.0829759707427783,0.0627100106745587,0.0913606737449909,5,0.003505075773963967,0.11190823537371916,0.014247448344238536,5,,,,0,,,,0,0.0,0.0,0.0,5,,,,0,,,,0,,,,0,-0.06699999999999999,0.0,-0.06699999999999999,5,-0.06699999999999999,0.0,-0.06699999999999999,5,1.3455987345769907e-17,4.2522956264696537e-17,3.1212236228640584e-17,5,-0.06700000000000024,1.8358587643600646e-17,-0.06700000000000024,5,1.0,0.0,1.0,5,0.18182740615763515,0.028821009643560193,0.18496544366378187,5,0.4786474838396556,0.1250943116821912,0.44024100710702657,5,-0.14062676896580645,0.37442653628280875,-0.15521745378956012,5,0.026531999999999965,0.012195104345597027,0.02726900000000001,5,-0.1274947689658065,0.36567170899418977,-0.12808245378956012,5,9.714451465470119e-18,2.5776846797341144e-17,0.0,5,0.0,0.0,0.0,5,0.0,0.0,0.0,5,,,,0,,,,0,8.299194622039796,0.37175066070892393,8.320393323898315,5,-0.32190715447568274,0.011327663536012614,1.0,-0.09439312482766762,0.6271126253222125,1.0,-0.296680334322372,0.05489605994703919,1.0,-0.09439312482766761,0.6271126253222125,1.0,0.0,,,0.0,,,0.0,,,-1.4696281858516382e-18,0.9502707867014802,1.0,2.7755575615628915e-18,0.89540580448719,1.0,0.0,,,-0.2964388671581215,0.016178770730230458,1.0,-0.4939079730159726,0.0072321737723303435,0.7087530296883736,0.011148800000000045,0.13487743005552572,1.0,-0.011148800000000045,0.13487743005552572,1.0,-1.1102230246251566e-17,0.373900966300059,1.0,1.1102230246251566e-17,0.373900966300059,1.0,0.0,,,0.0,,,1.2740689754486083,0.0018626854993931752,0.08754621847147924
l1tcl_gold_dim_sweep,8fc9b78128df,ProposedB_LinearStepB,OracleTargetTreated,100,100,5000,10,,0.2412815662800578,0.030277321154062467,0.25545783988969833,5,-0.05483423512281806,0.0821097976104452,-0.0637842908837181,5,0.05854894648312886,0.05140089726436209,0.0478898648558633,5,0.012165764877181903,0.0821097976104452,0.00321570911628187,5,,,,0,,,,0,0.0,0.0,0.0,5,,,,0,,,,0,,,,0,-0.06699999999999999,0.0,-0.06699999999999999,5,-0.06699999999999999,0.0,-0.06699999999999999,5,8.005882413797168e-18,4.9542499013010626e-17,2.5218045932387855e-17,5,-0.06700000000000024,2.1942709178604383e-17,-0.06700000000000025,5,1.0,0.0,1.0,5,0.18636486528865795,0.02183967728506129,0.19661052849596347,5,0.48295959935764843,0.07774117214093099,0.46495429146805717,5,-0.14139056896580646,0.36808676019000686,-0.15448045378956013,5,0.02729579999999998,0.008324679225051266,0.025593999999999895,5,-0.1274947689658065,0.36567170899418977,-0.12808245378956012,5,0.0,0.0,0.0,5,0.06487353539816076,0.036090380370673254,0.07279431928415464,5,13.6,6.148170459575759,15.0,5,0.6332164837485369,0.3118595239129532,0.6555757030876181,5,8.0,2.0,9.0,5,26.014600849151613,3.465592367853852,24.595300674438477,5,-0.3152757120926757,0.014040719435982256,1.0,-0.08573243572444966,0.6905945327325307,1.0,-0.32110735858202144,0.06383035984750991,1.0,-0.08573243572444966,0.6905945327325307,1.0,0.0,,,0.0,,,0.0,,,-6.9197331178243776e-18,0.7759403150516487,1.0,0.0,1.0,1.0,0.0,,,-0.2919014080270987,0.019872605535059703,1.0,-0.48959585749797974,0.009388150175913419,0.7886046147767272,0.010385000000000028,0.3007017500003408,1.0,-0.010385000000000028,0.3007017500003408,1.0,-1.3877787807814458e-18,0.373900966300059,1.0,1.3877787807814458e-18,0.373900966300059,1.0,0.06487353539816076,0.015872332128538957,0.48841692906482786,13.6,0.00778186665532062,0.21789226634897735,18.989475202560424,0.00023746188816649335,0.02065918427048492
l1tcl_gold_dim_sweep,8fc9b78128df,ProposedB_SourceDR,FeasibleRestricted,100,100,5000,10,,0.06744531885428962,0.015941513475001716,0.06136923227462458,5,-0.06971524509234614,0.04542084215628855,-0.05378648493608564,5,0.036653849142201565,0.019821396921049186,0.031374618252696745,5,-0.0027152450923461635,0.04542084215628855,0.013213515063914334,5,,,,0,,,,0,0.0,0.0,0.0,5,,,,0,,,,0,,,,0,-0.06699999999999999,0.0,-0.06699999999999999,5,-0.06699999999999999,0.0,-0.06699999999999999,5,1.3800825323612828e-17,1.1985625005652622e-16,-2.557479851760439e-17,5,-0.06700000000000024,2.0816681711721685e-17,-0.06700000000000024,5,1.0,0.0,1.0,5,0.05071175011325951,0.011998039702544944,0.04708673236313571,5,0.14443547366752757,0.04731569561842236,0.1401678575117789,5,-0.12208116896580652,0.36789377155380315,-0.11508445378956011,5,0.007986400000000013,0.0070331492803722305,0.008977999999999986,5,-0.1274947689658065,0.36567170899418977,-0.12808245378956012,5,0.0,0.0,0.0,5,0.03897224269992585,0.02258461984099533,0.03559370014383867,5,11.6,5.272570530585627,14.0,5,0.6332164837485369,0.3118595239129532,0.6555757030876181,5,8.0,2.0,9.0,5,25.385055828094483,3.7426029186149727,24.997923851013184,5,-0.48911195951844383,0.004817023718459598,0.659932249428965,-0.10061344569397776,0.6913504453573827,1.0,-0.3430024559229487,0.06604025486901781,1.0,-0.10061344569397775,0.6913504453573827,1.0,0.0,,,0.0,,,0.0,,,-1.124790208008714e-18,0.980245698394052,1.0,1.3877787807814457e-17,0.48586624427938135,1.0,0.0,,,-0.4275545232024971,0.007237356563069099,0.9328805991290042,-0.8281199831881008,0.0038677144991178594,0.42642868464346206,0.0296944,0.06204749920003791,1.0,-0.0296944,0.06204749920003791,1.0,-1.3877787807814458e-18,0.373900966300059,1.0,1.3877787807814458e-18,0.373900966300059,1.0,0.03897224269992585,0.018169200063017536,0.48841692906482786,11.6,0.007932260507363717,0.21789226634897735,18.359930181503294,0.0003695620367231243,0.028456276827680572
l1tcl_gold_dim_sweep,8fc9b78128df,ProxyOnly,FeasibleRestricted,100,100,5000,10,,0.5565572783727335,0.19580309482399136,0.6098793424898706,5,0.03089820060163163,0.5122784574616492,-0.013883325121657616,5,0.37965630506515036,0.30697826081162544,0.5126602734412616,5,0.09789820060163158,0.5122784574616492,0.05311667487834236,5,,,,0,,,,0,0.0,0.0,0.0,5,,,,0,,,,0,,,,0,-0.06699999999999999,0.0,-0.06699999999999999,5,-0.06699999999999999,0.0,-0.06699999999999999,5,1.4925615531621546e-17,3.061777937217135e-17,9.524526985085825e-18,5,-0.06700000000000025,3.024593730708204e-17,-0.06700000000000024,5,1.0,0.0,1.0,5,0.47826627331575666,0.1927448376069375,0.5290225021230727,5,0.9725554568556282,0.30152135815503944,1.0920051580943526,5,-0.15177556896580652,0.38700366472501896,-0.17431245378956015,5,0.037680800000000014,0.024639636009892694,0.034773,5,-0.1274947689658065,0.36567170899418977,-0.12808245378956012,5,-1.3877787807814458e-18,3.103167691559092e-18,0.0,5,0.0,0.0,0.0,5,0.0,0.0,0.0,5,,,,0,,,,0,7.025125646591187,0.09788046752337652,7.06219482421875,5,,,,,,,,,,,,,,,,,,,,,,,,,,,,,,,,,,,,,,,,,,,,,,,,,,,,,,,,,
l1tcl_gold_dim_sweep,8fc9b78128df,TargetOnlyDR,OracleTargetTreated,100,100,5000,10,,0.2633691914759484,0.01981380790817906,0.2514867155328507,5,-0.03598148272673485,0.08246874903245738,0.004750411951424992,5,0.07103800160784932,0.041179885790543935,0.08224081794703095,5,0.03101851727326512,0.08246874903245738,0.07175041195142497,5,,,,0,,,,0,0.0,0.0,0.0,5,,,,0,,,,0,,,,0,-0.06699999999999999,0.0,-0.06699999999999999,5,-0.06699999999999999,0.0,-0.06699999999999999,5,5.288486666786724e-19,2.6404262029118336e-17,4.0865238934789245e-18,5,-0.06700000000000023,2.1942709178604383e-17,-0.06700000000000023,5,1.0,0.0,1.0,5,0.20084889102778897,0.014580126986229848,0.19890970000298291,5,0.5307444931568027,0.055451003552843325,0.5191911369932044,5,-0.14461996896580648,0.370971260517543,-0.1544134537895601,5,0.030525199999999995,0.007967311416029866,0.032360999999999994,5,-0.1274947689658065,0.36567170899418977,-0.12808245378956012,5,0.0,0.0,0.0,5,0.0,0.0,0.0,5,0.0,0.0,0.0,5,,,,0,,,,0,5.876942491531372,0.37668474429524057,5.714079141616821,5,-0.2931880868967851,0.022768735891142266,1.0,-0.06687968332836647,0.7485955008813947,1.0,-0.30861830345730096,0.06672911185504396,1.0,-0.06687968332836647,0.7485955008813947,1.0,0.0,,,0.0,,,0.0,,,-1.4396766864942874e-17,0.37862435529046307,1.0,1.9428902930940238e-17,0.43906799093574034,1.0,0.0,,,-0.27741738228796764,0.026084039821739728,1.0,-0.44181096369882544,0.0229964034644553,1.0,0.0071556000000000146,0.41148027685742683,1.0,-0.0071556000000000146,0.41148027685742683,1.0,-1.3877787807814458e-18,0.373900966300059,1.0,1.3877787807814458e-18,0.373900966300059,1.0,0.0,,,0.0,,,-1.1481831550598145,0.002498448538252246,0.09714522833921767
l1tcl_gold_dim_sweep,9aafa3012367,AnchorOnly,OracleTargetTreated,500,500,5000,10,,0.13871529030756155,0.013749439385413814,0.14306662873756185,5,-0.08383652180753902,0.052795358131243024,-0.06936394977173452,5,0.036098358029334254,0.038895001065797394,0.026060471934063988,5,-0.01683652180753905,0.052795358131243024,-0.0023639497717345415,5,,,,0,,,,0,0.0,0.0,0.0,5,,,,0,,,,0,,,,0,-0.06699999999999999,0.0,-0.06699999999999999,5,-0.06699999999999999,0.0,-0.06699999999999999,5,4.4194141364458543e-17,6.301273863254034e-17,1.782701289958419e-17,5,-0.06700000000000024,1.3877787807814457e-17,-0.06700000000000023,5,1.0,0.0,1.0,5,0.10472120693215219,0.011656042524350143,0.10359771781851826,5,0.26409436281535215,0.011258037658012249,0.2654537567810225,5,0.14551262196114265,0.32011227341737275,-0.04303696404223238,5,0.01645520000000001,0.008721536974639286,0.019429999999999947,5,0.14856782196114265,0.32424253572375994,-0.04384096404223239,5,8.326672684688674e-18,1.2412670766236365e-17,0.0,5,0.0026994099541762283,0.0014244294987654437,0.0027533799693998337,5,6.8,1.9235384061671346,7.0,5,,,,0,,,,0,14.310963487625122,2.7060574292864787,13.795262336730957,5,-0.32857403478331776,0.003799115997435923,0.5318762396410293,0.017676171191001754,0.9284263802079129,1.0,-0.2864661128676076,0.04649521487939584,1.0,0.017676171191001743,0.9284263802079129,1.0,0.0,,,0.0,,,0.0,,,2.097786390262592e-17,0.4588172110915836,1.0,8.326672684688674e-18,0.20799999999999982,1.0,0.0,,,-0.29051683255540295,0.0063522121444585765,0.870253063790825,-0.594783125928143,0.0019596959321865302,0.2743574305061142,0.010921000000000024,0.4223011653675802,1.0,-0.010921000000000024,0.4223011653675802,1.0,0.0,,,0.0,,,0.0026994099541762283,0.01328975219104452,0.4651413266865582,6.8,0.0013855069102196628,0.0508044649845724,6.667616319656372,0.006295076225662584,0.2014424392212027
l1tcl_gold_dim_sweep,9aafa3012367,AnchorPlugin,FeasibleRestricted,500,500,5000,10,,0.34585113273626505,0.054178211794463624,0.3744515623771024,5,-0.07449173910948859,0.19792047102446259,-0.06998644758261335,5,0.15097839071846736,0.10368016909818478,0.13853481297915882,5,-0.007491739109488615,0.19792047102446259,-0.0029864475826133774,5,,,,0,,,,0,0.0,0.0,0.0,5,,,,0,,,,0,,,,0,-0.06699999999999999,0.0,-0.06699999999999999,5,-0.06699999999999999,0.0,-0.06699999999999999,5,1.4472771031792175e-17,2.199669867131336e-17,5.864776989163941e-18,5,-0.06700000000000024,1.8358587643600646e-17,-0.06700000000000024,5,1.0,0.0,1.0,5,0.2794175594946776,0.04441981697309474,0.30421602024342453,5,0.6721213139330737,0.09749274859932952,0.6843868489257499,5,0.13425662196114266,0.33948138466668076,-0.06903296404223237,5,0.02771120000000001,0.0164790446537413,0.028408000000000017,5,0.14856782196114265,0.32424253572375994,-0.04384096404223238,5,6.938893903907228e-18,1.2018516789897274e-17,0.0,5,0.005088342844028672,0.0034221007815441367,0.006733140921364903,5,19.0,1.4142135623730951,20.0,5,,,,0,,,,0,6.262187671661377,0.9517766348444469,5.847179174423218,5,-0.12143819235461425,0.05063111219720935,1.0,0.02702095388905219,0.7889080919094079,1.0,-0.17158608017847446,0.014597777454312129,1.0,0.02702095388905219,0.7889080919094079,1.0,0.0,,,0.0,,,0.0,,,-8.743506430040447e-18,0.1399944027448903,1.0,5.551115123125783e-18,0.7291816243446679,1.0,0.0,,,-0.1158204799928775,0.05413156925772292,1.0,-0.18675617481042148,0.033514121753108056,1.0,-0.00033499999999997144,0.9437624948644701,1.0,0.00033499999999997144,0.9437624948644701,1.0,1.3877787807814458e-18,0.373900966300059,1.0,-1.3877787807814458e-18,0.373900966300059,1.0,0.005088342844028672,0.0292465385481645,0.48841692906482786,19.0,7.312325879564378e-06,0.0003656162939782189,-1.381159496307373,0.04202106150345677,0.8252643653635756
l1tcl_gold_dim_sweep,9aafa3012367,DRLearner_PooledNoSite,OracleTargetTreated,500,500,5000,10,,0.06427822726206214,0.01824236927765587,0.06295250813803195,5,-0.08089985741223213,0.03308077900841221,-0.066344885698684,5,0.019621914994240125,0.02923304722146505,0.0075715752347757445,5,-0.013899857412232139,0.03308077900841221,0.0006551143013159705,5,,,,0,,,,0,0.0,0.0,0.0,5,,,,0,,,,0,,,,0,-0.06699999999999999,0.0,-0.06699999999999999,5,-0.06699999999999999,0.0,-0.06699999999999999,5,1.7396852132913176e-16,5.060610062700387e-17,1.7103068660743587e-16,5,-0.06700000000000023,2.3013707539344673e-17,-0.06700000000000023,5,1.0,0.0,1.0,5,0.05197523766347806,0.016117497531500984,0.049988026955325685,5,0.11921130998439249,0.03258304900114538,0.11656033920881975,5,0.15521422196114262,0.32010543301965927,-0.038011964042232387,5,0.006753600000000036,0.004708484289025552,0.007571000000000001,5,0.14856782196114265,0.32424253572375994,-0.04384096404223239,5,3.053113317719181e-17,4.6443961262081255e-17,1.3877787807814457e-17,5,,,,0,,,,0,,,,0,,,,0,0.9298810005187989,0.2085943857373865,0.9737727642059326,5,-0.4030110978288171,0.0024988125077689514,0.3848171261964185,0.020612835586308654,0.9168275956928971,1.0,-0.3029425559027017,0.03578649642709182,1.0,0.020612835586308654,0.9168275956928971,1.0,0.0,,,0.0,,,0.0,,,1.5075224386729913e-16,0.006171635659886964,1.0,1.3877787807814457e-17,0.39434828330912813,1.0,0.0,,,-0.3432628018240771,0.003977338802421833,0.6032099322942237,-0.7396661787591027,0.0013707250419875677,0.2042380312561476,0.0206226,0.18574602506482651,1.0,-0.0206226,0.18574602506482651,1.0,-2.2204460492503132e-17,0.373900966300059,1.0,2.2204460492503132e-17,0.373900966300059,1.0,,,,,,,-6.713466167449951,5.561051173048767e-05,0.006668607266626654
l1tcl_gold_dim_sweep,9aafa3012367,DRLearner_PooledWithSite,OracleTargetTreated,500,500,5000,10,,0.06359982458424288,0.018401868185808603,0.06168233499673028,5,-0.08027195621731784,0.03264656577756544,-0.06619272737958869,5,0.019387737938014783,0.028567880677790702,0.007499699349142366,5,-0.013271956217317851,0.03264656577756544,0.0008072726204112896,5,,,,0,,,,0,0.0,0.0,0.0,5,,,,0,,,,0,,,,0,-0.06699999999999999,0.0,-0.06699999999999999,5,-0.06699999999999999,0.0,-0.06699999999999999,5,1.713495594913271e-16,5.419232006823506e-17,1.659723647364835e-16,5,-0.06700000000000023,1.2018516789897274e-17,-0.06700000000000023,5,1.0,0.0,1.0,5,0.051313965492801525,0.01607938134683261,0.04902848118759401,5,0.11827992050044878,0.033246734928955635,0.11396903925272446,5,0.15524102196114264,0.3203576952308037,-0.03848096404223238,5,0.006726800000000024,0.0045721302693602466,0.008039999999999992,5,0.14856782196114265,0.32424253572376,-0.04384096404223239,5,8.326672684688674e-18,7.947987303456223e-17,1.3877787807814457e-17,5,,,,0,,,,0,,,,0,,,,0,2.2337217330932617,0.6558908076909413,2.493168354034424,5,-0.40368950050663643,0.002509967243514243,0.3848171261964185,0.021240736781222957,0.9141723920577501,1.0,-0.303176732958927,0.0356720268481255,1.0,0.021240736781222957,0.9141723920577501,1.0,0.0,,,0.0,,,0.0,,,1.4813328202949447e-16,0.00791358431075181,1.0,1.3877787807814457e-17,0.35130100296326006,1.0,0.0,,,-0.34392407399475367,0.003968486396672524,0.6032099322942237,-0.7405975682430463,0.0013954581772771448,0.20513235205974029,0.020649400000000012,0.18302846275567952,1.0,-0.020649400000000012,0.18302846275567952,1.0,0.0,1.0,1.0,0.0,1.0,1.0,,,,,,,-5.409625434875489,0.0002817527753216712,0.02366723312702038
l1tcl_gold_dim_sweep,9aafa3012367,EntropyBalancing,FeasibleRestricted,500,500,5000,10,,0.5926746580693572,0.21054750241349254,0.5131711210218589,5,-0.3129227790730392,0.1959630571300869,-0.34303660813644604,5,0.268683741646942,0.15414391023254057,0.27603660813644604,5,-0.2459227790730393,0.1959630571300869,-0.27603660813644604,5,,,,0,,,,0,0.0,0.0,0.0,5,,,,0,,,,0,,,,0,-0.06699999999999999,0.0,-0.06699999999999999,5,-0.06699999999999999,0.0,-0.06699999999999999,5,2.297394977657541e-18,1.3797493867190338e-17,5.596849160196095e-18,5,-0.06700000000000023,9.813077866773595e-18,-0.06700000000000023,5,1.0,0.0,1.0,5,0.4769164725345149,0.16887850391328685,0.41685543669108577,5,1.1711989416517157,0.43096465724116756,1.0230969910959677,5,0.1425646219611426,0.32613371754315906,-0.06380696404223238,5,0.019403200000000044,0.008110958124660717,0.01755400000000018,5,0.14856782196114265,0.32424253572375994,-0.04384096404223239,5,8.326672684688674e-18,1.2412670766236365e-17,0.0,5,,,,0,,,,0,,,,0,,,,0,4.9562605857849125,0.9917947333801885,5.500625133514404,5,0.12538533297847784,0.3243751548637468,1.0,-0.21141008607449846,0.2856281211959799,1.0,-0.053880729249999905,0.6624001236342383,1.0,-0.21141008607449846,0.2856281211959799,1.0,0.0,,,0.0,,,0.0,,,-2.091888248417508e-17,0.16229581209854615,1.0,1.6653345369377347e-17,0.1778078083562211,1.0,0.0,,,0.0816784330469598,0.43451202989657767,1.0,0.31232145290822044,0.21786146139057233,1.0,0.007972999999999994,0.486919404780947,1.0,-0.007972999999999994,0.486919404780947,1.0,0.0,,,0.0,,,,,,,,,-2.687086582183838,0.014151222140430441,0.35378055351076104
l1tcl_gold_dim_sweep,9aafa3012367,IPWTransport,FeasibleRestricted,500,500,5000,10,,0.39013223899754973,0.06942289883656647,0.41351989801503714,5,-0.18297040194690828,0.1306445401442163,-0.18436521544625226,5,0.1429585626878817,0.09128513143947274,0.11736521544625228,5,-0.11597040194690829,0.1306445401442163,-0.11736521544625228,5,,,,0,,,,0,0.0,0.0,0.0,5,,,,0,,,,0,,,,0,-0.06699999999999999,0.0,-0.06699999999999999,5,-0.06699999999999999,0.0,-0.06699999999999999,5,4.7654989297945105e-19,1.2617926890186891e-17,4.748943195370287e-18,5,-0.06700000000000025,3.024593730708204e-17,-0.06700000000000025,5,1.0,0.0,1.0,5,0.3126982337602119,0.05707735326181865,0.33132651794552537,5,0.7587151657406558,0.1366655277583057,0.8074667132812577,5,0.14147922196114263,0.3247437710395009,-0.06554896404223239,5,0.02048860000000003,0.009473146087757747,0.019697999999999993,5,0.14856782196114265,0.32424253572375994,-0.04384096404223239,5,8.326672684688674e-18,1.2412670766236365e-17,0.0,5,,,,0,,,,0,,,,0,,,,0,1.9792233467102052,0.7388383285524226,2.329227924346924,5,-0.07715708609332955,0.37901498271550466,1.0,-0.0814577089483675,0.65040791894253,1.0,-0.17960590820906006,0.20857099827767775,1.0,-0.08145770894836749,0.65040791894253,1.0,0.0,,,0.0,,,0.0,,,-2.2739727568853176e-17,0.17093050231661538,1.0,2.7755575615628915e-18,0.8466432357935875,1.0,0.0,,,-0.08253980572734332,0.31148413414789816,1.0,-0.10016232300283931,0.5030404708901366,1.0,0.006887600000000005,0.5542897344572817,1.0,-0.006887600000000005,0.5542897344572817,1.0,0.0,,,0.0,,,,,,,,,-5.664123821258545,0.00024094823622337208,0.02072154831521
l1tcl_gold_dim_sweep,9aafa3012367,OutcomeModelTransport,FeasibleRestricted,500,500,5000,10,,0.08189621709855013,0.01215484279355866,0.07387197368181286,5,-0.08768653318874972,0.05208921048001274,-0.08002899611637584,5,0.04220038134580164,0.03197047756100575,0.04693987180307328,5,-0.02068653318874976,0.05208921048001274,-0.013028996116375868,5,,,,0,,,,0,0.0,0.0,0.0,5,,,,0,,,,0,,,,0,-0.06699999999999999,0.0,-0.06699999999999999,5,-0.06699999999999999,0.0,-0.06699999999999999,5,1.3283230311223018e-16,5.640555921778274e-17,1.09751372270289e-16,5,-0.06700000000000023,9.813077866773595e-18,-0.06700000000000023,5,1.0,0.0,1.0,5,0.0672939056455254,0.012038792936945562,0.059665320079022366,5,0.15409008058226417,0.02165620935440152,0.14606794443810373,5,0.15222602196114263,0.32181026924018635,-0.054493964042232376,5,0.009741800000000037,0.009788949928363115,0.009112000000000009,5,0.14856782196114265,0.32424253572375994,-0.04384096404223239,5,3.053113317719181e-17,4.6443961262081255e-17,1.3877787807814457e-17,5,,,,0,,,,0,,,,0,,,,0,0.3336310386657715,0.09818893240767042,0.3707728385925293,5,-0.3853931079923291,0.0021237179112729146,0.33979486580366636,0.013826159809791039,0.9460066311629174,1.0,-0.2803640895511402,0.038673084994104205,1.0,0.013826159809791062,0.9460066311629173,1.0,0.0,,,0.0,,,0.0,,,1.0961602565039756e-16,0.012958799066669878,1.0,2.2204460492503132e-17,0.12024334063356444,1.0,0.0,,,-0.32794413384202975,0.003565801920418941,0.5600593413380763,-0.704787408161231,0.0010867186360251889,0.1749617004000554,0.0176344,0.23656548753316559,1.0,-0.0176344,0.23656548753316559,1.0,-2.2204460492503132e-17,0.373900966300059,1.0,2.2204460492503132e-17,0.373900966300059,1.0,,,,,,,-7.309716129302979,3.6716944831053e-05,0.004672576903116921
l1tcl_gold_dim_sweep,9aafa3012367,ProposedA_FullyDirect,OracleTargetTreated,500,500,5000,10,,0.13547066122830648,0.018622029558523986,0.1275462056396378,5,-0.08468511098540546,0.03798678298455736,-0.06334322277475493,5,0.02747040044225844,0.029844111549030113,0.014593300684650874,5,-0.017685110985405483,0.03798678298455736,0.0036567772252450448,5,,,,0,,,,0,0.0,0.0,0.0,5,,,,0,,,,0,,,,0,-0.06699999999999999,0.0,-0.06699999999999999,5,-0.06699999999999999,0.0,-0.06699999999999999,5,3.190375491416995e-17,4.428640757102e-17,2.6396417897150657e-17,5,-0.06700000000000024,2.1942709178604383e-17,-0.06700000000000024,5,1.0,0.0,1.0,5,0.10033023663043028,0.005384794525617694,0.09900577268669264,5,0.2653300235329811,0.048348869378936336,0.24744482070461782,5,0.14582082196114263,0.3184914862832329,-0.04022296404223238,5,0.016147000000000033,0.009104237502394186,0.021172000000000024,5,0.14856782196114268,0.32424253572375994,-0.04384096404223239,5,-1.3877787807814457e-17,5.551115123125783e-17,0.0,5,0.0,0.0,0.0,5,0.0,0.0,0.0,5,,,,0,,,,0,9.524453449249268,1.3226515964422334,9.376116514205933,5,-0.3318186638625728,0.0028731136679343763,0.4252208228542877,0.016827582013135313,0.9318918762176818,1.0,-0.29509407045468333,0.0410805090268345,1.0,0.016827582013135334,0.9318918762176817,1.0,0.0,,,0.0,,,0.0,,,8.68747745233733e-18,0.6459557631686623,1.0,8.326672684688674e-18,0.07048399691021993,1.0,0.0,,,-0.29490780285712487,0.005033857814982546,0.7299093831724691,-0.593547465210514,0.001318479900517091,0.19909046497808075,0.0112292,0.43868550230580694,1.0,-0.0112292,0.43868550230580694,1.0,2.2204460492503132e-17,0.373900966300059,1.0,-2.2204460492503132e-17,0.373900966300059,1.0,0.0,,,0.0,,,1.8811062812805175,0.05306206795699095,0.9020551552688462
l1tcl_gold_dim_sweep,9aafa3012367,ProposedB_LinearStepB,OracleTargetTreated,500,500,5000,10,,0.13944814047592397,0.015526927632883047,0.13194478676451535,5,-0.08214898609030971,0.044807750400119015,-0.07241693701238593,5,0.03335542627120266,0.030064408246426814,0.02560437683120821,5,-0.015148986090309744,0.04480775040011901,-0.00541693701238595,5,,,,0,,,,0,0.0,0.0,0.0,5,,,,0,,,,0,,,,0,-0.06699999999999999,0.0,-0.06699999999999999,5,-0.06699999999999999,0.0,-0.06699999999999999,5,4.5926353899592733e-17,4.917888583982473e-17,3.284063608984112e-17,5,-0.06700000000000025,2.0816681711721685e-17,-0.06700000000000024,5,1.0,0.0,1.0,5,0.10260954492803251,0.005663475438999328,0.10295941371706231,5,0.27580273421721313,0.03218810554504959,0.2622908560068433,5,0.14501682196114263,0.3187725077409161,-0.04189796404223238,5,0.01695100000000004,0.009258614583186888,0.021708000000000005,5,0.14856782196114265,0.32424253572375994,-0.04384096404223239,5,8.326672684688674e-18,1.2412670766236365e-17,0.0,5,0.008687703544859326,0.0031695116027636587,0.008793277885733116,5,19.0,1.224744871391589,19.0,5,1.2226392801047616,0.6189410536710408,0.9643175120041609,5,8.6,2.073644135332772,9.0,5,30.464652395248415,5.1565213251345385,29.13397526741028,5,-0.32784118461495537,0.0032965723635397562,0.4681132756226454,0.01936370690823107,0.921446081294175,1.0,-0.28920904462573915,0.041803195353209095,1.0,0.01936370690823107,0.921446081294175,1.0,0.0,,,0.0,,,0.0,,,2.27100764377601e-17,0.3449813943733458,1.0,2.7755575615628915e-18,0.7488684500235265,1.0,0.0,,,-0.29262849455952267,0.005367398564343055,0.7621705961367138,-0.583074754526282,0.0017797934779344151,0.2509508803887525,0.010425199999999999,0.46342236529090564,1.0,-0.010425199999999999,0.46342236529090564,1.0,0.0,,,0.0,,,0.008687703544859326,0.0035905985544657675,0.18312052627775413,19.0,4.120758057166499e-06,0.00021015866091549145,22.821305227279662,0.0007440077137052977,0.046413689784139275
l1tcl_gold_dim_sweep,9aafa3012367,ProposedB_SourceDR,FeasibleRestricted,500,500,5000,10,,0.06841967692651167,0.00851242421612217,0.07255114832511249,5,-0.06949431033443218,0.02648471581643114,-0.06518428204253236,5,0.017950038317845154,0.017506064875281092,0.008689369986539734,5,-0.0024943103344322133,0.02648471581643114,0.0018157179574676136,5,,,,0,,,,0,0.0,0.0,0.0,5,,,,0,,,,0,,,,0,-0.06699999999999999,0.0,-0.06699999999999999,5,-0.06699999999999999,0.0,-0.06699999999999999,5,4.4111350632237146e-17,8.355841654362868e-17,1.5973682167581376e-17,5,-0.06700000000000025,3.3993498887762956e-17,-0.06700000000000024,5,1.0,0.0,1.0,5,0.05218818568142471,0.006917976372732079,0.054340658293773436,5,0.13950765083475955,0.016347302985286333,0.1461609585835627,5,0.15284242196114264,0.3235242658119827,-0.045582964042232374,5,0.009125400000000028,0.004573308299251203,0.009380000000000166,5,0.14856782196114265,0.32424253572375994,-0.04384096404223238,5,6.938893903907228e-18,1.2018516789897274e-17,0.0,5,0.00463564960067499,0.0030270937925607616,0.005960151199993964,5,19.0,1.4142135623730951,20.0,5,1.2226392801047614,0.6189410536710406,0.9643175120041608,5,8.6,2.073644135332772,9.0,5,33.955658483505246,3.1067990022919036,35.072649002075195,5,-0.3988696481643676,0.002289118152699153,0.359391549973767,0.03201838266410858,0.8697743184522407,1.0,-0.30461443257909665,0.031862897382953934,1.0,0.03201838266410858,0.8697743184522407,1.0,0.0,,,0.0,,,0.0,,,2.089507317040452e-17,0.5702646582847337,1.0,0.0,1.0,1.0,0.0,,,-0.34304985380613046,0.003674105127645026,0.573160399912624,-0.7193698379087357,0.0012374089060325558,0.1918208095260042,0.018250800000000008,0.1812199207831948,1.0,-0.018250800000000008,0.1812199207831948,1.0,1.3877787807814458e-18,0.373900966300059,1.0,-1.3877787807814458e-18,0.373900966300059,1.0,0.00463564960067499,0.026675100620690714,0.48841692906482786,19.0,7.312325879564378e-06,0.0003656162939782189,26.312311315536498,2.5716672268971966e-05,0.0034460340840422434
l1tcl_gold_dim_sweep,9aafa3012367,ProxyOnly,FeasibleRestricted,500,500,5000,10,,0.46728932509087934,0.12481841375378964,0.39543516586659483,5,-0.10151269299854078,0.4086716748907561,-0.11985825559574002,5,0.32256447089694185,0.1960654175887483,0.30233594073681913,5,-0.0345126929985408,0.4086716748907561,-0.05285825559574005,5,,,,0,,,,0,0.0,0.0,0.0,5,,,,0,,,,0,,,,0,-0.06699999999999999,0.0,-0.06699999999999999,5,-0.06699999999999999,0.0,-0.06699999999999999,5,2.3216277461832623e-17,2.064633976485995e-17,3.1598081451646787e-17,5,-0.06700000000000024,1.8358587643600646e-17,-0.06700000000000024,5,1.0,0.0,1.0,5,0.39523803948755515,0.12138147434327286,0.33251293114270347,5,0.8588774887434953,0.1895668712398071,0.7497695130750858,5,0.13459162196114263,0.3466851929845697,-0.07787696404223239,5,0.027376200000000038,0.025908545678983944,0.02170800000000002,5,0.14856782196114265,0.32424253572375994,-0.04384096404223239,5,8.326672684688674e-18,1.2412670766236365e-17,0.0,5,0.0,0.0,0.0,5,0.0,0.0,0.0,5,,,,0,,,,0,7.64334716796875,0.8188774769820614,7.477663278579712,5,,,,,,,,,,,,,,,,,,,,,,,,,,,,,,,,,,,,,,,,,,,,,,,,,,,,,,,,,
l1tcl_gold_dim_sweep,9aafa3012367,TargetOnlyDR,OracleTargetTreated,500,500,5000,10,,0.14807614458080565,0.015787542276709695,0.14411862294388827,5,-0.08782049567190917,0.05654048545450244,-0.07370928600347647,5,0.034136793622268465,0.047770722696533506,0.013467966526279115,5,-0.020820495671909182,0.05654048545450243,-0.006709286003476492,5,,,,0,,,,0,0.0,0.0,0.0,5,,,,0,,,,0,,,,0,-0.06699999999999999,0.0,-0.06699999999999999,5,-0.06699999999999999,0.0,-0.06699999999999999,5,1.490432840071485e-17,1.6792608463635303e-17,1.7952672737347564e-17,5,-0.06700000000000023,1.5515838457795457e-17,-0.06700000000000023,5,1.0,0.0,1.0,5,0.11053855778196753,0.019697279816489895,0.10355776395885297,5,0.2834380374323592,0.03211072201869099,0.27081469070110886,5,0.14481582196114265,0.32140791716590694,-0.04390796404223238,5,0.01715200000000002,0.008134638836481923,0.018559000000000103,5,0.14856782196114268,0.32424253572376,-0.04384096404223238,5,-1.2490009027033011e-17,5.602915142451467e-17,6.938893903907228e-18,5,0.0,0.0,0.0,5,0.0,0.0,0.0,5,,,,0,,,,0,18.777563285827636,1.6286196029927749,18.554096221923828,5,-0.31921318051007364,0.004867298122382004,0.6619525446439525,0.013692197326631617,0.9429029376625444,1.0,-0.28842767727467333,0.04987135877060331,1.0,0.013692197326631617,0.9429029376625444,1.0,0.0,,,0.0,,,0.0,,,-8.311949061117772e-18,0.46058946976335874,1.0,8.326672684688674e-18,0.5011693674201637,1.0,0.0,,,-0.2846994817055876,0.008211511494700625,0.9853813793640751,-0.575439451311136,0.0023718047908162063,0.3225654515510041,0.010224200000000017,0.43680260842557317,1.0,-0.010224200000000017,0.43680260842557317,1.0,2.0816681711721685e-17,0.41295436655114887,1.0,-2.0816681711721685e-17,0.41295436655114887,1.0,0.0,,,0.0,,,11.134216117858887,0.00010554815489649942,0.01087145995433944
l1tcl_gold_dim_sweep,b5dbf7449e1c,AnchorOnly,OracleTargetTreated,500,500,5000,10,,0.1772224741137438,0.02967628797944939,0.1711183512271059,5,-0.07753579844418519,0.03839979221593624,-0.08439948823708596,5,0.03253628522453371,0.017030429619725798,0.04378772244068549,5,-0.010535798444185208,0.03839979221593624,-0.01739948823708598,5,,,,0,,,,0,0.0,0.0,0.0,5,,,,0,,,,0,,,,0,-0.06699999999999999,0.0,-0.06699999999999999,5,-0.06699999999999999,0.0,-0.06699999999999999,5,1.6271107926076632e-17,4.709525605027268e-17,3.940120319825546e-18,5,-0.06700000000000024,3.3277766121280743e-17,-0.06700000000000024,5,1.0,0.0,1.0,5,0.1359346960257271,0.020060742373879385,0.13605902714977164,5,0.3539101476385834,0.08055711915211305,0.32318570604499397,5,-0.6755086316890766,1.2722322561663626,-0.7254648592254077,5,0.02139980000000006,0.005574826786546774,0.019765000000000033,5,-0.6675088316890767,1.2737975343885626,-0.7195688592254076,5,-2.2204460492503132e-17,4.9650683064945465e-17,0.0,5,0.0035484683542213783,0.0006563473706043988,0.003665140805605041,5,42.0,2.345207879911715,43.0,5,,,,0,,,,0,27.920802974700926,3.9195336006775277,27.92902970314026,5,-1.91228275894564,0.006113765956330932,0.7703345104976974,-1.0955707279542417,0.3147262015563292,1.0,-2.0067289216419213,0.006111960039758393,1.0,-1.095570727954242,0.314726201556329,1.0,0.0,,,0.0,,,0.0,,,7.798061560706422e-18,0.7760655952299217,1.0,-2.7755575615628914e-17,0.45654624433878416,1.0,0.0,,,-1.9033305108407284,0.0069056077238402735,0.9328805991290042,-2.396945976980061,0.0028222854760328255,0.3668971118842673,0.032039399999999905,0.07625662252487822,1.0,-0.032039399999999905,0.07625662252487822,1.0,0.0,,,0.0,,,0.0035484683542213783,0.00026855092394468936,0.015307402664847293,42.0,2.3234651159267977e-06,0.00012314365114412027,15.107758283615112,0.001980604575902252,0.08754621847147924
l1tcl_gold_dim_sweep,b5dbf7449e1c,AnchorPlugin,FeasibleRestricted,500,500,5000,10,,1.3188914081700196,0.4166004461713421,1.4664075225155848,5,0.4571995775960631,1.0861590404459511,0.5011668928921681,5,1.0243247332813952,0.46007772013794695,1.2016597753510407,5,0.5241995775960631,1.0861590404459511,0.568166892892168,5,,,,0,,,,0,0.0,0.0,0.0,5,,,,0,,,,0,,,,0,-0.06699999999999999,0.0,-0.06699999999999999,5,-0.06699999999999999,0.0,-0.06699999999999999,5,8.108727819073453e-18,1.0849240853715523e-17,5.254878590154129e-18,5,-0.06700000000000024,1.8358587643600646e-17,-0.06700000000000023,5,1.0,0.0,1.0,5,1.1140021823546127,0.3858258601341838,1.2504052335304088,5,2.423708763858623,0.6381443837933568,2.6729920884310148,5,-0.6996554316890766,1.2973517535575472,-0.7566868592254076,5,0.04554659999999998,0.024186136965212126,0.05051799999999995,5,-0.6675088316890767,1.2737975343885626,-0.7195688592254076,5,-1.1102230246251566e-17,6.080941944488118e-17,0.0,5,0.007038638719315753,0.0010178661707507457,0.00742682773663173,5,92.6,2.966479394838265,92.0,5,,,,0,,,,0,10.327037715911866,0.718006534912625,10.156296491622925,5,-0.7706138248893643,0.01533508378569345,1.0,-0.5608353519139934,0.2884694789870242,1.0,-1.0149404735850598,0.004603436440314851,0.8056013770550989,-0.5608353519139934,0.2884694789870242,1.0,0.0,,,0.0,,,0.0,,,-3.6431854629675776e-19,0.949639551723299,1.0,-2.2204460492503132e-17,0.35644689994329715,1.0,0.0,,,-0.9252630245118423,0.011828005190555662,1.0,-0.3271473607600218,0.04701035091059747,1.0,0.007892599999999982,0.11774700561126367,1.0,-0.007892599999999982,0.11774700561126367,1.0,-1.1102230246251566e-17,0.373900966300059,1.0,1.1102230246251566e-17,0.373900966300059,1.0,0.007038638719315753,0.0001020953046583497,0.006329908888817681,92.6,2.5242862579511166e-07,1.4893288921911587e-05,-2.48600697517395,0.0222302905156262,0.5335269723750289
l1tcl_gold_dim_sweep,b5dbf7449e1c,DRLearner_PooledNoSite,OracleTargetTreated,500,500,5000,10,,0.125864041092522,0.0036267306226502763,0.12650438463588054,5,-0.07180791035995505,0.026436234462107376,-0.08136978143463149,5,0.020867673038365883,0.013544178547517743,0.01800690882803871,5,-0.004807910359955078,0.026436234462107376,-0.01436978143463151,5,,,,0,,,,0,0.0,0.0,0.0,5,,,,0,,,,0,,,,0,-0.06699999999999999,0.0,-0.06699999999999999,5,-0.06699999999999999,0.0,-0.06699999999999999,5,-1.6665990833504506e-18,5.0377087574639664e-17,4.2891760054651e-18,5,-0.06700000000000024,1.8358587643600646e-17,-0.06700000000000024,5,1.0,0.0,1.0,5,0.09976186203918393,0.0036079803857417335,0.10025603934881132,5,0.2381835497930404,0.011612651221625792,0.23992356173767437,5,-0.6729090316890766,1.272511643055771,-0.7224498592254076,5,0.01880019999999998,0.004790054874424696,0.01755400000000007,5,-0.6675088316890767,1.2737975343885626,-0.7195688592254076,5,-2.2204460492503132e-17,4.9650683064945465e-17,0.0,5,,,,0,,,,0,,,,0,,,,0,0.16622071266174315,0.1417059682906477,0.08579683303833008,5,-1.9636411919668617,0.00629364055019717,0.7721044156199754,-1.0898428398700115,0.31240747193562696,1.0,-2.0183975338280886,0.006315616516978042,1.0,-1.089842839870012,0.3124074719356268,1.0,0.0,,,0.0,,,0.0,,,-1.0139645448720659e-17,0.753872862989698,1.0,-3.3306690738754695e-17,0.18562245418957526,1.0,0.0,,,-1.9395033448272716,0.007058396503732786,0.9328805991290042,-2.5126725748256042,0.0032032583479240807,0.3902024935944288,0.03463899999999999,0.06178447213394011,1.0,-0.03463899999999999,0.06178447213394011,1.0,0.0,,,0.0,,,,,,,,,-12.646823978424072,7.03711897549984e-05,0.007941676270682145
l1tcl_gold_dim_sweep,b5dbf7449e1c,DRLearner_PooledWithSite,OracleTargetTreated,500,500,5000,10,,0.12615504713218612,0.0029219483831274128,0.126316960456911,5,-0.07210348451460044,0.026755321092458626,-0.08276609723495543,5,0.021359384895797414,0.013346347649844,0.017421768731661194,5,-0.005103484514600456,0.026755321092458626,-0.01576609723495545,5,,,,0,,,,0,0.0,0.0,0.0,5,,,,0,,,,0,,,,0,-0.06699999999999999,0.0,-0.06699999999999999,5,-0.06699999999999999,0.0,-0.06699999999999999,5,-3.2001731003076294e-18,4.9789668306799154e-17,-8.440941793559297e-18,5,-0.06700000000000025,2.5018537765542006e-17,-0.06700000000000024,5,1.0,0.0,1.0,5,0.10000869690645584,0.002988319821686496,0.10051076388625166,5,0.23932074532902786,0.01074776340887957,0.2410151007202911,5,-0.6727750316890766,1.2726453775636966,-0.7222488592254076,5,0.018666200000000042,0.004947939793489786,0.01748700000000003,5,-0.6675088316890767,1.2737975343885626,-0.7195688592254076,5,-2.2204460492503132e-17,4.9650683064945465e-17,0.0,5,,,,0,,,,0,,,,0,,,,0,0.31142773628234866,0.28191988850581134,0.19357633590698242,5,-1.9633501859271973,0.00628156609851646,0.7721044156199754,-1.0901384140246568,0.31222746259819284,1.0,-2.0179058219706576,0.006309688938447703,1.0,-1.0901384140246568,0.31222746259819284,1.0,0.0,,,0.0,,,0.0,,,-1.1673219465677839e-17,0.7148648933583006,1.0,-3.608224830031759e-17,0.240269219479339,1.0,0.0,,,-1.9392565099599992,0.007048514771095583,0.9328805991290042,-2.511535379289617,0.0031971337342166836,0.3902024935944288,0.03477299999999992,0.06026071386168138,1.0,-0.03477299999999992,0.06026071386168138,1.0,0.0,,,0.0,,,,,,,,,-12.501616954803467,9.838777415272289e-05,0.010330716286035904
l1tcl_gold_dim_sweep,b5dbf7449e1c,EntropyBalancing,FeasibleRestricted,500,500,5000,10,,1.0631551851382475,0.19112518476745757,1.0675768131958219,5,-0.10000154582743068,0.4685071470931527,-0.359253642755343,5,0.3552553971628128,0.25120176729967536,0.3051113795399104,5,-0.03300154582743069,0.4685071470931527,-0.29225364275534305,5,,,,0,,,,0,0.0,0.0,0.0,5,,,,0,,,,0,,,,0,-0.06699999999999999,0.0,-0.06699999999999999,5,-0.06699999999999999,0.0,-0.06699999999999999,5,4.847382776897274e-18,8.352872773774465e-18,6.838583067029536e-18,5,-0.06700000000000025,1.6996749443881478e-17,-0.06700000000000024,5,1.0,0.0,1.0,5,0.8500594086404816,0.156874633018646,0.8516842637500922,5,2.0725841824281597,0.4137616980801612,2.0978285599544644,5,-0.6850762316890766,1.2755094791944008,-0.7567538592254075,5,0.030967400000000013,0.011609323378216217,0.025795000000000234,5,-0.6675088316890767,1.2737975343885626,-0.7195688592254076,5,-3.3306690738754695e-17,4.965068306494546e-17,0.0,5,,,,0,,,,0,,,,0,,,,0,0.9446135044097901,0.543729431908284,0.9403798580169678,5,-1.0263500479211358,0.07336149845679896,1.0,-1.1180364753374872,0.2928088656787817,1.0,-1.684009809703642,0.0237600475800151,1.0,-1.1180364753374872,0.2928088656787817,1.0,0.0,,,0.0,,,0.0,,,-3.6256635884729376e-18,0.7517743585781999,1.0,-3.3306690738754695e-17,0.18562245418957526,1.0,0.0,,,-1.1892057982259738,0.048281863884975136,1.0,-0.6782719421904848,0.2730807211520372,1.0,0.02247179999999995,0.1599735776040658,1.0,-0.02247179999999995,0.1599735776040658,1.0,1.1102230246251566e-17,0.373900966300059,1.0,-1.1102230246251566e-17,0.373900966300059,1.0,,,,,,,-11.868431186676025,0.00016157165637583105,0.015187735699328119
l1tcl_gold_dim_sweep,b5dbf7449e1c,IPWTransport,FeasibleRestricted,500,500,5000,10,,0.1451177449446947,0.010490585465516457,0.14186670077111957,5,-0.05113511959187974,0.0642005144344791,-0.04181933840238189,5,0.052605492085511664,0.0312594280923079,0.041967675060977316,5,0.015864880408120237,0.0642005144344791,0.025180661597618087,5,,,,0,,,,0,0.0,0.0,0.0,5,,,,0,,,,0,,,,0,-0.06699999999999999,0.0,-0.06699999999999999,5,-0.06699999999999999,0.0,-0.06699999999999999,5,-6.121006142571427e-18,4.887373462446602e-17,1.070506836246451e-17,5,-0.06700000000000025,2.1942709178604383e-17,-0.06700000000000024,5,1.0,0.0,1.0,5,0.11631466127439809,0.009521971905059937,0.11398379922509042,5,0.28204091826906275,0.024706046702358726,0.2717130809704137,5,-0.6790864316890767,1.2747247415675735,-0.7313608592254077,5,0.024977600000000055,0.012386250695832112,0.025192000000000103,5,-0.6675088316890767,1.2737975343885626,-0.7195688592254076,5,-2.2204460492503132e-17,4.9650683064945465e-17,0.0,5,,,,0,,,,0,,,,0,,,,0,0.2594781398773193,0.1445922678441653,0.3129444122314453,5,-1.9443874881146885,0.006195880664331392,0.7721044156199754,-1.069170049101936,0.3206312375106205,1.0,-1.9866597147809433,0.005827609617876301,0.9965212446568475,-1.069170049101936,0.3206312375106205,1.0,0.0,,,0.0,,,0.0,,,-1.4594052507941636e-17,0.6466082048308754,1.0,-3.3306690738754695e-17,0.2889408342995491,1.0,0.0,,,-1.9229505455920575,0.006960776027584784,0.9328805991290042,-2.4688152063495816,0.0029983002104116588,0.377785826511869,0.02846159999999991,0.1401697553062387,1.0,-0.02846159999999991,0.1401697553062387,1.0,0.0,,,0.0,,,,,,,,,-12.553566551208496,8.731717840069106e-05,0.009430255267274635
l1tcl_gold_dim_sweep,b5dbf7449e1c,OutcomeModelTransport,FeasibleRestricted,500,500,5000,10,,0.14691997324535674,0.011293848413290309,0.142363537934705,5,-0.0647142986083008,0.0711966025833883,-0.06832494924346977,5,0.05381523862231099,0.038149533064136085,0.051381903032055753,5,0.002285701391699177,0.0711966025833883,-0.0013249492434697918,5,,,,0,,,,0,0.0,0.0,0.0,5,,,,0,,,,0,,,,0,-0.06699999999999999,0.0,-0.06699999999999999,5,-0.06699999999999999,0.0,-0.06699999999999999,5,-6.865970807225449e-18,5.2097990986633563e-17,1.057564488394299e-17,5,-0.06700000000000025,2.1942709178604383e-17,-0.06700000000000025,5,1.0,0.0,1.0,5,0.11820742579259509,0.010218262202916592,0.11441560534130378,5,0.2855078120487567,0.03165089306987225,0.27268464704434714,5,-0.6768620316890767,1.2740479623255285,-0.7266708592254076,5,0.022753199999999994,0.013191566688608304,0.02050200000000002,5,-0.6675088316890767,1.2737975343885626,-0.7195688592254076,5,-2.2204460492503132e-17,4.9650683064945465e-17,0.0,5,,,,0,,,,0,,,,0,,,,0,0.07878851890563965,0.05986927420756401,0.07870888710021973,5,-1.9425852598140267,0.00620459898579671,0.7721044156199754,-1.0827492281183573,0.3163694762140552,1.0,-1.985449968244144,0.005712760464680169,0.9825947999249891,-1.0827492281183573,0.3163694762140552,1.0,0.0,,,0.0,,,0.0,,,-1.533901717259566e-17,0.6455490594326676,1.0,-3.3306690738754695e-17,0.060812856154522504,1.0,0.0,,,-1.9210577810738603,0.0069775324329448005,0.9328805991290042,-2.465348312569888,0.0029595241777404346,0.3758595705730352,0.03068599999999997,0.12812892464826212,1.0,-0.03068599999999997,0.12812892464826212,1.0,0.0,,,0.0,,,,,,,,,-12.734256172180176,6.945471829972488e-05,0.007941676270682145
l1tcl_gold_dim_sweep,b5dbf7449e1c,ProposedA_FullyDirect,OracleTargetTreated,500,500,5000,10,,0.1102041134382971,0.008695768551951501,0.11300143303341185,5,-0.0719991631701605,0.025180107164443837,-0.08210519363280337,5,0.020112170631571565,0.01263538989993683,0.01881768255280851,5,-0.004999163170160537,0.025180107164443837,-0.015105193632803396,5,,,,0,,,,0,0.0,0.0,0.0,5,,,,0,,,,0,,,,0,-0.06699999999999999,0.0,-0.06699999999999999,5,-0.06699999999999999,0.0,-0.06699999999999999,5,-7.916345954631469e-17,1.893881856057496e-16,-1.1380981902631167e-17,5,-0.06700000000000025,1.2018516789897274e-17,-0.06700000000000025,5,1.0,0.0,1.0,5,0.08399952907653753,0.006762676175277602,0.08609742332934392,5,0.21143185503531234,0.022606849476765792,0.20535861088263307,5,-0.6693178316890765,1.2744112863894828,-0.7193008592254075,5,0.015209000000000006,0.0056794110169980875,0.013131999999999922,5,-0.6675088316890767,1.2737975343885626,-0.7195688592254076,5,-2.2204460492503132e-17,4.9650683064945465e-17,0.0,5,0.0,0.0,0.0,5,0.0,0.0,0.0,5,,,,0,,,,0,24.736725187301637,3.0413444727413825,25.079816818237305,5,-1.9793011196210866,0.006177548109595491,0.7721044156199754,-1.090034092680217,0.3109798070348455,1.0,-2.0191530362348837,0.006315499730074622,1.0,-1.090034092680217,0.3109798070348455,1.0,0.0,,,0.0,,,0.0,,,-8.763650591168488e-17,0.35187121205340227,1.0,-4.163336342344337e-17,0.1790703787475794,1.0,0.0,,,-1.9552656777899173,0.006916284070908782,0.9328805991290042,-2.539424269583333,0.0030854162628717193,0.38567703285896493,0.03823019999999996,0.037673346228204695,1.0,-0.03823019999999996,0.037673346228204695,1.0,0.0,,,0.0,,,0.0,,,0.0,,,11.92368049621582,0.0019435100357515188,0.08754621847147924
l1tcl_gold_dim_sweep,b5dbf7449e1c,ProposedB_LinearStepB,OracleTargetTreated,500,500,5000,10,,0.11353772457931424,0.011153231104460289,0.11814896539097774,5,-0.06499444536601388,0.022393899810844584,-0.0691829440853057,5,0.016409029820008466,0.01303626618066366,0.010684528376732283,5,0.002005554633986087,0.022393899810844584,-0.002182944085305727,5,,,,0,,,,0,0.0,0.0,0.0,5,,,,0,,,,0,,,,0,-0.06699999999999999,0.0,-0.06699999999999999,5,-0.06699999999999999,0.0,-0.06699999999999999,5,-5.658153915888866e-17,1.2335074861808674e-16,-4.253151137185678e-18,5,-0.06700000000000025,2.6874220530932865e-17,-0.06700000000000024,5,1.0,0.0,1.0,5,0.0862252375241782,0.007314845117823414,0.0866021156313986,5,0.21935413406355,0.027954375337852513,0.22661980899141965,5,-0.6710464316890766,1.2740327174525683,-0.7202388592254076,5,0.016937599999999997,0.0039890046753544945,0.014807000000000015,5,-0.6675088316890767,1.2737975343885626,-0.7195688592254076,5,-1.1102230246251566e-17,6.080941944488118e-17,0.0,5,0.0075307179476645485,0.001490564784900995,0.007908083947819146,5,97.2,0.8366600265340756,97.0,5,1.9304107461696236,0.08537646107872997,1.9097256189624652,5,10.0,0.0,10.0,5,125.25657920837402,4.869270935590505,125.8650107383728,5,-1.9759675084800694,0.006176835324959803,0.7721044156199754,-1.0830293748760702,0.31382666310373863,1.0,-2.022856177046447,0.006316966647260107,1.0,-1.0830293748760706,0.3138266631037384,1.0,0.0,,,0.0,,,0.0,,,-6.505458552425887e-17,0.3096600147219788,1.0,-3.053113317719181e-17,0.3455238705717247,1.0,0.0,,,-1.9530399693422769,0.006970876748728002,0.9328805991290042,-2.531501990555095,0.0031467943031808776,0.3902024935944288,0.03650159999999997,0.04799702935393716,1.0,-0.03650159999999997,0.04799702935393716,1.0,-1.1102230246251566e-17,0.373900966300059,1.0,1.1102230246251566e-17,0.373900966300059,1.0,0.0075307179476645485,0.0003498785457596898,0.01959319856254263,97.2,1.317344492694541e-09,8.035801405436699e-08,112.44353451728821,2.1839709483004365e-06,0.00034943535172806984
l1tcl_gold_dim_sweep,b5dbf7449e1c,ProposedB_SourceDR,FeasibleRestricted,500,500,5000,10,,0.04940851780334349,0.0060795436508578535,0.04864602012188874,5,-0.06936216002190679,0.009172780252984406,-0.06553099358302236,5,0.007130879831264647,0.005249079783256107,0.008783943782899206,5,-0.002362160021906806,0.009172780252984406,0.001469006416977614,5,,,,0,,,,0,0.0,0.0,0.0,5,,,,0,,,,0,,,,0,-0.06699999999999999,0.0,-0.06699999999999999,5,-0.06699999999999999,0.0,-0.06699999999999999,5,1.1754973218042735e-17,1.7742774318901113e-16,-4.1016587713972595e-17,5,-0.06700000000000023,1.2018516789897274e-17,-0.06700000000000023,5,1.0,0.0,1.0,5,0.03780917948780608,0.004024430898574554,0.038239191327016024,5,0.0973348007795081,0.01815145881784918,0.0917502457355857,5,-0.6591606316890767,1.2720962200873744,-0.7096528592254077,5,0.005051800000000018,0.002316398432912587,0.004153999999999991,5,-0.6675088316890767,1.2737975343885626,-0.7195688592254076,5,-2.2204460492503132e-17,4.9650683064945465e-17,0.0,5,0.0062022864613359065,0.0010369738375868146,0.0066961822657308125,5,92.6,3.5777087639996634,92.0,5,1.9304107461696236,0.0853764610787298,1.9097256189624654,5,10.0,0.0,10.0,5,43.06715536117554,2.5289888616469445,42.64727830886841,5,-2.0400967152560403,0.005350146668678529,0.6901689202595302,-1.0873970895319631,0.3143737850014931,1.0,-2.03213432703519,0.005941624856424079,1.0,-1.0873970895319633,0.3143737850014931,1.0,0.0,,,0.0,,,0.0,,,3.281926852672529e-18,0.97036925731273,1.0,-1.9428902930940238e-17,0.45429400348851345,1.0,0.0,,,-2.001456027378649,0.006197802187224707,0.8552967018370096,-2.653521323839137,0.0024442350133089476,0.32997172679670794,0.04838739999999995,0.028055450290732288,1.0,-0.04838739999999995,0.028055450290732288,1.0,0.0,,,0.0,,,0.0062022864613359065,0.00018074218556573063,0.010844531133943838,92.6,5.337321156709341e-07,3.095646270891417e-05,30.254110670089723,7.871324945964302e-05,0.008737170690020375
l1tcl_gold_dim_sweep,b5dbf7449e1c,ProxyOnly,FeasibleRestricted,500,500,5000,10,,2.0895052330593833,0.8337091691822363,2.4144380888458072,5,1.0180349295100566,2.1096953444307696,1.1641590798325265,5,2.039265206866455,0.8509919002046223,2.385575693390996,5,1.0850349295100565,2.1096953444307696,1.2311590798325265,5,,,,0,,,,0,0.0,0.0,0.0,5,,,,0,,,,0,,,,0,-0.06699999999999999,0.0,-0.06699999999999999,5,-0.06699999999999999,0.0,-0.06699999999999999,5,8.473046365370211e-18,1.7781357720308826e-17,1.7914263743341658e-19,5,-0.0670000000000002,4.8074067159589095e-17,-0.06700000000000023,5,1.0,0.0,1.0,5,2.039265206866455,0.8509919002046226,2.385575693390996,5,2.7508561246186445,0.879706820963731,3.0311419536014683,5,-0.7075480316890765,1.300331410812717,-0.7731688592254076,5,0.053439199999999965,0.02987544950624172,0.06699999999999995,5,-0.6675088316890767,1.2737975343885626,-0.7195688592254076,5,-2.2204460492503132e-17,4.9650683064945465e-17,0.0,5,0.0,0.0,0.0,5,0.0,0.0,0.0,5,,,,0,,,,0,12.813044691085816,1.6438790133229444,12.9883131980896,5,,,,,,,,,,,,,,,,,,,,,,,,,,,,,,,,,,,,,,,,,,,,,,,,,,,,,,,,,
l1tcl_gold_dim_sweep,b5dbf7449e1c,TargetOnlyDR,OracleTargetTreated,500,500,5000,10,,0.2229088574819932,0.034909776260750154,0.21773160589844193,5,-0.09227617537844204,0.0893898495023551,-0.05350329813755524,5,0.07057252182609114,0.050631516372100255,0.05205563163093277,5,-0.025276175378442067,0.0893898495023551,0.013496701862444734,5,,,,0,,,,0,0.0,0.0,0.0,5,,,,0,,,,0,,,,0,-0.06699999999999999,0.0,-0.06699999999999999,5,-0.06699999999999999,0.0,-0.06699999999999999,5,5.461520912404594e-18,1.162319022807329e-17,2.1021564965326092e-18,5,-0.06700000000000024,1.8358587643600646e-17,-0.06700000000000024,5,1.0,0.0,1.0,5,0.17147273097694749,0.029707633023161456,0.1661632517760827,5,0.4334168313097373,0.09092306075918066,0.43949841473153184,5,-0.6756962316890768,1.264236337411519,-0.7298868592254075,5,0.021587400000000055,0.011737761341073629,0.023717999999999906,5,-0.6675088316890767,1.2737975343885626,-0.7195688592254076,5,-2.2204460492503132e-17,4.9650683064945465e-17,0.0,5,0.0,0.0,0.0,5,0.0,0.0,0.0,5,,,,0,,,,0,29.84953088760376,3.0786866469262097,29.343489408493042,5,-1.8665963755773904,0.007131697723820507,0.8130135405155379,-1.1103111048884986,0.3181492876999598,1.0,-1.9686926850403637,0.005572014254149839,0.9639584659679222,-1.1103111048884986,0.3181492876999598,1.0,0.0,,,0.0,,,0.0,,,-3.011525452965617e-18,0.783194060094238,1.0,-2.7755575615628914e-17,0.2745766290948482,1.0,0.0,,,-1.8677924758895077,0.0078250950414514,0.963834910660396,-2.3174392933089076,0.003477841073757419,0.3999517234821032,0.03185179999999991,0.12611841117481057,1.0,-0.03185179999999991,0.12611841117481057,1.0,0.0,,,0.0,,,0.0,,,0.0,,,17.036486196517945,5.557172722188878e-05,0.006668607266626654
l1tcl_gold_dim_sweep,b610216d2c0a,AnchorOnly,OracleTargetTreated,500,500,5000,10,,0.1406454962592576,0.011430193488448703,0.1404273166713443,5,-0.07909915249034535,0.052689801441142464,-0.10219115816230173,5,0.045878254083282013,0.018115857486607625,0.05159954162285049,5,-0.01209915249034537,0.052689801441142464,-0.035191158162301756,5,,,,0,,,,0,0.0,0.0,0.0,5,,,,0,,,,0,,,,0,-0.06699999999999999,0.0,-0.06699999999999999,5,-0.06699999999999999,0.0,-0.06699999999999999,5,-1.9717773970858454e-17,7.78803118675483e-17,-4.211627325623538e-17,5,-0.06700000000000025,1.6996749443881478e-17,-0.06700000000000025,5,1.0,0.0,1.0,5,0.10398270162606522,0.008476643207573938,0.1039204317367137,5,0.29361502078844604,0.03371235931191531,0.2874370392386217,5,-0.20285846122653867,0.3336627377184905,-0.2476540536596304,5,0.017714799999999985,0.008541199312742916,0.013801999999999981,5,-0.1985436612265387,0.3347978036143405,-0.2497310536596304,5,0.0,0.0,0.0,5,0.0033085167806012295,0.0007646058590358096,0.003098905610251419,5,21.8,1.0954451150103324,22.0,5,,,,0,,,,0,18.134028005599976,1.1877015803716295,17.717551469802856,5,-0.5840501156854883,0.003098599003272318,0.45203731552961324,-0.3769419284354457,0.18076145556423248,1.0,-0.5183497850708496,0.01015648914727826,1.0,-0.3769419284354457,0.18076145556423248,1.0,0.0,,,0.0,,,0.0,,,-2.2699168056579665e-17,0.5548654900014914,1.0,-1.1102230246251566e-17,0.3739009663000589,1.0,0.0,,,-0.5117000550181701,0.0037717911083026802,0.5846276217869154,-1.0519668776035653,0.0022436038885043407,0.30737373272509466,0.028903799999999973,0.05392905473938001,1.0,-0.028903799999999973,0.05392905473938001,1.0,0.0,,,0.0,,,0.0033085167806012295,0.0006384366554366186,0.03511401604901403,21.8,1.5250603319562826e-06,8.387831825759554e-05,8.420833492279053,0.0005083210004791602,0.034565828032582895
l1tcl_gold_dim_sweep,b610216d2c0a,AnchorPlugin,FeasibleRestricted,500,500,5000,10,,0.616863562704809,0.07347976788942621,0.6177350014535506,5,0.12542814606017302,0.25000337115652743,0.21166382653074056,5,0.27786411717665577,0.11080090395330548,0.2786638265307405,5,0.192428146060173,0.25000337115652743,0.2786638265307405,5,,,,0,,,,0,0.0,0.0,0.0,5,,,,0,,,,0,,,,0,-0.06699999999999999,0.0,-0.06699999999999999,5,-0.06699999999999999,0.0,-0.06699999999999999,5,3.28271302511747e-21,1.005439185811e-17,3.3066859068443754e-18,5,-0.06700000000000024,2.5962963631595152e-17,-0.06700000000000024,5,1.0,0.0,1.0,5,0.49629083713310784,0.0608273269766374,0.49597868820538676,5,1.2187826215344715,0.15177634859080297,1.2285528876254659,5,-0.22444586122653867,0.34553733898295547,-0.2726450536596304,5,0.039302199999999975,0.012424896647457443,0.042411000000000004,5,-0.1985436612265387,0.3347978036143405,-0.2497310536596304,5,0.0,0.0,0.0,5,0.0072763764891559165,0.003058829737781299,0.007918118252220335,5,46.2,2.16794833886788,45.0,5,,,,0,,,,0,8.87093381881714,0.41322729662280033,8.90117621421814,5,-0.10783204923993688,0.1974731110019153,1.0,-0.1724146298849274,0.25603266766497446,1.0,-0.28636392197747595,0.010066036175324256,1.0,-0.17241462988492734,0.2560326676649747,1.0,0.0,,,0.0,,,0.0,,,-2.978111372696092e-18,0.6586850144601917,1.0,8.326672684688674e-18,0.5733922538253555,1.0,0.0,,,-0.11939191951112756,0.14716304551325282,1.0,-0.12679927685753986,0.2726710312787435,1.0,0.007316399999999984,0.2857544657335839,1.0,-0.007316399999999984,0.2857544657335839,1.0,0.0,,,0.0,,,0.0072763764891559165,0.006008875451624977,0.2824171462263739,46.2,1.1602859992768505e-06,6.613630195878048e-05,-0.8422606945037842,0.13030721385542393,1.0
l1tcl_gold_dim_sweep,b610216d2c0a,DRLearner_PooledNoSite,OracleTargetTreated,500,500,5000,10,,0.09568848575180769,0.006065492597822724,0.09445181319825509,5,-0.07824167724709277,0.03514001699012337,-0.08173702081176014,5,0.03045221499676638,0.015284573283684091,0.03364030410295353,5,-0.011241677247092782,0.03514001699012337,-0.014737020811760163,5,,,,0,,,,0,0.0,0.0,0.0,5,,,,0,,,,0,,,,0,-0.06699999999999999,0.0,-0.06699999999999999,5,-0.06699999999999999,0.0,-0.06699999999999999,5,3.325724655727556e-17,1.310707303561938e-16,2.7982126469572604e-17,5,-0.06700000000000025,2.5962963631595152e-17,-0.06700000000000024,5,1.0,0.0,1.0,5,0.07593700416536045,0.005237295076536343,0.07511393678893634,5,0.1892802539326298,0.01076134338427976,0.19058585217290824,5,-0.19874466122653867,0.33130577741707967,-0.2465820536596304,5,0.013600999999999974,0.00806550330109662,0.012260999999999966,5,-0.19854366122653871,0.33479780361434053,-0.2497310536596304,5,2.2204460492503132e-17,4.9650683064945465e-17,0.0,5,,,,0,,,,0,,,,0,,,,0,0.6787021160125732,0.06925886367648969,0.6648719310760498,5,-0.6290071261929381,0.002174627885630639,0.3457658338152716,-0.3760844531921932,0.19204569608763902,1.0,-0.5337758241573654,0.008650538822975989,1.0,-0.3760844531921931,0.19204569608763902,1.0,0.0,,,0.0,,,0.0,,,3.0275852471554357e-17,0.6127867163234895,1.0,0.0,1.0,1.0,0.0,,,-0.5397457524788749,0.0030679248949064793,0.49393590807994314,-1.1563016444593814,0.0011908776388439874,0.18797126597385086,0.03301759999999999,0.05232761408712444,1.0,-0.03301759999999999,0.05232761408712444,1.0,-2.2204460492503132e-17,0.373900966300059,1.0,2.2204460492503132e-17,0.373900966300059,1.0,,,,,,,-9.03449239730835,2.1075991373035273e-05,0.0028874108181058326
l1tcl_gold_dim_sweep,b610216d2c0a,DRLearner_PooledWithSite,OracleTargetTreated,500,500,5000,10,,0.09557120799206874,0.006246736126786814,0.09382292962254257,5,-0.07873558875593582,0.03449857163861172,-0.08323740565544041,5,0.030244760357057764,0.014794410704558966,0.03446132567284163,5,-0.01173558875593586,0.03449857163861172,-0.016237405655440434,5,,,,0,,,,0,0.0,0.0,0.0,5,,,,0,,,,0,,,,0,-0.06699999999999999,0.0,-0.06699999999999999,5,-0.06699999999999999,0.0,-0.06699999999999999,5,3.6016952895016365e-17,1.2883493842573795e-16,3.113534812734722e-17,5,-0.06700000000000025,2.7755575615628914e-17,-0.06700000000000024,5,1.0,0.0,1.0,5,0.07600945957233418,0.005383991057111,0.07479468904439453,5,0.18908187686650457,0.010324302930524326,0.18713578355267918,5,-0.19858386122653865,0.33124964732503265,-0.24644805365963038,5,0.013440199999999963,0.007875079790072001,0.01199299999999992,5,-0.19854366122653871,0.3347978036143405,-0.24973105365963041,5,1.6653345369377347e-17,2.4825341532472726e-17,0.0,5,,,,0,,,,0,,,,0,,,,0,1.7761746883392333,0.3212792379739389,1.7003493309020996,5,-0.6291244039526771,0.0021797988145540246,0.3457658338152716,-0.3765783647010362,0.192258385112081,1.0,-0.5339832787970741,0.008612977678728172,1.0,-0.3765783647010362,0.192258385112081,1.0,0.0,,,0.0,,,0.0,,,3.303555880929516e-17,0.5752050916958904,1.0,-1.1102230246251566e-17,0.43199999999999994,1.0,0.0,,,-0.5396732970719011,0.0030722921182383188,0.49393590807994314,-1.1565000215255066,0.0011896915567965244,0.18797126597385086,0.0331784,0.052102823444520587,1.0,-0.0331784,0.052102823444520587,1.0,-1.6653345369377347e-17,0.20799999999999982,1.0,1.6653345369377347e-17,0.20799999999999982,1.0,,,,,,,-7.9370198249816895,9.67591465326774e-05,0.010256469532463805
l1tcl_gold_dim_sweep,b610216d2c0a,EntropyBalancing,FeasibleRestricted,500,500,5000,10,,1.3003117382261862,0.3235560623858307,1.2857271723545471,5,-0.08052972294633291,1.1700982537925113,-0.49925303412692573,5,0.9843605872454105,0.3976827040862832,1.0090274951941323,5,-0.013529722946332968,1.1700982537925113,-0.43225303412692573,5,,,,0,,,,0,0.0,0.0,0.0,5,,,,0,,,,0,,,,0,-0.06699999999999999,0.0,-0.06699999999999999,5,-0.06699999999999999,0.0,-0.06699999999999999,5,4.491044461039338e-18,1.274725675406523e-17,3.4522083520979727e-18,5,-0.06700000000000023,1.8358587643600646e-17,-0.06700000000000023,5,1.0,0.0,1.0,5,1.0951899952647328,0.2978045767641133,1.075134808307799,5,2.450767154868839,0.5124180273753302,2.36938399301005,5,-0.21451646122653867,0.3366216281048204,-0.29140505365963043,5,0.02937279999999997,0.02807710125173186,0.017955999999999916,5,-0.1985436612265387,0.3347978036143405,-0.24973105365963041,5,5.551115123125783e-18,1.2412670766236368e-17,0.0,5,,,,0,,,,0,,,,0,,,,0,4.27804856300354,1.0006139182864355,4.488693475723267,5,0.5756161262814403,0.038631123395391924,1.0,-0.3783724988914333,0.5079711945816916,1.0,0.42013254809127876,0.14536474142532965,1.0,-0.3783724988914333,0.5079711945816916,1.0,0.0,,,0.0,,,0.0,,,1.5096503753181287e-18,0.7928583543110822,1.0,1.3877787807814457e-17,0.14192744777405542,1.0,0.0,,,0.4795072386204976,0.052667734271523256,1.0,1.1051852564768276,0.02164337943495251,1.0,0.017245799999999988,0.31733359348036005,1.0,-0.017245799999999988,0.31733359348036005,1.0,-5.551115123125783e-18,0.373900966300059,1.0,5.551115123125783e-18,0.373900966300059,1.0,,,,,,,-5.4351459503173825,0.002668923607769995,0.09714522833921767
l1tcl_gold_dim_sweep,b610216d2c0a,IPWTransport,FeasibleRestricted,500,500,5000,10,,0.18663260910365617,0.0864417087197842,0.1950148629074002,5,-0.08304143317517292,0.16622466383072756,-0.047929829071090384,5,0.1212994634380646,0.09777703488333728,0.0816406659008648,5,-0.016041433175172943,0.16622466383072756,0.019070170928909592,5,,,,0,,,,0,0.0,0.0,0.0,5,,,,0,,,,0,,,,0,-0.06699999999999999,0.0,-0.06699999999999999,5,-0.06699999999999999,0.0,-0.06699999999999999,5,1.7351303859078556e-17,7.674128095700672e-17,4.460216463775592e-17,5,-0.06700000000000024,2.3013707539344673e-17,-0.06700000000000025,5,1.0,0.0,1.0,5,0.1555264528826352,0.07722914440377293,0.1571621748561789,5,0.35214786636541556,0.14914349241998043,0.353122864842112,5,-0.20882146122653872,0.32270296379102315,-0.2552920536596304,5,0.023677799999999992,0.021588175622316987,0.018961000000000033,5,-0.19854366122653871,0.33479780361434053,-0.2497310536596304,5,2.2204460492503132e-17,4.9650683064945465e-17,0.0,5,,,,0,,,,0,,,,0,,,,0,1.8086450576782227,0.44411800299767,1.8148820400238037,5,-0.5380630028410897,0.0007820390079380567,0.1352927483732838,-0.3808842091202733,0.25645795673250527,1.0,-0.4429285757160672,0.00441601375448341,0.7772184207890801,-0.3808842091202733,0.25645795673250527,1.0,0.0,,,0.0,,,0.0,,,1.4369909773357347e-17,0.6604911297616409,1.0,-5.551115123125783e-18,0.47662066727284136,1.0,0.0,,,-0.46015630376160016,0.001195473214328883,0.20920781250755455,-0.9934340320265959,0.00040434083593121265,0.07116398712389342,0.022940799999999966,0.2626665962080169,1.0,-0.022940799999999966,0.2626665962080169,1.0,-2.2204460492503132e-17,0.373900966300059,1.0,2.2204460492503132e-17,0.373900966300059,1.0,,,,,,,-7.9045494556427,6.221587455632703e-05,0.007279257323090263
l1tcl_gold_dim_sweep,b610216d2c0a,OutcomeModelTransport,FeasibleRestricted,500,500,5000,10,,0.12865375058096445,0.034284775224467046,0.13807120473350185,5,-0.04382188179476595,0.09667932144428609,-0.023917903612745553,5,0.0798734830316689,0.04520736704160588,0.08491806779997135,5,0.02317811820523403,0.09667932144428609,0.04308209638725442,5,,,,0,,,,0,0.0,0.0,0.0,5,,,,0,,,,0,,,,0,-0.06699999999999999,0.0,-0.06699999999999999,5,-0.06699999999999999,0.0,-0.06699999999999999,5,3.097863755813717e-17,1.0754575527868961e-16,5.944285187579445e-17,5,-0.06700000000000023,2.7755575615628914e-17,-0.06700000000000021,5,1.0,0.0,1.0,5,0.1053806061928548,0.03056686493335363,0.11237635096284057,5,0.24962308900838504,0.06046001778857049,0.2722174989971732,5,-0.21050986122653867,0.32238031156429586,-0.26212605365963043,5,0.025366200000000005,0.019922650255425372,0.02579500000000004,5,-0.1985436612265387,0.3347978036143405,-0.2497310536596304,5,0.0,0.0,0.0,5,,,,0,,,,0,,,,0,,,,0,0.16283202171325684,0.057671289232575286,0.16335201263427734,5,-0.5960418613637815,0.0016999497342843977,0.2770918066883568,-0.3416646577398664,0.27100125468640424,1.0,-0.4843545561224628,0.008972432590244085,1.0,-0.3416646577398664,0.27100125468640424,1.0,0.0,,,0.0,,,0.0,,,2.7997243472415953e-17,0.557679778370916,1.0,1.6653345369377347e-17,0.23549636025944304,1.0,0.0,,,-0.5103021504513805,0.0025271683746356096,0.41445561344023996,-1.0959588093836263,0.0008861639304128439,0.14527778916376433,0.021252399999999956,0.295280261560946,1.0,-0.021252399999999956,0.295280261560946,1.0,0.0,,,0.0,,,,,,,,,-9.550362491607666,1.647895997444357e-05,0.0023235333563965434
l1tcl_gold_dim_sweep,b610216d2c0a,ProposedA_FullyDirect,OracleTargetTreated,500,500,5000,10,,0.12009171900169416,0.010194427094908944,0.12310439243383708,5,-0.08854686796957835,0.04327299948839769,-0.11072183126562303,5,0.040032692291820535,0.021204158051699083,0.043721831265623054,5,-0.021546867969578363,0.04327299948839769,-0.043721831265623054,5,,,,0,,,,0,0.0,0.0,0.0,5,,,,0,,,,0,,,,0,-0.06699999999999999,0.0,-0.06699999999999999,5,-0.06699999999999999,0.0,-0.06699999999999999,5,-2.1492410180292344e-17,7.536594548731557e-17,-5.09058381029239e-17,5,-0.06700000000000021,2.6874220530932865e-17,-0.06700000000000023,5,1.0,0.0,1.0,5,0.0926575869889009,0.006390294697829627,0.09178724604087407,5,0.23272609592477655,0.030452456982610687,0.23497923060521175,5,-0.19890546122653868,0.33459042390540356,-0.2449740536596304,5,0.01376179999999999,0.009470326166505578,0.008643000000000012,5,-0.1985436612265387,0.3347978036143405,-0.2497310536596304,5,0.0,0.0,0.0,5,0.0,0.0,0.0,5,0.0,0.0,0.0,5,,,,0,,,,0,13.7750714302063,2.0340504803526462,14.431616067886353,5,-0.6046038929430517,0.0027194793489868562,0.4073221948418123,-0.3863896439146787,0.1709782640247728,1.0,-0.5241953468623112,0.01036683482324927,1.0,-0.3863896439146787,0.1709782640247728,1.0,0.0,,,0.0,,,0.0,,,-2.4473804266013546e-17,0.5093800639447847,1.0,1.6653345369377347e-17,0.1778078083562211,1.0,0.0,,,-0.5230251696553344,0.0035305499567808213,0.5600593413380763,-1.1128558024672348,0.00153452226008315,0.22250572771205676,0.03285679999999997,0.03287794350334327,1.0,-0.03285679999999997,0.03287794350334327,1.0,0.0,,,0.0,,,0.0,,,0.0,,,4.061876916885376,0.028716638303490038,0.6317660426767808
l1tcl_gold_dim_sweep,b610216d2c0a,ProposedB_LinearStepB,OracleTargetTreated,500,500,5000,10,,0.12190287124864196,0.016098093750996755,0.11729838702542747,5,-0.08300921992445595,0.045288270279647144,-0.10462162169436856,5,0.040506329127611575,0.017900920476790455,0.05088122611363498,5,-0.016009219924455968,0.04528827027964714,-0.037621621694368584,5,,,,0,,,,0,0.0,0.0,0.0,5,,,,0,,,,0,,,,0,-0.06699999999999999,0.0,-0.06699999999999999,5,-0.06699999999999999,0.0,-0.06699999999999999,5,-1.6885968141980496e-17,7.59984545367542e-17,-4.922027642770579e-17,5,-0.06700000000000025,1.2018516789897274e-17,-0.06700000000000025,5,1.0,0.0,1.0,5,0.09272812172005404,0.009471908138398813,0.09180535776310846,5,0.2332513701314975,0.02752509577640094,0.23324941163682217,5,-0.19987026122653867,0.3334754778712631,-0.24437105365963038,5,0.014726599999999989,0.009045669975187019,0.010787000000000047,5,-0.19854366122653871,0.33479780361434053,-0.2497310536596304,5,1.6653345369377347e-17,5.410557748946589e-17,0.0,5,0.007740176566226775,0.001303603167009566,0.008086037411752527,5,48.6,0.5477225575051661,49.0,5,1.4364273347613612,0.05507314234812748,1.425158373230499,5,10.0,0.0,10.0,5,58.186809825897214,2.985552883829519,58.02225208282471,5,-0.6027927406961038,0.0031174168523758856,0.45203731552961324,-0.3808519958695563,0.17792941728374972,1.0,-0.5237217100265201,0.010401961565029743,1.0,-0.3808519958695563,0.17792941728374972,1.0,0.0,,,0.0,,,0.0,,,-1.9867362227701714e-17,0.5918256429064304,1.0,-1.3877787807814457e-17,0.18900365845517536,1.0,0.0,,,-0.5229546349241814,0.003840880431404411,0.5914955864362793,-1.1123305282605138,0.0016627419751851459,0.23777210245147587,0.03189199999999997,0.04152771829402647,1.0,-0.03189199999999997,0.04152771829402647,1.0,-1.6653345369377347e-17,0.5291333003818577,1.0,1.6653345369377347e-17,0.5291333003818577,1.0,0.007740176566226775,0.00018601164536107592,0.01097468707630348,48.6,3.871106588677771e-09,2.3226639532066624e-07,48.47361531257629,2.331370366342746e-06,0.00037068788824849664
l1tcl_gold_dim_sweep,b610216d2c0a,ProposedB_SourceDR,FeasibleRestricted,500,500,5000,10,,0.06840119669651792,0.027538202476190085,0.06305669014338357,5,-0.08717830219702426,0.04366498721785946,-0.07408620969030542,5,0.025995938678477992,0.03963394912773504,0.009571530127275206,5,-0.02017830219702428,0.04366498721785946,-0.007086209690305448,5,,,,0,,,,0,0.0,0.0,0.0,5,,,,0,,,,0,,,,0,-0.06699999999999999,0.0,-0.06699999999999999,5,-0.06699999999999999,0.0,-0.06699999999999999,5,2.042482841045084e-17,8.081211875989544e-17,-1.019125444468157e-17,5,-0.06700000000000025,2.1942709178604383e-17,-0.06700000000000025,5,1.0,0.0,1.0,5,0.0545456009099517,0.026531040594710713,0.049206371631472436,5,0.12496853771076204,0.043365370178206124,0.11138934742473348,5,-0.1906912612265387,0.3338541443792214,-0.24765405365963042,5,0.005547600000000002,0.004767463140916795,0.004488999999999965,5,-0.19854366122653866,0.3347978036143405,-0.2497310536596304,5,-2.7755575615628914e-17,4.8074067159589095e-17,0.0,5,0.006622932302933249,0.002576661137856405,0.007314161684937513,5,46.2,2.16794833886788,45.0,5,1.436427334761361,0.05507314234812748,1.4251583732304989,5,10.0,0.0,10.0,5,57.11301274299622,1.7834501900226376,57.94029355049133,5,-0.6562944152482278,0.0012253082940729204,0.2058517934042506,-0.38502107814212466,0.20059691402761207,1.0,-0.5382321004756537,0.005508668177991632,0.958508262970544,-0.38502107814212466,0.20059691402761207,1.0,0.0,,,0.0,,,0.0,,,1.744343432472964e-17,0.6906514745011372,1.0,-1.6653345369377347e-17,0.20799999999999982,1.0,0.0,,,-0.5611371557342837,0.0017745389339067971,0.29812254089634194,-1.2206133606812493,0.0005886830182894408,0.10184216216407325,0.041070999999999955,0.027463079904730334,1.0,-0.041070999999999955,0.027463079904730334,1.0,2.7755575615628914e-17,0.26626462796630995,1.0,-2.7755575615628914e-17,0.26626462796630995,1.0,0.006622932302933249,0.004542635348333887,0.22258913206836045,46.2,1.1602859992768505e-06,6.613630195878048e-05,47.39981822967529,1.062221354514219e-06,0.00017739096620387457
l1tcl_gold_dim_sweep,b610216d2c0a,ProxyOnly,FeasibleRestricted,500,500,5000,10,,0.7246956119447457,0.19641877320231868,0.7742746780653353,5,0.2978427759451004,0.5400563571367848,0.5360865207266001,5,0.5642280391541317,0.24516745832872552,0.6030865207266001,5,0.36484277594510034,0.5400563571367848,0.6030865207266001,5,,,,0,,,,0,0.0,0.0,0.0,5,,,,0,,,,0,,,,0,-0.06699999999999999,0.0,-0.06699999999999999,5,-0.06699999999999999,0.0,-0.06699999999999999,5,2.9813940857212094e-18,1.23377746521683e-17,4.5288560203760435e-18,5,-0.06700000000000023,1.6996749443881478e-17,-0.06700000000000024,5,1.0,0.0,1.0,5,0.6156827566442354,0.1850831242927852,0.6609824314843619,5,1.3455818983920114,0.30458047925566784,1.437326793776577,5,-0.23176226122653865,0.3570486286639835,-0.2765980536596304,5,0.04661859999999996,0.025550263546585957,0.057419,5,-0.1985436612265387,0.3347978036143405,-0.2497310536596304,5,0.0,0.0,0.0,5,0.0,0.0,0.0,5,0.0,0.0,0.0,5,,,,0,,,,0,9.713194513320923,0.8538260214849956,9.841963768005371,5,,,,,,,,,,,,,,,,,,,,,,,,,,,,,,,,,,,,,,,,,,,,,,,,,,,,,,,,,
l1tcl_gold_dim_sweep,b610216d2c0a,TargetOnlyDR,OracleTargetTreated,500,500,5000,10,,0.16787391428014137,0.009617600090653492,0.16677272798058818,5,-0.06805246889698466,0.06657575395842187,-0.10806673220817821,5,0.05469445932870972,0.026350726309370943,0.046041381502760034,5,-0.0010524688969846818,0.06657575395842187,-0.04106673220817823,5,,,,0,,,,0,0.0,0.0,0.0,5,,,,0,,,,0,,,,0,-0.06699999999999999,0.0,-0.06699999999999999,5,-0.06699999999999999,0.0,-0.06699999999999999,5,-3.803510538108576e-17,3.958471949984989e-17,-3.816159201250036e-17,5,-0.06700000000000024,1.3877787807814457e-17,-0.06700000000000024,5,1.0,0.0,1.0,5,0.1243842406179485,0.009540484873642341,0.12593467967064784,5,0.3544482972599591,0.0463837926767311,0.34480513018591624,5,-0.2073474612265387,0.33430908011744054,-0.2504680536596304,5,0.022203799999999958,0.012147027936907025,0.014538999999999969,5,-0.1985436612265387,0.3347978036143405,-0.2497310536596304,5,0.0,0.0,0.0,5,0.0,0.0,0.0,5,0.0,0.0,0.0,5,,,,0,,,,0,19.298631858825683,1.5932505319453787,18.70516610145569,5,-0.5568216976646045,0.003610849808134681,0.50912982294699,-0.365895244842085,0.18424938158224802,1.0,-0.509533579825422,0.010367350156605873,1.0,-0.365895244842085,0.18424938158224802,1.0,0.0,,,0.0,,,0.0,,,-4.101649946680697e-17,0.10569572815587322,1.0,-2.7755575615628915e-18,0.7488684500235265,1.0,0.0,,,-0.4912985160262869,0.003859978347081774,0.5914955864362793,-0.9911336011320522,0.0031828362687225664,0.3902024935944288,0.024414800000000004,0.07593564077883402,1.0,-0.024414800000000004,0.07593564077883402,1.0,0.0,,,0.0,,,0.0,,,0.0,,,9.585437345504761,2.7548103789824182e-05,0.003636349700256792
l1tcl_gold_dim_sweep,c2ae4b8f8080,AnchorOnly,OracleTargetTreated,200,200,5000,10,,0.20189398839779032,0.029366806153740883,0.1915515505967501,5,-0.03854656759303131,0.058270517483665435,-0.05860108375172537,5,0.03483406785806746,0.05376509204921923,0.015951588627746996,5,0.02845343240696866,0.05827051748366544,0.008398916248274609,5,,,,0,,,,0,0.0,0.0,0.0,5,,,,0,,,,0,,,,0,-0.06699999999999999,0.0,-0.06699999999999999,5,-0.06699999999999999,0.0,-0.06699999999999999,5,-1.752404648014014e-17,1.8371300203465214e-17,-2.1795301974355964e-17,5,-0.06700000000000025,2.5018537765542006e-17,-0.06700000000000024,5,1.0,0.0,1.0,5,0.15625884529864548,0.02440001538752628,0.1452707692141914,5,0.3821261860254954,0.07610898671641553,0.3393759162753551,5,-0.26883766037501317,0.3227978144584499,-0.09700098542437308,5,0.028689399999999976,0.009140700755412547,0.024924000000000057,5,-0.25354826037501316,0.32231209939697186,-0.08674998542437308,5,1.734723475976807e-17,2.2215299868541707e-17,1.3877787807814457e-17,5,0.008313922148832987,0.003927313703122172,0.008841508569970515,5,13.4,3.7815340802378077,15.0,5,,,,0,,,,0,14.304310083389282,1.4049181303135756,14.749173164367676,5,-0.4027509640550339,0.03749722355690892,1.0,-0.44272195522141883,0.054339431393724165,1.0,-0.43634131977032,0.0576407497552134,1.0,-0.44272195522141883,0.054339431393724165,1.0,0.0,,,0.0,,,0.0,,,-1.434126253874552e-17,0.200638476957434,1.0,5.551115123125783e-18,0.5870496397870563,1.0,0.0,,,-0.37131194390288924,0.05603644480847464,1.0,-0.6907206672383976,0.011676236182144537,0.9340988945715629,0.024669399999999973,0.005130836555537032,0.8671113778857584,-0.024669399999999973,0.005130836555537032,0.8671113778857584,2.0816681711721685e-17,0.4089650038544071,1.0,-2.0816681711721685e-17,0.4089650038544071,1.0,0.008313922148832987,0.009079661489790994,0.3904254440610127,13.4,0.0013730936482316866,0.0508044649845724,5.416462230682373,0.00031022851511144575,0.02543873823913855
l1tcl_gold_dim_sweep,c2ae4b8f8080,AnchorPlugin,FeasibleRestricted,200,200,5000,10,,0.5445014452694313,0.1481876918725422,0.5172058831450925,5,0.17168152049531246,0.225946048753833,0.14868904094395838,5,0.23868152049531247,0.22594604875383303,0.21568904094395835,5,0.23868152049531247,0.22594604875383303,0.21568904094395835,5,,,,0,,,,0,0.0,0.0,0.0,5,,,,0,,,,0,,,,0,-0.06699999999999999,0.0,-0.06699999999999999,5,-0.06699999999999999,0.0,-0.06699999999999999,5,-1.4330495898188115e-18,1.8375126802122245e-17,-2.5435822041751874e-18,5,-0.06700000000000025,1.2018516789897274e-17,-0.06700000000000025,5,1.0,0.0,1.0,5,0.44232686129487175,0.13375377231208116,0.4132127626930562,5,1.060709414066066,0.2731644621664313,1.0521564799645537,5,-0.2822912603750131,0.33113602534062553,-0.10577798542437308,5,0.04214299999999998,0.009831550869522023,0.041740999999999986,5,-0.25354826037501316,0.32231209939697186,-0.08674998542437308,5,1.6653345369377347e-17,2.280353229183044e-17,1.3877787807814457e-17,5,0.01760678727973208,0.005510088959929738,0.01560567797574287,5,40.0,3.6742346141747673,42.0,5,,,,0,,,,0,7.476309299468994,0.8736705080505707,7.273291349411011,5,-0.06014350718339291,0.49282031623336225,1.0,-0.23249386713307502,0.026819164423418307,1.0,-0.23249386713307502,0.02681916442341833,1.0,-0.23249386713307502,0.02681916442341833,1.0,0.0,,,0.0,,,0.0,,,1.7497343515758058e-18,0.6026310955385354,1.0,0.0,1.0,1.0,0.0,,,-0.08524392790666295,0.3983214111776161,1.0,-0.012137439197827038,0.8768869975824576,1.0,0.011215799999999965,0.013621136214506994,1.0,-0.011215799999999967,0.013621136214507007,1.0,2.151057110211241e-17,0.39208592623688854,1.0,-2.151057110211241e-17,0.39208592623688854,1.0,0.01760678727973208,0.002029731495793354,0.10757576927704778,40.0,1.6895409936041055e-05,0.0007771888570578886,-1.411538553237915,0.03751602611770624,0.787836548471831
l1tcl_gold_dim_sweep,c2ae4b8f8080,DRLearner_PooledNoSite,OracleTargetTreated,200,200,5000,10,,0.10162735490304657,0.010963689282082165,0.09814483029816566,5,-0.06093794656761723,0.04292698094998581,-0.07235330329040048,5,0.029883864976446607,0.027791267978245583,0.019470896283006578,5,0.006062053432382747,0.0429269809499858,-0.005353303290400499,5,,,,0,,,,0,0.0,0.0,0.0,5,,,,0,,,,0,,,,0,-0.06699999999999999,0.0,-0.06699999999999999,5,-0.06699999999999999,0.0,-0.06699999999999999,5,-2.5651864956753017e-17,6.663947527899672e-17,-5.703761489633309e-17,5,-0.06700000000000024,9.813077866773595e-18,-0.06700000000000024,5,1.0,0.0,1.0,5,0.08125388730138686,0.009413011956967183,0.07749907094293981,5,0.19418132733901525,0.023991126032542245,0.18932057770477767,5,-0.25834546037501316,0.3222088409604677,-0.08514198542437308,5,0.01819719999999999,0.010809718622609923,0.014672999999999992,5,-0.25354826037501316,0.32231209939697186,-0.08674998542437308,5,1.734723475976807e-17,2.2215299868541707e-17,1.3877787807814457e-17,5,,,,0,,,,0,,,,0,,,,0,1.2147417068481445,0.23496834429997096,1.2994210720062256,5,-0.5030175975497777,0.022252791462718965,1.0,-0.46511333419600465,0.043696267068214036,1.0,-0.44129152265194077,0.0574147667193923,1.0,-0.46511333419600465,0.043696267068214036,1.0,0.0,,,0.0,,,0.0,,,-2.24690810153584e-17,0.5102425340720624,1.0,1.1102230246251566e-17,0.01613008990009254,1.0,0.0,,,-0.44631690190014783,0.036832391558502,1.0,-0.8786655259248779,0.007781714475642296,0.7429259278700823,0.03516159999999996,0.0018864558686912905,0.32824332115228455,-0.03516159999999996,0.0018864558686912905,0.32824332115228455,2.0816681711721685e-17,0.4089650038544071,1.0,-2.0816681711721685e-17,0.4089650038544071,1.0,,,,,,,-7.673106145858765,0.00010319406561942438,0.010732182824420136
l1tcl_gold_dim_sweep,c2ae4b8f8080,DRLearner_PooledWithSite,OracleTargetTreated,200,200,5000,10,,0.10183151502008143,0.011408937251355961,0.09704034081262472,5,-0.06021063296491315,0.04254564682548216,-0.06894963420882069,5,0.028865889305607517,0.02874372954168583,0.018381349346580186,5,0.0067893670350868355,0.04254564682548216,-0.0019496342088207164,5,,,,0,,,,0,0.0,0.0,0.0,5,,,,0,,,,0,,,,0,-0.06699999999999999,0.0,-0.06699999999999999,5,-0.06699999999999999,0.0,-0.06699999999999999,5,-2.3464084511865248e-17,6.263783939368105e-17,-5.4069162579325633e-17,5,-0.06700000000000024,1.6996749443881478e-17,-0.06700000000000024,5,1.0,0.0,1.0,5,0.08138692404618653,0.009725979612442296,0.07651366929411499,5,0.19357118874923906,0.025727235882513477,0.1862467808672726,5,-0.2583454603750132,0.32214852342081,-0.08514198542437308,5,0.018197199999999976,0.010654643269485828,0.01474000000000003,5,-0.25354826037501316,0.32231209939697186,-0.08674998542437308,5,1.734723475976807e-17,2.2215299868541707e-17,1.3877787807814457e-17,5,,,,0,,,,0,,,,0,,,,0,2.187418222427368,0.4339424773319135,2.2395224571228027,5,-0.5028134374327429,0.022164819966782042,1.0,-0.4643860205933006,0.044169052804008874,1.0,-0.44230949832277994,0.05698845702952545,1.0,-0.4643860205933006,0.044169052804008874,1.0,0.0,,,0.0,,,0.0,,,-2.0281300570470628e-17,0.528784436047918,1.0,1.1102230246251566e-17,0.29425636802442634,1.0,0.0,,,-0.44618386515534814,0.036727296088009675,1.0,-0.879275664514654,0.007694859712516795,0.7429259278700823,0.03516159999999997,0.001837655382729249,0.32158969197761855,-0.03516159999999997,0.001837655382729249,0.32158969197761855,2.0816681711721685e-17,0.4089650038544071,1.0,-2.0816681711721685e-17,0.4089650038544071,1.0,,,,,,,-6.700429630279541,0.00040429191885718065,0.03032189391428855
l1tcl_gold_dim_sweep,c2ae4b8f8080,EntropyBalancing,FeasibleRestricted,200,200,5000,10,,2.0517440414466988,1.0247600487856803,2.4127912278711405,5,0.3787119785399352,2.1091702128368213,0.35617013869161906,5,1.5757787217614456,1.2621706388362994,2.175166687982385,5,0.4457119785399354,2.1091702128368213,0.423170138691619,5,,,,0,,,,0,0.0,0.0,0.0,5,,,,0,,,,0,,,,0,-0.06699999999999999,0.0,-0.06699999999999999,5,-0.06699999999999999,0.0,-0.06699999999999999,5,1.6442419011565197e-18,6.781340513479819e-18,1.5916124223116408e-18,5,-0.06700000000000023,2.5018537765542006e-17,-0.06700000000000024,5,1.0,0.0,1.0,5,1.791650522746687,0.9717187205870834,2.1751666879823857,5,3.524290554359174,1.5845106907788566,4.036594581659982,5,-0.28195626037501315,0.32962792837887106,-0.07415398542437308,5,0.04180799999999994,0.02676702408748494,0.04616299999999973,5,-0.25354826037501316,0.32231209939697186,-0.08674998542437308,5,1.5265566588595904e-17,2.3221980631040627e-17,6.938893903907228e-18,5,,,,0,,,,0,,,,0,,,,0,5.02948842048645,1.1850218267888883,4.731859445571899,5,1.447099088993874,0.06398049168706314,1.0,-0.02546340908845206,0.9788498064784572,1.0,1.1046033341330583,0.17464544431807583,1.0,-0.025463409088451884,0.9788498064784572,1.0,0.0,,,0.0,,,0.0,,,4.827025842551138e-18,0.5414606315715264,1.0,1.6653345369377347e-17,0.20799999999999982,1.0,0.0,,,1.2640797335451528,0.08299602505868162,1.0,2.451443701095281,0.0434298677842343,1.0,0.011550800000000003,0.26748357631799213,1.0,-0.011550800000000003,0.26748357631799213,1.0,2.2898349882893852e-17,0.3575286209228909,1.0,-2.2898349882893852e-17,0.3575286209228909,1.0,,,,,,,-3.858359432220459,0.0028013538241149793,0.09714522833921767
l1tcl_gold_dim_sweep,c2ae4b8f8080,IPWTransport,FeasibleRestricted,200,200,5000,10,,0.24426566921988355,0.09636563900110799,0.2762454299609648,5,0.11061562125181923,0.1514383038449948,0.17147419629568383,5,0.19860826136681012,0.11428536283510736,0.2384741962956838,5,0.1776156212518192,0.1514383038449948,0.2384741962956838,5,,,,0,,,,0,0.0,0.0,0.0,5,,,,0,,,,0,,,,0,-0.06699999999999999,0.0,-0.06699999999999999,5,-0.06699999999999999,0.0,-0.06699999999999999,5,-2.486357178771624e-17,5.930692424497815e-17,-2.7385242889591518e-17,5,-0.06700000000000024,1.8358587643600646e-17,-0.06700000000000025,5,1.0,0.0,1.0,5,0.21407389296975082,0.09376764607668714,0.2413209497009223,5,0.4238957528756454,0.13678717830140488,0.4738674893657277,5,-0.28791926037501314,0.33443167943846847,-0.08313198542437307,5,0.047770999999999966,0.023226060008102938,0.059563,5,-0.25354826037501316,0.32231209939697186,-0.08674998542437307,5,3.469446951953614e-18,6.009258394948637e-18,0.0,5,,,,0,,,,0,,,,0,,,,0,2.4633083820343016,0.32617925390682334,2.4034335613250732,5,-0.3603792832329407,0.03297615192888168,1.0,-0.2935597663765683,0.08025105056738205,1.0,-0.2725671262615773,0.10992427852567575,1.0,-0.2935597663765682,0.0802510505673821,1.0,0.0,,,0.0,,,0.0,,,-2.1680787846321624e-17,0.4928903509984681,1.0,8.326672684688674e-18,0.4263172079403687,1.0,0.0,,,-0.313496896231784,0.061670558024353554,1.0,-0.6489511003882477,0.007659030184227652,0.7429259278700823,0.005587799999999986,0.4388795574893846,1.0,-0.005587799999999987,0.43887955748938423,1.0,3.469446951953614e-17,0.18900365845517536,1.0,-3.469446951953614e-17,0.18900365845517536,1.0,,,,,,,-6.424539470672608,0.00029677642260074835,0.024632443075862112
l1tcl_gold_dim_sweep,c2ae4b8f8080,OutcomeModelTransport,FeasibleRestricted,200,200,5000,10,,0.12578175885309373,0.027399021792160628,0.11757336344216596,5,-0.08285795666413316,0.08849067690899402,-0.10206591642858794,5,0.07185981400619704,0.04111146191158053,0.05788588180386249,5,-0.01585795666413319,0.08849067690899402,-0.03506591642858796,5,,,,0,,,,0,0.0,0.0,0.0,5,,,,0,,,,0,,,,0,-0.06699999999999999,0.0,-0.06699999999999999,5,-0.06699999999999999,0.0,-0.06699999999999999,5,-1.4509379756434445e-17,6.67020877650258e-17,-5.0783321592541896e-17,5,-0.06700000000000025,2.3013707539344673e-17,-0.06700000000000025,5,1.0,0.0,1.0,5,0.10284334338511636,0.025690655261334055,0.09430577843020907,5,0.24596645275189571,0.046205269281271895,0.2417661901067052,5,-0.2572734603750132,0.3340679259896769,-0.08286398542437305,5,0.017125199999999983,0.016670927559677,0.00951399999999998,5,-0.25354826037501316,0.32231209939697186,-0.08674998542437308,5,1.6653345369377347e-17,2.280353229183044e-17,1.3877787807814457e-17,5,,,,0,,,,0,,,,0,,,,0,0.28135228157043457,0.08997862876513842,0.28667473793029785,5,-0.4788631935997306,0.02387435718892501,1.0,-0.48703334429252065,0.02367111618573632,1.0,-0.3993155736221904,0.06500574501535729,1.0,-0.48703334429252054,0.023671116185736328,1.0,0.0,,,0.0,,,0.0,,,-1.1326595815039826e-17,0.7443639957850946,1.0,5.551115123125783e-18,0.6213082950374971,1.0,0.0,,,-0.4247274458164184,0.0397703099705915,1.0,-0.8268804005119973,0.007746868348543708,0.7429259278700823,0.03623359999999996,0.002101614621098393,0.3614777148289236,-0.03623359999999996,0.002101614621098393,0.3614777148289236,2.151057110211241e-17,0.39208592623688854,1.0,-2.151057110211241e-17,0.39208592623688854,1.0,,,,,,,-8.606495571136474,7.899704914704012e-05,0.008737170690020375
l1tcl_gold_dim_sweep,c2ae4b8f8080,ProposedA_FullyDirect,OracleTargetTreated,200,200,5000,10,,0.17003952862672667,0.011455186329356831,0.17270185921881032,5,-0.045654306688236154,0.04771123594349329,-0.05247831197882399,5,0.03363527834699013,0.0378384113977603,0.01537292158185724,5,0.021345693311763825,0.047711235943493295,0.01452168802117599,5,,,,0,,,,0,0.0,0.0,0.0,5,,,,0,,,,0,,,,0,-0.06699999999999999,0.0,-0.06699999999999999,5,-0.06699999999999999,0.0,-0.06699999999999999,5,-5.060181561847271e-18,4.3612822789593444e-17,9.23286837485983e-18,5,-0.06700000000000023,6.938893903907228e-18,-0.06700000000000023,5,1.0,0.0,1.0,5,0.13337504366189482,0.00973654041852527,0.13630752703195445,5,0.3236875770851861,0.03814994378299386,0.32298021844202685,5,-0.2664792603750132,0.3204157846547548,-0.09204298542437306,5,0.026330999999999976,0.008060631861088801,0.02532600000000001,5,-0.25354826037501316,0.32231209939697186,-0.08674998542437308,5,1.734723475976807e-17,2.2215299868541707e-17,1.3877787807814457e-17,5,0.0,0.0,0.0,5,0.0,0.0,0.0,5,,,,0,,,,0,10.590866470336914,1.9429597104045842,10.424428701400757,5,-0.43460542382609757,0.03482246930359858,1.0,-0.44982969431662356,0.05063756018449944,1.0,-0.43754010928139725,0.05842736853253095,1.0,-0.44982969431662356,0.05063756018449944,1.0,0.0,,,0.0,,,0.0,,,-1.8773976204526513e-18,0.9417030355515026,1.0,2.7755575615628914e-17,0.0031982021523353082,0.5596853766586789,0.0,,,-0.3941957455396399,0.053204228047049516,1.0,-0.7491592761787068,0.012998113666734099,0.9644121026552601,0.027027799999999973,0.0030055690816831217,0.5139523129678139,-0.027027799999999973,0.0030055690816831217,0.5139523129678139,2.0816681711721685e-17,0.4089650038544071,1.0,-2.0816681711721685e-17,0.4089650038544071,1.0,0.0,,,0.0,,,1.7030186176300048,0.07946370518493341,1.0
l1tcl_gold_dim_sweep,c2ae4b8f8080,ProposedB_LinearStepB,OracleTargetTreated,200,200,5000,10,,0.17862586610144618,0.022777235045528015,0.17549189616240263,5,-0.039167315227409946,0.05816755894639508,-0.050283084814766364,5,0.04156137562733281,0.0468252379684288,0.021109854918671886,5,0.027832684772590023,0.05816755894639508,0.016716915185233612,5,,,,0,,,,0,0.0,0.0,0.0,5,,,,0,,,,0,,,,0,-0.06699999999999999,0.0,-0.06699999999999999,5,-0.06699999999999999,0.0,-0.06699999999999999,5,-2.5835573620438905e-17,2.0901189448803737e-17,-3.659451730574064e-17,5,-0.06700000000000025,9.813077866773595e-18,-0.06700000000000025,5,1.0,0.0,1.0,5,0.1402227545003657,0.01994023353378398,0.13681521158139628,5,0.33136631671347205,0.05485478754987523,0.32879485058994856,5,-0.2676450603750131,0.3229984021380196,-0.09056898542437307,5,0.02749679999999998,0.011135573344017801,0.025191999999999992,5,-0.25354826037501316,0.32231209939697186,-0.08674998542437308,5,1.5612511283791264e-17,2.2948234554500805e-17,6.938893903907228e-18,5,0.021984585938948052,0.0031037201364633696,0.023857825628624332,5,46.4,2.4083189157584592,47.0,5,1.376790402813933,0.09400898516528114,1.3247730352772578,5,10.0,0.0,10.0,5,73.58501100540161,12.599393806698467,75.05834221839905,5,-0.4260190863513782,0.03525707521111575,1.0,-0.44334270285579735,0.049242065997913614,1.0,-0.4296140120010546,0.058854672928133456,1.0,-0.44334270285579735,0.049242065997913614,1.0,0.0,,,0.0,,,0.0,,,-2.2652789679044288e-17,0.10769967342126065,1.0,-2.7755575615628915e-18,0.7040000000000001,1.0,0.0,,,-0.387348034701169,0.0534778657348809,1.0,-0.7414805365504209,0.012913841190606054,0.9644121026552601,0.02586199999999997,0.0032753778340278536,0.5568142317847351,-0.02586199999999997,0.0032753778340278536,0.5568142317847351,2.2551405187698492e-17,0.36561463643587416,1.0,-2.2551405187698492e-17,0.36561463643587416,1.0,0.021984585938948052,9.285693565499538e-05,0.0058499869462647095,46.4,1.7355492790072695e-06,9.371966106639256e-05,64.6971631526947,0.00034450576862104327,0.027011830623585885
l1tcl_gold_dim_sweep,c2ae4b8f8080,ProposedB_SourceDR,FeasibleRestricted,200,200,5000,10,,0.057636507260469684,0.015032825750221072,0.05195576848711573,5,-0.0735236054976027,0.021516600026375017,-0.07680423118565191,5,0.01854825483669531,0.009279744915497589,0.020066891219328836,5,-0.006523605497602734,0.021516600026375017,-0.009804231185651935,5,,,,0,,,,0,0.0,0.0,0.0,5,,,,0,,,,0,,,,0,-0.06699999999999999,0.0,-0.06699999999999999,5,-0.06699999999999999,0.0,-0.06699999999999999,5,1.2029302044641149e-17,1.6043041479478893e-16,-3.371029650471902e-17,5,-0.06700000000000025,3.469446951953614e-17,-0.06700000000000025,5,1.0,0.0,1.0,5,0.0432103159426606,0.00946432618661763,0.03814382600058731,5,0.11848755480008297,0.032689527871054,0.1154259110575015,5,-0.24612466037501313,0.32539372203633793,-0.07569498542437307,5,0.005976399999999944,0.004923793486733482,0.0032159999999999966,5,-0.25354826037501316,0.32231209939697186,-0.08674998542437308,5,5.898059818321144e-18,7.318806362944028e-18,1.734723475976807e-18,5,0.015139922565291869,0.00392210222085838,0.013785271031401421,5,40.8,3.1144823004794873,41.0,5,1.3767904028139328,0.09400898516528107,1.3247730352772578,5,10.0,0.0,10.0,5,71.93794956207276,7.5915471832825085,72.06586146354675,5,-0.5470084451923546,0.015382241597361101,1.0,-0.4776989931259902,0.0395063512989038,1.0,-0.4526271327916921,0.051396992774484375,1.0,-0.4776989931259902,0.0395063512989038,1.0,0.0,,,0.0,,,0.0,,,1.5212085986035766e-17,0.8494396131835242,1.0,5.551115123125783e-18,0.7395812342672975,1.0,0.0,,,-0.4843604732588741,0.027676555368230205,1.0,-0.95435929846381,0.004497243307488893,0.48120503390131153,0.047382400000000005,0.00018230408093394539,0.03208551824437439,-0.047382400000000005,0.00018230408093394539,0.03208551824437439,3.2265856653168614e-17,0.22726996352745465,1.0,-3.2265856653168614e-17,0.22726996352745465,1.0,0.015139922565291869,0.0009905975629548262,0.053492268399560616,40.8,8.086253345143553e-06,0.00038814016056689055,63.05010170936585,5.337996244111644e-05,0.006458975455375089
l1tcl_gold_dim_sweep,c2ae4b8f8080,ProxyOnly,FeasibleRestricted,200,200,5000,10,,0.6046449524528243,0.31412185311335167,0.5157622904644373,5,0.40417538762838745,0.3695731495378785,0.29689127278448524,5,0.4711753876283874,0.3695731495378785,0.3638912727844852,5,0.4711753876283874,0.3695731495378785,0.3638912727844852,5,,,,0,,,,0,0.0,0.0,0.0,5,,,,0,,,,0,,,,0,-0.06699999999999999,0.0,-0.06699999999999999,5,-0.06699999999999999,0.0,-0.06699999999999999,5,-3.1827839413946184e-18,1.4643135043259575e-17,3.817104544716426e-18,5,-0.06700000000000025,6.938893903907228e-18,-0.06700000000000025,5,1.0,0.0,1.0,5,0.5275707892015348,0.32693912654919927,0.4052480346563838,5,1.072846853263893,0.3984607066695934,1.0175226676941023,5,-0.2935070603750131,0.3289427148708109,-0.10932898542437305,5,0.05335879999999995,0.011521136562856905,0.052460999999999994,5,-0.2535482603750132,0.32231209939697186,-0.08674998542437308,5,3.8163916471489756e-17,4.576514847043675e-17,1.3877787807814457e-17,5,0.0,0.0,0.0,5,0.0,0.0,0.0,5,,,,0,,,,0,8.887847852706908,1.1807454336049445,8.620218753814697,5,,,,,,,,,,,,,,,,,,,,,,,,,,,,,,,,,,,,,,,,,,,,,,,,,,,,,,,,,
l1tcl_gold_dim_sweep,c2ae4b8f8080,TargetOnlyDR,OracleTargetTreated,200,200,5000,10,,0.22045147416704663,0.02052935794658109,0.2204076416545212,5,-0.06575602096366237,0.0719347733369272,-0.06794891282750043,5,0.05629745485331115,0.034853861925730624,0.06307920826945382,5,0.0012439790363376016,0.0719347733369272,-0.0009489128275004532,5,,,,0,,,,0,0.0,0.0,0.0,5,,,,0,,,,0,,,,0,-0.06699999999999999,0.0,-0.06699999999999999,5,-0.06699999999999999,0.0,-0.06699999999999999,5,-2.8981503674798154e-17,5.0737234448486336e-17,-4.4765481210545934e-17,5,-0.06700000000000024,2.4037033579794548e-17,-0.06700000000000025,5,1.0,0.0,1.0,5,0.17009349692663642,0.014195913233673831,0.17353953759318924,5,0.4365050731854474,0.06115233461885212,0.4145504744043257,5,-0.2650856603750132,0.3156742908916656,-0.10370098542437307,5,0.02493739999999997,0.008814435052798365,0.023718000000000013,5,-0.2535482603750132,0.32231209939697186,-0.08674998542437308,5,3.9898639947466563e-17,4.4328888959487825e-17,1.3877787807814457e-17,5,0.0,0.0,0.0,5,0.0,0.0,0.0,5,,,,0,,,,0,19.27323274612427,3.1033603022630243,18.411211252212524,5,-0.38419347828577766,0.04352623755177699,1.0,-0.46993140859204985,0.06349451588999136,1.0,-0.4148779327750763,0.060272287107232626,1.0,-0.46993140859204974,0.06349451588999142,1.0,0.0,,,0.0,,,0.0,,,-2.579871973340353e-17,0.3357278612579592,1.0,1.1102230246251566e-17,0.4050233143090605,1.0,0.0,,,-0.3574772922748983,0.06379267488862676,1.0,-0.6363417800784457,0.015380555432490782,0.9997361031119008,0.028421399999999975,0.01749109332664426,1.0,-0.028421399999999986,0.01749109332664424,1.0,-1.734723475976807e-18,0.26626462796630995,1.0,1.734723475976807e-18,0.26626462796630995,1.0,0.0,,,0.0,,,10.385384893417358,0.0003353568887968512,0.026892103320327407
l1tcl_gold_dim_sweep,d22ce81d7599,AnchorOnly,OracleTargetTreated,100,100,5000,10,,0.2668070716711698,0.02742129176913791,0.2811815733493331,5,-0.09061804663798162,0.07269240624932939,-0.06038632873295029,5,0.05374024000850659,0.048697375081671726,0.050811628848733914,5,-0.023618046637981636,0.07269240624932939,0.0066136712670496894,5,,,,0,,,,0,0.0,0.0,0.0,5,,,,0,,,,0,,,,0,-0.06699999999999999,0.0,-0.06699999999999999,5,-0.06699999999999999,0.0,-0.06699999999999999,5,-2.425305630728129e-18,1.9275088689824383e-17,-6.898207193798348e-18,5,-0.06700000000000025,1.6996749443881478e-17,-0.06700000000000025,5,1.0,0.0,1.0,5,0.2112649145995281,0.02294440389494539,0.22454837684035586,5,0.48725541874227407,0.07044028286570486,0.4876381463676796,5,-0.07155921953085452,0.06533139640589625,-0.09627367621451012,5,0.0246694,0.009792824148324119,0.028676000000000007,5,-0.060289819530854515,0.06820817981469698,-0.08249884827700357,5,-1.3877787807814458e-18,7.601177430610148e-18,0.0,5,0.01545872405440683,0.011517551873591955,0.015637567127321846,5,0.0,0.0,0.0,5,,,,0,,,,0,9.589372968673706,0.609466315764721,9.306839942932129,5,-0.15747746626699904,0.04665987672118009,1.0,0.09150111847737488,0.26981354006044916,1.0,-0.1173947467412086,0.0797337205602868,1.0,0.09150111847737491,0.26981354006044916,1.0,0.0,,,0.0,,,0.0,,,-7.050954538772223e-18,0.4824702929848034,1.0,2.7755575615628915e-18,0.8540797033781717,1.0,0.0,,,-0.13089810071692357,0.04816267893216097,1.0,-0.3361184603827621,0.04572287535722897,1.0,-0.003296400000000005,0.43150298772209617,1.0,0.003296400000000005,0.43150298772209617,1.0,6.938893903907228e-18,0.08900934250008564,1.0,-6.938893903907228e-18,0.08900934250008564,1.0,0.01545872405440683,0.03989377627246358,0.48841692906482786,0.0,,,2.6000638961791993,0.0026186434505287063,0.09714522833921767
l1tcl_gold_dim_sweep,d22ce81d7599,AnchorPlugin,FeasibleRestricted,100,100,5000,10,,0.20381229129580886,0.02396961750750833,0.2016942638531585,5,-0.133386039596427,0.09802231364102809,-0.13752542617222693,5,0.09644481871412167,0.0590783629357086,0.07514694779423664,5,-0.06638603959642701,0.09802231364102809,-0.07052542617222696,5,,,,0,,,,0,0.0,0.0,0.0,5,,,,0,,,,0,,,,0,-0.06699999999999999,0.0,-0.06699999999999999,5,-0.06699999999999999,0.0,-0.06699999999999999,5,5.588982396091127e-18,3.882779412200923e-17,-1.392856774824702e-18,5,-0.06700000000000025,2.5962963631595152e-17,-0.06700000000000024,5,1.0,0.0,1.0,5,0.16451703071766388,0.017934894808248402,0.1625237007417494,5,0.39291604779679673,0.06363030712483632,0.39125471207032514,5,-0.06238021953085451,0.06769115749733152,-0.07389567621451011,5,0.015490400000000001,0.012740169359156893,0.01373499999999999,5,-0.060289819530854515,0.06820817981469698,-0.08249884827700359,5,1.3877787807814458e-18,3.103167691559092e-18,0.0,5,0.09302891722972532,0.03548735026395321,0.10289940860613309,5,1.4,2.6076809620810595,0.0,5,,,,0,,,,0,6.887698698043823,0.5134981779838415,7.09906005859375,5,-0.22047224664236004,0.010631538897709644,1.0,0.04873312551892952,0.38377480699782807,1.0,-0.07469016803559354,0.14302372365855645,1.0,0.04873312551892952,0.38377480699782807,1.0,0.0,,,0.0,,,0.0,,,9.633334880470333e-19,0.9344010374893632,1.0,1.3877787807814457e-17,0.23019964108049873,1.0,0.0,,,-0.17764598459878775,0.011349802441328055,1.0,-0.4304578313282394,0.013125562817616692,0.9644121026552601,0.0058825999999999965,0.002038332947645524,0.3526315999426757,-0.0058825999999999965,0.002038332947645524,0.3526315999426757,4.163336342344337e-18,0.20799999999999982,1.0,-4.163336342344337e-18,0.20799999999999982,1.0,0.09302891722972532,0.004228066855051189,0.21140334275255943,1.4,0.296181029336144,1.0,-0.10161037445068359,0.7002934778393701,1.0
l1tcl_gold_dim_sweep,d22ce81d7599,DRLearner_PooledNoSite,OracleTargetTreated,100,100,5000,10,,0.044371966736529475,0.008704657205859372,0.04650899210120821,5,-0.08207185216288355,0.024953196575815104,-0.08622483002802783,5,0.025699845004429723,0.009000577054356257,0.02656998210386536,5,-0.015071852162883582,0.024953196575815104,-0.019224830028027856,5,,,,0,,,,0,0.0,0.0,0.0,5,,,,0,,,,0,,,,0,-0.06699999999999999,0.0,-0.06699999999999999,5,-0.06699999999999999,0.0,-0.06699999999999999,5,7.939055100259497e-17,7.154539695299653e-17,8.414536167982394e-17,5,-0.06700000000000024,1.3877787807814457e-17,-0.06700000000000024,5,1.0,0.0,1.0,5,0.036039227383602476,0.0073641647265101145,0.03808598849121081,5,0.08768418039712735,0.01660345787336114,0.09233367375243064,5,-0.04966361953085451,0.07045767419618963,-0.06909884827700358,5,0.0027737999999999955,0.005505549445786489,0.00020100000000000673,5,-0.060289819530854515,0.06820817981469698,-0.08249884827700357,5,-1.3877787807814458e-18,7.601177430610148e-18,0.0,5,,,,0,,,,0,,,,0,,,,0,0.4927934169769287,0.16081657194518362,0.5643198490142822,5,-0.37991257120163946,0.0010970538902927882,0.1854021074594812,0.10004731295247297,0.3383547674115236,1.0,-0.1454351417452855,0.06654763997037716,1.0,0.10004731295247297,0.3383547674115236,1.0,0.0,,,0.0,,,0.0,,,7.476490209455087e-17,0.10152315106542198,1.0,1.1102230246251566e-17,0.17780780835622126,1.0,0.0,,,-0.3061237879328492,0.0014336497020597332,0.24515409905221439,-0.7356896987279088,0.0013008180970121301,0.19798918562477577,0.018599200000000003,0.049146543494415836,1.0,-0.018599200000000003,0.049146543494415836,1.0,6.938893903907228e-18,0.08900934250008564,1.0,-6.938893903907228e-18,0.08900934250008564,1.0,,,,,,,-6.4965156555175785,2.946042711296496e-06,0.0004625287056735499
l1tcl_gold_dim_sweep,d22ce81d7599,DRLearner_PooledWithSite,OracleTargetTreated,100,100,5000,10,,0.04394414452027502,0.009255434487597945,0.046108550824985016,5,-0.08172894689019097,0.024463509446458184,-0.08469355305290395,5,0.025131658206957418,0.00895211342451435,0.026006778291916048,5,-0.014728946890190997,0.024463509446458184,-0.017693553052903974,5,,,,0,,,,0,0.0,0.0,0.0,5,,,,0,,,,0,,,,0,-0.06699999999999999,0.0,-0.06699999999999999,5,-0.06699999999999999,0.0,-0.06699999999999999,5,7.503457948575908e-17,7.766721909937034e-17,7.76248545335509e-17,5,-0.06700000000000024,2.3013707539344673e-17,-0.06700000000000024,5,1.0,0.0,1.0,5,0.03566947609218639,0.007826675506172456,0.03766997865880378,5,0.08697377330144256,0.01766546776042177,0.09176921635079997,5,-0.049717219530854506,0.07042803435712619,-0.06909884827700358,5,0.002827399999999988,0.005585445667088698,0.0003349999999999881,5,-0.060289819530854515,0.06820817981469698,-0.08249884827700359,5,1.3877787807814458e-18,3.103167691559092e-18,0.0,5,,,,0,,,,0,,,,0,,,,0,0.7925233840942383,0.3518435398098338,0.8447604179382324,5,-0.38034039341789394,0.0010819006984449289,0.1839231187356379,0.10039021822516551,0.3366083876275726,1.0,-0.14600332854275777,0.06562857867626946,1.0,0.10039021822516551,0.3366083876275726,1.0,0.0,,,0.0,,,0.0,,,7.040893057771498e-17,0.13538267134998636,1.0,8.326672684688674e-18,0.5733922538253555,1.0,0.0,,,-0.30649353922426525,0.001405978408477202,0.24464024307503313,-0.7364001058235936,0.0012940469648678155,0.19798918562477577,0.01854560000000001,0.050199989938867956,1.0,-0.01854560000000001,0.050199989938867956,1.0,4.163336342344337e-18,0.20799999999999982,1.0,-4.163336342344337e-18,0.20799999999999982,1.0,,,,,,,-6.1967856884002686,3.9081520509421366e-05,0.004924271584187092
l1tcl_gold_dim_sweep,d22ce81d7599,EntropyBalancing,FeasibleRestricted,100,100,5000,10,,0.19331130946552427,0.1386528834566663,0.17164342584832798,5,-0.04606024934890271,0.14184285714300937,-0.08953278322519798,5,0.08618374958600311,0.10669085810544505,0.034857177759370556,5,0.020939750651097266,0.14184285714300937,-0.022532783225198,5,,,,0,,,,0,0.0,0.0,0.0,5,,,,0,,,,0,,,,0,-0.06699999999999999,0.0,-0.06699999999999999,5,-0.06699999999999999,0.0,-0.06699999999999999,5,-2.827507277439484e-17,7.559781547082273e-17,-1.5135411178233686e-17,5,-0.06700000000000024,2.0816681711721685e-17,-0.06700000000000024,5,1.0,0.0,1.0,5,0.15548775806614676,0.11346685539894535,0.13835344889728948,5,0.3808469461893537,0.28717876651650337,0.3185718513147277,5,-0.06653421953085452,0.07825010810090713,-0.07740684827700357,5,0.0196444,0.017076944963897972,0.014404999999999994,5,-0.060289819530854515,0.06820817981469698,-0.08249884827700359,5,2.7755575615628915e-18,6.206335383118184e-18,0.0,5,,,,0,,,,0,,,,0,,,,0,2.424836349487305,0.7548919088856448,2.2789039611816406,5,-0.23097322847264462,0.014580834268297215,1.0,0.13605891576645382,0.07866551252132334,1.0,-0.08495123716371211,0.34069765216505077,1.0,0.13605891576645382,0.07866551252132334,1.0,0.0,,,0.0,,,0.0,,,-3.290072168243894e-17,0.45360674776709875,1.0,8.326672684688674e-18,0.5011693674201637,1.0,0.0,,,-0.1866752572503049,0.013664043598607751,1.0,-0.44252693293568246,0.02441172009265718,1.0,0.0017285999999999955,0.7693883890566061,1.0,-0.0017285999999999955,0.7693883890566061,1.0,2.7755575615628915e-18,0.373900966300059,1.0,-2.7755575615628915e-18,0.373900966300059,1.0,,,,,,,-4.564472723007202,0.0007331991579718034,0.046413689784139275
l1tcl_gold_dim_sweep,d22ce81d7599,IPWTransport,FeasibleRestricted,100,100,5000,10,,0.18880130032492431,0.17156220383694554,0.13340277917082782,5,-0.018522748443656332,0.19718660253273126,-0.09167242943420817,5,0.1108177267902335,0.16269419289814585,0.03741377701859533,5,0.04847725155634365,0.1971866025327313,-0.024672429434208193,5,,,,0,,,,0,0.0,0.0,0.0,5,,,,0,,,,0,,,,0,-0.06699999999999999,0.0,-0.06699999999999999,5,-0.06699999999999999,0.0,-0.06699999999999999,5,-2.469060113343214e-17,8.286769919317947e-17,-5.581761888249405e-18,5,-0.06700000000000024,3.863412619563315e-17,-0.06700000000000023,5,1.0,0.0,1.0,5,0.1561119531876957,0.14859442852570962,0.10812228975893881,5,0.3588120359305937,0.3170661181706786,0.26285434608119573,5,-0.06665481953085453,0.08070699832550214,-0.07479384827700358,5,0.019765000000000005,0.021908436537096853,0.012461999999999994,5,-0.060289819530854515,0.06820817981469698,-0.08249884827700359,5,2.7755575615628915e-18,6.206335383118184e-18,0.0,5,,,,0,,,,0,,,,0,,,,0,0.8981582641601562,0.2018960022885782,0.878333330154419,5,-0.2354832376132446,0.028147522231748455,1.0,0.1635964166717002,0.05953399098925732,1.0,-0.06031725995948173,0.5736562959974532,1.0,0.1635964166717002,0.05953399098925732,1.0,0.0,,,0.0,,,0.0,,,-2.9316250041476234e-17,0.5257045436803129,1.0,8.326672684688674e-18,0.5528894339334172,1.0,0.0,,,-0.18605106212875597,0.034735175406467665,1.0,-0.4645618431944425,0.027623793994600857,1.0,0.0016079999999999942,0.8291656558573995,1.0,-0.0016079999999999942,0.8291656558573995,1.0,2.7755575615628915e-18,0.373900966300059,1.0,-2.7755575615628915e-18,0.373900966300059,1.0,,,,,,,-6.09115080833435,6.881969270338047e-06,0.001032295390550707
l1tcl_gold_dim_sweep,d22ce81d7599,OutcomeModelTransport,FeasibleRestricted,100,100,5000,10,,0.05041222748038765,0.009884445643116514,0.04674406492955049,5,-0.08305800034803881,0.034480913773236505,-0.09467835666287755,5,0.03346450942351442,0.010555372798427502,0.03871824128093379,5,-0.01605800034803883,0.03448091377323651,-0.027678356662877573,5,,,,0,,,,0,0.0,0.0,0.0,5,,,,0,,,,0,,,,0,-0.06699999999999999,0.0,-0.06699999999999999,5,-0.06699999999999999,0.0,-0.06699999999999999,5,3.771684338617467e-17,1.1264152333060921e-16,1.0717022827647212e-16,5,-0.06700000000000023,2.5962963631595152e-17,-0.06700000000000023,5,1.0,0.0,1.0,5,0.041737644000448146,0.008258009711439925,0.03994406890917619,5,0.09745700745857852,0.019993403897268232,0.08699273224929767,5,-0.05139221953085451,0.07223819411923188,-0.06916584827700357,5,0.004502399999999992,0.00929640391764471,6.699999999999762e-05,5,-0.060289819530854515,0.06820817981469698,-0.08249884827700357,5,0.0,9.813077866773595e-18,0.0,5,,,,0,,,,0,,,,0,,,,0,0.12247066497802735,0.034363014137878116,0.1356492042541504,5,-0.37387231045778124,0.0010304652014604418,0.17620954944973555,0.09906116476731772,0.3623721266016592,1.0,-0.1376704773262008,0.07811253395906627,1.0,0.09906116476731772,0.3623721266016592,1.0,0.0,,,0.0,,,0.0,,,3.309119447813057e-17,0.5895106902249005,1.0,2.4980018054066023e-17,0.13694512334578732,1.0,0.0,,,-0.30042537131600355,0.0014503818522593527,0.24656491488408996,-0.7259168716664577,0.0011411650983795302,0.1818212527716191,0.016870600000000006,0.10164963822116446,1.0,-0.016870600000000006,0.10164963822116446,1.0,5.551115123125783e-18,0.17780780835622126,1.0,-5.551115123125783e-18,0.17780780835622126,1.0,,,,,,,-6.86683840751648,2.5892370723552252e-06,0.0004090994574321256
l1tcl_gold_dim_sweep,d22ce81d7599,ProposedA_FullyDirect,OracleTargetTreated,100,100,5000,10,,0.2520283825346642,0.029785864391740982,0.26412744827891854,5,-0.08636961918630653,0.08573352601501391,-0.10720623050654964,5,0.0732863686219683,0.03325056969438963,0.06350038918114428,5,-0.01936961918630655,0.08573352601501391,-0.04020623050654966,5,,,,0,,,,0,0.0,0.0,0.0,5,,,,0,,,,0,,,,0,-0.06699999999999999,0.0,-0.06699999999999999,5,-0.06699999999999999,0.0,-0.06699999999999999,5,-1.1277681524684203e-18,2.0179643530821874e-17,-4.5225862835544146e-18,5,-0.06700000000000025,1.5515838457795457e-17,-0.06700000000000025,5,1.0,0.0,1.0,5,0.19833551887668205,0.022456299973487824,0.20870210389928792,5,0.4885925250071582,0.07216785846719692,0.4994033245217159,5,-0.07149221953085452,0.06366188558628223,-0.09613967621451011,5,0.024602399999999996,0.009840610031903506,0.02405299999999999,5,-0.060289819530854515,0.06820817981469698,-0.08249884827700357,5,-1.3877787807814458e-18,7.601177430610148e-18,0.0,5,0.0,0.0,0.0,5,0.0,0.0,0.0,5,,,,0,,,,0,7.856983709335327,0.5919427448253483,8.201127529144287,5,-0.17225615540350478,0.019015099079883312,1.0,0.09574954592904998,0.2944211504309344,1.0,-0.09784861812774691,0.15779875140442734,1.0,0.09574954592904998,0.2944211504309344,1.0,0.0,,,0.0,,,0.0,,,-5.7534170605125154e-18,0.2447451609687159,1.0,0.0,1.0,1.0,0.0,,,-0.1438274964397696,0.018819136265641072,1.0,-0.33478135411787796,0.038006920590287326,1.0,-0.003229399999999999,0.5232711097263867,1.0,0.003229399999999999,0.5232711097263867,1.0,6.938893903907228e-18,0.08900934250008564,1.0,-6.938893903907228e-18,0.08900934250008564,1.0,0.0,,,0.0,,,0.8676746368408204,0.08726840198350351,1.0
l1tcl_gold_dim_sweep,d22ce81d7599,ProposedB_LinearStepB,OracleTargetTreated,100,100,5000,10,,0.26220182099519007,0.02449911430003439,0.272236582036681,5,-0.0966682513113587,0.06926604350150836,-0.07792996641591941,5,0.0530676734858602,0.04876288281770198,0.04188014658599294,5,-0.029668251311358716,0.06926604350150836,-0.010929966415919437,5,,,,0,,,,0,0.0,0.0,0.0,5,,,,0,,,,0,,,,0,-0.06699999999999999,0.0,-0.06699999999999999,5,-0.06699999999999999,0.0,-0.06699999999999999,5,6.039453302872913e-19,1.7538776540532617e-17,-2.9191886016297883e-18,5,-0.06700000000000024,1.3877787807814457e-17,-0.06700000000000025,5,1.0,0.0,1.0,5,0.20656951384017508,0.019643047844950492,0.2149838857487523,5,0.4920867193338389,0.06733037193498728,0.5173685815528639,5,-0.07059441953085452,0.06480872906954362,-0.09654167621451012,5,0.023704600000000003,0.010321849606538553,0.02626400000000001,5,-0.060289819530854515,0.06820817981469698,-0.08249884827700359,5,2.7755575615628915e-18,6.206335383118184e-18,0.0,5,0.07698656523207029,0.036026215686946646,0.07668163315533769,5,2.8,4.08656334834051,0.0,5,0.277800372817287,0.6166124118592584,0.0033276412687626915,5,1.8,0.8366600265340756,2.0,5,23.183663415908814,3.598282824625962,21.062885522842407,5,-0.16208271694297888,0.04395344678837819,1.0,0.0854509138039978,0.31049400712890585,1.0,-0.11806731326385503,0.07513937661741259,1.0,0.0854509138039978,0.31049400712890585,1.0,0.0,,,0.0,,,0.0,,,-4.021703577756804e-18,0.655805734009348,1.0,5.551115123125783e-18,0.6884570897760041,1.0,0.0,,,-0.13559350147627655,0.045095000416670056,1.0,-0.33128715979119727,0.045720983024499076,1.0,-0.0023316000000000044,0.6066647503247697,1.0,0.0023316000000000044,0.6066647503247697,1.0,2.7755575615628915e-18,0.373900966300059,1.0,-2.7755575615628915e-18,0.373900966300059,1.0,0.07698656523207029,0.008785906208232901,0.3865798731622476,2.8,0.20026333115433365,1.0,16.194354343414307,0.0007252139028771762,0.046413689784139275
l1tcl_gold_dim_sweep,d22ce81d7599,ProposedB_SourceDR,FeasibleRestricted,100,100,5000,10,,0.06326424827502708,0.011140208313497605,0.06065839703870232,5,-0.08647194853186954,0.025784735972798335,-0.0875639364774661,5,0.024565877296923513,0.01960728626078237,0.020563936477466127,5,-0.019471948531869575,0.02578473597279833,-0.020563936477466127,5,,,,0,,,,0,0.0,0.0,0.0,5,,,,0,,,,0,,,,0,-0.06699999999999999,0.0,-0.06699999999999999,5,-0.06699999999999999,0.0,-0.06699999999999999,5,-6.49761230502963e-17,8.293704653969191e-17,-1.5561340365117462e-17,5,-0.06700000000000025,2.4037033579794548e-17,-0.06700000000000025,5,1.0,0.0,1.0,5,0.0478333988181113,0.011583774500596004,0.04397487431909475,5,0.12087812042513983,0.021415603065795236,0.12034460668137743,5,-0.050735619530854516,0.06981512965928895,-0.07204684827700357,5,0.003845799999999995,0.0023733514699681487,0.0029479999999999923,5,-0.060289819530854515,0.06820817981469698,-0.08249884827700359,5,1.3877787807814458e-18,1.0292042894454821e-17,0.0,5,0.061485112598368044,0.04398091295838041,0.06668453365672405,5,3.6,3.9115214431215892,3.0,5,0.27780037281728714,0.6166124118592587,0.0033276412687626936,5,1.8,0.8366600265340756,2.0,5,22.08640913963318,2.2519130617675134,21.074928045272827,5,-0.36102028966314187,0.001549118255229034,0.2540553938575616,0.09564721658348697,0.3472725410456969,1.0,-0.1465691094527917,0.08109009009673218,1.0,0.09564721658348696,0.34727254104569705,1.0,0.0,,,0.0,,,0.0,,,-6.960177195834038e-17,0.09412283431023387,1.0,2.7755575615628915e-18,0.8466432357935875,1.0,0.0,,,-0.29432961649834033,0.0024216578352382312,0.3995735428143082,-0.7024957586998963,0.0014292773716341738,0.2086744962585894,0.017527200000000003,0.025791060300911696,1.0,-0.017527200000000003,0.025791060300911696,1.0,4.163336342344337e-18,0.20799999999999982,1.0,-4.163336342344337e-18,0.20799999999999982,1.0,0.061485112598368044,0.03532090647692639,0.48841692906482786,3.6,0.10870095132492352,1.0,15.097100067138673,0.00016979085543578028,0.015620758700091785
l1tcl_gold_dim_sweep,d22ce81d7599,ProxyOnly,FeasibleRestricted,100,100,5000,10,,0.4242845379381689,0.10383551375051082,0.36658084161899424,5,-0.18211916511535653,0.19330524189276088,-0.18651752367991664,5,0.17113498674971522,0.13161863337692048,0.1400395540858967,5,-0.11511916511535651,0.1933052418927609,-0.11951752367991667,5,,,,0,,,,0,0.0,0.0,0.0,5,,,,0,,,,0,,,,0,-0.06699999999999999,0.0,-0.06699999999999999,5,-0.06699999999999999,0.0,-0.06699999999999999,5,4.625648908044095e-18,2.4273782052363928e-17,-6.8534250332442466e-18,5,-0.06700000000000025,1.8358587643600646e-17,-0.06700000000000024,5,1.0,0.0,1.0,5,0.3421630153164517,0.08986697101108189,0.2937688940129326,5,0.8233738791250362,0.20652238223769392,0.8285648496365585,5,-0.06826281953085452,0.06670515987412566,-0.08186867621451012,5,0.021372999999999996,0.011809213288784304,0.021707999999999998,5,-0.060289819530854515,0.06820817981469698,-0.08249884827700359,5,5.551115123125783e-18,7.601177430610148e-18,0.0,5,0.0,0.0,0.0,5,0.0,0.0,0.0,5,,,,0,,,,0,6.989309072494507,0.3877412981580844,6.787491321563721,5,,,,,,,,,,,,,,,,,,,,,,,,,,,,,,,,,,,,,,,,,,,,,,,,,,,,,,,,,
l1tcl_gold_dim_sweep,d22ce81d7599,TargetOnlyDR,OracleTargetTreated,100,100,5000,10,,0.25421364853221495,0.03094363339722974,0.2718325559722911,5,-0.10160492296629269,0.09578723308669343,-0.0742674270365126,5,0.07704921056497398,0.05702055619183515,0.057561063184066855,5,-0.03460492296629273,0.09578723308669343,-0.007267427036512619,5,,,,0,,,,0,0.0,0.0,0.0,5,,,,0,,,,0,,,,0,-0.06699999999999999,0.0,-0.06699999999999999,5,-0.06699999999999999,0.0,-0.06699999999999999,5,4.8671775745009946e-18,1.5751220286472963e-17,9.134700046721884e-18,5,-0.06700000000000025,1.3877787807814457e-17,-0.06700000000000025,5,1.0,0.0,1.0,5,0.19773022694196615,0.025871628466502875,0.2021235098193044,5,0.493026339970889,0.06800440916758338,0.5055207622898493,5,-0.06928121953085452,0.0616985717068003,-0.09319167621451012,5,0.022391399999999995,0.011448710158790816,0.023918999999999996,5,-0.060289819530854515,0.06820817981469698,-0.08249884827700359,5,5.551115123125783e-18,7.601177430610148e-18,0.0,5,0.0,0.0,0.0,5,0.0,0.0,0.0,5,,,,0,,,,0,6.428700923919678,0.5463518326234919,6.283499479293823,5,-0.170070889405954,0.025114368252552526,1.0,0.0805142421490638,0.2776606829399619,1.0,-0.09408577618474122,0.0963304131979036,1.0,0.08051424214906383,0.2776606829399617,1.0,0.0,,,0.0,,,0.0,,,2.4152866645690076e-19,0.9811045764611854,1.0,2.7755575615628915e-18,0.7488684500235265,1.0,0.0,,,-0.1444327883744855,0.022192822153107007,1.0,-0.33034753915414716,0.04102022008858146,1.0,-0.0010183999999999985,0.8285639053211047,1.0,0.0010183999999999985,0.8285639053211047,1.0,0.0,,,0.0,,,0.0,,,0.0,,,-0.5606081485748291,0.025083953859036272,0.5769309387578343
l1tcl_gold_dim_sweep,db50acc9fbc0,AnchorOnly,OracleTargetTreated,50,50,5000,10,,0.38093860986640454,0.04142601806027076,0.39261633898979936,5,-0.04745468778944291,0.12078311634193772,-0.06350129732220279,5,0.07765854288243713,0.08676130258791125,0.06147264940053143,5,0.019545312210557074,0.12078311634193774,0.003498702677797186,5,,,,0,,,,0,0.0,0.0,0.0,5,,,,0,,,,0,,,,0,-0.06699999999999999,0.0,-0.06699999999999999,5,-0.06699999999999999,0.0,-0.06699999999999999,5,-2.930635489734396e-18,2.152869137988839e-17,2.0153436308788115e-18,5,-0.06700000000000025,9.813077866773595e-18,-0.06700000000000025,5,1.0,0.0,1.0,5,0.29815512765926344,0.02921926556300972,0.3062538519209742,5,0.7622614541632806,0.13851941110880306,0.7294910202746419,5,-0.20896169356883215,0.4428202421544339,-0.28480288714186414,5,0.030565400000000038,0.008474559829277268,0.029613999999999994,5,-0.19179629356883213,0.4489606402677124,-0.27743288714186415,5,-2.0816681711721685e-17,5.0515910130503314e-17,0.0,5,0.019616138150981177,0.011974301577366486,0.02008145857005976,5,0.0,0.0,0.0,5,,,,0,,,,0,9.43065848350525,0.2072311788248414,9.504717111587524,5,-0.36193687251824713,0.08186520604768445,1.0,-0.43669733752732875,0.22182471895270284,1.0,-0.5290701086717948,0.0580046157987296,1.0,-0.43669733752732875,0.22182471895270284,1.0,0.0,,,0.0,,,0.0,,,-1.0073887650855497e-17,0.4852203735870958,1.0,-1.3877787807814457e-17,0.08900934250008564,1.0,0.0,,,-0.3602880374189029,0.07604399557668101,1.0,-0.4831028684227948,0.09464808562161874,1.0,0.014136999999999993,0.39375411655617026,1.0,-0.014136999999999992,0.3937541165561703,1.0,2.2204460492503132e-17,0.373900966300059,1.0,-2.2204460492503132e-17,0.373900966300059,1.0,0.019616138150981177,0.021521527014431344,0.48841692906482786,0.0,,,1.8989376068115233,0.0016988845461680861,0.0866431118545724
l1tcl_gold_dim_sweep,db50acc9fbc0,AnchorPlugin,FeasibleRestricted,50,50,5000,10,,0.4546513252018743,0.1854591825855767,0.5248277001376205,5,0.14071714421810627,0.28810866671169144,0.33235421406638427,5,0.2931295731315119,0.17185294740480145,0.39935421406638427,5,0.20771714421810622,0.28810866671169144,0.39935421406638427,5,,,,0,,,,0,0.0,0.0,0.0,5,,,,0,,,,0,,,,0,-0.06699999999999999,0.0,-0.06699999999999999,5,-0.06699999999999999,0.0,-0.06699999999999999,5,-7.338065237199921e-18,1.973976040779425e-17,-1.428534276408002e-17,5,-0.06700000000000024,1.6996749443881478e-17,-0.06700000000000025,5,1.0,0.0,1.0,5,0.37466341710007284,0.15398409851942385,0.45082027809319325,5,0.8786672010875455,0.36131872527972336,0.9478987117465351,5,-0.2169212935688321,0.46698774720492353,-0.3168958871418641,5,0.03852500000000002,0.02198350557804647,0.05038399999999987,5,-0.19179629356883213,0.4489606402677123,-0.27743288714186415,5,1.3877787807814458e-18,3.103167691559092e-18,0.0,5,0.13380742086000924,0.07071969671327118,0.13198890409585587,5,9.0,5.958187643906492,11.0,5,,,,0,,,,0,6.963158130645752,0.5459409150478475,7.159113883972168,5,-0.2882241571827774,0.01859683817451107,1.0,-0.24852550551977962,0.14996104978559696,1.0,-0.31359907842272006,0.03702268745936462,1.0,-0.24852550551977962,0.14996104978559704,1.0,0.0,,,0.0,,,0.0,,,-1.4481317398321025e-17,0.4206644798081583,1.0,-1.1102230246251566e-17,0.09930068321372677,1.0,0.0,,,-0.28377974797809347,0.023846349006350066,1.0,-0.3666971214985302,0.017278447130623816,1.0,0.006177400000000014,0.0989786821642191,1.0,-0.006177400000000014,0.0989786821642191,1.0,0.0,,,0.0,,,0.13380742086000924,0.013361254967666072,0.4651413266865582,9.0,0.027846157260103695,0.6208358442576332,-0.5685627460479736,0.0582023929815376,0.9312382877046016
l1tcl_gold_dim_sweep,db50acc9fbc0,DRLearner_PooledNoSite,OracleTargetTreated,50,50,5000,10,,0.10981366725487536,0.0179497328709479,0.10129314558226313,5,-0.11193347722931342,0.03513676896371681,-0.11990077935456023,5,0.045876531961036957,0.03357892228975034,0.05290077935456025,5,-0.04493347722931343,0.03513676896371681,-0.05290077935456025,5,,,,0,,,,0,0.0,0.0,0.0,5,,,,0,,,,0,,,,0,-0.06699999999999999,0.0,-0.06699999999999999,5,-0.06699999999999999,0.0,-0.06699999999999999,5,3.774232081827145e-17,5.792379724334287e-17,2.3552475533589772e-17,5,-0.06700000000000024,9.813077866773595e-18,-0.06700000000000024,5,1.0,0.0,1.0,5,0.08818992648182272,0.01612146874078217,0.08126771735974973,5,0.21637797496820851,0.03622082264468595,0.20825160422498934,5,-0.1876288935688321,0.44862103723953156,-0.27622688714186416,5,0.009232600000000004,0.004706338683095414,0.006700000000000039,5,-0.19179629356883213,0.4489606402677123,-0.2774328871418641,5,-1.0061396160665481e-17,2.5506924733066374e-17,0.0,5,,,,0,,,,0,,,,0,,,,0,0.9378579139709473,0.40606651023894286,0.8038144111633301,5,-0.6330618151297763,0.014615969717264853,1.0,-0.5011761269671993,0.13788086490556095,1.0,-0.560852119593195,0.03463621506997612,1.0,-0.5011761269671993,0.13788086490556095,1.0,0.0,,,0.0,,,0.0,,,3.0599068657150346e-17,0.4208546600374666,1.0,0.0,1.0,1.0,0.0,,,-0.5702532385963437,0.017912162679609798,1.0,-1.0289863476178671,0.009216490988788338,0.7873070644466209,0.035469800000000024,0.05764651355323608,1.0,-0.035469800000000024,0.05764651355323608,1.0,1.1449174941446926e-17,0.3575286209228909,1.0,-1.1449174941446926e-17,0.3575286209228909,1.0,,,,,,,-6.5938629627227785,1.1869990721859236e-05,0.0017149141299129724
l1tcl_gold_dim_sweep,db50acc9fbc0,DRLearner_PooledWithSite,OracleTargetTreated,50,50,5000,10,,0.11017275292541917,0.019636303513642855,0.10048747919256185,5,-0.11180346098477856,0.036091143162441726,-0.11390541374033313,5,0.04596678851392952,0.03421368442867095,0.04690541374033315,5,-0.04480346098477857,0.036091143162441726,-0.04690541374033315,5,,,,0,,,,0,0.0,0.0,0.0,5,,,,0,,,,0,,,,0,-0.06699999999999999,0.0,-0.06699999999999999,5,-0.06699999999999999,0.0,-0.06699999999999999,5,3.549284588594266e-17,5.562456932122546e-17,2.094354783183593e-17,5,-0.06700000000000024,2.6874220530932865e-17,-0.06700000000000024,5,1.0,0.0,1.0,5,0.08857051284625725,0.017660679533406855,0.07959154994200533,5,0.21696131866961607,0.038399251740080756,0.2021800604340679,5,-0.18784329356883211,0.44901461475077553,-0.27589188714186413,5,0.009447000000000021,0.004610359530448796,0.007370000000000099,5,-0.19179629356883213,0.4489606402677124,-0.27743288714186415,5,-9.714451465470119e-18,2.5776846797341144e-17,0.0,5,,,,0,,,,0,,,,0,,,,0,2.3767180919647215,0.5105309742315836,2.2302491664886475,5,-0.6327027294592326,0.014953343543471562,1.0,-0.5010461107226645,0.1367707025245378,1.0,-0.5607618630403024,0.03558068999467266,1.0,-0.5010461107226645,0.1367707025245378,1.0,0.0,,,0.0,,,0.0,,,2.834959372482156e-17,0.4479250818452466,1.0,-2.7755575615628915e-18,0.7780495489000209,1.0,0.0,,,-0.569872652231909,0.01829306930713112,1.0,-1.0284030039164596,0.009502816690067742,0.7887337852756225,0.035255400000000006,0.057543364273351355,1.0,-0.035255400000000006,0.05754336427335137,1.0,1.1102230246251566e-17,0.373900966300059,1.0,-1.1102230246251566e-17,0.373900966300059,1.0,,,,,,,-5.155002784729004,6.287294988946932e-05,0.007293262187178441
l1tcl_gold_dim_sweep,db50acc9fbc0,EntropyBalancing,FeasibleRestricted,50,50,5000,10,,1.406342382914524,0.7130064349605003,1.031562136928241,5,-0.15656256249522124,1.3370905034709486,0.05726574258140949,5,0.8099946490528682,0.9887991028794644,0.19824608391927037,5,-0.08956256249522124,1.3370905034709484,0.12426574258140946,5,,,,0,,,,0,0.0,0.0,0.0,5,,,,0,,,,0,,,,0,-0.06699999999999999,0.0,-0.06699999999999999,5,-0.06699999999999999,0.0,-0.06699999999999999,5,-8.601228377848189e-20,1.0277494013055088e-17,-1.620934586859149e-18,5,-0.06700000000000025,1.5515838457795457e-17,-0.06700000000000025,5,1.0,0.0,1.0,5,1.1902512822690823,0.6764704334048542,0.8092735984073398,5,2.5168505280186935,1.1551214863027635,1.9040330074031928,5,-0.2120972935688321,0.4654485107743833,-0.2988058871418641,5,0.033700999999999995,0.02187921905599008,0.034773000000000054,5,-0.19179629356883213,0.4489606402677124,-0.27743288714186415,5,-9.020562075079397e-18,2.6376925378252273e-17,0.0,5,,,,0,,,,0,,,,0,,,,0,4.173640394210816,0.940368543441001,3.7676639556884766,5,0.6634669005298722,0.16026666812347673,1.0,-0.5458052122331072,0.32826818320275825,1.0,0.20326599749863633,0.724718649548665,1.0,-0.5458052122331071,0.32826818320275825,1.0,0.0,,,0.0,,,0.0,,,-7.229264444899584e-18,0.667123178337639,1.0,-5.551115123125783e-18,0.47662066727284136,1.0,0.0,,,0.5318081171909157,0.22307553145951686,1.0,1.2714862054326175,0.10462405275609474,1.0,0.011001400000000031,0.4012520241495534,1.0,-0.011001400000000031,0.4012520241495534,1.0,1.0408340855860843e-17,0.4089650038544071,1.0,-1.0408340855860843e-17,0.4089650038544071,1.0,,,,,,,-3.3580804824829102,0.002716672349510027,0.09714522833921767
l1tcl_gold_dim_sweep,db50acc9fbc0,IPWTransport,FeasibleRestricted,50,50,5000,10,,0.17182873650833203,0.03753351087922333,0.1666201508483685,5,-0.08322796203989985,0.15473260195366828,-0.14399705719929995,5,0.13381518526409256,0.04345378911249995,0.12719597561120913,5,-0.01622796203989988,0.15473260195366828,-0.07699705719929997,5,,,,0,,,,0,0.0,0.0,0.0,5,,,,0,,,,0,,,,0,-0.06699999999999999,0.0,-0.06699999999999999,5,-0.06699999999999999,0.0,-0.06699999999999999,5,3.8177081135787665e-17,7.728994238747474e-17,2.284600694978217e-17,5,-0.06700000000000024,1.6996749443881478e-17,-0.06700000000000024,5,1.0,0.0,1.0,5,0.1455824591093685,0.03503532399279568,0.14133467001619085,5,0.3183425897626463,0.05445550103585923,0.30658345888208244,5,-0.20011769356883216,0.45539558356431903,-0.26597588714186415,5,0.021721400000000033,0.02651902826839623,0.005226000000000064,5,-0.19179629356883213,0.4489606402677123,-0.2774328871418641,5,-9.020562075079397e-18,2.6376925378252276e-17,0.0,5,,,,0,,,,0,,,,0,,,,0,2.2110214710235594,0.4389285245789379,2.438666820526123,5,-0.5710467458763195,0.022237712443621306,1.0,-0.4724706117777857,0.15625607402134353,1.0,-0.4729134662901394,0.06500817262283237,1.0,-0.4724706117777857,0.15625607402134353,1.0,0.0,,,0.0,,,0.0,,,3.103382897466657e-17,0.5108445321501125,1.0,0.0,1.0,1.0,0.0,,,-0.5128607059687977,0.027724460016500186,1.0,-0.9270217328234291,0.013974424523312155,0.9644121026552601,0.022980999999999994,0.2870544181177616,1.0,-0.022980999999999994,0.2870544181177616,1.0,1.0408340855860843e-17,0.4089650038544071,1.0,-1.0408340855860843e-17,0.4089650038544071,1.0,,,,,,,-5.320699405670166,0.00011966775482034274,0.012206110991674958
l1tcl_gold_dim_sweep,db50acc9fbc0,OutcomeModelTransport,FeasibleRestricted,50,50,5000,10,,0.1318176267803483,0.03789105487368998,0.11466865881786494,5,-0.1280590674531444,0.0815119004352094,-0.12825716194556078,5,0.0853945933713621,0.046788420993272344,0.0612571619455608,5,-0.06105906745314442,0.08151190043520938,-0.0612571619455608,5,,,,0,,,,0,0.0,0.0,0.0,5,,,,0,,,,0,,,,0,-0.06699999999999999,0.0,-0.06699999999999999,5,-0.06699999999999999,0.0,-0.06699999999999999,5,4.2551920728238876e-17,8.123573878472076e-17,1.9430448770069224e-17,5,-0.06700000000000024,1.3877787807814457e-17,-0.06700000000000023,5,1.0,0.0,1.0,5,0.10888941269582897,0.03519134527361248,0.0928574390640114,5,0.2551935860972617,0.056617529318536794,0.23569258284927103,5,-0.18852669356883206,0.4477724098959801,-0.2705988871418641,5,0.010130399999999979,0.013184061089057507,0.006566000000000016,5,-0.19179629356883207,0.4489606402677123,-0.2774328871418641,5,-4.267419750902946e-17,4.8627984328398326e-17,-5.551115123125783e-17,5,,,,0,,,,0,,,,0,,,,0,0.22888216972351075,0.08886153548409426,0.2227339744567871,5,-0.6110578556043034,0.01929321836928145,1.0,-0.5173017171910302,0.13570628249952563,1.0,-0.5213340581828698,0.052068655742855796,1.0,-0.5173017171910302,0.13570628249952563,1.0,0.0,,,0.0,,,0.0,,,3.540866856711778e-17,0.4694699457249255,1.0,5.551115123125783e-18,0.373900966300059,1.0,0.0,,,-0.5495537523823374,0.02360452858353087,1.0,-0.9901707364888139,0.01263753880653065,0.9644121026552601,0.03457200000000005,0.10736366994803163,1.0,-0.03457200000000005,0.10736366994803163,1.0,4.40619762898109e-17,0.10337206972489339,1.0,-4.40619762898109e-17,0.10337206972489339,1.0,,,,,,,-7.302838706970215,9.426064578335347e-06,0.0013856314930152961
l1tcl_gold_dim_sweep,db50acc9fbc0,ProposedA_FullyDirect,OracleTargetTreated,50,50,5000,10,,0.3654555909075723,0.04728303211231108,0.38599075171784164,5,-0.0700079886671239,0.16208044874982458,-0.10045851290763479,5,0.11984106809220899,0.09126351877869716,0.0813463482778823,5,-0.0030079886671239204,0.16208044874982458,-0.03345851290763481,5,,,,0,,,,0,0.0,0.0,0.0,5,,,,0,,,,0,,,,0,-0.06699999999999999,0.0,-0.06699999999999999,5,-0.06699999999999999,0.0,-0.06699999999999999,5,6.2250494802469955e-18,2.788702537444709e-17,7.416455239283406e-18,5,-0.06700000000000023,2.0816681711721685e-17,-0.06700000000000023,5,1.0,0.0,1.0,5,0.29098669619714546,0.036483641219794555,0.3124114183610807,5,0.7198632153838327,0.126780956688699,0.7211807505925565,5,-0.20633529356883212,0.4444981378691494,-0.28808588714186417,5,0.02793900000000001,0.011572492449770697,0.02465600000000001,5,-0.19179629356883213,0.4489606402677123,-0.27743288714186415,5,1.734723475976807e-18,3.878959614448864e-18,0.0,5,0.0,0.0,0.0,5,0.0,0.0,0.0,5,,,,0,,,,0,8.752355718612671,0.34759321176584457,8.83828854560852,5,-0.3774198914770794,0.0834646335029587,1.0,-0.45925063840500985,0.15885069546954778,1.0,-0.486887583462023,0.08647499017586215,1.0,-0.4592506384050097,0.15885069546954786,1.0,0.0,,,0.0,,,0.0,,,-9.18202680874106e-19,0.9421581650727302,1.0,1.6653345369377347e-17,0.10870095132492358,1.0,0.0,,,-0.3674564688810209,0.07560260300254613,1.0,-0.5255011072022429,0.11324454791651792,1.0,0.01676340000000002,0.2627258517361914,1.0,-0.01676340000000002,0.2627258517361914,1.0,-3.4694469519536144e-19,0.373900966300059,1.0,3.4694469519536144e-19,0.373900966300059,1.0,0.0,,,0.0,,,1.2206348419189452,0.009696513084406288,0.27150236636337605
l1tcl_gold_dim_sweep,db50acc9fbc0,ProposedB_LinearStepB,OracleTargetTreated,50,50,5000,10,,0.3571469936518631,0.03324684858228083,0.357814914477811,5,-0.0565337921936806,0.11980474946573268,-0.06363394304780617,5,0.07638113596951124,0.08483812504919057,0.0645918752625948,5,0.010466207806319374,0.11980474946573268,0.003366056952193802,5,,,,0,,,,0,0.0,0.0,0.0,5,,,,0,,,,0,,,,0,-0.06699999999999999,0.0,-0.06699999999999999,5,-0.06699999999999999,0.0,-0.06699999999999999,5,-4.8330567057602475e-18,2.248874114398899e-17,-7.371473229327317e-18,5,-0.06700000000000024,1.3877787807814457e-17,-0.06700000000000024,5,1.0,0.0,1.0,5,0.2823881378511407,0.030750804280357657,0.2787503851660727,5,0.6926565189246932,0.0713557843416189,0.7117487043926486,5,-0.20703209356883212,0.4410986388250684,-0.2839318871418641,5,0.028635800000000006,0.00927418927454039,0.02700099999999994,5,-0.19179629356883213,0.4489606402677123,-0.27743288714186415,5,-2.0816681711721685e-17,5.0515910130503314e-17,0.0,5,0.14808398902668687,0.07484228838140129,0.11004580437328348,5,12.8,11.987493482792805,17.0,5,1.4719032061949568,0.06907990600647203,1.4799504426400782,5,10.0,0.0,10.0,5,42.37006678581238,11.305178228903946,47.56870150566101,5,-0.3857284887327886,0.077630586102581,1.0,-0.4457764419315665,0.2152461065963042,1.0,-0.5303475155847207,0.056504393600268855,1.0,-0.4457764419315665,0.21524610659630408,1.0,0.0,,,0.0,,,0.0,,,-1.1976308866881348e-17,0.412872260779789,1.0,0.0,1.0,1.0,0.0,,,-0.37605502722702566,0.07388590053444831,1.0,-0.5527078036613824,0.08436600114646033,1.0,0.01606660000000002,0.3560790160565798,1.0,-0.01606660000000002,0.3560790160565798,1.0,2.2204460492503132e-17,0.373900966300059,1.0,-2.2204460492503132e-17,0.373900966300059,1.0,0.14808398902668687,0.011472437202136365,0.4359526136811819,12.8,0.0753617519361397,1.0,34.83834590911865,0.0024286307084804416,0.09714522833921767
l1tcl_gold_dim_sweep,db50acc9fbc0,ProposedB_SourceDR,FeasibleRestricted,50,50,5000,10,,0.06789354445936395,0.01175549820899131,0.06469966833989099,5,-0.08203565411948929,0.006568571564581164,-0.0803121632709107,5,0.015035654119489313,0.006568571564581165,0.013312163270910726,5,-0.015035654119489313,0.006568571564581165,-0.013312163270910726,5,,,,0,,,,0,0.0,0.0,0.0,5,,,,0,,,,0,,,,0,-0.06699999999999999,0.0,-0.06699999999999999,5,-0.06699999999999999,0.0,-0.06699999999999999,5,1.8808573169965825e-17,1.0432208754021247e-16,1.099906711568967e-17,5,-0.06700000000000025,2.0816681711721685e-17,-0.06700000000000024,5,1.0,0.0,1.0,5,0.04904899570909787,0.005476504280088222,0.04769054077154124,5,0.13034958279093695,0.018500342904329944,0.1239869484721756,5,-0.1837160935688321,0.4491926095953672,-0.2680528871418641,5,0.005319799999999981,0.001534870417983201,0.006096999999999908,5,-0.19179629356883213,0.4489606402677123,-0.27743288714186415,5,1.3877787807814458e-18,3.103167691559092e-18,0.0,5,0.10341250578961954,0.04930480865739869,0.08551759245549724,5,9.8,5.630275304103699,11.0,5,1.4719032061949568,0.06907990600647214,1.479950442640078,5,10.0,0.0,10.0,5,62.264974212646486,16.32210336203619,60.160924673080444,5,-0.6749819379252877,0.010549965824523071,1.0,-0.47127830385737524,0.14983106850909517,1.0,-0.5916929974347427,0.0296325266685974,1.0,-0.4712783038573751,0.14983106850909525,1.0,0.0,,,0.0,,,0.0,,,1.1665321008844728e-17,0.8438198511099412,1.0,0.0,1.0,1.0,0.0,,,-0.6093941693690684,0.01326733256997732,1.0,-1.1150147397951387,0.00611275759900676,0.6479523054947165,0.039382600000000045,0.031186159056523787,1.0,-0.039382600000000045,0.031186159056523787,1.0,0.0,,,0.0,,,0.10341250578961954,0.009378050179944622,0.3904254440610127,9.8,0.017659506034944716,0.4414876508736179,54.73325333595276,0.001706097133687586,0.0866431118545724
l1tcl_gold_dim_sweep,db50acc9fbc0,ProxyOnly,FeasibleRestricted,50,50,5000,10,,0.7428754823846517,0.3370615002541105,0.856739924551666,5,0.3892426497378859,0.5972332537910101,0.6891700375919154,5,0.606728651554232,0.3958973136592181,0.7561700375919154,5,0.45624264973788586,0.5972332537910101,0.7561700375919154,5,,,,0,,,,0,0.0,0.0,0.0,5,,,,0,,,,0,,,,0,-0.06699999999999999,0.0,-0.06699999999999999,5,-0.06699999999999999,0.0,-0.06699999999999999,5,7.1432521611211e-18,2.835838242395827e-17,1.1097274808873797e-17,5,-0.06700000000000024,1.3877787807814457e-17,-0.06700000000000024,5,1.0,0.0,1.0,5,0.6584431650781664,0.3233715082897445,0.7582177091022533,5,1.2453643225860755,0.48168400725096405,1.3757602218555967,5,-0.2230986935688321,0.47146931242859885,-0.3269458871418641,5,0.04470240000000003,0.027662944226889526,0.06291300000000005,5,-0.19179629356883213,0.4489606402677123,-0.27743288714186415,5,1.3877787807814458e-18,3.103167691559092e-18,0.0,5,0.0,0.0,0.0,5,0.0,0.0,0.0,5,,,,0,,,,0,7.531720876693726,0.6077262866876064,7.303088188171387,5,,,,,,,,,,,,,,,,,,,,,,,,,,,,,,,,,,,,,,,,,,,,,,,,,,,,,,,,,
l1tcl_gold_dim_sweep,db50acc9fbc0,TargetOnlyDR,OracleTargetTreated,50,50,5000,10,,0.4429722535758341,0.12707889749913784,0.42218315154597963,5,0.003749105801420849,0.14810070545117643,-0.08054533708411855,5,0.10690453577217558,0.11791899426696047,0.05595804863834011,5,0.07074910580142083,0.14810070545117643,-0.013545337084118578,5,,,,0,,,,0,0.0,0.0,0.0,5,,,,0,,,,0,,,,0,-0.06699999999999999,0.0,-0.06699999999999999,5,-0.06699999999999999,0.0,-0.06699999999999999,5,-1.0953881749363459e-18,2.3114250562874094e-17,-8.069599702766952e-18,5,-0.06700000000000024,2.3013707539344673e-17,-0.06700000000000025,5,1.0,0.0,1.0,5,0.33470026722621393,0.0660049484438354,0.32871599454764544,5,0.9131937728786204,0.3739568494860826,0.8351214741055063,5,-0.2137588935688321,0.44142515396302157,-0.29076588714186413,5,0.03536260000000001,0.010315541590241348,0.03356699999999999,5,-0.19179629356883213,0.4489606402677123,-0.2774328871418641,5,-1.0408340855860843e-17,2.5257955065251657e-17,0.0,5,0.0,0.0,0.0,5,0.0,0.0,0.0,5,,,,0,,,,0,5.721766805648803,0.3342478494780967,5.681416988372803,5,-0.2999032288088176,0.1957004728960738,1.0,-0.38549354393646507,0.25831666948140214,1.0,-0.4998241157820564,0.07185866658257954,1.0,-0.38549354393646496,0.25831666948140214,1.0,0.0,,,0.0,,,0.0,,,-8.238640336057446e-18,0.39621418040559836,1.0,-8.326672684688674e-18,0.5291333003818577,1.0,0.0,,,-0.3237428978519524,0.1264977318995603,1.0,-0.3321705497074551,0.3818844947871228,1.0,0.009339800000000021,0.5711101684711306,1.0,-0.00933980000000002,0.5711101684711306,1.0,1.1796119636642288e-17,0.34197018298736226,1.0,-1.1796119636642288e-17,0.34197018298736226,1.0,0.0,,,0.0,,,-1.8099540710449218,0.0010497908111882614,0.0598380762377309
l1tcl_gold_dim_sweep,ffb7016ba857,AnchorOnly,OracleTargetTreated,200,200,5000,10,,0.2020331773609767,0.06166117561545286,0.19177562264164202,5,-0.066464580497519,0.04306736062262756,-0.08370984710025715,5,0.02975178905698326,0.027362286151562006,0.01878635061470947,5,0.0005354195024809799,0.04306736062262756,-0.016709847100257177,5,,,,0,,,,0,0.0,0.0,0.0,5,,,,0,,,,0,,,,0,-0.06699999999999999,0.0,-0.06699999999999999,5,-0.06699999999999999,0.0,-0.06699999999999999,5,-1.8642122953013013e-17,2.959777604220049e-17,-2.3883718948060126e-17,5,-0.06700000000000023,1.3877787807814457e-17,-0.06700000000000024,5,1.0,0.0,1.0,5,0.1578836595019795,0.05879430080527385,0.134224682084986,5,0.3615063841747228,0.07980059052907944,0.3455696242601881,5,0.10503704118726793,0.1425084137664628,0.040232654870427396,5,0.022847,0.008345602404859698,0.019899000000000056,5,0.11448404118726796,0.1392662412551234,0.047066654870427396,5,6.245004513516506e-18,7.110250420355457e-18,3.469446951953614e-18,5,0.010788311898932786,0.006336776679519312,0.009202654032439585,5,2.8,2.4899799195977463,1.0,5,,,,0,,,,0,18.10619945526123,4.06297233912161,16.368826150894165,5,-0.2389859216065462,0.016578516373017223,1.0,0.14297447120563828,0.29698947420509714,1.0,-0.22589730248685633,0.03825687248331024,1.0,0.14297447120563828,0.29698947420509725,1.0,0.0,,,0.0,,,0.0,,,-1.6625052294728158e-17,0.48322141388670337,1.0,8.326672684688674e-18,0.4676047546093973,1.0,0.0,,,-0.2042346168519281,0.021978934993353013,1.0,-0.48389875387595804,0.006415220316924444,0.6735981332770666,-0.004475600000000006,0.5764418322166664,1.0,0.004475600000000006,0.5764418322166664,1.0,1.3877787807814458e-18,0.47662066727284136,1.0,-1.3877787807814458e-18,0.47662066727284136,1.0,0.010788311898932786,0.018990849403072028,0.48841692906482786,2.8,0.06574284815086909,1.0,8.476968669891358,0.0013234654899346842,0.07279060194640763
l1tcl_gold_dim_sweep,ffb7016ba857,AnchorPlugin,FeasibleRestricted,200,200,5000,10,,0.2934566382900391,0.054771823896727835,0.27948795948456284,5,-0.1672487441527575,0.15502931443592005,-0.18368056942356625,5,0.16374947745978233,0.05548862499907494,0.15875183326756198,5,-0.1002487441527575,0.15502931443592002,-0.11668056942356628,5,,,,0,,,,0,0.0,0.0,0.0,5,,,,0,,,,0,,,,0,-0.06699999999999999,0.0,-0.06699999999999999,5,-0.06699999999999999,0.0,-0.06699999999999999,5,1.0014740120779383e-17,1.547408147270036e-17,1.51605166063983e-17,5,-0.06700000000000024,1.6996749443881478e-17,-0.06700000000000024,5,1.0,0.0,1.0,5,0.2365297593339169,0.045151404553157526,0.21986289963558994,5,0.5774245779124749,0.10173108908100507,0.5418196314006984,5,0.10994144118726792,0.14627097438708206,0.027161094365615413,5,0.017942600000000006,0.014694354096046554,0.014137000000000002,5,0.11448404118726796,0.1392662412551234,0.0470666548704274,5,4.163336342344337e-18,3.800588715305074e-18,6.938893903907228e-18,5,0.0381526664945039,0.019041663203660956,0.02875398424678231,5,11.0,3.082207001484488,11.0,5,,,,0,,,,0,7.900587177276611,1.2574345703645529,7.530349493026733,5,-0.1475624606774839,0.008228317151885198,0.8804299352517162,0.042190307550399785,0.5245055421957738,1.0,-0.09189961408405727,0.10930604931394543,1.0,0.042190307550399805,0.5245055421957734,1.0,0.0,,,0.0,,,0.0,,,1.2031810779064244e-17,0.31285188335658715,1.0,5.551115123125783e-18,0.5870496397870563,1.0,0.0,,,-0.1255885170199907,0.009681038826429752,1.0,-0.267980560138206,0.006461290643061495,0.6735981332770666,0.00042879999999999064,0.900210743560439,1.0,-0.0004287999999999903,0.9002107435604392,1.0,3.469446951953614e-18,0.26626462796630995,1.0,-3.469446951953614e-18,0.26626462796630995,1.0,0.0381526664945039,0.010987500878767693,0.42851253427194,11.0,0.0013364076149437517,0.05078348936786256,-1.7286436080932617,0.09368603467772134,1.0
l1tcl_gold_dim_sweep,ffb7016ba857,DRLearner_PooledNoSite,OracleTargetTreated,200,200,5000,10,,0.06843508148480074,0.01873721248195666,0.06636571902770963,5,-0.08681060818591894,0.04149191262604515,-0.06465543014930229,5,0.027662217808020167,0.03543523940464391,0.010174801575446514,5,-0.019810608185918954,0.04149191262604515,0.0023445698506976836,5,,,,0,,,,0,0.0,0.0,0.0,5,,,,0,,,,0,,,,0,-0.06699999999999999,0.0,-0.06699999999999999,5,-0.06699999999999999,0.0,-0.06699999999999999,5,-2.151093652337179e-17,8.671581341983349e-17,-2.718795255721405e-17,5,-0.06700000000000024,1.8358587643600646e-17,-0.06700000000000023,5,1.0,0.0,1.0,5,0.05664441982591155,0.018796222987828418,0.05328339996910935,5,0.12496678921276924,0.02682403133171769,0.1268918090901304,5,0.12117064118726795,0.14344560385162072,0.0509526548704274,5,0.0067134000000000195,0.005006742833419732,0.008307999999999998,5,0.11448404118726796,0.1392662412551234,0.047066654870427396,5,5.551115123125783e-18,6.302563375562894e-18,3.469446951953614e-18,5,,,,0,,,,0,,,,0,,,,0,0.6848334789276123,0.1901156348511094,0.6625165939331055,5,-0.37258401748272224,0.0014467781555150441,0.24016517381549732,0.12262844351723834,0.3456091790228517,1.0,-0.22798687373581936,0.018511800453484408,1.0,0.12262844351723837,0.3456091790228517,1.0,0.0,,,0.0,,,0.0,,,-1.9493865865086933e-17,0.6748276224838479,1.0,1.3877787807814457e-17,0.18900365845517536,1.0,0.0,,,-0.305473856527996,0.0019129146841446927,0.31754383756801896,-0.7204383488379115,0.0006894022063892429,0.11788777729256054,0.011657999999999977,0.14510521545600552,1.0,-0.011657999999999977,0.14510521545600552,1.0,2.0816681711721684e-18,0.20799999999999982,1.0,-2.0816681711721684e-18,0.20799999999999982,1.0,,,,,,,-8.94439730644226,0.00042391191184095904,0.03094556956439001
l1tcl_gold_dim_sweep,ffb7016ba857,DRLearner_PooledWithSite,OracleTargetTreated,200,200,5000,10,,0.06844016705485748,0.01880288209217524,0.066679391647525,5,-0.0873011531591141,0.04079709317013414,-0.06516080270438365,5,0.026979453517773488,0.03563299307485609,0.007689317325581813,5,-0.020301153159114124,0.04079709317013414,0.0018391972956163238,5,,,,0,,,,0,0.0,0.0,0.0,5,,,,0,,,,0,,,,0,-0.06699999999999999,0.0,-0.06699999999999999,5,-0.06699999999999999,0.0,-0.06699999999999999,5,-1.9799296593709685e-17,8.719871538607144e-17,-2.917247919396675e-17,5,-0.06700000000000024,1.3877787807814457e-17,-0.06700000000000025,5,1.0,0.0,1.0,5,0.056569897201556786,0.01874949110821327,0.053654567454475395,5,0.12475741954191957,0.02767664009899939,0.12728604555306927,5,0.12131804118726792,0.14333865789814976,0.05068465487042739,5,0.0065660000000000145,0.004922790519613839,0.007838999999999997,5,0.11448404118726796,0.1392662412551234,0.047066654870427396,5,1.0408340855860843e-17,1.0971354589302191e-17,6.938893903907228e-18,5,,,,0,,,,0,,,,0,,,,0,1.5558778762817382,0.4354563010844007,1.629042625427246,5,-0.37257893191266545,0.0014327374889604421,0.23926716065639383,0.12213789854404318,0.3467056268797825,1.0,-0.22866963802606607,0.018110259710168844,1.0,0.12213789854404318,0.3467056268797825,1.0,0.0,,,0.0,,,0.0,,,-1.7782225935424827e-17,0.7018138377392953,1.0,0.0,1.0,1.0,0.0,,,-0.30554837915235084,0.0018868305487547746,0.31510070164204734,-0.7206477185087612,0.0006738110487873605,0.115895500391426,0.011805399999999983,0.1370144100546606,1.0,-0.011805399999999983,0.1370144100546606,1.0,-2.7755575615628915e-18,0.6841735724143465,1.0,2.7755575615628915e-18,0.6841735724143465,1.0,,,,,,,-8.073352909088134,0.0004942384660777394,0.03410245415936402
l1tcl_gold_dim_sweep,ffb7016ba857,EntropyBalancing,FeasibleRestricted,200,200,5000,10,,0.5338844511997303,0.14628014421954985,0.4832255921892707,5,-0.3542210410822424,0.23053978781788717,-0.38103248660396916,5,0.2907131261733574,0.22500188811589433,0.3140324866039692,5,-0.2872210410822424,0.23053978781788717,-0.3140324866039692,5,,,,0,,,,0,0.0,0.0,0.0,5,,,,0,,,,0,,,,0,-0.06699999999999999,0.0,-0.06699999999999999,5,-0.06699999999999999,0.0,-0.06699999999999999,5,1.0096963016245936e-17,3.660832557947559e-18,9.904082326950413e-18,5,-0.06700000000000025,1.962615573354719e-17,-0.06700000000000025,5,1.0,0.0,1.0,5,0.43750916862308226,0.13310251329122177,0.3936110926347268,5,1.0267117072071268,0.27242666962147793,0.9676610419784408,5,0.11295644118726796,0.13888851544473035,0.049076654870427394,5,0.014927600000000013,0.009568857340351572,0.011390000000000011,5,0.11448404118726793,0.1392662412551234,0.047066654870427396,5,1.1796119636642288e-17,1.086108692045682e-17,1.3877787807814457e-17,5,,,,0,,,,0,,,,0,,,,0,4.242638874053955,0.5151922135213345,4.3291709423065186,5,0.0928653522322074,0.38945149423077086,1.0,-0.1447819893790851,0.4485632951206882,1.0,0.035064034629517814,0.7723443492407348,1.0,-0.14478198937908512,0.4485632951206882,1.0,0.0,,,0.0,,,0.0,,,1.2114033674530796e-17,0.16606713443836119,1.0,-8.326672684688674e-18,0.5913196318668537,1.0,0.0,,,0.07539089226917473,0.4434545163917134,1.0,0.181306569156446,0.30510474708046154,1.0,0.003443799999999985,0.690103408902324,1.0,-0.003443799999999985,0.690103408902324,1.0,-4.163336342344337e-18,0.5354236012013746,1.0,4.163336342344337e-18,0.5354236012013746,1.0,,,,,,,-5.386591911315918,0.0017337865161798608,0.0866431118545724
l1tcl_gold_dim_sweep,ffb7016ba857,IPWTransport,FeasibleRestricted,200,200,5000,10,,0.3011404064921729,0.06633967166503031,0.2944790701234205,5,-0.214847059179687,0.09764351211376651,-0.21124292313428378,5,0.147847059179687,0.09764351211376651,0.1442429231342838,5,-0.147847059179687,0.09764351211376651,-0.1442429231342838,5,,,,0,,,,0,0.0,0.0,0.0,5,,,,0,,,,0,,,,0,-0.06699999999999999,0.0,-0.06699999999999999,5,-0.06699999999999999,0.0,-0.06699999999999999,5,9.239330002124075e-18,1.3955681085117958e-17,1.489132229500811e-17,5,-0.06700000000000023,1.5515838457795457e-17,-0.06700000000000023,5,1.0,0.0,1.0,5,0.24336522747994013,0.055264983997600776,0.23353198220961174,5,0.5846801610820035,0.12197598573573698,0.584806346598193,5,0.11488604118726793,0.1385178586128295,0.0547716548704274,5,0.012998000000000013,0.008623631398662637,0.00884399999999999,5,0.11448404118726796,0.13926624125512344,0.047066654870427396,5,-4.8572257327350596e-18,2.8985978303982285e-17,3.469446951953614e-18,5,,,,0,,,,0,,,,0,,,,0,1.323554277420044,0.2844223535922706,1.3455071449279785,5,-0.13987869247535,0.023741209698729986,1.0,-0.005408007476529697,0.9735197376349318,1.0,-0.10780203236415256,0.161620887042171,1.0,-0.005408007476529697,0.9735197376349318,1.0,0.0,,,0.0,,,0.0,,,1.1256400660408935e-17,0.3431525762881853,1.0,1.1102230246251566e-17,0.3739009663000589,1.0,0.0,,,-0.11875304887396745,0.03439705451038776,1.0,-0.26072497696867736,0.006665748857156753,0.6799063834299888,0.005373399999999984,0.5766970282509046,1.0,-0.005373399999999984,0.5766970282509046,1.0,1.2490009027033011e-17,0.31551917185071837,1.0,-1.2490009027033011e-17,0.31551917185071837,1.0,,,,,,,-8.30567650794983,0.00041608734706680557,0.030790463682943612
l1tcl_gold_dim_sweep,ffb7016ba857,OutcomeModelTransport,FeasibleRestricted,200,200,5000,10,,0.09705239231640066,0.03431129915088422,0.08778453982965699,5,-0.09869323107631564,0.08095739801230027,-0.1059111645918972,5,0.06288339106973571,0.053542276029846535,0.0521353884611539,5,-0.03169323107631565,0.08095739801230027,-0.038911164591897224,5,,,,0,,,,0,0.0,0.0,0.0,5,,,,0,,,,0,,,,0,-0.06699999999999999,0.0,-0.06699999999999999,5,-0.06699999999999999,0.0,-0.06699999999999999,5,-1.6446838558147404e-17,7.157677796571015e-17,-5.1996258830486236e-17,5,-0.06700000000000025,1.962615573354719e-17,-0.06700000000000024,5,1.0,0.0,1.0,5,0.08299276411070111,0.03600301451838164,0.07008001328326506,5,0.17428521959059934,0.04581925619385901,0.1704936734452632,5,0.11674864118726794,0.15088740333055653,0.0491436548704274,5,0.0111354,0.015237337917103501,0.005493999999999992,5,0.11448404118726796,0.1392662412551234,0.047066654870427396,5,6.245004513516506e-18,6.206335383118182e-18,6.938893903907228e-18,5,,,,0,,,,0,,,,0,,,,0,0.1584200382232666,0.07954353483591764,0.17673945426940918,5,-0.3439667066511222,0.003096145996778173,0.45203731552961324,0.11074582062684164,0.3941663595169379,1.0,-0.19276570047410385,0.042834654186219005,1.0,0.11074582062684164,0.3941663595169379,1.0,0.0,,,0.0,,,0.0,,,-1.4429767899862545e-17,0.6825518636369893,1.0,-2.7755575615628915e-18,0.8540797033781717,1.0,0.0,,,-0.2791255122432065,0.0043241929025785095,0.6486289353867765,-0.6711199184600815,0.001551476585270772,0.22341262827899117,0.007235999999999997,0.5289033586315063,1.0,-0.007235999999999997,0.5289033586315063,1.0,1.3877787807814458e-18,0.373900966300059,1.0,-1.3877787807814458e-18,0.373900966300059,1.0,,,,,,,-9.470810747146606,0.0003320012755595976,0.026892103320327407
l1tcl_gold_dim_sweep,ffb7016ba857,ProposedA_FullyDirect,OracleTargetTreated,200,200,5000,10,,0.17108792540948056,0.01937856280772907,0.1731272463987673,5,-0.08029715404432732,0.043611058487644856,-0.09817865019714554,5,0.03544010002959959,0.02351470692728197,0.03211883919383285,5,-0.013297154044327334,0.043611058487644856,-0.031178650197145566,5,,,,0,,,,0,0.0,0.0,0.0,5,,,,0,,,,0,,,,0,-0.06699999999999999,0.0,-0.06699999999999999,5,-0.06699999999999999,0.0,-0.06699999999999999,5,-1.3466073120797443e-17,1.3229573426723226e-17,-1.4460792366202e-17,5,-0.06700000000000024,1.3877787807814457e-17,-0.06700000000000023,5,1.0,0.0,1.0,5,0.13233626662851833,0.019349134864591968,0.1348228737824872,5,0.32053982831803013,0.031002517649074426,0.3249561348573781,5,0.10738204118726793,0.14404643644540746,0.03956265487042739,5,0.02050200000000002,0.009010067730045071,0.016682999999999976,5,0.11448404118726796,0.1392662412551234,0.04706665487042739,5,7.632783294297952e-18,8.638853242474106e-18,6.938893903907228e-18,5,0.0,0.0,0.0,5,0.0,0.0,0.0,5,,,,0,,,,0,11.109890174865722,3.5991971968875776,10.354716777801514,5,-0.26993117355804236,0.0053585307726341435,0.6901689202595302,0.12914189765882997,0.31954347266294225,1.0,-0.22020899151423995,0.029540903429595096,1.0,0.12914189765882997,0.31954347266294225,1.0,0.0,,,0.0,,,0.0,,,-1.1449002462512586e-17,0.47178571103743483,1.0,1.1102230246251566e-17,0.45565953995797087,1.0,0.0,,,-0.22978200972538926,0.005984144665536383,0.8317961085095573,-0.5248653097326507,0.003148206554231623,0.3902024935944288,-0.002130600000000023,0.7629938150061488,1.0,0.0021306000000000224,0.7629938150061488,1.0,0.0,,,0.0,,,0.0,,,0.0,,,1.4806593894958495,0.19453637678682137,1.0
l1tcl_gold_dim_sweep,ffb7016ba857,ProposedB_LinearStepB,OracleTargetTreated,200,200,5000,10,,0.1954220257581388,0.05317464110948239,0.182095018227455,5,-0.06549866296717793,0.04453878050103238,-0.08179921475549846,5,0.0301819948598654,0.029117511354434446,0.019769635911911762,5,0.001501337032822045,0.04453878050103238,-0.014799214755498488,5,,,,0,,,,0,0.0,0.0,0.0,5,,,,0,,,,0,,,,0,-0.06699999999999999,0.0,-0.06699999999999999,5,-0.06699999999999999,0.0,-0.06699999999999999,5,-1.2301701084783617e-17,2.976937691857311e-17,1.267978489270131e-18,5,-0.06700000000000023,1.2018516789897274e-17,-0.06700000000000023,5,1.0,0.0,1.0,5,0.15208288838988201,0.05086191248739086,0.13022985562451977,5,0.35438011806605546,0.06788575428353726,0.33650301216172057,5,0.10541224118726795,0.14284715390729424,0.0415726548704274,5,0.022471800000000007,0.008260396279840326,0.018894000000000008,5,0.11448404118726793,0.1392662412551234,0.0470666548704274,5,1.0408340855860843e-17,1.0971354589302191e-17,6.938893903907228e-18,5,0.035194253774307266,0.018117405927225307,0.025076945550756242,5,16.6,1.51657508881031,17.0,5,0.7867796913460531,0.16338125876629273,0.7804344600754781,5,8.6,1.51657508881031,9.0,5,34.640317630767825,10.388058207644868,30.87493586540222,5,-0.24559707320938412,0.014182133048157308,1.0,0.14394038873597936,0.29335533470252473,1.0,-0.22546709668397416,0.03911077148181651,1.0,0.14394038873597936,0.29335533470252473,1.0,0.0,,,0.0,,,0.0,,,-1.0284630426498757e-17,0.6459098932718985,1.0,1.6653345369377347e-17,0.20799999999999982,1.0,0.0,,,-0.21003538796402554,0.01847582956736282,1.0,-0.4910250199846253,0.006443851475784502,0.6735981332770666,-0.004100400000000009,0.6176490919723246,1.0,0.004100400000000009,0.6176490919723246,1.0,-2.7755575615628915e-18,0.7075356755286337,1.0,2.7755575615628915e-18,0.7075356755286337,1.0,0.035194253774307266,0.012217278911231476,0.4520393197155646,16.6,1.6535478200154388e-05,0.0007771674754072563,25.011086845397948,0.006890225161187621,0.21359697999681626
l1tcl_gold_dim_sweep,ffb7016ba857,ProposedB_SourceDR,FeasibleRestricted,200,200,5000,10,,0.07467971125659287,0.020468327806996423,0.0633813462961772,5,-0.07534430734302511,0.05356550339788889,-0.06911411893533095,5,0.03974318136746973,0.03133523422687842,0.0333561386258988,5,-0.008344307343025124,0.05356550339788888,-0.0021141189353309775,5,,,,0,,,,0,0.0,0.0,0.0,5,,,,0,,,,0,,,,0,-0.06699999999999999,0.0,-0.06699999999999999,5,-0.06699999999999999,0.0,-0.06699999999999999,5,-1.4888047302437435e-17,1.5221920900022055e-16,3.215521193855926e-18,5,-0.06700000000000023,1.2018516789897274e-17,-0.06700000000000023,5,1.0,0.0,1.0,5,0.05648802844679708,0.019236164728485237,0.049397971747957126,5,0.16037083740754957,0.037801073484737664,0.14146617402685596,5,0.11991104118726795,0.14564356543907123,0.047133654870427394,5,0.007973000000000004,0.00891351844110955,0.0033500000000000196,5,0.11448404118726796,0.1392662412551234,0.047066654870427396,5,6.245004513516506e-18,6.206335383118182e-18,6.938893903907228e-18,5,0.03378315458853496,0.014767909275880694,0.026862445124836647,5,10.8,2.949576240750525,11.0,5,0.786779691346053,0.16338125876629275,0.780434460075478,5,8.6,1.51657508881031,9.0,5,29.1290864944458,4.201918642691748,28.97900128364563,5,-0.36633938771093,0.0020913528576192372,0.3367078100766972,0.1340947443601322,0.32233871296769395,1.0,-0.2159059101763698,0.036775220912267946,1.0,0.1340947443601322,0.32233871296769395,1.0,0.0,,,0.0,,,0.0,,,-1.2870976644152576e-17,0.8533893065663133,1.0,1.6653345369377347e-17,0.10870095132492352,1.0,0.0,,,-0.3056302479071105,0.002675096380402802,0.43470518847542033,-0.6850343006431313,0.0012296205738846423,0.1918208095260042,0.010398399999999992,0.2630538118816569,1.0,-0.010398399999999992,0.2630538118816569,1.0,1.3877787807814458e-18,0.373900966300059,1.0,-1.3877787807814458e-18,0.373900966300059,1.0,0.03378315458853496,0.006908934542915045,0.31781098897409205,10.8,0.0012121387695004581,0.047273412010517865,19.499855709075927,0.00063446001698522,0.0412399011040393
l1tcl_gold_dim_sweep,ffb7016ba857,ProxyOnly,FeasibleRestricted,200,200,5000,10,,0.4410190989675229,0.10571164803474525,0.4252995432842438,5,-0.20943905170315724,0.27846885947057937,-0.25805839752694065,5,0.2556490915438395,0.14563803589198676,0.28302509960170563,5,-0.1424390517031573,0.27846885947057937,-0.19105839752694068,5,,,,0,,,,0,0.0,0.0,0.0,5,,,,0,,,,0,,,,0,-0.06699999999999999,0.0,-0.06699999999999999,5,-0.06699999999999999,0.0,-0.06699999999999999,5,-2.0170706582848597e-18,1.9163740302970845e-17,4.2642413629623736e-18,5,-0.06700000000000024,2.1942709178604383e-17,-0.06700000000000025,5,1.0,0.0,1.0,5,0.3621182763539076,0.0938340008801406,0.358238464790721,5,0.8454051380506808,0.17103920664878897,0.826184964093105,5,0.10951264118726796,0.148738007257107,0.016039094365615417,5,0.018371399999999996,0.017317290284568198,0.008509000000000004,5,0.11448404118726796,0.1392662412551234,0.04706665487042739,5,7.632783294297952e-18,8.638853242474106e-18,6.938893903907228e-18,5,0.0,0.0,0.0,5,0.0,0.0,0.0,5,,,,0,,,,0,9.629230785369874,1.8548645840140763,9.013559818267822,5,,,,,,,,,,,,,,,,,,,,,,,,,,,,,,,,,,,,,,,,,,,,,,,,,,,,,,,,,
l1tcl_gold_dim_sweep,ffb7016ba857,TargetOnlyDR,OracleTargetTreated,200,200,5000,10,,0.2066764358677776,0.035363310380866764,0.21297919930286519,5,-0.07924008328725744,0.04631556628892372,-0.0897335044992528,5,0.039245520967153356,0.020177774512649915,0.03453135375715018,5,-0.012240083287257472,0.04631556628892372,-0.02273350449925282,5,,,,0,,,,0,0.0,0.0,0.0,5,,,,0,,,,0,,,,0,-0.06699999999999999,0.0,-0.06699999999999999,5,-0.06699999999999999,0.0,-0.06699999999999999,5,1.0754736568575615e-18,1.3506607926785378e-17,-1.5229829516007202e-18,5,-0.06700000000000024,1.6996749443881478e-17,-0.06700000000000024,5,1.0,0.0,1.0,5,0.15096732761155904,0.02645077231838911,0.1569629496104731,5,0.3758521618787059,0.03172143657399111,0.3907449157005686,5,0.10645744118726796,0.14322870285866007,0.041639654870427395,5,0.021426600000000007,0.009285653735736643,0.01882700000000001,5,0.11448404118726796,0.1392662412551234,0.047066654870427396,5,5.551115123125783e-18,6.302563375562894e-18,3.469446951953614e-18,5,0.0,0.0,0.0,5,0.0,0.0,0.0,5,,,,0,,,,0,22.58731155395508,3.097594090433237,21.449641466140747,5,-0.23434266309974533,0.00854445937557606,0.8900338652925215,0.1301989684158998,0.3364872514190572,1.0,-0.2164035705766862,0.03530724353133018,1.0,0.1301989684158998,0.3364872514190572,1.0,0.0,,,0.0,,,0.0,,,3.092544315142422e-18,0.7901017042227167,1.0,0.0,1.0,1.0,0.0,,,-0.21115094874234855,0.00955500962898445,1.0,-0.469552976171975,0.0035411543090487106,0.4001504369225043,-0.0030552000000000122,0.7014534068437732,1.0,0.003055200000000012,0.7014534068437733,1.0,2.0816681711721684e-18,0.20799999999999982,1.0,-2.0816681711721684e-18,0.20799999999999982,1.0,0.0,,,0.0,,,12.958080768585205,3.554920198814433e-05,0.004593380679572895
