benchmark_id,scenario_id,rep,method,feasibility,seed,m0,m1,n_proxy_total,C_sources,nontransfer_scale,pehe,ate_hat,ate_abs_err,ate_bias,tau_corr,tau_kendall,qini_auc,topk_10_ratio,topk_20_ratio,topk_30_ratio,topk_10_captured,topk_20_captured,calib_slope,calib_intercept,calib_r2,tau_ece,tau_mce,policy_value,policy_regret,policy_value_top20,policy_regret_top20,stage2_lambda,stage2_n_selected,stepb_M_fro_norm,stepb_M_effective_rank,runtime_sec
l1tcl_gold_dim_sweep,4bd4e19c6458,2,TargetOnlyDR,OracleTargetTreated,1933595210,50,50,5000,10,,0.3885406082037873,0.012602365034337221,0.0796023650343372,0.0796023650343372,,,0.0,,,,-0.06699999999999999,-0.06699999999999999,-4.298709027199378e-17,-0.06700000000000023,1.0,0.3047761564693049,0.8008643100044377,0.18171173845733954,0.031222000000000028,0.19953373845733954,0.0,0.0,0.0,,,5.542850732803345
l1tcl_gold_dim_sweep,4bd4e19c6458,2,ProxyOnly,FeasibleRestricted,1933595210,50,50,5000,10,,0.26881400059192345,-0.06380076088057425,0.003199239119425726,0.003199239119425726,,,0.0,,,,-0.06699999999999999,-0.06699999999999999,-1.068019482519243e-17,-0.06700000000000023,1.0,0.21411538335721572,0.4793221174315127,0.18465973845733952,0.02827400000000005,0.19953373845733954,0.0,0.0,0.0,,,6.686548948287964
l1tcl_gold_dim_sweep,4bd4e19c6458,2,AnchorOnly,OracleTargetTreated,1933595210,50,50,5000,10,,0.34326217433100253,-0.0213519529087962,0.04564804709120378,0.04564804709120378,,,0.0,,,,-0.06699999999999999,-0.06699999999999999,-3.629457751988572e-17,-0.06700000000000023,1.0,0.27185503134760985,0.6877213392917348,0.18566473845733952,0.027269000000000043,0.19953373845733954,0.0,0.037986840134417756,0.0,,,9.015672445297241
l1tcl_gold_dim_sweep,4bd4e19c6458,2,AnchorPlugin,FeasibleRestricted,1933595210,50,50,5000,10,,0.21444311488393644,-0.06995585365666541,0.0029558536566654386,-0.0029558536566654386,,,0.0,,,,-0.06699999999999999,-0.06699999999999999,-3.092779231048285e-17,-0.06700000000000025,1.0,0.16363164476034056,0.39916917287941656,0.18881373845733956,0.024120000000000003,0.19953373845733954,0.0,0.1275620557261142,0.0,,,5.318263053894043
l1tcl_gold_dim_sweep,4bd4e19c6458,2,ProposedA_FullyDirect,OracleTargetTreated,1933595210,50,50,5000,10,,0.3470230285002439,0.007481050270625021,0.074481050270625,0.074481050270625,,,0.0,,,,-0.06699999999999999,-0.06699999999999999,-3.7409743807260674e-17,-0.06700000000000023,1.0,0.2635492281516198,0.6578648166815113,0.18130973845733955,0.03162400000000001,0.19953373845733954,0.0,0.0,0.0,,,9.153263330459595
l1tcl_gold_dim_sweep,4bd4e19c6458,2,ProposedB_LinearStepB,OracleTargetTreated,1933595210,50,50,5000,10,,0.33924514468286365,-0.029384786815687618,0.03761521318431236,0.03761521318431236,,,0.0,,,,-0.06699999999999999,-0.06699999999999999,-2.7154677847307597e-17,-0.06700000000000027,1.0,0.2687667578697368,0.6726722784794612,0.18559773845733954,0.027336000000000027,0.19953373845733952,2.7755575615628914e-17,0.10323261363559827,0.0,0.0005414521616517835,2.0,20.355180740356445
l1tcl_gold_dim_sweep,4bd4e19c6458,2,ProposedB_SourceDR,FeasibleRestricted,1933595210,50,50,5000,10,,0.08601950684120498,-0.07939772922181333,0.012397729221813356,-0.012397729221813356,,,0.0,,,,-0.06699999999999999,-0.06699999999999999,-1.001812292604226e-16,-0.06700000000000021,1.0,0.057359965368432755,0.15914637785429336,0.20676973845733954,0.0061640000000000306,0.19953373845733954,0.0,0.10392632370570098,1.0,0.0005414521616517829,2.0,19.8763747215271
l1tcl_gold_dim_sweep,4bd4e19c6458,2,IPWTransport,FeasibleRestricted,1933595210,50,50,5000,10,,0.23299183458210015,-0.18631808180550313,0.11931808180550316,-0.11931808180550316,,,0.0,,,,-0.06699999999999999,-0.06699999999999999,-1.1703182040046136e-17,-0.06700000000000024,1.0,0.18560089337748475,0.4700532880753981,0.20154373845733956,0.011390000000000011,0.19953373845733954,0.0,,,,,1.138092041015625
l1tcl_gold_dim_sweep,4bd4e19c6458,2,EntropyBalancing,FeasibleRestricted,1933595210,50,50,5000,10,,0.4129526426402674,-0.21089868257907796,0.14389868257907798,-0.14389868257907798,,,0.0,,,,-0.06699999999999999,-0.06699999999999999,-1.0942179731252122e-17,-0.06700000000000027,1.0,0.32599338876163764,0.8303208611323681,0.19276673845733955,0.020167000000000018,0.19953373845733954,0.0,,,,,2.410914421081543
l1tcl_gold_dim_sweep,4bd4e19c6458,2,OutcomeModelTransport,FeasibleRestricted,1933595210,50,50,5000,10,,0.05497429357424786,-0.10846984101477104,0.04146984101477107,-0.04146984101477107,,,0.0,,,,-0.06699999999999999,-0.06699999999999999,-1.3636399656979628e-16,-0.06700000000000025,1.0,0.04592100742391083,0.10463485874402657,0.21293373845733957,0.0,0.19953373845733954,0.0,,,,,0.1030733585357666
l1tcl_gold_dim_sweep,4bd4e19c6458,2,DRLearner_PooledWithSite,OracleTargetTreated,1933595210,50,50,5000,10,,0.04890113689653164,-0.09570090961714865,0.028700909617148676,-0.028700909617148676,,,0.0,,,,-0.06699999999999999,-0.06699999999999999,-1.4487540508441947e-16,-0.06700000000000024,1.0,0.0394442848097015,0.09746741250432776,0.21246473845733954,0.00046900000000002495,0.19953373845733954,0.0,,,,,0.8969826698303223
l1tcl_gold_dim_sweep,4bd4e19c6458,2,DRLearner_PooledNoSite,OracleTargetTreated,1933595210,50,50,5000,10,,0.04597016659962835,-0.09319405228375538,0.026194052283755404,-0.026194052283755404,,,0.0,,,,-0.06699999999999999,-0.06699999999999999,-1.2751587289097283e-16,-0.06700000000000024,1.0,0.036911583315079925,0.09191431131861814,0.21246473845733954,0.00046900000000002495,0.19953373845733954,0.0,,,,,0.29529738426208496
l1tcl_gold_dim_sweep,d22ce81d7599,2,TargetOnlyDR,OracleTargetTreated,732644050,100,100,5000,10,,0.2467128847645829,-0.20080796946373608,0.1338079694637361,-0.1338079694637361,,,0.0,,,,-0.06699999999999999,-0.06699999999999999,9.134700046721884e-18,-0.06700000000000025,1.0,0.2021235098193044,0.45599119904593216,-0.09880833332267501,0.008642999999999998,-0.10356533332267502,1.3877787807814457e-17,0.0,0.0,,,6.1932618618011475
l1tcl_gold_dim_sweep,d22ce81d7599,2,ProxyOnly,FeasibleRestricted,732644050,100,100,5000,10,,0.5747830220369083,-0.422995941260045,0.3559959412600451,-0.3559959412600451,,,0.0,,,,-0.06699999999999999,-0.06699999999999999,9.297889824028552e-18,-0.06700000000000024,1.0,0.4693821353570371,1.0976841461286102,-0.10189033332267501,0.011725,-0.10356533332267502,1.3877787807814457e-17,0.0,0.0,,,6.787491321563721
l1tcl_gold_dim_sweep,d22ce81d7599,2,AnchorOnly,OracleTargetTreated,732644050,100,100,5000,10,,0.22137744053941574,-0.12993701184078507,0.0629370118407851,-0.0629370118407851,,,0.0,,,,-0.06699999999999999,-0.06699999999999999,-2.5025219562977762e-17,-0.06700000000000024,1.0,0.1757061643670626,0.38078547788126205,-0.10477133332267502,0.014606000000000008,-0.10356533332267501,0.0,0.015637567127321846,0.0,,,9.12728762626648
l1tcl_gold_dim_sweep,d22ce81d7599,2,AnchorPlugin,FeasibleRestricted,732644050,100,100,5000,10,,0.2016942638531585,-0.19595693903288763,0.12895693903288766,-0.12895693903288766,,,0.0,,,,-0.06699999999999999,-0.06699999999999999,-1.508766373658255e-17,-0.06700000000000025,1.0,0.16673945006757349,0.3924826592454768,-0.09659733332267502,0.006432000000000007,-0.10356533332267501,0.0,0.11747531306305678,0.0,,,6.517040729522705
l1tcl_gold_dim_sweep,d22ce81d7599,2,ProposedA_FullyDirect,OracleTargetTreated,732644050,100,100,5000,10,,0.25562919916717086,-0.13050038918114426,0.06350038918114428,-0.06350038918114428,,,0.0,,,,-0.06699999999999999,-0.06699999999999999,-2.0413177375100707e-18,-0.06700000000000025,1.0,0.2055395083303576,0.431149485936795,-0.10812133332267501,0.017956,-0.10356533332267501,0.0,0.0,0.0,,,8.201127529144287
l1tcl_gold_dim_sweep,d22ce81d7599,2,ProposedB_LinearStepB,OracleTargetTreated,732644050,100,100,5000,10,,0.21874871932589948,-0.13139714682588846,0.06439714682588848,-0.06439714682588848,,,0.0,,,,-0.06699999999999999,-0.06699999999999999,-1.6809393369208713e-17,-0.06700000000000025,1.0,0.1732118836129159,0.37742795581605004,-0.10376633332267501,0.013601000000000002,-0.10356533332267501,0.0,0.059124600696887714,0.0,0.0008547908450287026,1.0,21.062885522842407
l1tcl_gold_dim_sweep,d22ce81d7599,2,ProposedB_SourceDR,FeasibleRestricted,732644050,100,100,5000,10,,0.06065839703870232,-0.05426517808736513,0.012734821912634843,0.012734821912634843,,,0.0,,,,-0.06699999999999999,-0.06699999999999999,5.249716720691893e-18,-0.06700000000000028,1.0,0.037815855525369584,0.12121544735723142,-0.095793333322675,0.005627999999999994,-0.10356533332267502,1.3877787807814457e-17,0.006364769356869523,9.0,0.0008547908450287023,1.0,20.50341248512268
l1tcl_gold_dim_sweep,d22ce81d7599,2,IPWTransport,FeasibleRestricted,732644050,100,100,5000,10,,0.1413792000315443,-0.09167242943420817,0.024672429434208193,-0.024672429434208193,,,0.0,,,,-0.06699999999999999,-0.06699999999999999,8.89815350934036e-17,-0.0670000000000002,1.0,0.11282645419096479,0.26285434608119573,-0.10738433332267501,0.017218999999999998,-0.10356533332267502,1.3877787807814457e-17,,,,,0.878333330154419
l1tcl_gold_dim_sweep,d22ce81d7599,2,EntropyBalancing,FeasibleRestricted,732644050,100,100,5000,10,,0.1745968591201139,-0.08953278322519798,0.022532783225198,-0.022532783225198,,,0.0,,,,-0.06699999999999999,-0.06699999999999999,7.547747664727815e-17,-0.06700000000000021,1.0,0.13899945110674175,0.3185718513147277,-0.109528333322675,0.01936299999999999,-0.10356533332267502,1.3877787807814457e-17,,,,,2.2789039611816406
l1tcl_gold_dim_sweep,d22ce81d7599,2,OutcomeModelTransport,FeasibleRestricted,732644050,100,100,5000,10,,0.06692998325962933,-0.023483727311310994,0.04351627268868898,0.04351627268868898,,,0.0,,,,-0.06699999999999999,-0.06699999999999999,1.2998773663696453e-16,-0.06700000000000023,1.0,0.054940629158527834,0.1320554056711885,-0.111270333322675,0.021104999999999985,-0.10356533332267501,0.0,,,,,0.08022928237915039
l1tcl_gold_dim_sweep,d22ce81d7599,2,DRLearner_PooledWithSite,OracleTargetTreated,732644050,100,100,5000,10,,0.05385709184728254,-0.04099322170808393,0.026006778291916048,0.026006778291916048,,,0.0,,,,-0.06699999999999999,-0.06699999999999999,1.1895313104568886e-16,-0.06700000000000023,1.0,0.043389532581142164,0.10808805143712873,-0.10296233332267499,0.012796999999999975,-0.10356533332267501,0.0,,,,,0.6847589015960693
l1tcl_gold_dim_sweep,d22ce81d7599,2,DRLearner_PooledNoSite,OracleTargetTreated,732644050,100,100,5000,10,,0.053649515825076946,-0.04043001789613462,0.02656998210386536,0.02656998210386536,,,0.0,,,,-0.06699999999999999,-0.06699999999999999,1.3299008738117058e-16,-0.06700000000000025,1.0,0.0431653483128417,0.10765578876614862,-0.102761333322675,0.012595999999999982,-0.10356533332267501,0.0,,,,,0.5643198490142822
l1tcl_gold_dim_sweep,d22ce81d7599,0,TargetOnlyDR,OracleTargetTreated,1326278636,100,100,5000,10,,0.2722922187709253,-0.018450344187363677,0.0485496558126363,0.0485496558126363,,,0.0,,,,-0.06699999999999999,-0.06699999999999999,1.9454136258181296e-17,-0.06700000000000023,1.0,0.21619424628656228,0.5055207622898493,0.03937123855732591,0.033634,0.059605238557325906,1.3877787807814457e-17,0.0,0.0,,,6.807138204574585
l1tcl_gold_dim_sweep,d22ce81d7599,0,ProxyOnly,FeasibleRestricted,1326278636,100,100,5000,10,,0.342571769448079,-0.0724488185554603,0.005448818555460325,-0.005448818555460325,,,0.0,,,,-0.06699999999999999,-0.06699999999999999,4.499708553782663e-17,-0.06700000000000024,1.0,0.2703875700674495,0.6102442665419127,0.046071238557325915,0.026933999999999993,0.059605238557325906,1.3877787807814457e-17,0.0,0.0,,,7.580897569656372
l1tcl_gold_dim_sweep,d22ce81d7599,0,AnchorOnly,OracleTargetTreated,1326278636,100,100,5000,10,,0.2811815733493331,-0.04911981668947119,0.017880183310528784,0.017880183310528784,,,0.0,,,,-0.06699999999999999,-0.06699999999999999,2.6394185377248243e-17,-0.06700000000000025,1.0,0.22678105730641787,0.4876381463676796,0.043257238557325904,0.029748000000000004,0.05960523855732591,6.938893903907228e-18,0.016362922810215178,0.0,,,9.287755250930786
l1tcl_gold_dim_sweep,d22ce81d7599,0,AnchorPlugin,FeasibleRestricted,1326278636,100,100,5000,10,,0.1951944102955823,-0.09440878161868742,0.02740878161868744,-0.02740878161868744,,,0.0,,,,-0.06699999999999999,-0.06699999999999999,6.80214904634611e-17,-0.06700000000000024,1.0,0.15728764177611773,0.34051312221277674,0.05290523855732591,0.0201,0.05960523855732591,6.938893903907228e-18,0.03486017849760129,6.0,,,7.09906005859375
l1tcl_gold_dim_sweep,d22ce81d7599,0,ProposedA_FullyDirect,OracleTargetTreated,1326278636,100,100,5000,10,,0.26412744827891854,-0.009002299182191394,0.057997700817808584,0.057997700817808584,,,0.0,,,,-0.06699999999999999,-0.06699999999999999,3.2549432620603345e-17,-0.06700000000000025,1.0,0.21004691044508714,0.4994033245217159,0.04037623855732591,0.032629,0.05960523855732591,6.938893903907228e-18,0.0,0.0,,,7.030553102493286
l1tcl_gold_dim_sweep,d22ce81d7599,0,ProposedB_LinearStepB,OracleTargetTreated,1326278636,100,100,5000,10,,0.27796968080934803,-0.050381591149739224,0.016618408850260752,0.016618408850260752,,,0.0,,,,-0.06699999999999999,-0.06699999999999999,2.775887775522321e-17,-0.06700000000000025,1.0,0.22232696822627335,0.49274129072277584,0.043391238557325906,0.029614,0.059605238557325906,1.3877787807814457e-17,0.03464423940674383,5.0,0.0033276412687626915,2.0,20.80601692199707
l1tcl_gold_dim_sweep,d22ce81d7599,0,ProposedB_SourceDR,FeasibleRestricted,1326278636,100,100,5000,10,,0.05251459215995639,-0.09848662707911086,0.03148662707911089,-0.03148662707911089,,,0.0,,,,-0.06699999999999999,-0.06699999999999999,-1.5197957751535246e-17,-0.06700000000000023,1.0,0.04321774529301208,0.09265451125019973,0.07139723855732591,0.0016079999999999983,0.05960523855732591,6.938893903907228e-18,0.033379312071365234,6.0,0.0033276412687626936,2.0,20.556450843811035
l1tcl_gold_dim_sweep,d22ce81d7599,0,IPWTransport,FeasibleRestricted,1326278636,100,100,5000,10,,0.08440045417568603,-0.1044137770185953,0.03741377701859533,-0.03741377701859533,,,0.0,,,,-0.06699999999999999,-0.06699999999999999,-1.235944972598577e-16,-0.06700000000000027,1.0,0.06780646159170753,0.16896191988119819,0.06751123855732591,0.005493999999999999,0.05960523855732592,0.0,,,,,1.0177884101867676
l1tcl_gold_dim_sweep,d22ce81d7599,0,EntropyBalancing,FeasibleRestricted,1326278636,100,100,5000,10,,0.08758496979307043,-0.10185717775937053,0.034857177759370556,-0.034857177759370556,,,0.0,,,,-0.06699999999999999,-0.06699999999999999,-1.2590313025440216e-16,-0.06700000000000024,1.0,0.07009792947922903,0.17508711063771887,0.0657692385573259,0.007236000000000006,0.05960523855732592,0.0,,,,,1.7806119918823242
l1tcl_gold_dim_sweep,d22ce81d7599,0,OutcomeModelTransport,FeasibleRestricted,1326278636,100,100,5000,10,,0.051857394185016975,-0.10661894455535086,0.03961894455535088,-0.03961894455535088,,,0.0,,,,-0.06699999999999999,-0.06699999999999999,-8.918507381450593e-17,-0.06700000000000025,1.0,0.0437622380210382,0.09750145358780295,0.07293823855732592,6.699999999998374e-05,0.059605238557325906,1.3877787807814457e-17,,,,,0.1356492042541504
l1tcl_gold_dim_sweep,d22ce81d7599,0,DRLearner_PooledWithSite,OracleTargetTreated,1326278636,100,100,5000,10,,0.046108550824985016,-0.09527734686750418,0.028277346867504202,-0.028277346867504202,,,0.0,,,,-0.06699999999999999,-0.06699999999999999,4.915764703677643e-17,-0.06700000000000028,1.0,0.03766997865880378,0.09176921635079997,0.07267023855732592,0.0003349999999999881,0.05960523855732591,6.938893903907228e-18,,,,,0.2878580093383789
l1tcl_gold_dim_sweep,d22ce81d7599,0,DRLearner_PooledNoSite,OracleTargetTreated,1326278636,100,100,5000,10,,0.04650899210120821,-0.09616185514856983,0.02916185514856985,-0.02916185514856985,,,0.0,,,,-0.06699999999999999,-0.06699999999999999,4.772350443472575e-17,-0.06700000000000023,1.0,0.03808598849121081,0.09233367375243064,0.0728042385573259,0.00020100000000000673,0.05960523855732591,6.938893903907228e-18,,,,,0.6121034622192383
l1tcl_gold_dim_sweep,d22ce81d7599,4,TargetOnlyDR,OracleTargetTreated,1686038955,100,100,5000,10,,0.2771219422980897,-0.20505993732791802,0.13805993732791805,-0.13805993732791805,,,0.0,,,,-0.06699999999999999,-0.06699999999999999,-2.794639162609676e-18,-0.06700000000000025,1.0,0.21585246227698676,0.5877119114450924,-0.08182884827700357,0.012729999999999991,-0.08249884827700359,0.0,0.0,0.0,,,7.127752780914307
l1tcl_gold_dim_sweep,d22ce81d7599,4,ProxyOnly,FeasibleRestricted,1686038955,100,100,5000,10,,0.3466000487948141,-0.3016730961672573,0.23467309616725732,-0.23467309616725732,,,0.0,,,,-0.06699999999999999,-0.06699999999999999,-9.906896945135615e-18,-0.06700000000000028,1.0,0.2937688940129326,0.6357437714516555,-0.07774184827700359,0.008643000000000012,-0.08249884827700359,0.0,0.0,0.0,,,7.184624910354614
l1tcl_gold_dim_sweep,d22ce81d7599,4,AnchorOnly,OracleTargetTreated,1686038955,100,100,5000,10,,0.28347725772229226,-0.19745870477543545,0.13045870477543547,-0.13045870477543547,,,0.0,,,,-0.06699999999999999,-0.06699999999999999,-6.898207193798348e-18,-0.06700000000000023,1.0,0.22454837684035586,0.5749067992054888,-0.08330284827700357,0.014203999999999994,-0.08249884827700357,-1.3877787807814457e-17,0.033212500750958135,0.0,,,9.306839942932129
l1tcl_gold_dim_sweep,d22ce81d7599,4,AnchorPlugin,FeasibleRestricted,1686038955,100,100,5000,10,,0.2422021246758919,-0.24718599895256965,0.18018599895256968,-0.18018599895256968,,,0.0,,,,-0.06699999999999999,-0.06699999999999999,-3.472929823599561e-17,-0.06700000000000025,1.0,0.19252190589763732,0.49749938167156565,-0.07151084827700357,0.0024119999999999975,-0.08249884827700359,0.0,0.08659322991410337,0.0,,,7.103026628494263
l1tcl_gold_dim_sweep,d22ce81d7599,4,ProposedA_FullyDirect,OracleTargetTreated,1686038955,100,100,5000,10,,0.2667671114506694,-0.19493334983299315,0.12793334983299318,-0.12793334983299318,,,0.0,,,,-0.06699999999999999,-0.06699999999999999,-4.5225862835544146e-18,-0.06700000000000025,1.0,0.20911012776882984,0.5621754948041102,-0.08149384827700358,0.012395000000000003,-0.08249884827700357,-1.3877787807814457e-17,0.0,0.0,,,8.25583815574646
l1tcl_gold_dim_sweep,d22ce81d7599,4,ProposedB_LinearStepB,OracleTargetTreated,1686038955,100,100,5000,10,,0.2729716426561331,-0.19851269875123936,0.1315126987512394,-0.1315126987512394,,,0.0,,,,-0.06699999999999999,-0.06699999999999999,-2.9191886016297883e-18,-0.06700000000000023,1.0,0.21705212292515055,0.5507911223281139,-0.08176184827700357,0.012662999999999994,-0.08249884827700359,0.0,0.08225263357616397,0.0,0.00022937113788768727,1.0,20.10142469406128
l1tcl_gold_dim_sweep,d22ce81d7599,4,ProposedB_SourceDR,FeasibleRestricted,1686038955,100,100,5000,10,,0.05876675733552305,-0.0875639364774661,0.020563936477466127,-0.020563936477466127,,,0.0,,,,-0.06699999999999999,-0.06699999999999999,-1.0899462806514964e-16,-0.06700000000000025,1.0,0.04397487431909475,0.12034460668137743,-0.07204684827700357,0.0029479999999999923,-0.08249884827700359,0.0,0.06668453365672405,0.0,0.00022937113788768645,1.0,21.074928045272827
l1tcl_gold_dim_sweep,d22ce81d7599,4,IPWTransport,FeasibleRestricted,1686038955,100,100,5000,10,,0.13340277917082782,-0.14766803358548056,0.08066803358548058,-0.08066803358548058,,,0.0,,,,-0.06699999999999999,-0.06699999999999999,2.108206307731053e-18,-0.0670000000000003,1.0,0.10812228975893881,0.2683952534643867,-0.07479384827700358,0.005695000000000006,-0.08249884827700359,0.0,,,,,0.6737403869628906
l1tcl_gold_dim_sweep,d22ce81d7599,4,EntropyBalancing,FeasibleRestricted,1686038955,100,100,5000,10,,0.17164342584832798,-0.16250571654171198,0.095505716541712,-0.095505716541712,,,0.0,,,,-0.06699999999999999,-0.06699999999999999,-4.6950645108999586e-18,-0.06700000000000024,1.0,0.13835344889728948,0.34612070684531865,-0.07740684827700357,0.008307999999999996,-0.08249884827700359,0.0,,,,,1.7029438018798828
l1tcl_gold_dim_sweep,d22ce81d7599,4,OutcomeModelTransport,FeasibleRestricted,1686038955,100,100,5000,10,,0.043624571456053925,-0.09467835666287755,0.027678356662877573,-0.027678356662877573,,,0.0,,,,-0.06699999999999999,-0.06699999999999999,-8.144001438533199e-17,-0.06700000000000023,1.0,0.035694420490883914,0.08699273224929767,-0.06916584827700357,6.699999999999762e-05,-0.08249884827700357,-1.3877787807814457e-17,,,,,0.0916130542755127
l1tcl_gold_dim_sweep,d22ce81d7599,4,DRLearner_PooledWithSite,OracleTargetTreated,1686038955,100,100,5000,10,,0.04966941733497938,-0.10499234167602939,0.03799234167602941,-0.03799234167602941,,,0.0,,,,-0.06699999999999999,-0.06699999999999999,-3.850633025602812e-17,-0.06700000000000024,1.0,0.041371809636229905,0.0947180565295603,-0.06909884827700358,0.0,-0.08249884827700359,0.0,,,,,0.8447604179382324
l1tcl_gold_dim_sweep,d22ce81d7599,4,DRLearner_PooledNoSite,OracleTargetTreated,1686038955,100,100,5000,10,,0.04983002089854715,-0.10532716776851851,0.038327167768518536,-0.038327167768518536,,,0.0,,,,-0.06699999999999999,-0.06699999999999999,-2.4010161524334604e-17,-0.06700000000000025,1.0,0.041569786662927356,0.0948244399633756,-0.06909884827700358,0.0,-0.08249884827700357,-1.3877787807814457e-17,,,,,0.39805078506469727
l1tcl_gold_dim_sweep,4bd4e19c6458,1,TargetOnlyDR,OracleTargetTreated,1852856608,50,50,5000,10,,0.32975100634829757,0.03528331201781167,0.10228331201781166,0.10228331201781166,,,0.0,,,,-0.06699999999999999,-0.06699999999999999,2.2724152349632965e-17,-0.06700000000000023,1.0,0.262785134783186,0.5870219395005347,0.06535997910287109,0.04133899999999999,0.09329897910287108,1.3877787807814457e-17,0.0,0.0,,,5.376544952392578
l1tcl_gold_dim_sweep,4bd4e19c6458,1,ProxyOnly,FeasibleRestricted,1852856608,50,50,5000,10,,0.3525054680460091,-0.08920475610173761,0.022204756101737638,-0.022204756101737638,,,0.0,,,,-0.06699999999999999,-0.06699999999999999,2.2083208957773653e-17,-0.06700000000000024,1.0,0.2807833732700735,0.6419893066854422,0.08090397910287107,0.025795,0.09329897910287109,0.0,0.0,0.0,,,6.866897821426392
l1tcl_gold_dim_sweep,4bd4e19c6458,1,AnchorOnly,OracleTargetTreated,1852856608,50,50,5000,10,,0.29360717559589405,0.05972953805809591,0.1267295380580959,0.1267295380580959,,,0.0,,,,-0.06699999999999999,-0.06699999999999999,3.274485141422512e-17,-0.06700000000000024,1.0,0.23261759027568202,0.5879167899916061,0.06649897910287107,0.0402,0.09329897910287108,1.3877787807814457e-17,0.031888672195343075,0.0,,,9.75757360458374
l1tcl_gold_dim_sweep,4bd4e19c6458,1,AnchorPlugin,FeasibleRestricted,1852856608,50,50,5000,10,,0.1770980573171822,-0.13900466990674257,0.07200466990674259,-0.07200466990674259,,,0.0,,,,-0.06699999999999999,-0.06699999999999999,-2.8523852671312007e-17,-0.06700000000000025,1.0,0.13787146855728008,0.35480934435905004,0.09524197910287109,0.011456999999999981,0.09329897910287108,1.3877787807814457e-17,0.06594914422155779,2.0,,,6.427457571029663
l1tcl_gold_dim_sweep,4bd4e19c6458,1,ProposedA_FullyDirect,OracleTargetTreated,1852856608,50,50,5000,10,,0.3594886595035259,-0.03659817041560274,0.030401829584397237,0.030401829584397237,,,0.0,,,,-0.06699999999999999,-0.06699999999999999,5.310751584259266e-18,-0.06700000000000025,1.0,0.2796683783497588,0.672483324492853,0.07333297910287107,0.03336600000000001,0.09329897910287108,1.3877787807814457e-17,0.0,0.0,,,8.465457677841187
l1tcl_gold_dim_sweep,4bd4e19c6458,1,ProposedB_LinearStepB,OracleTargetTreated,1852856608,50,50,5000,10,,0.2984073475730984,0.036822486902484866,0.10382248690248484,0.10382248690248484,,,0.0,,,,-0.06699999999999999,-0.06699999999999999,2.1456174220508895e-17,-0.06700000000000024,1.0,0.2344192144730717,0.5792312315781531,0.06830797910287108,0.038390999999999995,0.09329897910287108,1.3877787807814457e-17,0.10350141546575299,0.0,0.0035886802676993817,3.0,22.247280836105347
l1tcl_gold_dim_sweep,4bd4e19c6458,1,ProposedB_SourceDR,FeasibleRestricted,1852856608,50,50,5000,10,,0.08112980085942281,-0.11394031835103728,0.046940318351037305,-0.046940318351037305,,,0.0,,,,-0.06699999999999999,-0.06699999999999999,8.749087528854409e-18,-0.06700000000000025,1.0,0.06109208066957875,0.17863449724157898,0.10442097910287107,0.0022780000000000022,0.09329897910287108,1.3877787807814457e-17,0.052796303478931814,2.0,0.003588680267699382,3.0,20.768784999847412
l1tcl_gold_dim_sweep,4bd4e19c6458,1,IPWTransport,FeasibleRestricted,1852856608,50,50,5000,10,,0.15649649996726844,-0.168874145820813,0.10187414582081303,-0.10187414582081303,,,0.0,,,,-0.06699999999999999,-0.06699999999999999,3.481583220029833e-17,-0.06700000000000021,1.0,0.1261623022645559,0.31532772133629977,0.10174097910287108,0.00495799999999999,0.09329897910287108,1.3877787807814457e-17,,,,,0.7603268623352051
l1tcl_gold_dim_sweep,4bd4e19c6458,1,EntropyBalancing,FeasibleRestricted,1852856608,50,50,5000,10,,0.1804929048124506,-0.18607360407397439,0.11907360407397441,-0.11907360407397441,,,0.0,,,,-0.06699999999999999,-0.06699999999999999,2.3751107580333794e-17,-0.06700000000000024,1.0,0.14676512635688568,0.356304271997216,0.10073597910287108,0.005962999999999996,0.09329897910287108,1.3877787807814457e-17,,,,,1.7462360858917236
l1tcl_gold_dim_sweep,4bd4e19c6458,1,OutcomeModelTransport,FeasibleRestricted,1852856608,50,50,5000,10,,0.08141700281522067,-0.12098397636835247,0.05398397636835249,-0.05398397636835249,,,0.0,,,,-0.06699999999999999,-0.06699999999999999,2.1908515486037035e-18,-0.06700000000000023,1.0,0.06717513733927175,0.1599355488977472,0.10522497910287107,0.001474000000000003,0.09329897910287108,1.3877787807814457e-17,,,,,0.12563514709472656
l1tcl_gold_dim_sweep,4bd4e19c6458,1,DRLearner_PooledWithSite,OracleTargetTreated,1852856608,50,50,5000,10,,0.07114542166616812,-0.10984887982754481,0.04284887982754483,-0.04284887982754483,,,0.0,,,,-0.06699999999999999,-0.06699999999999999,-2.148077466598367e-18,-0.06700000000000021,1.0,0.058356098790317536,0.14085404189704215,0.10509097910287107,0.0016079999999999983,0.09329897910287108,1.3877787807814457e-17,,,,,1.22216796875
l1tcl_gold_dim_sweep,4bd4e19c6458,1,DRLearner_PooledNoSite,OracleTargetTreated,1852856608,50,50,5000,10,,0.07182820890193327,-0.11025004768121845,0.04325004768121847,-0.04325004768121847,,,0.0,,,,-0.06699999999999999,-0.06699999999999999,4.430500591526119e-18,-0.06700000000000021,1.0,0.058806696637154654,0.1424537590624787,0.10515797910287109,0.0015409999999999868,0.09329897910287108,1.3877787807814457e-17,,,,,0.5619840621948242
l1tcl_gold_dim_sweep,8fc9b78128df,4,TargetOnlyDR,OracleTargetTreated,1403323130,100,100,5000,10,,0.2481853107439693,0.004750411951424992,0.07175041195142497,0.07175041195142497,,,0.0,,,,-0.06699999999999999,-0.06699999999999999,-1.608025769556398e-17,-0.0670000000000002,1.0,0.19044252870933082,0.5191911369932044,-0.06774864402422871,0.032360999999999994,-0.04878764402422872,0.0,0.0,0.0,,,5.817949533462524
l1tcl_gold_dim_sweep,8fc9b78128df,4,ProxyOnly,FeasibleRestricted,1403323130,100,100,5000,10,,0.349021367514986,-0.013883325121657616,0.05311667487834236,0.05311667487834236,,,0.0,,,,-0.06699999999999999,-0.06699999999999999,3.6592488037772244e-17,-0.06700000000000028,1.0,0.2685411789716482,0.6841202312114381,-0.06821764402422872,0.032830000000000005,-0.048787644024228714,-6.938893903907228e-18,0.0,0.0,,,6.936326503753662
l1tcl_gold_dim_sweep,8fc9b78128df,4,AnchorOnly,OracleTargetTreated,1403323130,100,100,5000,10,,0.21035326073603172,-0.014309487261879767,0.05269051273812021,0.05269051273812021,,,0.0,,,,-0.06699999999999999,-0.06699999999999999,-5.059469229421203e-17,-0.06700000000000024,1.0,0.16386723735586087,0.41654959332531294,-0.06741364402422871,0.03202599999999999,-0.04878764402422872,0.0,0.01909709662411766,0.0,,,9.729844570159912
l1tcl_gold_dim_sweep,8fc9b78128df,4,AnchorPlugin,FeasibleRestricted,1403323130,100,100,5000,10,,0.261886088373915,0.02060253994355371,0.08760253994355369,0.08760253994355369,,,0.0,,,,-0.06699999999999999,-0.06699999999999999,-5.500423603723271e-18,-0.06700000000000024,1.0,0.21060621090784576,0.5052939111176532,-0.07190264402422872,0.036515,-0.048787644024228714,-6.938893903907228e-18,0.03974249594164521,14.0,,,7.329746723175049
l1tcl_gold_dim_sweep,8fc9b78128df,4,ProposedA_FullyDirect,OracleTargetTreated,1403323130,100,100,5000,10,,0.19030324001806204,-0.05275255165576144,0.014247448344238536,0.014247448344238536,,,0.0,,,,-0.06699999999999999,-0.06699999999999999,-1.897934234551049e-17,-0.06700000000000023,1.0,0.14903113317068312,0.3367358655519727,-0.06265664402422873,0.02726900000000001,-0.048787644024228714,-6.938893903907228e-18,0.0,0.0,,,8.058488368988037
l1tcl_gold_dim_sweep,8fc9b78128df,4,ProposedB_LinearStepB,OracleTargetTreated,1403323130,100,100,5000,10,,0.19927739081406898,-0.01911013514413667,0.0478898648558633,0.0478898648558633,,,0.0,,,,-0.06699999999999999,-0.06699999999999999,-4.029773286163459e-17,-0.06700000000000021,1.0,0.15551715458551352,0.4011889480398581,-0.06567164402422873,0.030284000000000012,-0.04878764402422872,0.0,0.08206914809692434,15.0,0.6555757030876181,7.0,22.695533275604248
l1tcl_gold_dim_sweep,8fc9b78128df,4,ProposedB_SourceDR,FeasibleRestricted,1403323130,100,100,5000,10,,0.0661798175130289,-0.03562538174730323,0.031374618252696745,0.031374618252696745,,,0.0,,,,-0.06699999999999999,-0.06699999999999999,4.094746140045022e-17,-0.06700000000000024,1.0,0.04708673236313571,0.15374450117016586,-0.04865364402422872,0.013266,-0.04878764402422872,0.0,0.03559370014383867,15.0,0.6555757030876181,7.0,22.65690279006958
l1tcl_gold_dim_sweep,8fc9b78128df,4,IPWTransport,FeasibleRestricted,1403323130,100,100,5000,10,,0.2621564494563357,0.10540563750344574,0.17240563750344573,0.17240563750344573,,,0.0,,,,-0.06699999999999999,-0.06699999999999999,7.358051706538905e-17,-0.06700000000000027,1.0,0.2119008045181257,0.5286549785010103,-0.08228764402422872,0.046900000000000004,-0.04878764402422873,6.938893903907228e-18,,,,,0.2869250774383545
l1tcl_gold_dim_sweep,8fc9b78128df,4,EntropyBalancing,FeasibleRestricted,1403323130,100,100,5000,10,,0.5557876918035084,0.26125864146628525,0.32825864146628525,0.32825864146628525,,,0.0,,,,-0.06699999999999999,-0.06699999999999999,2.105505822478662e-17,-0.06700000000000024,1.0,0.4482111898028188,1.1216438689801,-0.08389564402422872,0.048508,-0.04878764402422873,6.938893903907228e-18,,,,,1.3886988162994385
l1tcl_gold_dim_sweep,8fc9b78128df,4,OutcomeModelTransport,FeasibleRestricted,1403323130,100,100,5000,10,,0.06077312300017812,-0.05317264975962178,0.013827350240378199,0.013827350240378199,,,0.0,,,,-0.06699999999999999,-0.06699999999999999,4.585912207949097e-19,-0.06700000000000024,1.0,0.04838080295983534,0.11652111469832764,-0.04831864402422872,0.012930999999999998,-0.048787644024228714,-6.938893903907228e-18,,,,,0.022678375244140625
l1tcl_gold_dim_sweep,8fc9b78128df,4,DRLearner_PooledWithSite,OracleTargetTreated,1403323130,100,100,5000,10,,0.06914787867854048,-0.03789739562646086,0.029102604373539114,0.029102604373539114,,,0.0,,,,-0.06699999999999999,-0.06699999999999999,-3.49900875769546e-17,-0.06700000000000023,1.0,0.05493177816952354,0.13826447847198164,-0.05401364402422872,0.018626000000000004,-0.048787644024228714,-6.938893903907228e-18,,,,,0.5467677116394043
l1tcl_gold_dim_sweep,8fc9b78128df,4,DRLearner_PooledNoSite,OracleTargetTreated,1403323130,100,100,5000,10,,0.06829344196343841,-0.04005822708396633,0.026941772916033647,0.026941772916033647,,,0.0,,,,-0.06699999999999999,-0.06699999999999999,-3.5422433647686944e-17,-0.06700000000000021,1.0,0.05415629881320656,0.13587613854212843,-0.05327664402422872,0.017889000000000002,-0.04878764402422872,0.0,,,,,0.17190980911254883
l1tcl_gold_dim_sweep,8fa4d5e0e043,1,TargetOnlyDR,OracleTargetTreated,297996411,50,50,5000,10,,0.3942031890499412,-0.013026761948738648,0.05397323805126133,0.05397323805126133,,,0.0,,,,-0.06699999999999999,-0.06699999999999999,-1.3730699911560852e-17,-0.06700000000000024,1.0,0.30648709337435043,0.7147561924762689,0.38369042058421554,0.033634,0.4039244205842155,0.0,0.0,0.0,,,5.386903285980225
l1tcl_gold_dim_sweep,8fa4d5e0e043,1,ProxyOnly,FeasibleRestricted,297996411,50,50,5000,10,,0.7229456537133543,-0.7207308307228658,0.6537308307228659,-0.6537308307228659,,,0.0,,,,-0.06699999999999999,-0.06699999999999999,-5.485751791809321e-18,-0.06700000000000025,1.0,0.6537308307228659,1.1733982264452596,0.41652042058421557,0.0008039999999999714,0.40392442058421557,-5.551115123125783e-17,0.0,0.0,,,7.091863632202148
l1tcl_gold_dim_sweep,8fa4d5e0e043,1,AnchorOnly,OracleTargetTreated,297996411,50,50,5000,10,,0.30001905540416735,-0.1121971109566286,0.04519711095662862,-0.04519711095662862,,,0.0,,,,-0.06699999999999999,-0.06699999999999999,-1.4708665170962055e-17,-0.06700000000000025,1.0,0.23873084439750686,0.5532037854427249,0.3950134205842155,0.022311000000000025,0.40392442058421557,-5.551115123125783e-17,0.035680933100059625,0.0,,,9.77889108657837
l1tcl_gold_dim_sweep,8fa4d5e0e043,1,AnchorPlugin,FeasibleRestricted,297996411,50,50,5000,10,,0.4063272431683139,-0.406960681159967,0.339960681159967,-0.339960681159967,,,0.0,,,,-0.06699999999999999,-0.06699999999999999,4.7319776690002683e-17,-0.06700000000000023,1.0,0.3517600089669001,0.7175814821013311,0.4149794205842155,0.0023450000000000415,0.40392442058421557,-5.551115123125783e-17,0.12444639241224009,3.0,,,5.862818717956543
l1tcl_gold_dim_sweep,8fa4d5e0e043,1,ProposedA_FullyDirect,OracleTargetTreated,297996411,50,50,5000,10,,0.31860395781373846,-0.14103044574972637,0.07403044574972639,-0.07403044574972639,,,0.0,,,,-0.06699999999999999,-0.06699999999999999,-7.649192882041046e-18,-0.06700000000000023,1.0,0.23468596075289533,0.6923035938973221,0.3955494205842155,0.021775000000000044,0.4039244205842155,0.0,0.0,0.0,,,8.623929262161255
l1tcl_gold_dim_sweep,8fa4d5e0e043,1,ProposedB_LinearStepB,OracleTargetTreated,297996411,50,50,5000,10,,0.2886175039552009,-0.1254158480464557,0.05841584804645572,-0.05841584804645572,,,0.0,,,,-0.06699999999999999,-0.06699999999999999,-2.925928514018162e-17,-0.06700000000000024,1.0,0.2305251100145283,0.5434589780314764,0.39575042058421556,0.021573999999999982,0.40392442058421557,-5.551115123125783e-17,0.1600407019224809,15.0,0.9874786081342827,9.0,22.368046283721924
l1tcl_gold_dim_sweep,8fa4d5e0e043,1,ProposedB_SourceDR,FeasibleRestricted,297996411,50,50,5000,10,,0.05205409565407124,-0.0750765542981228,0.008076554298122818,-0.008076554298122818,,,0.0,,,,-0.06699999999999999,-0.06699999999999999,-3.080880341044047e-17,-0.06700000000000024,1.0,0.03770489101268507,0.09877532654891465,0.4129024205842155,0.004422000000000037,0.4039244205842155,0.0,0.12804080029019002,2.0,0.9874786081342826,9.0,22.680156707763672
l1tcl_gold_dim_sweep,8fa4d5e0e043,1,IPWTransport,FeasibleRestricted,297996411,50,50,5000,10,,0.151607588928102,-0.023359366909846743,0.04364063309015323,0.04364063309015323,,,0.0,,,,-0.06699999999999999,-0.06699999999999999,-5.011703495390116e-17,-0.06700000000000023,1.0,0.12041557254163408,0.30222012705892115,0.38831342058421553,0.02901100000000001,0.4039244205842155,0.0,,,,,0.793804407119751
l1tcl_gold_dim_sweep,8fa4d5e0e043,1,EntropyBalancing,FeasibleRestricted,297996411,50,50,5000,10,,0.5829244052962678,-0.07515341973742176,0.008153419737421785,-0.008153419737421785,,,0.0,,,,-0.06699999999999999,-0.06699999999999999,-5.019055257180799e-18,-0.06700000000000021,1.0,0.46320513101378014,1.0537932589583912,0.38683942058421555,0.030484999999999984,0.4039244205842155,0.0,,,,,1.9576566219329834
l1tcl_gold_dim_sweep,8fa4d5e0e043,1,OutcomeModelTransport,FeasibleRestricted,297996411,50,50,5000,10,,0.05366410871125172,-0.09376146437979399,0.026761464379794014,-0.026761464379794014,,,0.0,,,,-0.06699999999999999,-0.06699999999999999,5.12268672277818e-17,-0.06700000000000024,1.0,0.04310479228690013,0.10602985041342887,0.4159174205842155,0.001407000000000047,0.4039244205842155,0.0,,,,,0.050255537033081055
l1tcl_gold_dim_sweep,8fa4d5e0e043,1,DRLearner_PooledWithSite,OracleTargetTreated,297996411,50,50,5000,10,,0.06390927905067106,-0.10974130160746128,0.0427413016074613,-0.0427413016074613,,,0.0,,,,-0.06699999999999999,-0.06699999999999999,3.3018590102051804e-17,-0.06700000000000028,1.0,0.05231186098071477,0.12419796564946693,0.4167884205842155,0.0005360000000000364,0.40392442058421557,-5.551115123125783e-17,,,,,0.8010087013244629
l1tcl_gold_dim_sweep,8fa4d5e0e043,1,DRLearner_PooledNoSite,OracleTargetTreated,297996411,50,50,5000,10,,0.0634681781395133,-0.10818080990159823,0.04118080990159825,-0.04118080990159825,,,0.0,,,,-0.06699999999999999,-0.06699999999999999,1.0476084350606526e-17,-0.06700000000000021,1.0,0.05170881070023143,0.12409612835451068,0.41672142058421546,0.0006030000000000757,0.4039244205842155,0.0,,,,,0.22270607948303223
l1tcl_gold_dim_sweep,8fa4d5e0e043,0,TargetOnlyDR,OracleTargetTreated,641240224,50,50,5000,10,,0.3876227626549734,-0.11440974838830255,0.04740974838830257,-0.04740974838830257,,,0.0,,,,-0.06699999999999999,-0.06699999999999999,-2.0933771241400736e-17,-0.06700000000000023,1.0,0.30009158820962495,0.7959586890260664,-0.4772283546710972,0.02693400000000007,-0.46369435467109715,0.0,0.0,0.0,,,5.9384989738464355
l1tcl_gold_dim_sweep,8fa4d5e0e043,0,ProxyOnly,FeasibleRestricted,641240224,50,50,5000,10,,0.35835703033689204,-0.01133911236352099,0.05566088763647899,0.05566088763647899,,,0.0,,,,-0.06699999999999999,-0.06699999999999999,-7.603212111781982e-18,-0.06700000000000027,1.0,0.2936371443040512,0.6805426178159665,-0.4811143546710972,0.03082000000000007,-0.46369435467109715,0.0,0.0,0.0,,,6.992646932601929
l1tcl_gold_dim_sweep,8fa4d5e0e043,0,AnchorOnly,OracleTargetTreated,641240224,50,50,5000,10,,0.32256840929631464,-0.1043833194461687,0.037383319446168725,-0.037383319446168725,,,0.0,,,,-0.06699999999999999,-0.06699999999999999,-2.7601237748434788e-17,-0.06700000000000023,1.0,0.2604375554234384,0.5856695654944968,-0.4748833546710972,0.024589000000000083,-0.46369435467109715,0.0,0.0186995140378892,1.0,,,10.361952543258667
l1tcl_gold_dim_sweep,8fa4d5e0e043,0,AnchorPlugin,FeasibleRestricted,641240224,50,50,5000,10,,0.26531256693739497,-0.0335479430144362,0.03345205698556378,0.03345205698556378,,,0.0,,,,-0.06699999999999999,-0.06699999999999999,2.3071811052527296e-17,-0.06700000000000023,1.0,0.21268581620226346,0.4888078822230506,-0.48151635467109716,0.031222000000000028,-0.46369435467109715,0.0,0.06200413926879462,8.0,,,7.122949600219727
l1tcl_gold_dim_sweep,8fa4d5e0e043,0,ProposedA_FullyDirect,OracleTargetTreated,641240224,50,50,5000,10,,0.27177242615135433,-0.12593348001621021,0.05893348001621024,-0.05893348001621024,,,0.0,,,,-0.06699999999999999,-0.06699999999999999,-1.9094716687983615e-17,-0.06700000000000024,1.0,0.21285628395746342,0.5350089906922786,-0.47146635467109715,0.021172000000000024,-0.46369435467109715,0.0,0.0,0.0,,,8.455114126205444
l1tcl_gold_dim_sweep,8fa4d5e0e043,0,ProposedB_LinearStepB,OracleTargetTreated,641240224,50,50,5000,10,,0.32710286724040105,-0.10642683690649475,0.039426836906494775,-0.039426836906494775,,,0.0,,,,-0.06699999999999999,-0.06699999999999999,-3.9294732604424795e-17,-0.06700000000000023,1.0,0.2638219340461244,0.5854828761987303,-0.47394535467109716,0.023651000000000033,-0.46369435467109715,0.0,0.053581566898194724,17.0,0.7399684844925493,9.0,20.48870348930359
l1tcl_gold_dim_sweep,8fa4d5e0e043,0,ProposedB_SourceDR,FeasibleRestricted,641240224,50,50,5000,10,,0.049007891223287386,-0.07339475164254305,0.006394751642543078,-0.006394751642543078,,,0.0,,,,-0.06699999999999999,-0.06699999999999999,-1.0522883289436773e-16,-0.06700000000000025,1.0,0.03424725907066725,0.10090836475225239,-0.4521033546710972,0.0018090000000000606,-0.4636943546710972,5.551115123125783e-17,0.05604851082027122,8.0,0.7399684844925493,9.0,23.602768898010254
l1tcl_gold_dim_sweep,8fa4d5e0e043,0,IPWTransport,FeasibleRestricted,641240224,50,50,5000,10,,0.25758189025698214,-0.05674984650672022,0.010250153493279755,0.010250153493279755,,,0.0,,,,-0.06699999999999999,-0.06699999999999999,3.227482962495605e-17,-0.06700000000000021,1.0,0.20246088151281952,0.46085099635404597,-0.47836735467109714,0.028073000000000015,-0.4636943546710972,5.551115123125783e-17,,,,,0.5723171234130859
l1tcl_gold_dim_sweep,8fa4d5e0e043,0,EntropyBalancing,FeasibleRestricted,641240224,50,50,5000,10,,0.5292379547366167,0.008772230907133121,0.0757722309071331,0.0757722309071331,,,0.0,,,,-0.06699999999999999,-0.06699999999999999,2.1614351671399558e-17,-0.06700000000000024,1.0,0.42460873517396697,0.9627864617114108,-0.4843973546710972,0.03410300000000005,-0.46369435467109715,0.0,,,,,2.3188083171844482
l1tcl_gold_dim_sweep,8fa4d5e0e043,0,OutcomeModelTransport,FeasibleRestricted,641240224,50,50,5000,10,,0.05125123957048451,-0.038697806708784546,0.02830219329121543,0.02830219329121543,,,0.0,,,,-0.06699999999999999,-0.06699999999999999,1.9404191360549176e-17,-0.06700000000000024,1.0,0.04097284161177686,0.10312412092503087,-0.4620863546710972,0.01179200000000008,-0.4636943546710972,5.551115123125783e-17,,,,,0.16159343719482422
l1tcl_gold_dim_sweep,8fa4d5e0e043,0,DRLearner_PooledWithSite,OracleTargetTreated,641240224,50,50,5000,10,,0.05062735608843006,-0.038317533762307295,0.02868246623769268,0.02868246623769268,,,0.0,,,,-0.06699999999999999,-0.06699999999999999,-2.411367023967323e-17,-0.06700000000000021,1.0,0.040633860846537494,0.10043419049648025,-0.46188535467109715,0.011591000000000018,-0.46369435467109715,0.0,,,,,0.9953458309173584
l1tcl_gold_dim_sweep,8fa4d5e0e043,0,DRLearner_PooledNoSite,OracleTargetTreated,641240224,50,50,5000,10,,0.050324947498500056,-0.03899476082816551,0.028005239171834465,0.028005239171834465,,,0.0,,,,-0.06699999999999999,-0.06699999999999999,-6.847964596523064e-18,-0.06700000000000024,1.0,0.040352064486507966,0.10002272180093377,-0.4617513546710971,0.011456999999999995,-0.4636943546710972,5.551115123125783e-17,,,,,0.3484659194946289
l1tcl_gold_dim_sweep,8fa4d5e0e043,4,TargetOnlyDR,OracleTargetTreated,2141050359,50,50,5000,10,,0.3926686161205563,0.06690302743686911,0.1339030274368691,0.1339030274368691,,,0.0,,,,-0.06699999999999999,-0.06699999999999999,7.255213213895601e-19,-0.06700000000000025,1.0,0.31620200371572915,0.7851199085643108,-0.4002876020156795,0.03765400000000002,-0.3760336020156794,0.0,0.0,0.0,,,5.63562536239624
l1tcl_gold_dim_sweep,8fa4d5e0e043,4,ProxyOnly,FeasibleRestricted,2141050359,50,50,5000,10,,0.40509435782675807,0.17418214172398466,0.24118214172398464,0.24118214172398464,,,0.0,,,,-0.06699999999999999,-0.06699999999999999,-4.665768118995011e-18,-0.06700000000000024,1.0,0.31356868557006584,0.8558059011645567,-0.40906460201567946,0.046431,-0.3760336020156794,0.0,0.0,0.0,,,6.934973239898682
l1tcl_gold_dim_sweep,8fa4d5e0e043,4,AnchorOnly,OracleTargetTreated,2141050359,50,50,5000,10,,0.3815311826475838,0.0566055756500465,0.12360557565004648,0.12360557565004648,,,0.0,,,,-0.06699999999999999,-0.06699999999999999,-5.151319387841152e-18,-0.06700000000000023,1.0,0.31640430569370676,0.7272649522382734,-0.4010246020156794,0.03839099999999995,-0.3760336020156794,0.0,0.05598962355938345,0.0,,,9.626213788986206
l1tcl_gold_dim_sweep,8fa4d5e0e043,4,AnchorPlugin,FeasibleRestricted,2141050359,50,50,5000,10,,0.2405596239294906,0.0726686809830928,0.13966868098309276,0.13966868098309276,,,0.0,,,,-0.06699999999999999,-0.06699999999999999,-3.2468502558896305e-17,-0.06700000000000024,1.0,0.194026596151743,0.47340142956318826,-0.40558060201567947,0.04294700000000001,-0.3760336020156794,0.0,0.21416026120392254,0.0,,,6.060684680938721
l1tcl_gold_dim_sweep,8fa4d5e0e043,4,ProposedA_FullyDirect,OracleTargetTreated,2141050359,50,50,5000,10,,0.3539515990961304,0.08813926069877664,0.15513926069877662,0.15513926069877662,,,0.0,,,,-0.06699999999999999,-0.06699999999999999,-3.4010890084756026e-17,-0.06700000000000024,1.0,0.27286843243343106,0.7768320672963406,-0.4027666020156794,0.04013299999999992,-0.3760336020156794,0.0,0.0,0.0,,,8.59326171875
l1tcl_gold_dim_sweep,8fa4d5e0e043,4,ProposedB_LinearStepB,OracleTargetTreated,2141050359,50,50,5000,10,,0.36023179171101183,0.0647955165597393,0.13179551655973926,0.13179551655973926,,,0.0,,,,-0.06699999999999999,-0.06699999999999999,-1.4285859402356402e-17,-0.06700000000000024,1.0,0.28947874881854263,0.7242321062055095,-0.4008906020156794,0.03825699999999993,-0.3760336020156794,0.0,0.17287950065367896,0.0,0.9141730442883258,10.0,22.054362773895264
l1tcl_gold_dim_sweep,8fa4d5e0e043,4,ProposedB_SourceDR,FeasibleRestricted,2141050359,50,50,5000,10,,0.06251400520793572,-0.09611263405939323,0.029112634059393253,-0.029112634059393253,,,0.0,,,,-0.06699999999999999,-0.06699999999999999,8.80610944044787e-17,-0.06700000000000025,1.0,0.04620598332857251,0.1325053069858047,-0.36477760201567944,0.0021439999999999793,-0.3760336020156794,0.0,0.2102915025978417,0.0,0.9141730442883256,10.0,26.867302656173706
l1tcl_gold_dim_sweep,8fa4d5e0e043,4,IPWTransport,FeasibleRestricted,2141050359,50,50,5000,10,,0.2067361741306244,-0.08679506000615371,0.019795060006153734,-0.019795060006153734,,,0.0,,,,-0.06699999999999999,-0.06699999999999999,2.5416961594149565e-17,-0.06700000000000027,1.0,0.16392938583035915,0.3782624607292964,-0.3847436020156794,0.022109999999999963,-0.3760336020156794,0.0,,,,,0.7928102016448975
l1tcl_gold_dim_sweep,8fa4d5e0e043,4,EntropyBalancing,FeasibleRestricted,2141050359,50,50,5000,10,,0.48116376212888157,0.12204112583232388,0.18904112583232385,0.18904112583232385,,,0.0,,,,-0.06699999999999999,-0.06699999999999999,-8.413770320226735e-18,-0.06700000000000027,1.0,0.38751965960402635,0.942618812377983,-0.40343660201567944,0.04080299999999998,-0.3760336020156794,0.0,,,,,2.4868671894073486
l1tcl_gold_dim_sweep,8fa4d5e0e043,4,OutcomeModelTransport,FeasibleRestricted,2141050359,50,50,5000,10,,0.05813567058747147,-0.034162864881345345,0.03283713511865463,0.03283713511865463,,,0.0,,,,-0.06699999999999999,-0.06699999999999999,-1.2115118868333102e-18,-0.06700000000000024,1.0,0.04691938697028248,0.11625179068017027,-0.37804360201567944,0.01540999999999998,-0.3760336020156794,0.0,,,,,0.07679271697998047
l1tcl_gold_dim_sweep,8fa4d5e0e043,4,DRLearner_PooledWithSite,OracleTargetTreated,2141050359,50,50,5000,10,,0.06585029119732115,-0.025093545811311582,0.041906454188688394,0.041906454188688394,,,0.0,,,,-0.06699999999999999,-0.06699999999999999,-4.991309989256465e-17,-0.06700000000000023,1.0,0.05370686628495672,0.13026615600728247,-0.38387260201567935,0.021238999999999897,-0.3760336020156794,0.0,,,,,0.853752851486206
l1tcl_gold_dim_sweep,8fa4d5e0e043,4,DRLearner_PooledNoSite,OracleTargetTreated,2141050359,50,50,5000,10,,0.06791874280485628,-0.022648720395127,0.04435127960487298,0.04435127960487298,,,0.0,,,,-0.06699999999999999,-0.06699999999999999,-2.3131609682555823e-17,-0.06700000000000023,1.0,0.05556387878760162,0.13361369959610475,-0.3852126020156795,0.022579000000000016,-0.3760336020156794,0.0,,,,,0.5354869365692139
l1tcl_gold_dim_sweep,8fc9b78128df,0,TargetOnlyDR,OracleTargetTreated,1334563469,100,100,5000,10,,0.2936371276258066,-0.1663560805025395,0.09935608050253952,-0.09935608050253952,,,0.0,,,,-0.06699999999999999,-0.06699999999999999,2.688078136045706e-17,-0.06700000000000023,1.0,0.22149438488885528,0.6138076301895733,0.35924399275712754,0.01909500000000003,0.3649389927571276,0.0,0.0,0.0,,,5.714079141616821
l1tcl_gold_dim_sweep,8fc9b78128df,0,ProxyOnly,FeasibleRestricted,1334563469,100,100,5000,10,,0.7807674066292912,-0.7713952611587968,0.7043952611587968,-0.7043952611587968,,,0.0,,,,-0.06699999999999999,-0.06699999999999999,9.524526985085825e-18,-0.06700000000000024,1.0,0.7043952611587969,1.2906766781101446,0.37786999275712757,0.0004689999999999972,0.3649389927571276,0.0,0.0,0.0,,,6.9110107421875
l1tcl_gold_dim_sweep,8fc9b78128df,0,AnchorOnly,OracleTargetTreated,1334563469,100,100,5000,10,,0.25695321455272085,-0.16371457307150244,0.09671457307150247,-0.09671457307150247,,,0.0,,,,-0.06699999999999999,-0.06699999999999999,4.192681926878482e-17,-0.0670000000000002,1.0,0.20029008066468149,0.543429313967949,0.36004799275712757,0.018291,0.36493899275712754,5.551115123125783e-17,0.02110235865222275,2.0,,,10.204525709152222
l1tcl_gold_dim_sweep,8fc9b78128df,0,AnchorPlugin,FeasibleRestricted,1334563469,100,100,5000,10,,0.4172224792739046,-0.3805651070798481,0.3135651070798481,-0.3135651070798481,,,0.0,,,,-0.06699999999999999,-0.06699999999999999,1.7872052342577665e-17,-0.06700000000000021,1.0,0.34591018956101083,0.810264615424065,0.3725099927571276,0.005828999999999973,0.3649389927571276,0.0,0.03131040297267912,13.0,,,6.56129264831543
l1tcl_gold_dim_sweep,8fc9b78128df,0,ProposedA_FullyDirect,OracleTargetTreated,1334563469,100,100,5000,10,,0.280844044965976,-0.2357576844801707,0.16875768448017073,-0.16875768448017073,,,0.0,,,,-0.06699999999999999,-0.06699999999999999,6.266140460056909e-17,-0.06700000000000023,1.0,0.21710507575672436,0.601614365323952,0.36942799275712757,0.008911000000000002,0.36493899275712754,5.551115123125783e-17,0.0,0.0,,,8.320393323898315
l1tcl_gold_dim_sweep,8fc9b78128df,0,ProposedB_LinearStepB,OracleTargetTreated,1334563469,100,100,5000,10,,0.2572976591189821,-0.16296210479086864,0.09596210479086867,-0.09596210479086867,,,0.0,,,,-0.06699999999999999,-0.06699999999999999,4.434390589289619e-17,-0.06700000000000024,1.0,0.19661052849596347,0.5570603657272227,0.36058399275712755,0.01775500000000002,0.3649389927571276,0.0,0.0429087413152119,16.0,0.13097736035048782,9.0,24.595300674438477
l1tcl_gold_dim_sweep,8fc9b78128df,0,ProposedB_SourceDR,FeasibleRestricted,1334563469,100,100,5000,10,,0.0579626141568767,-0.05378648493608564,0.013213515063914334,0.013213515063914334,,,0.0,,,,-0.06699999999999999,-0.06699999999999999,-9.431215602036804e-17,-0.06700000000000024,1.0,0.04351591879291983,0.10284365850102548,0.3693609927571276,0.008977999999999986,0.3649389927571276,0.0,0.02602965465517304,14.0,0.1309773603504878,9.0,25.191521167755127
l1tcl_gold_dim_sweep,8fc9b78128df,0,IPWTransport,FeasibleRestricted,1334563469,100,100,5000,10,,0.3185631238937122,-0.3620961957963031,0.2950961957963031,-0.2950961957963031,,,0.0,,,,-0.06699999999999999,-0.06699999999999999,-3.6015944081389306e-17,-0.06700000000000028,1.0,0.2950961957963031,0.5079388991747267,0.3782719927571276,6.699999999998374e-05,0.3649389927571276,0.0,,,,,0.9612059593200684
l1tcl_gold_dim_sweep,8fc9b78128df,0,EntropyBalancing,FeasibleRestricted,1334563469,100,100,5000,10,,1.1362512581178974,-0.9518919684356335,0.8848919684356336,-0.8848919684356336,,,0.0,,,,-0.06699999999999999,-0.06699999999999999,-1.1796307868158948e-17,-0.06700000000000023,1.0,0.9545093448616746,2.140709938313025,0.3729789927571276,0.005359999999999976,0.36493899275712754,5.551115123125783e-17,,,,,2.2248446941375732
l1tcl_gold_dim_sweep,8fc9b78128df,0,OutcomeModelTransport,FeasibleRestricted,1334563469,100,100,5000,10,,0.07332003650332916,-0.11962506893972939,0.052625068939729416,-0.052625068939729416,,,0.0,,,,-0.06699999999999999,-0.06699999999999999,-1.894119496246527e-16,-0.06700000000000024,1.0,0.059610480153352685,0.1449138663016079,0.3778029927571276,0.0005359999999999809,0.3649389927571276,0.0,,,,,0.06097269058227539
l1tcl_gold_dim_sweep,8fc9b78128df,0,DRLearner_PooledWithSite,OracleTargetTreated,1334563469,100,100,5000,10,,0.0967117483971407,-0.15064670555095558,0.0836467055509556,-0.0836467055509556,,,0.0,,,,-0.06699999999999999,-0.06699999999999999,-1.6698061883435612e-16,-0.06700000000000027,1.0,0.08364670555095559,0.1696067099646572,0.3782719927571276,6.699999999998374e-05,0.3649389927571276,0.0,,,,,0.9911954402923584
l1tcl_gold_dim_sweep,8fc9b78128df,0,DRLearner_PooledNoSite,OracleTargetTreated,1334563469,100,100,5000,10,,0.09488222590545574,-0.14904293741435667,0.0820429374143567,-0.0820429374143567,,,0.0,,,,-0.06699999999999999,-0.06699999999999999,-1.783811610163547e-16,-0.06700000000000024,1.0,0.0820429374143567,0.16678316722309416,0.3782719927571276,6.699999999998374e-05,0.3649389927571276,0.0,,,,,0.33499765396118164
l1tcl_gold_dim_sweep,8fc9b78128df,1,TargetOnlyDR,OracleTargetTreated,993242370,100,100,5000,10,,0.2735440429595071,0.015240817947030968,0.08224081794703095,0.08224081794703095,,,0.0,,,,-0.06699999999999999,-0.06699999999999999,4.0865238934789245e-18,-0.06700000000000024,1.0,0.20847997866149218,0.5551096318883453,-0.6826848416164271,0.03490700000000002,-0.661177841616427,0.0,0.0,0.0,,,5.619605541229248
l1tcl_gold_dim_sweep,8fc9b78128df,1,ProxyOnly,FeasibleRestricted,993242370,100,100,5000,10,,0.6098793424898706,0.4456602734412617,0.5126602734412616,0.5126602734412616,,,0.0,,,,-0.06699999999999999,-0.06699999999999999,-1.7702087677554434e-17,-0.06700000000000023,1.0,0.5290225021230727,1.0920051580943526,-0.7084798416164271,0.060702000000000034,-0.661177841616427,0.0,0.0,0.0,,,7.074221611022949
l1tcl_gold_dim_sweep,8fc9b78128df,1,AnchorOnly,OracleTargetTreated,993242370,100,100,5000,10,,0.26133937220828934,-0.0667027385433129,0.00029726145668707016,0.00029726145668707016,,,0.0,,,,-0.06699999999999999,-0.06699999999999999,2.811506820325469e-17,-0.06700000000000023,1.0,0.2010637565239797,0.4802363513555404,-0.672165841616427,0.024387999999999965,-0.661177841616427,0.0,0.035620445276184846,0.0,,,10.689522743225098
l1tcl_gold_dim_sweep,8fc9b78128df,1,AnchorPlugin,FeasibleRestricted,993242370,100,100,5000,10,,0.3587189003952865,0.21594398029884362,0.2829439802988436,0.2829439802988436,,,0.0,,,,-0.06699999999999999,-0.06699999999999999,-4.5839768743381335e-17,-0.06700000000000021,1.0,0.29951832821739166,0.6884286769546857,-0.7038568416164269,0.05607899999999988,-0.661177841616427,0.0,0.08263550488812006,4.0,,,7.8667497634887695
l1tcl_gold_dim_sweep,8fc9b78128df,1,ProposedA_FullyDirect,OracleTargetTreated,993242370,100,100,5000,10,,0.27274776202872214,0.02436067374499093,0.0913606737449909,0.0913606737449909,,,0.0,,,,-0.06699999999999999,-0.06699999999999999,3.1212236228640584e-17,-0.06700000000000025,1.0,0.201118103054172,0.6173570572087135,-0.6822158416164269,0.03443799999999986,-0.661177841616427,0.0,0.0,0.0,,,8.584377527236938
l1tcl_gold_dim_sweep,8fc9b78128df,1,ProposedB_LinearStepB,OracleTargetTreated,993242370,100,100,5000,10,,0.25545783988969833,-0.0637842908837181,0.00321570911628187,0.00321570911628187,,,0.0,,,,-0.06699999999999999,-0.06699999999999999,2.5218045932387855e-17,-0.06700000000000025,1.0,0.1977370300976534,0.46495429146805717,-0.6733718416164269,0.025593999999999895,-0.661177841616427,0.0,0.11001077209959886,3.0,0.8504828408442618,10.0,23.32760214805603
l1tcl_gold_dim_sweep,8fc9b78128df,1,ProposedB_SourceDR,FeasibleRestricted,993242370,100,100,5000,10,,0.05653704867863329,-0.026741623191972538,0.040258376808027435,0.040258376808027435,,,0.0,,,,-0.06699999999999999,-0.06699999999999999,-6.064838104421172e-17,-0.06700000000000024,1.0,0.047257411134800795,0.1059110956132607,-0.6638578416164271,0.016080000000000094,-0.661177841616427,0.0,0.07494843881259702,5.0,0.8504828408442618,10.0,24.997923851013184
l1tcl_gold_dim_sweep,8fc9b78128df,1,IPWTransport,FeasibleRestricted,993242370,100,100,5000,10,,0.2715328775537822,0.046192316789938126,0.1131923167899381,0.1131923167899381,,,0.0,,,,-0.06699999999999999,-0.06699999999999999,5.2276179867369e-18,-0.06700000000000023,1.0,0.2160926182335241,0.5466411413242914,-0.686436841616427,0.038659,-0.661177841616427,0.0,,,,,0.7167520523071289
l1tcl_gold_dim_sweep,8fc9b78128df,1,EntropyBalancing,FeasibleRestricted,993242370,100,100,5000,10,,0.36910968046009074,0.029471708399316003,0.09647170839931599,0.09647170839931599,,,0.0,,,,-0.06699999999999999,-0.06699999999999999,2.967641467342126e-18,-0.06700000000000021,1.0,0.2952742682789981,0.7096199396669125,-0.682550841616427,0.03477299999999994,-0.661177841616427,0.0,,,,,2.2303168773651123
l1tcl_gold_dim_sweep,8fc9b78128df,1,OutcomeModelTransport,FeasibleRestricted,993242370,100,100,5000,10,,0.07582680567259831,-0.03409242441451884,0.03290757558548114,0.03290757558548114,,,0.0,,,,-0.06699999999999999,-0.06699999999999999,1.998521131917355e-18,-0.06700000000000023,1.0,0.06067826326023595,0.15077642827937593,-0.6688828416164271,0.02110500000000004,-0.661177841616427,0.0,,,,,0.13260269165039062
l1tcl_gold_dim_sweep,8fc9b78128df,1,DRLearner_PooledWithSite,OracleTargetTreated,993242370,100,100,5000,10,,0.07451320378413623,-0.03233565787079333,0.034664342129206646,0.034664342129206646,,,0.0,,,,-0.06699999999999999,-0.06699999999999999,9.806109550055771e-18,-0.06700000000000023,1.0,0.05967777629255008,0.15036794146243,-0.668815841616427,0.021038,-0.661177841616427,0.0,,,,,0.9127645492553711
l1tcl_gold_dim_sweep,8fc9b78128df,1,DRLearner_PooledNoSite,OracleTargetTreated,993242370,100,100,5000,10,,0.07516731412973295,-0.030779874460370515,0.03622012553962946,0.03622012553962946,,,0.0,,,,-0.06699999999999999,-0.06699999999999999,6.228852437398729e-18,-0.06700000000000027,1.0,0.06033420843273059,0.1516864477732852,-0.669083841616427,0.021305999999999936,-0.6611778416164269,-1.1102230246251565e-16,,,,,0.3637549877166748
l1tcl_gold_dim_sweep,d22ce81d7599,3,TargetOnlyDR,OracleTargetTreated,1589987023,100,100,5000,10,,0.20310864085518573,-0.009438936815933123,0.057561063184066855,0.057561063184066855,,,0.0,,,,-0.06699999999999999,-0.06699999999999999,1.716038625151174e-17,-0.06700000000000025,1.0,0.1532710293998708,0.40529853026420476,-0.09319167621451012,0.033031,-0.07356067621451012,0.0,0.0,0.0,,,6.283499479293823
l1tcl_gold_dim_sweep,d22ce81d7599,3,ProxyOnly,FeasibleRestricted,1589987023,100,100,5000,10,,0.36658084161899424,-0.18651752367991664,0.11951752367991667,-0.11951752367991667,,,0.0,,,,-0.06699999999999999,-0.06699999999999999,-1.4406408843254843e-17,-0.06700000000000024,1.0,0.2730599197799143,0.8285648496365585,-0.08186867621451012,0.021707999999999998,-0.07356067621451012,0.0,0.0,0.0,,,6.670742034912109
l1tcl_gold_dim_sweep,d22ce81d7599,3,AnchorOnly,OracleTargetTreated,1589987023,100,100,5000,10,,0.2606602614471118,-0.016188371151266066,0.050811628848733914,0.050811628848733914,,,0.0,,,,-0.06699999999999999,-0.06699999999999999,4.5519845570092404e-18,-0.06700000000000027,1.0,0.20047914421413804,0.4783262341023227,-0.09627367621451012,0.036113,-0.07356067621451012,0.0,0.010350592702804797,0.0,,,10.638880014419556
l1tcl_gold_dim_sweep,d22ce81d7599,3,AnchorPlugin,FeasibleRestricted,1589987023,100,100,5000,10,,0.17650817683807507,-0.13752542617222693,0.07052542617222696,-0.07052542617222696,,,0.0,,,,-0.06699999999999999,-0.06699999999999999,1.1133240264397398e-17,-0.06700000000000023,1.0,0.14351245510524152,0.3428303637838396,-0.07389567621451011,0.01373499999999999,-0.07356067621451012,0.0,0.12331645606773209,0.0,,,7.501837491989136
l1tcl_gold_dim_sweep,d22ce81d7599,3,ProposedA_FullyDirect,OracleTargetTreated,1589987023,100,100,5000,10,,0.20000586412653654,0.009794172771345803,0.07679417277134579,0.07679417277134579,,,0.0,,,,-0.06699999999999999,-0.06699999999999999,-1.0757748032629814e-17,-0.06700000000000027,1.0,0.15827894393984762,0.3988328276656842,-0.09613967621451011,0.03597899999999999,-0.07356067621451012,0.0,0.0,0.0,,,7.430940866470337
l1tcl_gold_dim_sweep,d22ce81d7599,3,ProposedB_LinearStepB,OracleTargetTreated,1589987023,100,100,5000,10,,0.2690824801478886,-0.025119853414007038,0.04188014658599294,0.04188014658599294,,,0.0,,,,-0.06699999999999999,-0.06699999999999999,6.3849605562627026e-18,-0.06700000000000024,1.0,0.20527270868778333,0.5221046462493911,-0.09654167621451012,0.036381000000000004,-0.07356067621451012,0.0,0.13222971932521824,0.0,0.003763249463670885,2.0,25.668959856033325
l1tcl_gold_dim_sweep,d22ce81d7599,3,ProposedB_SourceDR,FeasibleRestricted,1589987023,100,100,5000,10,,0.08205176154367941,-0.12145998834610679,0.05445998834610681,-0.05445998834610681,,,0.0,,,,-0.06699999999999999,-0.06699999999999999,-1.90376405790371e-16,-0.06700000000000025,1.0,0.06778486094720122,0.15288828913960062,-0.062170676214510126,0.002010000000000005,-0.07356067621451012,0.0,0.12096766847229294,0.0,0.0037632494636708844,2.0,22.429729461669922
l1tcl_gold_dim_sweep,d22ce81d7599,3,IPWTransport,FeasibleRestricted,1589987023,100,100,5000,10,,0.09235378959669728,-0.08009694804644045,0.013096948046440474,-0.013096948046440474,,,0.0,,,,-0.06699999999999999,-0.06699999999999999,-8.536648792018825e-17,-0.06700000000000023,1.0,0.07237690879596716,0.17414753136795985,-0.07262267621451012,0.012461999999999994,-0.07356067621451012,0.0,,,,,1.1728510856628418
l1tcl_gold_dim_sweep,d22ce81d7599,3,EntropyBalancing,FeasibleRestricted,1589987023,100,100,5000,10,,0.10170413078082961,-0.07721431981098402,0.010214319810984043,-0.010214319810984043,,,0.0,,,,-0.06699999999999999,-0.06699999999999999,-7.111923457571654e-17,-0.06700000000000025,1.0,0.07979032578604943,0.1882557271976697,-0.07456567621451012,0.014404999999999994,-0.07356067621451012,0.0,,,,,3.4799015522003174
l1tcl_gold_dim_sweep,d22ce81d7599,3,OutcomeModelTransport,FeasibleRestricted,1589987023,100,100,5000,10,,0.04674406492955049,-0.10571824128093377,0.03871824128093379,-0.03871824128093379,,,0.0,,,,-0.06699999999999999,-0.06699999999999999,1.2205134021727461e-16,-0.06700000000000018,1.0,0.03994406890917619,0.08515440979371335,-0.06016067621451012,0.0,-0.07356067621451012,0.0,,,,,0.15541720390319824
l1tcl_gold_dim_sweep,d22ce81d7599,3,DRLearner_PooledWithSite,OracleTargetTreated,1589987023,100,100,5000,10,,0.03012065759742877,-0.08469355305290395,0.017693553052903974,-0.017693553052903974,,,0.0,,,,-0.06699999999999999,-0.06699999999999999,1.6794359506880728e-16,-0.06700000000000023,1.0,0.02408655079290066,0.06139474103580096,-0.06022767621451012,6.699999999999762e-05,-0.07356067621451012,0.0,,,,,1.2586822509765625
l1tcl_gold_dim_sweep,d22ce81d7599,3,DRLearner_PooledNoSite,OracleTargetTreated,1589987023,100,100,5000,10,,0.03144614909574817,-0.08622483002802783,0.019224830028027856,-0.019224830028027856,,,0.0,,,,-0.06699999999999999,-0.06699999999999999,1.5610396304158924e-16,-0.06700000000000023,1.0,0.025276482045471147,0.06383980143024455,-0.06022767621451012,6.699999999999762e-05,-0.07356067621451012,0.0,,,,,0.6325013637542725
l1tcl_gold_dim_sweep,4bd4e19c6458,3,TargetOnlyDR,OracleTargetTreated,2142542604,50,50,5000,10,,0.31077281788280764,-0.10499613928943027,0.0379961392894303,-0.0379961392894303,,,0.0,,,,-0.06699999999999999,-0.06699999999999999,-3.33304487532954e-17,-0.06700000000000024,1.0,0.25063199580620804,0.5680602516600121,0.14321733480722024,0.025191999999999964,0.1550093348072202,2.7755575615628914e-17,0.0,0.0,,,5.5575315952301025
l1tcl_gold_dim_sweep,4bd4e19c6458,3,ProxyOnly,FeasibleRestricted,2142542604,50,50,5000,10,,0.6051878134720279,-0.5586715681932326,0.49167156819323266,-0.49167156819323266,,,0.0,,,,-0.06699999999999999,-0.06699999999999999,4.868863388913706e-18,-0.06700000000000024,1.0,0.518577243072466,1.0800810064703046,0.1642553348072202,0.004153999999999991,0.15500933480722023,0.0,0.0,0.0,,,6.949831247329712
l1tcl_gold_dim_sweep,4bd4e19c6458,3,AnchorOnly,OracleTargetTreated,2142542604,50,50,5000,10,,0.33949985200922955,-0.10097560986179704,0.03397560986179707,-0.03397560986179707,,,0.0,,,,-0.06699999999999999,-0.06699999999999999,-4.494445456506379e-17,-0.06700000000000024,1.0,0.27336479000787767,0.612647084502378,0.14348533480722023,0.024923999999999974,0.15500933480722023,0.0,0.047078330925405205,0.0,,,10.200236558914185
l1tcl_gold_dim_sweep,4bd4e19c6458,3,AnchorPlugin,FeasibleRestricted,2142542604,50,50,5000,10,,0.266386869874963,-0.29804710270166435,0.23104710270166437,-0.23104710270166437,,,0.0,,,,-0.06699999999999999,-0.06699999999999999,-1.4248830108049525e-17,-0.06700000000000027,1.0,0.23104710270166434,0.47339461094927954,0.1674713348072202,0.0009379999999999944,0.15500933480722023,0.0,0.12657227631685194,0.0,,,5.999621868133545
l1tcl_gold_dim_sweep,4bd4e19c6458,3,ProposedA_FullyDirect,OracleTargetTreated,2142542604,50,50,5000,10,,0.3753195291003372,-0.1972586865467728,0.13025868654677283,-0.13025868654677283,,,0.0,,,,-0.06699999999999999,-0.06699999999999999,-3.4471173789058125e-17,-0.06700000000000024,1.0,0.29305928093675976,0.7936606958213543,0.1499843348072202,0.018424999999999997,0.15500933480722023,0.0,0.0,0.0,,,8.340106964111328
l1tcl_gold_dim_sweep,4bd4e19c6458,3,ProposedB_LinearStepB,OracleTargetTreated,2142542604,50,50,5000,10,,0.3386769344348666,-0.10137210894364276,0.03437210894364279,-0.03437210894364279,,,0.0,,,,-0.06699999999999999,-0.06699999999999999,-3.996145457928266e-17,-0.06700000000000028,1.0,0.2713104594466408,0.6151546457029451,0.14395433480722022,0.024454999999999977,0.1550093348072202,2.7755575615628914e-17,0.11027048645614072,0.0,0.3689642094272838,4.0,26.33562970161438
l1tcl_gold_dim_sweep,4bd4e19c6458,3,ProposedB_SourceDR,FeasibleRestricted,2142542604,50,50,5000,10,,0.11911225333104139,-0.14336186238880966,0.07636186238880968,-0.07636186238880968,,,0.0,,,,-0.06699999999999999,-0.06699999999999999,-1.4958126936780532e-16,-0.06700000000000028,1.0,0.08428161498514034,0.29389768674666755,0.1673373348072202,0.0010719999999999896,0.15500933480722023,0.0,0.11354928937187778,0.0,0.3689642094272838,4.0,25.671024560928345
l1tcl_gold_dim_sweep,4bd4e19c6458,3,IPWTransport,FeasibleRestricted,2142542604,50,50,5000,10,,0.09966230126220092,-0.04220188953602421,0.024798110463975766,0.024798110463975766,,,0.0,,,,-0.06699999999999999,-0.06699999999999999,-1.0647331187744588e-16,-0.06700000000000024,1.0,0.0790786026327074,0.19167317370477738,0.1458303348072202,0.022578999999999988,0.1550093348072202,2.7755575615628914e-17,,,,,1.231097936630249
l1tcl_gold_dim_sweep,4bd4e19c6458,3,EntropyBalancing,FeasibleRestricted,2142542604,50,50,5000,10,,0.21336260533212575,-0.009419144220203247,0.05758085577979673,0.05758085577979673,,,0.0,,,,-0.06699999999999999,-0.06699999999999999,-3.857634504668822e-17,-0.06700000000000023,1.0,0.16969802184371344,0.40902553740729075,0.13618233480722022,0.03222699999999998,0.15500933480722023,0.0,,,,,2.425746202468872
l1tcl_gold_dim_sweep,4bd4e19c6458,3,OutcomeModelTransport,FeasibleRestricted,2142542604,50,50,5000,10,,0.041170902405368734,-0.082403325005321,0.015403325005321017,-0.015403325005321017,,,0.0,,,,-0.06699999999999999,-0.06699999999999999,-3.2498442798310354e-16,-0.06700000000000027,1.0,0.032600328625695896,0.08307035663864755,0.1674713348072202,0.0009379999999999944,0.15500933480722023,0.0,,,,,0.23819541931152344
l1tcl_gold_dim_sweep,4bd4e19c6458,3,DRLearner_PooledWithSite,OracleTargetTreated,2142542604,50,50,5000,10,,0.04783046512529047,-0.09540947142457253,0.02840947142457255,-0.02840947142457255,,,0.0,,,,-0.06699999999999999,-0.06699999999999999,-3.441405833785756e-16,-0.06700000000000027,1.0,0.038334516853105724,0.09654866296930402,0.16800733480722022,0.0004019999999999857,0.15500933480722023,0.0,,,,,0.8800432682037354
l1tcl_gold_dim_sweep,4bd4e19c6458,3,DRLearner_PooledNoSite,OracleTargetTreated,2142542604,50,50,5000,10,,0.04783758914727366,-0.09422062981351442,0.027220629813514446,-0.027220629813514446,,,0.0,,,,-0.06699999999999999,-0.06699999999999999,-3.537011683535909e-16,-0.06700000000000028,1.0,0.03810541068593219,0.09696740354266013,0.16773933480722023,0.0006699999999999762,0.15500933480722023,0.0,,,,,0.6188051700592041
l1tcl_gold_dim_sweep,d22ce81d7599,1,TargetOnlyDR,OracleTargetTreated,383016736,100,100,5000,10,,0.2718325559722911,-0.0742674270365126,0.007267427036512619,-0.007267427036512619,,,0.0,,,,-0.06699999999999999,-0.06699999999999999,-1.861869552130027e-17,-0.06700000000000025,1.0,0.20120988692710656,0.5106092968093665,-0.11194847839740978,0.023918999999999996,-0.10142947839740978,0.0,0.0,0.0,,,5.731852293014526
l1tcl_gold_dim_sweep,d22ce81d7599,1,ProxyOnly,FeasibleRestricted,383016736,100,100,5000,10,,0.4908870077920489,0.0730395540858967,0.1400395540858967,0.1400395540858967,,,0.0,,,,-0.06699999999999999,-0.06699999999999999,-6.8534250332442466e-18,-0.06700000000000025,1.0,0.40421655736492473,0.9446323618664442,-0.12588447839740977,0.037854999999999986,-0.10142947839740978,0.0,0.0,0.0,,,6.722789525985718
l1tcl_gold_dim_sweep,d22ce81d7599,1,AnchorOnly,OracleTargetTreated,383016736,100,100,5000,10,,0.2873388252976963,-0.06038632873295029,0.0066136712670496894,0.0066136712670496894,,,0.0,,,,-0.06699999999999999,-0.06699999999999999,-1.1149271331122018e-17,-0.06700000000000025,1.0,0.22880983026966606,0.5146204361546173,-0.11670547839740979,0.028676000000000007,-0.10142947839740978,0.0,0.0017300368807341984,0.0,,,9.58610200881958
l1tcl_gold_dim_sweep,d22ce81d7599,1,AnchorPlugin,FeasibleRestricted,383016736,100,100,5000,10,,0.2034624808163365,0.008146947794236666,0.07514694779423664,0.07514694779423664,,,0.0,,,,-0.06699999999999999,-0.06699999999999999,-1.392856774824702e-18,-0.06700000000000021,1.0,0.1625237007417494,0.39125471207032514,-0.12280247839740979,0.03477300000000001,-0.10142947839740978,0.0,0.10289940860613309,1.0,,,6.217528581619263
l1tcl_gold_dim_sweep,d22ce81d7599,1,ProposedA_FullyDirect,OracleTargetTreated,383016736,100,100,5000,10,,0.2736122896500254,-0.10720623050654964,0.04020623050654966,-0.04020623050654966,,,0.0,,,,-0.06699999999999999,-0.06699999999999999,-2.0866621329251147e-17,-0.06700000000000023,1.0,0.20870210389928792,0.551401492107486,-0.11208247839740977,0.02405299999999999,-0.10142947839740978,0.0,0.0,0.0,,,8.366458892822266
l1tcl_gold_dim_sweep,d22ce81d7599,1,ProposedB_LinearStepB,OracleTargetTreated,383016736,100,100,5000,10,,0.272236582036681,-0.07792996641591941,0.010929966415919437,-0.010929966415919437,,,0.0,,,,-0.06699999999999999,-0.06699999999999999,-1.1395529689210958e-17,-0.06700000000000025,1.0,0.2149838857487523,0.5173685815528639,-0.11429347839740979,0.02626400000000001,-0.10142947839740978,0.0,0.07668163315533769,9.0,1.380826811371085,3.0,28.279030084609985
l1tcl_gold_dim_sweep,d22ce81d7599,1,ProposedB_SourceDR,FeasibleRestricted,383016736,100,100,5000,10,,0.062329733297274204,-0.07058401266929887,0.0035840126692988916,-0.0035840126692988916,,,0.0,,,,-0.06699999999999999,-0.06699999999999999,-1.5561340365117462e-17,-0.06700000000000023,1.0,0.046373658005878865,0.11728774769728996,-0.09506447839740977,0.007034999999999986,-0.10142947839740976,-1.3877787807814457e-17,0.08002927943458847,3.0,1.3808268113710858,3.0,25.86752486228943
l1tcl_gold_dim_sweep,d22ce81d7599,1,IPWTransport,FeasibleRestricted,383016736,100,100,5000,10,,0.49247027864986603,0.3312374458664428,0.39823744586644283,0.39823744586644283,,,0.0,,,,-0.06699999999999999,-0.06699999999999999,-5.581761888249405e-18,-0.06700000000000023,1.0,0.4194276516009001,0.919701128858228,-0.1459844783974098,0.05795500000000002,-0.10142947839740978,0.0,,,,,0.7480781078338623
l1tcl_gold_dim_sweep,d22ce81d7599,1,EntropyBalancing,FeasibleRestricted,383016736,100,100,5000,10,,0.4310271617852795,0.20080875059275097,0.26780875059275094,0.26780875059275094,,,0.0,,,,-0.06699999999999999,-0.06699999999999999,-1.5135411178233686e-17,-0.06700000000000027,1.0,0.3501976350614241,0.8761993349513338,-0.1369394783974098,0.04891000000000002,-0.10142947839740978,0.0,,,,,2.8818204402923584
l1tcl_gold_dim_sweep,d22ce81d7599,1,OutcomeModelTransport,FeasibleRestricted,383016736,100,100,5000,10,,0.04290512357168751,-0.08479073192972086,0.017790731929720888,-0.017790731929720888,,,0.0,,,,-0.06699999999999999,-0.06699999999999999,1.0717022827647212e-16,-0.06700000000000024,1.0,0.03434686342261458,0.0855810359908901,-0.08930247839740978,0.0012729999999999964,-0.10142947839740978,0.0,,,,,0.149444580078125
l1tcl_gold_dim_sweep,d22ce81d7599,1,DRLearner_PooledWithSite,OracleTargetTreated,383016736,100,100,5000,10,,0.03996500499669938,-0.08268827114643343,0.015688271146433452,-0.015688271146433452,,,0.0,,,,-0.06699999999999999,-0.06699999999999999,7.76248545335509e-17,-0.06700000000000024,1.0,0.0318295087918554,0.07889880115392285,-0.08896747839740976,0.0009379999999999805,-0.10142947839740978,0.0,,,,,0.8865573406219482
l1tcl_gold_dim_sweep,d22ce81d7599,1,DRLearner_PooledNoSite,OracleTargetTreated,383016736,100,100,5000,10,,0.040425155762066914,-0.08221538997316699,0.015215389973167015,-0.015215389973167015,,,0.0,,,,-0.06699999999999999,-0.06699999999999999,8.414536167982394e-17,-0.06700000000000024,1.0,0.03209853140556135,0.07976719807343736,-0.08903447839740977,0.001004999999999992,-0.10142947839740978,0.0,,,,,0.2569916248321533
l1tcl_gold_dim_sweep,8fc9b78128df,3,TargetOnlyDR,OracleTargetTreated,774501928,100,100,5000,10,,0.2514867155328507,-0.06769263033392096,0.0006926303339209877,-0.0006926303339209877,,,0.0,,,,-0.06699999999999999,-0.06699999999999999,-3.5424513879745443e-17,-0.06700000000000025,1.0,0.18491786287628373,0.48899695734923226,-0.17749689815594416,0.026531999999999972,-0.16436489815594416,0.0,0.0,0.0,,,6.538750886917114
l1tcl_gold_dim_sweep,8fc9b78128df,3,ProxyOnly,FeasibleRestricted,774501928,100,100,5000,10,,0.35614890572523483,-0.01615807252191877,0.05084192747808121,0.05084192747808121,,,0.0,,,,-0.06699999999999999,-0.06699999999999999,-8.930476171520503e-18,-0.06700000000000021,1.0,0.2887183956441277,0.6206109982722686,-0.1857378981559442,0.034773,-0.16436489815594416,0.0,0.0,0.0,,,7.06219482421875
l1tcl_gold_dim_sweep,8fc9b78128df,3,AnchorOnly,OracleTargetTreated,774501928,100,100,5000,10,,0.22878465677683224,-0.06538660561708033,0.0016133943829196445,0.0016133943829196445,,,0.0,,,,-0.06699999999999999,-0.06699999999999999,-4.7836158550357183e-17,-0.06700000000000023,1.0,0.17439253918299827,0.43776857630420524,-0.17783189815594416,0.026866999999999974,-0.16436489815594416,0.0,0.013985179248824326,1.0,,,10.93137526512146
l1tcl_gold_dim_sweep,8fc9b78128df,3,AnchorPlugin,FeasibleRestricted,774501928,100,100,5000,10,,0.26589401859192335,-0.028274966153607986,0.03872503384639199,0.03872503384639199,,,0.0,,,,-0.06699999999999999,-0.06699999999999999,-3.62784367456402e-17,-0.06700000000000024,1.0,0.20840098716890298,0.5191739896124277,-0.18037789815594418,0.029412999999999995,-0.16436489815594416,0.0,0.04203149061651228,10.0,,,7.716996192932129
l1tcl_gold_dim_sweep,8fc9b78128df,3,ProposedA_FullyDirect,OracleTargetTreated,774501928,100,100,5000,10,,0.2010765053540929,-0.09691955294186508,0.029919552941865102,-0.029919552941865102,,,0.0,,,,-0.06699999999999999,-0.06699999999999999,-4.15448623772278e-17,-0.06700000000000027,1.0,0.15691727514281437,0.39728912400661337,-0.17247189815594416,0.02150699999999997,-0.16436489815594416,0.0,0.0,0.0,,,8.71963357925415
l1tcl_gold_dim_sweep,8fc9b78128df,3,ProposedB_LinearStepB,OracleTargetTreated,774501928,100,100,5000,10,,0.22096465086913786,-0.0869958492239987,0.01999584922399872,-0.01999584922399872,,,0.0,,,,-0.06699999999999999,-0.06699999999999999,-4.8719731513520685e-17,-0.06700000000000027,1.0,0.17254872356799117,0.4204858503030404,-0.17401289815594417,0.023047999999999985,-0.16436489815594416,0.0,0.07279431928415464,15.0,0.5993055653660507,5.0,30.060978412628174
l1tcl_gold_dim_sweep,8fc9b78128df,3,ProposedB_SourceDR,FeasibleRestricted,774501928,100,100,5000,10,,0.06136923227462458,-0.09796504769723904,0.030965047697239068,-0.030965047697239068,,,0.0,,,,-0.06699999999999999,-0.06699999999999999,-2.557479851760439e-17,-0.06700000000000024,1.0,0.04375913246362324,0.1401678575117789,-0.15217089815594417,0.0012059999999999849,-0.16436489815594416,0.0,0.04281744908938791,7.0,0.5993055653660505,5.0,22.406754970550537
l1tcl_gold_dim_sweep,8fc9b78128df,3,IPWTransport,FeasibleRestricted,774501928,100,100,5000,10,,0.30342956303951246,-0.2819506277721005,0.21495062777210053,-0.21495062777210053,,,0.0,,,,-0.06699999999999999,-0.06699999999999999,1.067554383893807e-18,-0.06700000000000024,1.0,0.25005476700566226,0.5856285472010899,-0.15753089815594418,0.0065659999999999885,-0.16436489815594416,0.0,,,,,0.44196057319641113
l1tcl_gold_dim_sweep,8fc9b78128df,3,EntropyBalancing,FeasibleRestricted,774501928,100,100,5000,10,,0.4715576139589007,-0.35508885814604385,0.2880888581460439,-0.2880888581460439,,,0.0,,,,-0.06699999999999999,-0.06699999999999999,1.54712288125403e-17,-0.06700000000000025,1.0,0.3856338631290343,0.9346285031871953,-0.16282389815594417,0.01185899999999998,-0.16436489815594416,0.0,,,,,1.3966808319091797
l1tcl_gold_dim_sweep,8fc9b78128df,3,OutcomeModelTransport,FeasibleRestricted,774501928,100,100,5000,10,,0.07207974241990181,-0.09810941912043812,0.031109419120438145,-0.031109419120438145,,,0.0,,,,-0.06699999999999999,-0.06699999999999999,4.105828799900318e-17,-0.06700000000000024,1.0,0.05889629005505335,0.14283058220761363,-0.1555208981559442,0.0045560000000000045,-0.16436489815594416,0.0,,,,,0.06746649742126465
l1tcl_gold_dim_sweep,8fc9b78128df,3,DRLearner_PooledWithSite,OracleTargetTreated,774501928,100,100,5000,10,,0.06806798260059287,-0.099142296273171,0.03214229627317103,-0.03214229627317103,,,0.0,,,,-0.06699999999999999,-0.06699999999999999,3.053947748217259e-17,-0.06700000000000027,1.0,0.05553638892803546,0.13585274947946852,-0.15397989815594418,0.00301499999999999,-0.16436489815594416,0.0,,,,,0.5760619640350342
l1tcl_gold_dim_sweep,8fc9b78128df,3,DRLearner_PooledNoSite,OracleTargetTreated,774501928,100,100,5000,10,,0.0703914348790539,-0.101804455600786,0.03480445560078603,-0.03480445560078603,,,0.0,,,,-0.06699999999999999,-0.06699999999999999,2.5812950010124598e-17,-0.06700000000000024,1.0,0.05738282497131429,0.14052835042201428,-0.1540468981559442,0.0030820000000000014,-0.16436489815594416,0.0,,,,,0.3141179084777832
l1tcl_gold_dim_sweep,8fa4d5e0e043,2,TargetOnlyDR,OracleTargetTreated,1722351500,50,50,5000,10,,0.3919910653788018,0.17279582262560841,0.2397958226256084,0.2397958226256084,,,0.0,,,,-0.06699999999999999,-0.06699999999999999,4.580067134544357e-18,-0.06700000000000021,1.0,0.31451547156551696,0.8155424163855712,0.013066812947469135,0.04710100000000001,0.04676781294746914,0.0,0.0,0.0,,,6.060027599334717
l1tcl_gold_dim_sweep,8fa4d5e0e043,2,ProxyOnly,FeasibleRestricted,1722351500,50,50,5000,10,,0.4196514549560891,0.08841863032514359,0.15541863032514358,0.15541863032514358,,,0.0,,,,-0.06699999999999999,-0.06699999999999999,3.025586629542429e-17,-0.06700000000000027,1.0,0.3514243970205028,0.7760575006962089,0.019297812947469135,0.04087000000000001,0.04676781294746914,0.0,0.0,0.0,,,7.530420541763306
l1tcl_gold_dim_sweep,8fa4d5e0e043,2,AnchorOnly,OracleTargetTreated,1722351500,50,50,5000,10,,0.3803286612213031,0.1694069476164408,0.23640694761644077,0.23640694761644077,,,0.0,,,,-0.06699999999999999,-0.06699999999999999,-3.111326630415939e-17,-0.06700000000000025,1.0,0.297600954991875,0.8059302790455856,0.012932812947469136,0.04723500000000001,0.04676781294746914,0.0,0.014236739029638503,1.0,,,10.48086142539978
l1tcl_gold_dim_sweep,8fa4d5e0e043,2,AnchorPlugin,FeasibleRestricted,1722351500,50,50,5000,10,,0.17559684737327583,-0.017337742550257294,0.04966225744974268,0.04966225744974268,,,0.0,,,,-0.06699999999999999,-0.06699999999999999,4.2696774137645575e-17,-0.06700000000000025,1.0,0.13940541302780346,0.3470227976025847,0.029816812947469136,0.03035100000000001,0.04676781294746914,0.0,0.09278930481950387,3.0,,,7.841760158538818
l1tcl_gold_dim_sweep,8fa4d5e0e043,2,ProposedA_FullyDirect,OracleTargetTreated,1722351500,50,50,5000,10,,0.38937459696314464,0.1635155131667624,0.2305155131667624,0.2305155131667624,,,0.0,,,,-0.06699999999999999,-0.06699999999999999,1.5857843974277166e-19,-0.06700000000000025,1.0,0.30517574457074514,0.8111078623961959,0.014272812947469137,0.045895000000000005,0.04676781294746914,0.0,0.0,0.0,,,8.343016624450684
l1tcl_gold_dim_sweep,8fa4d5e0e043,2,ProposedB_LinearStepB,OracleTargetTreated,1722351500,50,50,5000,10,,0.3635302870813307,0.1574721355453895,0.22447213554538947,0.22447213554538947,,,0.0,,,,-0.06699999999999999,-0.06699999999999999,-3.0295514847724775e-17,-0.06700000000000025,1.0,0.28599995441009096,0.7589248294820214,0.013937812947469137,0.04623000000000001,0.04676781294746914,0.0,0.06233491374724565,16.0,0.8917564346863288,7.0,25.515385627746582
l1tcl_gold_dim_sweep,8fa4d5e0e043,2,ProposedB_SourceDR,FeasibleRestricted,1722351500,50,50,5000,10,,0.06936345572242378,-0.11003791376492954,0.04303791376492956,-0.04303791376492956,,,0.0,,,,-0.06699999999999999,-0.06699999999999999,2.555493037027935e-16,-0.06700000000000024,1.0,0.051142291259530216,0.14108354931248213,0.05956481294746913,0.0006030000000000132,0.04676781294746914,0.0,0.0763132905123434,3.0,0.8917564346863287,7.0,28.02949285507202
l1tcl_gold_dim_sweep,8fa4d5e0e043,2,IPWTransport,FeasibleRestricted,1722351500,50,50,5000,10,,0.19318191673458376,-0.1483905560567271,0.08139055605672713,-0.08139055605672713,,,0.0,,,,-0.06699999999999999,-0.06699999999999999,1.6602292964853417e-17,-0.06700000000000023,1.0,0.1530375934585359,0.4008779095297189,0.04676781294746914,0.013400000000000009,0.04676781294746914,0.0,,,,,0.9758744239807129
l1tcl_gold_dim_sweep,8fa4d5e0e043,2,EntropyBalancing,FeasibleRestricted,1722351500,50,50,5000,10,,0.3937546302975858,-0.16205142607218243,0.09505142607218245,-0.09505142607218245,,,0.0,,,,-0.06699999999999999,-0.06699999999999999,-1.5996036080947678e-17,-0.06700000000000023,1.0,0.3155529259367301,0.7639507868540475,0.036985812947469145,0.023182,0.04676781294746913,6.938893903907228e-18,,,,,2.4847207069396973
l1tcl_gold_dim_sweep,8fa4d5e0e043,2,OutcomeModelTransport,FeasibleRestricted,1722351500,50,50,5000,10,,0.08507196701849377,-0.1364444664561115,0.06944446645611152,-0.06944446645611152,,,0.0,,,,-0.06699999999999999,-0.06699999999999999,1.3024145795620692e-16,-0.06700000000000025,1.0,0.07245059337880382,0.15902544154988624,0.060100812947469134,6.70000000000115e-05,0.04676781294746914,0.0,,,,,0.11289858818054199
l1tcl_gold_dim_sweep,8fa4d5e0e043,2,DRLearner_PooledWithSite,OracleTargetTreated,1722351500,50,50,5000,10,,0.04855387504534659,-0.07974644544380988,0.0127464454438099,-0.0127464454438099,,,0.0,,,,-0.06699999999999999,-0.06699999999999999,1.7404573700971662e-17,-0.06700000000000025,1.0,0.03832032452255561,0.09760145490290324,0.05728681294746914,0.0028810000000000086,0.04676781294746914,0.0,,,,,1.0187287330627441
l1tcl_gold_dim_sweep,8fa4d5e0e043,2,DRLearner_PooledNoSite,OracleTargetTreated,1722351500,50,50,5000,10,,0.048769373454048054,-0.08227217820389483,0.015272178203894857,-0.015272178203894857,,,0.0,,,,-0.06699999999999999,-0.06699999999999999,1.7984492700293774e-17,-0.06700000000000025,1.0,0.03849603552248456,0.09926608567493696,0.057554812947469135,0.002613000000000011,0.04676781294746914,0.0,,,,,0.4726693630218506
l1tcl_gold_dim_sweep,8fa4d5e0e043,3,TargetOnlyDR,OracleTargetTreated,36803925,50,50,5000,10,,0.3705310367932693,-0.28592089459872577,0.2189208945987258,-0.2189208945987258,,,0.0,,,,-0.06699999999999999,-0.06699999999999999,-2.4421618773969908e-18,-0.06700000000000027,1.0,0.28916357986041613,0.7804656347569398,-0.02420459779412601,0.011658000000000002,-0.025946597794126006,1.3877787807814457e-17,0.0,0.0,,,5.685136556625366
l1tcl_gold_dim_sweep,8fa4d5e0e043,3,ProxyOnly,FeasibleRestricted,36803925,50,50,5000,10,,0.5489158261687515,-0.4070095441471941,0.3400095441471941,-0.3400095441471941,,,0.0,,,,-0.06699999999999999,-0.06699999999999999,3.6300376088896394e-18,-0.06700000000000024,1.0,0.45310681423692767,1.0276372823087054,-0.02574559779412601,0.013199000000000002,-0.02594659779412601,1.734723475976807e-17,0.0,0.0,,,7.7549824714660645
l1tcl_gold_dim_sweep,8fa4d5e0e043,3,AnchorOnly,OracleTargetTreated,36803925,50,50,5000,10,,0.3591210333790129,-0.29100767419993295,0.22400767419993298,-0.22400767419993298,,,0.0,,,,-0.06699999999999999,-0.06699999999999999,-3.5834879362685904e-17,-0.06700000000000021,1.0,0.28211894422845696,0.7722996409878597,-0.02172559779412601,0.009179000000000003,-0.025946597794126013,2.0816681711721685e-17,0.01916645213941849,0.0,,,10.736059665679932
l1tcl_gold_dim_sweep,8fa4d5e0e043,3,AnchorPlugin,FeasibleRestricted,36803925,50,50,5000,10,,0.3189968213631297,-0.24169354236490953,0.17469354236490955,-0.17469354236490955,,,0.0,,,,-0.06699999999999999,-0.06699999999999999,2.075708959096569e-18,-0.06700000000000024,1.0,0.25892199442755576,0.6295499706945819,-0.02460659779412601,0.012060000000000001,-0.025946597794126006,1.3877787807814457e-17,0.06180263414357162,7.0,,,7.605190992355347
l1tcl_gold_dim_sweep,8fa4d5e0e043,3,ProposedA_FullyDirect,OracleTargetTreated,36803925,50,50,5000,10,,0.40913007772671234,-0.2778474393555962,0.21084743935559622,-0.21084743935559622,,,0.0,,,,-0.06699999999999999,-0.06699999999999999,-7.685080635043342e-18,-0.06700000000000027,1.0,0.32036275619900156,0.8674871334777161,-0.026415597794126007,0.013869,-0.025946597794126006,1.3877787807814457e-17,0.0,0.0,,,8.6690194606781
l1tcl_gold_dim_sweep,8fa4d5e0e043,3,ProposedB_LinearStepB,OracleTargetTreated,36803925,50,50,5000,10,,0.3722451616684205,-0.30987717791483954,0.24287717791483956,-0.24287717791483956,,,0.0,,,,-0.06699999999999999,-0.06699999999999999,-1.9618274360263356e-17,-0.06700000000000025,1.0,0.2916529960727956,0.8113546724587736,-0.021122597794126008,0.008576,-0.025946597794126006,1.3877787807814457e-17,0.06247616348217896,11.0,0.9812720807849741,10.0,26.25578284263611
l1tcl_gold_dim_sweep,8fa4d5e0e043,3,ProposedB_SourceDR,FeasibleRestricted,36803925,50,50,5000,10,,0.04800940514234252,-0.04242341152492253,0.024576588475077446,0.024576588475077446,,,0.0,,,,-0.06699999999999999,-0.06699999999999999,-3.977910376476024e-18,-0.06700000000000024,1.0,0.03685051421156343,0.10127119083578023,-0.021122597794126008,0.008576,-0.025946597794126013,2.0816681711721685e-17,0.04451470298009596,9.0,0.9812720807849741,10.0,28.353930950164795
l1tcl_gold_dim_sweep,8fa4d5e0e043,3,IPWTransport,FeasibleRestricted,36803925,50,50,5000,10,,0.14896452877677496,0.03267829645856941,0.09967829645856938,0.09967829645856938,,,0.0,,,,-0.06699999999999999,-0.06699999999999999,-1.99544282557517e-17,-0.06700000000000024,1.0,0.12162021125303156,0.2962229171377072,-0.053751597794126006,0.041205,-0.025946597794126013,2.0816681711721685e-17,,,,,0.5329656600952148
l1tcl_gold_dim_sweep,8fa4d5e0e043,3,EntropyBalancing,FeasibleRestricted,36803925,50,50,5000,10,,0.5368244365956907,-0.11813369480240674,0.05113369480240676,-0.05113369480240676,,,0.0,,,,-0.06699999999999999,-0.06699999999999999,-8.765053387293233e-18,-0.06700000000000023,1.0,0.42981400533946407,0.9859782864227591,-0.041222597794126,0.028675999999999993,-0.025946597794126006,1.3877787807814457e-17,,,,,1.488877773284912
l1tcl_gold_dim_sweep,8fa4d5e0e043,3,OutcomeModelTransport,FeasibleRestricted,36803925,50,50,5000,10,,0.04214634041124035,-0.06561785724355593,0.0013821427564440492,0.0013821427564440492,,,0.0,,,,-0.06699999999999999,-0.06699999999999999,1.11646301258302e-16,-0.06700000000000024,1.0,0.03294539060761885,0.07787076984979456,-0.016365597794126007,0.0038189999999999995,-0.025946597794126006,1.3877787807814457e-17,,,,,0.08191394805908203
l1tcl_gold_dim_sweep,8fa4d5e0e043,3,DRLearner_PooledWithSite,OracleTargetTreated,36803925,50,50,5000,10,,0.05502309749417137,-0.10112433766115764,0.03412433766115766,-0.03412433766115766,,,0.0,,,,-0.06699999999999999,-0.06699999999999999,1.6274787014312227e-16,-0.06700000000000023,1.0,0.045194257852370495,0.10781055466202978,-0.013484597794126004,0.0009379999999999961,-0.025946597794126013,2.0816681711721685e-17,,,,,1.1838030815124512
l1tcl_gold_dim_sweep,8fa4d5e0e043,3,DRLearner_PooledNoSite,OracleTargetTreated,36803925,50,50,5000,10,,0.05571928111109717,-0.10211708484074691,0.03511708484074694,-0.03511708484074694,,,0.0,,,,-0.06699999999999999,-0.06699999999999999,1.4579936724574124e-16,-0.06700000000000024,1.0,0.045953505021100884,0.10866170658146039,-0.013551597794126003,0.0010049999999999955,-0.025946597794126013,2.0816681711721685e-17,,,,,0.497452974319458
l1tcl_gold_dim_sweep,4bd4e19c6458,4,TargetOnlyDR,OracleTargetTreated,1201055629,50,50,5000,10,,0.3966287323547991,-0.2671918379327617,0.2001918379327617,-0.2001918379327617,,,0.0,,,,-0.06699999999999999,-0.06699999999999999,7.495232073216901e-18,-0.06700000000000025,1.0,0.30527014334154534,0.8731374824666301,0.38739329000442196,0.015342999999999996,0.38933629000442194,0.0,0.0,0.0,,,5.484479904174805
l1tcl_gold_dim_sweep,4bd4e19c6458,4,ProxyOnly,FeasibleRestricted,1201055629,50,50,5000,10,,0.727446733834298,-0.6463985923537718,0.5793985923537719,-0.5793985923537719,,,0.0,,,,-0.06699999999999999,-0.06699999999999999,-7.336024638637825e-18,-0.06700000000000024,1.0,0.5954403519452495,1.414343855279722,0.3995872900044219,0.0031490000000000684,0.38933629000442194,0.0,0.0,0.0,,,7.0295679569244385
l1tcl_gold_dim_sweep,4bd4e19c6458,4,AnchorOnly,OracleTargetTreated,1201055629,50,50,5000,10,,0.40830092104688,-0.2732183940854279,0.20621839408542794,-0.20621839408542794,,,0.0,,,,-0.06699999999999999,-0.06699999999999999,-1.646900588088839e-17,-0.06700000000000024,1.0,0.2858870295386965,0.9414321507225916,0.3892692900044219,0.013467000000000062,0.38933629000442194,0.0,0.005898238151836851,0.0,,,9.178717374801636
l1tcl_gold_dim_sweep,4bd4e19c6458,4,AnchorPlugin,FeasibleRestricted,1201055629,50,50,5000,10,,0.4035914167834876,-0.313405954422086,0.24640595442208604,-0.24640595442208604,,,0.0,,,,-0.06699999999999999,-0.06699999999999999,-3.896965980514606e-17,-0.06700000000000021,1.0,0.3276978139923751,0.790437116612578,0.3914802900044219,0.011256000000000044,0.38933629000442194,0.0,0.01735083694929498,9.0,,,6.357075452804565
l1tcl_gold_dim_sweep,4bd4e19c6458,4,ProposedA_FullyDirect,OracleTargetTreated,1201055629,50,50,5000,10,,0.38551519539997864,-0.28967290536805307,0.2226729053680531,-0.2226729053680531,,,0.0,,,,-0.06699999999999999,-0.06699999999999999,-1.0213856401151484e-17,-0.06700000000000024,1.0,0.2928422355753406,0.8525075215595184,0.3908102900044219,0.011926000000000048,0.38933629000442194,0.0,0.0,0.0,,,8.519611358642578
l1tcl_gold_dim_sweep,4bd4e19c6458,4,ProposedB_LinearStepB,OracleTargetTreated,1201055629,50,50,5000,10,,0.39249123401881886,-0.28062514186781146,0.21362514186781148,-0.21362514186781148,,,0.0,,,,-0.06699999999999999,-0.06699999999999999,-1.504875178807008e-17,-0.06700000000000025,1.0,0.27462601333931486,0.8892083619383199,0.3913462900044219,0.011390000000000067,0.38933629000442194,0.0,0.09089976647931736,2.0,0.4559129878306282,7.0,25.079488039016724
l1tcl_gold_dim_sweep,4bd4e19c6458,4,ProposedB_SourceDR,FeasibleRestricted,1201055629,50,50,5000,10,,0.17960487502771924,0.07468168865151574,0.1416816886515157,0.1416816886515157,,,0.0,,,,-0.06699999999999999,-0.06699999999999999,-1.1713379633032837e-16,-0.06700000000000027,1.0,0.152001301222763,0.3389559318576385,0.351146290004422,0.05158999999999997,0.38933629000442194,0.0,0.015745670300987207,9.0,0.4559129878306282,7.0,32.64023017883301
l1tcl_gold_dim_sweep,4bd4e19c6458,4,IPWTransport,FeasibleRestricted,1201055629,50,50,5000,10,,0.4016158153239846,0.28892169118402206,0.35592169118402206,0.35592169118402206,,,0.0,,,,-0.06699999999999999,-0.06699999999999999,-5.355284078625221e-17,-0.06700000000000025,1.0,0.355921691184022,0.6740044123033513,0.339622290004422,0.06311399999999995,0.38933629000442194,0.0,,,,,1.2503483295440674
l1tcl_gold_dim_sweep,4bd4e19c6458,4,EntropyBalancing,FeasibleRestricted,1201055629,50,50,5000,10,,0.5707665279013527,0.36953531671822337,0.4365353167182233,0.4365353167182233,,,0.0,,,,-0.06699999999999999,-0.06699999999999999,-2.3743032326670777e-17,-0.06700000000000023,1.0,0.47990003931580777,1.0665051854559848,0.34652329000442195,0.05621300000000001,0.38933629000442194,0.0,,,,,3.5730392932891846
l1tcl_gold_dim_sweep,4bd4e19c6458,4,OutcomeModelTransport,FeasibleRestricted,1201055629,50,50,5000,10,,0.08879640662493553,0.004322230009327351,0.07132223000932733,0.07132223000932733,,,0.0,,,,-0.06699999999999999,-0.06699999999999999,-4.755084383851377e-16,-0.06700000000000024,1.0,0.07536189623627881,0.16246376924256145,0.3669582900044219,0.03577800000000003,0.38933629000442194,0.0,,,,,0.09564352035522461
l1tcl_gold_dim_sweep,4bd4e19c6458,4,DRLearner_PooledWithSite,OracleTargetTreated,1201055629,50,50,5000,10,,0.05874284520542293,-0.0405503725398349,0.026449627460165076,0.026449627460165076,,,0.0,,,,-0.06699999999999999,-0.06699999999999999,-4.630453684852177e-16,-0.06700000000000025,1.0,0.04744270701957427,0.11569964573146233,0.38752729000442193,0.015209000000000028,0.38933629000442194,0.0,,,,,1.6216590404510498
l1tcl_gold_dim_sweep,4bd4e19c6458,4,DRLearner_PooledNoSite,OracleTargetTreated,1201055629,50,50,5000,10,,0.05761997628449021,-0.04288849993875043,0.024111500061249548,0.024111500061249548,,,0.0,,,,-0.06699999999999999,-0.06699999999999999,-4.613015743358636e-16,-0.06700000000000025,1.0,0.046299529786310585,0.11330172604456956,0.3885992900044219,0.014137000000000066,0.38933629000442194,0.0,,,,,0.6375353336334229
l1tcl_gold_dim_sweep,8fc9b78128df,2,TargetOnlyDR,OracleTargetTreated,963362119,100,100,5000,10,,0.2499927605176082,0.034150067304330234,0.10115006730433021,0.10115006730433021,,,0.0,,,,-0.06699999999999999,-0.06699999999999999,2.3181709654766804e-17,-0.06700000000000021,1.0,0.19890970000298291,0.47661710936365875,-0.1544134537895601,0.039730999999999975,-0.12808245378956012,0.0,0.0,0.0,,,5.694327354431152
l1tcl_gold_dim_sweep,8fc9b78128df,2,ProxyOnly,FeasibleRestricted,963362119,100,100,5000,10,,0.6869693695042848,0.5102673883692695,0.5772673883692695,0.5772673883692695,,,0.0,,,,-0.06699999999999999,-0.06699999999999999,5.5143626484324594e-17,-0.06700000000000027,1.0,0.6006540286811377,1.1753642185899373,-0.17431245378956015,0.05963000000000003,-0.12808245378956012,0.0,0.0,0.0,,,7.141874551773071
l1tcl_gold_dim_sweep,8fc9b78128df,2,AnchorOnly,OracleTargetTreated,963362119,100,100,5000,10,,0.2672880343499337,0.03549749039118724,0.10249749039118722,0.10249749039118722,,,0.0,,,,-0.06699999999999999,-0.06699999999999999,4.9970039269352044e-17,-0.06700000000000024,1.0,0.20442408936462872,0.5144796087608616,-0.1530734537895601,0.038390999999999995,-0.12808245378956012,0.0,0.004688925611702715,0.0,,,10.57230806350708
l1tcl_gold_dim_sweep,8fc9b78128df,2,AnchorPlugin,FeasibleRestricted,963362119,100,100,5000,10,,0.42490765010545173,0.1557616666055652,0.22276166660556518,0.22276166660556518,,,0.0,,,,-0.06699999999999999,-0.06699999999999999,3.0679964703357e-17,-0.06700000000000025,1.0,0.33984591410644027,0.86725423815385,-0.16030945378956013,0.045627000000000015,-0.1280824537895601,-2.7755575615628914e-17,0.013582661293099891,19.0,,,6.872979402542114
l1tcl_gold_dim_sweep,8fc9b78128df,2,ProposedA_FullyDirect,OracleTargetTreated,963362119,100,100,5000,10,,0.22827906711840076,0.043594494202626226,0.11059449420262621,0.11059449420262621,,,0.0,,,,-0.06699999999999999,-0.06699999999999999,3.393050062237816e-17,-0.06700000000000024,1.0,0.18496544366378187,0.44024100710702657,-0.15521745378956012,0.040535,-0.12808245378956012,0.0,0.0,0.0,,,7.813080310821533
l1tcl_gold_dim_sweep,8fc9b78128df,2,ProposedB_LinearStepB,OracleTargetTreated,963362119,100,100,5000,10,,0.2734102907084018,0.05868120442863177,0.12568120442863173,0.12568120442863173,,,0.0,,,,-0.06699999999999999,-0.06699999999999999,5.948492461885707e-17,-0.06700000000000025,1.0,0.20941088969616822,0.571108541250064,-0.15448045378956013,0.039798000000000014,-0.12808245378956012,0.0,0.016584696194914084,19.0,0.9297409490942662,9.0,29.393589735031128
l1tcl_gold_dim_sweep,8fc9b78128df,2,ProposedB_SourceDR,FeasibleRestricted,963362119,100,100,5000,10,,0.09517788164828463,-0.13445768788913023,0.06745768788913026,-0.06745768788913026,,,0.0,,,,-0.06699999999999999,-0.06699999999999999,2.0859200079979808e-16,-0.0670000000000002,1.0,0.07193955581181799,0.21951025554140674,-0.11508445378956011,0.0004019999999999996,-0.12808245378956012,0.0,0.015471970798632594,17.0,0.9297409490942661,9.0,31.672176361083984
l1tcl_gold_dim_sweep,8fc9b78128df,2,IPWTransport,FeasibleRestricted,963362119,100,100,5000,10,,0.18850256912702615,-0.09169686763214534,0.02469686763214536,-0.02469686763214536,,,0.0,,,,-0.06699999999999999,-0.06699999999999999,4.728079380148994e-17,-0.06700000000000025,1.0,0.14943446539232866,0.34378088549242175,-0.13498345378956011,0.020301,-0.12808245378956012,0.0,,,,,0.6001472473144531
l1tcl_gold_dim_sweep,8fc9b78128df,2,EntropyBalancing,FeasibleRestricted,963362119,100,100,5000,10,,0.26325796989474376,-0.08880891465910423,0.021808914659104256,-0.021808914659104256,,,0.0,,,,-0.06699999999999999,-0.06699999999999999,1.3437658944578548e-17,-0.06700000000000024,1.0,0.20820054799235782,0.4733260535364509,-0.13900345378956014,0.024321000000000023,-0.12808245378956012,0.0,,,,,2.1966803073883057
l1tcl_gold_dim_sweep,8fc9b78128df,2,OutcomeModelTransport,FeasibleRestricted,963362119,100,100,5000,10,,0.06241652922123583,-0.09649741232510366,0.02949741232510368,-0.02949741232510368,,,0.0,,,,-0.06699999999999999,-0.06699999999999999,1.817639474472243e-16,-0.06700000000000021,1.0,0.04998444507436202,0.12667986807228326,-0.11736245378956013,0.0026800000000000157,-0.12808245378956012,0.0,,,,,0.11597681045532227
l1tcl_gold_dim_sweep,8fc9b78128df,2,DRLearner_PooledWithSite,OracleTargetTreated,963362119,100,100,5000,10,,0.06022877805192549,-0.06504778704806378,0.0019522129519361914,0.0019522129519361914,,,0.0,,,,-0.06699999999999999,-0.06699999999999999,1.3260111819574736e-16,-0.06700000000000025,1.0,0.04731630778556241,0.1080635186594549,-0.12453145378956014,0.009849000000000024,-0.12808245378956012,0.0,,,,,1.348989486694336
l1tcl_gold_dim_sweep,8fc9b78128df,2,DRLearner_PooledNoSite,OracleTargetTreated,963362119,100,100,5000,10,,0.06003736484009752,-0.06451464747461336,0.0024853525253866193,0.0024853525253866193,,,0.0,,,,-0.06699999999999999,-0.06699999999999999,1.411613085302591e-16,-0.06700000000000025,1.0,0.04715257929610452,0.10818209633484019,-0.12459845378956012,0.009916000000000008,-0.12808245378956012,0.0,,,,,0.5341012477874756
l1tcl_gold_dim_sweep,4bd4e19c6458,0,TargetOnlyDR,OracleTargetTreated,1345710909,50,50,5000,10,,0.347882974145532,0.02483930568514667,0.09183930568514664,0.09183930568514664,,,0.0,,,,-0.06699999999999999,-0.06699999999999999,-1.401494842815093e-18,-0.06700000000000021,1.0,0.2805230456170311,0.6781304070579637,0.030079880833061807,0.034639,0.05131888083306181,0.0,0.0,0.0,,,7.728095531463623
l1tcl_gold_dim_sweep,4bd4e19c6458,0,ProxyOnly,FeasibleRestricted,1345710909,50,50,5000,10,,0.4584672846274689,-0.05537400609791451,0.011625993902085463,0.011625993902085463,,,0.0,,,,-0.06699999999999999,-0.06699999999999999,-3.0020164048740764e-18,-0.06700000000000021,1.0,0.3736239715570126,0.8552377228868223,0.037248880833061805,0.02747,0.05131888083306181,0.0,0.0,0.0,,,6.693260431289673
l1tcl_gold_dim_sweep,4bd4e19c6458,0,AnchorOnly,OracleTargetTreated,1345710909,50,50,5000,10,,0.3142181213642139,-0.044454516777823375,0.0225454832221766,0.0225454832221766,,,0.0,,,,-0.06699999999999999,-0.06699999999999999,1.6921777480317545e-18,-0.06700000000000021,1.0,0.2508929053810216,0.5762350084298752,0.03543988083306181,0.029279,0.05131888083306181,0.0,0.0705930430733892,0.0,,,10.245057106018066
l1tcl_gold_dim_sweep,4bd4e19c6458,0,AnchorPlugin,FeasibleRestricted,1345710909,50,50,5000,10,,0.1707237394024773,0.006161874168757855,0.07316187416875783,0.07316187416875783,,,0.0,,,,-0.06699999999999999,-0.06699999999999999,4.7540748089769896e-17,-0.06700000000000024,1.0,0.13650842248219588,0.34607436755047205,0.03001288083306181,0.034706,0.05131888083306181,0.0,0.12829077482211657,0.0,,,7.164815902709961
l1tcl_gold_dim_sweep,4bd4e19c6458,0,ProposedA_FullyDirect,OracleTargetTreated,1345710909,50,50,5000,10,,0.31489092065991053,-0.030106329665039438,0.036893670334960535,0.036893670334960535,,,0.0,,,,-0.06699999999999999,-0.06699999999999999,-8.408454519768522e-18,-0.06700000000000025,1.0,0.2517628430645349,0.5881134166070673,0.0349708808330618,0.029748000000000004,0.05131888083306181,0.0,0.0,0.0,,,7.940652132034302
l1tcl_gold_dim_sweep,4bd4e19c6458,0,ProposedB_LinearStepB,OracleTargetTreated,1345710909,50,50,5000,10,,0.3170779123338114,-0.04583546790426097,0.021164532095739007,0.021164532095739007,,,0.0,,,,-0.06699999999999999,-0.06699999999999999,2.5864117717322655e-18,-0.06700000000000024,1.0,0.25383670707808625,0.5826775783186431,0.035573880833061816,0.02914499999999999,0.05131888083306181,0.0,0.13625410297387971,0.0,0.0018026447497045588,1.0,27.59381127357483
l1tcl_gold_dim_sweep,4bd4e19c6458,0,ProposedB_SourceDR,FeasibleRestricted,1345710909,50,50,5000,10,,0.06252320700027572,-0.08240813543410913,0.015408135434109155,-0.015408135434109155,,,0.0,,,,-0.06699999999999999,-0.06699999999999999,6.193849808225536e-17,-0.06700000000000024,1.0,0.04769898322703886,0.1285606066389835,0.06002888083306182,0.004689999999999986,0.05131888083306181,0.0,0.1241252864968189,0.0,0.001802644749704556,1.0,30.15449595451355
l1tcl_gold_dim_sweep,4bd4e19c6458,0,IPWTransport,FeasibleRestricted,1345710909,50,50,5000,10,,0.1328247366300372,-0.15642046414539287,0.0894204641453929,-0.0894204641453929,,,0.0,,,,-0.06699999999999999,-0.06699999999999999,-4.5681364692062153e-17,-0.06700000000000027,1.0,0.10909068123934132,0.254170292757475,0.06103388083306181,0.003684999999999994,0.05131888083306181,0.0,,,,,1.2885353565216064
l1tcl_gold_dim_sweep,4bd4e19c6458,0,EntropyBalancing,FeasibleRestricted,1345710909,50,50,5000,10,,0.17085538171428802,-0.14841591292588083,0.08141591292588085,-0.08141591292588085,,,0.0,,,,-0.06699999999999999,-0.06699999999999999,-2.968075881462292e-17,-0.06700000000000025,1.0,0.1389123153830036,0.3329145614833312,0.05346288083306182,0.011255999999999988,0.05131888083306181,0.0,,,,,2.9769105911254883
l1tcl_gold_dim_sweep,4bd4e19c6458,0,OutcomeModelTransport,FeasibleRestricted,1345710909,50,50,5000,10,,0.06135900880705793,-0.10286579145551907,0.03586579145551909,-0.03586579145551909,,,0.0,,,,-0.06699999999999999,-0.06699999999999999,1.540822628487763e-17,-0.06700000000000021,1.0,0.04994821781530161,0.1207275901851503,0.0632448808330618,0.001474000000000003,0.05131888083306181,0.0,,,,,0.14589786529541016
l1tcl_gold_dim_sweep,4bd4e19c6458,0,DRLearner_PooledWithSite,OracleTargetTreated,1345710909,50,50,5000,10,,0.04671202973596787,-0.08599897653923226,0.018998976539232285,-0.018998976539232285,,,0.0,,,,-0.06699999999999999,-0.06699999999999999,1.61610362404985e-17,-0.06700000000000024,1.0,0.03750307378789735,0.09165938919785586,0.06304388083306181,0.001674999999999996,0.051318880833061804,6.938893903907228e-18,,,,,1.3301784992218018
l1tcl_gold_dim_sweep,4bd4e19c6458,0,DRLearner_PooledNoSite,OracleTargetTreated,1345710909,50,50,5000,10,,0.04780014826059485,-0.0867854262950294,0.019785426295029426,-0.019785426295029426,,,0.0,,,,-0.06699999999999999,-0.06699999999999999,1.4345695838600628e-17,-0.06700000000000027,1.0,0.03846811162564037,0.09380254371069423,0.06304388083306181,0.001674999999999996,0.051318880833061804,6.938893903907228e-18,,,,,0.6134791374206543
l1tcl_gold_dim_sweep,db50acc9fbc0,0,TargetOnlyDR,OracleTargetTreated,1964276501,50,50,5000,10,,0.654798982302401,-0.0878851892044282,0.020885189204428223,-0.020885189204428223,,,0.0,,,,-0.06699999999999999,-0.06699999999999999,-1.1924120440382581e-17,-0.06700000000000025,1.0,0.4276057050131746,1.5576040159888713,-0.031466356369048744,0.03356699999999999,-0.011299356369048745,3.469446951953614e-18,0.0,0.0,,,5.2819435596466064
l1tcl_gold_dim_sweep,db50acc9fbc0,0,ProxyOnly,FeasibleRestricted,1964276501,50,50,5000,10,,0.4240722701547037,-0.3453131432896561,0.2783131432896562,-0.2783131432896562,,,0.0,,,,-0.06699999999999999,-0.06699999999999999,1.1097274808873797e-17,-0.06700000000000025,1.0,0.3498262153062421,0.8248071021588728,-0.00607335636904875,0.008173999999999997,-0.011299356369048748,6.938893903907228e-18,0.0,0.0,,,7.303088188171387
l1tcl_gold_dim_sweep,db50acc9fbc0,0,AnchorOnly,OracleTargetTreated,1964276501,50,50,5000,10,,0.39261633898979936,-0.06350129732220279,0.003498702677797186,0.003498702677797186,,,0.0,,,,-0.06699999999999999,-0.06699999999999999,-1.748041732632918e-17,-0.06700000000000025,1.0,0.3062538519209742,0.7294910202746419,-0.027513356369048746,0.029613999999999994,-0.011299356369048748,6.938893903907228e-18,0.03165753392857105,0.0,,,9.546614408493042
l1tcl_gold_dim_sweep,db50acc9fbc0,0,AnchorPlugin,FeasibleRestricted,1964276501,50,50,5000,10,,0.24128735562905781,-0.2038579503130361,0.13685795031303613,-0.13685795031303613,,,0.0,,,,-0.06699999999999999,-0.06699999999999999,2.344425053402304e-17,-0.06700000000000027,1.0,0.19672770924910057,0.47112241732949894,-0.007815356369048754,0.009916000000000001,-0.011299356369048748,6.938893903907228e-18,0.2406943843961237,0.0,,,7.334475040435791
l1tcl_gold_dim_sweep,db50acc9fbc0,0,ProposedA_FullyDirect,OracleTargetTreated,1964276501,50,50,5000,10,,0.4128294143467607,-0.2919597840371014,0.2249597840371014,-0.2249597840371014,,,0.0,,,,-0.06699999999999999,-0.06699999999999999,-1.620423897319568e-17,-0.06700000000000025,1.0,0.3168409432883202,0.9048197291386344,-0.01109835636904875,0.013198999999999997,-0.01129935636904875,8.673617379884035e-18,0.0,0.0,,,8.30233907699585
l1tcl_gold_dim_sweep,db50acc9fbc0,0,ProposedB_LinearStepB,OracleTargetTreated,1964276501,50,50,5000,10,,0.3796075326898094,-0.06363394304780617,0.003366056952193802,0.003366056952193802,,,0.0,,,,-0.06699999999999999,-0.06699999999999999,-2.215238646633061e-17,-0.06700000000000023,1.0,0.295452335379341,0.7207107701619722,-0.026843356369048756,0.028944000000000004,-0.011299356369048748,6.938893903907228e-18,0.22561021287377336,0.0,1.4799504426400782,10.0,28.490893363952637
l1tcl_gold_dim_sweep,db50acc9fbc0,0,ProposedB_SourceDR,FeasibleRestricted,1964276501,50,50,5000,10,,0.060179144858398495,-0.09335501427575854,0.026355014275758565,-0.026355014275758565,,,0.0,,,,-0.06699999999999999,-0.06699999999999999,3.6248364682526296e-17,-0.06700000000000024,1.0,0.0458896847437308,0.11887609285773724,-0.0012493563690487513,0.003349999999999999,-0.011299356369048748,6.938893903907228e-18,0.18375413884128086,0.0,1.479950442640078,10.0,43.84379577636719
l1tcl_gold_dim_sweep,db50acc9fbc0,0,IPWTransport,FeasibleRestricted,1964276501,50,50,5000,10,,0.1666201508483685,0.06019597561120915,0.12719597561120913,0.12719597561120913,,,0.0,,,,-0.06699999999999999,-0.06699999999999999,-4.1632508178441767e-17,-0.06700000000000024,1.0,0.14133467001619085,0.30658345888208244,-0.04634035636904875,0.048441,-0.011299356369048752,1.0408340855860843e-17,,,,,2.650364637374878
l1tcl_gold_dim_sweep,db50acc9fbc0,0,EntropyBalancing,FeasibleRestricted,1964276501,50,50,5000,10,,0.7460626154568298,0.1312460839192704,0.19824608391927037,0.19824608391927037,,,0.0,,,,-0.06699999999999999,-0.06699999999999999,-9.756506846984536e-18,-0.06700000000000025,1.0,0.588899566401665,1.4519833661342856,-0.036692356369048745,0.038792999999999994,-0.011299356369048752,1.0408340855860843e-17,,,,,3.7676639556884766
l1tcl_gold_dim_sweep,db50acc9fbc0,0,OutcomeModelTransport,FeasibleRestricted,1964276501,50,50,5000,10,,0.1135552764485838,-0.006161185204455778,0.0608388147955442,0.0608388147955442,,,0.0,,,,-0.06699999999999999,-0.06699999999999999,-2.8378782065000713e-17,-0.06700000000000023,1.0,0.0928574390640114,0.2211040257671077,-0.031198356369048746,0.033298999999999995,-0.01129935636904875,8.673617379884035e-18,,,,,0.2227339744567871
l1tcl_gold_dim_sweep,db50acc9fbc0,0,DRLearner_PooledWithSite,OracleTargetTreated,1964276501,50,50,5000,10,,0.09408353374928195,-0.0640916811771226,0.0029083188228773704,0.0029083188228773704,,,0.0,,,,-0.06699999999999999,-0.06699999999999999,-1.7506153909733298e-17,-0.06700000000000028,1.0,0.07405765256806501,0.17327159250978913,-0.014247356369048746,0.016347999999999994,-0.011299356369048748,6.938893903907228e-18,,,,,1.9377937316894531
l1tcl_gold_dim_sweep,db50acc9fbc0,0,DRLearner_PooledNoSite,OracleTargetTreated,1964276501,50,50,5000,10,,0.0938339623610523,-0.06464236317069116,0.0023576368293088124,0.0023576368293088124,,,0.0,,,,-0.06699999999999999,-0.06699999999999999,-1.6122011822244115e-17,-0.06700000000000025,1.0,0.07380466157346952,0.17344846811001646,-0.013979356369048748,0.016079999999999997,-0.011299356369048746,5.204170427930421e-18,,,,,0.7462570667266846
l1tcl_gold_dim_sweep,db50acc9fbc0,2,TargetOnlyDR,OracleTargetTreated,103064492,50,50,5000,10,,0.4455621562217263,0.22712235728237498,0.29412235728237496,0.29412235728237496,,,0.0,,,,-0.06699999999999999,-0.06699999999999999,3.803685102395037e-17,-0.06700000000000027,1.0,0.3681557250755357,0.8515225967382302,0.4476839119326263,0.05058499999999999,0.48486891193262627,0.0,0.0,0.0,,,5.874273061752319
l1tcl_gold_dim_sweep,db50acc9fbc0,2,ProxyOnly,FeasibleRestricted,103064492,50,50,5000,10,,0.3471286483988839,-0.16490186125120912,0.09790186125120914,-0.09790186125120914,,,0.0,,,,-0.06699999999999999,-0.06699999999999999,4.332216628153307e-17,-0.06700000000000023,1.0,0.2829136853439571,0.6595114984587898,0.47669491193262625,0.021574000000000038,0.48486891193262627,0.0,0.0,0.0,,,8.377696514129639
l1tcl_gold_dim_sweep,db50acc9fbc0,2,AnchorOnly,OracleTargetTreated,103064492,50,50,5000,10,,0.4039580403239417,0.15465316536510287,0.22165316536510285,0.22165316536510285,,,0.0,,,,-0.06699999999999999,-0.06699999999999999,1.108182287959043e-17,-0.06700000000000025,1.0,0.32992327695752643,0.7973089886972177,0.45411591193262624,0.04415300000000005,0.4848689119326264,-1.1102230246251565e-16,0.029433590257775588,0.0,,,9.673137903213501
l1tcl_gold_dim_sweep,db50acc9fbc0,2,AnchorPlugin,FeasibleRestricted,103064492,50,50,5000,10,,0.2771854485857595,-0.143673121970478,0.07667312197047801,-0.07667312197047801,,,0.0,,,,-0.06699999999999999,-0.06699999999999999,-1.428534276408002e-17,-0.06700000000000025,1.0,0.2235541431362889,0.5506564029020897,0.47810191193262624,0.020167000000000046,0.48486891193262627,0.0,0.15553929131029948,7.0,,,7.159113883972168
l1tcl_gold_dim_sweep,db50acc9fbc0,2,ProposedA_FullyDirect,OracleTargetTreated,103064492,50,50,5000,10,,0.38599075171784164,0.14373635028483037,0.21073635028483034,0.21073635028483034,,,0.0,,,,-0.06699999999999999,-0.06699999999999999,4.140019817441013e-17,-0.06700000000000021,1.0,0.3124114183610807,0.7688581671980343,0.45424991193262626,0.04401900000000003,0.48486891193262627,0.0,0.0,0.0,,,9.210591077804565
l1tcl_gold_dim_sweep,db50acc9fbc0,2,ProposedB_LinearStepB,OracleTargetTreated,103064492,50,50,5000,10,,0.39921436375007446,0.14208385198306467,0.20908385198306464,0.20908385198306464,,,0.0,,,,-0.06699999999999999,-0.06699999999999999,1.7229505968188758e-17,-0.06700000000000025,1.0,0.3279937163038128,0.7796151563571408,0.45424991193262626,0.04401900000000003,0.48486891193262627,0.0,0.232299855628074,0.0,1.5565992491864418,10.0,32.617835998535156
l1tcl_gold_dim_sweep,db50acc9fbc0,2,ProposedB_SourceDR,FeasibleRestricted,103064492,50,50,5000,10,,0.06751533905151401,-0.0803121632709107,0.013312163270910726,-0.013312163270910726,,,0.0,,,,-0.06699999999999999,-0.06699999999999999,-8.90522681647359e-17,-0.06700000000000025,1.0,0.0489429038751358,0.11916028604141059,0.49197091193262626,0.006298000000000026,0.48486891193262627,0.0,0.08551759245549724,13.0,1.5565992491864422,10.0,50.29500603675842
l1tcl_gold_dim_sweep,db50acc9fbc0,2,IPWTransport,FeasibleRestricted,103064492,50,50,5000,10,,0.21313453409768085,-0.25300217697329913,0.18600217697329915,-0.18600217697329915,,,0.0,,,,-0.06699999999999999,-0.06699999999999999,1.541444853389512e-17,-0.06700000000000023,1.0,0.18600217697329913,0.3682202107877911,0.49813491193262627,0.000134000000000023,0.48486891193262627,0.0,,,,,1.8047528266906738
l1tcl_gold_dim_sweep,db50acc9fbc0,2,EntropyBalancing,FeasibleRestricted,103064492,50,50,5000,10,,2.4874239205084807,-2.2918290445311413,2.224829044531141,-2.224829044531141,,,0.0,,,,-0.06699999999999999,-0.06699999999999999,-9.903846862274579e-18,-0.06700000000000024,1.0,2.2248290445311416,4.236969994280766,0.4971969119326263,0.0010720000000000174,0.4848689119326263,-5.551115123125783e-17,,,,,3.4639651775360107
l1tcl_gold_dim_sweep,db50acc9fbc0,2,OutcomeModelTransport,FeasibleRestricted,103064492,50,50,5000,10,,0.1934589726354839,-0.22840615711778442,0.16140615711778444,-0.16140615711778444,,,0.0,,,,-0.06699999999999999,-0.06699999999999999,1.9430448770069224e-17,-0.06700000000000023,1.0,0.1668816070124538,0.34335786134530577,0.4973979119326263,0.0008710000000000107,0.4848689119326263,-5.551115123125783e-17,,,,,0.19596481323242188
l1tcl_gold_dim_sweep,db50acc9fbc0,2,DRLearner_PooledWithSite,OracleTargetTreated,103064492,50,50,5000,10,,0.14209340457499214,-0.15988683601546852,0.09288683601546854,-0.09288683601546854,,,0.0,,,,-0.06699999999999999,-0.06699999999999999,1.9011566238097948e-17,-0.06700000000000023,1.0,0.11754414279797441,0.27354919485062534,0.4931769119326263,0.005091999999999985,0.4848689119326263,-5.551115123125783e-17,,,,,2.2302491664886475
l1tcl_gold_dim_sweep,db50acc9fbc0,2,DRLearner_PooledNoSite,OracleTargetTreated,103064492,50,50,5000,10,,0.13796038635271182,-0.15445626557539668,0.08745626557539671,-0.08745626557539671,,,0.0,,,,-0.06699999999999999,-0.06699999999999999,2.3552475533589772e-17,-0.06700000000000024,1.0,0.11379585442488116,0.2663573967232683,0.49284191193262633,0.00542699999999996,0.48486891193262627,0.0,,,,,0.8175251483917236
l1tcl_gold_dim_sweep,db50acc9fbc0,1,TargetOnlyDR,OracleTargetTreated,1524367356,50,50,5000,10,,0.32971286126671506,-0.08054533708411855,0.013545337084118578,-0.013545337084118578,,,0.0,,,,-0.06699999999999999,-0.06699999999999999,-1.4553844655660852e-18,-0.06700000000000025,1.0,0.26046119688607716,0.6022624006685287,-0.29076588714186413,0.026733000000000062,-0.2774328871418641,-5.551115123125783e-17,0.0,0.0,,,5.681416988372803
l1tcl_gold_dim_sweep,db50acc9fbc0,1,ProxyOnly,FeasibleRestricted,1524367356,50,50,5000,10,,0.856739924551666,0.6891700375919154,0.7561700375919154,0.7561700375919154,,,0.0,,,,-0.06699999999999999,-0.06699999999999999,-1.8154758278647372e-17,-0.06700000000000023,1.0,0.7582177091022533,1.3757602218555967,-0.3269458871418641,0.06291300000000005,-0.27743288714186415,0.0,0.0,0.0,,,6.999040842056274
l1tcl_gold_dim_sweep,db50acc9fbc0,1,AnchorOnly,OracleTargetTreated,1524367356,50,50,5000,10,,0.3203806393626568,-0.1508104272791687,0.08381042727916874,-0.08381042727916874,,,0.0,,,,-0.06699999999999999,-0.06699999999999999,2.1432989533606138e-17,-0.06700000000000025,1.0,0.2545709029029449,0.6363290111940857,-0.28480288714186414,0.020770000000000066,-0.27743288714186415,0.0,0.02008145857005976,0.0,,,9.198181867599487
l1tcl_gold_dim_sweep,db50acc9fbc0,1,AnchorPlugin,FeasibleRestricted,1524367356,50,50,5000,10,,0.5689994525754742,0.33235421406638427,0.39935421406638427,0.39935421406638427,,,0.0,,,,-0.06699999999999999,-0.06699999999999999,1.562703745895882e-19,-0.06700000000000024,1.0,0.46523817811436374,1.1075839385104227,-0.3168958871418641,0.05286300000000005,-0.27743288714186415,0.0,0.0761316669592477,11.0,,,6.1394524574279785
l1tcl_gold_dim_sweep,db50acc9fbc0,1,ProposedA_FullyDirect,OracleTargetTreated,1524367356,50,50,5000,10,,0.3220759571959561,-0.11570434495359601,0.04870434495359603,-0.04870434495359603,,,0.0,,,,-0.06699999999999999,-0.06699999999999999,2.447384627901523e-17,-0.06700000000000023,1.0,0.2587652550130246,0.6003930448857726,-0.28808588714186417,0.024053000000000102,-0.27743288714186415,0.0,0.0,0.0,,,8.876996040344238
l1tcl_gold_dim_sweep,db50acc9fbc0,1,ProposedB_LinearStepB,OracleTargetTreated,1524367356,50,50,5000,10,,0.3212644111607109,-0.16719544514538484,0.10019544514538486,-0.10019544514538486,,,0.0,,,,-0.06699999999999999,-0.06699999999999999,1.8837341679983618e-17,-0.06700000000000023,1.0,0.2533870716783005,0.6620810239423401,-0.2839318871418641,0.019899000000000056,-0.27743288714186415,0.0,0.11004580437328348,17.0,1.5038083936716955,10.0,47.9408061504364
l1tcl_gold_dim_sweep,db50acc9fbc0,1,ProposedB_SourceDR,FeasibleRestricted,1524367356,50,50,5000,10,,0.05905889188886412,-0.07993436247958581,0.012934362479585834,-0.012934362479585834,,,0.0,,,,-0.06699999999999999,-0.06699999999999999,-4.763711750764529e-17,-0.06700000000000025,1.0,0.044380936566686985,0.1239869484721756,-0.2680528871418641,0.0040200000000000236,-0.27743288714186415,0.0,0.07037504416768084,11.0,1.5038083936716955,10.0,60.160924673080444
l1tcl_gold_dim_sweep,db50acc9fbc0,1,IPWTransport,FeasibleRestricted,1524367356,50,50,5000,10,,0.14753060413707447,-0.17910863408738195,0.11210863408738198,-0.11210863408738198,,,0.0,,,,-0.06699999999999999,-0.06699999999999999,2.284600694978217e-17,-0.06700000000000027,1.0,0.12348619416975302,0.28507221460937676,-0.26597588714186415,0.0019430000000000835,-0.2774328871418641,-5.551115123125783e-17,,,,,1.676466941833496
l1tcl_gold_dim_sweep,db50acc9fbc0,1,EntropyBalancing,FeasibleRestricted,1524367356,50,50,5000,10,,1.0043284415548832,0.05726574258140949,0.12426574258140946,0.12426574258140946,,,0.0,,,,-0.06699999999999999,-0.06699999999999999,-1.620934586859149e-18,-0.06700000000000025,1.0,0.8091869543260368,1.8368373131431313,-0.2988058871418641,0.034773000000000054,-0.27743288714186415,0.0,,,,,3.2673075199127197
l1tcl_gold_dim_sweep,db50acc9fbc0,1,OutcomeModelTransport,FeasibleRestricted,1524367356,50,50,5000,10,,0.11466865881786494,-0.12825716194556078,0.0612571619455608,-0.0612571619455608,,,0.0,,,,-0.06699999999999999,-0.06699999999999999,9.491560129391974e-18,-0.06700000000000023,1.0,0.09189402915475964,0.23569258284927103,-0.2705988871418641,0.006566000000000016,-0.2774328871418641,-5.551115123125783e-17,,,,,0.12121939659118652
l1tcl_gold_dim_sweep,db50acc9fbc0,1,DRLearner_PooledWithSite,OracleTargetTreated,1524367356,50,50,5000,10,,0.10048747919256185,-0.09303984833097519,0.02603984833097521,-0.02603984833097521,,,0.0,,,,-0.06699999999999999,-0.06699999999999999,2.094354783183593e-17,-0.06700000000000024,1.0,0.07959154994200533,0.201068806261322,-0.27589188714186413,0.011859000000000064,-0.27743288714186415,0.0,,,,,1.942979335784912
l1tcl_gold_dim_sweep,db50acc9fbc0,1,DRLearner_PooledNoSite,OracleTargetTreated,1524367356,50,50,5000,10,,0.09899222304116516,-0.09002218817951448,0.0230221881795145,-0.0230221881795145,,,0.0,,,,-0.06699999999999999,-0.06699999999999999,1.4387580376416804e-17,-0.06700000000000024,1.0,0.0782995015244784,0.19641876970912148,-0.27622688714186416,0.012194000000000094,-0.2774328871418641,-5.551115123125783e-17,,,,,0.6653902530670166
l1tcl_gold_dim_sweep,db50acc9fbc0,4,TargetOnlyDR,OracleTargetTreated,374174882,50,50,5000,10,,0.36260411654234825,0.08301174665161609,0.15001174665161607,0.15001174665161607,,,0.0,,,,-0.06699999999999999,-0.06699999999999999,-2.2064687289916482e-17,-0.06700000000000021,1.0,0.2885627146086369,0.7194583768919657,-0.5307105151058817,0.0401999999999999,-0.5039105151058818,0.0,0.0,0.0,,,5.5899035930633545
l1tcl_gold_dim_sweep,db50acc9fbc0,4,ProxyOnly,FeasibleRestricted,374174882,50,50,5000,10,,1.0807287258262464,0.9092172667235471,0.976217266723547,0.976217266723547,,,0.0,,,,-0.06699999999999999,-0.06699999999999999,-2.4172081629846973e-17,-0.06700000000000024,1.0,0.9762172667235471,1.743714341204177,-0.5551655151058819,0.06465500000000002,-0.5039105151058818,0.0,0.0,0.0,,,7.030017375946045
l1tcl_gold_dim_sweep,db50acc9fbc0,4,AnchorOnly,OracleTargetTreated,374174882,50,50,5000,10,,0.3607288750827474,-0.04914223031041449,0.01785776968958549,0.01785776968958549,,,0.0,,,,-0.06699999999999999,-0.06699999999999999,-3.170291616641818e-17,-0.06700000000000024,1.0,0.2852869013752506,0.6644896642253377,-0.5205935151058818,0.03008299999999997,-0.5039105151058818,0.0,0.014886675805638069,0.0,,,9.504717111587524
l1tcl_gold_dim_sweep,db50acc9fbc0,4,AnchorPlugin,FeasibleRestricted,374174882,50,50,5000,10,,0.6609566690814592,0.3537327267706928,0.42073272677069273,0.42073272677069273,,,0.0,,,,-0.06699999999999999,-0.06699999999999999,-2.0184327500411726e-17,-0.06700000000000024,1.0,0.536976776907418,1.3160745349491805,-0.5408945151058817,0.05038399999999987,-0.5039105151058818,0.0,0.0646828575385194,16.0,,,6.701143264770508
l1tcl_gold_dim_sweep,db50acc9fbc0,4,ProposedA_FullyDirect,OracleTargetTreated,374174882,50,50,5000,10,,0.30794640554998876,0.014346348277882325,0.0813463482778823,0.0813463482778823,,,0.0,,,,-0.06699999999999999,-0.06699999999999999,-2.5961013318278108e-17,-0.0670000000000002,1.0,0.2444375679502589,0.6040643851041654,-0.5242785151058817,0.03376799999999991,-0.5039105151058818,0.0,0.0,0.0,,,8.83828854560852
l1tcl_gold_dim_sweep,db50acc9fbc0,4,ProposedB_LinearStepB,OracleTargetTreated,374174882,50,50,5000,10,,0.3278337461809096,-0.062331549495681884,0.004668450504318092,0.004668450504318092,,,0.0,,,,-0.06699999999999999,-0.06699999999999999,-3.070827148131569e-17,-0.06700000000000024,1.0,0.2563571807281763,0.5891269397693641,-0.5175115151058818,0.02700099999999994,-0.5039105151058818,0.0,0.0761173610714962,23.0,1.4487158786123013,10.0,47.56870150566101
l1tcl_gold_dim_sweep,db50acc9fbc0,4,ProposedB_SourceDR,FeasibleRestricted,374174882,50,50,5000,10,,0.06469966833989099,-0.07616864587274272,0.009168645872742742,-0.009168645872742742,,,0.0,,,,-0.06699999999999999,-0.06699999999999999,1.8348481972399435e-16,-0.06700000000000023,1.0,0.04769054077154124,0.12682776017208064,-0.4973445151058818,0.006833999999999951,-0.5039105151058818,0.0,0.062015887297050064,14.0,1.4487158786123016,10.0,73.48125195503235
l1tcl_gold_dim_sweep,db50acc9fbc0,4,IPWTransport,FeasibleRestricted,374174882,50,50,5000,10,,0.20618929546656006,0.0997720824492726,0.16677208244927258,0.16677208244927258,,,0.0,,,,-0.06699999999999999,-0.06699999999999999,1.6720582007963952e-16,-0.06700000000000024,1.0,0.17508769304982444,0.3796244274484724,-0.5433735151058818,0.05286299999999999,-0.5039105151058818,0.0,,,,,2.438666820526123
l1tcl_gold_dim_sweep,db50acc9fbc0,4,EntropyBalancing,FeasibleRestricted,374174882,50,50,5000,10,,1.7623348001241848,1.4115683898934377,1.4785683898934376,1.4785683898934376,,,0.0,,,,-0.06699999999999999,-0.06699999999999999,1.2576735786835511e-17,-0.06700000000000023,1.0,1.5190672476792273,3.154428959132091,-0.5528205151058818,0.062309999999999977,-0.5039105151058818,0.0,,,,,5.145477771759033
l1tcl_gold_dim_sweep,db50acc9fbc0,4,OutcomeModelTransport,FeasibleRestricted,374174882,50,50,5000,10,,0.09666100547923283,-0.11208847061359338,0.045088470613593404,-0.045088470613593404,,,0.0,,,,-0.06699999999999999,-0.06699999999999999,1.8246075284894197e-16,-0.06700000000000024,1.0,0.07726097965667161,0.19976763579200119,-0.49727751510588175,0.006766999999999912,-0.5039105151058817,-1.1102230246251565e-16,,,,,0.23857426643371582
l1tcl_gold_dim_sweep,db50acc9fbc0,4,DRLearner_PooledWithSite,OracleTargetTreated,374174882,50,50,5000,10,,0.09838604840896163,-0.11390541374033313,0.04690541374033315,-0.04690541374033315,,,0.0,,,,-0.06699999999999999,-0.06699999999999999,1.302033520576771e-16,-0.06700000000000021,1.0,0.07869318238886032,0.2021800604340679,-0.4970765151058818,0.006565999999999961,-0.5039105151058818,0.0,,,,,2.640300989151001
l1tcl_gold_dim_sweep,db50acc9fbc0,4,DRLearner_PooledNoSite,OracleTargetTreated,374174882,50,50,5000,10,,0.10129314558226313,-0.11990077935456023,0.05290077935456025,-0.05290077935456025,,,0.0,,,,-0.06699999999999999,-0.06699999999999999,1.363367980993396e-16,-0.06700000000000023,1.0,0.08126771735974973,0.20825160422498934,-0.4962725151058818,0.005761999999999934,-0.5039105151058818,0.0,,,,,0.8038144111633301
l1tcl_gold_dim_sweep,db50acc9fbc0,3,TargetOnlyDR,OracleTargetTreated,71723508,50,50,5000,10,,0.42218315154597963,-0.12295804863834009,0.05595804863834011,-0.05595804863834011,,,0.0,,,,-0.06699999999999999,-0.06699999999999999,-8.069599702766952e-18,-0.06700000000000025,1.0,0.32871599454764544,0.8351214741055063,-0.6635356211599922,0.025728000000000084,-0.6512076211599922,0.0,0.0,0.0,,,6.1812968254089355
l1tcl_gold_dim_sweep,db50acc9fbc0,3,ProxyOnly,FeasibleRestricted,71723508,50,50,5000,10,,1.0057078429917583,0.8580409489148322,0.9250409489148321,0.9250409489148321,,,0.0,,,,-0.06699999999999999,-0.06699999999999999,2.3623659623692985e-17,-0.06700000000000025,1.0,0.9250409489148321,1.6230284492529417,-0.7040036211599922,0.06619600000000003,-0.6512076211599922,0.0,0.0,0.0,,,7.948761463165283
l1tcl_gold_dim_sweep,db50acc9fbc0,3,AnchorOnly,OracleTargetTreated,71723508,50,50,5000,10,,0.4270091555728774,-0.1284726494005314,0.06147264940053143,-0.06147264940053143,,,0.0,,,,-0.06699999999999999,-0.06699999999999999,2.0153436308788115e-18,-0.06700000000000027,1.0,0.31474070513962094,0.9836885864251208,-0.6660146211599922,0.028207000000000093,-0.6512076211599922,0.0,0.002021432192861413,0.0,,,9.23064112663269
l1tcl_gold_dim_sweep,db50acc9fbc0,3,AnchorPlugin,FeasibleRestricted,71723508,50,50,5000,10,,0.5248277001376205,0.36502985253696835,0.43202985253696835,0.43202985253696835,,,0.0,,,,-0.06699999999999999,-0.06699999999999999,-2.5821176830120486e-17,-0.06700000000000025,1.0,0.45082027809319325,0.9478987117465351,-0.6971026211599922,0.0592950000000001,-0.6512076211599922,0.0,0.13198890409585587,11.0,,,7.4816060066223145
l1tcl_gold_dim_sweep,db50acc9fbc0,3,ProposedA_FullyDirect,OracleTargetTreated,71723508,50,50,5000,10,,0.39843542572731416,-0.10045851290763479,0.03345851290763481,-0.03345851290763481,,,0.0,,,,-0.06699999999999999,-0.06699999999999999,7.416455239283406e-18,-0.06700000000000023,1.0,0.32247829637304287,0.7211807505925565,-0.6624636211599921,0.02465600000000001,-0.6512076211599922,0.0,0.0,0.0,,,8.53356385231018
l1tcl_gold_dim_sweep,db50acc9fbc0,3,ProposedB_LinearStepB,OracleTargetTreated,71723508,50,50,5000,10,,0.357814914477811,-0.13159187526259478,0.0645918752625948,-0.0645918752625948,,,0.0,,,,-0.06699999999999999,-0.06699999999999999,-7.371473229327317e-18,-0.06700000000000025,1.0,0.2787503851660727,0.7117487043926486,-0.6611236211599921,0.023316000000000003,-0.6512076211599921,-1.1102230246251565e-16,0.09634671118680725,24.0,1.370442066864267,10.0,55.232096910476685
l1tcl_gold_dim_sweep,db50acc9fbc0,3,ProposedB_SourceDR,FeasibleRestricted,71723508,50,50,5000,10,,0.08801467815815214,-0.08040808469844868,0.013408084698448702,-0.013408084698448702,,,0.0,,,,-0.06699999999999999,-0.06699999999999999,1.099906711568967e-17,-0.06700000000000023,1.0,0.05834091258839455,0.16289682641128062,-0.643904621159992,0.006096999999999908,-0.6512076211599922,0.0,0.11539986618658864,11.0,1.370442066864267,10.0,83.54389262199402
l1tcl_gold_dim_sweep,db50acc9fbc0,3,IPWTransport,FeasibleRestricted,71723508,50,50,5000,10,,0.12566909799197606,-0.14399705719929995,0.07699705719929997,-0.07699705719929997,,,0.0,,,,-0.06699999999999999,-0.06699999999999999,2.7051638294063296e-17,-0.06700000000000023,1.0,0.10200156133777512,0.2522126370855089,-0.6430336211599922,0.005226000000000064,-0.6512076211599922,0.0,,,,,2.484856128692627
l1tcl_gold_dim_sweep,db50acc9fbc0,3,EntropyBalancing,FeasibleRestricted,71723508,50,50,5000,10,,1.031562136928241,-0.09106398433908255,0.024063984339082578,-0.024063984339082578,,,0.0,,,,-0.06699999999999999,-0.06699999999999999,8.274491090390345e-18,-0.06700000000000025,1.0,0.8092735984073398,1.9040330074031928,-0.6693646211599921,0.031556999999999946,-0.6512076211599922,0.0,,,,,5.223787546157837
l1tcl_gold_dim_sweep,db50acc9fbc0,3,OutcomeModelTransport,FeasibleRestricted,71723508,50,50,5000,10,,0.140744220520576,-0.16538236238432769,0.09838236238432771,-0.09838236238432771,,,0.0,,,,-0.06699999999999999,-0.06699999999999999,2.975562395779195e-17,-0.06700000000000025,1.0,0.11555300859124841,0.27604582473262307,-0.6409566211599921,0.0031489999999999574,-0.6512076211599922,0.0,,,,,0.3659183979034424
l1tcl_gold_dim_sweep,db50acc9fbc0,3,DRLearner_PooledWithSite,OracleTargetTreated,71723508,50,50,5000,10,,0.11581329870129824,-0.1280935256599933,0.06109352565999332,-0.06109352565999332,,,0.0,,,,-0.06699999999999999,-0.06699999999999999,2.481191721183563e-17,-0.06700000000000025,1.0,0.09296603653438114,0.23473693929227601,-0.6451776211599922,0.007370000000000099,-0.6512076211599922,0.0,,,,,3.1322672367095947
l1tcl_gold_dim_sweep,db50acc9fbc0,3,DRLearner_PooledNoSite,OracleTargetTreated,71723508,50,50,5000,10,,0.11698861893718437,-0.13064578986640446,0.06364578986640448,-0.06364578986640448,,,0.0,,,,-0.06699999999999999,-0.06699999999999999,3.055676190425516e-17,-0.06700000000000024,1.0,0.09378189752653475,0.23741363607364702,-0.6445076211599922,0.006700000000000039,-0.6512076211599922,0.0,,,,,1.6563026905059814
l1tcl_gold_dim_sweep,7d56d0f243a6,0,TargetOnlyDR,OracleTargetTreated,1534113842,200,200,5000,10,,0.22429783673557618,0.03127413283608133,0.0982741328360813,0.0982741328360813,,,0.0,,,,-0.06699999999999999,-0.06699999999999999,-1.507890487093222e-16,-0.06700000000000018,1.0,0.17331064552940906,0.3948831022363909,-0.035947249097853226,0.040267000000000004,-0.009080249097853219,5.204170427930421e-18,0.0,0.0,,,19.098924160003662
l1tcl_gold_dim_sweep,7d56d0f243a6,0,ProxyOnly,FeasibleRestricted,1534113842,200,200,5000,10,,0.27755806208629197,0.010195314834209174,0.07719531483420915,0.07719531483420915,,,0.0,,,,-0.06699999999999999,-0.06699999999999999,3.1591699425848545e-18,-0.06700000000000024,1.0,0.20254153301657157,0.5448787767298191,-0.03139124909785323,0.03571100000000001,-0.009080249097853219,5.204170427930421e-18,0.0,0.0,,,8.39197301864624
l1tcl_gold_dim_sweep,7d56d0f243a6,0,AnchorOnly,OracleTargetTreated,1534113842,200,200,5000,10,,0.20339520316198972,0.017515739064414126,0.0845157390644141,0.0845157390644141,,,0.0,,,,-0.06699999999999999,-0.06699999999999999,-1.967124462326297e-16,-0.06700000000000024,1.0,0.14614149521110645,0.3297882147408053,-0.03688524909785322,0.041205,-0.00908024909785322,6.938893903907228e-18,0.01809213131766151,0.0,,,14.413212776184082
l1tcl_gold_dim_sweep,7d56d0f243a6,0,AnchorPlugin,FeasibleRestricted,1534113842,200,200,5000,10,,0.15401234561074983,-0.020857467526424037,0.04614253247357594,0.04614253247357594,,,0.0,,,,-0.06699999999999999,-0.06699999999999999,-6.224319430030935e-17,-0.06700000000000024,1.0,0.12232551010225534,0.2929090311917889,-0.02723724909785322,0.031557,-0.00908024909785322,6.938893903907228e-18,0.06874673041760129,0.0,,,7.174351215362549
l1tcl_gold_dim_sweep,7d56d0f243a6,0,ProposedA_FullyDirect,OracleTargetTreated,1534113842,200,200,5000,10,,0.18109060551294795,0.007632155083695431,0.0746321550836954,0.0746321550836954,,,0.0,,,,-0.06699999999999999,-0.06699999999999999,-3.2091405804913015e-16,-0.06700000000000025,1.0,0.14115378030455086,0.3162182310198753,-0.034205249097853226,0.038525000000000004,-0.009080249097853219,5.204170427930421e-18,0.0,0.0,,,9.71202802658081
l1tcl_gold_dim_sweep,7d56d0f243a6,0,ProposedB_LinearStepB,OracleTargetTreated,1534113842,200,200,5000,10,,0.20525914862508704,0.017241589433327348,0.08424158943332732,0.08424158943332732,,,0.0,,,,-0.06699999999999999,-0.06699999999999999,-1.840626538247309e-16,-0.06700000000000023,1.0,0.1477120235068917,0.32928370128224904,-0.03762224909785322,0.041942,-0.00908024909785322,6.938893903907228e-18,0.05440359438552177,0.0,0.0001328946587517766,1.0,27.428865909576416
l1tcl_gold_dim_sweep,7d56d0f243a6,0,ProposedB_SourceDR,FeasibleRestricted,1534113842,200,200,5000,10,,0.07579961541058007,-0.0423730692779539,0.024626930722046074,0.024626930722046074,,,0.0,,,,-0.06699999999999999,-0.06699999999999999,-4.6174294621123934e-17,-0.06700000000000023,1.0,0.04835096005114406,0.180785495911977,-0.00452424909785322,0.008844000000000001,-0.009080249097853219,5.204170427930421e-18,0.020900189183206595,5.0,0.00013289465875177702,1.0,22.557340621948242
l1tcl_gold_dim_sweep,7d56d0f243a6,0,IPWTransport,FeasibleRestricted,1534113842,200,200,5000,10,,0.2863213896518405,0.11295308650243537,0.17995308650243536,0.17995308650243536,,,0.0,,,,-0.06699999999999999,-0.06699999999999999,1.598627474006967e-17,-0.06700000000000023,1.0,0.23063760049576376,0.5799539349536972,-0.04130724909785322,0.045627,-0.009080249097853219,5.204170427930421e-18,,,,,1.359405279159546
l1tcl_gold_dim_sweep,7d56d0f243a6,0,EntropyBalancing,FeasibleRestricted,1534113842,200,200,5000,10,,0.26049571005180916,0.0846087363145376,0.15160873631453758,0.15160873631453758,,,0.0,,,,-0.06699999999999999,-0.06699999999999999,1.9070122436230075e-17,-0.06700000000000027,1.0,0.2079740608531038,0.5302590372450964,-0.039498249097853225,0.043818,-0.009080249097853219,5.204170427930421e-18,,,,,3.482532501220703
l1tcl_gold_dim_sweep,7d56d0f243a6,0,OutcomeModelTransport,FeasibleRestricted,1534113842,200,200,5000,10,,0.046535484931728495,-0.03361514479098622,0.033384855209013756,0.033384855209013756,,,0.0,,,,-0.06699999999999999,-0.06699999999999999,-1.4388359946140763e-16,-0.06700000000000023,1.0,0.038227529029210484,0.0892863991604888,-0.00552924909785322,0.009849,-0.009080249097853222,8.673617379884035e-18,,,,,0.09802842140197754
l1tcl_gold_dim_sweep,7d56d0f243a6,0,DRLearner_PooledWithSite,OracleTargetTreated,1534113842,200,200,5000,10,,0.056340754652555294,-0.02187183485978366,0.045128165140216316,0.045128165140216316,,,0.0,,,,-0.06699999999999999,-0.06699999999999999,-7.548008080471981e-17,-0.06700000000000025,1.0,0.0481468295959555,0.10381985923906598,-0.012832249097853222,0.017152000000000004,-0.00908024909785322,6.938893903907228e-18,,,,,1.4076435565948486
l1tcl_gold_dim_sweep,7d56d0f243a6,0,DRLearner_PooledNoSite,OracleTargetTreated,1534113842,200,200,5000,10,,0.05645879682682523,-0.021453969112839616,0.04554603088716036,0.04554603088716036,,,0.0,,,,-0.06699999999999999,-0.06699999999999999,-8.0065909563337e-17,-0.06700000000000028,1.0,0.04834016079361892,0.10382778405059348,-0.012631249097853223,0.016951000000000004,-0.009080249097853219,5.204170427930421e-18,,,,,0.9198572635650635
l1tcl_gold_dim_sweep,7d56d0f243a6,4,TargetOnlyDR,OracleTargetTreated,80501912,200,200,5000,10,,0.20251543157704704,-0.075816280889081,0.008816280889081027,-0.008816280889081027,,,0.0,,,,-0.06699999999999999,-0.06699999999999999,-2.342361637574285e-17,-0.06700000000000028,1.0,0.15229397465805677,0.37689575906635486,0.1226543044385976,0.021105000000000013,0.13035930443859758,2.7755575615628914e-17,0.0,0.0,,,19.354592084884644
l1tcl_gold_dim_sweep,7d56d0f243a6,4,ProxyOnly,FeasibleRestricted,80501912,200,200,5000,10,,0.2142639913372244,-0.10649285862292177,0.03949285862292179,-0.03949285862292179,,,0.0,,,,-0.06699999999999999,-0.06699999999999999,-4.790032588422864e-17,-0.06700000000000023,1.0,0.16369952338022659,0.40793422427602105,0.1256023044385976,0.018157000000000006,0.13035930443859758,2.7755575615628914e-17,0.0,0.0,,,6.839091777801514
l1tcl_gold_dim_sweep,7d56d0f243a6,4,AnchorOnly,OracleTargetTreated,80501912,200,200,5000,10,,0.2086861144526383,-0.09556252157211564,0.028562521572115668,-0.028562521572115668,,,0.0,,,,-0.06699999999999999,-0.06699999999999999,-1.3137808200035378e-17,-0.06700000000000023,1.0,0.1626918599559991,0.3923768617806142,0.1254013044385976,0.018358000000000013,0.13035930443859758,2.7755575615628914e-17,0.003622511669695116,0.0,,,16.095484733581543
l1tcl_gold_dim_sweep,7d56d0f243a6,4,AnchorPlugin,FeasibleRestricted,80501912,200,200,5000,10,,0.1435973490153753,-0.08334351298685261,0.016343512986852632,-0.016343512986852632,,,0.0,,,,-0.06699999999999999,-0.06699999999999999,-2.244219952083949e-17,-0.06700000000000023,1.0,0.11330946415753437,0.2779363213891779,0.12379330443859758,0.019966000000000025,0.1303593044385976,0.0,0.05658270398962128,0.0,,,6.6596198081970215
l1tcl_gold_dim_sweep,7d56d0f243a6,4,ProposedA_FullyDirect,OracleTargetTreated,80501912,200,200,5000,10,,0.20542327574239566,-0.08719989367482824,0.02019989367482826,-0.02019989367482826,,,0.0,,,,-0.06699999999999999,-0.06699999999999999,-1.3927625847204209e-18,-0.06700000000000025,1.0,0.1607028588038299,0.3891881010182672,0.12453030443859758,0.019229000000000024,0.13035930443859758,2.7755575615628914e-17,0.0,0.0,,,9.199840784072876
l1tcl_gold_dim_sweep,7d56d0f243a6,4,ProposedB_LinearStepB,OracleTargetTreated,80501912,200,200,5000,10,,0.20607643795131572,-0.09769036125120621,0.030690361251206236,-0.030690361251206236,,,0.0,,,,-0.06699999999999999,-0.06699999999999999,-9.739950837807583e-18,-0.06700000000000021,1.0,0.16066409156250397,0.3835085827480982,0.1257363044385976,0.01802300000000001,0.13035930443859758,2.7755575615628914e-17,0.05646860144352191,0.0,0.001276061209668255,1.0,28.995070695877075
l1tcl_gold_dim_sweep,7d56d0f243a6,4,ProposedB_SourceDR,FeasibleRestricted,80501912,200,200,5000,10,,0.05179259180105068,-0.07917825614203122,0.012178256142031246,-0.012178256142031246,,,0.0,,,,-0.06699999999999999,-0.06699999999999999,1.2504495768636913e-16,-0.06700000000000024,1.0,0.03716102412385454,0.11587338235587076,0.14228530443859758,0.0014740000000000308,0.13035930443859758,2.7755575615628914e-17,0.05203845089554094,0.0,0.0012760612096682552,1.0,23.362139225006104
l1tcl_gold_dim_sweep,7d56d0f243a6,4,IPWTransport,FeasibleRestricted,80501912,200,200,5000,10,,0.16690577561884842,-0.16311751558955076,0.09611751558955078,-0.09611751558955078,,,0.0,,,,-0.06699999999999999,-0.06699999999999999,1.4764752678020074e-17,-0.06700000000000023,1.0,0.135111379452183,0.3305041637318487,0.13598730443859758,0.007772000000000029,0.13035930443859758,2.7755575615628914e-17,,,,,0.5581011772155762
l1tcl_gold_dim_sweep,7d56d0f243a6,4,EntropyBalancing,FeasibleRestricted,80501912,200,200,5000,10,,0.18002651568048844,-0.17013189245950933,0.10313189245950935,-0.10313189245950935,,,0.0,,,,-0.06699999999999999,-0.06699999999999999,2.2239689983904234e-19,-0.06700000000000021,1.0,0.14497904039570336,0.3589425909540081,0.1357863044385976,0.007973000000000008,0.13035930443859758,2.7755575615628914e-17,,,,,1.7155985832214355
l1tcl_gold_dim_sweep,7d56d0f243a6,4,OutcomeModelTransport,FeasibleRestricted,80501912,200,200,5000,10,,0.028567811271639185,-0.07614878419385963,0.009148784193859658,-0.009148784193859658,,,0.0,,,,-0.06699999999999999,-0.06699999999999999,-2.2326324993021875e-16,-0.06700000000000025,1.0,0.022714670823258877,0.0562674377995465,0.1436923044385976,6.70000000000115e-05,0.13035930443859758,2.7755575615628914e-17,,,,,0.09605669975280762
l1tcl_gold_dim_sweep,7d56d0f243a6,4,DRLearner_PooledWithSite,OracleTargetTreated,80501912,200,200,5000,10,,0.040946390917238805,-0.09374775000839693,0.02674775000839695,-0.02674775000839695,,,0.0,,,,-0.06699999999999999,-0.06699999999999999,-2.1983058533432493e-16,-0.06700000000000028,1.0,0.03363239947519409,0.08044285572576747,0.1436923044385976,6.70000000000115e-05,0.1303593044385976,0.0,,,,,0.7449700832366943
l1tcl_gold_dim_sweep,7d56d0f243a6,4,DRLearner_PooledNoSite,OracleTargetTreated,80501912,200,200,5000,10,,0.04141533974099716,-0.09346893536272427,0.026468935362724294,-0.026468935362724294,,,0.0,,,,-0.06699999999999999,-0.06699999999999999,-2.1840859460688141e-16,-0.06700000000000025,1.0,0.03396871045026831,0.08159989617462697,0.1436923044385976,6.70000000000115e-05,0.1303593044385976,0.0,,,,,0.30072879791259766
l1tcl_gold_dim_sweep,ffb7016ba857,4,TargetOnlyDR,OracleTargetTreated,1676449047,200,200,5000,10,,0.24334878277549013,0.0005135941997397486,0.06751359419973972,0.06751359419973972,,,0.0,,,,-0.06699999999999999,-0.06699999999999999,-1.848173768742575e-17,-0.06700000000000024,1.0,0.18763922679256836,0.39693827975860607,0.005453094365615408,0.037319000000000005,0.029372094365615414,1.0408340855860843e-17,0.0,0.0,,,21.030615091323853
l1tcl_gold_dim_sweep,ffb7016ba857,4,ProxyOnly,FeasibleRestricted,1676449047,200,200,5000,10,,0.36709271631157797,-0.11792129725634745,0.050921297256347475,-0.050921297256347475,,,0.0,,,,-0.06699999999999999,-0.06699999999999999,4.2642413629623736e-18,-0.06700000000000025,1.0,0.29386268604062,0.7151765165177585,0.016039094365615417,0.026732999999999993,0.029372094365615414,1.0408340855860843e-17,0.0,0.0,,,9.56436538696289
l1tcl_gold_dim_sweep,ffb7016ba857,4,AnchorOnly,OracleTargetTreated,1676449047,200,200,5000,10,,0.3076320604060107,0.008718021398660616,0.07571802139866059,0.07571802139866059,,,0.0,,,,-0.06699999999999999,-0.06699999999999999,-2.7439360897935384e-17,-0.06700000000000023,1.0,0.2611114725603946,0.49470678444416183,0.005118094365615416,0.03765399999999999,0.02937209436561541,1.3877787807814457e-17,0.009202654032439585,5.0,,,16.148833990097046
l1tcl_gold_dim_sweep,ffb7016ba857,4,AnchorPlugin,FeasibleRestricted,1676449047,200,200,5000,10,,0.2576276351681365,-0.17000527693185885,0.10300527693185887,-0.10300527693185887,,,0.0,,,,-0.06699999999999999,-0.06699999999999999,2.918828203008526e-17,-0.06700000000000023,1.0,0.20469738268060395,0.5146511158647039,0.027161094365615413,0.015610999999999996,0.029372094365615418,6.938893903907228e-18,0.020617416331239386,15.0,,,6.373626708984375
l1tcl_gold_dim_sweep,ffb7016ba857,4,ProposedA_FullyDirect,OracleTargetTreated,1676449047,200,200,5000,10,,0.1921394743898124,-0.011678691109928852,0.05532130889007113,0.05532130889007113,,,0.0,,,,-0.06699999999999999,-0.06699999999999999,-1.4460792366202e-17,-0.06700000000000023,1.0,0.15807026444713937,0.3249561348573781,0.0069940943656154175,0.03577799999999999,0.029372094365615414,1.0408340855860843e-17,0.0,0.0,,,8.087725639343262
l1tcl_gold_dim_sweep,ffb7016ba857,4,ProposedB_LinearStepB,OracleTargetTreated,1676449047,200,200,5000,10,,0.2879798777583601,0.012208329731718641,0.07920832973171862,0.07920832973171862,,,0.0,,,,-0.06699999999999999,-0.06699999999999999,-3.0914153218324455e-17,-0.06700000000000024,1.0,0.2417457340176723,0.47208249132980495,0.005587094365615414,0.037184999999999996,0.02937209436561541,1.3877787807814457e-17,0.019720791549870005,18.0,0.8355572178100146,9.0,26.221083164215088
l1tcl_gold_dim_sweep,ffb7016ba857,4,ProposedB_SourceDR,FeasibleRestricted,1676449047,200,200,5000,10,,0.06282129874997706,-0.10035613862589877,0.0333561386258988,-0.0333561386258988,,,0.0,,,,-0.06699999999999999,-0.06699999999999999,1.7093053761485132e-16,-0.06700000000000023,1.0,0.049397971747957126,0.1282648090732012,0.04076209436561541,0.002009999999999998,0.029372094365615414,1.0408340855860843e-17,0.022420496715426542,15.0,0.8355572178100145,9.0,23.710067987442017
l1tcl_gold_dim_sweep,ffb7016ba857,4,IPWTransport,FeasibleRestricted,1676449047,200,200,5000,10,,0.32571856553350836,-0.09421989521055958,0.027219895210559605,-0.027219895210559605,,,0.0,,,,-0.06699999999999999,-0.06699999999999999,1.489132229500811e-17,-0.06700000000000023,1.0,0.25942784611253383,0.5920116515992871,0.016776094365615415,0.025995999999999995,0.02937209436561541,1.3877787807814457e-17,,,,,1.01774263381958
l1tcl_gold_dim_sweep,ffb7016ba857,4,EntropyBalancing,FeasibleRestricted,1676449047,200,200,5000,10,,0.4177159586846578,-0.058269787272212624,0.008730212727787352,0.008730212727787352,,,0.0,,,,-0.06699999999999999,-0.06699999999999999,9.904082326950413e-18,-0.06700000000000028,1.0,0.33234599057657677,0.744652601422028,0.013158094365615413,0.029613999999999994,0.02937209436561541,1.3877787807814457e-17,,,,,3.8687264919281006
l1tcl_gold_dim_sweep,ffb7016ba857,4,OutcomeModelTransport,FeasibleRestricted,1676449047,200,200,5000,10,,0.08778453982965699,-0.1059111645918972,0.038911164591897224,-0.038911164591897224,,,0.0,,,,-0.06699999999999999,-0.06699999999999999,1.0794210893399453e-16,-0.06700000000000023,1.0,0.07008001328326506,0.1787384925522602,0.03727809436561542,0.005493999999999992,0.029372094365615414,1.0408340855860843e-17,,,,,0.08667159080505371
l1tcl_gold_dim_sweep,ffb7016ba857,4,DRLearner_PooledWithSite,OracleTargetTreated,1676449047,200,200,5000,10,,0.07224228421129547,-0.06516080270438365,0.0018391972956163238,0.0018391972956163238,,,0.0,,,,-0.06699999999999999,-0.06699999999999999,9.992502292099565e-17,-0.06700000000000025,1.0,0.057447127792022684,0.12728604555306927,0.030712094365615415,0.012059999999999994,0.029372094365615418,6.938893903907228e-18,,,,,0.8343517780303955
l1tcl_gold_dim_sweep,ffb7016ba857,4,DRLearner_PooledNoSite,OracleTargetTreated,1676449047,200,200,5000,10,,0.07176554712600954,-0.06465543014930229,0.0023445698506976836,0.0023445698506976836,,,0.0,,,,-0.06699999999999999,-0.06699999999999999,9.886129353160211e-17,-0.06700000000000023,1.0,0.05702745179128385,0.1268918090901304,0.030310094365615412,0.012461999999999997,0.029372094365615414,1.0408340855860843e-17,,,,,0.46231794357299805
l1tcl_gold_dim_sweep,7d56d0f243a6,2,TargetOnlyDR,OracleTargetTreated,1581530194,200,200,5000,10,,0.2379617946392335,-0.013469032038994608,0.05353096796100537,0.05353096796100537,,,0.0,,,,-0.06699999999999999,-0.06699999999999999,-5.4131731734172034e-17,-0.06700000000000024,1.0,0.1909860674648445,0.4534119041314224,0.3357174541545735,0.032159999999999966,0.3544774541545735,0.0,0.0,0.0,,,19.452117204666138
l1tcl_gold_dim_sweep,7d56d0f243a6,2,ProxyOnly,FeasibleRestricted,1581530194,200,200,5000,10,,0.3512252332244769,-0.27508556278201873,0.20808556278201876,-0.20808556278201876,,,0.0,,,,-0.06699999999999999,-0.06699999999999999,-4.986203012377968e-18,-0.06700000000000025,1.0,0.28873068189146567,0.6743005627071725,0.3552144541545734,0.012663000000000035,0.3544774541545735,0.0,0.0,0.0,,,7.118495225906372
l1tcl_gold_dim_sweep,7d56d0f243a6,2,AnchorOnly,OracleTargetTreated,1581530194,200,200,5000,10,,0.24801552970771393,0.012567245580008556,0.07956724558000854,0.07956724558000854,,,0.0,,,,-0.06699999999999999,-0.06699999999999999,-1.4647533834933823e-17,-0.06700000000000027,1.0,0.19538777102995525,0.5037136970156665,0.33504745415457354,0.032829999999999915,0.3544774541545735,0.0,0.014474936015196855,1.0,,,15.698018789291382
l1tcl_gold_dim_sweep,7d56d0f243a6,2,AnchorPlugin,FeasibleRestricted,1581530194,200,200,5000,10,,0.18551544569167697,-0.15865015226919105,0.09165015226919107,-0.09165015226919107,,,0.0,,,,-0.06699999999999999,-0.06699999999999999,4.1393243276609946e-17,-0.0670000000000002,1.0,0.14702077515825643,0.3680170069225838,0.35822945415457347,0.00964799999999999,0.3544774541545735,0.0,0.028714063529609795,4.0,,,8.184463024139404
l1tcl_gold_dim_sweep,7d56d0f243a6,2,ProposedA_FullyDirect,OracleTargetTreated,1581530194,200,200,5000,10,,0.22856628134564816,-0.010610878055862322,0.05638912194413766,0.05638912194413766,,,0.0,,,,-0.06699999999999999,-0.06699999999999999,7.042026362221368e-18,-0.06700000000000023,1.0,0.18504156827860013,0.4104002315717047,0.3338414541545735,0.034035999999999955,0.3544774541545735,0.0,0.0,0.0,,,8.76119589805603
l1tcl_gold_dim_sweep,7d56d0f243a6,2,ProposedB_LinearStepB,OracleTargetTreated,1581530194,200,200,5000,10,,0.24689938188641727,0.008963797543297973,0.07596379754329795,0.07596379754329795,,,0.0,,,,-0.06699999999999999,-0.06699999999999999,-1.1318709212393693e-17,-0.06700000000000027,1.0,0.19508135330858042,0.49821388070220624,0.3353154541545734,0.032562000000000035,0.3544774541545735,0.0,0.03552793797344739,5.0,0.001145231447134638,1.0,32.16193890571594
l1tcl_gold_dim_sweep,7d56d0f243a6,2,ProposedB_SourceDR,FeasibleRestricted,1581530194,200,200,5000,10,,0.06862963511213688,-0.053854135178658794,0.013145864821341183,0.013145864821341183,,,0.0,,,,-0.06699999999999999,-0.06699999999999999,3.346347365735433e-17,-0.06700000000000021,1.0,0.041813521584359976,0.14870377034406954,0.36030645415457346,0.007570999999999994,0.3544774541545735,0.0,0.025936373852348243,4.0,0.0011452314471346358,1.0,28.08826494216919
l1tcl_gold_dim_sweep,7d56d0f243a6,2,IPWTransport,FeasibleRestricted,1581530194,200,200,5000,10,,0.1826302888155539,-0.16362361733359226,0.09662361733359229,-0.09662361733359229,,,0.0,,,,-0.06699999999999999,-0.06699999999999999,6.676045107602214e-17,-0.06700000000000021,1.0,0.14693213798545166,0.36699211105942847,0.35809545415457356,0.009781999999999902,0.3544774541545735,0.0,,,,,2.1914515495300293
l1tcl_gold_dim_sweep,7d56d0f243a6,2,EntropyBalancing,FeasibleRestricted,1581530194,200,200,5000,10,,0.2736005535456698,-0.2234838824297135,0.15648388242971353,-0.15648388242971353,,,0.0,,,,-0.06699999999999999,-0.06699999999999999,4.9127769448562374e-17,-0.06700000000000024,1.0,0.21872510593397015,0.5490567125715089,0.35709045415457347,0.010786999999999991,0.3544774541545735,0.0,,,,,4.581096172332764
l1tcl_gold_dim_sweep,7d56d0f243a6,2,OutcomeModelTransport,FeasibleRestricted,1581530194,200,200,5000,10,,0.043027975990066386,-0.03391649293348807,0.033083507066511905,0.033083507066511905,,,0.0,,,,-0.06699999999999999,-0.06699999999999999,3.1834943176458747e-16,-0.06700000000000025,1.0,0.03640938068170556,0.08039150575944123,0.3609764541545735,0.006900999999999935,0.3544774541545735,0.0,,,,,0.29025864601135254
l1tcl_gold_dim_sweep,7d56d0f243a6,2,DRLearner_PooledWithSite,OracleTargetTreated,1581530194,200,200,5000,10,,0.06035003279796088,-0.015327274131604448,0.051672725868395525,0.051672725868395525,,,0.0,,,,-0.06699999999999999,-0.06699999999999999,2.1246063310475106e-16,-0.06700000000000027,1.0,0.052338101920427954,0.10525059298439401,0.3469734541545735,0.020903999999999978,0.3544774541545735,0.0,,,,,1.3231558799743652
l1tcl_gold_dim_sweep,7d56d0f243a6,2,DRLearner_PooledNoSite,OracleTargetTreated,1581530194,200,200,5000,10,,0.06094262915043206,-0.014948494939285059,0.05205150506071492,0.05205150506071492,,,0.0,,,,-0.06699999999999999,-0.06699999999999999,2.2583868520155665e-16,-0.06700000000000027,1.0,0.05281785751223586,0.10667107123334198,0.34610245415457347,0.02177499999999999,0.3544774541545735,0.0,,,,,1.291417121887207
l1tcl_gold_dim_sweep,ffb7016ba857,0,TargetOnlyDR,OracleTargetTreated,2134583679,200,200,5000,10,,0.1781466779215881,-0.11869051193251515,0.05169051193251517,-0.05169051193251517,,,0.0,,,,-0.06699999999999999,-0.06699999999999999,-1.5229829516007202e-18,-0.06700000000000023,1.0,0.13041977239446256,0.3383118485557547,0.2906660190379474,0.01333300000000004,0.29059901903794744,0.0,0.0,0.0,,,20.221500158309937
l1tcl_gold_dim_sweep,ffb7016ba857,0,ProxyOnly,FeasibleRestricted,2134583679,200,200,5000,10,,0.5732754911592168,-0.5097217491836415,0.4427217491836416,-0.4427217491836416,,,0.0,,,,-0.06699999999999999,-0.06699999999999999,1.0703253132423848e-17,-0.06700000000000021,1.0,0.4875414783996335,1.015767368952552,0.29870601903794747,0.005292999999999992,0.29059901903794744,0.0,0.0,0.0,,,7.995645999908447
l1tcl_gold_dim_sweep,ffb7016ba857,0,AnchorOnly,OracleTargetTreated,2134583679,200,200,5000,10,,0.1692494208921956,-0.08578635061470945,0.01878635061470947,-0.01878635061470947,,,0.0,,,,-0.06699999999999999,-0.06699999999999999,-2.3883718948060126e-17,-0.06700000000000024,1.0,0.1317571469253069,0.3001693185514592,0.2841000190379474,0.019899000000000056,0.29059901903794744,0.0,0.00925410226416121,6.0,,,16.234210968017578
l1tcl_gold_dim_sweep,ffb7016ba857,0,AnchorPlugin,FeasibleRestricted,2134583679,200,200,5000,10,,0.3861429697876102,-0.28380070719140477,0.2168007071914048,-0.2168007071914048,,,0.0,,,,-0.06699999999999999,-0.06699999999999999,-3.960760572114122e-18,-0.06700000000000023,1.0,0.30970073538738213,0.7527504406259415,0.2919390190379474,0.01206000000000007,0.29059901903794744,0.0,0.02875398424678231,13.0,,,7.530349493026733
l1tcl_gold_dim_sweep,ffb7016ba857,0,ProposedA_FullyDirect,OracleTargetTreated,2134583679,200,200,5000,10,,0.1731272463987673,-0.12554564579383887,0.05854564579383889,-0.05854564579383889,,,0.0,,,,-0.06699999999999999,-0.06699999999999999,-2.5167811498542915e-17,-0.06700000000000025,1.0,0.1348228737824872,0.33685450248639565,0.29120201903794735,0.012797000000000114,0.29059901903794744,0.0,0.0,0.0,,,9.298107385635376
l1tcl_gold_dim_sweep,ffb7016ba857,0,ProposedB_LinearStepB,OracleTargetTreated,2134583679,200,200,5000,10,,0.1652119436325663,-0.08676963591191174,0.019769635911911762,-0.019769635911911762,,,0.0,,,,-0.06699999999999999,-0.06699999999999999,1.267978489270131e-18,-0.06700000000000023,1.0,0.1253528081942397,0.29972703453742555,0.28537301903794743,0.01862600000000003,0.29059901903794744,0.0,0.025076945550756242,18.0,1.0324965954438665,10.0,27.909915924072266
l1tcl_gold_dim_sweep,ffb7016ba857,0,ProposedB_SourceDR,FeasibleRestricted,2134583679,200,200,5000,10,,0.05824029435894354,-0.06911411893533095,0.0021141189353309775,-0.0021141189353309775,,,0.0,,,,-0.06699999999999999,-0.06699999999999999,-1.0645623159766679e-16,-0.06700000000000021,1.0,0.03896455842617132,0.13352792126337582,0.30064901903794744,0.0033500000000000196,0.29059901903794744,0.0,0.026862445124836647,12.0,1.0324965954438665,10.0,28.97900128364563
l1tcl_gold_dim_sweep,ffb7016ba857,0,IPWTransport,FeasibleRestricted,2134583679,200,200,5000,10,,0.2944790701234205,-0.17095796804594227,0.10395796804594229,-0.10395796804594229,,,0.0,,,,-0.06699999999999999,-0.06699999999999999,1.8485015158785396e-17,-0.06700000000000023,1.0,0.23353198220961174,0.584806346598193,0.2864450190379474,0.01755400000000007,0.2905990190379475,-5.551115123125783e-17,,,,,1.3455071449279785
l1tcl_gold_dim_sweep,ffb7016ba857,0,EntropyBalancing,FeasibleRestricted,2134583679,200,200,5000,10,,0.40444872690028744,-0.21638262557965426,0.1493826255796543,-0.1493826255796543,,,0.0,,,,-0.06699999999999999,-0.06699999999999999,1.3107511863000701e-17,-0.06700000000000025,1.0,0.3236909741682588,0.808221796696894,0.2851050190379474,0.018894000000000077,0.29059901903794744,0.0,,,,,4.502845525741577
l1tcl_gold_dim_sweep,ffb7016ba857,0,OutcomeModelTransport,FeasibleRestricted,2134583679,200,200,5000,10,,0.08007454782345555,-0.11913538846115387,0.0521353884611539,-0.0521353884611539,,,0.0,,,,-0.06699999999999999,-0.06699999999999999,-5.383550394235558e-17,-0.06700000000000027,1.0,0.06531402932247393,0.15746196824336867,0.30239101903794746,0.0016079999999999983,0.29059901903794744,0.0,,,,,0.2567009925842285
l1tcl_gold_dim_sweep,ffb7016ba857,0,DRLearner_PooledWithSite,OracleTargetTreated,2134583679,200,200,5000,10,,0.066679391647525,-0.0976523968392039,0.030652396839203927,-0.030652396839203927,,,0.0,,,,-0.06699999999999999,-0.06699999999999999,-4.447776373516071e-17,-0.06700000000000023,1.0,0.053654567454475395,0.1329121443472739,0.3008500190379474,0.0031490000000000684,0.29059901903794744,0.0,,,,,1.7038803100585938
l1tcl_gold_dim_sweep,ffb7016ba857,0,DRLearner_PooledNoSite,OracleTargetTreated,2134583679,200,200,5000,10,,0.06636571902770963,-0.09765018720142093,0.03065018720142096,-0.03065018720142096,,,0.0,,,,-0.06699999999999999,-0.06699999999999999,-5.643209622299236e-17,-0.06700000000000021,1.0,0.05328339996910935,0.13287695885255402,0.30071601903794737,0.0032830000000000914,0.29059901903794744,0.0,,,,,0.9468288421630859
l1tcl_gold_dim_sweep,7d56d0f243a6,1,TargetOnlyDR,OracleTargetTreated,923762887,200,200,5000,10,,0.20080405700445741,-0.12356813637425706,0.05656813637425709,-0.05656813637425709,,,0.0,,,,-0.06699999999999999,-0.06699999999999999,-6.420078180575723e-18,-0.06700000000000024,1.0,0.14112233153577589,0.4232864922861102,0.17827271543670056,0.013802000000000009,0.17867471543670055,0.0,0.0,0.0,,,16.445959091186523
l1tcl_gold_dim_sweep,7d56d0f243a6,1,ProxyOnly,FeasibleRestricted,923762887,200,200,5000,10,,0.369508107220543,-0.30340137343030577,0.2364013734303058,-0.2364013734303058,,,0.0,,,,-0.06699999999999999,-0.06699999999999999,1.8313365066007335e-17,-0.06700000000000024,1.0,0.3036033396135337,0.7192530748162735,0.18249371543670054,0.009581000000000034,0.17867471543670055,0.0,0.0,0.0,,,8.486848592758179
l1tcl_gold_dim_sweep,7d56d0f243a6,1,AnchorOnly,OracleTargetTreated,923762887,200,200,5000,10,,0.19854921091588448,-0.10289016567729668,0.035890165677296706,-0.035890165677296706,,,0.0,,,,-0.06699999999999999,-0.06699999999999999,-2.0533513744277868e-17,-0.06700000000000021,1.0,0.146767326472278,0.416778293517161,0.17291271543670056,0.019162000000000012,0.17867471543670058,-2.7755575615628914e-17,0.021537543113323572,0.0,,,15.88440203666687
l1tcl_gold_dim_sweep,7d56d0f243a6,1,AnchorPlugin,FeasibleRestricted,923762887,200,200,5000,10,,0.18354871612953755,-0.1703097034035708,0.10330970340357082,-0.10330970340357082,,,0.0,,,,-0.06699999999999999,-0.06699999999999999,4.594646170898747e-17,-0.06700000000000025,1.0,0.14522244426821063,0.3818137195933664,0.18282871543670054,0.009246000000000032,0.17867471543670055,0.0,0.03841752063773239,0.0,,,8.914355754852295
l1tcl_gold_dim_sweep,7d56d0f243a6,1,ProposedA_FullyDirect,OracleTargetTreated,923762887,200,200,5000,10,,0.19428973731217913,-0.12141769518151153,0.05441769518151156,-0.05441769518151156,,,0.0,,,,-0.06699999999999999,-0.06699999999999999,-3.155554797582387e-17,-0.06700000000000024,1.0,0.13829258130274696,0.4075812621595054,0.17746871543670056,0.014606000000000008,0.17867471543670058,-2.7755575615628914e-17,0.0,0.0,,,11.143493413925171
l1tcl_gold_dim_sweep,7d56d0f243a6,1,ProposedB_LinearStepB,OracleTargetTreated,923762887,200,200,5000,10,,0.19984960263605564,-0.10313679516295857,0.03613679516295859,-0.03613679516295859,,,0.0,,,,-0.06699999999999999,-0.06699999999999999,-2.0247214522635597e-17,-0.06700000000000023,1.0,0.1477053140253498,0.4196226432411819,0.17271171543670055,0.01936300000000002,0.17867471543670055,0.0,0.04757637423661813,0.0,0.0027342287604519484,2.0,35.79802060127258
l1tcl_gold_dim_sweep,7d56d0f243a6,1,ProposedB_SourceDR,FeasibleRestricted,923762887,200,200,5000,10,,0.06492382518417736,-0.06421862848628324,0.0027813715137167405,0.0027813715137167405,,,0.0,,,,-0.06699999999999999,-0.06699999999999999,-6.072941070501949e-18,-0.06700000000000023,1.0,0.04458423892891426,0.12447486267713362,0.18242671543670055,0.009648000000000018,0.17867471543670055,0.0,0.03438646464008007,0.0,0.002734228760451951,2.0,31.870632648468018
l1tcl_gold_dim_sweep,7d56d0f243a6,1,IPWTransport,FeasibleRestricted,923762887,200,200,5000,10,,0.26492924272759233,-0.12319529318523345,0.056195293185233475,-0.056195293185233475,,,0.0,,,,-0.06699999999999999,-0.06699999999999999,2.0864281028020265e-17,-0.06700000000000027,1.0,0.21139211799971236,0.5194311603431587,0.1709027154367006,0.02117199999999997,0.17867471543670058,-2.7755575615628914e-17,,,,,2.979926586151123
l1tcl_gold_dim_sweep,7d56d0f243a6,1,EntropyBalancing,FeasibleRestricted,923762887,200,200,5000,10,,0.41665915472434306,-0.1996063717190182,0.13260637171901823,-0.13260637171901823,,,0.0,,,,-0.06699999999999999,-0.06699999999999999,2.9490365984266246e-17,-0.06700000000000023,1.0,0.33183089935590243,0.8316833333375222,0.17143871543670053,0.020636000000000043,0.17867471543670058,-2.7755575615628914e-17,,,,,7.361579179763794
l1tcl_gold_dim_sweep,7d56d0f243a6,1,OutcomeModelTransport,FeasibleRestricted,923762887,200,200,5000,10,,0.06506136493201539,-0.028940091410121105,0.03805990858987887,0.03805990858987887,,,0.0,,,,-0.06699999999999999,-0.06699999999999999,-1.2357056844504822e-16,-0.06700000000000024,1.0,0.05217647039267199,0.1309909221106067,0.17251071543670057,0.019563999999999998,0.17867471543670058,-2.7755575615628914e-17,,,,,0.31995582580566406
l1tcl_gold_dim_sweep,7d56d0f243a6,1,DRLearner_PooledWithSite,OracleTargetTreated,923762887,200,200,5000,10,,0.04715957769589183,-0.05976932417922215,0.0072306758207778266,0.0072306758207778266,,,0.0,,,,-0.06699999999999999,-0.06699999999999999,-1.669822703860484e-16,-0.06700000000000025,1.0,0.03770701270447123,0.08965580430073469,0.18497271543670055,0.007102000000000025,0.17867471543670055,0.0,,,,,2.9765732288360596
l1tcl_gold_dim_sweep,7d56d0f243a6,1,DRLearner_PooledNoSite,OracleTargetTreated,923762887,200,200,5000,10,,0.0477320999136552,-0.05967007822594427,0.007329921774055705,0.007329921774055705,,,0.0,,,,-0.06699999999999999,-0.06699999999999999,-1.671146316886913e-16,-0.06700000000000027,1.0,0.038202631597939546,0.09064782539772791,0.18477171543670057,0.007303000000000004,0.17867471543670055,0.0,,,,,1.3202526569366455
l1tcl_gold_dim_sweep,ffb7016ba857,3,TargetOnlyDR,OracleTargetTreated,1330645544,200,200,5000,10,,0.21297919930286519,-0.08675864044710889,0.019758640447108913,-0.019758640447108913,,,0.0,,,,-0.06699999999999999,-0.06699999999999999,1.2034239287687033e-17,-0.06700000000000027,1.0,0.15928451263482474,0.3907449157005686,0.2267879443838049,0.020635999999999988,0.23402394438380492,0.0,0.0,0.0,,,21.449641466140747
l1tcl_gold_dim_sweep,ffb7016ba857,3,ProxyOnly,FeasibleRestricted,1330645544,200,200,5000,10,,0.4252995432842438,-0.3775189141505624,0.31051891415056243,-0.31051891415056243,,,0.0,,,,-0.06699999999999999,-0.06699999999999999,-2.698043735913027e-17,-0.06700000000000027,1.0,0.358238464790721,0.826184964093105,0.2411929443838049,0.0062309999999999865,0.23402394438380492,0.0,0.0,0.0,,,9.013559818267822
l1tcl_gold_dim_sweep,ffb7016ba857,3,AnchorOnly,OracleTargetTreated,1330645544,200,200,5000,10,,0.1922085425159195,-0.09900972722123927,0.03200972722123929,-0.03200972722123929,,,0.0,,,,-0.06699999999999999,-0.06699999999999999,1.3259174541492431e-17,-0.06700000000000024,1.0,0.14698518770279623,0.3455696242601881,0.22993694438380494,0.017486999999999947,0.23402394438380492,0.0,0.005470273538194354,1.0,,,16.407227516174316
l1tcl_gold_dim_sweep,ffb7016ba857,3,AnchorPlugin,FeasibleRestricted,1330645544,200,200,5000,10,,0.29449002626849774,-0.29050900048451955,0.22350900048451958,-0.22350900048451958,,,0.0,,,,-0.06699999999999999,-0.06699999999999999,1.739020475515346e-17,-0.06700000000000024,1.0,0.24874153509633534,0.5418196314006984,0.24266694438380493,0.004756999999999956,0.23402394438380492,0.0,0.058809427239002586,8.0,,,7.205458879470825
l1tcl_gold_dim_sweep,ffb7016ba857,3,ProposedA_FullyDirect,OracleTargetTreated,1330645544,200,200,5000,10,,0.18748520799987647,-0.09911883919383283,0.03211883919383285,-0.03211883919383285,,,0.0,,,,-0.06699999999999999,-0.06699999999999999,1.8742160719953388e-18,-0.06700000000000024,1.0,0.14225941048800356,0.3500638959703695,0.2307409443838049,0.016682999999999976,0.23402394438380492,0.0,0.0,0.0,,,10.354716777801514
l1tcl_gold_dim_sweep,ffb7016ba857,3,ProposedB_LinearStepB,OracleTargetTreated,1330645544,200,200,5000,10,,0.1859355937914363,-0.09922005921947409,0.032220059219474115,-0.032220059219474115,,,0.0,,,,-0.06699999999999999,-0.06699999999999999,1.1968256068929364e-17,-0.06700000000000021,1.0,0.14321534477157724,0.343046588435247,0.2296689443838049,0.017754999999999993,0.2340239443838049,2.7755575615628914e-17,0.04335265351581395,15.0,0.6777939526888055,9.0,36.274842977523804
l1tcl_gold_dim_sweep,ffb7016ba857,3,ProposedB_SourceDR,FeasibleRestricted,1330645544,200,200,5000,10,,0.10776974288966942,-0.15174846421500734,0.08474846421500737,-0.08474846421500737,,,0.0,,,,-0.06699999999999999,-0.06699999999999999,3.215521193855926e-18,-0.06700000000000023,1.0,0.0879644566350437,0.21627360961557113,0.2472899443838049,0.00013399999999999523,0.23402394438380492,0.0,0.04837470016747821,8.0,0.6777939526888055,9.0,27.208731412887573
l1tcl_gold_dim_sweep,ffb7016ba857,3,IPWTransport,FeasibleRestricted,1330645544,200,200,5000,10,,0.27101179351854315,-0.23761029696917654,0.17061029696917657,-0.17061029696917657,,,0.0,,,,-0.06699999999999999,-0.06699999999999999,2.195323475431543e-17,-0.06700000000000023,1.0,0.2200265019787324,0.540448597820628,0.2385799443838049,0.00884399999999999,0.23402394438380492,0.0,,,,,1.539402723312378
l1tcl_gold_dim_sweep,ffb7016ba857,3,EntropyBalancing,FeasibleRestricted,1330645544,200,200,5000,10,,0.4832255921892707,-0.38103248660396916,0.3140324866039692,-0.3140324866039692,,,0.0,,,,-0.06699999999999999,-0.06699999999999999,7.860868874467221e-18,-0.06700000000000023,1.0,0.3936110926347268,0.9676610419784408,0.2380439443838049,0.009379999999999972,0.2340239443838049,2.7755575615628914e-17,,,,,4.3291709423065186
l1tcl_gold_dim_sweep,ffb7016ba857,3,OutcomeModelTransport,FeasibleRestricted,1330645544,200,200,5000,10,,0.1560311129373128,-0.21239500231207728,0.1453950023120773,-0.1453950023120773,,,0.0,,,,-0.06699999999999999,-0.06699999999999999,-5.1996258830486236e-17,-0.06700000000000027,1.0,0.1453950023120773,0.2454127512693896,0.24742394438380488,0.0,0.23402394438380492,0.0,,,,,0.17673945426940918
l1tcl_gold_dim_sweep,ffb7016ba857,3,DRLearner_PooledWithSite,OracleTargetTreated,1330645544,200,200,5000,10,,0.09795689330270171,-0.1545491198530151,0.08754911985301511,-0.08754911985301511,,,0.0,,,,-0.06699999999999999,-0.06699999999999999,1.3894639364533747e-17,-0.06700000000000025,1.0,0.08754911985301511,0.16505770802266906,0.24742394438380488,0.0,0.2340239443838049,2.7755575615628914e-17,,,,,1.5993552207946777
l1tcl_gold_dim_sweep,ffb7016ba857,3,DRLearner_PooledNoSite,OracleTargetTreated,1330645544,200,200,5000,10,,0.0982125076206391,-0.15503187778342684,0.08803187778342686,-0.08803187778342686,,,0.0,,,,-0.06699999999999999,-0.06699999999999999,1.3286002609131798e-17,-0.06700000000000023,1.0,0.08803187778342682,0.16451863644700643,0.24742394438380488,0.0,0.23402394438380492,0.0,,,,,0.6625165939331055
l1tcl_gold_dim_sweep,2503324ebe4c,0,TargetOnlyDR,OracleTargetTreated,1487488880,100,100,5000,10,,0.3215299927016081,-0.1601840893138886,0.09318408931388864,-0.09318408931388864,,,0.0,,,,-0.06699999999999999,-0.06699999999999999,2.4314956475368707e-17,-0.06700000000000023,1.0,0.2588657130033188,0.604588853736406,0.47704948656038415,0.020301000000000013,0.4839504865603842,0.0,0.0,0.0,,,12.846927642822266
l1tcl_gold_dim_sweep,2503324ebe4c,0,ProxyOnly,FeasibleRestricted,1487488880,100,100,5000,10,,0.8115328348692236,-0.8225740989090264,0.7555740989090265,-0.7555740989090265,,,0.0,,,,-0.06699999999999999,-0.06699999999999999,1.4486961633962735e-17,-0.06700000000000024,1.0,0.7555740989090266,1.2559684916822889,0.4970824865603842,0.00026799999999999047,0.4839504865603842,0.0,0.0,0.0,,,8.16165566444397
l1tcl_gold_dim_sweep,2503324ebe4c,0,AnchorOnly,OracleTargetTreated,1487488880,100,100,5000,10,,0.2672784587866856,-0.14148360813298064,0.07448360813298066,-0.07448360813298066,,,0.0,,,,-0.06699999999999999,-0.06699999999999999,1.7932633174436387e-17,-0.06700000000000024,1.0,0.2141607545252836,0.5033915111889021,0.4789924865603842,0.018357999999999985,0.4839504865603842,0.0,0.03249873756088696,0.0,,,17.059513807296753
l1tcl_gold_dim_sweep,2503324ebe4c,0,AnchorPlugin,FeasibleRestricted,1487488880,100,100,5000,10,,0.47449639684539685,-0.48440062560943276,0.4174006256094328,-0.4174006256094328,,,0.0,,,,-0.06699999999999999,-0.06699999999999999,-1.1384475188497663e-17,-0.06700000000000025,1.0,0.41740062560943275,0.8122936094134657,0.4964794865603842,0.0008709999999999551,0.4839504865603842,0.0,0.1250181132012103,9.0,,,7.30843186378479
l1tcl_gold_dim_sweep,2503324ebe4c,0,ProposedA_FullyDirect,OracleTargetTreated,1487488880,100,100,5000,10,,0.28506059778585596,-0.2132086143793211,0.14620861437932112,-0.14620861437932112,,,0.0,,,,-0.06699999999999999,-0.06699999999999999,6.192920052646061e-17,-0.06700000000000021,1.0,0.22605637961941047,0.574934167662447,0.4852234865603842,0.012126999999999943,0.4839504865603842,0.0,0.0,0.0,,,11.626022100448608
l1tcl_gold_dim_sweep,2503324ebe4c,0,ProposedB_LinearStepB,OracleTargetTreated,1487488880,100,100,5000,10,,0.27441792973988055,-0.1386340337870605,0.07163403378706051,-0.07163403378706051,,,0.0,,,,-0.06699999999999999,-0.06699999999999999,2.5224421157841767e-17,-0.06700000000000027,1.0,0.22233789376108626,0.5188509358479637,0.4767814865603842,0.02056899999999995,0.4839504865603842,0.0,0.13145892269223713,22.0,1.697327032469721,10.0,38.65335440635681
l1tcl_gold_dim_sweep,2503324ebe4c,0,ProposedB_SourceDR,FeasibleRestricted,1487488880,100,100,5000,10,,0.06678989770763788,-0.10137989197338569,0.034379891973385715,-0.034379891973385715,,,0.0,,,,-0.06699999999999999,-0.06699999999999999,-5.83703589828229e-18,-0.06700000000000025,1.0,0.05213446690793795,0.1320440489913044,0.4946704865603842,0.00267999999999996,0.4839504865603842,0.0,0.11003742007018139,9.0,1.697327032469721,10.0,61.237677335739136
l1tcl_gold_dim_sweep,2503324ebe4c,0,IPWTransport,FeasibleRestricted,1487488880,100,100,5000,10,,0.1182993025737021,-0.030895340369450745,0.036104659630549235,0.036104659630549235,,,0.0,,,,-0.06699999999999999,-0.06699999999999999,6.269196450694307e-17,-0.06700000000000025,1.0,0.09518839986239487,0.22827918780752227,0.47041648656038415,0.026934000000000013,0.4839504865603842,0.0,,,,,3.407942295074463
l1tcl_gold_dim_sweep,2503324ebe4c,0,EntropyBalancing,FeasibleRestricted,1487488880,100,100,5000,10,,0.851954919713267,0.12945967323310753,0.1964596732331075,0.1964596732331075,,,0.0,,,,-0.06699999999999999,-0.06699999999999999,-3.957262096696986e-18,-0.06700000000000024,1.0,0.6826376650215957,1.6502492447426924,0.4602994865603843,0.03705099999999989,0.48395048656038414,5.551115123125783e-17,,,,,6.977765798568726
l1tcl_gold_dim_sweep,2503324ebe4c,0,OutcomeModelTransport,FeasibleRestricted,1487488880,100,100,5000,10,,0.10045744575975421,-0.09920089944505253,0.032200899445052555,-0.032200899445052555,,,0.0,,,,-0.06699999999999999,-0.06699999999999999,1.481841830240994e-16,-0.06700000000000024,1.0,0.08005918534618835,0.20063270174787956,0.4881714865603842,0.009178999999999937,0.48395048656038414,5.551115123125783e-17,,,,,0.30341386795043945
l1tcl_gold_dim_sweep,2503324ebe4c,0,DRLearner_PooledWithSite,OracleTargetTreated,1487488880,100,100,5000,10,,0.11247938433559118,-0.12642861947815748,0.0594286194781575,-0.0594286194781575,,,0.0,,,,-0.06699999999999999,-0.06699999999999999,1.701611664294269e-16,-0.06700000000000023,1.0,0.08994074997456447,0.2280821459360357,0.4913204865603842,0.00602999999999998,0.4839504865603842,0.0,,,,,2.390958070755005
l1tcl_gold_dim_sweep,2503324ebe4c,0,DRLearner_PooledNoSite,OracleTargetTreated,1487488880,100,100,5000,10,,0.11179611397719705,-0.12510214012439733,0.05810214012439735,-0.05810214012439735,,,0.0,,,,-0.06699999999999999,-0.06699999999999999,1.709610386900969e-16,-0.0670000000000002,1.0,0.08934201380269374,0.22658779859585643,0.4913204865603842,0.00602999999999998,0.48395048656038425,-5.551115123125783e-17,,,,,1.3655991554260254
l1tcl_gold_dim_sweep,2503324ebe4c,4,TargetOnlyDR,OracleTargetTreated,1434237106,100,100,5000,10,,0.30350668844540324,-0.14142858205134293,0.07442858205134295,-0.07442858205134295,,,0.0,,,,-0.06699999999999999,-0.06699999999999999,-8.653953805940234e-18,-0.06700000000000027,1.0,0.24679702091613487,0.5640586839617658,-0.20096120489393568,0.02157400000000001,-0.19278720489393567,0.0,0.0,0.0,,,14.438456058502197
l1tcl_gold_dim_sweep,2503324ebe4c,4,ProxyOnly,FeasibleRestricted,1434237106,100,100,5000,10,,0.6700656561061261,0.4776365553935885,0.5446365553935885,0.5446365553935885,,,0.0,,,,-0.06699999999999999,-0.06699999999999999,1.2980942433229935e-17,-0.06700000000000024,1.0,0.5799329578273826,1.1970393448571301,-0.23868220489393568,0.059295000000000014,-0.19278720489393567,0.0,0.0,0.0,,,8.688639163970947
l1tcl_gold_dim_sweep,2503324ebe4c,4,AnchorOnly,OracleTargetTreated,1434237106,100,100,5000,10,,0.24609574509794696,-0.0956720922034432,0.028672092203443217,-0.028672092203443217,,,0.0,,,,-0.06699999999999999,-0.06699999999999999,-3.5653662631953593e-17,-0.06700000000000023,1.0,0.1927540242563084,0.4467035904701348,-0.20089420489393567,0.021507,-0.19278720489393567,0.0,0.013368237977738489,3.0,,,16.58497405052185
l1tcl_gold_dim_sweep,2503324ebe4c,4,AnchorPlugin,FeasibleRestricted,1434237106,100,100,5000,10,,0.5184727887201888,0.264743717464983,0.331743717464983,0.331743717464983,,,0.0,,,,-0.06699999999999999,-0.06699999999999999,-7.861613678718905e-18,-0.06700000000000021,1.0,0.42526276855151046,1.0071559045632128,-0.22910120489393568,0.04971400000000001,-0.19278720489393567,0.0,0.04670358066870912,20.0,,,8.374818563461304
l1tcl_gold_dim_sweep,2503324ebe4c,4,ProposedA_FullyDirect,OracleTargetTreated,1434237106,100,100,5000,10,,0.26584815398910516,-0.08998875946938634,0.02298875946938636,-0.02298875946938636,,,0.0,,,,-0.06699999999999999,-0.06699999999999999,-2.2517828458130374e-17,-0.06700000000000023,1.0,0.19550205023713665,0.5829067608034557,-0.2058522048939357,0.026465000000000016,-0.19278720489393567,0.0,0.0,0.0,,,10.846557378768921
l1tcl_gold_dim_sweep,2503324ebe4c,4,ProposedB_LinearStepB,OracleTargetTreated,1434237106,100,100,5000,10,,0.2521951450412585,-0.05284896950012223,0.014151030499877745,0.014151030499877745,,,0.0,,,,-0.06699999999999999,-0.06699999999999999,-6.034841922500705e-17,-0.06700000000000025,1.0,0.19360707736573807,0.516547424466849,-0.20437820489393566,0.024990999999999985,-0.19278720489393567,0.0,0.04067753315406545,43.0,1.4736509736543293,10.0,40.35167932510376
l1tcl_gold_dim_sweep,2503324ebe4c,4,ProposedB_SourceDR,FeasibleRestricted,1434237106,100,100,5000,10,,0.04298767994102877,-0.06522690921758172,0.0017730907824182601,0.0017730907824182601,,,0.0,,,,-0.06699999999999999,-0.06699999999999999,-5.003536092222017e-17,-0.06700000000000028,1.0,0.032645257919556726,0.0788638906760561,-0.18220120489393565,0.002813999999999983,-0.19278720489393567,0.0,0.04326125835270291,20.0,1.4736509736543295,10.0,63.94730019569397
l1tcl_gold_dim_sweep,2503324ebe4c,4,IPWTransport,FeasibleRestricted,1434237106,100,100,5000,10,,0.13675872380615345,0.004934561790509526,0.0719345617905095,0.0719345617905095,,,0.0,,,,-0.06699999999999999,-0.06699999999999999,-2.2182642349888468e-17,-0.06700000000000024,1.0,0.10983315737674354,0.27471149885233415,-0.2150312048939357,0.03564400000000004,-0.19278720489393567,0.0,,,,,3.0432324409484863
l1tcl_gold_dim_sweep,2503324ebe4c,4,EntropyBalancing,FeasibleRestricted,1434237106,100,100,5000,10,,1.0886787051118436,-0.0539840391613308,0.013015960838669176,0.013015960838669176,,,0.0,,,,-0.06699999999999999,-0.06699999999999999,-2.7115985451757497e-18,-0.06700000000000024,1.0,0.8674584102246314,1.9126347621149358,-0.21154720489393566,0.032159999999999994,-0.19278720489393567,0.0,,,,,5.238851547241211
l1tcl_gold_dim_sweep,2503324ebe4c,4,OutcomeModelTransport,FeasibleRestricted,1434237106,100,100,5000,10,,0.09914124547229249,-0.08253514714504448,0.015535147145044503,-0.015535147145044503,,,0.0,,,,-0.06699999999999999,-0.06699999999999999,2.961772299067376e-17,-0.06700000000000024,1.0,0.07894980013377492,0.18751977846853435,-0.19318920489393568,0.013802000000000009,-0.19278720489393567,0.0,,,,,0.1455080509185791
l1tcl_gold_dim_sweep,2503324ebe4c,4,DRLearner_PooledWithSite,OracleTargetTreated,1434237106,100,100,5000,10,,0.10815580422930163,-0.1007706969030049,0.033770696903004924,-0.033770696903004924,,,0.0,,,,-0.06699999999999999,-0.06699999999999999,1.780346975933099e-17,-0.06700000000000027,1.0,0.08576213654912239,0.21457466658335655,-0.19017420489393566,0.010786999999999991,-0.19278720489393567,0.0,,,,,2.6826283931732178
l1tcl_gold_dim_sweep,2503324ebe4c,4,DRLearner_PooledNoSite,OracleTargetTreated,1434237106,100,100,5000,10,,0.10893009447561733,-0.10490079325465317,0.03790079325465319,-0.03790079325465319,,,0.0,,,,-0.06699999999999999,-0.06699999999999999,1.3803128949391627e-17,-0.06700000000000023,1.0,0.08620975928719647,0.2180882000668367,-0.18923620489393567,0.009848999999999997,-0.19278720489393567,0.0,,,,,1.0076255798339844
l1tcl_gold_dim_sweep,ffb7016ba857,1,TargetOnlyDR,OracleTargetTreated,894750906,200,200,5000,10,,0.23619194034255736,-0.0897335044992528,0.02273350449925282,-0.02273350449925282,,,0.0,,,,-0.06699999999999999,-0.06699999999999999,-2.205756580917197e-18,-0.06700000000000024,1.0,0.1569629496104731,0.4078425406117586,0.041639654870427395,0.01882700000000001,0.047066654870427396,1.3877787807814457e-17,0.0,0.0,,,22.265822410583496
l1tcl_gold_dim_sweep,ffb7016ba857,1,ProxyOnly,FeasibleRestricted,894750906,200,200,5000,10,,0.5211732653301665,0.21602509960170566,0.28302509960170563,0.28302509960170563,,,0.0,,,,-0.06699999999999999,-0.06699999999999999,-1.673921988526621e-17,-0.06700000000000024,1.0,0.41731148858109796,1.0226273433526787,0.015375654870427398,0.045091000000000006,0.04706665487042739,2.0816681711721685e-17,0.0,0.0,,,8.782213687896729
l1tcl_gold_dim_sweep,ffb7016ba857,1,AnchorOnly,OracleTargetTreated,894750906,200,200,5000,10,,0.19177562264164202,-0.07253499895004972,0.0055349989500497465,-0.0055349989500497465,,,0.0,,,,-0.06699999999999999,-0.06699999999999999,5.758469991676924e-18,-0.06700000000000024,1.0,0.134224682084986,0.36633092646235377,0.040232654870427396,0.02023400000000001,0.047066654870427396,1.3877787807814457e-17,0.021784808079412844,1.0,,,16.368826150894165
l1tcl_gold_dim_sweep,ffb7016ba857,1,AnchorPlugin,FeasibleRestricted,894750906,200,200,5000,10,,0.27948795948456284,0.09175183326756199,0.15875183326756198,0.15875183326756198,,,0.0,,,,-0.06699999999999999,-0.06699999999999999,-7.704542215625983e-18,-0.06700000000000024,1.0,0.21986289963558994,0.574228497456669,0.0173186548704274,0.043148000000000006,0.0470666548704274,6.938893903907228e-18,0.05872851583788557,8.0,,,9.276126146316528
l1tcl_gold_dim_sweep,ffb7016ba857,1,ProposedA_FullyDirect,OracleTargetTreated,894750906,200,200,5000,10,,0.14957463055154738,-0.06696394392689047,3.605607310951109e-05,3.605607310951109e-05,,,0.0,,,,-0.06699999999999999,-0.06699999999999999,-2.0729012226527525e-18,-0.06700000000000023,1.0,0.1145278496964214,0.26872432433360743,0.03956265487042739,0.020904000000000013,0.04706665487042739,2.0816681711721685e-17,0.0,0.0,,,10.497734785079956
l1tcl_gold_dim_sweep,ffb7016ba857,1,ProposedB_LinearStepB,OracleTargetTreated,894750906,200,200,5000,10,,0.182095018227455,-0.07191273468072401,0.004912734680724035,-0.004912734680724035,,,0.0,,,,-0.06699999999999999,-0.06699999999999999,1.1554323409763682e-17,-0.06700000000000023,1.0,0.13022985562451977,0.33650301216172057,0.0415726548704274,0.018894000000000008,0.0470666548704274,6.938893903907228e-18,0.06330979956365136,15.0,0.7804344600754781,9.0,51.92081022262573
l1tcl_gold_dim_sweep,ffb7016ba857,1,ProposedB_SourceDR,FeasibleRestricted,894750906,200,200,5000,10,,0.0633813462961772,-0.04266586758851686,0.024334132411483113,0.024334132411483113,,,0.0,,,,-0.06699999999999999,-0.06699999999999999,-2.1791533846360678e-16,-0.06700000000000024,1.0,0.04569234019199084,0.14146617402685596,0.047133654870427394,0.013333000000000012,0.047066654870427396,1.3877787807814457e-17,0.051050323324270085,8.0,0.780434460075478,9.0,35.05354452133179
l1tcl_gold_dim_sweep,ffb7016ba857,1,IPWTransport,FeasibleRestricted,894750906,200,200,5000,10,,0.39661366596414227,-0.3602042125384727,0.29320421253847273,-0.29320421253847273,,,0.0,,,,-0.06699999999999999,-0.06699999999999999,-1.2272735082120513e-17,-0.06700000000000025,1.0,0.32665648201608255,0.7716289733515895,0.0547716548704274,0.005695000000000006,0.047066654870427396,1.3877787807814457e-17,,,,,1.0569946765899658
l1tcl_gold_dim_sweep,ffb7016ba857,1,EntropyBalancing,FeasibleRestricted,894750906,200,200,5000,10,,0.6153430112705756,-0.45170706170787145,0.3847070617078715,-0.3847070617078715,,,0.0,,,,-0.06699999999999999,-0.06699999999999999,5.371261039008772e-18,-0.06700000000000025,1.0,0.49693709703778755,1.2375655608186886,0.049076654870427394,0.011390000000000011,0.047066654870427396,1.3877787807814457e-17,,,,,3.6057193279266357
l1tcl_gold_dim_sweep,ffb7016ba857,1,OutcomeModelTransport,FeasibleRestricted,894750906,200,200,5000,10,,0.06802282794288622,-0.06560711343675708,0.0013928865632428927,0.0013928865632428927,,,0.0,,,,-0.06699999999999999,-0.06699999999999999,-1.942297119134899e-17,-0.06700000000000024,1.0,0.05472635838208856,0.11931921244271507,0.0491436548704274,0.011323000000000007,0.047066654870427396,1.3877787807814457e-17,,,,,0.06831741333007812
l1tcl_gold_dim_sweep,ffb7016ba857,1,DRLearner_PooledWithSite,OracleTargetTreated,894750906,200,200,5000,10,,0.05636546287042457,-0.059310682674418164,0.007689317325581813,0.007689317325581813,,,0.0,,,,-0.06699999999999999,-0.06699999999999999,-2.917247919396675e-17,-0.06700000000000024,1.0,0.04513235668422158,0.10506702872139118,0.05068465487042739,0.009782000000000013,0.047066654870427396,1.3877787807814457e-17,,,,,1.629042625427246
l1tcl_gold_dim_sweep,ffb7016ba857,1,DRLearner_PooledNoSite,OracleTargetTreated,894750906,200,200,5000,10,,0.05612268488896899,-0.059890347370891134,0.0071096526291088424,0.0071096526291088424,,,0.0,,,,-0.06699999999999999,-0.06699999999999999,-2.718795255721405e-17,-0.06700000000000024,1.0,0.04499187157244354,0.10401157413535453,0.0509526548704274,0.009514000000000009,0.047066654870427396,1.3877787807814457e-17,,,,,0.5627272129058838
l1tcl_gold_dim_sweep,7d56d0f243a6,3,TargetOnlyDR,OracleTargetTreated,1773149035,200,200,5000,10,,0.170702960091928,-0.039064513375648244,0.027935486624351732,0.027935486624351732,,,0.0,,,,-0.06699999999999999,-0.06699999999999999,-1.5457791701666255e-17,-0.06700000000000023,1.0,0.13063774332476802,0.31193263206062855,-0.0004769223149603956,0.030820000000000007,0.01694307768503961,6.938893903907228e-18,0.0,0.0,,,19.85831308364868
l1tcl_gold_dim_sweep,7d56d0f243a6,3,ProxyOnly,FeasibleRestricted,1773149035,200,200,5000,10,,0.33050842298975486,-0.16899065456238493,0.10199065456238496,-0.10199065456238496,,,0.0,,,,-0.06699999999999999,-0.06699999999999999,1.706085417334383e-17,-0.06700000000000027,1.0,0.2578631367858195,0.6563969611906912,0.008568077685039605,0.021775000000000006,0.016943077685039606,1.0408340855860843e-17,0.0,0.0,,,8.984574317932129
l1tcl_gold_dim_sweep,7d56d0f243a6,3,AnchorOnly,OracleTargetTreated,1773149035,200,200,5000,10,,0.15719286702001536,-0.05176995433971561,0.015230045660284366,0.015230045660284366,,,0.0,,,,-0.06699999999999999,-0.06699999999999999,2.1026016928481108e-17,-0.06700000000000024,1.0,0.1179516334997739,0.2909132329511285,0.0035430776850396075,0.026800000000000004,0.016943077685039606,1.0408340855860843e-17,0.030290223845214855,0.0,,,16.587503671646118
l1tcl_gold_dim_sweep,7d56d0f243a6,3,AnchorPlugin,FeasibleRestricted,1773149035,200,200,5000,10,,0.14367619572705256,-0.12103214614270252,0.05403214614270255,-0.05403214614270255,,,0.0,,,,-0.06699999999999999,-0.06699999999999999,9.446187087720706e-17,-0.06700000000000024,1.0,0.1148682785214449,0.2854449573987621,0.017814077685039606,0.012529000000000005,0.016943077685039613,3.469446951953614e-18,0.06934080465227944,0.0,,,5.4130539894104
l1tcl_gold_dim_sweep,7d56d0f243a6,3,ProposedA_FullyDirect,OracleTargetTreated,1773149035,200,200,5000,10,,0.16384274252481038,-0.05449355461678844,0.012506445383211537,0.012506445383211537,,,0.0,,,,-0.06699999999999999,-0.06699999999999999,1.6048329852587614e-17,-0.06700000000000021,1.0,0.12681552243808863,0.3134756239616091,0.0034090776850396126,0.026934,0.016943077685039606,1.0408340855860843e-17,0.0,0.0,,,11.023415803909302
l1tcl_gold_dim_sweep,7d56d0f243a6,3,ProposedB_LinearStepB,OracleTargetTreated,1773149035,200,200,5000,10,,0.1572111190061321,-0.05068462140484121,0.016315378595158768,0.016315378595158768,,,0.0,,,,-0.06699999999999999,-0.06699999999999999,1.8733713930506297e-17,-0.06700000000000025,1.0,0.11855805230814664,0.28758030626456216,0.0038780776850396103,0.026465000000000002,0.016943077685039606,1.0408340855860843e-17,0.05228828851138257,0.0,0.0029883220449646677,2.0,42.36520171165466
l1tcl_gold_dim_sweep,7d56d0f243a6,3,ProposedB_SourceDR,FeasibleRestricted,1773149035,200,200,5000,10,,0.0643673584228628,-0.02692192330612875,0.04007807669387123,0.04007807669387123,,,0.0,,,,-0.06699999999999999,-0.06699999999999999,6.281615200118753e-17,-0.06700000000000023,1.0,0.052045477529031,0.12869527237865136,0.012119077685039609,0.018224000000000004,0.016943077685039613,3.469446951953614e-18,0.05544054600661324,0.0,0.002988322044964668,2.0,52.12686371803284
l1tcl_gold_dim_sweep,7d56d0f243a6,3,IPWTransport,FeasibleRestricted,1773149035,200,200,5000,10,,0.1363233520436959,-0.025379247231956583,0.04162075276804339,0.04162075276804339,,,0.0,,,,-0.06699999999999999,-0.06699999999999999,-2.853345683057944e-17,-0.06700000000000021,1.0,0.10868195243713623,0.2689765011749957,0.0011310776850396085,0.029212000000000002,0.016943077685039613,3.469446951953614e-18,,,,,2.414863109588623
l1tcl_gold_dim_sweep,7d56d0f243a6,3,EntropyBalancing,FeasibleRestricted,1773149035,200,200,5000,10,,0.12817795580113361,-0.033314022657479805,0.03368597734252017,0.03368597734252017,,,0.0,,,,-0.06699999999999999,-0.06699999999999999,-1.6738093654910475e-17,-0.06700000000000024,1.0,0.10291068751772277,0.24854413590293195,0.0028060776850396094,0.027537000000000002,0.016943077685039606,1.0408340855860843e-17,,,,,6.472112417221069
l1tcl_gold_dim_sweep,7d56d0f243a6,3,OutcomeModelTransport,FeasibleRestricted,1773149035,200,200,5000,10,,0.03519288071293281,-0.055538650991811954,0.011461349008188022,0.011461349008188022,,,0.0,,,,-0.06699999999999999,-0.06699999999999999,1.359315904637293e-16,-0.06700000000000023,1.0,0.028049784636856735,0.06981482925256945,0.026524077685039612,0.0038189999999999995,0.01694307768503961,6.938893903907228e-18,,,,,0.3307487964630127
l1tcl_gold_dim_sweep,7d56d0f243a6,3,DRLearner_PooledWithSite,OracleTargetTreated,1773149035,200,200,5000,10,,0.040296364265649344,-0.052157997031560425,0.01484200296843955,0.01484200296843955,,,0.0,,,,-0.06699999999999999,-0.06699999999999999,1.687873813859509e-16,-0.06700000000000021,1.0,0.03214976144824011,0.080819876857545,0.024514077685039607,0.005829000000000004,0.01694307768503961,6.938893903907228e-18,,,,,3.023642063140869
l1tcl_gold_dim_sweep,7d56d0f243a6,3,DRLearner_PooledNoSite,OracleTargetTreated,1773149035,200,200,5000,10,,0.03955463235199283,-0.05219864989119726,0.014801350108802715,0.014801350108802715,,,0.0,,,,-0.06699999999999999,-0.06699999999999999,1.6536508529170357e-16,-0.06700000000000021,1.0,0.03156878645524227,0.07933051204531635,0.024782077685039608,0.0055610000000000034,0.01694307768503961,6.938893903907228e-18,,,,,1.3780248165130615
l1tcl_gold_dim_sweep,ffb7016ba857,2,TargetOnlyDR,OracleTargetTreated,849402097,200,200,5000,10,,0.16271557899638714,-0.10153135375715015,0.03453135375715018,-0.03453135375715018,,,0.0,,,,-0.06699999999999999,-0.06699999999999999,1.5553606216544442e-17,-0.06700000000000025,1.0,0.1205301766254664,0.3454232247668413,-0.032259506721455423,0.017018,-0.028641506721455424,3.469446951953614e-18,0.0,0.0,,,27.96897864341736
l1tcl_gold_dim_sweep,ffb7016ba857,2,ProxyOnly,FeasibleRestricted,849402097,200,200,5000,10,,0.31825447875240953,-0.25805839752694065,0.19105839752694068,-0.19105839752694068,,,0.0,,,,-0.06699999999999999,-0.06699999999999999,1.866680945758596e-17,-0.06700000000000025,1.0,0.2536372639574654,0.6472694973373099,-0.023750506721455428,0.008509000000000004,-0.028641506721455427,6.938893903907228e-18,0.0,0.0,,,12.790369033813477
l1tcl_gold_dim_sweep,ffb7016ba857,2,AnchorOnly,OracleTargetTreated,849402097,200,200,5000,10,,0.1493002403491157,-0.08370984710025715,0.016709847100257177,-0.016709847100257177,,,0.0,,,,-0.06699999999999999,-0.06699999999999999,-6.090517945223892e-17,-0.06700000000000024,1.0,0.1153398082364138,0.3007552671554512,-0.03420250672145543,0.018961000000000006,-0.028641506721455424,3.469446951953614e-18,0.008229721580455934,1.0,,,25.371898651123047
l1tcl_gold_dim_sweep,ffb7016ba857,2,AnchorPlugin,FeasibleRestricted,849402097,200,200,5000,10,,0.24953460074138778,-0.18368056942356625,0.11668056942356628,-0.11668056942356628,,,0.0,,,,-0.06699999999999999,-0.06699999999999999,1.51605166063983e-17,-0.06700000000000027,1.0,0.1996462438696732,0.5036732042143612,-0.029378506721455425,0.014137000000000002,-0.028641506721455427,6.938893903907228e-18,0.023853988817609598,11.0,,,9.117374658584595
l1tcl_gold_dim_sweep,ffb7016ba857,2,ProposedA_FullyDirect,OracleTargetTreated,849402097,200,200,5000,10,,0.1531130677073993,-0.09817865019714554,0.031178650197145566,-0.031178650197145566,,,0.0,,,,-0.06699999999999999,-0.06699999999999999,-2.7503076588584895e-17,-0.06700000000000023,1.0,0.11200093472854,0.32210028394239987,-0.031589506721455426,0.016348,-0.028641506721455427,6.938893903907228e-18,0.0,0.0,,,17.311166286468506
l1tcl_gold_dim_sweep,ffb7016ba857,2,ProposedB_LinearStepB,OracleTargetTreated,849402097,200,200,5000,10,,0.15588769538087635,-0.08179921475549846,0.014799214755498488,-0.014799214755498488,,,0.0,,,,-0.06699999999999999,-0.06699999999999999,-5.5384910173556804e-17,-0.06700000000000024,1.0,0.11987069934140113,0.32054146386607935,-0.035140506721455425,0.019899,-0.028641506721455424,3.469446951953614e-18,0.024511078691444785,17.0,0.6076162307121008,6.0,30.87493586540222
l1tcl_gold_dim_sweep,ffb7016ba857,2,ProposedB_SourceDR,FeasibleRestricted,849402097,200,200,5000,10,,0.08118587398819711,-0.012836947350371572,0.0541630526496284,0.0541630526496284,,,0.0,,,,-0.06699999999999999,-0.06699999999999999,7.578527474037913e-17,-0.06700000000000024,1.0,0.06042081523282241,0.18232167305874375,-0.036279506721455426,0.021038,-0.028641506721455427,6.938893903907228e-18,0.020207807610663306,11.0,0.6076162307121007,6.0,30.694087266921997
l1tcl_gold_dim_sweep,ffb7016ba857,2,IPWTransport,FeasibleRestricted,849402097,200,200,5000,10,,0.21787893732125027,-0.21124292313428378,0.1442429231342838,-0.1442429231342838,,,0.0,,,,-0.06699999999999999,-0.06699999999999999,3.1398128846319498e-18,-0.06700000000000024,1.0,0.17718332508274012,0.4345052360403197,-0.022142506721455426,0.006901000000000003,-0.028641506721455424,3.469446951953614e-18,,,,,1.6581242084503174
l1tcl_gold_dim_sweep,ffb7016ba857,2,EntropyBalancing,FeasibleRestricted,849402097,200,200,5000,10,,0.7486889669538602,-0.6637132442475044,0.5967132442475045,-0.5967132442475045,,,0.0,,,,-0.06699999999999999,-0.06699999999999999,1.4241090977802576e-17,-0.06700000000000025,1.0,0.6409606886980616,1.3754575351195826,-0.020601506721455425,0.005360000000000002,-0.028641506721455424,3.469446951953614e-18,,,,,4.906732082366943
l1tcl_gold_dim_sweep,ffb7016ba857,2,OutcomeModelTransport,FeasibleRestricted,849402097,200,200,5000,10,,0.09334893304869175,0.00958251342030729,0.07658251342030727,0.07658251342030727,,,0.0,,,,-0.06699999999999999,-0.06699999999999999,-6.492156776054076e-17,-0.06700000000000024,1.0,0.07944841725360068,0.1704936734452632,-0.052493506721455425,0.037252,-0.028641506721455427,6.938893903907228e-18,,,,,0.20367074012756348
l1tcl_gold_dim_sweep,ffb7016ba857,2,DRLearner_PooledWithSite,OracleTargetTreated,849402097,200,200,5000,10,,0.04895680324234062,-0.059832763724549695,0.007167236275450281,0.007167236275450281,,,0.0,,,,-0.06699999999999999,-0.06699999999999999,-1.3916590232495036e-16,-0.06700000000000025,1.0,0.03906631422404919,0.09346417106519442,-0.02308050672145542,0.007838999999999997,-0.028641506721455424,3.469446951953614e-18,,,,,2.0127594470977783
l1tcl_gold_dim_sweep,ffb7016ba857,2,DRLearner_PooledNoSite,OracleTargetTreated,849402097,200,200,5000,10,,0.04970894876067639,-0.05682519842455346,0.010174801575446514,0.010174801575446514,,,0.0,,,,-0.06699999999999999,-0.06699999999999999,-1.3608192997738645e-16,-0.06700000000000025,1.0,0.03988749801329415,0.09653496753880089,-0.02354950672145542,0.008307999999999998,-0.028641506721455424,3.469446951953614e-18,,,,,0.7897768020629883
l1tcl_gold_dim_sweep,2503324ebe4c,2,TargetOnlyDR,OracleTargetTreated,1567960948,100,100,5000,10,,0.3681629605773981,-0.02055985999973582,0.046440140000264155,0.046440140000264155,,,0.0,,,,-0.06699999999999999,-0.06699999999999999,3.027821214898915e-17,-0.06700000000000025,1.0,0.28725492667705727,0.7252573312268086,-0.07740163661653503,0.032294,-0.058507636616535026,1.3877787807814457e-17,0.0,0.0,,,17.366885900497437
l1tcl_gold_dim_sweep,2503324ebe4c,2,ProxyOnly,FeasibleRestricted,1567960948,100,100,5000,10,,0.5877371053958794,0.23273368965559957,0.29973368965559954,0.29973368965559954,,,0.0,,,,-0.06699999999999999,-0.06699999999999999,2.0586118223318926e-17,-0.06700000000000028,1.0,0.47147149733214677,1.2148416576817676,-0.08972963661653502,0.044621999999999995,-0.058507636616535026,1.3877787807814457e-17,0.0,0.0,,,8.944052696228027
l1tcl_gold_dim_sweep,2503324ebe4c,2,AnchorOnly,OracleTargetTreated,1567960948,100,100,5000,10,,0.39506907269797953,-0.05907641363555594,0.007923586364444034,0.007923586364444034,,,0.0,,,,-0.06699999999999999,-0.06699999999999999,9.516056010611525e-18,-0.06700000000000021,1.0,0.329218438563754,0.6826003845376607,-0.07693263661653503,0.031825000000000006,-0.058507636616535026,1.3877787807814457e-17,0.015006595997232277,4.0,,,16.980173587799072
l1tcl_gold_dim_sweep,2503324ebe4c,2,AnchorPlugin,FeasibleRestricted,1567960948,100,100,5000,10,,0.5050022425984518,0.12870530978960323,0.1957053097896032,0.1957053097896032,,,0.0,,,,-0.06699999999999999,-0.06699999999999999,1.2037634644224602e-17,-0.06700000000000024,1.0,0.39920390386010546,1.0265092274570253,-0.08617863661653502,0.041070999999999996,-0.058507636616535026,1.3877787807814457e-17,0.04877404015611276,25.0,,,8.626782894134521
l1tcl_gold_dim_sweep,2503324ebe4c,2,ProposedA_FullyDirect,OracleTargetTreated,1567960948,100,100,5000,10,,0.2688122648582747,0.07930558861368943,0.14630558861368942,0.14630558861368942,,,0.0,,,,-0.06699999999999999,-0.06699999999999999,-2.1010970949109107e-18,-0.06700000000000024,1.0,0.20903098036086504,0.5601344154752171,-0.08671463661653502,0.04160699999999999,-0.058507636616535026,1.3877787807814457e-17,0.0,0.0,,,12.064406156539917
l1tcl_gold_dim_sweep,2503324ebe4c,2,ProposedB_LinearStepB,OracleTargetTreated,1567960948,100,100,5000,10,,0.37402560377640026,-0.050464174961426765,0.01653582503857321,0.01653582503857321,,,0.0,,,,-0.06699999999999999,-0.06699999999999999,1.3928417513681576e-17,-0.06700000000000023,1.0,0.3147502901611644,0.6252229187634998,-0.07626263661653501,0.031154999999999988,-0.058507636616535026,1.3877787807814457e-17,0.0696795128597739,40.0,1.3777386380174474,10.0,55.153761863708496
l1tcl_gold_dim_sweep,2503324ebe4c,2,ProposedB_SourceDR,FeasibleRestricted,1567960948,100,100,5000,10,,0.09049580807325575,-0.012693472196950077,0.0543065278030499,0.0543065278030499,,,0.0,,,,-0.06699999999999999,-0.06699999999999999,-5.562501999069282e-17,-0.06700000000000023,1.0,0.07542080760298762,0.17165361600775877,-0.07733463661653502,0.03222699999999999,-0.058507636616535026,1.3877787807814457e-17,0.051081404798935144,26.0,1.3777386380174474,10.0,63.663039207458496
l1tcl_gold_dim_sweep,2503324ebe4c,2,IPWTransport,FeasibleRestricted,1567960948,100,100,5000,10,,0.2626453645165497,0.16858282869930302,0.235582828699303,0.235582828699303,,,0.0,,,,-0.06699999999999999,-0.06699999999999999,-1.4721694221563412e-16,-0.06700000000000018,1.0,0.23558282869930303,0.4478577917064037,-0.10768563661653502,0.062578,-0.058507636616535026,1.3877787807814457e-17,,,,,1.7805204391479492
l1tcl_gold_dim_sweep,2503324ebe4c,2,EntropyBalancing,FeasibleRestricted,1567960948,100,100,5000,10,,2.037078795565096,1.5915105084265078,1.6585105084265077,1.6585105084265077,,,0.0,,,,-0.06699999999999999,-0.06699999999999999,-8.289390830423843e-18,-0.0670000000000002,1.0,1.7445376865496458,3.6843495333774654,-0.10594363661653501,0.06083599999999999,-0.05850763661653503,2.0816681711721685e-17,,,,,5.996932506561279
l1tcl_gold_dim_sweep,2503324ebe4c,2,OutcomeModelTransport,FeasibleRestricted,1567960948,100,100,5000,10,,0.1096891039808453,-0.006995795905694443,0.060004204094305534,0.060004204094305534,,,0.0,,,,-0.06699999999999999,-0.06699999999999999,-1.8469137716747333e-16,-0.06700000000000024,1.0,0.08776558325211073,0.21914223639873703,-0.07679863661653503,0.03169100000000001,-0.058507636616535026,1.3877787807814457e-17,,,,,0.2558479309082031
l1tcl_gold_dim_sweep,2503324ebe4c,2,DRLearner_PooledWithSite,OracleTargetTreated,1567960948,100,100,5000,10,,0.12813654217003015,0.02488063201882514,0.09188063201882511,0.09188063201882511,,,0.0,,,,-0.06699999999999999,-0.06699999999999999,-1.955167886053821e-16,-0.06700000000000024,1.0,0.1053404838846922,0.24559606669528955,-0.08537463661653502,0.040267,-0.05850763661653504,2.7755575615628914e-17,,,,,2.537489175796509
l1tcl_gold_dim_sweep,2503324ebe4c,2,DRLearner_PooledNoSite,OracleTargetTreated,1567960948,100,100,5000,10,,0.12949099535549524,0.026251563215443318,0.0932515632154433,0.0932515632154433,,,0.0,,,,-0.06699999999999999,-0.06699999999999999,-1.9817430706360926e-16,-0.06700000000000023,1.0,0.10659502412972764,0.2485299683835165,-0.08591063661653502,0.04080299999999999,-0.05850763661653504,2.7755575615628914e-17,,,,,1.3812577724456787
l1tcl_gold_dim_sweep,2503324ebe4c,1,TargetOnlyDR,OracleTargetTreated,1582792794,100,100,5000,10,,0.3729454874453255,-0.2255210744520545,0.15852107445205452,-0.15852107445205452,,,0.0,,,,-0.06699999999999999,-0.06699999999999999,-2.0215372539060426e-17,-0.06700000000000027,1.0,0.2961357485310366,0.746072000981338,-0.02509674563569838,0.01768799999999999,-0.020808745635698383,0.0,0.0,0.0,,,16.727477312088013
l1tcl_gold_dim_sweep,2503324ebe4c,1,ProxyOnly,FeasibleRestricted,1582792794,100,100,5000,10,,0.43197478726285754,-0.03600737816418474,0.030992621835815234,0.030992621835815234,,,0.0,,,,-0.06699999999999999,-0.06699999999999999,-3.8115534405938946e-17,-0.06700000000000023,1.0,0.34815878929655075,0.7856513660468607,-0.039166745635698386,0.031757999999999995,-0.020808745635698386,3.469446951953614e-18,0.0,0.0,,,9.07503080368042
l1tcl_gold_dim_sweep,2503324ebe4c,1,AnchorOnly,OracleTargetTreated,1582792794,100,100,5000,10,,0.2735203515763061,-0.17896693715067993,0.11196693715067996,-0.11196693715067996,,,0.0,,,,-0.06699999999999999,-0.06699999999999999,-4.33401403864503e-17,-0.06700000000000024,1.0,0.21122769650231416,0.5767461571248649,-0.022416745635698385,0.015007999999999995,-0.020808745635698383,0.0,0.006426374754187483,9.0,,,16.73737144470215
l1tcl_gold_dim_sweep,2503324ebe4c,1,AnchorPlugin,FeasibleRestricted,1582792794,100,100,5000,10,,0.5407147185014946,-0.03203564743550286,0.03496435256449711,0.03496435256449711,,,0.0,,,,-0.06699999999999999,-0.06699999999999999,-5.710983312294334e-18,-0.06700000000000021,1.0,0.4264133757083157,1.0015030092491575,-0.03842974563569839,0.031021,-0.020808745635698393,1.0408340855860843e-17,0.05008555075187673,26.0,,,7.70524525642395
l1tcl_gold_dim_sweep,2503324ebe4c,1,ProposedA_FullyDirect,OracleTargetTreated,1582792794,100,100,5000,10,,0.2779133953293655,-0.12632988290836292,0.05932988290836294,-0.05932988290836294,,,0.0,,,,-0.06699999999999999,-0.06699999999999999,-1.7391829457205427e-17,-0.06700000000000023,1.0,0.21229280524826083,0.5672324866593107,-0.027709745635698377,0.020300999999999986,-0.020808745635698383,0.0,0.0,0.0,,,11.932028532028198
l1tcl_gold_dim_sweep,2503324ebe4c,1,ProposedB_LinearStepB,OracleTargetTreated,1582792794,100,100,5000,10,,0.27291790252958176,-0.15097640191438733,0.08397640191438735,-0.08397640191438735,,,0.0,,,,-0.06699999999999999,-0.06699999999999999,-2.316651733366846e-17,-0.06700000000000025,1.0,0.1877022699026531,0.6510585233034478,-0.025632745635698378,0.01822399999999999,-0.020808745635698386,3.469446951953614e-18,0.036739190119507,46.0,1.40762701219689,10.0,62.44995641708374
l1tcl_gold_dim_sweep,2503324ebe4c,1,ProposedB_SourceDR,FeasibleRestricted,1582792794,100,100,5000,10,,0.07255350757226685,-0.06251252138349689,0.004487478616503088,0.004487478616503088,,,0.0,,,,-0.06699999999999999,-0.06699999999999999,-9.102671296721675e-17,-0.06700000000000025,1.0,0.0463332910069493,0.1439387815641052,-0.014778745635698391,0.0073700000000000015,-0.020808745635698386,3.469446951953614e-18,0.03410140951403273,30.0,1.4076270121968895,10.0,67.58861684799194
l1tcl_gold_dim_sweep,2503324ebe4c,1,IPWTransport,FeasibleRestricted,1582792794,100,100,5000,10,,0.16777968620995826,-0.19849020283657381,0.13149020283657384,-0.13149020283657384,,,0.0,,,,-0.06699999999999999,-0.06699999999999999,2.6102514507890188e-17,-0.06700000000000023,1.0,0.14179684275994325,0.3102673342322118,-0.009083745635698392,0.0016750000000000029,-0.020808745635698383,0.0,,,,,2.7127673625946045
l1tcl_gold_dim_sweep,2503324ebe4c,1,EntropyBalancing,FeasibleRestricted,1582792794,100,100,5000,10,,0.9051888057082453,0.1572859799143816,0.22428597991438157,0.22428597991438157,,,0.0,,,,-0.06699999999999999,-0.06699999999999999,-6.241404980188919e-18,-0.06700000000000025,1.0,0.7269095293578751,1.7152731012841613,-0.04646974563569839,0.039061,-0.02080874563569839,6.938893903907228e-18,,,,,7.244338750839233
l1tcl_gold_dim_sweep,2503324ebe4c,1,OutcomeModelTransport,FeasibleRestricted,1582792794,100,100,5000,10,,0.13484121764630239,-0.1638758460190788,0.09687584601907884,-0.09687584601907884,,,0.0,,,,-0.06699999999999999,-0.06699999999999999,-1.7551454868477215e-19,-0.06700000000000024,1.0,0.11138322489939752,0.25843141617745696,-0.010222745635698392,0.0028140000000000023,-0.020808745635698386,3.469446951953614e-18,,,,,0.25594305992126465
l1tcl_gold_dim_sweep,2503324ebe4c,1,DRLearner_PooledWithSite,OracleTargetTreated,1582792794,100,100,5000,10,,0.13867150163113337,-0.17247535146007492,0.10547535146007495,-0.10547535146007495,,,0.0,,,,-0.06699999999999999,-0.06699999999999999,5.2822524904331495e-18,-0.06700000000000023,1.0,0.11579057643226479,0.26121816279236854,-0.009150745635698392,0.0017420000000000022,-0.020808745635698386,3.469446951953614e-18,,,,,3.5875232219696045
l1tcl_gold_dim_sweep,2503324ebe4c,1,DRLearner_PooledNoSite,OracleTargetTreated,1582792794,100,100,5000,10,,0.14005384266366358,-0.17461364482513805,0.10761364482513808,-0.10761364482513808,,,0.0,,,,-0.06699999999999999,-0.06699999999999999,1.732758692276181e-17,-0.06700000000000024,1.0,0.11751173993432576,0.26233196402549347,-0.008949745635698392,0.0015410000000000024,-0.02080874563569839,6.938893903907228e-18,,,,,1.4525539875030518
l1tcl_gold_dim_sweep,2503324ebe4c,3,TargetOnlyDR,OracleTargetTreated,73183190,100,100,5000,10,,0.30336781059576406,-0.06659840505279876,0.00040159494720121147,0.00040159494720121147,,,0.0,,,,-0.06699999999999999,-0.06699999999999999,5.901633800016197e-18,-0.06700000000000024,1.0,0.24095240285452924,0.5481716716821755,0.5771114215909753,0.02840799999999999,0.5921194215909752,0.0,0.0,0.0,,,15.593440532684326
l1tcl_gold_dim_sweep,2503324ebe4c,3,ProxyOnly,FeasibleRestricted,73183190,100,100,5000,10,,0.8136030748710252,-0.7931781270787289,0.726178127078729,-0.726178127078729,,,0.0,,,,-0.06699999999999999,-0.06699999999999999,-2.2944546980724934e-18,-0.06700000000000025,1.0,0.7261781270787292,1.2924339813544974,0.6037104215909752,0.0018090000000000606,0.5921194215909752,0.0,0.0,0.0,,,8.809096336364746
l1tcl_gold_dim_sweep,2503324ebe4c,3,AnchorOnly,OracleTargetTreated,73183190,100,100,5000,10,,0.4275842379165955,-0.09345786116556756,0.026457861165567587,-0.026457861165567587,,,0.0,,,,-0.06699999999999999,-0.06699999999999999,-3.4658340806340135e-22,-0.06700000000000021,1.0,0.2897004390893289,0.9790688131806835,0.5862904215909752,0.01922900000000005,0.5921194215909752,0.0,0.016481489852853498,7.0,,,17.493077993392944
l1tcl_gold_dim_sweep,2503324ebe4c,3,AnchorPlugin,FeasibleRestricted,73183190,100,100,5000,10,,0.5484257326650533,-0.4158147304004558,0.34881473040045585,-0.34881473040045585,,,0.0,,,,-0.06699999999999999,-0.06699999999999999,-9.070053413645992e-18,-0.06700000000000024,1.0,0.43892294562626993,1.1107807777405696,0.5945314215909753,0.010987999999999998,0.5921194215909752,0.0,0.04131397876145458,23.0,,,8.547991037368774
l1tcl_gold_dim_sweep,2503324ebe4c,3,ProposedA_FullyDirect,OracleTargetTreated,73183190,100,100,5000,10,,0.27569905683509327,-0.05362124084318123,0.01337875915681875,0.01337875915681875,,,0.0,,,,-0.06699999999999999,-0.06699999999999999,-5.049676102882344e-18,-0.06700000000000025,1.0,0.19340175855002995,0.6384509391030174,0.5842134215909752,0.021306000000000047,0.5921194215909752,0.0,0.0,0.0,,,13.725934505462646
l1tcl_gold_dim_sweep,2503324ebe4c,3,ProposedB_LinearStepB,OracleTargetTreated,73183190,100,100,5000,10,,0.4003446265026037,-0.08681233948509619,0.01981233948509621,-0.01981233948509621,,,0.0,,,,-0.06699999999999999,-0.06699999999999999,5.818607961908307e-18,-0.06700000000000023,1.0,0.265076264025425,0.9531804573202721,0.5872284215909752,0.018291000000000057,0.5921194215909752,0.0,0.044827765961553016,39.0,1.3754232013312178,10.0,61.908549785614014
l1tcl_gold_dim_sweep,2503324ebe4c,3,ProposedB_SourceDR,FeasibleRestricted,73183190,100,100,5000,10,,0.04770970423671382,-0.05933175842036399,0.007668241579635984,0.007668241579635984,,,0.0,,,,-0.06699999999999999,-0.06699999999999999,9.232798886955019e-17,-0.06700000000000023,1.0,0.03491428315536553,0.09955184245440041,0.5993554215909752,0.006164000000000058,0.5921194215909752,0.0,0.03630771087922638,22.0,1.375423201331218,10.0,76.42501020431519
l1tcl_gold_dim_sweep,2503324ebe4c,3,IPWTransport,FeasibleRestricted,73183190,100,100,5000,10,,0.1137065908811487,0.006108478681870251,0.07310847868187023,0.07310847868187023,,,0.0,,,,-0.06699999999999999,-0.06699999999999999,1.4267235443993997e-16,-0.06700000000000023,1.0,0.09245098626815079,0.22288327858644869,0.5707464215909751,0.034773000000000165,0.5921194215909752,0.0,,,,,1.9588382244110107
l1tcl_gold_dim_sweep,2503324ebe4c,3,EntropyBalancing,FeasibleRestricted,73183190,100,100,5000,10,,0.8111295709288961,0.19502874476306853,0.2620287447630685,0.2620287447630685,,,0.0,,,,-0.06699999999999999,-0.06699999999999999,1.0424517675951908e-17,-0.06700000000000025,1.0,0.6558895117430973,1.5650609052078366,0.5639124215909752,0.04160700000000006,0.5921194215909752,0.0,,,,,7.408003807067871
l1tcl_gold_dim_sweep,2503324ebe4c,3,OutcomeModelTransport,FeasibleRestricted,73183190,100,100,5000,10,,0.15094838985926645,0.055632955791278534,0.1226329557912785,0.1226329557912785,,,0.0,,,,-0.06699999999999999,-0.06699999999999999,1.613508402195704e-16,-0.06700000000000027,1.0,0.12914334732900937,0.27359312544142106,0.5566094215909753,0.04891000000000001,0.5921194215909752,0.0,,,,,0.2943730354309082
l1tcl_gold_dim_sweep,2503324ebe4c,3,DRLearner_PooledWithSite,OracleTargetTreated,73183190,100,100,5000,10,,0.08954117794770422,-0.054340182895318105,0.012659817104681871,0.012659817104681871,,,0.0,,,,-0.06699999999999999,-0.06699999999999999,1.5396239309225843e-16,-0.06700000000000025,1.0,0.07028595325846043,0.16875847808738814,0.5867594215909753,0.01876,0.5921194215909752,0.0,,,,,2.603898048400879
l1tcl_gold_dim_sweep,2503324ebe4c,3,DRLearner_PooledNoSite,OracleTargetTreated,73183190,100,100,5000,10,,0.08918708914470962,-0.05320875880079647,0.013791241199203504,0.013791241199203504,,,0.0,,,,-0.06699999999999999,-0.06699999999999999,1.5307753712087546e-16,-0.06700000000000027,1.0,0.06998061290088958,0.16864867864011834,0.5866924215909753,0.018826999999999927,0.5921194215909752,0.0,,,,,1.224806547164917
l1tcl_gold_dim_sweep,c2ae4b8f8080,1,TargetOnlyDR,OracleTargetTreated,1220231473,200,200,5000,10,,0.24977915094809047,-0.14060556844547956,0.07360556844547958,-0.07360556844547958,,,0.0,,,,-0.06699999999999999,-0.06699999999999999,3.1536225678133984e-17,-0.06700000000000024,1.0,0.1898036662300211,0.5111460000737078,-0.7708826111256827,0.017151999999999834,-0.7671306111256828,1.1102230246251565e-16,0.0,0.0,,,21.4769926071167
l1tcl_gold_dim_sweep,c2ae4b8f8080,1,ProxyOnly,FeasibleRestricted,1220231473,200,200,5000,10,,1.1379115016633956,1.0219497030978577,1.0889497030978577,1.0889497030978577,,,0.0,,,,-0.06699999999999999,-0.06699999999999999,1.1024861481837293e-17,-0.06700000000000025,1.0,1.0889497030978577,1.7091733201285584,-0.8207306111256826,0.06699999999999973,-0.7671306111256828,1.1102230246251565e-16,0.0,0.0,,,9.427491188049316
l1tcl_gold_dim_sweep,c2ae4b8f8080,1,AnchorOnly,OracleTargetTreated,1220231473,200,200,5000,10,,0.23066305925595695,-0.050701283406510235,0.01629871659348974,0.01629871659348974,,,0.0,,,,-0.06699999999999999,-0.06699999999999999,1.2003942311039933e-17,-0.06700000000000025,1.0,0.1769378526726283,0.4646647457721343,-0.7856226111256827,0.03189199999999981,-0.7671306111256827,0.0,0.0026087868507118526,18.0,,,14.749173164367676
l1tcl_gold_dim_sweep,c2ae4b8f8080,1,AnchorPlugin,FeasibleRestricted,1220231473,200,200,5000,10,,0.7975562793377879,0.5511990476195203,0.6181990476195203,0.6181990476195203,,,0.0,,,,-0.06699999999999999,-0.06699999999999999,2.1084883533419913e-17,-0.06700000000000025,1.0,0.6732354930262292,1.506629662541379,-0.8117526111256828,0.05802199999999991,-0.7671306111256827,0.0,0.013881903767469627,43.0,,,6.502047300338745
l1tcl_gold_dim_sweep,c2ae4b8f8080,1,ProposedA_FullyDirect,OracleTargetTreated,1220231473,200,200,5000,10,,0.17270185921881032,-0.05247831197882399,0.01452168802117599,0.01452168802117599,,,0.0,,,,-0.06699999999999999,-0.06699999999999999,9.23286837485983e-18,-0.06700000000000023,1.0,0.13308329217078163,0.3118012465961253,-0.7795926111256827,0.02586199999999983,-0.7671306111256827,0.0,0.0,0.0,,,9.311722993850708
l1tcl_gold_dim_sweep,c2ae4b8f8080,1,ProposedB_LinearStepB,OracleTargetTreated,1220231473,200,200,5000,10,,0.18676476899043273,-0.034547225898806225,0.03245277410119375,0.03245277410119375,,,0.0,,,,-0.06699999999999999,-0.06699999999999999,-4.554201358945556e-18,-0.06700000000000025,1.0,0.14602864196086796,0.3302664286414156,-0.7844836111256828,0.03075299999999992,-0.7671306111256827,0.0,0.024021065654150842,49.0,1.535375459403756,10.0,58.56888270378113
l1tcl_gold_dim_sweep,c2ae4b8f8080,1,ProposedB_SourceDR,FeasibleRestricted,1220231473,200,200,5000,10,,0.07896927166752234,-0.04693310878067114,0.020066891219328836,0.020066891219328836,,,0.0,,,,-0.06699999999999999,-0.06699999999999999,-3.371029650471902e-17,-0.06700000000000027,1.0,0.055137873250798046,0.1601980357045173,-0.7667286111256826,0.012997999999999732,-0.7671306111256827,0.0,0.012558837156987477,44.0,1.5353754594037559,10.0,67.29296088218689
l1tcl_gold_dim_sweep,c2ae4b8f8080,1,IPWTransport,FeasibleRestricted,1220231473,200,200,5000,10,,0.3410872526849954,0.23766889450993992,0.3046688945099399,0.3046688945099399,,,0.0,,,,-0.06699999999999999,-0.06699999999999999,-7.73757314207225e-17,-0.06700000000000021,1.0,0.3046688945099399,0.5706295174751775,-0.8168446111256826,0.06311399999999978,-0.7671306111256827,0.0,,,,,2.9452593326568604
l1tcl_gold_dim_sweep,c2ae4b8f8080,1,EntropyBalancing,FeasibleRestricted,1220231473,200,200,5000,10,,0.7929504967234715,0.35617013869161906,0.423170138691619,0.423170138691619,,,0.0,,,,-0.06699999999999999,-0.06699999999999999,1.5916124223116408e-18,-0.06700000000000025,1.0,0.62911446856288,1.6120149122426146,-0.7998936111256826,0.04616299999999973,-0.7671306111256827,0.0,,,,,7.002241134643555
l1tcl_gold_dim_sweep,c2ae4b8f8080,1,OutcomeModelTransport,FeasibleRestricted,1220231473,200,200,5000,10,,0.15048591922199894,0.03644084659558867,0.10344084659558864,0.10344084659558864,,,0.0,,,,-0.06699999999999999,-0.06699999999999999,-5.0783321592541896e-17,-0.06700000000000025,1.0,0.1244431505115557,0.294840778265063,-0.7965436111256827,0.04281299999999988,-0.7671306111256827,0.0,,,,,0.14608526229858398
l1tcl_gold_dim_sweep,c2ae4b8f8080,1,DRLearner_PooledWithSite,OracleTargetTreated,1220231473,200,200,5000,10,,0.10726995849576534,-0.053586062103990716,0.01341393789600926,0.01341393789600926,,,0.0,,,,-0.06699999999999999,-0.06699999999999999,-5.4069162579325633e-17,-0.06700000000000025,1.0,0.08520602880675687,0.1970646748935001,-0.7739646111256827,0.020233999999999863,-0.7671306111256827,0.0,,,,,2.7404024600982666
l1tcl_gold_dim_sweep,c2ae4b8f8080,1,DRLearner_PooledNoSite,OracleTargetTreated,1220231473,200,200,5000,10,,0.10653811022627524,-0.05291265848440344,0.014087341515596534,0.014087341515596534,,,0.0,,,,-0.06699999999999999,-0.06699999999999999,-5.703761489633309e-17,-0.06700000000000024,1.0,0.0846180608107527,0.19645335536715464,-0.7740986111256828,0.02036799999999994,-0.7671306111256827,0.0,,,,,1.3761935234069824
l1tcl_gold_dim_sweep,8271e211d6a5,1,TargetOnlyDR,OracleTargetTreated,269336794,500,500,5000,10,,0.13793523451167425,-0.03822363462567155,0.028776365374328428,0.028776365374328428,,,0.0,,,,-0.06699999999999999,-0.06699999999999999,-8.302600236060121e-17,-0.06700000000000024,1.0,0.10734350904621147,0.2548017253988471,0.7329006591513544,0.026398000000000144,0.7458986591513544,0.0,0.0,0.0,,,14.814458847045898
l1tcl_gold_dim_sweep,8271e211d6a5,1,ProxyOnly,FeasibleRestricted,269336794,500,500,5000,10,,0.5910296667724443,-0.5473494677757592,0.48034946777575926,-0.48034946777575926,,,0.0,,,,-0.06699999999999999,-0.06699999999999999,6.6235675388846415e-18,-0.06700000000000024,1.0,0.4803494677757593,1.2483014747291463,0.7591646591513544,0.0001340000000000785,0.7458986591513544,0.0,0.0,0.0,,,6.119065523147583
l1tcl_gold_dim_sweep,8271e211d6a5,1,AnchorOnly,OracleTargetTreated,269336794,500,500,5000,10,,0.14608038496753858,-0.05954913044441121,0.007450869555588768,0.007450869555588768,,,0.0,,,,-0.06699999999999999,-0.06699999999999999,-3.415193821004946e-17,-0.06700000000000025,1.0,0.11003953998279836,0.27821060379552237,0.7373896591513545,0.021909000000000067,0.7458986591513544,0.0,0.0048781502824594165,3.0,,,12.351935625076294
l1tcl_gold_dim_sweep,8271e211d6a5,1,AnchorPlugin,FeasibleRestricted,269336794,500,500,5000,10,,0.31652868698605785,-0.30852406003686494,0.24152406003686497,-0.24152406003686497,,,0.0,,,,-0.06699999999999999,-0.06699999999999999,-2.047130543285474e-17,-0.06700000000000025,1.0,0.26603399135017314,0.6054557044969118,0.7545416591513544,0.004757000000000122,0.7458986591513544,0.0,0.012243724650322137,7.0,,,5.147561073303223
l1tcl_gold_dim_sweep,8271e211d6a5,1,ProposedA_FullyDirect,OracleTargetTreated,269336794,500,500,5000,10,,0.1255806923488094,-0.044067861498766334,0.022932138501233643,0.022932138501233643,,,0.0,,,,-0.06699999999999999,-0.06699999999999999,-1.025288603716853e-16,-0.06700000000000025,1.0,0.09981550592258838,0.23015331419773094,0.7343076591513545,0.024990999999999985,0.7458986591513544,0.0,0.0,0.0,,,8.949123859405518
l1tcl_gold_dim_sweep,8271e211d6a5,1,ProposedB_LinearStepB,OracleTargetTreated,269336794,500,500,5000,10,,0.1453136115477574,-0.059943240924259074,0.007056759075740902,0.007056759075740902,,,0.0,,,,-0.06699999999999999,-0.06699999999999999,-3.8680610466856544e-17,-0.06700000000000025,1.0,0.10974728833740605,0.27664726667734324,0.7373226591513544,0.021976000000000107,0.7458986591513544,0.0,0.01162290448971002,4.0,0.0011325165406762916,1.0,27.554052114486694
l1tcl_gold_dim_sweep,8271e211d6a5,1,ProposedB_SourceDR,FeasibleRestricted,269336794,500,500,5000,10,,0.11920868784260696,0.011498803346206597,0.07849880334620657,0.07849880334620657,,,0.0,,,,-0.06699999999999999,-0.06699999999999999,2.9464584549345695e-17,-0.06700000000000023,1.0,0.09003515230973028,0.24413912776789515,0.7278086591513545,0.03149000000000002,0.7458986591513544,0.0,0.011023751866941855,7.0,0.0011325165406762903,1.0,24.288945198059082
l1tcl_gold_dim_sweep,8271e211d6a5,1,IPWTransport,FeasibleRestricted,269336794,500,500,5000,10,,0.24293855655318786,-0.15781869440220955,0.09081869440220958,-0.09081869440220958,,,0.0,,,,-0.06699999999999999,-0.06699999999999999,-1.5180954571146355e-17,-0.06700000000000024,1.0,0.19041726446610854,0.500908067472696,0.7425486591513544,0.016750000000000154,0.7458986591513544,0.0,,,,,1.0215153694152832
l1tcl_gold_dim_sweep,8271e211d6a5,1,EntropyBalancing,FeasibleRestricted,269336794,500,500,5000,10,,0.2941486682957375,-0.1734291756220825,0.10642917562208251,-0.10642917562208251,,,0.0,,,,-0.06699999999999999,-0.06699999999999999,-1.1500020921542482e-17,-0.06700000000000025,1.0,0.23270030076466325,0.5980702337863621,0.7412086591513544,0.01809000000000016,0.7458986591513544,0.0,,,,,4.697314023971558
l1tcl_gold_dim_sweep,8271e211d6a5,1,OutcomeModelTransport,FeasibleRestricted,269336794,500,500,5000,10,,0.058571084519112394,-0.01871807145355948,0.04828192854644049,0.04828192854644049,,,0.0,,,,-0.06699999999999999,-0.06699999999999999,-1.7808966952263111e-16,-0.06700000000000023,1.0,0.050626453685379935,0.10648521441037795,0.7407396591513544,0.018559000000000103,0.7458986591513544,0.0,,,,,0.22625494003295898
l1tcl_gold_dim_sweep,8271e211d6a5,1,DRLearner_PooledWithSite,OracleTargetTreated,269336794,500,500,5000,10,,0.04010449848842865,-0.04638159957366176,0.020618400426338217,0.020618400426338217,,,0.0,,,,-0.06699999999999999,-0.06699999999999999,-1.982571015766262e-16,-0.06700000000000024,1.0,0.03172993265231967,0.08107640382904437,0.7536706591513543,0.005628000000000188,0.7458986591513544,0.0,,,,,1.601759672164917
l1tcl_gold_dim_sweep,8271e211d6a5,1,DRLearner_PooledNoSite,OracleTargetTreated,269336794,500,500,5000,10,,0.04064880924443232,-0.04599804611125654,0.021001953888743437,0.021001953888743437,,,0.0,,,,-0.06699999999999999,-0.06699999999999999,-1.8972622567919558e-16,-0.06700000000000023,1.0,0.03213914076515217,0.08237398172502611,0.7532016591513545,0.006097000000000019,0.7458986591513544,0.0,,,,,0.8005635738372803
l1tcl_gold_dim_sweep,c2ae4b8f8080,2,TargetOnlyDR,OracleTargetTreated,1628584131,200,200,5000,10,,0.2204076416545212,-0.1300792082694538,0.06307920826945382,-0.06307920826945382,,,0.0,,,,-0.06699999999999999,-0.06699999999999999,-4.4765481210545934e-17,-0.06700000000000025,1.0,0.17417866540424382,0.4145504744043257,-0.3770583281364028,0.016415000000000013,-0.3740433281364028,5.551115123125783e-17,0.0,0.0,,,18.411211252212524
l1tcl_gold_dim_sweep,c2ae4b8f8080,2,ProxyOnly,FeasibleRestricted,1628584131,200,200,5000,10,,0.5157622904644373,0.29689127278448524,0.3638912727844852,0.3638912727844852,,,0.0,,,,-0.06699999999999999,-0.06699999999999999,6.99928026849342e-18,-0.06700000000000025,1.0,0.4052480346563838,1.0885293373031437,-0.4123673281364028,0.05172400000000005,-0.3740433281364028,5.551115123125783e-17,0.0,0.0,,,8.119862794876099
l1tcl_gold_dim_sweep,c2ae4b8f8080,2,AnchorOnly,OracleTargetTreated,1628584131,200,200,5000,10,,0.17918862988578724,-0.05860108375172537,0.008398916248274609,0.008398916248274609,,,0.0,,,,-0.06699999999999999,-0.06699999999999999,-2.6873005090289273e-17,-0.06700000000000023,1.0,0.13922598037870088,0.3246215123242694,-0.3855673281364028,0.024924000000000057,-0.3740433281364028,5.551115123125783e-17,0.007179342897134766,15.0,,,13.081484079360962
l1tcl_gold_dim_sweep,c2ae4b8f8080,2,AnchorPlugin,FeasibleRestricted,1628584131,200,200,5000,10,,0.5172058831450925,0.1548917762767575,0.22189177627675746,0.22189177627675746,,,0.0,,,,-0.06699999999999999,-0.06699999999999999,1.2779220265912978e-17,-0.06700000000000025,1.0,0.4132127626930562,1.0685218847748394,-0.4033223281364028,0.04267900000000002,-0.3740433281364028,5.551115123125783e-17,0.020002862123771257,42.0,,,7.273291349411011
l1tcl_gold_dim_sweep,c2ae4b8f8080,2,ProposedA_FullyDirect,OracleTargetTreated,1628584131,200,200,5000,10,,0.1723916477851869,-0.08237292158185722,0.01537292158185724,-0.01537292158185724,,,0.0,,,,-0.06699999999999999,-0.06699999999999999,-3.7044915904320316e-17,-0.06700000000000023,1.0,0.13675767029328767,0.32298021844202685,-0.3826193281364028,0.02197600000000005,-0.3740433281364028,5.551115123125783e-17,0.0,0.0,,,8.198479890823364
l1tcl_gold_dim_sweep,c2ae4b8f8080,2,ProposedB_LinearStepB,OracleTargetTreated,1628584131,200,200,5000,10,,0.17549189616240263,-0.050283084814766364,0.016716915185233612,0.016716915185233612,,,0.0,,,,-0.06699999999999999,-0.06699999999999999,-3.659451730574064e-17,-0.06700000000000024,1.0,0.13681521158139628,0.32879485058994856,-0.38583532813640276,0.025191999999999992,-0.3740433281364028,5.551115123125783e-17,0.017243944341645927,47.0,1.310691653354325,10.0,66.15252566337585
l1tcl_gold_dim_sweep,c2ae4b8f8080,2,ProposedB_SourceDR,FeasibleRestricted,1628584131,200,200,5000,10,,0.06735143764315862,-0.09927040671269761,0.03227040671269764,-0.03227040671269764,,,0.0,,,,-0.06699999999999999,-0.06699999999999999,4.9147076930479925e-17,-0.06700000000000028,1.0,0.051641448622334336,0.1423559439940832,-0.36385932813640276,0.0032159999999999966,-0.37404332813640273,0.0,0.017763846846447946,43.0,1.3106916533543251,10.0,62.78976559638977
l1tcl_gold_dim_sweep,c2ae4b8f8080,2,IPWTransport,FeasibleRestricted,1628584131,200,200,5000,10,,0.31915399939864997,0.22671726762199979,0.2937172676219998,0.2937172676219998,,,0.0,,,,-0.06699999999999999,-0.06699999999999999,1.889202791098281e-17,-0.06700000000000025,1.0,0.2937172676219998,0.5156171318567576,-0.4257003281364028,0.06505700000000003,-0.37404332813640273,0.0,,,,,2.593576431274414
l1tcl_gold_dim_sweep,c2ae4b8f8080,2,EntropyBalancing,FeasibleRestricted,1628584131,200,200,5000,10,,2.801988659399343,2.3609514104025275,2.4279514104025277,2.4279514104025277,,,0.0,,,,-0.06699999999999999,-0.06699999999999999,-2.246956806529495e-18,-0.0670000000000002,1.0,2.4318116184876715,4.800810329403804,-0.42496332813640275,0.06431999999999999,-0.3740433281364028,5.551115123125783e-17,,,,,4.934507608413696
l1tcl_gold_dim_sweep,c2ae4b8f8080,2,OutcomeModelTransport,FeasibleRestricted,1628584131,200,200,5000,10,,0.11757336344216596,-0.12488588180386247,0.05788588180386249,-0.05788588180386249,,,0.0,,,,-0.06699999999999999,-0.06699999999999999,4.266673687117946e-17,-0.06700000000000024,1.0,0.09430577843020907,0.2417661901067052,-0.3677453281364028,0.007102000000000053,-0.3740433281364028,5.551115123125783e-17,,,,,0.28667473793029785
l1tcl_gold_dim_sweep,c2ae4b8f8080,2,DRLearner_PooledWithSite,OracleTargetTreated,1628584131,200,200,5000,10,,0.09243044398897499,-0.06894963420882069,0.0019496342088207164,-0.0019496342088207164,,,0.0,,,,-0.06699999999999999,-0.06699999999999999,4.2397926290985176e-17,-0.06700000000000021,1.0,0.07332117811688899,0.1693981628106343,-0.3753833281364028,0.01474000000000003,-0.3740433281364028,5.551115123125783e-17,,,,,2.2395224571228027
l1tcl_gold_dim_sweep,c2ae4b8f8080,2,DRLearner_PooledNoSite,OracleTargetTreated,1628584131,200,200,5000,10,,0.09194124573626188,-0.07235330329040048,0.005353303290400499,-0.005353303290400499,,,0.0,,,,-0.06699999999999999,-0.06699999999999999,4.2651248981497183e-17,-0.06700000000000025,1.0,0.07298220565560581,0.1714809850095244,-0.37531632813640275,0.014672999999999992,-0.3740433281364028,5.551115123125783e-17,,,,,1.4667587280273438
l1tcl_gold_dim_sweep,c2ae4b8f8080,0,TargetOnlyDR,OracleTargetTreated,1885859019,200,200,5000,10,,0.22773502896172346,0.026853833917262284,0.09385383391726226,0.09385383391726226,,,0.0,,,,-0.06699999999999999,-0.06699999999999999,-9.612388682064127e-17,-0.0670000000000002,1.0,0.17353953759318924,0.4910742688017736,-0.03220403398806733,0.03705099999999999,-0.008553033988067336,5.204170427930421e-18,0.0,0.0,,,23.434938192367554
l1tcl_gold_dim_sweep,c2ae4b8f8080,0,ProxyOnly,FeasibleRestricted,1885859019,200,200,5000,10,,0.5764648285265709,0.40282456254917975,0.4698245625491797,0.4698245625491797,,,0.0,,,,-0.06699999999999999,-0.06699999999999999,3.817104544716426e-18,-0.06700000000000025,1.0,0.4998457316859726,1.0175226676941023,-0.05478303398806734,0.059629999999999996,-0.008553033988067334,3.469446951953614e-18,0.0,0.0,,,10.636000633239746
l1tcl_gold_dim_sweep,c2ae4b8f8080,0,AnchorOnly,OracleTargetTreated,1885859019,200,200,5000,10,,0.23557954507994597,0.06349914346245483,0.1304991434624548,0.1304991434624548,,,0.0,,,,-0.06699999999999999,-0.06699999999999999,-3.656714624546747e-17,-0.06700000000000028,1.0,0.18746173321952003,0.4653698247205305,-0.03823403398806734,0.043080999999999994,-0.008553033988067334,3.469446951953614e-18,0.00951301091255614,10.0,,,15.255925178527832
l1tcl_gold_dim_sweep,c2ae4b8f8080,0,AnchorPlugin,FeasibleRestricted,1885859019,200,200,5000,10,,0.5278216686463557,0.14868904094395838,0.21568904094395835,0.21568904094395835,,,0.0,,,,-0.06699999999999999,-0.06699999999999999,-2.5435822041751874e-18,-0.06700000000000024,1.0,0.4210988793875902,1.0521564799645537,-0.03689403398806733,0.041740999999999986,-0.008553033988067331,0.0,0.01560567797574287,39.0,,,8.610026359558105
l1tcl_gold_dim_sweep,c2ae4b8f8080,0,ProposedA_FullyDirect,OracleTargetTreated,1885859019,200,200,5000,10,,0.17930184431006418,0.034118851482210825,0.10111885148221081,0.10111885148221081,,,0.0,,,,-0.06699999999999999,-0.06699999999999999,-6.076135039670649e-17,-0.06700000000000023,1.0,0.1434196600689453,0.36788488929922214,-0.034951033988067336,0.03979799999999999,-0.008553033988067334,3.469446951953614e-18,0.0,0.0,,,12.926952362060547
l1tcl_gold_dim_sweep,c2ae4b8f8080,0,ProposedB_LinearStepB,OracleTargetTreated,1885859019,200,200,5000,10,,0.2126489460370013,0.05731546171337974,0.12431546171337972,0.12431546171337972,,,0.0,,,,-0.06699999999999999,-0.06699999999999999,-4.1510153703349803e-17,-0.06700000000000025,1.0,0.17094002165936192,0.42167921726801616,-0.04017703398806734,0.045023999999999995,-0.008553033988067333,1.734723475976807e-18,0.024407176774057897,48.0,1.3247730352772578,10.0,75.94550609588623
l1tcl_gold_dim_sweep,c2ae4b8f8080,0,ProposedB_SourceDR,FeasibleRestricted,1885859019,200,200,5000,10,,0.05195576848711573,-0.05700526787159737,0.009994732128402607,0.009994732128402607,,,0.0,,,,-0.06699999999999999,-0.06699999999999999,-1.3380248374349125e-16,-0.06700000000000023,1.0,0.03814382600058731,0.1154259110575015,-0.004466033988067336,0.009312999999999995,-0.008553033988067333,1.734723475976807e-18,0.013785271031401421,40.0,1.3247730352772578,10.0,72.06586146354675
l1tcl_gold_dim_sweep,c2ae4b8f8080,0,IPWTransport,FeasibleRestricted,1885859019,200,200,5000,10,,0.2762454299609648,0.17147419629568383,0.2384741962956838,0.2384741962956838,,,0.0,,,,-0.06699999999999999,-0.06699999999999999,-2.7385242889591518e-17,-0.06700000000000025,1.0,0.2413209497009223,0.4738674893657277,-0.05471603398806734,0.059563,-0.008553033988067334,3.469446951953614e-18,,,,,2.287630319595337
l1tcl_gold_dim_sweep,c2ae4b8f8080,0,EntropyBalancing,FeasibleRestricted,1885859019,200,200,5000,10,,2.4127912278711405,2.108166687982385,2.175166687982385,2.175166687982385,,,0.0,,,,-0.06699999999999999,-0.06699999999999999,7.633374912376564e-18,-0.06700000000000025,1.0,2.1751666879823857,4.036594581659982,-0.06074603398806734,0.065593,-0.008553033988067331,0.0,,,,,4.6749186515808105
l1tcl_gold_dim_sweep,c2ae4b8f8080,0,OutcomeModelTransport,FeasibleRestricted,1885859019,200,200,5000,10,,0.09615935810907297,-0.03043620324042901,0.03656379675957097,0.03656379675957097,,,0.0,,,,-0.06699999999999999,-0.06699999999999999,-6.984689739893838e-17,-0.06700000000000027,1.0,0.07680256883463855,0.19064883775325014,-0.019675033988067334,0.024521999999999995,-0.008553033988067331,0.0,,,,,0.3943345546722412
l1tcl_gold_dim_sweep,c2ae4b8f8080,0,DRLearner_PooledWithSite,OracleTargetTreated,1885859019,200,200,5000,10,,0.11927418644736529,0.008724202955726642,0.07572420295572661,0.07572420295572661,,,0.0,,,,-0.06699999999999999,-0.06699999999999999,-6.203073570615971e-17,-0.06700000000000024,1.0,0.09674969655474676,0.23590393686731087,-0.03079703398806733,0.03564399999999999,-0.008553033988067334,3.469446951953614e-18,,,,,1.5774810314178467
l1tcl_gold_dim_sweep,c2ae4b8f8080,0,DRLearner_PooledNoSite,OracleTargetTreated,1885859019,200,200,5000,10,,0.11833900937880164,0.008777454506476882,0.07577745450647685,0.07577745450647685,,,0.0,,,,-0.06699999999999999,-0.06699999999999999,-6.393549115377971e-17,-0.06700000000000024,1.0,0.09614592586295385,0.23364407695475092,-0.03099803398806733,0.03584499999999999,-0.008553033988067334,3.469446951953614e-18,,,,,1.2994210720062256
l1tcl_gold_dim_sweep,8271e211d6a5,0,TargetOnlyDR,OracleTargetTreated,1556836318,500,500,5000,10,,0.15588266742942902,-0.05230761148747506,0.014692388512524919,0.014692388512524919,,,0.0,,,,-0.06699999999999999,-0.06699999999999999,-4.864602180673804e-18,-0.06700000000000025,1.0,0.10260844398787805,0.35266370529863433,0.004571443364193039,0.016147000000000012,0.007318443364193044,3.469446951953614e-18,0.0,0.0,,,21.60720658302307
l1tcl_gold_dim_sweep,8271e211d6a5,0,ProxyOnly,FeasibleRestricted,1556836318,500,500,5000,10,,0.35103252141899444,-0.23277796793986066,0.1657779679398607,-0.1657779679398607,,,0.0,,,,-0.06699999999999999,-0.06699999999999999,3.0451867061733456e-17,-0.06700000000000024,1.0,0.2895934652442829,0.6611523370116807,0.006447443364193042,0.01427100000000001,0.007318443364193043,4.336808689942018e-18,0.0,0.0,,,7.035880088806152
l1tcl_gold_dim_sweep,8271e211d6a5,0,AnchorOnly,OracleTargetTreated,1556836318,500,500,5000,10,,0.1590606083412702,-0.04500853798113054,0.021991462018869437,0.021991462018869437,,,0.0,,,,-0.06699999999999999,-0.06699999999999999,9.992244046478262e-18,-0.06700000000000024,1.0,0.11076092413493796,0.3756770743371945,0.002025443364193043,0.018693000000000008,0.007318443364193042,5.204170427930421e-18,0.0014602558970944772,4.0,,,12.02004098892212
l1tcl_gold_dim_sweep,8271e211d6a5,0,AnchorPlugin,FeasibleRestricted,1556836318,500,500,5000,10,,0.20868702807591932,-0.12681007150922338,0.059810071509223406,-0.059810071509223406,,,0.0,,,,-0.06699999999999999,-0.06699999999999999,2.8306181816845065e-17,-0.06700000000000023,1.0,0.16610653925719765,0.4269545140972651,0.002293443364193044,0.018425000000000007,0.0073184433641930455,1.734723475976807e-18,0.0062764953224347855,9.0,,,4.8001744747161865
l1tcl_gold_dim_sweep,8271e211d6a5,0,ProposedA_FullyDirect,OracleTargetTreated,1556836318,500,500,5000,10,,0.15380980692760216,-0.04982559736179444,0.017174402638205535,0.017174402638205535,,,0.0,,,,-0.06699999999999999,-0.06699999999999999,4.536288701738709e-19,-0.06700000000000024,1.0,0.10655227471205672,0.3626473584384568,0.0034324433641930428,0.017286000000000006,0.007318443364193044,3.469446951953614e-18,0.0,0.0,,,8.453763484954834
l1tcl_gold_dim_sweep,8271e211d6a5,0,ProposedB_LinearStepB,OracleTargetTreated,1556836318,500,500,5000,10,,0.15845523397135297,-0.043880653738075114,0.023119346261924863,0.023119346261924863,,,0.0,,,,-0.06699999999999999,-0.06699999999999999,8.765420869063055e-18,-0.06700000000000023,1.0,0.11012799908776919,0.37477434084519656,0.0013554433641930395,0.019363000000000012,0.007318443364193042,5.204170427930421e-18,0.006605369830014066,6.0,0.002452899474339311,2.0,30.903448820114136
l1tcl_gold_dim_sweep,8271e211d6a5,0,ProposedB_SourceDR,FeasibleRestricted,1556836318,500,500,5000,10,,0.04916234423348848,-0.07502757941260166,0.008027579412601682,-0.008027579412601682,,,0.0,,,,-0.06699999999999999,-0.06699999999999999,-7.582288000509076e-17,-0.06700000000000024,1.0,0.03783688276332697,0.0989479153289257,0.01736844336419304,0.0033500000000000092,0.007318443364193044,3.469446951953614e-18,0.005961955822834646,9.0,0.0024528994743393097,2.0,26.157362461090088
l1tcl_gold_dim_sweep,8271e211d6a5,0,IPWTransport,FeasibleRestricted,1556836318,500,500,5000,10,,0.15863836897644099,-0.0685268569285707,0.0015268569285707273,-0.0015268569285707273,,,0.0,,,,-0.06699999999999999,-0.06699999999999999,8.967662433148316e-18,-0.06700000000000025,1.0,0.12600853947146526,0.2806847916361309,-0.0011905566358069563,0.021909000000000005,0.007318443364193042,5.204170427930421e-18,,,,,1.4265880584716797
l1tcl_gold_dim_sweep,8271e211d6a5,0,EntropyBalancing,FeasibleRestricted,1556836318,500,500,5000,10,,0.16612031322848886,-0.08163382603737786,0.014633826037377881,-0.014633826037377881,,,0.0,,,,-0.06699999999999999,-0.06699999999999999,-9.052826540198118e-18,-0.06700000000000025,1.0,0.131630918593417,0.3022868828027443,0.0005514433641930428,0.020167000000000008,0.007318443364193045,2.6020852139652106e-18,,,,,4.887038707733154
l1tcl_gold_dim_sweep,8271e211d6a5,0,OutcomeModelTransport,FeasibleRestricted,1556836318,500,500,5000,10,,0.050979321890322254,-0.09998692566801327,0.0329869256680133,-0.0329869256680133,,,0.0,,,,-0.06699999999999999,-0.06699999999999999,-2.4309445312813657e-16,-0.06700000000000027,1.0,0.04152867397708383,0.10090958015423858,0.020584443364193048,0.00013400000000000217,0.007318443364193043,4.336808689942018e-18,,,,,0.35470032691955566
l1tcl_gold_dim_sweep,8271e211d6a5,0,DRLearner_PooledWithSite,OracleTargetTreated,1556836318,500,500,5000,10,,0.0324970421901607,-0.07212408926954304,0.005124089269543067,-0.005124089269543067,,,0.0,,,,-0.06699999999999999,-0.06699999999999999,-3.528024689614308e-16,-0.06700000000000025,1.0,0.025932197550281685,0.06323301754228593,0.02018244336419305,0.0005360000000000018,0.007318443364193044,3.469446951953614e-18,,,,,2.2799110412597656
l1tcl_gold_dim_sweep,8271e211d6a5,0,DRLearner_PooledNoSite,OracleTargetTreated,1556836318,500,500,5000,10,,0.031857988540936744,-0.0731861133116006,0.006186113311600627,-0.006186113311600627,,,0.0,,,,-0.06699999999999999,-0.06699999999999999,-3.673324722059208e-16,-0.06700000000000027,1.0,0.025490887809135807,0.06295580704356978,0.020316443364193047,0.00040200000000000305,0.007318443364193044,3.469446951953614e-18,,,,,0.9725654125213623
l1tcl_gold_dim_sweep,8271e211d6a5,2,TargetOnlyDR,OracleTargetTreated,1589698838,500,500,5000,10,,0.1424187988545086,-0.014808377536115715,0.05219162246388426,0.05219162246388426,,,0.0,,,,-0.06699999999999999,-0.06699999999999999,-2.598623708694699e-17,-0.06700000000000021,1.0,0.09561986238257311,0.3036680099371195,-0.4640879545448947,0.026799999999999935,-0.4506879545448948,5.551115123125783e-17,0.0,0.0,,,17.299442291259766
l1tcl_gold_dim_sweep,8271e211d6a5,2,ProxyOnly,FeasibleRestricted,1589698838,500,500,5000,10,,0.41422968492796813,0.27612721577653887,0.3431272157765388,0.3431272157765388,,,0.0,,,,-0.06699999999999999,-0.06699999999999999,2.3234477471183677e-17,-0.06700000000000024,1.0,0.34338420387815327,0.8146785224407493,-0.4986599545448948,0.06137200000000004,-0.45068795454489474,0.0,0.0,0.0,,,5.59152364730835
l1tcl_gold_dim_sweep,8271e211d6a5,2,AnchorOnly,OracleTargetTreated,1589698838,500,500,5000,10,,0.13846252113088597,-0.020740312065648747,0.04625968793435123,0.04625968793435123,,,0.0,,,,-0.06699999999999999,-0.06699999999999999,-2.514898492088873e-17,-0.06700000000000023,1.0,0.095451502371811,0.29497199980893435,-0.4634849545448948,0.026197000000000026,-0.45068795454489474,0.0,0.0009129090174001156,3.0,,,11.759868860244751
l1tcl_gold_dim_sweep,8271e211d6a5,2,AnchorPlugin,FeasibleRestricted,1589698838,500,500,5000,10,,0.2807727546196483,0.11816131047388559,0.18516131047388557,0.18516131047388557,,,0.0,,,,-0.06699999999999999,-0.06699999999999999,-1.223636437057847e-18,-0.06700000000000024,1.0,0.23410276814391417,0.5380867210310754,-0.4859969545448947,0.04870899999999995,-0.45068795454489474,0.0,0.0026959169250514903,10.0,,,5.834227800369263
l1tcl_gold_dim_sweep,8271e211d6a5,2,ProposedA_FullyDirect,OracleTargetTreated,1589698838,500,500,5000,10,,0.13988946013150025,-0.011992389632515461,0.055007610367484513,0.055007610367484513,,,0.0,,,,-0.06699999999999999,-0.06699999999999999,-1.9253947078683016e-17,-0.06700000000000024,1.0,0.10165467280816995,0.2985631939495575,-0.4665669545448948,0.029279,-0.45068795454489474,0.0,0.0,0.0,,,7.5607075691223145
l1tcl_gold_dim_sweep,8271e211d6a5,2,ProposedB_LinearStepB,OracleTargetTreated,1589698838,500,500,5000,10,,0.13434183525847454,-0.02138125350033525,0.04561874649966473,0.04561874649966473,,,0.0,,,,-0.06699999999999999,-0.06699999999999999,-2.200463386699614e-17,-0.06700000000000023,1.0,0.09337657797971041,0.29181542726244397,-0.46368595454489475,0.026397999999999977,-0.45068795454489474,0.0,0.009376734311682238,9.0,1.4663149076363242,4.0,25.998563766479492
l1tcl_gold_dim_sweep,8271e211d6a5,2,ProposedB_SourceDR,FeasibleRestricted,1589698838,500,500,5000,10,,0.05573541276745731,-0.060291599302699284,0.006708400697300693,0.006708400697300693,,,0.0,,,,-0.06699999999999999,-0.06699999999999999,-3.3676281946241526e-17,-0.06700000000000025,1.0,0.04489578888923261,0.10407442797784579,-0.4461989545448948,0.008911000000000002,-0.45068795454489474,0.0,0.0025773666305194025,10.0,1.4663149076363242,4.0,26.160253763198853
l1tcl_gold_dim_sweep,8271e211d6a5,2,IPWTransport,FeasibleRestricted,1589698838,500,500,5000,10,,0.2709778773907179,-0.03737453130513901,0.02962546869486097,0.02962546869486097,,,0.0,,,,-0.06699999999999999,-0.06699999999999999,7.166003661378128e-18,-0.06700000000000023,1.0,0.21612065402186517,0.5127546746408401,-0.46623195454489474,0.02894399999999997,-0.45068795454489474,0.0,,,,,0.9739782810211182
l1tcl_gold_dim_sweep,8271e211d6a5,2,EntropyBalancing,FeasibleRestricted,1589698838,500,500,5000,10,,0.24441766085051625,-0.06448960164268669,0.002510398357313287,0.002510398357313287,,,0.0,,,,-0.06699999999999999,-0.06699999999999999,7.657683869166076e-18,-0.06700000000000025,1.0,0.19559688318064578,0.4422584508438529,-0.46268095454489483,0.025393000000000054,-0.45068795454489474,0.0,,,,,2.956834316253662
l1tcl_gold_dim_sweep,8271e211d6a5,2,OutcomeModelTransport,FeasibleRestricted,1589698838,500,500,5000,10,,0.06082092306779981,-0.05401571192753575,0.012984288072464226,0.012984288072464226,,,0.0,,,,-0.06699999999999999,-0.06699999999999999,-6.781222937916612e-18,-0.06700000000000025,1.0,0.0492103927066631,0.11534964765967004,-0.44968295454489476,0.01239499999999999,-0.45068795454489474,0.0,,,,,0.15268182754516602
l1tcl_gold_dim_sweep,8271e211d6a5,2,DRLearner_PooledWithSite,OracleTargetTreated,1589698838,500,500,5000,10,,0.0720814740988789,-0.019531579192358605,0.04746842080764137,0.04746842080764137,,,0.0,,,,-0.06699999999999999,-0.06699999999999999,3.044102096175231e-17,-0.06700000000000028,1.0,0.05885687153715862,0.14086432424195947,-0.46187695454489475,0.024588999999999972,-0.45068795454489474,0.0,,,,,1.0563278198242188
l1tcl_gold_dim_sweep,8271e211d6a5,2,DRLearner_PooledNoSite,OracleTargetTreated,1589698838,500,500,5000,10,,0.07192410031194177,-0.01986464311244638,0.047135356887553596,0.047135356887553596,,,0.0,,,,-0.06699999999999999,-0.06699999999999999,3.064208543096831e-17,-0.06700000000000021,1.0,0.05864987662451656,0.14089403779983764,-0.4617429545448948,0.024455000000000005,-0.45068795454489474,0.0,,,,,0.6056828498840332
l1tcl_gold_dim_sweep,8271e211d6a5,3,TargetOnlyDR,OracleTargetTreated,2092930836,500,500,5000,10,,0.1663767803738723,-0.06287680949312005,0.004123190506879926,0.004123190506879926,,,0.0,,,,-0.06699999999999999,-0.06699999999999999,8.757783779757708e-18,-0.06700000000000025,1.0,0.10952981233261905,0.35906216294573795,-0.240574606404497,0.014941000000000038,-0.23903360640449697,-2.7755575615628914e-17,0.0,0.0,,,18.160003185272217
l1tcl_gold_dim_sweep,8271e211d6a5,3,ProxyOnly,FeasibleRestricted,2092930836,500,500,5000,10,,0.2770272771644016,0.026368577275008263,0.09336857727500825,0.09336857727500825,,,0.0,,,,-0.06699999999999999,-0.06699999999999999,1.6143951526594108e-17,-0.06700000000000024,1.0,0.20521461861328416,0.5498492221530068,-0.26141160640449695,0.035778000000000004,-0.239033606404497,0.0,0.0,0.0,,,6.799621820449829
l1tcl_gold_dim_sweep,8271e211d6a5,3,AnchorOnly,OracleTargetTreated,2092930836,500,500,5000,10,,0.14929857792976764,-0.07064105876195259,0.0036410587619526147,-0.0036410587619526147,,,0.0,,,,-0.06699999999999999,-0.06699999999999999,4.589105847717826e-18,-0.06700000000000024,1.0,0.10187522486286264,0.3053597536073998,-0.23997160640449697,0.014338000000000017,-0.239033606404497,0.0,0.003265898440633592,2.0,,,13.592581987380981
l1tcl_gold_dim_sweep,8271e211d6a5,3,AnchorPlugin,FeasibleRestricted,2092930836,500,500,5000,10,,0.184288946402833,-0.02646031414633926,0.04053968585366072,0.04053968585366072,,,0.0,,,,-0.06699999999999999,-0.06699999999999999,6.591633018829875e-17,-0.06700000000000027,1.0,0.14411346706346703,0.36556015350069154,-0.254510606404497,0.02887700000000007,-0.239033606404497,0.0,0.008187104813769192,9.0,,,4.401121139526367
l1tcl_gold_dim_sweep,8271e211d6a5,3,ProposedA_FullyDirect,OracleTargetTreated,2092930836,500,500,5000,10,,0.14081637841438427,-0.06857394981838683,0.0015739498183868494,-0.0015739498183868494,,,0.0,,,,-0.06699999999999999,-0.06699999999999999,9.734311846361465e-18,-0.06700000000000025,1.0,0.09783802696543055,0.2829997352079054,-0.24023960640449699,0.014606000000000036,-0.239033606404497,0.0,0.0,0.0,,,8.934320211410522
l1tcl_gold_dim_sweep,8271e211d6a5,3,ProposedB_LinearStepB,OracleTargetTreated,2092930836,500,500,5000,10,,0.14627312969495193,-0.07040350803947613,0.003403508039476158,-0.003403508039476158,,,0.0,,,,-0.06699999999999999,-0.06699999999999999,1.6321739194587116e-18,-0.06700000000000021,1.0,0.09952384184890942,0.2963246101930777,-0.239837606404497,0.01420400000000005,-0.239033606404497,0.0,0.011516986024810568,9.0,0.3473637683143807,5.0,23.584811210632324
l1tcl_gold_dim_sweep,8271e211d6a5,3,ProposedB_SourceDR,FeasibleRestricted,2092930836,500,500,5000,10,,0.04485657869409662,-0.08704339575123239,0.020043395751232415,-0.020043395751232415,,,0.0,,,,-0.06699999999999999,-0.06699999999999999,-3.1366856649016276e-18,-0.06700000000000025,1.0,0.032755048286474645,0.08832242497063657,-0.226705606404497,0.0010720000000000451,-0.239033606404497,0.0,0.007062324095120707,9.0,0.3473637683143808,5.0,23.975917100906372
l1tcl_gold_dim_sweep,8271e211d6a5,3,IPWTransport,FeasibleRestricted,2092930836,500,500,5000,10,,0.15012180142252257,-0.04359808438291373,0.023401915617086246,0.023401915617086246,,,0.0,,,,-0.06699999999999999,-0.06699999999999999,1.8817726704840515e-18,-0.06700000000000025,1.0,0.11991941173454942,0.2703584461314634,-0.252701606404497,0.027068000000000064,-0.239033606404497,0.0,,,,,1.4175686836242676
l1tcl_gold_dim_sweep,8271e211d6a5,3,EntropyBalancing,FeasibleRestricted,2092930836,500,500,5000,10,,0.12824599262816694,-0.048150613314305375,0.0188493866856946,0.0188493866856946,,,0.0,,,,-0.06699999999999999,-0.06699999999999999,-9.523911982368948e-19,-0.06700000000000025,1.0,0.10229381124748253,0.23061815327252805,-0.250356606404497,0.024723000000000023,-0.239033606404497,0.0,,,,,3.7082741260528564
l1tcl_gold_dim_sweep,8271e211d6a5,3,OutcomeModelTransport,FeasibleRestricted,2092930836,500,500,5000,10,,0.034811871098759786,-0.08105133952928313,0.014051339529283155,-0.014051339529283155,,,0.0,,,,-0.06699999999999999,-0.06699999999999999,-1.2852445206392963e-16,-0.06700000000000028,1.0,0.027246598094011944,0.07045198766617429,-0.22630360640449698,0.0006700000000000317,-0.239033606404497,0.0,,,,,0.13157320022583008
l1tcl_gold_dim_sweep,8271e211d6a5,3,DRLearner_PooledWithSite,OracleTargetTreated,2092930836,500,500,5000,10,,0.0368556622184815,-0.08949796855182027,0.02249796855182029,-0.02249796855182029,,,0.0,,,,-0.06699999999999999,-0.06699999999999999,-1.774642327724266e-16,-0.06700000000000024,1.0,0.029741722575502103,0.07366282676306808,-0.225901606404497,0.000268000000000046,-0.239033606404497,0.0,,,,,1.2663068771362305
l1tcl_gold_dim_sweep,8271e211d6a5,3,DRLearner_PooledNoSite,OracleTargetTreated,2092930836,500,500,5000,10,,0.035513807796866886,-0.08777024102914749,0.020770241029147513,-0.020770241029147513,,,0.0,,,,-0.06699999999999999,-0.06699999999999999,-1.6667848450417014e-16,-0.06700000000000023,1.0,0.028473433317817168,0.07127261294566263,-0.225901606404497,0.000268000000000046,-0.23903360640449697,-2.7755575615628914e-17,,,,,1.1984002590179443
l1tcl_gold_dim_sweep,8271e211d6a5,4,TargetOnlyDR,OracleTargetTreated,2067437087,500,500,5000,10,,0.14304990132098086,-0.001204888408475959,0.06579511159152401,0.06579511159152401,,,0.0,,,,-0.06699999999999999,-0.06699999999999999,4.760177372074061e-17,-0.06700000000000023,1.0,0.11572806304661618,0.27472755671925414,-0.00102854026992293,0.035577000000000004,0.021148459730077073,6.938893903907228e-18,0.0,0.0,,,14.317078590393066
l1tcl_gold_dim_sweep,8271e211d6a5,4,ProxyOnly,FeasibleRestricted,2067437087,500,500,5000,10,,0.21056374279381693,-0.09300401251766374,0.026004012517663766,-0.026004012517663766,,,0.0,,,,-0.06699999999999999,-0.06699999999999999,6.3071770950369e-17,-0.06700000000000024,1.0,0.1632681893021555,0.3881159043872699,0.013041459730077075,0.021507,0.021148459730077077,3.469446951953614e-18,0.0,0.0,,,7.536047697067261
l1tcl_gold_dim_sweep,8271e211d6a5,4,AnchorOnly,OracleTargetTreated,2067437087,500,500,5000,10,,0.1592907119994569,0.00044420336329679787,0.06744420336329678,0.06744420336329678,,,0.0,,,,-0.06699999999999999,-0.06699999999999999,6.449481200686379e-17,-0.06700000000000024,1.0,0.12651601487745584,0.31556514643276967,0.00031145973007706937,0.034237000000000004,0.02114845973007707,1.0408340855860843e-17,0.010779997870128585,2.0,,,13.20053744316101
l1tcl_gold_dim_sweep,8271e211d6a5,4,AnchorPlugin,FeasibleRestricted,2067437087,500,500,5000,10,,0.17079592265284982,-0.12030732937191778,0.0533073293719178,-0.0533073293719178,,,0.0,,,,-0.06699999999999999,-0.06699999999999999,-1.251670751718333e-17,-0.06700000000000024,1.0,0.13293834330047222,0.3490405976382438,0.02014345973007707,0.014405000000000001,0.021148459730077073,6.938893903907228e-18,0.021412787628296702,6.0,,,5.08804178237915
l1tcl_gold_dim_sweep,8271e211d6a5,4,ProposedA_FullyDirect,OracleTargetTreated,2067437087,500,500,5000,10,,0.14023646610200646,0.007670673047321343,0.07467067304732132,0.07467067304732132,,,0.0,,,,-0.06699999999999999,-0.06699999999999999,7.743839183954726e-17,-0.06700000000000021,1.0,0.11123717052172027,0.2751026593463696,-0.0014305402699229287,0.035979,0.021148459730077073,6.938893903907228e-18,0.0,0.0,,,9.657350063323975
l1tcl_gold_dim_sweep,8271e211d6a5,4,ProposedB_LinearStepB,OracleTargetTreated,2067437087,500,500,5000,10,,0.15800448278267223,0.0009112352848919558,0.06791123528489193,0.06791123528489193,,,0.0,,,,-0.06699999999999999,-0.06699999999999999,6.502266158029941e-17,-0.06700000000000024,1.0,0.12559454193035452,0.3145197213684176,0.0006464597300770705,0.033902,0.021148459730077073,6.938893903907228e-18,0.021864703384093662,7.0,0.004437433446795576,4.0,24.456589937210083
l1tcl_gold_dim_sweep,8271e211d6a5,4,ProposedB_SourceDR,FeasibleRestricted,2067437087,500,500,5000,10,,0.06184513519196278,-0.09272641815283526,0.025726418152835287,-0.025726418152835287,,,0.0,,,,-0.06699999999999999,-0.06699999999999999,9.076104612676606e-18,-0.06700000000000024,1.0,0.047486238374188416,0.13004096270628895,0.030997459730077077,0.003550999999999995,0.021148459730077073,6.938893903907228e-18,0.018428253267893817,6.0,0.0044374334467955755,4.0,25.13865327835083
l1tcl_gold_dim_sweep,8271e211d6a5,4,IPWTransport,FeasibleRestricted,2067437087,500,500,5000,10,,0.26778292957874544,-0.04021437084645474,0.026785629153545237,0.026785629153545237,,,0.0,,,,-0.06699999999999999,-0.06699999999999999,1.329146902833684e-17,-0.06700000000000021,1.0,0.21286567636626133,0.49943716581154685,0.004599459730077068,0.029949000000000003,0.021148459730077073,6.938893903907228e-18,,,,,1.8115861415863037
l1tcl_gold_dim_sweep,8271e211d6a5,4,EntropyBalancing,FeasibleRestricted,2067437087,500,500,5000,10,,0.22667167588323,-0.09313890709934111,0.026138907099341135,-0.026138907099341135,,,0.0,,,,-0.06699999999999999,-0.06699999999999999,2.9879212469788974e-17,-0.06700000000000027,1.0,0.17844511488907067,0.4140244516909167,0.013041459730077068,0.021507000000000005,0.021148459730077073,6.938893903907228e-18,,,,,4.145514726638794
l1tcl_gold_dim_sweep,8271e211d6a5,4,OutcomeModelTransport,FeasibleRestricted,2067437087,500,500,5000,10,,0.059438926651138965,-0.09972573219963354,0.03272573219963357,-0.03272573219963357,,,0.0,,,,-0.06699999999999999,-0.06699999999999999,-8.694848516876786e-17,-0.06700000000000024,1.0,0.0473135431281297,0.12133778926186793,0.03300745973007707,0.0015410000000000007,0.021148459730077073,6.938893903907228e-18,,,,,0.30175256729125977
l1tcl_gold_dim_sweep,8271e211d6a5,4,DRLearner_PooledWithSite,OracleTargetTreated,2067437087,500,500,5000,10,,0.05829798629579895,-0.033217870839008456,0.03378212916099152,0.03378212916099152,,,0.0,,,,-0.06699999999999999,-0.06699999999999999,3.4121206455337374e-17,-0.06700000000000024,1.0,0.04704304950398209,0.11404172833640772,0.016257459730077074,0.018290999999999998,0.021148459730077073,6.938893903907228e-18,,,,,1.7580983638763428
l1tcl_gold_dim_sweep,8271e211d6a5,4,DRLearner_PooledNoSite,OracleTargetTreated,2067437087,500,500,5000,10,,0.05798029037883732,-0.033676378174562274,0.0333236218254377,0.0333236218254377,,,0.0,,,,-0.06699999999999999,-0.06699999999999999,3.8533451102050834e-17,-0.06700000000000025,1.0,0.04680833513510306,0.11330848931374811,0.016391459730077072,0.018157,0.021148459730077073,6.938893903907228e-18,,,,,1.8026387691497803
l1tcl_gold_dim_sweep,5e1199ef1252,2,TargetOnlyDR,OracleTargetTreated,270435067,50,50,5000,10,,0.4993391834689637,-0.23924771214534996,0.17224771214534998,-0.17224771214534998,,,0.0,,,,-0.06699999999999999,-0.06699999999999999,-1.5526014671354155e-17,-0.06700000000000025,1.0,0.38243762171361173,1.0640788119400224,-0.48806172367058887,0.02050200000000002,-0.4809597236705889,5.551115123125783e-17,0.0,0.0,,,5.4619224071502686
l1tcl_gold_dim_sweep,5e1199ef1252,2,ProxyOnly,FeasibleRestricted,270435067,50,50,5000,10,,0.7091033618171018,0.5366730527297854,0.6036730527297853,0.6036730527297853,,,0.0,,,,-0.06699999999999999,-0.06699999999999999,1.8444755011554117e-17,-0.06700000000000027,1.0,0.6180998871269561,1.2282756318457408,-0.5292667236705888,0.061706999999999956,-0.48095972367058887,0.0,0.0,0.0,,,6.927203178405762
l1tcl_gold_dim_sweep,5e1199ef1252,2,AnchorOnly,OracleTargetTreated,270435067,50,50,5000,10,,0.4261883065711386,-0.25241305482432086,0.18541305482432088,-0.18541305482432088,,,0.0,,,,-0.06699999999999999,-0.06699999999999999,-1.955228407491709e-17,-0.06700000000000024,1.0,0.3388351826920845,0.8736167137668857,-0.48444372367058885,0.01688400000000001,-0.4809597236705889,5.551115123125783e-17,0.0502961333816464,0.0,,,9.072349071502686
l1tcl_gold_dim_sweep,5e1199ef1252,2,AnchorPlugin,FeasibleRestricted,270435067,50,50,5000,10,,0.5628494044244154,0.2562286683040634,0.3232286683040634,0.3232286683040634,,,0.0,,,,-0.06699999999999999,-0.06699999999999999,5.832186711820756e-18,-0.06700000000000023,1.0,0.4594007040689579,1.0990840282292114,-0.5166037236705888,0.049043999999999977,-0.48095972367058887,0.0,0.10137491292156696,23.0,,,4.841721057891846
l1tcl_gold_dim_sweep,5e1199ef1252,2,ProposedA_FullyDirect,OracleTargetTreated,270435067,50,50,5000,10,,0.49443280384543253,-0.29090505965188257,0.2239050596518826,-0.2239050596518826,,,0.0,,,,-0.06699999999999999,-0.06699999999999999,-6.206830118290176e-18,-0.06700000000000023,1.0,0.3970132391232493,0.9931328440874263,-0.4845777236705889,0.017018000000000033,-0.4809597236705889,5.551115123125783e-17,0.0,0.0,,,10.154786109924316
l1tcl_gold_dim_sweep,5e1199ef1252,2,ProposedB_LinearStepB,OracleTargetTreated,270435067,50,50,5000,10,,0.38704090787883916,-0.2134910241264322,0.14649102412643222,-0.14649102412643222,,,0.0,,,,-0.06699999999999999,-0.06699999999999999,-1.1228795728574177e-17,-0.06700000000000025,1.0,0.3072534571361012,0.7766520849210705,-0.48618572367058893,0.018626000000000087,-0.4809597236705889,5.551115123125783e-17,0.1098585130376604,26.0,1.9261000591474047,10.0,127.00487661361694
l1tcl_gold_dim_sweep,5e1199ef1252,2,ProposedB_SourceDR,FeasibleRestricted,270435067,50,50,5000,10,,0.08471672003698241,-0.08007492601971393,0.013074926019713953,-0.013074926019713953,,,0.0,,,,-0.06699999999999999,-0.06699999999999999,2.904788821334137e-17,-0.06700000000000023,1.0,0.06177150098310295,0.1891977776916875,-0.4760687236705889,0.008509000000000044,-0.4809597236705889,5.551115123125783e-17,0.0764963474279454,24.0,1.9261000591474045,10.0,191.47904777526855
l1tcl_gold_dim_sweep,5e1199ef1252,2,IPWTransport,FeasibleRestricted,270435067,50,50,5000,10,,0.12995919905234712,-0.07084253866393342,0.0038425386639334425,-0.0038425386639334425,,,0.0,,,,-0.06699999999999999,-0.06699999999999999,-9.61326015639156e-18,-0.06700000000000027,1.0,0.1046253719799829,0.23548391684383585,-0.4879277236705889,0.020368000000000053,-0.4809597236705889,5.551115123125783e-17,,,,,2.153433084487915
l1tcl_gold_dim_sweep,5e1199ef1252,2,EntropyBalancing,FeasibleRestricted,270435067,50,50,5000,10,,1.021333045417361,0.3583562704712193,0.42535627047121927,0.42535627047121927,,,0.0,,,,-0.06699999999999999,-0.06699999999999999,-2.6569165646179376e-18,-0.06700000000000024,1.0,0.8288446242991958,2.033276870110993,-0.5113107236705889,0.043751000000000095,-0.4809597236705889,5.551115123125783e-17,,,,,6.557116270065308
l1tcl_gold_dim_sweep,5e1199ef1252,2,OutcomeModelTransport,FeasibleRestricted,270435067,50,50,5000,10,,0.1325062562733609,-0.03897719035192357,0.028022809648076408,0.028022809648076408,,,0.0,,,,-0.06699999999999999,-0.06699999999999999,-2.12202196864677e-18,-0.06700000000000021,1.0,0.1069339928009451,0.2508277558329647,-0.49375672367058887,0.026197000000000026,-0.4809597236705889,5.551115123125783e-17,,,,,0.4886605739593506
l1tcl_gold_dim_sweep,5e1199ef1252,2,DRLearner_PooledWithSite,OracleTargetTreated,270435067,50,50,5000,10,,0.14729318087602883,-0.13506785312699476,0.06806785312699479,-0.06806785312699479,,,0.0,,,,-0.06699999999999999,-0.06699999999999999,8.372431366819092e-18,-0.06700000000000024,1.0,0.11779311705716525,0.3031667873322459,-0.4777437236705889,0.010184000000000082,-0.48095972367058887,0.0,,,,,3.9225668907165527
l1tcl_gold_dim_sweep,5e1199ef1252,2,DRLearner_PooledNoSite,OracleTargetTreated,270435067,50,50,5000,10,,0.14944516136091093,-0.1379638252058378,0.07096382520583783,-0.07096382520583783,,,0.0,,,,-0.06699999999999999,-0.06699999999999999,2.045522281210569e-18,-0.06700000000000021,1.0,0.11977395004799021,0.3067278708312153,-0.4774757236705888,0.00991599999999998,-0.48095972367058887,0.0,,,,,2.3739068508148193
l1tcl_gold_dim_sweep,5e1199ef1252,0,TargetOnlyDR,OracleTargetTreated,1469884332,50,50,5000,10,,0.4609129387851945,-0.10313304620420724,0.036133046204207264,-0.036133046204207264,,,0.0,,,,-0.06699999999999999,-0.06699999999999999,5.091760818107798e-21,-0.06700000000000024,1.0,0.3521531050694633,0.9381833771150951,0.6043610042957176,0.027939000000000047,0.6189000042957177,1.1102230246251565e-16,0.0,0.0,,,5.4274208545684814
l1tcl_gold_dim_sweep,5e1199ef1252,0,ProxyOnly,FeasibleRestricted,1469884332,50,50,5000,10,,1.182526818447814,-1.1743928582313514,1.1073928582313515,-1.1073928582313515,,,0.0,,,,-0.06699999999999999,-0.06699999999999999,2.340745886458247e-17,-0.06700000000000023,1.0,1.1073928582313515,1.8106101393514689,0.6319650042957177,0.0003349999999999742,0.6189000042957178,0.0,0.0,0.0,,,6.951361179351807
l1tcl_gold_dim_sweep,5e1199ef1252,0,AnchorOnly,OracleTargetTreated,1469884332,50,50,5000,10,,0.40555611169210715,-0.03251770767278131,0.03448229232721867,0.03448229232721867,,,0.0,,,,-0.06699999999999999,-0.06699999999999999,-5.005075340973181e-18,-0.06700000000000024,1.0,0.2929495077711094,0.7848299086993926,0.5990010042957177,0.03329899999999997,0.6189000042957177,1.1102230246251565e-16,0.0002525625246716655,1.0,,,10.424186706542969
l1tcl_gold_dim_sweep,5e1199ef1252,0,AnchorPlugin,FeasibleRestricted,1469884332,50,50,5000,10,,0.6982078713590316,-0.5994862472306306,0.5324862472306306,-0.5324862472306306,,,0.0,,,,-0.06699999999999999,-0.06699999999999999,1.7494966047380693e-18,-0.06700000000000025,1.0,0.5851432087197445,1.3337134351414095,0.6265380042957177,0.005761999999999934,0.6189000042957178,0.0,0.11911509037833601,16.0,,,7.337023496627808
l1tcl_gold_dim_sweep,5e1199ef1252,0,ProposedA_FullyDirect,OracleTargetTreated,1469884332,50,50,5000,10,,0.409489580007728,-0.0582366298074768,0.008763370192523177,0.008763370192523177,,,0.0,,,,-0.06699999999999999,-0.06699999999999999,1.4022510416374503e-17,-0.06700000000000024,1.0,0.3209924084137181,0.762712334250446,0.6025520042957176,0.029747999999999997,0.6189000042957177,1.1102230246251565e-16,0.0,0.0,,,7.527149677276611
l1tcl_gold_dim_sweep,5e1199ef1252,0,ProposedB_LinearStepB,OracleTargetTreated,1469884332,50,50,5000,10,,0.41707842327732164,-0.05362410345933387,0.013375896540666107,0.013375896540666107,,,0.0,,,,-0.06699999999999999,-0.06699999999999999,-4.398685179832342e-18,-0.06700000000000018,1.0,0.30987855695837296,0.8293477626366822,0.6007430042957176,0.03155700000000006,0.6189000042957177,1.1102230246251565e-16,0.17498313713126426,65.0,1.8677921753983342,10.0,131.40443968772888
l1tcl_gold_dim_sweep,5e1199ef1252,0,ProposedB_SourceDR,FeasibleRestricted,1469884332,50,50,5000,10,,0.09064713902924561,-0.027638541899964227,0.039361458100035746,0.039361458100035746,,,0.0,,,,-0.06699999999999999,-0.06699999999999999,1.1900889241400002e-16,-0.06700000000000025,1.0,0.07003188653289605,0.1903336034801168,0.6083140042957176,0.023986000000000063,0.6189000042957177,1.1102230246251565e-16,0.12311617462439373,14.0,1.8677921753983346,10.0,190.48366022109985
l1tcl_gold_dim_sweep,5e1199ef1252,0,IPWTransport,FeasibleRestricted,1469884332,50,50,5000,10,,0.15481018441485475,-0.14535774141654825,0.07835774141654828,-0.07835774141654828,,,0.0,,,,-0.06699999999999999,-0.06699999999999999,9.578817643614453e-18,-0.06700000000000028,1.0,0.12474455925385429,0.3099053678990344,0.6228530042957177,0.009446999999999983,0.6189000042957177,1.1102230246251565e-16,,,,,2.2843050956726074
l1tcl_gold_dim_sweep,5e1199ef1252,0,EntropyBalancing,FeasibleRestricted,1469884332,50,50,5000,10,,1.1331628140050012,0.589341510989808,0.656341510989808,0.656341510989808,,,0.0,,,,-0.06699999999999999,-0.06699999999999999,5.689983816820153e-18,-0.06700000000000023,1.0,0.9098558280065079,2.233024669022674,0.5837250042957177,0.048574999999999924,0.6189000042957177,1.1102230246251565e-16,,,,,5.252419471740723
l1tcl_gold_dim_sweep,5e1199ef1252,0,OutcomeModelTransport,FeasibleRestricted,1469884332,50,50,5000,10,,0.15245700669807435,-0.1401802586935878,0.07318025869358782,-0.07318025869358782,,,0.0,,,,-0.06699999999999999,-0.06699999999999999,9.931444994701844e-18,-0.06700000000000024,1.0,0.12276562204140586,0.30539667413029375,0.6225180042957177,0.009781999999999957,0.6189000042957177,1.1102230246251565e-16,,,,,0.6009292602539062
l1tcl_gold_dim_sweep,5e1199ef1252,0,DRLearner_PooledWithSite,OracleTargetTreated,1469884332,50,50,5000,10,,0.15090657058878826,-0.14295320491658123,0.07595320491658125,-0.07595320491658125,,,0.0,,,,-0.06699999999999999,-0.06699999999999999,3.311825915491548e-18,-0.06700000000000023,1.0,0.12109497378161962,0.3024752900931746,0.6231880042957176,0.009112000000000009,0.6189000042957178,0.0,,,,,3.737151622772217
l1tcl_gold_dim_sweep,5e1199ef1252,0,DRLearner_PooledNoSite,OracleTargetTreated,1469884332,50,50,5000,10,,0.15500244312870887,-0.15034006716948914,0.08334006716948916,-0.08334006716948916,,,0.0,,,,-0.06699999999999999,-0.06699999999999999,-5.326565396490107e-18,-0.06700000000000023,1.0,0.1241132850656847,0.31043590778328395,0.6239250042957176,0.008375000000000021,0.6189000042957177,1.1102230246251565e-16,,,,,1.6357073783874512
l1tcl_gold_dim_sweep,c2ae4b8f8080,3,TargetOnlyDR,OracleTargetTreated,1768734202,200,200,5000,10,,0.20938116830841386,-0.06794891282750043,0.0009489128275004532,-0.0009489128275004532,,,0.0,,,,-0.06699999999999999,-0.06699999999999999,-4.6293545873315367e-17,-0.06700000000000025,1.0,0.15947238171901532,0.39224451336475463,-0.041582343200539926,0.023718000000000013,-0.03126434320053992,1.3877787807814457e-17,0.0,0.0,,,16.04192614555359
l1tcl_gold_dim_sweep,c2ae4b8f8080,3,ProxyOnly,FeasibleRestricted,1768734202,200,200,5000,10,,0.48317421020930457,0.25816211074722434,0.32516211074722434,0.32516211074722434,,,0.0,,,,-0.06699999999999999,-0.06699999999999999,-2.1169102330251714e-17,-0.06700000000000025,1.0,0.39963011250426217,0.9307883568432005,-0.0703253432005399,0.052460999999999994,-0.03126434320053991,6.938893903907228e-18,0.0,0.0,,,7.6356658935546875
l1tcl_gold_dim_sweep,c2ae4b8f8080,3,AnchorOnly,OracleTargetTreated,1768734202,200,200,5000,10,,0.1915515505967501,-0.08295158862774697,0.015951588627746996,-0.015951588627746996,,,0.0,,,,-0.06699999999999999,-0.06699999999999999,-2.1795301974355964e-17,-0.06700000000000024,1.0,0.1452707692141914,0.3393759162753551,-0.03776334320053992,0.01989900000000001,-0.03126434320053992,1.3877787807814457e-17,0.013426961513791668,15.0,,,12.592472553253174
l1tcl_gold_dim_sweep,c2ae4b8f8080,3,AnchorPlugin,FeasibleRestricted,1768734202,200,200,5000,10,,0.41849965317030935,0.030556925335707495,0.09755692533570748,0.09755692533570748,,,0.0,,,,-0.06699999999999999,-0.06699999999999999,-1.7522205799735007e-17,-0.06700000000000024,1.0,0.3341397793929294,0.8239118183498482,-0.053709343200539904,0.03584499999999999,-0.03126434320053992,1.3877787807814457e-17,0.026064381036303028,34.0,,,6.874979734420776
l1tcl_gold_dim_sweep,c2ae4b8f8080,3,ProposedA_FullyDirect,OracleTargetTreated,1768734202,200,200,5000,10,,0.17564008619536628,-0.04518811035650189,0.02181188964349809,0.02181188964349809,,,0.0,,,,-0.06699999999999999,-0.06699999999999999,1.4531814692553035e-17,-0.06700000000000021,1.0,0.13630752703195445,0.3480547257682087,-0.043190343200539924,0.02532600000000001,-0.03126434320053992,1.3877787807814457e-17,0.0,0.0,,,10.424428701400757
l1tcl_gold_dim_sweep,c2ae4b8f8080,3,ProposedB_LinearStepB,OracleTargetTreated,1768734202,200,200,5000,10,,0.16543575775501604,-0.08021187221818503,0.013211872218185053,-0.013211872218185053,,,0.0,,,,-0.06699999999999999,-0.06699999999999999,-4.470503835448252e-17,-0.06700000000000025,1.0,0.12882535583904842,0.2957452153601477,-0.037160343200539916,0.019296000000000004,-0.03126434320053991,6.938893903907228e-18,0.023857825628624332,43.0,1.3225866950794023,10.0,75.05834221839905
l1tcl_gold_dim_sweep,c2ae4b8f8080,3,ProposedB_SourceDR,FeasibleRestricted,1768734202,200,200,5000,10,,0.04543504002963178,-0.08760501293739552,0.020605012937395542,-0.020605012937395542,,,0.0,,,,-0.06699999999999999,-0.06699999999999999,2.713096200495338e-16,-0.0670000000000002,1.0,0.03664778585594178,0.0863979025998322,-0.01987434320053991,0.002009999999999998,-0.03126434320053992,1.3877787807814457e-17,0.020554455577856404,36.0,1.3225866950794019,10.0,74.77839207649231
l1tcl_gold_dim_sweep,c2ae4b8f8080,3,IPWTransport,FeasibleRestricted,1768734202,200,200,5000,10,,0.15647817310119314,0.03669934811894983,0.1036993481189498,0.1036993481189498,,,0.0,,,,-0.06699999999999999,-0.06699999999999999,4.906612714596896e-17,-0.06700000000000024,1.0,0.12904821270315997,0.29977102277139345,-0.05920334320053992,0.041339,-0.03126434320053992,1.3877787807814457e-17,,,,,2.4034335613250732
l1tcl_gold_dim_sweep,c2ae4b8f8080,3,EntropyBalancing,FeasibleRestricted,1768734202,200,200,5000,10,,1.1477753703356723,-0.039561486323079126,0.02743851367692085,0.02743851367692085,,,0.0,,,,-0.06699999999999999,-0.06699999999999999,8.70987636723299e-18,-0.06700000000000023,1.0,0.8969929806467233,2.0882982005868347,-0.05002434320053991,0.032159999999999994,-0.03126434320053991,6.938893903907228e-18,,,,,3.80391526222229
l1tcl_gold_dim_sweep,c2ae4b8f8080,3,OutcomeModelTransport,FeasibleRestricted,1768734202,200,200,5000,10,,0.1584363720047392,-0.19334262844337508,0.1263426284433751,-0.1263426284433751,,,0.0,,,,-0.06699999999999999,-0.06699999999999999,7.183364737318235e-17,-0.06700000000000021,1.0,0.13520010169523863,0.29012561162456063,-0.01953934320053992,0.0016750000000000063,-0.03126434320053992,1.3877787807814457e-17,,,,,0.3138153553009033
l1tcl_gold_dim_sweep,c2ae4b8f8080,3,DRLearner_PooledWithSite,OracleTargetTreated,1768734202,200,200,5000,10,,0.09314264535567686,-0.10186032212090078,0.0348603221209008,-0.0348603221209008,,,0.0,,,,-0.06699999999999999,-0.06699999999999999,4.4998920637988084e-17,-0.06700000000000024,1.0,0.07514404745842508,0.1792423883074774,-0.026440343200539916,0.008576000000000004,-0.03126434320053992,1.3877787807814457e-17,,,,,1.9992084503173828
l1tcl_gold_dim_sweep,c2ae4b8f8080,3,DRLearner_PooledNoSite,OracleTargetTreated,1768734202,200,200,5000,10,,0.09317357887572843,-0.10173032928675255,0.03473032928675257,-0.03473032928675257,,,0.0,,,,-0.06699999999999999,-0.06699999999999999,4.7991284707107755e-17,-0.06700000000000024,1.0,0.07502417323468212,0.18000764165886862,-0.02617234320053992,0.008308000000000006,-0.03126434320053992,1.3877787807814457e-17,,,,,0.9629461765289307
l1tcl_gold_dim_sweep,9aafa3012367,1,TargetOnlyDR,OracleTargetTreated,382388647,500,500,5000,10,,0.14411862294388827,-0.08046796652627909,0.013467966526279115,-0.013467966526279115,,,0.0,,,,-0.06699999999999999,-0.06699999999999999,-2.760294763121437e-18,-0.06700000000000023,1.0,0.09778287539901404,0.27081469070110886,-0.04390796404223238,0.013466999999999993,-0.04384096404223238,6.938893903907228e-18,0.0,0.0,,,17.618653774261475
l1tcl_gold_dim_sweep,9aafa3012367,1,ProxyOnly,FeasibleRestricted,382388647,500,500,5000,10,,0.36577127518651475,0.16735336734108233,0.2343533673410823,0.2343533673410823,,,0.0,,,,-0.06699999999999999,-0.06699999999999999,-6.389019164611925e-18,-0.06700000000000023,1.0,0.29423791162243196,0.7487321783985,-0.07787696404223239,0.047436000000000006,-0.04384096404223239,1.3877787807814457e-17,0.0,0.0,,,7.243713140487671
l1tcl_gold_dim_sweep,9aafa3012367,1,AnchorOnly,OracleTargetTreated,382388647,500,500,5000,10,,0.14306662873756185,-0.0935982651790744,0.026598265179074418,-0.026598265179074418,,,0.0,,,,-0.06699999999999999,-0.06699999999999999,5.142929350866336e-17,-0.06700000000000023,1.0,0.10359771781851826,0.2609526789262485,-0.04303696404223238,0.012595999999999996,-0.04384096404223239,1.3877787807814457e-17,0.002164886124214512,7.0,,,12.877557754516602
l1tcl_gold_dim_sweep,9aafa3012367,1,AnchorPlugin,FeasibleRestricted,382388647,500,500,5000,10,,0.2946777745711152,0.04685119041084373,0.11385119041084371,0.11385119041084371,,,0.0,,,,-0.06699999999999999,-0.06699999999999999,-9.554401758544562e-18,-0.06700000000000025,1.0,0.23596050739016827,0.5934430945551967,-0.06903296404223237,0.03859199999999999,-0.04384096404223238,6.938893903907228e-18,0.008583393286975383,18.0,,,5.847179174423218
l1tcl_gold_dim_sweep,9aafa3012367,1,ProposedA_FullyDirect,OracleTargetTreated,382388647,500,500,5000,10,,0.13756694807274278,-0.10475053078723019,0.037750530787230216,-0.037750530787230216,,,0.0,,,,-0.06699999999999999,-0.06699999999999999,2.6396417897150657e-17,-0.06700000000000021,1.0,0.1017784089311246,0.23660802324193947,-0.04022296404223238,0.009781999999999992,-0.04384096404223239,1.3877787807814457e-17,0.0,0.0,,,9.376116514205933
l1tcl_gold_dim_sweep,9aafa3012367,1,ProposedB_LinearStepB,OracleTargetTreated,382388647,500,500,5000,10,,0.14224839286446161,-0.0985870343230543,0.03158703432305432,-0.03158703432305432,,,0.0,,,,-0.06699999999999999,-0.06699999999999999,6.557849870703818e-17,-0.06700000000000025,1.0,0.10295941371706231,0.25203722554429836,-0.04189796404223238,0.011456999999999995,-0.04384096404223239,1.3877787807814457e-17,0.008793277885733116,20.0,0.8518333290073595,9.0,28.013264179229736
l1tcl_gold_dim_sweep,9aafa3012367,1,ProposedB_SourceDR,FeasibleRestricted,382388647,500,500,5000,10,,0.06357670928939065,-0.038865767985474975,0.028134232014525,0.028134232014525,,,0.0,,,,-0.06699999999999999,-0.06699999999999999,-4.742661117977722e-17,-0.06700000000000024,1.0,0.05007575995222395,0.1267973237143159,-0.045582964042232374,0.015141999999999989,-0.04384096404223238,6.938893903907228e-18,0.007611828663914726,18.0,0.8518333290073596,9.0,29.28634262084961
l1tcl_gold_dim_sweep,9aafa3012367,1,IPWTransport,FeasibleRestricted,382388647,500,500,5000,10,,0.4292412426563402,0.0004704018524336355,0.06747040185243361,0.06747040185243361,,,0.0,,,,-0.06699999999999999,-0.06699999999999999,6.875514973370432e-18,-0.06700000000000025,1.0,0.34226621028653603,0.8074667132812577,-0.06554896404223239,0.035108,-0.04384096404223239,1.3877787807814457e-17,,,,,1.0048305988311768
l1tcl_gold_dim_sweep,9aafa3012367,1,EntropyBalancing,FeasibleRestricted,382388647,500,500,5000,10,,0.381247023374451,-0.010097593565243404,0.056902406434756574,0.056902406434756574,,,0.0,,,,-0.06699999999999999,-0.06699999999999999,5.596849160196095e-18,-0.06700000000000023,1.0,0.3042612068075485,0.7146730301772845,-0.06380696404223238,0.03336599999999999,-0.04384096404223239,1.3877787807814457e-17,,,,,4.093883037567139
l1tcl_gold_dim_sweep,9aafa3012367,1,OutcomeModelTransport,FeasibleRestricted,382388647,500,500,5000,10,,0.07383528226492665,-0.020060128196926694,0.04693987180307328,0.04693987180307328,,,0.0,,,,-0.06699999999999999,-0.06699999999999999,8.455272897974254e-17,-0.06700000000000023,1.0,0.059665320079022366,0.14606794443810373,-0.054493964042232376,0.02405299999999999,-0.04384096404223239,1.3877787807814457e-17,,,,,0.2390913963317871
l1tcl_gold_dim_sweep,9aafa3012367,1,DRLearner_PooledWithSite,OracleTargetTreated,382388647,500,500,5000,10,,0.05041106624059804,-0.05950030065085761,0.007499699349142366,0.007499699349142366,,,0.0,,,,-0.06699999999999999,-0.06699999999999999,1.6503768116418509e-16,-0.06700000000000024,1.0,0.04020770049875543,0.09376681406685322,-0.03848096404223238,0.008039999999999992,-0.04384096404223239,1.3877787807814457e-17,,,,,1.344994306564331
l1tcl_gold_dim_sweep,9aafa3012367,1,DRLearner_PooledNoSite,OracleTargetTreated,382388647,500,500,5000,10,,0.050773467004611945,-0.060921545581071726,0.00607845441892825,0.00607845441892825,,,0.0,,,,-0.06699999999999999,-0.06699999999999999,1.6804882366657673e-16,-0.06700000000000027,1.0,0.040594123672074114,0.09367259029386829,-0.038011964042232387,0.007571000000000001,-0.04384096404223239,1.3877787807814457e-17,,,,,0.6347153186798096
l1tcl_gold_dim_sweep,5e1199ef1252,3,TargetOnlyDR,OracleTargetTreated,216435080,50,50,5000,10,,0.5375093347947286,-0.3924395663190263,0.3254395663190264,-0.3254395663190264,,,0.0,,,,-0.06699999999999999,-0.06699999999999999,2.7496683488895905e-17,-0.06700000000000021,1.0,0.44559365160123654,1.0419000476819578,0.006413845421742248,0.011591000000000006,0.004604845421742251,1.734723475976807e-17,0.0,0.0,,,5.655027151107788
l1tcl_gold_dim_sweep,5e1199ef1252,3,ProxyOnly,FeasibleRestricted,216435080,50,50,5000,10,,0.9283996617863756,-0.7106359382205446,0.6436359382205447,-0.6436359382205447,,,0.0,,,,-0.06699999999999999,-0.06699999999999999,1.932128339409191e-17,-0.06700000000000023,1.0,0.7572964542052519,1.7810029275464392,0.00688284542174225,0.011122000000000003,0.004604845421742251,1.734723475976807e-17,0.0,0.0,,,7.205272197723389
l1tcl_gold_dim_sweep,5e1199ef1252,3,AnchorOnly,OracleTargetTreated,216435080,50,50,5000,10,,0.5055792713008948,-0.3057218035041194,0.23872180350411945,-0.23872180350411945,,,0.0,,,,-0.06699999999999999,-0.06699999999999999,2.746098333906173e-17,-0.06700000000000024,1.0,0.4117760333724412,0.9977063726350568,0.0013888454217422463,0.01661600000000001,0.004604845421742255,1.3877787807814457e-17,0.00023256278041550364,0.0,,,9.856949090957642
l1tcl_gold_dim_sweep,5e1199ef1252,3,AnchorPlugin,FeasibleRestricted,216435080,50,50,5000,10,,0.5255279930082974,-0.47212411087303563,0.4051241108730357,-0.4051241108730357,,,0.0,,,,-0.06699999999999999,-0.06699999999999999,-7.360306391499942e-18,-0.06700000000000025,1.0,0.4410402874269457,1.0009250828545444,0.013046845421742252,0.004958000000000002,0.00460484542174226,8.673617379884035e-18,0.2889779154864859,4.0,,,7.173614978790283
l1tcl_gold_dim_sweep,5e1199ef1252,3,ProposedA_FullyDirect,OracleTargetTreated,216435080,50,50,5000,10,,0.5809564104190666,-0.49356669845711987,0.4265666984571199,-0.4265666984571199,,,0.0,,,,-0.06699999999999999,-0.06699999999999999,-2.517596513103501e-18,-0.06700000000000021,1.0,0.47422122593895366,1.1330762975688409,0.011237845421742254,0.0067670000000000004,0.004604845421742251,1.734723475976807e-17,0.0,0.0,,,7.76147198677063
l1tcl_gold_dim_sweep,5e1199ef1252,3,ProposedB_LinearStepB,OracleTargetTreated,216435080,50,50,5000,10,,0.48770621402183695,-0.2852096988294527,0.2182096988294527,-0.2182096988294527,,,0.0,,,,-0.06699999999999999,-0.06699999999999999,1.3473037092799934e-17,-0.06700000000000021,1.0,0.39998663263311873,0.927651958932394,0.0011878454217422423,0.016817000000000012,0.004604845421742248,2.0816681711721685e-17,0.039656195903463295,35.0,1.9767476063042437,10.0,139.94278144836426
l1tcl_gold_dim_sweep,5e1199ef1252,3,ProposedB_SourceDR,FeasibleRestricted,216435080,50,50,5000,10,,0.14961114304856307,-0.17267352598117544,0.10567352598117546,-0.10567352598117546,,,0.0,,,,-0.06699999999999999,-0.06699999999999999,1.2271526923127343e-16,-0.0670000000000002,1.0,0.11305570877598813,0.3273481285226013,0.016999845421742252,0.0010050000000000024,0.004604845421742246,2.2551405187698492e-17,0.023020660662928075,38.0,1.9767476063042437,10.0,202.47777104377747
l1tcl_gold_dim_sweep,5e1199ef1252,3,IPWTransport,FeasibleRestricted,216435080,50,50,5000,10,,0.16295210837899,-0.01682911086209489,0.050170889137905086,0.050170889137905086,,,0.0,,,,-0.06699999999999999,-0.06699999999999999,-2.586403846372243e-17,-0.06700000000000023,1.0,0.12955822167117237,0.3304486667580466,-0.012212154578257754,0.030217000000000008,0.004604845421742251,1.734723475976807e-17,,,,,2.615478515625
l1tcl_gold_dim_sweep,5e1199ef1252,3,EntropyBalancing,FeasibleRestricted,216435080,50,50,5000,10,,0.9522014156012362,0.023087716645717137,0.09008771664571712,0.09008771664571712,,,0.0,,,,-0.06699999999999999,-0.06699999999999999,1.968319538959293e-17,-0.06700000000000027,1.0,0.7559295267863184,1.7535786554251516,-0.01690215457825775,0.03490700000000001,0.004604845421742251,1.734723475976807e-17,,,,,5.987534523010254
l1tcl_gold_dim_sweep,5e1199ef1252,3,OutcomeModelTransport,FeasibleRestricted,216435080,50,50,5000,10,,0.15970834843885365,-0.028639257594380574,0.0383607424056194,0.0383607424056194,,,0.0,,,,-0.06699999999999999,-0.06699999999999999,-2.494115586282834e-17,-0.06700000000000023,1.0,0.12720121476649637,0.3184534300585732,-0.010604154578257755,0.02860900000000001,0.004604845421742251,1.734723475976807e-17,,,,,0.5111324787139893
l1tcl_gold_dim_sweep,5e1199ef1252,3,DRLearner_PooledWithSite,OracleTargetTreated,216435080,50,50,5000,10,,0.15506729966902932,-0.04514584469023598,0.021854155309764,0.021854155309764,,,0.0,,,,-0.06699999999999999,-0.06699999999999999,-1.9881530193965857e-17,-0.06700000000000025,1.0,0.12244299675838669,0.30057005954751503,-0.007254154578257755,0.02525900000000001,0.004604845421742258,1.0408340855860843e-17,,,,,3.077571392059326
l1tcl_gold_dim_sweep,5e1199ef1252,3,DRLearner_PooledNoSite,OracleTargetTreated,216435080,50,50,5000,10,,0.1547974945467932,-0.043777577220047006,0.02322242277995297,0.02322242277995297,,,0.0,,,,-0.06699999999999999,-0.06699999999999999,-2.2622495464788493e-17,-0.06700000000000024,1.0,0.12212734309742482,0.3010304318018463,-0.007388154578257751,0.025393000000000006,0.004604845421742255,1.3877787807814457e-17,,,,,1.6725337505340576
l1tcl_gold_dim_sweep,9aafa3012367,2,TargetOnlyDR,OracleTargetTreated,1384131695,500,500,5000,10,,0.17076651651207958,-0.18421597070568851,0.11721597070568854,-0.11721597070568854,,,0.0,,,,-0.06699999999999999,-0.06699999999999999,-3.695473152317398e-19,-0.06700000000000025,1.0,0.14545235950238017,0.3142986484811993,-0.07245077377742558,0.005092000000000013,-0.08075877377742559,1.3877787807814457e-17,0.0,0.0,,,18.554096221923828
l1tcl_gold_dim_sweep,9aafa3012367,2,ProxyOnly,FeasibleRestricted,1384131695,500,500,5000,10,,0.3698338235201483,-0.11985825559574002,0.05285825559574005,-0.05285825559574005,,,0.0,,,,-0.06699999999999999,-0.06699999999999999,4.698565499198927e-17,-0.06700000000000024,1.0,0.29870206652391795,0.6695184455415395,-0.08906677377742558,0.02170800000000002,-0.08075877377742557,0.0,0.0,0.0,,,8.616055250167847
l1tcl_gold_dim_sweep,9aafa3012367,2,AnchorOnly,OracleTargetTreated,1384131695,500,500,5000,10,,0.14530427916289926,-0.1703749846413743,0.10337498464137432,-0.10337498464137432,,,0.0,,,,-0.06699999999999999,-0.06699999999999999,1.5060192623282058e-16,-0.06700000000000023,1.0,0.12290423374895292,0.26917860076425926,-0.07044077377742558,0.0030820000000000153,-0.08075877377742557,0.0,0.0007114529579349652,9.0,,,15.859408617019653
l1tcl_gold_dim_sweep,9aafa3012367,2,AnchorPlugin,FeasibleRestricted,1384131695,500,500,5000,10,,0.3819723339938797,-0.06998644758261335,0.0029864475826133774,-0.0029864475826133774,,,0.0,,,,-0.06699999999999999,-0.06699999999999999,4.794057248020241e-17,-0.06700000000000025,1.0,0.30421602024342453,0.6843868489257499,-0.09576677377742558,0.028408000000000017,-0.08075877377742557,0.0,0.0031495535689549424,20.0,,,6.655014991760254
l1tcl_gold_dim_sweep,9aafa3012367,2,ProposedA_FullyDirect,OracleTargetTreated,1384131695,500,500,5000,10,,0.12260235098896297,-0.14213824778192957,0.0751382477819296,-0.0751382477819296,,,0.0,,,,-0.06699999999999999,-0.06699999999999999,1.0353714558766086e-16,-0.06700000000000024,1.0,0.09780865952123463,0.24744482070461782,-0.07077577377742557,0.0034170000000000034,-0.08075877377742557,0.0,0.0,0.0,,,9.857715129852295
l1tcl_gold_dim_sweep,9aafa3012367,2,ProposedB_LinearStepB,OracleTargetTreated,1384131695,500,500,5000,10,,0.12747569999410494,-0.15125705956834073,0.08425705956834076,-0.08425705956834076,,,0.0,,,,-0.06699999999999999,-0.06699999999999999,1.2161359497808693e-16,-0.06700000000000023,1.0,0.10365840665268343,0.24669143895261747,-0.07070877377742556,0.003349999999999992,-0.08075877377742557,0.0,0.003702431426017915,20.0,0.9643175120041609,10.0,25.736083507537842
l1tcl_gold_dim_sweep,9aafa3012367,2,ProposedB_SourceDR,FeasibleRestricted,1384131695,500,500,5000,10,,0.07653517535061545,-0.11072644314563751,0.043726443145637534,-0.043726443145637534,,,0.0,,,,-0.06699999999999999,-0.06699999999999999,1.3932929124334965e-16,-0.06700000000000021,1.0,0.060450367335322636,0.15716189132286912,-0.06970377377742558,0.0023450000000000137,-0.08075877377742557,0.0,0.003110629206987181,20.0,0.9643175120041608,10.0,35.072649002075195
l1tcl_gold_dim_sweep,9aafa3012367,2,IPWTransport,FeasibleRestricted,1384131695,500,500,5000,10,,0.42991884721594187,-0.35541260573122985,0.28841260573122984,-0.28841260573122984,,,0.0,,,,-0.06699999999999999,-0.06699999999999999,-9.473855194952108e-18,-0.06700000000000027,1.0,0.35128770405718646,0.8483411510929695,-0.07606877377742557,0.00871000000000001,-0.08075877377742557,0.0,,,,,2.789379119873047
l1tcl_gold_dim_sweep,9aafa3012367,2,EntropyBalancing,FeasibleRestricted,1384131695,500,500,5000,10,,0.5131711210218589,-0.3772534325974336,0.31025343259743365,-0.31025343259743365,,,0.0,,,,-0.06699999999999999,-0.06699999999999999,1.1260484212540388e-17,-0.06700000000000023,1.0,0.41685543669108577,1.0230969910959677,-0.07961977377742557,0.012261000000000008,-0.08075877377742557,0.0,,,,,5.500625133514404
l1tcl_gold_dim_sweep,9aafa3012367,2,OutcomeModelTransport,FeasibleRestricted,1384131695,500,500,5000,10,,0.08910521934855138,-0.12966763291452504,0.06266763291452507,-0.06266763291452507,,,0.0,,,,-0.06699999999999999,-0.06699999999999999,9.04246536782045e-17,-0.06700000000000023,1.0,0.07362759679071375,0.16949653650683394,-0.06876577377742558,0.0014070000000000193,-0.08075877377742557,0.0,,,,,0.4474196434020996
l1tcl_gold_dim_sweep,9aafa3012367,2,DRLearner_PooledWithSite,OracleTargetTreated,1384131695,500,500,5000,10,,0.09366101799852597,-0.13702192988867717,0.0700219298886772,-0.0700219298886772,,,0.0,,,,-0.06699999999999999,-0.06699999999999999,9.125916641200413e-17,-0.06700000000000023,1.0,0.078002548305407,0.17450254884373334,-0.06829677377742557,0.0009380000000000083,-0.08075877377742557,0.0,,,,,2.8856687545776367
l1tcl_gold_dim_sweep,9aafa3012367,2,DRLearner_PooledNoSite,OracleTargetTreated,1384131695,500,500,5000,10,,0.09396297204741559,-0.13837326126690255,0.07137326126690258,-0.07137326126690258,,,0.0,,,,-0.06699999999999999,-0.06699999999999999,9.853311020620681e-17,-0.06700000000000021,1.0,0.07871451475580486,0.17395571576191193,-0.06816277377742556,0.0008039999999999992,-0.08075877377742557,0.0,,,,,1.1299834251403809
l1tcl_gold_dim_sweep,5e1199ef1252,4,TargetOnlyDR,OracleTargetTreated,1056928834,50,50,5000,10,,0.9063646390046661,0.13571476358223683,0.2027147635822368,0.2027147635822368,,,0.0,,,,-0.06699999999999999,-0.06699999999999999,-8.689155162014826e-18,-0.06700000000000024,1.0,0.7317659988203505,1.78149906400993,0.28906962870441155,0.02874300000000002,0.30441262870441155,5.551115123125783e-17,0.0,0.0,,,5.8273115158081055
l1tcl_gold_dim_sweep,5e1199ef1252,4,ProxyOnly,FeasibleRestricted,1056928834,50,50,5000,10,,0.5210830203450433,0.10630706019869132,0.1733070601986913,0.1733070601986913,,,0.0,,,,-0.06699999999999999,-0.06699999999999999,9.813023631975396e-18,-0.06700000000000024,1.0,0.4106519433443126,1.0910785375471015,0.2806946287044116,0.037117999999999984,0.30441262870441155,5.551115123125783e-17,0.0,0.0,,,8.665415525436401
l1tcl_gold_dim_sweep,5e1199ef1252,4,AnchorOnly,OracleTargetTreated,1056928834,50,50,5000,10,,0.8028943768745751,0.023568173761173032,0.09056817376117302,0.09056817376117302,,,0.0,,,,-0.06699999999999999,-0.06699999999999999,-1.4464045175670305e-17,-0.06700000000000024,1.0,0.6712311405346978,1.571743412102143,0.29114662870441155,0.026666000000000023,0.30441262870441155,5.551115123125783e-17,0.06832309847392586,0.0,,,9.323640823364258
l1tcl_gold_dim_sweep,5e1199ef1252,4,AnchorPlugin,FeasibleRestricted,1056928834,50,50,5000,10,,0.24194973343305182,0.04838265382223612,0.11538265382223609,0.11538265382223609,,,0.0,,,,-0.06699999999999999,-0.06699999999999999,4.678378555356387e-17,-0.06700000000000025,1.0,0.194935451593684,0.4845232960033115,0.2774786287044116,0.04033399999999998,0.3044126287044116,0.0,0.4498580360151992,0.0,,,8.150064468383789
l1tcl_gold_dim_sweep,5e1199ef1252,4,ProposedA_FullyDirect,OracleTargetTreated,1056928834,50,50,5000,10,,0.4281885426599298,0.075229524488935,0.14222952448893497,0.14222952448893497,,,0.0,,,,-0.06699999999999999,-0.06699999999999999,1.5768662020178567e-17,-0.06700000000000024,1.0,0.3406759105038936,0.8742082624216805,0.2801586287044115,0.037654000000000076,0.3044126287044116,0.0,0.0,0.0,,,7.660214900970459
l1tcl_gold_dim_sweep,5e1199ef1252,4,ProposedB_LinearStepB,OracleTargetTreated,1056928834,50,50,5000,10,,0.7556710854975324,0.027385875577461576,0.09438587557746156,0.09438587557746156,,,0.0,,,,-0.06699999999999999,-0.06699999999999999,-1.504340255007605e-17,-0.06700000000000024,1.0,0.6199995536059272,1.5026937345266302,0.29020862870441155,0.027604000000000017,0.3044126287044116,0.0,0.39304686305001607,1.0,1.931168419396982,10.0,149.30810856819153
l1tcl_gold_dim_sweep,5e1199ef1252,4,ProposedB_SourceDR,FeasibleRestricted,1056928834,50,50,5000,10,,0.08720285294675205,-0.02730387842002397,0.039696121579976006,0.039696121579976006,,,0.0,,,,-0.06699999999999999,-0.06699999999999999,4.7888541187765615e-17,-0.06700000000000025,1.0,0.059900312053351765,0.1775687941957501,0.2981146287044115,0.01969800000000005,0.30441262870441166,-5.551115123125783e-17,0.3521753976823131,1.0,1.9311684193969827,10.0,208.66788864135742
l1tcl_gold_dim_sweep,5e1199ef1252,4,IPWTransport,FeasibleRestricted,1056928834,50,50,5000,10,,0.12634900371652288,-0.07406588773813465,0.007065887738134671,-0.007065887738134671,,,0.0,,,,-0.06699999999999999,-0.06699999999999999,2.5162753898917987e-17,-0.06700000000000025,1.0,0.10064160092177506,0.22941609285896541,0.2996556287044116,0.01815699999999998,0.30441262870441155,5.551115123125783e-17,,,,,3.3934004306793213
l1tcl_gold_dim_sweep,5e1199ef1252,4,EntropyBalancing,FeasibleRestricted,1056928834,50,50,5000,10,,0.8596948794909137,-0.2267519838276395,0.15975198382763953,-0.15975198382763953,,,0.0,,,,-0.06699999999999999,-0.06699999999999999,-2.002693491645658e-18,-0.06700000000000023,1.0,0.6967110726759149,1.6143728355840261,0.2908116287044115,0.027001000000000053,0.3044126287044116,0.0,,,,,6.063398122787476
l1tcl_gold_dim_sweep,5e1199ef1252,4,OutcomeModelTransport,FeasibleRestricted,1056928834,50,50,5000,10,,0.12703359669667175,-0.08246619222124764,0.015466192221247663,-0.015466192221247663,,,0.0,,,,-0.06699999999999999,-0.06699999999999999,2.3402988803247183e-17,-0.06700000000000025,1.0,0.10062148450098297,0.23789369559742435,0.30052662870441155,0.017286000000000024,0.3044126287044116,0.0,,,,,0.43372511863708496
l1tcl_gold_dim_sweep,5e1199ef1252,4,DRLearner_PooledWithSite,OracleTargetTreated,1056928834,50,50,5000,10,,0.13296055658364467,-0.02685191300138859,0.04014808699861139,0.04014808699861139,,,0.0,,,,-0.06699999999999999,-0.06699999999999999,2.4088197343124284e-17,-0.06700000000000023,1.0,0.10641029175636234,0.26157573237553344,0.29014162870441157,0.027671,0.3044126287044116,0.0,,,,,4.3947718143463135
l1tcl_gold_dim_sweep,5e1199ef1252,4,DRLearner_PooledNoSite,OracleTargetTreated,1056928834,50,50,5000,10,,0.13246823601293264,-0.026959701414014048,0.04004029858598593,0.04004029858598593,,,0.0,,,,-0.06699999999999999,-0.06699999999999999,2.910193504896055e-17,-0.06700000000000023,1.0,0.10595326696567921,0.26086513808469564,0.29020862870441155,0.027604000000000017,0.3044126287044116,0.0,,,,,1.6795933246612549
l1tcl_gold_dim_sweep,9aafa3012367,3,TargetOnlyDR,OracleTargetTreated,1563736207,500,500,5000,10,,0.15637242745151772,-0.07370928600347647,0.006709286003476492,-0.006709286003476492,,,0.0,,,,-0.06699999999999999,-0.06699999999999999,1.7952672737347564e-17,-0.06700000000000023,1.0,0.10116898826638537,0.3189496090426439,0.545295190672575,0.018559000000000103,0.5504541906725752,-1.1102230246251565e-16,0.0,0.0,,,18.889660835266113
l1tcl_gold_dim_sweep,9aafa3012367,3,ProxyOnly,FeasibleRestricted,1563736207,500,500,5000,10,,0.6211180082445257,-0.6044987134061474,0.5374987134061474,-0.5374987134061474,,,0.0,,,,-0.06699999999999999,-0.06699999999999999,1.2193127756655515e-17,-0.06700000000000025,1.0,0.5537521043377821,1.049637622467853,0.561174190672575,0.0026800000000001267,0.5504541906725751,0.0,0.0,0.0,,,8.295788288116455
l1tcl_gold_dim_sweep,9aafa3012367,3,AnchorOnly,OracleTargetTreated,1563736207,500,500,5000,10,,0.15478773583172653,-0.044905881379575956,0.02209411862042402,0.02209411862042402,,,0.0,,,,-0.06699999999999999,-0.06699999999999999,-8.035368685499839e-19,-0.06700000000000025,1.0,0.10564544254664153,0.27767419003106947,0.5404041906725751,0.023450000000000082,0.5504541906725751,0.0,0.0027533799693998337,6.0,,,11.011834383010864
l1tcl_gold_dim_sweep,9aafa3012367,3,AnchorPlugin,FeasibleRestricted,1563736207,500,500,5000,10,,0.39784730496214543,-0.3216540640081177,0.25465406400811774,-0.25465406400811774,,,0.0,,,,-0.06699999999999999,-0.06699999999999999,5.864776989163941e-18,-0.06700000000000021,1.0,0.32445215848812103,0.7833235045400639,0.5540721906725751,0.009782000000000068,0.5504541906725751,0.0,0.006881930391132442,17.0,,,5.748387098312378
l1tcl_gold_dim_sweep,9aafa3012367,3,ProposedA_FullyDirect,OracleTargetTreated,1563736207,500,500,5000,10,,0.16694982877333686,-0.060786854267763486,0.00621314573223649,0.00621314573223649,,,0.0,,,,-0.06699999999999999,-0.06699999999999999,1.1556676225392727e-17,-0.06700000000000025,1.0,0.10870201570679347,0.35143419885415333,0.539131190672575,0.02472300000000016,0.5504541906725752,-1.1102230246251565e-16,0.0,0.0,,,8.143712997436523
l1tcl_gold_dim_sweep,9aafa3012367,3,ProposedB_LinearStepB,OracleTargetTreated,1563736207,500,500,5000,10,,0.16536180421730343,-0.04708827637897588,0.0199117236210241,0.0199117236210241,,,0.0,,,,-0.06699999999999999,-0.06699999999999999,6.4452758562982834e-18,-0.06700000000000024,1.0,0.11131368561298118,0.3221448931407842,0.5386621906725749,0.025192000000000214,0.5504541906725751,0.0,0.008104983090964217,19.0,0.9358987515740146,10.0,29.13397526741028
l1tcl_gold_dim_sweep,9aafa3012367,3,ProposedB_SourceDR,FeasibleRestricted,1563736207,500,500,5000,10,,0.05588446764429233,-0.05831063001346024,0.008689369986539734,0.008689369986539734,,,0.0,,,,-0.06699999999999999,-0.06699999999999999,1.248659700162016e-16,-0.06700000000000021,1.0,0.04172791288962232,0.11814950358615584,0.554474190672575,0.009380000000000166,0.5504541906725751,0.0,0.006399280147218805,17.0,0.9358987515740146,10.0,37.02870750427246
l1tcl_gold_dim_sweep,9aafa3012367,3,IPWTransport,FeasibleRestricted,1563736207,500,500,5000,10,,0.41351989801503714,-0.18436521544625226,0.11736521544625228,-0.11736521544625228,,,0.0,,,,-0.06699999999999999,-0.06699999999999999,1.5581805836566887e-17,-0.06700000000000021,1.0,0.33132651794552537,0.7912186455609147,0.543017190672575,0.020837000000000105,0.5504541906725751,0.0,,,,,1.4183776378631592
l1tcl_gold_dim_sweep,9aafa3012367,3,EntropyBalancing,FeasibleRestricted,1563736207,500,500,5000,10,,0.5121806564478069,-0.284549086194467,0.21754908619446703,-0.21754908619446703,,,0.0,,,,-0.06699999999999999,-0.06699999999999999,1.6339011915887055e-17,-0.06700000000000024,1.0,0.41278786079535107,1.0193676260580784,0.546300190672575,0.01755400000000018,0.5504541906725751,0.0,,,,,3.6838347911834717
l1tcl_gold_dim_sweep,9aafa3012367,3,OutcomeModelTransport,FeasibleRestricted,1563736207,500,500,5000,10,,0.07387197368181286,-0.06015525141044356,0.006844748589556415,0.006844748589556415,,,0.0,,,,-0.06699999999999999,-0.06699999999999999,1.6149673656900596e-16,-0.06700000000000021,1.0,0.05889589717888265,0.13519434348913084,0.549918190672575,0.01393600000000017,0.5504541906725751,0.0,,,,,0.22264313697814941
l1tcl_gold_dim_sweep,9aafa3012367,3,DRLearner_PooledWithSite,OracleTargetTreated,1563736207,500,500,5000,10,,0.06168233499673028,-0.060017517667811306,0.006982482332188671,0.006982482332188671,,,0.0,,,,-0.06699999999999999,-0.06699999999999999,2.4017692451204994e-16,-0.06700000000000023,1.0,0.04902848118759401,0.11396903925272446,0.552866190672575,0.010988000000000109,0.5504541906725752,-1.1102230246251565e-16,,,,,1.7542378902435303
l1tcl_gold_dim_sweep,9aafa3012367,3,DRLearner_PooledNoSite,OracleTargetTreated,1563736207,500,500,5000,10,,0.06295250813803195,-0.05942842476522423,0.0075715752347757445,0.0075715752347757445,,,0.0,,,,-0.06699999999999999,-0.06699999999999999,2.3799060250939655e-16,-0.06700000000000023,1.0,0.049988026955325685,0.11656033920881975,0.552263190672575,0.011591000000000129,0.5504541906725751,0.0,,,,,0.8077390193939209
l1tcl_gold_dim_sweep,9aafa3012367,0,TargetOnlyDR,OracleTargetTreated,1647302970,500,500,5000,10,,0.1385837465284919,-0.03561268221652702,0.03138731778347296,0.03138731778347296,,,0.0,,,,-0.06699999999999999,-0.06699999999999999,2.189222235644509e-17,-0.06700000000000023,1.0,0.10355776395885297,0.26895569914070167,-0.14396927370845464,0.024991000000000013,-0.13237827370845462,2.7755575615628914e-17,0.0,0.0,,,21.46175479888916
l1tcl_gold_dim_sweep,9aafa3012367,0,ProxyOnly,FeasibleRestricted,1647302970,500,500,5000,10,,0.5842883526366129,0.4187760774049203,0.48577607740492024,0.48577607740492024,,,0.0,,,,-0.06699999999999999,-0.06699999999999999,3.1693542273483466e-17,-0.06700000000000027,1.0,0.4969851838109403,1.0767296842344976,-0.1796802737084546,0.06070199999999998,-0.13237827370845462,2.7755575615628914e-17,0.0,0.0,,,7.477663278579712
l1tcl_gold_dim_sweep,9aafa3012367,0,AnchorOnly,OracleTargetTreated,1647302970,500,500,5000,10,,0.13115326933691457,-0.04093952806593599,0.026060471934063988,0.026060471934063988,,,0.0,,,,-0.06699999999999999,-0.06699999999999999,1.9160110497745814e-18,-0.06700000000000024,1.0,0.10067938868029461,0.2654537567810225,-0.14269627370845464,0.023718000000000017,-0.13237827370845462,2.7755575615628914e-17,0.004577335799257057,4.0,,,18.010754346847534
l1tcl_gold_dim_sweep,9aafa3012367,0,AnchorPlugin,FeasibleRestricted,1647302970,500,500,5000,10,,0.3744515623771024,0.17786543861160317,0.24486543861160315,0.24486543861160315,,,0.0,,,,-0.06699999999999999,-0.06699999999999999,5.012780741813216e-18,-0.06700000000000023,1.0,0.3050434676831318,0.7454074404039667,-0.16755327370845463,0.04857500000000001,-0.13237827370845462,2.7755575615628914e-17,0.006733140921364903,20.0,,,7.732122898101807
l1tcl_gold_dim_sweep,9aafa3012367,0,ProposedA_FullyDirect,OracleTargetTreated,1647302970,500,500,5000,10,,0.1275462056396378,-0.0524066993153491,0.014593300684650874,0.014593300684650874,,,0.0,,,,-0.06699999999999999,-0.06699999999999999,3.3728729553463333e-17,-0.06700000000000025,1.0,0.09900577268669264,0.24799861062738288,-0.14061927370845462,0.021640999999999994,-0.13237827370845462,2.7755575615628914e-17,0.0,0.0,,,11.578920602798462
l1tcl_gold_dim_sweep,9aafa3012367,0,ProposedB_LinearStepB,OracleTargetTreated,1647302970,500,500,5000,10,,0.13021001853923442,-0.041395623168791765,0.02560437683120821,0.02560437683120821,,,0.0,,,,-0.06699999999999999,-0.06699999999999999,3.284063608984112e-17,-0.06700000000000025,1.0,0.09793309520458053,0.2622908560068433,-0.1420262737084546,0.023047999999999985,-0.13237827370845462,2.7755575615628914e-17,0.011592926399593795,19.0,1.0377291506181225,9.0,39.192330837249756
l1tcl_gold_dim_sweep,9aafa3012367,0,ProposedB_SourceDR,FeasibleRestricted,1647302970,500,500,5000,10,,0.07355088402314745,-0.07438442848505586,0.007384428485055883,-0.007384428485055883,,,0.0,,,,-0.06699999999999999,-0.06699999999999999,-1.2185579086169691e-17,-0.06700000000000027,1.0,0.054340658293773436,0.1461609585835627,-0.12755427370845462,0.008576,-0.13237827370845462,2.7755575615628914e-17,0.005960151199993964,20.0,1.0377291506181223,9.0,35.92736744880676
l1tcl_gold_dim_sweep,9aafa3012367,0,IPWTransport,FeasibleRestricted,1647302970,500,500,5000,10,,0.2669220569296294,-0.13859364398790472,0.07159364398790474,-0.07159364398790474,,,0.0,,,,-0.06699999999999999,-0.06699999999999999,-1.5349659345458243e-17,-0.06700000000000025,1.0,0.21205595759170318,0.5173200204365814,-0.13867627370845462,0.019697999999999993,-0.13237827370845462,2.7755575615628914e-17,,,,,2.329227924346924
l1tcl_gold_dim_sweep,9aafa3012367,0,EntropyBalancing,FeasibleRestricted,1647302970,500,500,5000,10,,0.6189492756642615,-0.34303660813644604,0.27603660813644604,-0.27603660813644604,,,0.0,,,,-0.06699999999999999,-0.06699999999999999,-1.8827719418005042e-17,-0.06700000000000021,1.0,0.4978797251205955,1.2305209768862067,-0.13673327370845462,0.017754999999999993,-0.13237827370845462,2.7755575615628914e-17,,,,,5.824910879135132
l1tcl_gold_dim_sweep,9aafa3012367,0,OutcomeModelTransport,FeasibleRestricted,1647302970,500,500,5000,10,,0.09994001524018009,-0.14852065730547753,0.08152065730547756,-0.08152065730547756,,,0.0,,,,-0.06699999999999999,-0.06699999999999999,1.09751372270289e-16,-0.06700000000000021,1.0,0.08562954629499411,0.18383481607767138,-0.11917927370845462,0.00020099999999999285,-0.13237827370845462,2.7755575615628914e-17,,,,,0.388228178024292
l1tcl_gold_dim_sweep,9aafa3012367,0,DRLearner_PooledWithSite,OracleTargetTreated,1647302970,500,500,5000,10,,0.04713919117246904,-0.07862730549965437,0.011627305499654392,-0.011627305499654392,,,0.0,,,,-0.06699999999999999,-0.06699999999999999,1.659723647364835e-16,-0.06700000000000021,1.0,0.03742227205792423,0.09305717279955274,-0.12192627370845463,0.002948000000000006,-0.13237827370845462,2.7755575615628914e-17,,,,,2.493168354034424
l1tcl_gold_dim_sweep,9aafa3012367,0,DRLearner_PooledNoSite,OracleTargetTreated,1647302970,500,500,5000,10,,0.04803374253906775,-0.07943116974927807,0.01243116974927809,-0.01243116974927809,,,0.0,,,,-0.06699999999999999,-0.06699999999999999,1.7103068660743587e-16,-0.06700000000000023,1.0,0.03817512791142972,0.09502890618501451,-0.12206027370845461,0.0030819999999999875,-0.13237827370845462,2.7755575615628914e-17,,,,,0.9737727642059326
l1tcl_gold_dim_sweep,9aafa3012367,4,TargetOnlyDR,OracleTargetTreated,369148730,500,500,5000,10,,0.13053940946805076,-0.06509657290757473,0.0019034270924252472,0.0019034270924252472,,,0.0,,,,-0.06699999999999999,-0.06699999999999999,3.780658898813476e-17,-0.06700000000000024,1.0,0.10473080178320508,0.2441715397961422,0.43911193066125076,0.023650999999999978,0.44936293066125077,0.0,0.0,0.0,,,17.363650798797607
l1tcl_gold_dim_sweep,9aafa3012367,4,ProxyOnly,FeasibleRestricted,369148730,500,500,5000,10,,0.39543516586659483,-0.36933594073681913,0.30233594073681913,-0.30233594073681913,,,0.0,,,,-0.06699999999999999,-0.06699999999999999,3.1598081451646787e-17,-0.06700000000000023,1.0,0.33251293114270347,0.7497695130750858,0.4584079306612507,0.004355000000000053,0.44936293066125077,0.0,0.0,0.0,,,6.583515882492065
l1tcl_gold_dim_sweep,9aafa3012367,4,AnchorOnly,OracleTargetTreated,369148730,500,500,5000,10,,0.11926453846870563,-0.06936394977173452,0.0023639497717345415,-0.0023639497717345415,,,0.0,,,,-0.06699999999999999,-0.06699999999999999,1.782701289958419e-17,-0.06700000000000023,1.0,0.09077925186635358,0.24721258757416115,0.4433329306612508,0.019429999999999947,0.44936293066125077,0.0,0.003289994920074773,8.0,,,13.795262336730957
l1tcl_gold_dim_sweep,9aafa3012367,4,AnchorPlugin,FeasibleRestricted,369148730,500,500,5000,10,,0.28030668777708245,-0.2055348129791588,0.13853481297915882,-0.13853481297915882,,,0.0,,,,-0.06699999999999999,-0.06699999999999999,2.310012670632587e-17,-0.06700000000000024,1.0,0.2274156436685427,0.5540456812403912,0.4495639306612508,0.01319899999999996,0.44936293066125077,0.0,9.369605171568862e-05,20.0,,,5.3282341957092285
l1tcl_gold_dim_sweep,9aafa3012367,4,ProposedA_FullyDirect,OracleTargetTreated,369148730,500,500,5000,10,,0.12268797266685204,-0.06334322277475493,0.0036567772252450448,0.0036567772252450448,,,0.0,,,,-0.06699999999999999,-0.06699999999999999,-1.570019469281781e-17,-0.06700000000000021,1.0,0.09435632630630607,0.24316446423681176,0.4415909306612507,0.021172000000000024,0.44936293066125077,0.0,0.0,0.0,,,8.665802001953125
l1tcl_gold_dim_sweep,9aafa3012367,4,ProposedB_LinearStepB,OracleTargetTreated,369148730,500,500,5000,10,,0.13194478676451535,-0.07241693701238593,0.00541693701238595,-0.00541693701238595,,,0.0,,,,-0.06699999999999999,-0.06699999999999999,3.153763866699116e-18,-0.06700000000000023,1.0,0.09718312345285507,0.2958492574415223,0.44105493066125073,0.021708000000000005,0.44936293066125077,0.0,0.011244898921987585,17.0,2.323417657320151,5.0,30.247608184814453
l1tcl_gold_dim_sweep,9aafa3012367,4,ProposedB_SourceDR,FeasibleRestricted,369148730,500,500,5000,10,,0.07255114832511249,-0.06518428204253236,0.0018157179574676136,0.0018157179574676136,,,0.0,,,,-0.06699999999999999,-0.06699999999999999,1.5973682167581376e-17,-0.06700000000000028,1.0,0.05434622993618123,0.14926857696689427,0.45257893066125077,0.01018399999999997,0.44936293066125077,0.0,9.635878526027881e-05,20.0,2.3234176573201504,5.0,32.46322584152222
l1tcl_gold_dim_sweep,9aafa3012367,4,IPWTransport,FeasibleRestricted,369148730,500,500,5000,10,,0.41105915017080014,-0.23695094642158818,0.1699509464215882,-0.1699509464215882,,,0.0,,,,-0.06699999999999999,-0.06699999999999999,4.748943195370287e-18,-0.06700000000000021,1.0,0.32655477892010815,0.8292292983315559,0.4446729306612507,0.01809000000000005,0.44936293066125077,0.0,,,,,2.3543014526367188
l1tcl_gold_dim_sweep,9aafa3012367,4,EntropyBalancing,FeasibleRestricted,369148730,500,500,5000,10,,0.9378252138384076,-0.5496771748716063,0.48267717487160633,-0.48267717487160633,,,0.0,,,,-0.06699999999999999,-0.06699999999999999,-2.8816509823307937e-18,-0.06700000000000023,1.0,0.752798133257994,1.8683360840410406,0.4466829306612507,0.01608000000000004,0.44936293066125077,0.0,,,,,5.678049087524414
l1tcl_gold_dim_sweep,9aafa3012367,4,OutcomeModelTransport,FeasibleRestricted,369148730,500,500,5000,10,,0.0727285949572797,-0.08002899611637584,0.013028996116375868,-0.013028996116375868,,,0.0,,,,-0.06699999999999999,-0.06699999999999999,2.1793602406390885e-16,-0.06700000000000023,1.0,0.05865116788401412,0.13585676239958105,0.45365093066125073,0.009112000000000009,0.44936293066125066,1.1102230246251565e-16,,,,,0.3707728385925293
l1tcl_gold_dim_sweep,9aafa3012367,4,DRLearner_PooledWithSite,OracleTargetTreated,369148730,500,500,5000,10,,0.06510551251289097,-0.06619272737958869,0.0008072726204112896,0.0008072726204112896,,,0.0,,,,-0.06699999999999999,-0.06699999999999999,1.9430166063191286e-16,-0.06700000000000024,1.0,0.051908825414326995,0.11610402753938011,0.45204293066125073,0.010720000000000007,0.44936293066125066,1.1102230246251565e-16,,,,,2.6905393600463867
l1tcl_gold_dim_sweep,9aafa3012367,4,DRLearner_PooledNoSite,OracleTargetTreated,369148730,500,500,5000,10,,0.06566844658118347,-0.066344885698684,0.0006551143013159705,0.0006551143013159705,,,0.0,,,,-0.06699999999999999,-0.06699999999999999,1.9423938365604279e-16,-0.06700000000000021,1.0,0.052404395022755935,0.11683899847234788,0.4520429306612507,0.010720000000000063,0.44936293066125066,1.1102230246251565e-16,,,,,1.1031944751739502
l1tcl_gold_dim_sweep,c2ae4b8f8080,4,TargetOnlyDR,OracleTargetTreated,308354641,200,200,5000,10,,0.19495438096248432,-0.01700024919314038,0.049999750806859596,0.049999750806859596,,,0.0,,,,-0.06699999999999999,-0.06699999999999999,1.0739169852377847e-17,-0.06700000000000025,1.0,0.15347323368671262,0.3735101092826752,-0.10370098542437307,0.030351000000000003,-0.08674998542437308,1.3877787807814457e-17,0.0,0.0,,,17.00109553337097
l1tcl_gold_dim_sweep,c2ae4b8f8080,4,ProxyOnly,FeasibleRestricted,308354641,200,200,5000,10,,0.309911931400413,0.04104928896319031,0.10804928896319028,0.10804928896319028,,,0.0,,,,-0.06699999999999999,-0.06699999999999999,-1.6586063671768518e-17,-0.06700000000000024,1.0,0.2441803640631973,0.6182205843504601,-0.10932898542437305,0.03597899999999998,-0.08674998542437308,1.3877787807814457e-17,0.0,0.0,,,8.620218753814697
l1tcl_gold_dim_sweep,c2ae4b8f8080,4,AnchorOnly,OracleTargetTreated,308354641,200,200,5000,10,,0.17248715717051144,-0.06397802564162881,0.003021974358371163,0.003021974358371163,,,0.0,,,,-0.06699999999999999,-0.06699999999999999,-1.438872140162792e-17,-0.06700000000000023,1.0,0.13239789100818694,0.3165989310351877,-0.09700098542437308,0.023651000000000005,-0.08674998542437308,1.3877787807814457e-17,0.008841508569970515,9.0,,,15.842495441436768
l1tcl_gold_dim_sweep,c2ae4b8f8080,4,AnchorPlugin,FeasibleRestricted,308354641,200,200,5000,10,,0.46142374204761133,-0.02692918769938133,0.040070812300618645,0.040070812300618645,,,0.0,,,,-0.06699999999999999,-0.06699999999999999,-2.096356374451676e-17,-0.06700000000000027,1.0,0.3699473919745538,0.8523272246997093,-0.10577798542437308,0.03242800000000001,-0.08674998542437308,1.3877787807814457e-17,0.012479111495373613,42.0,,,8.121201753616333
l1tcl_gold_dim_sweep,c2ae4b8f8080,4,ProposedA_FullyDirect,OracleTargetTreated,308354641,200,200,5000,10,,0.15016220562420574,-0.08235104100620849,0.015351041006208516,-0.015351041006208516,,,0.0,,,,-0.06699999999999999,-0.06699999999999999,4.874067542437759e-17,-0.06700000000000023,1.0,0.11730706874450507,0.2677168053203477,-0.09204298542437306,0.018692999999999987,-0.08674998542437308,1.3877787807814457e-17,0.0,0.0,,,12.092748403549194
l1tcl_gold_dim_sweep,c2ae4b8f8080,4,ProposedB_LinearStepB,OracleTargetTreated,308354641,200,200,5000,10,,0.15278796156237806,-0.08810985491867186,0.021109854918671886,-0.021109854918671886,,,0.0,,,,-0.06699999999999999,-0.06699999999999999,-1.8139573796760188e-18,-0.06700000000000027,1.0,0.11850454146115384,0.28034587170783215,-0.09056898542437307,0.017218999999999998,-0.08674998542437308,1.3877787807814457e-17,0.020392917296261262,45.0,1.3905251709549242,10.0,92.1997983455658
l1tcl_gold_dim_sweep,c2ae4b8f8080,4,ProposedB_SourceDR,FeasibleRestricted,308354641,200,200,5000,10,,0.04447101847491996,-0.07680423118565191,0.009804231185651935,-0.009804231185651935,,,0.0,,,,-0.06699999999999999,-0.06699999999999999,-9.27974065085977e-17,-0.06700000000000025,1.0,0.03448064598364154,0.08805998064448077,-0.07569498542437307,0.002345,-0.08674998542437308,1.3877787807814457e-17,0.011037202213766098,41.0,1.390525170954924,10.0,82.76276779174805
l1tcl_gold_dim_sweep,c2ae4b8f8080,4,IPWTransport,FeasibleRestricted,308354641,200,200,5000,10,,0.12836349095361446,-0.11948160028747724,0.05248160028747727,-0.05248160028747727,,,0.0,,,,-0.06699999999999999,-0.06699999999999999,-8.751503968521898e-17,-0.06700000000000025,1.0,0.10161414031273189,0.25959360290917055,-0.08313198542437307,0.009781999999999999,-0.08674998542437307,0.0,,,,,2.086642265319824
l1tcl_gold_dim_sweep,c2ae4b8f8080,4,EntropyBalancing,FeasibleRestricted,308354641,200,200,5000,10,,3.1032144529038646,-2.8921668580537756,2.8251668580537754,-2.8251668580537754,,,0.0,,,,-0.06699999999999999,-0.06699999999999999,-7.466697389609102e-18,-0.06700000000000024,1.0,2.8251668580537763,5.083734747902635,-0.07415398542437308,0.000804000000000013,-0.08674998542437308,1.3877787807814457e-17,,,,,4.731859445571899
l1tcl_gold_dim_sweep,c2ae4b8f8080,4,OutcomeModelTransport,FeasibleRestricted,308354641,200,200,5000,10,,0.10625378148749168,-0.10206591642858794,0.03506591642858796,-0.03506591642858796,,,0.0,,,,-0.06699999999999999,-0.06699999999999999,-6.641706403505376e-17,-0.06700000000000025,1.0,0.0834651174539398,0.21245084600989955,-0.08286398542437305,0.00951399999999998,-0.08674998542437308,1.3877787807814457e-17,,,,,0.2658514976501465
l1tcl_gold_dim_sweep,c2ae4b8f8080,4,DRLearner_PooledWithSite,OracleTargetTreated,308354641,200,200,5000,10,,0.09704034081262472,-0.08538134934658016,0.018381349346580186,-0.018381349346580186,,,0.0,,,,-0.06699999999999999,-0.06699999999999999,-8.861737120281415e-17,-0.06700000000000025,1.0,0.07651366929411499,0.1862467808672726,-0.08514198542437308,0.01179200000000001,-0.08674998542437308,1.3877787807814457e-17,,,,,2.380476713180542
l1tcl_gold_dim_sweep,c2ae4b8f8080,4,DRLearner_PooledNoSite,OracleTargetTreated,308354641,200,200,5000,10,,0.09814483029816566,-0.08647089628300655,0.019470896283006578,-0.019470896283006578,,,0.0,,,,-0.06699999999999999,-0.06699999999999999,-9.792875242225723e-17,-0.06700000000000023,1.0,0.07749907094293981,0.18932057770477767,-0.08514198542437308,0.01179200000000001,-0.08674998542437308,1.3877787807814457e-17,,,,,0.9683890342712402
l1tcl_gold_dim_sweep,5e1199ef1252,1,TargetOnlyDR,OracleTargetTreated,789788992,50,50,5000,10,,0.5021233049934896,-0.37049048409332247,0.30349048409332247,-0.30349048409332247,,,0.0,,,,-0.06699999999999999,-0.06699999999999999,3.0111964982115957e-18,-0.06700000000000021,1.0,0.3981191113136392,1.0330947892864761,-0.05214729500437479,0.011457000000000002,-0.054090295004374796,1.3877787807814457e-17,0.0,0.0,,,5.770654678344727
l1tcl_gold_dim_sweep,5e1199ef1252,1,ProxyOnly,FeasibleRestricted,789788992,50,50,5000,10,,0.454355496865384,0.2549288853474239,0.3219288853474239,0.3219288853474239,,,0.0,,,,-0.06699999999999999,-0.06699999999999999,3.5266595644110606e-17,-0.06700000000000025,1.0,0.3737458971073518,0.8655153503396138,-0.09261529500437479,0.051925000000000006,-0.05409029500437479,6.938893903907228e-18,0.0,0.0,,,7.785053968429565
l1tcl_gold_dim_sweep,5e1199ef1252,1,AnchorOnly,OracleTargetTreated,789788992,50,50,5000,10,,0.3752798875465865,-0.20331661543467272,0.13631661543467274,-0.13631661543467274,,,0.0,,,,-0.06699999999999999,-0.06699999999999999,-3.4624286786090865e-17,-0.06700000000000023,1.0,0.2957970582704944,0.7765860214022791,-0.0600532950043748,0.019363000000000012,-0.054090295004374796,1.3877787807814457e-17,0.0577427194822484,0.0,,,10.925121784210205
l1tcl_gold_dim_sweep,5e1199ef1252,1,AnchorPlugin,FeasibleRestricted,789788992,50,50,5000,10,,0.35225686706753073,0.12862499755011045,0.19562499755011042,0.19562499755011042,,,0.0,,,,-0.06699999999999999,-0.06699999999999999,6.317034025237261e-19,-0.06700000000000024,1.0,0.2831154366980259,0.6950431435700536,-0.08464229500437478,0.043952,-0.054090295004374796,1.3877787807814457e-17,0.20842369059124174,7.0,,,8.445882558822632
l1tcl_gold_dim_sweep,5e1199ef1252,1,ProposedA_FullyDirect,OracleTargetTreated,789788992,50,50,5000,10,,0.5389827520165271,-0.30912127175411036,0.24212127175411038,-0.24212127175411038,,,0.0,,,,-0.06699999999999999,-0.06699999999999999,-1.0777987496666921e-17,-0.06700000000000023,1.0,0.43398788853827164,0.9482230266476948,-0.05342029500437479,0.012730000000000005,-0.054090295004374796,1.3877787807814457e-17,0.0,0.0,,,8.28511905670166
l1tcl_gold_dim_sweep,5e1199ef1252,1,ProposedB_LinearStepB,OracleTargetTreated,789788992,50,50,5000,10,,0.36274913546738413,-0.19830420182923478,0.1313042018292348,-0.1313042018292348,,,0.0,,,,-0.06699999999999999,-0.06699999999999999,-3.2976838519669475e-17,-0.06700000000000024,1.0,0.2898285890286975,0.7507213422185621,-0.0607902950043748,0.020100000000000014,-0.054090295004374796,1.3877787807814457e-17,0.23854098718644687,16.0,2.0411865433467864,10.0,196.92888593673706
l1tcl_gold_dim_sweep,5e1199ef1252,1,ProposedB_SourceDR,FeasibleRestricted,789788992,50,50,5000,10,,0.10018783758636607,-0.060835074945235164,0.006164925054764812,0.006164925054764812,,,0.0,,,,-0.06699999999999999,-0.06699999999999999,-2.0924980042207232e-17,-0.06700000000000025,1.0,0.07698001726243844,0.19582877171407453,-0.058847295004374786,0.018157,-0.05409029500437478,0.0,0.1997598550531967,6.0,2.0411865433467864,10.0,204.95325756072998
l1tcl_gold_dim_sweep,5e1199ef1252,1,IPWTransport,FeasibleRestricted,789788992,50,50,5000,10,,0.15883005217287965,0.03828765959140735,0.10528765959140732,0.10528765959140732,,,0.0,,,,-0.06699999999999999,-0.06699999999999999,-5.189404239203874e-17,-0.06700000000000024,1.0,0.1294003734215823,0.31720830108503295,-0.08169429500437478,0.04100399999999999,-0.05409029500437478,0.0,,,,,2.1270792484283447
l1tcl_gold_dim_sweep,5e1199ef1252,1,EntropyBalancing,FeasibleRestricted,789788992,50,50,5000,10,,1.2043488840582925,0.43450465485054646,0.5015046548505464,0.5015046548505464,,,0.0,,,,-0.06699999999999999,-0.06699999999999999,-4.207461678398208e-18,-0.06700000000000023,1.0,0.9615338255651034,2.442668971257385,-0.08410629500437478,0.04341599999999999,-0.054090295004374796,1.3877787807814457e-17,,,,,7.7172935009002686
l1tcl_gold_dim_sweep,5e1199ef1252,1,OutcomeModelTransport,FeasibleRestricted,789788992,50,50,5000,10,,0.16062386695292027,0.04085556759419148,0.10785556759419146,0.10785556759419146,,,0.0,,,,-0.06699999999999999,-0.06699999999999999,-5.04713524321318e-17,-0.06700000000000025,1.0,0.1309948497174152,0.31995658222021245,-0.08263229500437479,0.041942,-0.05409029500437478,0.0,,,,,0.5864965915679932
l1tcl_gold_dim_sweep,5e1199ef1252,1,DRLearner_PooledWithSite,OracleTargetTreated,789788992,50,50,5000,10,,0.12587285334809814,-0.05112589904237662,0.015874100957623358,0.015874100957623358,,,0.0,,,,-0.06699999999999999,-0.06699999999999999,-5.756436360301476e-17,-0.06700000000000028,1.0,0.1002453065792114,0.23567124157728586,-0.06373829500437478,0.023047999999999992,-0.05409029500437478,0.0,,,,,3.6106441020965576
l1tcl_gold_dim_sweep,5e1199ef1252,1,DRLearner_PooledNoSite,OracleTargetTreated,789788992,50,50,5000,10,,0.12639020527703704,-0.04112332820987458,0.0258766717901254,0.0258766717901254,,,0.0,,,,-0.06699999999999999,-0.06699999999999999,-5.964136630741524e-17,-0.06700000000000023,1.0,0.10065170956023962,0.24347768192313585,-0.06615029500437478,0.02545999999999999,-0.05409029500437479,6.938893903907228e-18,,,,,1.4414207935333252
l1tcl_gold_dim_sweep,7f56eded32ca,1,TargetOnlyDR,OracleTargetTreated,1306501384,100,100,5000,10,,0.4157635512407412,0.08944589313110377,0.15644589313110374,0.15644589313110374,,,0.0,,,,-0.06699999999999999,-0.06699999999999999,-8.272957681636434e-19,-0.06700000000000027,1.0,0.33026578285407177,0.8452271443240409,0.6087199702590906,0.03899399999999986,0.6343139702590906,-1.1102230246251565e-16,0.0,0.0,,,18.80423331260681
l1tcl_gold_dim_sweep,7f56eded32ca,1,ProxyOnly,FeasibleRestricted,1306501384,100,100,5000,10,,0.8103921025656642,-0.7352002958249303,0.6682002958249303,-0.6682002958249303,,,0.0,,,,-0.06699999999999999,-0.06699999999999999,4.018026617410537e-17,-0.0670000000000002,1.0,0.6974898633605329,1.514495558155806,0.6438279702590906,0.003885999999999945,0.6343139702590906,-1.1102230246251565e-16,0.0,0.0,,,9.373626947402954
l1tcl_gold_dim_sweep,7f56eded32ca,1,AnchorOnly,OracleTargetTreated,1306501384,100,100,5000,10,,0.30954472504594244,-0.03665529666735142,0.030344703332648555,0.030344703332648555,,,0.0,,,,-0.06699999999999999,-0.06699999999999999,-1.7857914007224264e-18,-0.06700000000000024,1.0,0.24707987026110065,0.5825414302588705,0.6187699702590905,0.02894399999999997,0.6343139702590905,0.0,0.010242377462712289,13.0,,,15.321949481964111
l1tcl_gold_dim_sweep,7f56eded32ca,1,AnchorPlugin,FeasibleRestricted,1306501384,100,100,5000,10,,0.8216366984382848,-0.3804645259753138,0.3134645259753138,-0.3134645259753138,,,0.0,,,,-0.06699999999999999,-0.06699999999999999,3.849258791804326e-18,-0.06700000000000024,1.0,0.6469481473788482,1.6634609548432147,0.6261399702590906,0.02157399999999987,0.6343139702590905,0.0,0.029094423188273932,55.0,,,8.239364862442017
l1tcl_gold_dim_sweep,7f56eded32ca,1,ProposedA_FullyDirect,OracleTargetTreated,1306501384,100,100,5000,10,,0.2517876953874928,-0.06137490762669118,0.005625092373308799,0.005625092373308799,,,0.0,,,,-0.06699999999999999,-0.06699999999999999,1.9840185413421425e-17,-0.06700000000000025,1.0,0.19753787244502966,0.45728186422358147,0.6194399702590906,0.02827399999999991,0.6343139702590905,0.0,0.0,0.0,,,21.60389518737793
l1tcl_gold_dim_sweep,7f56eded32ca,1,ProposedB_LinearStepB,OracleTargetTreated,1306501384,100,100,5000,10,,0.2858142283600888,-0.07952297926999027,0.012522979269990298,-0.012522979269990298,,,0.0,,,,-0.06699999999999999,-0.06699999999999999,-1.7672982169019175e-17,-0.06700000000000024,1.0,0.22915998197449153,0.5087919654314756,0.6226559702590905,0.025058000000000025,0.6343139702590906,-1.1102230246251565e-16,0.04435628335776503,80.0,1.9408081160324042,10.0,183.6643786430359
l1tcl_gold_dim_sweep,7f56eded32ca,1,ProposedB_SourceDR,FeasibleRestricted,1306501384,100,100,5000,10,,0.05970302667870555,-0.07637990465954655,0.009379904659546578,-0.009379904659546578,,,0.0,,,,-0.06699999999999999,-0.06699999999999999,3.2412750600901173e-16,-0.06700000000000024,1.0,0.04754382895036436,0.10743492170657379,0.6400089702590905,0.007704999999999962,0.6343139702590906,-1.1102230246251565e-16,0.02419051740995286,59.0,1.940808116032404,10.0,166.81617164611816
l1tcl_gold_dim_sweep,7f56eded32ca,1,IPWTransport,FeasibleRestricted,1306501384,100,100,5000,10,,0.1746773173149058,-0.15423737079374003,0.08723737079374005,-0.08723737079374005,,,0.0,,,,-0.06699999999999999,-0.06699999999999999,-2.3902005840460246e-18,-0.06700000000000024,1.0,0.13783055857580598,0.3626318676367709,0.6377309702590905,0.009982999999999964,0.6343139702590905,0.0,,,,,2.167485475540161
l1tcl_gold_dim_sweep,7f56eded32ca,1,EntropyBalancing,FeasibleRestricted,1306501384,100,100,5000,10,,1.6038776856469927,-1.2243358715409445,1.1573358715409445,-1.1573358715409445,,,0.0,,,,-0.06699999999999999,-0.06699999999999999,-1.3810566503041749e-17,-0.06700000000000023,1.0,1.3211588742470608,3.1071312244597116,0.6387359702590906,0.00897799999999993,0.6343139702590906,-1.1102230246251565e-16,,,,,6.776924133300781
l1tcl_gold_dim_sweep,7f56eded32ca,1,OutcomeModelTransport,FeasibleRestricted,1306501384,100,100,5000,10,,0.1712491721105441,-0.14681015741450812,0.07981015741450814,-0.07981015741450814,,,0.0,,,,-0.06699999999999999,-0.06699999999999999,-4.007657583864008e-18,-0.06700000000000024,1.0,0.13501224230822595,0.35554782647696004,0.6371279702590905,0.010585999999999984,0.6343139702590906,-1.1102230246251565e-16,,,,,0.8274743556976318
l1tcl_gold_dim_sweep,7f56eded32ca,1,DRLearner_PooledWithSite,OracleTargetTreated,1306501384,100,100,5000,10,,0.16073766973595807,-0.11895567152512639,0.05195567152512641,-0.05195567152512641,,,0.0,,,,-0.06699999999999999,-0.06699999999999999,-1.5863170907577063e-17,-0.06700000000000021,1.0,0.12703840641391456,0.3285529996980887,0.6331749702590905,0.014538999999999969,0.6343139702590905,0.0,,,,,2.385324478149414
l1tcl_gold_dim_sweep,7f56eded32ca,1,DRLearner_PooledNoSite,OracleTargetTreated,1306501384,100,100,5000,10,,0.16069010442568757,-0.11625846008919319,0.04925846008919321,-0.04925846008919321,,,0.0,,,,-0.06699999999999999,-0.06699999999999999,-1.469151165012562e-17,-0.06700000000000024,1.0,0.1269068534710849,0.3273271556472556,0.6327729702590905,0.014940999999999982,0.6343139702590905,0.0,,,,,1.2188060283660889
l1tcl_gold_dim_sweep,b610216d2c0a,0,TargetOnlyDR,OracleTargetTreated,651475663,500,500,5000,10,,0.18324795012309342,-0.11925920685329772,0.05225920685329774,-0.05225920685329774,,,0.0,,,,-0.06699999999999999,-0.06699999999999999,-6.0063042148537e-17,-0.06700000000000025,1.0,0.12593467967064784,0.4248830433880092,-0.2504680536596304,0.014136999999999983,-0.2497310536596304,0.0,0.0,0.0,,,18.273950338363647
l1tcl_gold_dim_sweep,b610216d2c0a,0,ProxyOnly,FeasibleRestricted,651475663,500,500,5000,10,,0.4506474047678283,0.12641196378026018,0.19341196378026015,0.19341196378026015,,,0.0,,,,-0.06699999999999999,-0.06699999999999999,-1.3797531510372734e-17,-0.06700000000000024,1.0,0.3570879517171143,0.9224027287008995,-0.2765980536596304,0.040267000000000025,-0.2497310536596304,0.0,0.0,0.0,,,8.709494829177856
l1tcl_gold_dim_sweep,b610216d2c0a,0,AnchorOnly,OracleTargetTreated,651475663,500,500,5000,10,,0.15716734957380787,-0.11859954162285047,0.05159954162285049,-0.05159954162285049,,,0.0,,,,-0.06699999999999999,-0.06699999999999999,-4.211627325623538e-17,-0.06700000000000025,1.0,0.11172627874317657,0.34229371072391795,-0.2476540536596304,0.011323,-0.2497310536596304,0.0,0.004453146618344176,20.0,,,18.148693084716797
l1tcl_gold_dim_sweep,b610216d2c0a,0,AnchorPlugin,FeasibleRestricted,651475663,500,500,5000,10,,0.5519364077606322,0.06892122147098265,0.13592122147098262,0.13592122147098262,,,0.0,,,,-0.06699999999999999,-0.06699999999999999,3.3066859068443754e-18,-0.06700000000000025,1.0,0.4421037561061242,1.0703106439664491,-0.2726450536596304,0.036313999999999985,-0.2497310536596304,0.0,0.007918118252220335,44.0,,,9.289176225662231
l1tcl_gold_dim_sweep,b610216d2c0a,0,ProposedA_FullyDirect,OracleTargetTreated,651475663,500,500,5000,10,,0.1315027313809584,-0.11072183126562303,0.043721831265623054,-0.043721831265623054,,,0.0,,,,-0.06699999999999999,-0.06699999999999999,-4.346513741265336e-17,-0.06700000000000023,1.0,0.09948245919596606,0.23497923060521175,-0.2449740536596304,0.008643000000000012,-0.2497310536596304,0.0,0.0,0.0,,,14.431616067886353
l1tcl_gold_dim_sweep,b610216d2c0a,0,ProposedB_LinearStepB,OracleTargetTreated,651475663,500,500,5000,10,,0.1480246199526798,-0.11932789794413184,0.05232789794413187,-0.05232789794413187,,,0.0,,,,-0.06699999999999999,-0.06699999999999999,-4.14057243571632e-17,-0.06700000000000024,1.0,0.10753869757096163,0.2592103524219237,-0.24437105365963038,0.008039999999999992,-0.2497310536596304,0.0,0.008944659344725592,48.0,1.3682977236896345,10.0,58.02225208282471
l1tcl_gold_dim_sweep,b610216d2c0a,0,ProposedB_SourceDR,FeasibleRestricted,651475663,500,500,5000,10,,0.06305669014338357,-0.05742846987272477,0.009571530127275206,0.009571530127275206,,,0.0,,,,-0.06699999999999999,-0.06699999999999999,1.237079677200131e-16,-0.06700000000000023,1.0,0.050078860659841476,0.11138934742473348,-0.24765405365963042,0.011323000000000027,-0.2497310536596304,0.0,0.007314161684937513,44.0,1.3682977236896348,10.0,58.011295318603516
l1tcl_gold_dim_sweep,b610216d2c0a,0,IPWTransport,FeasibleRestricted,651475663,500,500,5000,10,,0.08754428115827194,-0.047929829071090384,0.019070170928909592,0.019070170928909592,,,0.0,,,,-0.06699999999999999,-0.06699999999999999,-1.1422868495481326e-16,-0.06700000000000025,1.0,0.0691616496147863,0.1711392353222525,-0.2552920536596304,0.018961000000000033,-0.2497310536596304,0.0,,,,,2.2904417514801025
l1tcl_gold_dim_sweep,b610216d2c0a,0,EntropyBalancing,FeasibleRestricted,651475663,500,500,5000,10,,1.2857271723545471,0.8168742580750756,0.8838742580750756,0.8838742580750756,,,0.0,,,,-0.06699999999999999,-0.06699999999999999,-1.3595598877395584e-17,-0.06700000000000023,1.0,1.04837799653664,2.5768264434597734,-0.29140505365963043,0.05507400000000004,-0.24973105365963041,2.7755575615628914e-17,,,,,5.375481367111206
l1tcl_gold_dim_sweep,b610216d2c0a,0,OutcomeModelTransport,FeasibleRestricted,651475663,500,500,5000,10,,0.09652638672780005,-0.023917903612745553,0.04308209638725442,0.04308209638725442,,,0.0,,,,-0.06699999999999999,-0.06699999999999999,-1.2253631676421313e-16,-0.06700000000000021,1.0,0.07629862597195258,0.19647923450489913,-0.26212605365963043,0.02579500000000004,-0.2497310536596304,0.0,,,,,0.10859513282775879
l1tcl_gold_dim_sweep,b610216d2c0a,0,DRLearner_PooledWithSite,OracleTargetTreated,651475663,500,500,5000,10,,0.10159416037263204,-0.1014613256728416,0.03446132567284163,-0.03446132567284163,,,0.0,,,,-0.06699999999999999,-0.06699999999999999,-9.69396603874764e-17,-0.06700000000000028,1.0,0.08182264611816695,0.2012487973426888,-0.24644805365963038,0.010116999999999987,-0.24973105365963041,2.7755575615628914e-17,,,,,2.2008426189422607
l1tcl_gold_dim_sweep,b610216d2c0a,0,DRLearner_PooledNoSite,OracleTargetTreated,651475663,500,500,5000,10,,0.10123497528668422,-0.1006403041029535,0.03364030410295353,-0.03364030410295353,,,0.0,,,,-0.06699999999999999,-0.06699999999999999,-1.0005281273613446e-16,-0.06700000000000025,1.0,0.08146548972291306,0.20070916170674447,-0.2465820536596304,0.01025100000000001,-0.2497310536596304,0.0,,,,,0.6300582885742188
l1tcl_gold_dim_sweep,b610216d2c0a,2,TargetOnlyDR,OracleTargetTreated,1362346213,500,500,5000,10,,0.16677272798058818,-0.033155042762344926,0.03384495723765505,0.03384495723765505,,,0.0,,,,-0.06699999999999999,-0.06699999999999999,-3.816159201250036e-17,-0.06700000000000024,1.0,0.13592975184326203,0.2968192799694424,-0.30447911520236026,0.03068599999999988,-0.28719311520236035,0.0,0.0,0.0,,,18.924561500549316
l1tcl_gold_dim_sweep,b610216d2c0a,2,ProxyOnly,FeasibleRestricted,1362346213,500,500,5000,10,,0.9782802223153606,0.7909501853871439,0.8579501853871438,0.8579501853871438,,,0.0,,,,-0.06699999999999999,-0.06699999999999999,9.322911483847851e-18,-0.06700000000000023,1.0,0.8579501853871438,1.7166943875577017,-0.34012311520236027,0.06632999999999989,-0.28719311520236035,0.0,0.0,0.0,,,9.841963768005371
l1tcl_gold_dim_sweep,b610216d2c0a,2,AnchorOnly,OracleTargetTreated,1362346213,500,500,5000,10,,0.13626302787172634,-0.04700691459983299,0.019993085400166984,0.019993085400166984,,,0.0,,,,-0.06699999999999999,-0.06699999999999999,6.883009283315635e-18,-0.06700000000000024,1.0,0.10067761945943951,0.2541539501527181,-0.29617111520236034,0.022377999999999953,-0.28719311520236035,0.0,0.003655499820261406,22.0,,,17.35016369819641
l1tcl_gold_dim_sweep,b610216d2c0a,2,AnchorPlugin,FeasibleRestricted,1362346213,500,500,5000,10,,0.6484368063346784,0.35675622514255545,0.4237562251425554,0.4237562251425554,,,0.0,,,,-0.06699999999999999,-0.06699999999999999,1.2235615492461064e-17,-0.06700000000000024,1.0,0.5328163356808464,1.263666140774677,-0.3245791152023603,0.05078599999999994,-0.28719311520236035,0.0,0.010225296702658943,45.0,,,8.90117621421814
l1tcl_gold_dim_sweep,b610216d2c0a,2,ProposedA_FullyDirect,OracleTargetTreated,1362346213,500,500,5000,10,,0.10863568201282224,-0.06333230392791335,0.0036676960720866264,0.0036676960720866264,,,0.0,,,,-0.06699999999999999,-0.06699999999999999,-5.547750182817522e-17,-0.06700000000000023,1.0,0.0846901357973001,0.19584492618711025,-0.29262011520236036,0.018826999999999983,-0.28719311520236035,0.0,0.0,0.0,,,14.871149778366089
l1tcl_gold_dim_sweep,b610216d2c0a,2,ProposedB_LinearStepB,OracleTargetTreated,1362346213,500,500,5000,10,,0.10774054045414916,-0.05663845310574594,0.010361546894254038,0.010361546894254038,,,0.0,,,,-0.06699999999999999,-0.06699999999999999,-5.069274791888163e-17,-0.06700000000000027,1.0,0.08205510193016076,0.19492975189241418,-0.2928881152023603,0.019094999999999918,-0.28719311520236035,0.0,0.00893677554457892,49.0,1.4992363773725887,10.0,56.079678535461426
l1tcl_gold_dim_sweep,b610216d2c0a,2,ProposedB_SourceDR,FeasibleRestricted,1362346213,500,500,5000,10,,0.11385651408922064,-0.16375399570866575,0.09675399570866577,-0.09675399570866577,,,0.0,,,,-0.06699999999999999,-0.06699999999999999,-1.019125444468157e-17,-0.06700000000000027,1.0,0.10050953933042737,0.1958573225934977,-0.27399411520236033,0.00020099999999995122,-0.28719311520236035,0.0,0.009159070191165705,45.0,1.499236377372589,10.0,54.636372327804565
l1tcl_gold_dim_sweep,b610216d2c0a,2,IPWTransport,FeasibleRestricted,1362346213,500,500,5000,10,,0.31843512255126544,-0.3372916894658456,0.2702916894658456,-0.2702916894658456,,,0.0,,,,-0.06699999999999999,-0.06699999999999999,1.6968057870522288e-17,-0.06700000000000021,1.0,0.27422260644105834,0.5745187203186449,-0.27533411520236034,0.001540999999999959,-0.28719311520236035,0.0,,,,,1.3486261367797852
l1tcl_gold_dim_sweep,b610216d2c0a,2,EntropyBalancing,FeasibleRestricted,1362346213,500,500,5000,10,,0.8776691368624687,-0.49925303412692573,0.43225303412692573,-0.43225303412692573,,,0.0,,,,-0.06699999999999999,-0.06699999999999999,7.188240509086101e-18,-0.06700000000000024,1.0,0.7061163860168951,1.7777633972253073,-0.2917491152023603,0.017955999999999916,-0.28719311520236035,0.0,,,,,4.488693475723267
l1tcl_gold_dim_sweep,b610216d2c0a,2,OutcomeModelTransport,FeasibleRestricted,1362346213,500,500,5000,10,,0.16154370841470592,-0.18346537213291206,0.11646537213291208,-0.11646537213291208,,,0.0,,,,-0.06699999999999999,-0.06699999999999999,1.697010744201353e-16,-0.06700000000000018,1.0,0.13247264864666727,0.3128874236622421,-0.2768081152023603,0.0030149999999999344,-0.28719311520236035,0.0,,,,,0.17790985107421875
l1tcl_gold_dim_sweep,b610216d2c0a,2,DRLearner_PooledWithSite,OracleTargetTreated,1362346213,500,500,5000,10,,0.09382292962254257,-0.08323740565544041,0.016237405655440434,-0.016237405655440434,,,0.0,,,,-0.06699999999999999,-0.06699999999999999,2.2442360737732646e-16,-0.06700000000000021,1.0,0.07479468904439453,0.1780031952446966,-0.2857861152023603,0.01199299999999992,-0.28719311520236035,0.0,,,,,1.9641013145446777
l1tcl_gold_dim_sweep,b610216d2c0a,2,DRLearner_PooledNoSite,OracleTargetTreated,1362346213,500,500,5000,10,,0.09343247112380369,-0.08159162612641871,0.014591626126418733,-0.014591626126418733,,,0.0,,,,-0.06699999999999999,-0.06699999999999999,2.283204902969171e-16,-0.06700000000000024,1.0,0.07419322701038455,0.1763437756845012,-0.28605411520236035,0.012260999999999966,-0.28719311520236035,0.0,,,,,0.6648719310760498
l1tcl_gold_dim_sweep,b610216d2c0a,1,TargetOnlyDR,OracleTargetTreated,1945831920,500,500,5000,10,,0.16251420248479578,0.033260018841657586,0.10026001884165756,0.10026001884165756,,,0.0,,,,-0.06699999999999999,-0.06699999999999999,-8.804400485397845e-17,-0.06700000000000023,1.0,0.1273329233811393,0.34480513018591624,-0.16832060250717037,0.03939599999999999,-0.14232460250717038,0.0,0.0,0.0,,,18.47440814971924
l1tcl_gold_dim_sweep,b610216d2c0a,1,ProxyOnly,FeasibleRestricted,1945831920,500,500,5000,10,,0.7877001887456522,0.5360865207266001,0.6030865207266001,0.6030865207266001,,,0.0,,,,-0.06699999999999999,-0.06699999999999999,1.8499427672356675e-17,-0.06700000000000025,1.0,0.6609824314843619,1.4758555450889734,-0.18634360250717039,0.057419,-0.14232460250717038,0.0,0.0,0.0,,,9.962799549102783
l1tcl_gold_dim_sweep,b610216d2c0a,1,AnchorOnly,OracleTargetTreated,1945831920,500,500,5000,10,,0.12575980378855622,-0.002545331417825336,0.06445466858217463,0.06445466858217463,,,0.0,,,,-0.06699999999999999,-0.06699999999999999,-9.082038474393004e-17,-0.06700000000000023,1.0,0.09162237657448605,0.27511706042073647,-0.1594096025071704,0.030485000000000012,-0.14232460250717038,0.0,0.002522235590750155,23.0,,,17.717551469802856
l1tcl_gold_dim_sweep,b610216d2c0a,1,AnchorPlugin,FeasibleRestricted,1945831920,500,500,5000,10,,0.7221451973368815,0.21166382653074056,0.2786638265307405,0.2786638265307405,,,0.0,,,,-0.06699999999999999,-0.06699999999999999,4.517368927514001e-18,-0.06700000000000021,1.0,0.5772772795256497,1.4440023971523184,-0.1713356025071704,0.042411000000000004,-0.14232460250717038,0.0,0.0039043173351181832,49.0,,,9.195591688156128
l1tcl_gold_dim_sweep,b610216d2c0a,1,ProposedA_FullyDirect,OracleTargetTreated,1945831920,500,500,5000,10,,0.1269975822242972,-0.024453135266481175,0.042546864733518805,0.042546864733518805,,,0.0,,,,-0.06699999999999999,-0.06699999999999999,-5.09058381029239e-17,-0.06700000000000025,1.0,0.09868902901852628,0.24670835061155616,-0.1569976025071704,0.028073000000000015,-0.14232460250717038,0.0,0.0,0.0,,,11.626545190811157
l1tcl_gold_dim_sweep,b610216d2c0a,1,ProposedB_LinearStepB,OracleTargetTreated,1945831920,500,500,5000,10,,0.11729838702542747,-0.016118773886365,0.05088122611363498,0.05088122611363498,,,0.0,,,,-0.06699999999999999,-0.06699999999999999,-4.922027642770579e-17,-0.06700000000000025,1.0,0.09180535776310846,0.23324941163682217,-0.1574666025071704,0.028542000000000012,-0.14232460250717036,-2.7755575615628914e-17,0.006260803341986941,49.0,1.425158373230499,10.0,62.436981201171875
l1tcl_gold_dim_sweep,b610216d2c0a,1,ProposedB_SourceDR,FeasibleRestricted,1945831920,500,500,5000,10,,0.07140593777005057,-0.06202743892364091,0.004972561076359065,0.004972561076359065,,,0.0,,,,-0.06699999999999999,-0.06699999999999999,-2.7579693809137583e-17,-0.06700000000000025,1.0,0.049206371631472436,0.1341094221791025,-0.13850560250717042,0.009581000000000034,-0.14232460250717036,-2.7755575615628914e-17,0.004104598122721579,49.0,1.4251583732304989,10.0,55.93683171272278
l1tcl_gold_dim_sweep,b610216d2c0a,1,IPWTransport,FeasibleRestricted,1945831920,500,500,5000,10,,0.1950148629074002,0.09543423882745469,0.16243423882745467,0.16243423882745467,,,0.0,,,,-0.06699999999999999,-0.06699999999999999,6.666558128063617e-17,-0.06700000000000025,1.0,0.16795507650486485,0.353122864842112,-0.1833956025071704,0.05447100000000002,-0.14232460250717038,0.0,,,,,2.2098402976989746
l1tcl_gold_dim_sweep,b610216d2c0a,1,EntropyBalancing,FeasibleRestricted,1945831920,500,500,5000,10,,1.7883639252751384,1.4762029026726182,1.5432029026726182,1.5432029026726182,,,0.0,,,,-0.06699999999999999,-0.06699999999999999,3.4522083520979727e-18,-0.06700000000000024,1.0,1.543202902672618,3.199351798644861,-0.1926416025071704,0.06371700000000002,-0.14232460250717038,0.0,,,,,4.291604995727539
l1tcl_gold_dim_sweep,b610216d2c0a,1,OutcomeModelTransport,FeasibleRestricted,1945831920,500,500,5000,10,,0.15854487344813858,0.0626288389050316,0.12962883890503157,0.12962883890503157,,,0.0,,,,-0.06699999999999999,-0.06699999999999999,5.984946273632084e-17,-0.06700000000000024,1.0,0.13525148137698434,0.29135768432362946,-0.1795096025071704,0.05058500000000002,-0.14232460250717038,0.0,,,,,0.16335201263427734
l1tcl_gold_dim_sweep,b610216d2c0a,1,DRLearner_PooledWithSite,OracleTargetTreated,1945831920,500,500,5000,10,,0.09254614000424659,-0.020727070997195212,0.04627292900280476,0.04627292900280476,,,0.0,,,,-0.06699999999999999,-0.06699999999999999,3.113534812734722e-17,-0.06700000000000024,1.0,0.07368759065052634,0.18713578355267918,-0.1551216025071704,0.026196999999999998,-0.14232460250717044,5.551115123125783e-17,,,,,1.6617577075958252
l1tcl_gold_dim_sweep,b610216d2c0a,1,DRLearner_PooledNoSite,OracleTargetTreated,1945831920,500,500,5000,10,,0.09445181319825509,-0.018973655625815985,0.04802634437418399,0.04802634437418399,,,0.0,,,,-0.06699999999999999,-0.06699999999999999,2.7982126469572604e-17,-0.06700000000000025,1.0,0.07511393678893634,0.19058585217290824,-0.1556576025071704,0.026733000000000007,-0.14232460250717038,0.0,,,,,0.7537345886230469
l1tcl_gold_dim_sweep,b610216d2c0a,3,TargetOnlyDR,OracleTargetTreated,338232126,500,500,5000,10,,0.16907290965122762,-0.10806673220817821,0.04106673220817823,-0.04106673220817823,,,0.0,,,,-0.06699999999999999,-0.06699999999999999,-2.0363922809045244e-17,-0.06700000000000023,1.0,0.12310621283061715,0.3634895449530517,0.3064660072516895,0.014538999999999969,0.3076050072516895,0.0,0.0,0.0,,,18.70516610145569
l1tcl_gold_dim_sweep,b610216d2c0a,3,ProxyOnly,FeasibleRestricted,338232126,500,500,5000,10,,0.6325755658295528,-0.5654631580225784,0.49846315802257846,-0.49846315802257846,,,0.0,,,,-0.06699999999999999,-0.06699999999999999,-3.6466932376017904e-18,-0.06700000000000023,1.0,0.5341648467784805,1.175630036835905,0.3162480072516895,0.004756999999999956,0.3076050072516895,0.0,0.0,0.0,,,9.121904134750366
l1tcl_gold_dim_sweep,b610216d2c0a,3,AnchorOnly,OracleTargetTreated,338232126,500,500,5000,10,,0.1404273166713443,-0.10219115816230173,0.035191158162301756,-0.035191158162301756,,,0.0,,,,-0.06699999999999999,-0.06699999999999999,-7.503322706623533e-17,-0.06700000000000027,1.0,0.1039204317367137,0.3090733434062361,0.3072030072516895,0.013801999999999981,0.3076050072516895,0.0,0.003098905610251419,22.0,,,20.167614936828613
l1tcl_gold_dim_sweep,b610216d2c0a,3,AnchorPlugin,FeasibleRestricted,338232126,500,500,5000,10,,0.544064400638302,-0.280589927791207,0.21358992779120703,-0.21358992779120703,,,0.0,,,,-0.06699999999999999,-0.06699999999999999,-6.671547379885901e-18,-0.06700000000000024,1.0,0.4332781261475319,1.0873810381534468,0.30164200725168944,0.01936300000000002,0.3076050072516895,0.0,0.010075950978263443,45.0,,,8.257527351379395
l1tcl_gold_dim_sweep,b610216d2c0a,3,ProposedA_FullyDirect,OracleTargetTreated,338232126,500,500,5000,10,,0.12310439243383708,-0.12132047097805361,0.054320470978053634,-0.054320470978053634,,,0.0,,,,-0.06699999999999999,-0.06699999999999999,-6.983711449425607e-17,-0.06700000000000021,1.0,0.09178724604087407,0.2741575354037724,0.31390300725168946,0.007101999999999997,0.3076050072516895,0.0,0.0,0.0,,,16.233827352523804
l1tcl_gold_dim_sweep,b610216d2c0a,3,ProposedB_LinearStepB,OracleTargetTreated,338232126,500,500,5000,10,,0.12548585621810482,-0.10462162169436856,0.037621621694368584,-0.037621621694368584,,,0.0,,,,-0.06699999999999999,-0.06699999999999999,-6.156593909538945e-17,-0.06700000000000025,1.0,0.09424984129401474,0.2595789745272146,0.3102180072516894,0.010787000000000047,0.3076050072516895,0.0,0.008086037411752527,48.0,1.4852251153683114,10.0,54.83474516868591
l1tcl_gold_dim_sweep,b610216d2c0a,3,ProposedB_SourceDR,FeasibleRestricted,338232126,500,500,5000,10,,0.04712348823728293,-0.07408620969030542,0.007086209690305448,-0.007086209690305448,,,0.0,,,,-0.06699999999999999,-0.06699999999999999,8.525925414888959e-17,-0.06700000000000024,1.0,0.03707584962464677,0.08848613384820045,0.3165160072516895,0.004488999999999965,0.3076050072516895,0.0,0.00882317269607414,45.0,1.4852251153683114,10.0,59.04027080535889
l1tcl_gold_dim_sweep,b610216d2c0a,3,IPWTransport,FeasibleRestricted,338232126,500,500,5000,10,,0.19594704086359752,0.01464066590086483,0.0816406659008648,0.0816406659008648,,,0.0,,,,-0.06699999999999999,-0.06699999999999999,4.460216463775592e-17,-0.06700000000000023,1.0,0.1571621748561789,0.38513197188046294,0.2852270072516894,0.03577800000000003,0.3076050072516895,0.0,,,,,1.3794350624084473
l1tcl_gold_dim_sweep,b610216d2c0a,3,EntropyBalancing,FeasibleRestricted,338232126,500,500,5000,10,,1.2895295969843992,-1.1204452461583005,1.0534452461583006,-1.0534452461583006,,,0.0,,,,-0.06699999999999999,-0.06699999999999999,3.230344287160464e-18,-0.0670000000000002,1.0,1.1031178827897126,2.36938399301005,0.3164490072516895,0.004555999999999949,0.3076050072516895,0.0,,,,,4.5874481201171875
l1tcl_gold_dim_sweep,b610216d2c0a,3,OutcomeModelTransport,FeasibleRestricted,338232126,500,500,5000,10,,0.13807120473350185,0.017918067799971373,0.08491806779997135,0.08491806779997135,,,0.0,,,,-0.06699999999999999,-0.06699999999999999,-1.1563884477351632e-17,-0.06700000000000025,1.0,0.11237635096284057,0.2722174989971732,0.28234600725168946,0.038659,0.3076050072516895,0.0,,,,,0.25066494941711426
l1tcl_gold_dim_sweep,b610216d2c0a,3,DRLearner_PooledWithSite,OracleTargetTreated,338232126,500,500,5000,10,,0.10225470924264662,-0.08024878166495025,0.013248781664950277,-0.013248781664950277,,,0.0,,,,-0.06699999999999999,-0.06699999999999999,-6.645801451156638e-17,-0.06700000000000027,1.0,0.08090020853750206,0.1982124863281553,0.30706900725168945,0.013936000000000004,0.3076050072516895,0.0,,,,,1.7003493309020996
l1tcl_gold_dim_sweep,b610216d2c0a,3,DRLearner_PooledNoSite,OracleTargetTreated,338232126,500,500,5000,10,,0.10199879257944829,-0.08173702081176014,0.014737020811760163,-0.014737020811760163,,,0.0,,,,-0.06699999999999999,-0.06699999999999999,-7.006238127958259e-17,-0.06700000000000023,1.0,0.08041642814636885,0.19842360313133034,0.3072030072516895,0.013801999999999981,0.3076050072516895,0.0,,,,,0.7463178634643555
l1tcl_gold_dim_sweep,7f56eded32ca,3,TargetOnlyDR,OracleTargetTreated,477242939,100,100,5000,10,,0.34007001041722146,-0.1026122365768805,0.03561223657688052,-0.03561223657688052,,,0.0,,,,-0.06699999999999999,-0.06699999999999999,-5.119834818680175e-18,-0.06700000000000024,1.0,0.2663453161327668,0.6449225414720011,-0.38514798968321606,0.026063000000000003,-0.3724849896832161,0.0,0.0,0.0,,,17.849592924118042
l1tcl_gold_dim_sweep,7f56eded32ca,3,ProxyOnly,FeasibleRestricted,477242939,100,100,5000,10,,0.5097399176116763,0.17363207509418674,0.24063207509418671,0.24063207509418671,,,0.0,,,,-0.06699999999999999,-0.06699999999999999,1.94857640491993e-17,-0.06700000000000023,1.0,0.40357911066035224,1.0405423405660104,-0.4010939896832161,0.04200900000000002,-0.3724849896832161,0.0,0.0,0.0,,,10.644400835037231
l1tcl_gold_dim_sweep,7f56eded32ca,3,AnchorOnly,OracleTargetTreated,477242939,100,100,5000,10,,0.3048323107038826,0.016983310098465865,0.08398331009846584,0.08398331009846584,,,0.0,,,,-0.06699999999999999,-0.06699999999999999,7.494213072735582e-18,-0.06700000000000021,1.0,0.24832220692984983,0.5581938414662365,-0.3953989896832161,0.03631400000000001,-0.3724849896832161,0.0,0.012760976968183487,7.0,,,16.319422483444214
l1tcl_gold_dim_sweep,7f56eded32ca,3,AnchorPlugin,FeasibleRestricted,477242939,100,100,5000,10,,0.5983715356442315,-0.01264487938403732,0.054355120615962656,0.054355120615962656,,,0.0,,,,-0.06699999999999999,-0.06699999999999999,-1.1520562501565483e-18,-0.06700000000000025,1.0,0.4670665864124135,1.0957833807911126,-0.3916469896832161,0.032562000000000035,-0.3724849896832161,0.0,0.04716302672957148,46.0,,,9.506959915161133
l1tcl_gold_dim_sweep,7f56eded32ca,3,ProposedA_FullyDirect,OracleTargetTreated,477242939,100,100,5000,10,,0.2225349371216771,-0.07822478128088368,0.011224781280883708,-0.011224781280883708,,,0.0,,,,-0.06699999999999999,-0.06699999999999999,-2.1282056841177986e-17,-0.06700000000000024,1.0,0.17458153963176865,0.4090626441118569,-0.38374098968321607,0.02465600000000001,-0.3724849896832161,0.0,0.0,0.0,,,19.922269105911255
l1tcl_gold_dim_sweep,7f56eded32ca,3,ProposedB_LinearStepB,OracleTargetTreated,477242939,100,100,5000,10,,0.2676314139177709,0.01358681747220029,0.08058681747220027,0.08058681747220027,,,0.0,,,,-0.06699999999999999,-0.06699999999999999,7.994407146682033e-18,-0.06700000000000025,1.0,0.2158833218392974,0.5087628968931788,-0.39559998968321614,0.036515000000000075,-0.3724849896832161,0.0,0.059889106778529565,74.0,2.0709192514302073,10.0,202.803316116333
l1tcl_gold_dim_sweep,7f56eded32ca,3,ProposedB_SourceDR,FeasibleRestricted,477242939,100,100,5000,10,,0.06288583959303848,-0.02990826883329358,0.037091731166706395,0.037091731166706395,,,0.0,,,,-0.06699999999999999,-0.06699999999999999,-3.1929319072106336e-17,-0.06700000000000024,1.0,0.050555058020729016,0.12501649875802018,-0.37690698968321606,0.017822000000000005,-0.3724849896832161,0.0,0.04622834477925413,42.0,2.070919251430208,10.0,174.15665650367737
l1tcl_gold_dim_sweep,7f56eded32ca,3,IPWTransport,FeasibleRestricted,477242939,100,100,5000,10,,0.1596054354239437,-0.14605350218583935,0.07905350218583937,-0.07905350218583937,,,0.0,,,,-0.06699999999999999,-0.06699999999999999,4.722508433031308e-17,-0.06700000000000021,1.0,0.12905881101058467,0.31662365058034114,-0.3688669896832161,0.009782000000000013,-0.3724849896832161,0.0,,,,,2.379211902618408
l1tcl_gold_dim_sweep,7f56eded32ca,3,EntropyBalancing,FeasibleRestricted,477242939,100,100,5000,10,,0.9733860287737188,0.05331513013658152,0.12031513013658149,0.12031513013658149,,,0.0,,,,-0.06699999999999999,-0.06699999999999999,-1.0216520485426477e-18,-0.06700000000000025,1.0,0.7820844056962423,1.8272193746642476,-0.3943269896832161,0.03524200000000005,-0.3724849896832161,0.0,,,,,4.409093379974365
l1tcl_gold_dim_sweep,7f56eded32ca,3,OutcomeModelTransport,FeasibleRestricted,477242939,100,100,5000,10,,0.1555939529189772,-0.13848645634391488,0.0714864563439149,-0.0714864563439149,,,0.0,,,,-0.06699999999999999,-0.06699999999999999,4.5447190609394524e-17,-0.06700000000000023,1.0,0.125677316930642,0.30841364151931894,-0.3696039896832161,0.010519000000000056,-0.3724849896832161,0.0,,,,,0.3467860221862793
l1tcl_gold_dim_sweep,7f56eded32ca,3,DRLearner_PooledWithSite,OracleTargetTreated,477242939,100,100,5000,10,,0.13795572488605004,-0.05893039304563131,0.008069606954368667,0.008069606954368667,,,0.0,,,,-0.06699999999999999,-0.06699999999999999,4.5892561042424546e-17,-0.06700000000000027,1.0,0.10884856312929572,0.25582098461013075,-0.38032398968321607,0.021239000000000008,-0.37248498968321603,-5.551115123125783e-17,,,,,2.021740674972534
l1tcl_gold_dim_sweep,7f56eded32ca,3,DRLearner_PooledNoSite,OracleTargetTreated,477242939,100,100,5000,10,,0.1363147759725385,-0.053490089369113536,0.01350991063088644,0.01350991063088644,,,0.0,,,,-0.06699999999999999,-0.06699999999999999,4.846169972898586e-17,-0.06700000000000028,1.0,0.10718081919376819,0.25777454383757403,-0.3815299896832161,0.022445000000000048,-0.37248498968321603,-5.551115123125783e-17,,,,,0.9853239059448242
l1tcl_gold_dim_sweep,b610216d2c0a,4,TargetOnlyDR,OracleTargetTreated,17159597,500,500,5000,10,,0.1577617811610017,-0.11304138150276001,0.046041381502760034,-0.046041381502760034,,,0.0,,,,-0.06699999999999999,-0.06699999999999999,1.645703491863226e-17,-0.06700000000000025,1.0,0.10961763536407625,0.3422444878033756,-0.6199355420152217,0.012260999999999966,-0.6210745420152217,0.0,0.0,0.0,,,22.115073204040527
l1tcl_gold_dim_sweep,b610216d2c0a,4,ProxyOnly,FeasibleRestricted,17159597,500,500,5000,10,,0.7742746780653353,0.6012283678540762,0.6682283678540761,0.6682283678540761,,,0.0,,,,-0.06699999999999999,-0.06699999999999999,4.5288560203760435e-18,-0.06700000000000024,1.0,0.6682283678540761,1.437326793776577,-0.6719945420152217,0.06431999999999993,-0.6210745420152217,0.0,0.0,0.0,,,10.929810285568237
l1tcl_gold_dim_sweep,b610216d2c0a,4,AnchorOnly,OracleTargetTreated,17159597,500,500,5000,10,,0.14360998339085324,-0.1251528166489162,0.05815281664891622,-0.05815281664891622,,,0.0,,,,-0.06699999999999999,-0.06699999999999999,1.0249800592879284e-16,-0.06700000000000025,1.0,0.11196680161651024,0.2874370392386217,-0.6182605420152217,0.010585999999999984,-0.6210745420152217,0.0,0.002812796263398991,22.0,,,17.2861168384552
l1tcl_gold_dim_sweep,b610216d2c0a,4,AnchorPlugin,FeasibleRestricted,17159597,500,500,5000,10,,0.6177350014535506,0.27038938494779347,0.33738938494779347,0.33738938494779347,,,0.0,,,,-0.06699999999999999,-0.06699999999999999,-1.3371709381807952e-17,-0.0670000000000002,1.0,0.49597868820538676,1.2285528876254659,-0.6553115420152217,0.04763699999999993,-0.6210745420152217,0.0,0.004258199177518686,48.0,,,8.7111976146698
l1tcl_gold_dim_sweep,b610216d2c0a,4,ProposedA_FullyDirect,OracleTargetTreated,17159597,500,500,5000,10,,0.11021820695655589,-0.12290659840982053,0.055906598409820554,-0.055906598409820554,,,0.0,,,,-0.06699999999999999,-0.06699999999999999,1.1222354093654682e-16,-0.06700000000000018,1.0,0.08863906489183802,0.2119404368162321,-0.6138385420152217,0.006163999999999947,-0.6210745420152217,0.0,0.0,0.0,,,11.712218761444092
l1tcl_gold_dim_sweep,b610216d2c0a,4,ProposedB_LinearStepB,OracleTargetTreated,17159597,500,500,5000,10,,0.11096495259284851,-0.1183393529916684,0.05133935299166842,-0.05133935299166842,,,0.0,,,,-0.06699999999999999,-0.06699999999999999,1.1845484708923756e-16,-0.06700000000000024,1.0,0.08799161004202463,0.2192883601791129,-0.6148435420152217,0.007168999999999981,-0.6210745420152218,1.1102230246251565e-16,0.0064726071880899,49.0,1.4042190841457718,10.0,59.56039214134216
l1tcl_gold_dim_sweep,b610216d2c0a,4,ProposedB_SourceDR,FeasibleRestricted,17159597,500,500,5000,10,,0.046563353242652004,-0.07859539678978444,0.011595396789784468,-0.011595396789784468,,,0.0,,,,-0.06699999999999999,-0.06699999999999999,-6.90721315628293e-17,-0.06700000000000028,1.0,0.035857383303370446,0.09500046250827605,-0.6098185420152218,0.0021440000000000348,-0.6210745420152216,-1.1102230246251565e-16,0.0037136588197673034,48.0,1.4042190841457718,10.0,57.94029355049133
l1tcl_gold_dim_sweep,b610216d2c0a,4,IPWTransport,FeasibleRestricted,17159597,500,500,5000,10,,0.1362217380377458,-0.14006055206724818,0.07306055206724821,-0.07306055206724821,,,0.0,,,,-0.06699999999999999,-0.06699999999999999,7.274940046129166e-17,-0.06700000000000027,1.0,0.10913075699628758,0.2768265394636057,-0.6153125420152217,0.007637999999999923,-0.6210745420152218,1.1102230246251565e-16,,,,,1.8148820400238037
l1tcl_gold_dim_sweep,b610216d2c0a,4,EntropyBalancing,FeasibleRestricted,17159597,500,500,5000,10,,1.2602688596543774,-1.0760274951941322,1.0090274951941323,-1.0090274951941323,,,0.0,,,,-0.06699999999999999,-0.06699999999999999,2.2180028034247736e-17,-0.06700000000000021,1.0,1.075134808307799,2.330510142004203,-0.6132355420152217,0.005560999999999927,-0.6210745420152217,0.0,,,,,2.647014856338501
l1tcl_gold_dim_sweep,b610216d2c0a,4,OutcomeModelTransport,FeasibleRestricted,17159597,500,500,5000,10,,0.08858257958067589,-0.09227303993317508,0.025273039933175104,-0.025273039933175104,,,0.0,,,,-0.06699999999999999,-0.06699999999999999,5.944285187579445e-17,-0.06700000000000021,1.0,0.07050392400582932,0.17517360355398132,-0.6164515420152218,0.008777000000000035,-0.6210745420152217,0.0,,,,,0.11363816261291504
l1tcl_gold_dim_sweep,b610216d2c0a,4,DRLearner_PooledWithSite,OracleTargetTreated,17159597,500,500,5000,10,,0.08763810071827587,-0.1080033597892517,0.04100335978925172,-0.04100335978925172,,,0.0,,,,-0.06699999999999999,-0.06699999999999999,8.792348386945095e-17,-0.06700000000000024,1.0,0.06884216351108101,0.1808091218643028,-0.6126325420152217,0.004957999999999907,-0.6210745420152217,0.0,,,,,1.3538224697113037
l1tcl_gold_dim_sweep,b610216d2c0a,4,DRLearner_PooledNoSite,OracleTargetTreated,17159597,500,500,5000,10,,0.08732437657084716,-0.10826577956851545,0.04126577956851547,-0.04126577956851547,,,0.0,,,,-0.06699999999999999,-0.06699999999999999,8.009881003560519e-17,-0.06700000000000021,1.0,0.06849593915819939,0.1803388769676647,-0.6126325420152217,0.004957999999999907,-0.6210745420152218,1.1102230246251565e-16,,,,,0.5985279083251953
l1tcl_gold_dim_sweep,7f56eded32ca,4,TargetOnlyDR,OracleTargetTreated,197878652,100,100,5000,10,,0.4244374259490081,0.1434605332306237,0.21046053323062366,0.21046053323062366,,,0.0,,,,-0.06699999999999999,-0.06699999999999999,-3.6220363355811946e-17,-0.06700000000000025,1.0,0.3351358485996749,0.8914565925724306,-0.13823192659813063,0.043080999999999994,-0.10855092659813062,-1.3877787807814457e-17,0.0,0.0,,,18.959600925445557
l1tcl_gold_dim_sweep,7f56eded32ca,4,ProxyOnly,FeasibleRestricted,197878652,100,100,5000,10,,0.800935061659751,0.5436484013505595,0.6106484013505594,0.6106484013505594,,,0.0,,,,-0.06699999999999999,-0.06699999999999999,1.6195410419422022e-18,-0.06700000000000023,1.0,0.6746455920482092,1.484091688239971,-0.15143092659813062,0.05627999999999998,-0.10855092659813063,0.0,0.0,0.0,,,9.840016603469849
l1tcl_gold_dim_sweep,7f56eded32ca,4,AnchorOnly,OracleTargetTreated,197878652,100,100,5000,10,,0.38830400209268545,0.15361788902634624,0.22061788902634621,0.22061788902634621,,,0.0,,,,-0.06699999999999999,-0.06699999999999999,-4.992571534076706e-17,-0.06700000000000024,1.0,0.3052901863387443,0.8090363408270528,-0.14071092659813061,0.045559999999999976,-0.10855092659813062,-1.3877787807814457e-17,0.011095981921362134,15.0,,,17.133804082870483
l1tcl_gold_dim_sweep,7f56eded32ca,4,AnchorPlugin,FeasibleRestricted,197878652,100,100,5000,10,,1.085644737513915,0.2588586275470537,0.32585862754705364,0.32585862754705364,,,0.0,,,,-0.06699999999999999,-0.06699999999999999,1.121928338165671e-17,-0.06700000000000021,1.0,0.8576438945018898,2.1737822388550443,-0.1356189265981306,0.04046799999999996,-0.10855092659813062,-1.3877787807814457e-17,0.01009953661430666,69.0,,,8.524897336959839
l1tcl_gold_dim_sweep,7f56eded32ca,4,ProposedA_FullyDirect,OracleTargetTreated,197878652,100,100,5000,10,,0.3603097116833997,0.09986436028640347,0.16686436028640345,0.16686436028640345,,,0.0,,,,-0.06699999999999999,-0.06699999999999999,1.2270199141016218e-17,-0.06700000000000024,1.0,0.29741021216980196,0.6654287918323595,-0.13943792659813062,0.04428699999999998,-0.10855092659813062,-1.3877787807814457e-17,0.0,0.0,,,21.709141969680786
l1tcl_gold_dim_sweep,7f56eded32ca,4,ProposedB_LinearStepB,OracleTargetTreated,197878652,100,100,5000,10,,0.37118377161193405,0.14108121829115478,0.20808121829115475,0.20808121829115475,,,0.0,,,,-0.06699999999999999,-0.06699999999999999,-2.817016270692547e-17,-0.06700000000000025,1.0,0.29067796485835184,0.7781616925083251,-0.14057692659813062,0.04542599999999998,-0.10855092659813062,-1.3877787807814457e-17,0.06038249112277359,75.0,1.9483614375295524,10.0,214.84002900123596
l1tcl_gold_dim_sweep,7f56eded32ca,4,ProposedB_SourceDR,FeasibleRestricted,197878652,100,100,5000,10,,0.12462102359015625,-0.06504040476213366,0.0019595952378663184,0.0019595952378663184,,,0.0,,,,-0.06699999999999999,-0.06699999999999999,5.824007634293146e-17,-0.06700000000000024,1.0,0.06492082166359489,0.27338892823599736,-0.10191792659813063,0.006766999999999995,-0.10855092659813062,-1.3877787807814457e-17,0.012928202545714043,61.0,1.9483614375295524,10.0,168.00523209571838
l1tcl_gold_dim_sweep,7f56eded32ca,4,IPWTransport,FeasibleRestricted,197878652,100,100,5000,10,,0.13189889014282424,-0.0970487878840445,0.030048787884044525,-0.030048787884044525,,,0.0,,,,-0.06699999999999999,-0.06699999999999999,7.468320770894499e-17,-0.06700000000000025,1.0,0.10642620048639248,0.25235767919838176,-0.11109692659813064,0.015946000000000002,-0.10855092659813063,0.0,,,,,1.5786497592926025
l1tcl_gold_dim_sweep,7f56eded32ca,4,EntropyBalancing,FeasibleRestricted,197878652,100,100,5000,10,,1.0701726421732227,-0.4809323218547675,0.41393232185476747,-0.41393232185476747,,,0.0,,,,-0.06699999999999999,-0.06699999999999999,-1.5602713537905624e-18,-0.06700000000000024,1.0,0.8465010547162292,2.1653163623964953,-0.11551892659813061,0.02036799999999997,-0.10855092659813063,0.0,,,,,4.648102283477783
l1tcl_gold_dim_sweep,7f56eded32ca,4,OutcomeModelTransport,FeasibleRestricted,197878652,100,100,5000,10,,0.13171426966092706,-0.09657274808608349,0.02957274808608351,-0.02957274808608351,,,0.0,,,,-0.06699999999999999,-0.06699999999999999,7.370602462111291e-17,-0.06700000000000023,1.0,0.10626705645888981,0.25176880721695666,-0.11123092659813062,0.016079999999999983,-0.10855092659813063,0.0,,,,,0.38430285453796387
l1tcl_gold_dim_sweep,7f56eded32ca,4,DRLearner_PooledWithSite,OracleTargetTreated,197878652,100,100,5000,10,,0.12978965016115926,-0.06914106664963773,0.0021410666496377573,-0.0021410666496377573,,,0.0,,,,-0.06699999999999999,-0.06699999999999999,8.143725864294921e-17,-0.06700000000000021,1.0,0.10456593669510254,0.2278524270208246,-0.11484892659813062,0.01969799999999998,-0.10855092659813065,1.3877787807814457e-17,,,,,3.0763533115386963
l1tcl_gold_dim_sweep,7f56eded32ca,4,DRLearner_PooledNoSite,OracleTargetTreated,197878652,100,100,5000,10,,0.1302032164050432,-0.06692582908739951,7.417091260046582e-05,7.417091260046582e-05,,,0.0,,,,-0.06699999999999999,-0.06699999999999999,8.045934342546132e-17,-0.06700000000000025,1.0,0.10513443688177473,0.2254333484220133,-0.1151839265981306,0.020032999999999967,-0.10855092659813065,1.3877787807814457e-17,,,,,0.9929370880126953
l1tcl_gold_dim_sweep,7f56eded32ca,0,TargetOnlyDR,OracleTargetTreated,556657090,100,100,5000,10,,0.342549747186623,-0.024767527330764347,0.04223247266923563,0.04223247266923563,,,0.0,,,,-0.06699999999999999,-0.06699999999999999,-4.322634713723508e-17,-0.06700000000000027,1.0,0.25815097699455075,0.663294571123757,1.1571467818694279,0.0302840000000002,1.1740307818694282,0.0,0.0,0.0,,,14.351890325546265
l1tcl_gold_dim_sweep,7f56eded32ca,0,ProxyOnly,FeasibleRestricted,556657090,100,100,5000,10,,2.185492351507592,-2.2244027124773016,2.1574027124773014,-2.1574027124773014,,,0.0,,,,-0.06699999999999999,-0.06699999999999999,-2.310811605417817e-17,-0.06700000000000027,1.0,2.157402712477302,2.791712585881836,1.187430781869428,0.0,1.1740307818694282,0.0,0.0,0.0,,,10.467473030090332
l1tcl_gold_dim_sweep,7f56eded32ca,0,AnchorOnly,OracleTargetTreated,556657090,100,100,5000,10,,0.39080422088235217,-0.06126440098604087,0.005735599013959106,0.005735599013959106,,,0.0,,,,-0.06699999999999999,-0.06699999999999999,-2.435027591438044e-17,-0.06700000000000027,1.0,0.30142332641311703,0.7893965765115428,1.1606977818694282,0.026732999999999896,1.1740307818694282,0.0,0.00927768223179223,16.0,,,16.550367832183838
l1tcl_gold_dim_sweep,7f56eded32ca,0,AnchorPlugin,FeasibleRestricted,556657090,100,100,5000,10,,1.4547752799165297,-1.313696921306212,1.246696921306212,-1.246696921306212,,,0.0,,,,-0.06699999999999999,-0.06699999999999999,3.34927009773927e-18,-0.06700000000000024,1.0,1.2613564035353686,2.527024990103973,1.184549781869428,0.0028810000000001335,1.1740307818694282,0.0,0.03354861782133318,60.0,,,9.613301277160645
l1tcl_gold_dim_sweep,7f56eded32ca,0,ProposedA_FullyDirect,OracleTargetTreated,556657090,100,100,5000,10,,0.2649610126785879,-0.049371743511869653,0.017628256488130323,0.017628256488130323,,,0.0,,,,-0.06699999999999999,-0.06699999999999999,6.8601766768159094e-18,-0.06700000000000024,1.0,0.21167119704431137,0.4967958802856946,1.1590227818694279,0.02840800000000021,1.174030781869428,2.220446049250313e-16,0.0,0.0,,,19.840991973876953
l1tcl_gold_dim_sweep,7f56eded32ca,0,ProposedB_LinearStepB,OracleTargetTreated,556657090,100,100,5000,10,,0.2513721469735976,-0.04935886418896959,0.017641135811030384,0.017641135811030384,,,0.0,,,,-0.06699999999999999,-0.06699999999999999,-4.913183875462894e-17,-0.06700000000000025,1.0,0.19758339949830322,0.495297538089032,1.159625781869428,0.02780500000000008,1.174030781869428,2.220446049250313e-16,0.022000810969043882,81.0,2.1144571525878737,10.0,216.9779486656189
l1tcl_gold_dim_sweep,7f56eded32ca,0,ProposedB_SourceDR,FeasibleRestricted,556657090,100,100,5000,10,,0.056575307135087106,-0.07118650031980045,0.0041865003198004735,-0.0041865003198004735,,,0.0,,,,-0.06699999999999999,-0.06699999999999999,1.3746708374286978e-16,-0.06700000000000023,1.0,0.04309036886849366,0.1009895048803526,1.181199781869428,0.006231000000000098,1.174030781869428,2.220446049250313e-16,0.019670039467175205,72.0,2.114457152587874,10.0,185.05002188682556
l1tcl_gold_dim_sweep,7f56eded32ca,0,IPWTransport,FeasibleRestricted,556657090,100,100,5000,10,,0.1613784781525061,-0.14321882167964692,0.07621882167964694,-0.07621882167964694,,,0.0,,,,-0.06699999999999999,-0.06699999999999999,7.536963174513918e-17,-0.06700000000000024,1.0,0.13014404554317754,0.32347462122834353,1.176241781869428,0.011189000000000116,1.174030781869428,2.220446049250313e-16,,,,,1.4443459510803223
l1tcl_gold_dim_sweep,7f56eded32ca,0,EntropyBalancing,FeasibleRestricted,556657090,100,100,5000,10,,1.072139718759343,-0.27360838355686073,0.20660838355686076,-0.20660838355686076,,,0.0,,,,-0.06699999999999999,-0.06699999999999999,-1.1814083765274383e-17,-0.06700000000000023,1.0,0.8559678516079001,2.1034567955732526,1.160429781869428,0.027001000000000053,1.174030781869428,2.220446049250313e-16,,,,,2.5955209732055664
l1tcl_gold_dim_sweep,7f56eded32ca,0,OutcomeModelTransport,FeasibleRestricted,556657090,100,100,5000,10,,0.16022155314317385,-0.13988077980392016,0.07288077980392019,-0.07288077980392019,,,0.0,,,,-0.06699999999999999,-0.06699999999999999,7.262638122784486e-17,-0.06700000000000024,1.0,0.1291643835516603,0.3209060256430584,1.175839781869428,0.011591000000000129,1.174030781869428,2.220446049250313e-16,,,,,0.2891838550567627
l1tcl_gold_dim_sweep,7f56eded32ca,0,DRLearner_PooledWithSite,OracleTargetTreated,556657090,100,100,5000,10,,0.15002700836737035,-0.125109189496887,0.05810918949688704,-0.05810918949688704,,,0.0,,,,-0.06699999999999999,-0.06699999999999999,7.688137041138549e-17,-0.06700000000000023,1.0,0.12023115774558422,0.2993405233062867,1.174298781869428,0.013132000000000144,1.1740307818694282,0.0,,,,,2.677610397338867
l1tcl_gold_dim_sweep,7f56eded32ca,0,DRLearner_PooledNoSite,OracleTargetTreated,556657090,100,100,5000,10,,0.1493696766109335,-0.1257437647903984,0.05874376479039842,-0.05874376479039842,,,0.0,,,,-0.06699999999999999,-0.06699999999999999,7.411307785864909e-17,-0.06700000000000023,1.0,0.11964687488955192,0.29866562508112704,1.1747007818694277,0.012730000000000352,1.1740307818694282,0.0,,,,,1.1915905475616455
l1tcl_gold_dim_sweep,7f56eded32ca,2,TargetOnlyDR,OracleTargetTreated,620291505,100,100,5000,10,,0.3214576942598162,-0.031382497184308536,0.03561750281569144,0.03561750281569144,,,0.0,,,,-0.06699999999999999,-0.06699999999999999,-3.36738102528583e-17,-0.06700000000000025,1.0,0.25249491038377475,0.639804163633491,-1.0326786653309616,0.029413000000000133,-1.0166656653309616,2.220446049250313e-16,0.0,0.0,,,16.829463958740234
l1tcl_gold_dim_sweep,7f56eded32ca,2,ProxyOnly,FeasibleRestricted,620291505,100,100,5000,10,,1.8001060509410516,1.700539306871307,1.767539306871307,1.767539306871307,,,0.0,,,,-0.06699999999999999,-0.06699999999999999,-3.668389635883281e-18,-0.06700000000000024,1.0,1.7675393068713072,2.380796145854503,-1.0702656653309617,0.06700000000000017,-1.0166656653309618,4.440892098500626e-16,0.0,0.0,,,10.16562271118164
l1tcl_gold_dim_sweep,7f56eded32ca,2,AnchorOnly,OracleTargetTreated,620291505,100,100,5000,10,,0.2758226316044928,-0.07539182917944294,0.008391829179442964,-0.008391829179442964,,,0.0,,,,-0.06699999999999999,-0.06699999999999999,-1.685387355457579e-17,-0.06700000000000025,1.0,0.21927934969323948,0.4947490234071337,-1.0292616653309614,0.025995999999999908,-1.0166656653309618,4.440892098500626e-16,0.012377796776676643,0.0,,,18.486037015914917
l1tcl_gold_dim_sweep,7f56eded32ca,2,AnchorPlugin,FeasibleRestricted,620291505,100,100,5000,10,,0.8867669063056695,0.7479917998348267,0.8149917998348266,0.8149917998348266,,,0.0,,,,-0.06699999999999999,-0.06699999999999999,5.111774597203494e-18,-0.06700000000000025,1.0,0.8149917998348266,1.4321724052114027,-1.0692606653309615,0.06599500000000003,-1.0166656653309616,2.220446049250313e-16,0.09043457154461236,20.0,,,8.757635354995728
l1tcl_gold_dim_sweep,7f56eded32ca,2,ProposedA_FullyDirect,OracleTargetTreated,620291505,100,100,5000,10,,0.3726479779475102,0.06386884114665896,0.13086884114665892,0.13086884114665892,,,0.0,,,,-0.06699999999999999,-0.06699999999999999,-6.545784081662172e-18,-0.06700000000000027,1.0,0.31186250174281394,0.644337914334964,-1.0509026653309617,0.04763700000000015,-1.0166656653309618,4.440892098500626e-16,0.0,0.0,,,21.78360629081726
l1tcl_gold_dim_sweep,7f56eded32ca,2,ProposedB_LinearStepB,OracleTargetTreated,620291505,100,100,5000,10,,0.2639361743831854,-0.09936413300272474,0.03236413300272477,-0.03236413300272477,,,0.0,,,,-0.06699999999999999,-0.06699999999999999,-4.0746787635780707e-17,-0.06700000000000024,1.0,0.2066532548148673,0.5160651736233496,-1.0271846653309618,0.023919000000000246,-1.0166656653309618,4.440892098500626e-16,0.13011587022473728,38.0,2.1666922100144244,10.0,227.11603021621704
l1tcl_gold_dim_sweep,7f56eded32ca,2,ProposedB_SourceDR,FeasibleRestricted,620291505,100,100,5000,10,,0.06842109425964102,-0.03574013944961103,0.03125986055038894,0.03125986055038894,,,0.0,,,,-0.06699999999999999,-0.06699999999999999,-1.7072137302441536e-17,-0.06700000000000024,1.0,0.05519656488861943,0.132601885961049,-1.0214226653309617,0.0181570000000002,-1.0166656653309618,4.440892098500626e-16,0.07880696398503895,19.0,2.1666922100144244,10.0,177.43983149528503
l1tcl_gold_dim_sweep,7f56eded32ca,2,IPWTransport,FeasibleRestricted,620291505,100,100,5000,10,,0.15438018657129277,-0.030679444251671403,0.03632055574832857,0.03632055574832857,,,0.0,,,,-0.06699999999999999,-0.06699999999999999,-2.9882328530357653e-17,-0.06700000000000024,1.0,0.12162603944057956,0.30606205066820197,-1.0306016653309615,0.027336000000000027,-1.0166656653309614,0.0,,,,,1.147524356842041
l1tcl_gold_dim_sweep,7f56eded32ca,2,EntropyBalancing,FeasibleRestricted,620291505,100,100,5000,10,,1.0159359601531102,-0.5442029313449869,0.4772029313449869,-0.4772029313449869,,,0.0,,,,-0.06699999999999999,-0.06699999999999999,2.482920302175898e-17,-0.06700000000000024,1.0,0.8184520105328852,2.0057201009210943,-1.0218246653309615,0.018558999999999992,-1.0166656653309616,2.220446049250313e-16,,,,,2.54547119140625
l1tcl_gold_dim_sweep,7f56eded32ca,2,OutcomeModelTransport,FeasibleRestricted,620291505,100,100,5000,10,,0.15641972959992245,-0.020665019563178472,0.04633498043682151,0.04633498043682151,,,0.0,,,,-0.06699999999999999,-0.06699999999999999,-3.294649176506032e-17,-0.06700000000000021,1.0,0.12304670656687536,0.31511909201152133,-1.0324776653309617,0.029212000000000238,-1.0166656653309614,0.0,,,,,0.24072909355163574
l1tcl_gold_dim_sweep,7f56eded32ca,2,DRLearner_PooledWithSite,OracleTargetTreated,620291505,100,100,5000,10,,0.13982608252031997,-0.06412861644249883,0.0028713835575011476,0.0028713835575011476,,,0.0,,,,-0.06699999999999999,-0.06699999999999999,-2.797792444798028e-17,-0.06700000000000024,1.0,0.11068427386696465,0.26008673919001235,-1.0233656653309617,0.02010000000000023,-1.0166656653309618,4.440892098500626e-16,,,,,1.9797368049621582
l1tcl_gold_dim_sweep,7f56eded32ca,2,DRLearner_PooledNoSite,OracleTargetTreated,620291505,100,100,5000,10,,0.14042473441529787,-0.05792018186168645,0.009079818138313524,0.009079818138313524,,,0.0,,,,-0.06699999999999999,-0.06699999999999999,-3.0971333922040747e-17,-0.06700000000000025,1.0,0.11071537290414411,0.26654502938339525,-1.0239016653309616,0.0206360000000001,-1.0166656653309618,4.440892098500626e-16,,,,,0.8531098365783691
l1tcl_gold_dim_sweep,1a9d63883567,2,TargetOnlyDR,OracleTargetTreated,479407496,200,200,5000,10,,0.2567432500736804,-0.04591117161402087,0.021088828385979107,0.021088828385979107,,,0.0,,,,-0.06699999999999999,-0.06699999999999999,-2.2003099951412356e-17,-0.06700000000000025,1.0,0.20298473960808322,0.474202733831593,-0.31336311812165185,0.028206999999999982,-0.29855611812165195,5.551115123125783e-17,0.0,0.0,,,18.723538875579834
l1tcl_gold_dim_sweep,1a9d63883567,2,ProxyOnly,FeasibleRestricted,479407496,200,200,5000,10,,1.0655167244338049,0.9224352326178402,0.9894352326178402,0.9894352326178402,,,0.0,,,,-0.06699999999999999,-0.06699999999999999,2.259162421702596e-18,-0.06700000000000025,1.0,0.9894352326178403,1.7115332078308938,-0.35195511812165187,0.066799,-0.29855611812165195,5.551115123125783e-17,0.0,0.0,,,9.921149730682373
l1tcl_gold_dim_sweep,1a9d63883567,2,AnchorOnly,OracleTargetTreated,479407496,200,200,5000,10,,0.2652298975309238,-0.039433821181265837,0.02756617881873414,0.02756617881873414,,,0.0,,,,-0.06699999999999999,-0.06699999999999999,-5.380307460687774e-17,-0.06700000000000025,1.0,0.20485233371677805,0.5135059148894026,-0.3136981181216519,0.028542000000000012,-0.29855611812165195,5.551115123125783e-17,0.015975193586916594,12.0,,,25.642534732818604
l1tcl_gold_dim_sweep,1a9d63883567,2,AnchorPlugin,FeasibleRestricted,479407496,200,200,5000,10,,0.6509978271423656,0.30034451084421165,0.3673445108442116,0.3673445108442116,,,0.0,,,,-0.06699999999999999,-0.06699999999999999,-4.29919230744688e-18,-0.06700000000000023,1.0,0.5174260434422947,1.337504195382703,-0.33292711812165193,0.04777100000000006,-0.2985561181216519,0.0,0.03375160899645069,62.0,,,10.594139099121094
l1tcl_gold_dim_sweep,1a9d63883567,2,ProposedA_FullyDirect,OracleTargetTreated,479407496,200,200,5000,10,,0.2152790511707565,-0.043259163461282155,0.02374083653871782,0.02374083653871782,,,0.0,,,,-0.06699999999999999,-0.06699999999999999,-1.8550393732823707e-17,-0.06700000000000024,1.0,0.1590919634388307,0.412210878129988,-0.3107501181216519,0.025594000000000006,-0.2985561181216519,0.0,0.0,0.0,,,23.052372217178345
l1tcl_gold_dim_sweep,1a9d63883567,2,ProposedB_LinearStepB,OracleTargetTreated,479407496,200,200,5000,10,,0.21465274660872818,-0.053148565800388174,0.013851434199611802,0.013851434199611802,,,0.0,,,,-0.06699999999999999,-0.06699999999999999,-5.738496486059117e-17,-0.06700000000000023,1.0,0.1660703989985095,0.4056164216045863,-0.31188911812165193,0.026733000000000062,-0.29855611812165195,5.551115123125783e-17,0.04554209642830788,79.0,1.9177505960337773,10.0,186.06779146194458
l1tcl_gold_dim_sweep,1a9d63883567,2,ProposedB_SourceDR,FeasibleRestricted,479407496,200,200,5000,10,,0.06036357025199635,-0.06312457468054809,0.0038754253194518834,0.0038754253194518834,,,0.0,,,,-0.06699999999999999,-0.06699999999999999,6.159984798450289e-18,-0.06700000000000027,1.0,0.046688316501434464,0.10565589638055271,-0.29453611812165187,0.00938,-0.29855611812165195,5.551115123125783e-17,0.029328281858237056,61.0,1.917750596033777,10.0,104.24761056900024
l1tcl_gold_dim_sweep,1a9d63883567,2,IPWTransport,FeasibleRestricted,479407496,200,200,5000,10,,0.17874267630107296,0.019784613703744215,0.08678461370374418,0.08678461370374418,,,0.0,,,,-0.06699999999999999,-0.06699999999999999,-4.6417732465279415e-17,-0.06700000000000025,1.0,0.14402927174883343,0.3598565732151774,-0.32207311812165196,0.03691700000000009,-0.2985561181216519,0.0,,,,,1.3154826164245605
l1tcl_gold_dim_sweep,1a9d63883567,2,EntropyBalancing,FeasibleRestricted,479407496,200,200,5000,10,,0.9528113893026176,0.45496209781802915,0.5219620978180292,0.5219620978180292,,,0.0,,,,-0.06699999999999999,-0.06699999999999999,1.2705761805359604e-17,-0.06700000000000023,1.0,0.7663167830456856,1.9033995003526065,-0.3338651181216519,0.04870900000000006,-0.2985561181216519,0.0,,,,,2.6939427852630615
l1tcl_gold_dim_sweep,1a9d63883567,2,OutcomeModelTransport,FeasibleRestricted,479407496,200,200,5000,10,,0.17774460939984918,0.01768887727288041,0.08468887727288038,0.08468887727288038,,,0.0,,,,-0.06699999999999999,-0.06699999999999999,-4.636006662867007e-17,-0.06700000000000027,1.0,0.14321497229469662,0.3577696791649852,-0.3215371181216519,0.03638100000000005,-0.2985561181216519,0.0,,,,,0.30570411682128906
l1tcl_gold_dim_sweep,1a9d63883567,2,DRLearner_PooledWithSite,OracleTargetTreated,479407496,200,200,5000,10,,0.14492518673335536,-0.06040091853421386,0.006599081465786118,0.006599081465786118,,,0.0,,,,-0.06699999999999999,-0.06699999999999999,-4.306288036334946e-17,-0.06700000000000027,1.0,0.11739447937104941,0.25791294021391403,-0.3082041181216519,0.023048000000000013,-0.2985561181216519,0.0,,,,,1.5094513893127441
l1tcl_gold_dim_sweep,1a9d63883567,2,DRLearner_PooledNoSite,OracleTargetTreated,479407496,200,200,5000,10,,0.14609847554830535,-0.059383153970119076,0.0076168460298809,0.0076168460298809,,,0.0,,,,-0.06699999999999999,-0.06699999999999999,-4.1747067367869686e-17,-0.06700000000000023,1.0,0.11835003093517088,0.26095072644101797,-0.30833811812165185,0.02318199999999998,-0.2985561181216519,0.0,,,,,0.6062564849853516
l1tcl_gold_dim_sweep,1a9d63883567,3,TargetOnlyDR,OracleTargetTreated,194039570,200,200,5000,10,,0.257308688630716,-0.08486251952710043,0.017862519527100454,-0.017862519527100454,,,0.0,,,,-0.06699999999999999,-0.06699999999999999,8.473832614550889e-18,-0.06700000000000027,1.0,0.1985287793883874,0.49534775326859815,1.0923466885814723,0.022511999999999865,1.1014586885814723,0.0,0.0,0.0,,,20.68232011795044
l1tcl_gold_dim_sweep,1a9d63883567,3,ProxyOnly,FeasibleRestricted,194039570,200,200,5000,10,,1.5485848991462163,-1.578358914070751,1.511358914070751,-1.511358914070751,,,0.0,,,,-0.06699999999999999,-0.06699999999999999,-5.46093401590696e-18,-0.06700000000000024,1.0,1.5113589140707515,2.1025572648121487,1.1148586885814722,0.0,1.1014586885814723,0.0,0.0,0.0,,,10.712585926055908
l1tcl_gold_dim_sweep,1a9d63883567,3,AnchorOnly,OracleTargetTreated,194039570,200,200,5000,10,,0.24637554686081645,-0.14503938675099431,0.07803938675099434,-0.07803938675099434,,,0.0,,,,-0.06699999999999999,-0.06699999999999999,1.128525044840513e-17,-0.06700000000000021,1.0,0.1971494692899518,0.4559095993099587,1.0985776885814722,0.01628099999999999,1.1014586885814721,2.220446049250313e-16,0.008412757351706142,30.0,,,32.075724363327026
l1tcl_gold_dim_sweep,1a9d63883567,3,AnchorPlugin,FeasibleRestricted,194039570,200,200,5000,10,,1.1761324050726913,-0.969434311841424,0.9024343118414241,-0.9024343118414241,,,0.0,,,,-0.06699999999999999,-0.06699999999999999,-9.135908950173733e-18,-0.06700000000000024,1.0,0.9841051605809366,2.2320090466197224,1.1083596885814722,0.0064990000000000325,1.1014586885814723,0.0,0.017188983805284774,77.0,,,14.116436243057251
l1tcl_gold_dim_sweep,1a9d63883567,3,ProposedA_FullyDirect,OracleTargetTreated,194039570,200,200,5000,10,,0.15716280255216727,-0.1199430908527263,0.05294309085272632,-0.05294309085272632,,,0.0,,,,-0.06699999999999999,-0.06699999999999999,-9.160227148761167e-17,-0.06700000000000024,1.0,0.12368086438233834,0.31365465006126225,1.1013246885814723,0.013533999999999935,1.1014586885814721,2.220446049250313e-16,0.0,0.0,,,27.55493927001953
l1tcl_gold_dim_sweep,1a9d63883567,3,ProposedB_LinearStepB,OracleTargetTreated,194039570,200,200,5000,10,,0.20779179921601826,-0.1426274770466149,0.07562747704661493,-0.07562747704661493,,,0.0,,,,-0.06699999999999999,-0.06699999999999999,1.4736444109769417e-17,-0.06700000000000024,1.0,0.16386786339603115,0.39700433568315213,1.1017266885814723,0.013131999999999922,1.1014586885814721,2.220446049250313e-16,0.022244239455513647,88.0,2.014154454427861,10.0,179.21236276626587
l1tcl_gold_dim_sweep,1a9d63883567,3,ProposedB_SourceDR,FeasibleRestricted,194039570,200,200,5000,10,,0.04922910160414952,-0.07803072539617541,0.011030725396175431,-0.011030725396175431,,,0.0,,,,-0.06699999999999999,-0.06699999999999999,-1.2556673180555232e-16,-0.06700000000000027,1.0,0.0370744558633427,0.09072391822015986,1.1114416885814724,0.0034169999999997813,1.1014586885814721,2.220446049250313e-16,0.015038159308185282,76.0,2.0141544544278602,10.0,96.16085743904114
l1tcl_gold_dim_sweep,1a9d63883567,3,IPWTransport,FeasibleRestricted,194039570,200,200,5000,10,,0.15458857182380453,-0.16420288283985776,0.09720288283985778,-0.09720288283985778,,,0.0,,,,-0.06699999999999999,-0.06699999999999999,8.072148910743168e-18,-0.06700000000000018,1.0,0.1258111132257244,0.30568872019999704,1.1095656885814724,0.00529299999999977,1.1014586885814721,2.220446049250313e-16,,,,,1.1404507160186768
l1tcl_gold_dim_sweep,1a9d63883567,3,EntropyBalancing,FeasibleRestricted,194039570,200,200,5000,10,,1.0775955518631615,0.21041305257335718,0.27741305257335713,0.27741305257335713,,,0.0,,,,-0.06699999999999999,-0.06699999999999999,-7.419023529169821e-18,-0.06700000000000025,1.0,0.8592576070804573,2.151940674204548,1.0753956885814724,0.039462999999999804,1.1014586885814723,0.0,,,,,2.6989011764526367
l1tcl_gold_dim_sweep,1a9d63883567,3,OutcomeModelTransport,FeasibleRestricted,194039570,200,200,5000,10,,0.14208805642169692,-0.14221981241603526,0.07521981241603529,-0.07521981241603529,,,0.0,,,,-0.06699999999999999,-0.06699999999999999,2.14830471117292e-17,-0.06700000000000027,1.0,0.11446553603595684,0.2839437231543615,1.1064836885814722,0.008375000000000021,1.1014586885814721,2.220446049250313e-16,,,,,0.2545008659362793
l1tcl_gold_dim_sweep,1a9d63883567,3,DRLearner_PooledWithSite,OracleTargetTreated,194039570,200,200,5000,10,,0.11856249124574464,-0.0931744915618493,0.026174491561849325,-0.026174491561849325,,,0.0,,,,-0.06699999999999999,-0.06699999999999999,-6.6794400615270536e-18,-0.06700000000000027,1.0,0.09541745480397953,0.2253214705165258,1.1003866885814724,0.014471999999999818,1.1014586885814721,2.220446049250313e-16,,,,,1.5489802360534668
l1tcl_gold_dim_sweep,1a9d63883567,3,DRLearner_PooledNoSite,OracleTargetTreated,194039570,200,200,5000,10,,0.11795108039604518,-0.09362278611193298,0.026622786111933,-0.026622786111933,,,0.0,,,,-0.06699999999999999,-0.06699999999999999,-3.717814156915427e-18,-0.06700000000000023,1.0,0.09481230793457719,0.2244750853343609,1.100654688581472,0.014204000000000105,1.1014586885814721,2.220446049250313e-16,,,,,0.5370461940765381
l1tcl_gold_dim_sweep,1a9d63883567,0,TargetOnlyDR,OracleTargetTreated,89658912,200,200,5000,10,,0.3364656438726168,-0.18402230552552304,0.11702230552552306,-0.11702230552552306,,,0.0,,,,-0.06699999999999999,-0.06699999999999999,3.3847046269903854e-17,-0.06700000000000027,1.0,0.27246563998920187,0.6144389140594091,-1.0201201850045176,0.018224000000000018,-1.0152961850045177,0.0,0.0,0.0,,,17.09268808364868
l1tcl_gold_dim_sweep,1a9d63883567,0,ProxyOnly,FeasibleRestricted,89658912,200,200,5000,10,,0.9541264660716074,0.7884005186315335,0.8554005186315334,0.8554005186315334,,,0.0,,,,-0.06699999999999999,-0.06699999999999999,-4.725445812672487e-18,-0.06700000000000023,1.0,0.8554005186315337,1.575197228842588,-1.0671541850045176,0.06525800000000004,-1.0152961850045177,0.0,0.0,0.0,,,10.050313711166382
l1tcl_gold_dim_sweep,1a9d63883567,0,AnchorOnly,OracleTargetTreated,89658912,200,200,5000,10,,0.2512702518240082,-0.12446258017431988,0.057462580174319905,-0.057462580174319905,,,0.0,,,,-0.06699999999999999,-0.06699999999999999,-3.113282512326718e-17,-0.06700000000000023,1.0,0.19878834445110674,0.5043724159445585,-1.0236711850045177,0.0217750000000001,-1.0152961850045177,0.0,0.005290758366306524,34.0,,,25.29743528366089
l1tcl_gold_dim_sweep,1a9d63883567,0,AnchorPlugin,FeasibleRestricted,89658912,200,200,5000,10,,1.0679618518805325,0.5400871350524052,0.6070871350524052,0.6070871350524052,,,0.0,,,,-0.06699999999999999,-0.06699999999999999,-1.9644449066885485e-17,-0.06700000000000023,1.0,0.8519756133038389,2.136399968943232,-1.0500691850045178,0.04817300000000024,-1.0152961850045177,0.0,0.014601778879464993,84.0,,,12.163269281387329
l1tcl_gold_dim_sweep,1a9d63883567,0,ProposedA_FullyDirect,OracleTargetTreated,89658912,200,200,5000,10,,0.17785930905953556,-0.10519644813533563,0.03819644813533565,-0.03819644813533565,,,0.0,,,,-0.06699999999999999,-0.06699999999999999,-4.566589284694513e-17,-0.06700000000000024,1.0,0.14268423950052606,0.3339828698107439,-1.0194501850045177,0.01755400000000007,-1.0152961850045177,0.0,0.0,0.0,,,29.822471141815186
l1tcl_gold_dim_sweep,1a9d63883567,0,ProposedB_LinearStepB,OracleTargetTreated,89658912,200,200,5000,10,,0.1768663442486099,-0.08254016660144167,0.015540166601441696,-0.015540166601441696,,,0.0,,,,-0.06699999999999999,-0.06699999999999999,-1.3229325567498195e-17,-0.06700000000000023,1.0,0.13678067743800973,0.3420362241355676,-1.0230011850045175,0.02110499999999993,-1.0152961850045177,0.0,0.016976470627308296,89.0,1.9093687965106092,10.0,205.18416500091553
l1tcl_gold_dim_sweep,1a9d63883567,0,ProposedB_SourceDR,FeasibleRestricted,89658912,200,200,5000,10,,0.06393261423308495,-0.11160867003737694,0.044608670037376966,-0.044608670037376966,,,0.0,,,,-0.06699999999999999,-0.06699999999999999,2.7984596709343266e-16,-0.06700000000000018,1.0,0.0523086906230338,0.1240437332474275,-1.0029011850045175,0.0010049999999999226,-1.0152961850045177,0.0,0.013562530795860402,85.0,1.9093687965106096,10.0,102.76744866371155
l1tcl_gold_dim_sweep,1a9d63883567,0,IPWTransport,FeasibleRestricted,89658912,200,200,5000,10,,0.15036077889365665,-0.09151477309506204,0.02451477309506206,-0.02451477309506206,,,0.0,,,,-0.06699999999999999,-0.06699999999999999,-3.788165164262149e-17,-0.06700000000000021,1.0,0.12018375978263549,0.28776403380342164,-1.0208571850045176,0.018961000000000006,-1.0152961850045177,0.0,,,,,0.8431148529052734
l1tcl_gold_dim_sweep,1a9d63883567,0,EntropyBalancing,FeasibleRestricted,89658912,200,200,5000,10,,1.0744165480726386,-0.45975674046161613,0.3927567404616161,-0.3927567404616161,,,0.0,,,,-0.06699999999999999,-0.06699999999999999,1.3359087213865202e-17,-0.06700000000000023,1.0,0.8561769261521639,2.1403723811382003,-1.0232691850045175,0.021372999999999864,-1.0152961850045177,0.0,,,,,1.9976720809936523
l1tcl_gold_dim_sweep,1a9d63883567,0,OutcomeModelTransport,FeasibleRestricted,89658912,200,200,5000,10,,0.1542313367445314,-0.1077607722557562,0.04076077225575622,-0.04076077225575622,,,0.0,,,,-0.06699999999999999,-0.06699999999999999,-3.1276836396463665e-17,-0.06700000000000024,1.0,0.12356459328882882,0.30527038479778984,-1.0181771850045176,0.01628099999999999,-1.0152961850045177,0.0,,,,,0.2805023193359375
l1tcl_gold_dim_sweep,1a9d63883567,0,DRLearner_PooledWithSite,OracleTargetTreated,89658912,200,200,5000,10,,0.14594203921036472,-0.08151089755431261,0.014510897554312632,-0.014510897554312632,,,0.0,,,,-0.06699999999999999,-0.06699999999999999,-3.1080383274705144e-17,-0.06700000000000025,1.0,0.11688337650335617,0.2724003495637909,-1.0217951850045177,0.01989900000000011,-1.0152961850045177,0.0,,,,,1.2158195972442627
l1tcl_gold_dim_sweep,1a9d63883567,0,DRLearner_PooledNoSite,OracleTargetTreated,89658912,200,200,5000,10,,0.14634838921817672,-0.07894177603094042,0.011941776030940446,-0.011941776030940446,,,0.0,,,,-0.06699999999999999,-0.06699999999999999,-2.96440406634342e-17,-0.06700000000000025,1.0,0.1174218886980193,0.2710686873450833,-1.0223981850045176,0.02050200000000002,-1.0152961850045177,0.0,,,,,0.7794644832611084
l1tcl_gold_dim_sweep,1a9d63883567,4,TargetOnlyDR,OracleTargetTreated,1641396445,200,200,5000,10,,0.308045196594597,-0.08289126222566892,0.015891262225668945,-0.015891262225668945,,,0.0,,,,-0.06699999999999999,-0.06699999999999999,-2.5526673247543114e-17,-0.06700000000000025,1.0,0.23606376854055633,0.5730312620008317,-0.024048610930309026,0.026129999999999983,-0.01131861093030904,1.214306433183765e-17,0.0,0.0,,,22.83072566986084
l1tcl_gold_dim_sweep,1a9d63883567,4,ProxyOnly,FeasibleRestricted,1641396445,200,200,5000,10,,0.4795915072259497,-0.32660088658175856,0.2596008865817586,-0.2596008865817586,,,0.0,,,,-0.06699999999999999,-0.06699999999999999,-6.495142482107319e-18,-0.06700000000000024,1.0,0.39206891019879836,0.9201090511853919,-0.011452610930309042,0.013534000000000001,-0.011318610930309041,1.3877787807814457e-17,0.0,0.0,,,14.16632866859436
l1tcl_gold_dim_sweep,1a9d63883567,4,AnchorOnly,OracleTargetTreated,1641396445,200,200,5000,10,,0.21612858375103006,-0.08838802997781127,0.021388029977811293,-0.021388029977811293,,,0.0,,,,-0.06699999999999999,-0.06699999999999999,-1.7215041265303345e-18,-0.06700000000000024,1.0,0.16887956410134342,0.40243486600595163,-0.01955961093030903,0.021640999999999987,-0.011318610930309041,1.3877787807814457e-17,0.005587773143105339,35.0,,,26.11033272743225
l1tcl_gold_dim_sweep,1a9d63883567,4,AnchorPlugin,FeasibleRestricted,1641396445,200,200,5000,10,,0.9342236323965679,-0.1407920578924086,0.07379205789240861,-0.07379205789240861,,,0.0,,,,-0.06699999999999999,-0.06699999999999999,9.890397939072037e-19,-0.06700000000000027,1.0,0.7489741276744087,1.7235500981013236,-0.027264610930309033,0.02934599999999999,-0.011318610930309048,2.0816681711721685e-17,0.010955926617040718,83.0,,,11.529311418533325
l1tcl_gold_dim_sweep,1a9d63883567,4,ProposedA_FullyDirect,OracleTargetTreated,1641396445,200,200,5000,10,,0.15883226889613283,-0.10923004940588742,0.04223004940588744,-0.04223004940588744,,,0.0,,,,-0.06699999999999999,-0.06699999999999999,5.321309900618157e-18,-0.06700000000000024,1.0,0.12278071556348202,0.3087188664061592,-0.012189610930309035,0.014270999999999994,-0.011318610930309033,5.204170427930421e-18,0.0,0.0,,,23.067557334899902
l1tcl_gold_dim_sweep,1a9d63883567,4,ProposedB_LinearStepB,OracleTargetTreated,1641396445,200,200,5000,10,,0.1745307946153653,-0.09388192221908634,0.026881922219086363,-0.026881922219086363,,,0.0,,,,-0.06699999999999999,-0.06699999999999999,-1.9795637431698662e-17,-0.06700000000000023,1.0,0.13569280902667596,0.33016659783816077,-0.016276610930309035,0.018357999999999992,-0.011318610930309031,3.469446951953614e-18,0.01731197864763979,94.0,1.9997853123791425,10.0,178.24111342430115
l1tcl_gold_dim_sweep,1a9d63883567,4,ProposedB_SourceDR,FeasibleRestricted,1641396445,200,200,5000,10,,0.062313822454042815,-0.0387404875280171,0.028259512471982877,0.028259512471982877,,,0.0,,,,-0.06699999999999999,-0.06699999999999999,5.991222396063193e-17,-0.06700000000000027,1.0,0.046562395388979945,0.13757154691102177,-0.011988610930309038,0.014069999999999997,-0.011318610930309038,1.0408340855860843e-17,0.010123783900394924,83.0,1.9997853123791414,10.0,110.25225472450256
l1tcl_gold_dim_sweep,1a9d63883567,4,IPWTransport,FeasibleRestricted,1641396445,200,200,5000,10,,0.15998994425178803,0.02660388232871845,0.09360388232871843,0.09360388232871843,,,0.0,,,,-0.06699999999999999,-0.06699999999999999,-8.46894769744607e-17,-0.06700000000000021,1.0,0.12964594763100293,0.32125841588741977,-0.03764961093030903,0.03973099999999999,-0.011318610930309038,1.0408340855860843e-17,,,,,1.6548495292663574
l1tcl_gold_dim_sweep,1a9d63883567,4,EntropyBalancing,FeasibleRestricted,1641396445,200,200,5000,10,,1.163280005296055,-0.7145395318496132,0.6475395318496132,-0.6475395318496132,,,0.0,,,,-0.06699999999999999,-0.06699999999999999,8.721161508478855e-18,-0.06700000000000025,1.0,0.9361187828403625,2.2930443820879693,-0.013261610930309038,0.015342999999999997,-0.011318610930309041,1.3877787807814457e-17,,,,,2.373701810836792
l1tcl_gold_dim_sweep,1a9d63883567,4,OutcomeModelTransport,FeasibleRestricted,1641396445,200,200,5000,10,,0.1785494395648698,0.056533217503135516,0.12353321750313549,0.12353321750313549,,,0.0,,,,-0.06699999999999999,-0.06699999999999999,-8.724457117365852e-17,-0.06700000000000023,1.0,0.14724430931844368,0.348145135116247,-0.04341161093030904,0.045493,-0.011318610930309038,1.0408340855860843e-17,,,,,0.3021855354309082
l1tcl_gold_dim_sweep,1a9d63883567,4,DRLearner_PooledWithSite,OracleTargetTreated,1641396445,200,200,5000,10,,0.12388798042848118,-0.08022245443160896,0.01322245443160898,-0.01322245443160898,,,0.0,,,,-0.06699999999999999,-0.06699999999999999,-6.475689493088231e-17,-0.06700000000000025,1.0,0.09835090701563741,0.22845254190298225,-0.01493661093030904,0.017018,-0.011318610930309036,8.673617379884035e-18,,,,,0.5093412399291992
l1tcl_gold_dim_sweep,1a9d63883567,4,DRLearner_PooledNoSite,OracleTargetTreated,1641396445,200,200,5000,10,,0.12352238036154103,-0.08252614315739265,0.015526143157392674,-0.015526143157392674,,,0.0,,,,-0.06699999999999999,-0.06699999999999999,-6.328796283793642e-17,-0.06700000000000023,1.0,0.09790485792759109,0.230312849917219,-0.014534610930309036,0.016615999999999995,-0.011318610930309031,3.469446951953614e-18,,,,,0.4685211181640625
l1tcl_gold_dim_sweep,1a9d63883567,1,TargetOnlyDR,OracleTargetTreated,365670378,200,200,5000,10,,0.2821259748886181,-0.05724817478041365,0.009751825219586327,0.009751825219586327,,,0.0,,,,-0.06699999999999999,-0.06699999999999999,1.7500109249831055e-17,-0.06700000000000027,1.0,0.20794517399514814,0.5518373783018229,-0.8075381465349867,0.026196999999999804,-0.7947411465349867,0.0,0.0,0.0,,,16.735785722732544
l1tcl_gold_dim_sweep,1a9d63883567,1,ProxyOnly,FeasibleRestricted,365670378,200,200,5000,10,,1.041785695738364,0.8935396964409751,0.960539696440975,0.960539696440975,,,0.0,,,,-0.06699999999999999,-0.06699999999999999,6.574776885157326e-18,-0.06700000000000025,1.0,0.9605396964409751,1.725385010030426,-0.8480731465349868,0.0667319999999999,-0.7947411465349867,0.0,0.0,0.0,,,11.981806516647339
l1tcl_gold_dim_sweep,1a9d63883567,1,AnchorOnly,OracleTargetTreated,365670378,200,200,5000,10,,0.18402830739062712,-0.04756088192045116,0.019439118079548817,0.019439118079548817,,,0.0,,,,-0.06699999999999999,-0.06699999999999999,-2.6978917671044902e-17,-0.06700000000000023,1.0,0.14538740629958982,0.34163879940798014,-0.8085431465349867,0.027201999999999837,-0.7947411465349867,0.0,0.006163986774018514,36.0,,,31.157187700271606
l1tcl_gold_dim_sweep,1a9d63883567,1,AnchorPlugin,FeasibleRestricted,365670378,200,200,5000,10,,0.9071984269024652,0.4194445329066754,0.48644453290667533,0.48644453290667533,,,0.0,,,,-0.06699999999999999,-0.06699999999999999,3.80413473793663e-18,-0.06700000000000024,1.0,0.7310096517525122,1.8160357589579383,-0.8288441465349867,0.04750299999999985,-0.7947411465349867,0.0,0.014316935304636446,82.0,,,11.775512933731079
l1tcl_gold_dim_sweep,1a9d63883567,1,ProposedA_FullyDirect,OracleTargetTreated,365670378,200,200,5000,10,,0.15759672326178614,-0.07247476872781922,0.00547476872781924,-0.00547476872781924,,,0.0,,,,-0.06699999999999999,-0.06699999999999999,2.974901596892967e-17,-0.06700000000000021,1.0,0.12367590847475575,0.2872048413419231,-0.8013741465349867,0.020032999999999856,-0.7947411465349867,0.0,0.0,0.0,,,22.233665704727173
l1tcl_gold_dim_sweep,1a9d63883567,1,ProposedB_LinearStepB,OracleTargetTreated,365670378,200,200,5000,10,,0.14580734649477997,-0.05509709442369043,0.011902905576309547,0.011902905576309547,,,0.0,,,,-0.06699999999999999,-0.06699999999999999,-1.5979788983650208e-18,-0.06700000000000027,1.0,0.11484386240111687,0.27065827983133034,-0.8043891465349867,0.023047999999999846,-0.7947411465349867,0.0,0.016793717630651194,90.0,1.8719268346915314,10.0,217.2239260673523
l1tcl_gold_dim_sweep,1a9d63883567,1,ProposedB_SourceDR,FeasibleRestricted,365670378,200,200,5000,10,,0.06305557008381059,-0.09419164165061926,0.027191641650619283,-0.027191641650619283,,,0.0,,,,-0.06699999999999999,-0.06699999999999999,1.3964433836656397e-16,-0.06700000000000023,1.0,0.04867782521139492,0.13401126249677825,-0.7834181465349868,0.0020769999999998845,-0.7947411465349867,0.0,0.01309570387249821,83.0,1.8719268346915314,10.0,95.60697269439697
l1tcl_gold_dim_sweep,1a9d63883567,1,IPWTransport,FeasibleRestricted,365670378,200,200,5000,10,,0.1970982990826195,0.05332961190742692,0.12032961190742689,0.12032961190742689,,,0.0,,,,-0.06699999999999999,-0.06699999999999999,1.3595941823186457e-17,-0.06700000000000023,1.0,0.1606291361463572,0.39286787320967337,-0.8244891465349867,0.04314799999999985,-0.7947411465349867,0.0,,,,,0.6499834060668945
l1tcl_gold_dim_sweep,1a9d63883567,1,EntropyBalancing,FeasibleRestricted,365670378,200,200,5000,10,,0.8251760768440266,-0.3582956175332225,0.29129561753322253,-0.29129561753322253,,,0.0,,,,-0.06699999999999999,-0.06699999999999999,-2.8841103369344454e-18,-0.06700000000000023,1.0,0.6551947055426325,1.678828364534833,-0.8029151465349866,0.02157399999999976,-0.7947411465349868,1.1102230246251565e-16,,,,,2.3245909214019775
l1tcl_gold_dim_sweep,1a9d63883567,1,OutcomeModelTransport,FeasibleRestricted,365670378,200,200,5000,10,,0.20531695959046367,0.06766202561943069,0.13466202561943066,0.13466202561943066,,,0.0,,,,-0.06699999999999999,-0.06699999999999999,1.4748237497562176e-17,-0.06700000000000023,1.0,0.1685473168612152,0.4056221505752415,-0.8274371465349866,0.04609599999999969,-0.7947411465349867,0.0,,,,,0.22992992401123047
l1tcl_gold_dim_sweep,1a9d63883567,1,DRLearner_PooledWithSite,OracleTargetTreated,365670378,200,200,5000,10,,0.15154192147257453,-0.05108550585817072,0.015914494141829258,0.015914494141829258,,,0.0,,,,-0.06699999999999999,-0.06699999999999999,1.940357346102542e-17,-0.06700000000000027,1.0,0.1185371344773646,0.2800029751789307,-0.8058631465349868,0.024521999999999933,-0.7947411465349868,1.1102230246251565e-16,,,,,0.8042173385620117
l1tcl_gold_dim_sweep,1a9d63883567,1,DRLearner_PooledNoSite,OracleTargetTreated,365670378,200,200,5000,10,,0.15163233427388204,-0.05266217059690983,0.014337829403090148,0.014337829403090148,,,0.0,,,,-0.06699999999999999,-0.06699999999999999,1.9919824073578645e-17,-0.06700000000000023,1.0,0.11860920353155717,0.27890428579671067,-0.8052601465349867,0.0239189999999998,-0.7947411465349867,0.0,,,,,0.3211791515350342
l1tcl_gold_dim_sweep,b5dbf7449e1c,2,TargetOnlyDR,OracleTargetTreated,551994022,500,500,5000,10,,0.25815611942998373,-0.2121206545299544,0.14512065452995443,-0.14512065452995443,,,0.0,,,,-0.06699999999999999,-0.06699999999999999,9.831596237992023e-18,-0.06700000000000021,1.0,0.19794295301200782,0.5593848870780591,-1.8785555710293258,0.009647999999999879,-1.882307571029326,0.0,0.0,0.0,,,29.343489408493042
l1tcl_gold_dim_sweep,b5dbf7449e1c,2,ProxyOnly,FeasibleRestricted,551994022,500,500,5000,10,,3.059089233571497,2.9450291050390196,3.0120291050390198,3.0120291050390198,,,0.0,,,,-0.06699999999999999,-0.06699999999999999,1.7914263743341658e-19,-0.06700000000000021,1.0,3.01202910503902,3.8003598035488455,-1.9359075710293259,0.06699999999999995,-1.882307571029326,0.0,0.0,0.0,,,12.580268621444702
l1tcl_gold_dim_sweep,b5dbf7449e1c,2,AnchorOnly,OracleTargetTreated,551994022,500,500,5000,10,,0.20903615580300056,-0.11349299849402579,0.046492998494025814,-0.046492998494025814,,,0.0,,,,-0.06699999999999999,-0.06699999999999999,-1.2221768828445558e-17,-0.06700000000000025,1.0,0.16283061722882874,0.4268398746163092,-1.888672571029326,0.019765000000000033,-1.882307571029326,0.0,0.004078744825019585,44.0,,,26.575505018234253
l1tcl_gold_dim_sweep,b5dbf7449e1c,2,AnchorPlugin,FeasibleRestricted,551994022,500,500,5000,10,,1.8418240428444277,1.5103785255989368,1.5773785255989368,1.5773785255989368,,,0.0,,,,-0.06699999999999999,-0.06699999999999999,5.254878590154129e-18,-0.06700000000000025,1.0,1.5912925721018878,3.217624197210776,-1.932222571029326,0.06331500000000001,-1.882307571029326,0.0,0.007827149785289573,92.0,,,11.383469581604004
l1tcl_gold_dim_sweep,b5dbf7449e1c,2,ProposedA_FullyDirect,OracleTargetTreated,551994022,500,500,5000,10,,0.10028009980532938,-0.0705879910462314,0.00358799104623142,-0.00358799104623142,,,0.0,,,,-0.06699999999999999,-0.06699999999999999,-4.1493766240234506e-16,-0.06700000000000025,1.0,0.07505928919682876,0.18306836524010622,-1.8831115710293258,0.014203999999999883,-1.882307571029326,0.0,0.0,0.0,,,19.838359355926514
l1tcl_gold_dim_sweep,b5dbf7449e1c,2,ProposedB_LinearStepB,OracleTargetTreated,551994022,500,500,5000,10,,0.12371529328410942,-0.056470566782845476,0.0105294332171545,0.0105294332171545,,,0.0,,,,-0.06699999999999999,-0.06699999999999999,-2.6542152932849897e-16,-0.06700000000000024,1.0,0.0866021156313986,0.23901944674508496,-1.886461571029326,0.01755400000000007,-1.882307571029326,0.0,0.008711521568440544,96.0,1.9097256189624652,10.0,122.86113047599792
l1tcl_gold_dim_sweep,b5dbf7449e1c,2,ProposedB_SourceDR,FeasibleRestricted,551994022,500,500,5000,10,,0.04738104656007399,-0.06553099358302236,0.001469006416977614,0.001469006416977614,,,0.0,,,,-0.06699999999999999,-0.06699999999999999,3.143085334576554e-16,-0.06700000000000021,1.0,0.03716182228414221,0.08520284588501158,-1.873932571029326,0.005025000000000057,-1.882307571029326,0.0,0.006887280539927435,92.0,1.9097256189624654,10.0,44.89762854576111
l1tcl_gold_dim_sweep,b5dbf7449e1c,2,IPWTransport,FeasibleRestricted,551994022,500,500,5000,10,,0.16074604222824154,0.03919580206195875,0.10619580206195872,0.10619580206195872,,,0.0,,,,-0.06699999999999999,-0.06699999999999999,1.070506836246451e-17,-0.06700000000000024,1.0,0.13077223198232168,0.32107238877784144,-1.911921571029326,0.04301400000000011,-1.882307571029326,0.0,,,,,0.4309961795806885
l1tcl_gold_dim_sweep,b5dbf7449e1c,2,EntropyBalancing,FeasibleRestricted,551994022,500,500,5000,10,,0.7550756549631339,-0.011368951304780996,0.05563104869521898,0.05563104869521898,,,0.0,,,,-0.06699999999999999,-0.06699999999999999,1.1559395613117237e-17,-0.06700000000000025,1.0,0.6001765206175775,1.3852706535611152,-1.9011345710293257,0.032226999999999784,-1.882307571029326,0.0,,,,,1.7700481414794922
l1tcl_gold_dim_sweep,b5dbf7449e1c,2,OutcomeModelTransport,FeasibleRestricted,551994022,500,500,5000,10,,0.15822832188023003,0.03499257149139011,0.10199257149139009,0.10199257149139009,,,0.0,,,,-0.06699999999999999,-0.06699999999999999,1.057564488394299e-17,-0.06700000000000024,1.0,0.1284525154456199,0.3172450481782097,-1.9108495710293258,0.041941999999999924,-1.882307571029326,0.0,,,,,0.15879368782043457
l1tcl_gold_dim_sweep,b5dbf7449e1c,2,DRLearner_PooledWithSite,OracleTargetTreated,551994022,500,500,5000,10,,0.12155875497124602,-0.07238393821174373,0.005383938211743752,-0.005383938211743752,,,0.0,,,,-0.06699999999999999,-0.06699999999999999,-8.440941793559297e-18,-0.06700000000000021,1.0,0.09508617006352264,0.2225260705279401,-1.886394571029326,0.01748700000000003,-1.882307571029326,0.0,,,,,0.7758371829986572
l1tcl_gold_dim_sweep,b5dbf7449e1c,2,DRLearner_PooledNoSite,OracleTargetTreated,551994022,500,500,5000,10,,0.12007191086054271,-0.07145289149368546,0.004452891493685482,-0.004452891493685482,,,0.0,,,,-0.06699999999999999,-0.06699999999999999,4.2891760054651e-18,-0.06700000000000023,1.0,0.09375034908424393,0.21939715772833673,-1.886461571029326,0.01755400000000007,-1.882307571029326,0.0,,,,,0.400667667388916
l1tcl_gold_dim_sweep,b5dbf7449e1c,4,TargetOnlyDR,OracleTargetTreated,182746955,500,500,5000,10,,0.21118577170337458,-0.16150108848137856,0.09450108848137859,-0.09450108848137859,,,0.0,,,,-0.06699999999999999,-0.06699999999999999,2.3466658602829666e-17,-0.06700000000000025,1.0,0.15903712740054834,0.3735761704489731,-1.6252256502324285,0.009179000000000048,-1.6294466502324285,0.0,0.0,0.0,,,27.42322564125061
l1tcl_gold_dim_sweep,b5dbf7449e1c,4,ProxyOnly,FeasibleRestricted,182746955,500,500,5000,10,,2.5389992740262737,2.440303195689641,2.507303195689641,2.507303195689641,,,0.0,,,,-0.06699999999999999,-0.06699999999999999,-2.6447905718651426e-19,-0.06700000000000024,1.0,2.5073031956896417,3.243941531230146,-1.6830466502324284,0.06699999999999995,-1.6294466502324285,0.0,0.0,0.0,,,12.9883131980896
l1tcl_gold_dim_sweep,b5dbf7449e1c,4,AnchorOnly,OracleTargetTreated,182746955,500,500,5000,10,,0.1711183512271059,-0.11078772244068547,0.04378772244068549,-0.04378772244068549,,,0.0,,,,-0.06699999999999999,-0.06699999999999999,6.823691372070368e-17,-0.06700000000000021,1.0,0.13605902714977164,0.32318570604499397,-1.6322606502324286,0.016214000000000173,-1.6294466502324285,0.0,0.0025273317608012474,43.0,,,22.185834407806396
l1tcl_gold_dim_sweep,b5dbf7449e1c,4,AnchorPlugin,FeasibleRestricted,182746955,500,500,5000,10,,1.4664075225155848,1.1346597753510408,1.2016597753510407,1.2016597753510407,,,0.0,,,,-0.06699999999999999,-0.06699999999999999,-3.143022340365917e-18,-0.06700000000000023,1.0,1.2504052335304088,2.693693367991198,-1.6770836502324284,0.06103700000000001,-1.6294466502324285,0.0,0.005465159133893943,97.0,,,9.868657350540161
l1tcl_gold_dim_sweep,b5dbf7449e1c,4,ProposedA_FullyDirect,OracleTargetTreated,182746955,500,500,5000,10,,0.11942481314844819,-0.08210519363280337,0.015105193632803396,-0.015105193632803396,,,0.0,,,,-0.06699999999999999,-0.06699999999999999,-2.7862474283722004e-17,-0.06700000000000024,1.0,0.09078519180717018,0.23871112249378607,-1.6288436502324284,0.012796999999999947,-1.6294466502324285,0.0,0.0,0.0,,,25.079816818237305
l1tcl_gold_dim_sweep,b5dbf7449e1c,4,ProposedB_LinearStepB,OracleTargetTreated,182746955,500,500,5000,10,,0.09875301957474156,-0.0691829440853057,0.002182944085305727,-0.002182944085305727,,,0.0,,,,-0.06699999999999999,-0.06699999999999999,-4.253151137185678e-18,-0.06700000000000021,1.0,0.07723814139680428,0.1812452283760066,-1.6306526502324283,0.014605999999999897,-1.6294466502324285,0.0,0.005638251218250638,98.0,1.8462036028387125,10.0,128.87719917297363
l1tcl_gold_dim_sweep,b5dbf7449e1c,4,ProposedB_SourceDR,FeasibleRestricted,182746955,500,500,5000,10,,0.05417015628347669,-0.07825812995683065,0.011258129956830676,-0.011258129956830676,,,0.0,,,,-0.06699999999999999,-0.06699999999999999,-4.1016587713972595e-17,-0.06700000000000023,1.0,0.04041340070395243,0.11220238988507748,-1.6202006502324284,0.004153999999999991,-1.6294466502324285,0.0,0.004500628555116212,98.0,1.8462036028387128,10.0,42.64727830886841
l1tcl_gold_dim_sweep,b5dbf7449e1c,4,IPWTransport,FeasibleRestricted,182746955,500,500,5000,10,,0.1493614579122383,-0.11688385413250123,0.04988385413250125,-0.04988385413250125,,,0.0,,,,-0.06699999999999999,-0.06699999999999999,1.6934529626319162e-17,-0.06700000000000023,1.0,0.11990694614660322,0.2913498028479244,-1.6300496502324284,0.014002999999999988,-1.6294466502324285,0.0,,,,,0.3129444122314453
l1tcl_gold_dim_sweep,b5dbf7449e1c,4,EntropyBalancing,FeasibleRestricted,182746955,500,500,5000,10,,1.0675768131958219,-0.3721113795399104,0.3051113795399104,-0.3051113795399104,,,0.0,,,,-0.06699999999999999,-0.06699999999999999,6.838583067029536e-18,-0.06700000000000024,1.0,0.8516842637500922,2.0897324957160026,-1.6403006502324287,0.02425400000000022,-1.6294466502324285,0.0,,,,,1.0989906787872314
l1tcl_gold_dim_sweep,b5dbf7449e1c,4,OutcomeModelTransport,FeasibleRestricted,182746955,500,500,5000,10,,0.15982617058441573,-0.14311699080100393,0.07611699080100395,-0.07611699080100395,,,0.0,,,,-0.06699999999999999,-0.06699999999999999,1.48404482152648e-17,-0.06700000000000025,1.0,0.12981799477835293,0.3193333409638168,-1.6269006502324284,0.01085399999999992,-1.6294466502324285,0.0,,,,,0.1143040657043457
l1tcl_gold_dim_sweep,b5dbf7449e1c,4,DRLearner_PooledWithSite,OracleTargetTreated,182746955,500,500,5000,10,,0.12556052920224883,-0.09458536934763426,0.02758536934763428,-0.02758536934763428,,,0.0,,,,-0.06699999999999999,-0.06699999999999999,2.6850758375025625e-17,-0.06700000000000024,1.0,0.10051076388625166,0.2410151007202911,-1.6306526502324286,0.014606000000000119,-1.6294466502324285,0.0,,,,,0.19357633590698242
l1tcl_gold_dim_sweep,b5dbf7449e1c,4,DRLearner_PooledNoSite,OracleTargetTreated,182746955,500,500,5000,10,,0.12502443301660798,-0.09435937673944668,0.027359376739446703,-0.027359376739446703,,,0.0,,,,-0.06699999999999999,-0.06699999999999999,2.2060728206934893e-17,-0.06700000000000027,1.0,0.10025603934881132,0.23992356173767437,-1.6307866502324284,0.014739999999999975,-1.6294466502324285,0.0,,,,,0.1991863250732422
l1tcl_gold_dim_sweep,b5dbf7449e1c,0,TargetOnlyDR,OracleTargetTreated,1710126515,500,500,5000,10,,0.21773160589844193,-0.019311467374254796,0.047688532625745184,0.047688532625745184,,,0.0,,,,-0.06699999999999999,-0.06699999999999999,2.1021564965326092e-18,-0.06700000000000024,1.0,0.1661632517760827,0.43949841473153184,1.3240488263951364,0.03142300000000042,1.3420718263951366,0.0,0.0,0.0,,,27.26606059074402
l1tcl_gold_dim_sweep,b5dbf7449e1c,0,ProxyOnly,FeasibleRestricted,1710126515,500,500,5000,10,,2.4144380888458072,-2.452575693390996,2.385575693390996,-2.385575693390996,,,0.0,,,,-0.06699999999999999,-0.06699999999999999,3.771831735036969e-17,-0.06700000000000013,1.0,2.385575693390996,3.0311419536014683,1.3554718263951369,0.0,1.3420718263951366,0.0,0.0,0.0,,,10.18998098373413
l1tcl_gold_dim_sweep,b5dbf7449e1c,0,AnchorOnly,OracleTargetTreated,1710126515,500,500,5000,10,,0.2073020482181543,-0.056216429894621,0.010783570105378976,0.010783570105378976,,,0.0,,,,-0.06699999999999999,-0.06699999999999999,3.940120319825546e-18,-0.06700000000000028,1.0,0.1475338570100005,0.45251926999817893,1.3346348263951369,0.020836999999999994,1.3420718263951366,0.0,0.003665140805605041,39.0,,,32.39072394371033
l1tcl_gold_dim_sweep,b5dbf7449e1c,0,AnchorPlugin,FeasibleRestricted,1710126515,500,500,5000,10,,1.5029036408050869,-1.3173128892133303,1.2503128892133304,-1.2503128892133304,,,0.0,,,,-0.06699999999999999,-0.06699999999999999,1.730028356692086e-17,-0.06700000000000023,1.0,1.2954196145512722,2.6729920884310148,1.3517198263951369,0.0037519999999999776,1.3420718263951366,0.0,0.00659780598974142,90.0,,,9.558619976043701
l1tcl_gold_dim_sweep,b5dbf7449e1c,0,ProposedA_FullyDirect,OracleTargetTreated,1710126515,500,500,5000,10,,0.10177670457302929,-0.0922674672724869,0.025267467272486924,-0.025267467272486924,,,0.0,,,,-0.06699999999999999,-0.06699999999999999,-1.1380981902631167e-17,-0.06700000000000027,1.0,0.0789015033102254,0.20029437903960406,1.3446848263951365,0.010787000000000324,1.3420718263951366,0.0,0.0,0.0,,,27.637725830078125
l1tcl_gold_dim_sweep,b5dbf7449e1c,0,ProposedB_LinearStepB,OracleTargetTreated,1710126515,500,500,5000,10,,0.10475659779303836,-0.07768452837673226,0.010684528376732283,-0.010684528376732283,,,0.0,,,,-0.06699999999999999,-0.06699999999999999,-6.895397249746686e-17,-0.06700000000000027,1.0,0.08162845775680136,0.2007406941707442,1.3406648263951368,0.014807000000000015,1.3420718263951366,0.0,0.007908083947819146,98.0,2.0331065177016976,10.0,130.42011070251465
l1tcl_gold_dim_sweep,b5dbf7449e1c,0,ProposedB_SourceDR,FeasibleRestricted,1710126515,500,500,5000,10,,0.05612120302044604,-0.05821605621710077,0.008783943782899206,0.008783943782899206,,,0.0,,,,-0.06699999999999999,-0.06699999999999999,-8.537656643307243e-17,-0.06700000000000024,1.0,0.04183827152311313,0.12014181089768308,1.3464268263951369,0.00904499999999997,1.3420718263951366,0.0,0.005936495846668155,89.0,2.0331065177016976,10.0,46.36882209777832
l1tcl_gold_dim_sweep,b5dbf7449e1c,0,IPWTransport,FeasibleRestricted,1710126515,500,500,5000,10,,0.14186670077111957,-0.027200532425497036,0.039799467574502936,0.039799467574502936,,,0.0,,,,-0.06699999999999999,-0.06699999999999999,-7.099844904678619e-17,-0.06700000000000027,1.0,0.11398379922509042,0.2717130809704137,1.3257238263951368,0.029748000000000108,1.3420718263951366,0.0,,,,,0.3336763381958008
l1tcl_gold_dim_sweep,b5dbf7449e1c,0,EntropyBalancing,FeasibleRestricted,1710126515,500,500,5000,10,,1.2319577201247367,-0.359253642755343,0.29225364275534305,-0.29225364275534305,,,0.0,,,,-0.06699999999999999,-0.06699999999999999,-8.038860792963053e-18,-0.06700000000000024,1.0,0.9776133222285734,2.35319787334888,1.3296768263951366,0.025795000000000234,1.3420718263951366,0.0,,,,,0.9403798580169678
l1tcl_gold_dim_sweep,b5dbf7449e1c,0,OutcomeModelTransport,FeasibleRestricted,1710126515,500,500,5000,10,,0.142363537934705,-0.02874022145636468,0.0382597785436353,0.0382597785436353,,,0.0,,,,-0.06699999999999999,-0.06699999999999999,-7.509339373210006e-17,-0.06700000000000021,1.0,0.11441560534130378,0.27268464704434714,1.3260588263951367,0.029413000000000133,1.3420718263951366,0.0,,,,,0.07870888710021973
l1tcl_gold_dim_sweep,b5dbf7449e1c,0,DRLearner_PooledWithSite,OracleTargetTreated,1710126515,500,500,5000,10,,0.12865134407077053,-0.08276609723495543,0.01576609723495545,-0.01576609723495545,,,0.0,,,,-0.06699999999999999,-0.06699999999999999,-7.032508092095328e-17,-0.06700000000000027,1.0,0.1028486505427484,0.24173981639791814,1.3375158263951368,0.017956000000000083,1.3420718263951366,0.0,,,,,0.37510180473327637
l1tcl_gold_dim_sweep,b5dbf7449e1c,0,DRLearner_PooledNoSite,OracleTargetTreated,1710126515,500,500,5000,10,,0.12887617358902212,-0.08136978143463149,0.01436978143463151,-0.01436978143463151,,,0.0,,,,-0.06699999999999999,-0.06699999999999999,-7.194152654128034e-17,-0.06700000000000024,1.0,0.1030479741527405,0.2412168425169029,1.337046826395137,0.018424999999999914,1.3420718263951366,0.0,,,,,0.0853722095489502
l1tcl_gold_dim_sweep,b5dbf7449e1c,3,TargetOnlyDR,OracleTargetTreated,764285675,500,500,5000,10,,0.2543547313755665,-0.01494436836906721,0.05205563163093277,0.05205563163093277,,,0.0,,,,-0.06699999999999999,-0.06699999999999999,-2.461303321568861e-18,-0.06700000000000023,1.0,0.20322527142362712,0.4713903490444303,-0.4688619043533579,0.03396900000000003,-0.4482929043533579,0.0,0.0,0.0,,,30.384403944015503
l1tcl_gold_dim_sweep,b5dbf7449e1c,3,ProxyOnly,FeasibleRestricted,764285675,500,500,5000,10,,1.1407615197195513,0.9932589603800913,1.0602589603800914,1.0602589603800914,,,0.0,,,,-0.06699999999999999,-0.06699999999999999,1.2105188513603049e-17,-0.06700000000000024,1.0,1.0602589603800912,1.765430323108069,-0.5010889043533578,0.06619599999999998,-0.4482929043533579,0.0,0.0,0.0,,,13.798890829086304
l1tcl_gold_dim_sweep,b5dbf7449e1c,3,AnchorOnly,OracleTargetTreated,764285675,500,500,5000,10,,0.14684162926124464,-0.02278235315450771,0.044217646845492266,0.044217646845492266,,,0.0,,,,-0.06699999999999999,-0.06699999999999999,-4.0021844649441235e-17,-0.06700000000000024,1.0,0.11488466971912419,0.2781665747095388,-0.46577990435335787,0.030886999999999998,-0.4482929043533579,0.0,0.0033383004762761823,40.0,,,27.92902970314026
l1tcl_gold_dim_sweep,b5dbf7449e1c,3,AnchorPlugin,FeasibleRestricted,764285675,500,500,5000,10,,0.8984394222190675,0.4571055833515004,0.5241055833515004,0.5241055833515004,,,0.0,,,,-0.06699999999999999,-0.06699999999999999,2.1509221707636782e-17,-0.06700000000000024,1.0,0.7197280486243025,1.7931187114614238,-0.48400390435335783,0.04911099999999996,-0.44829290435335795,5.551115123125783e-17,0.00742682773663173,90.0,,,10.668145179748535
l1tcl_gold_dim_sweep,b5dbf7449e1c,3,ProposedA_FullyDirect,OracleTargetTreated,764285675,500,500,5000,10,,0.11300143303341185,-0.029217481346472406,0.037782518653527566,0.037782518653527566,,,0.0,,,,-0.06699999999999999,-0.06699999999999999,3.2611949067820295e-17,-0.06700000000000024,1.0,0.08609742332934392,0.2297267975204323,-0.4600179043533578,0.025124999999999953,-0.4482929043533579,0.0,0.0,0.0,,,24.318211555480957
l1tcl_gold_dim_sweep,b5dbf7449e1c,3,ProposedB_LinearStepB,OracleTargetTreated,764285675,500,500,5000,10,,0.11814896539097774,-0.03149297208216809,0.03550702791783188,0.03550702791783188,,,0.0,,,,-0.06699999999999999,-0.06699999999999999,2.095970965042175e-17,-0.06700000000000025,1.0,0.08930913963912498,0.24914549203449454,-0.45854390435335785,0.023650999999999978,-0.44829290435335795,5.551115123125783e-17,0.006335309416362876,97.0,2.0059704258068627,10.0,125.8650107383728
l1tcl_gold_dim_sweep,b5dbf7449e1c,3,ProposedB_SourceDR,FeasibleRestricted,764285675,500,500,5000,10,,0.040724163030832,-0.0653311506764822,0.001668849323517782,0.001668849323517782,,,0.0,,,,-0.06699999999999999,-0.06699999999999999,-1.370730301573276e-16,-0.06700000000000023,1.0,0.031393211600806596,0.07737671149418271,-0.4384439043533579,0.0035510000000000264,-0.4482929043533579,0.0,0.0066961822657308125,90.0,2.0059704258068627,10.0,40.54901170730591
l1tcl_gold_dim_sweep,b5dbf7449e1c,3,IPWTransport,FeasibleRestricted,764285675,500,500,5000,10,,0.13298239504486126,-0.10896767506097729,0.041967675060977316,-0.041967675060977316,,,0.0,,,,-0.06699999999999999,-0.06699999999999999,-3.954919792239309e-17,-0.06700000000000025,1.0,0.10602929994543307,0.261961352601149,-0.44782390435335784,0.01293099999999997,-0.4482929043533579,0.0,,,,,0.13323378562927246
l1tcl_gold_dim_sweep,b5dbf7449e1c,3,EntropyBalancing,FeasibleRestricted,764285675,500,500,5000,10,,1.0481343500327538,-0.44027733518035517,0.3732773351803552,-0.3732773351803552,,,0.0,,,,-0.06699999999999999,-0.06699999999999999,1.2195407972151903e-17,-0.06700000000000025,1.0,0.8315452493767559,2.0978285599544644,-0.4568689043533578,0.02197599999999994,-0.44829290435335784,-5.551115123125783e-17,,,,,0.4294581413269043
l1tcl_gold_dim_sweep,b5dbf7449e1c,3,OutcomeModelTransport,FeasibleRestricted,764285675,500,500,5000,10,,0.13614921489208504,-0.11838190303205573,0.051381903032055753,-0.051381903032055753,,,0.0,,,,-0.06699999999999999,-0.06699999999999999,-4.2344460526782804e-17,-0.06700000000000025,1.0,0.1087540044735342,0.27139630102098217,-0.44594790435335785,0.011054999999999982,-0.4482929043533579,0.0,,,,,0.023498058319091797
l1tcl_gold_dim_sweep,b5dbf7449e1c,3,DRLearner_PooledWithSite,OracleTargetTreated,764285675,500,500,5000,10,,0.1286876469597542,-0.026360249047007577,0.040639750952992396,0.040639750952992396,,,0.0,,,,-0.06699999999999999,-0.06699999999999999,-2.4377762891174522e-17,-0.06700000000000027,1.0,0.10177939457014601,0.25240179963147624,-0.46209490435335787,0.027202000000000004,-0.4482929043533579,0.0,,,,,0.1149899959564209
l1tcl_gold_dim_sweep,b5dbf7449e1c,3,DRLearner_PooledNoSite,OracleTargetTreated,764285675,500,500,5000,10,,0.12884330336055674,-0.026850593303972964,0.04014940669602701,0.04014940669602701,,,0.0,,,,-0.06699999999999999,-0.06699999999999999,-2.490534475972046e-17,-0.06700000000000023,1.0,0.10197289121126656,0.25135752128840155,-0.4618939043533578,0.02700099999999994,-0.4482929043533579,0.0,,,,,0.08579683303833008
l1tcl_gold_dim_sweep,b5dbf7449e1c,1,TargetOnlyDR,OracleTargetTreated,479044071,500,500,5000,10,,0.17311605900259933,-0.05350329813755524,0.013496701862444734,0.013496701862444734,,,0.0,,,,-0.06699999999999999,-0.06699999999999999,-5.631503453762465e-18,-0.06700000000000025,1.0,0.13099505127247152,0.3232343352456922,-0.7298868592254075,0.023717999999999906,-0.7195688592254076,-1.1102230246251565e-16,0.0,0.0,,,34.830474853515625
l1tcl_gold_dim_sweep,b5dbf7449e1c,1,ProxyOnly,FeasibleRestricted,479044071,500,500,5000,10,,1.294238049133789,1.1641590798325265,1.2311590798325265,1.2311590798325265,,,0.0,,,,-0.06699999999999999,-0.06699999999999999,-7.372937617368586e-18,-0.06700000000000023,1.0,1.2311590798325267,1.9134070116046948,-0.7731688592254076,0.06699999999999995,-0.7195688592254076,-1.1102230246251565e-16,0.0,0.0,,,14.50776982307434
l1tcl_gold_dim_sweep,b5dbf7449e1c,1,AnchorOnly,OracleTargetTreated,479044071,500,500,5000,10,,0.15181418605921373,-0.08439948823708596,0.01739948823708598,-0.01739948823708598,,,0.0,,,,-0.06699999999999999,-0.06699999999999999,6.142211906774073e-17,-0.0670000000000002,1.0,0.11836530902091057,0.28883931282389647,-0.7254648592254077,0.01929600000000009,-0.7195688592254076,-1.1102230246251565e-16,0.004132823903404836,44.0,,,30.522921800613403
l1tcl_gold_dim_sweep,b5dbf7449e1c,1,AnchorPlugin,FeasibleRestricted,479044071,500,500,5000,10,,0.8848824124659307,0.5011668928921681,0.568166892892168,0.568166892892168,,,0.0,,,,-0.06699999999999999,-0.06699999999999999,-3.7772242897858607e-19,-0.06700000000000021,1.0,0.7131654429651919,1.741115454198702,-0.7566868592254076,0.05051799999999995,-0.7195688592254076,-1.1102230246251565e-16,0.007876250951022096,94.0,,,10.156296491622925
l1tcl_gold_dim_sweep,b5dbf7449e1c,1,ProposedA_FullyDirect,OracleTargetTreated,479044071,500,500,5000,10,,0.11653751663126673,-0.08581768255280849,0.01881768255280851,-0.01881768255280851,,,0.0,,,,-0.06699999999999999,-0.06699999999999999,2.5751871789304482e-17,-0.06700000000000025,1.0,0.08915423773911942,0.20535861088263307,-0.7193008592254075,0.013131999999999922,-0.7195688592254076,-1.1102230246251565e-16,0.0,0.0,,,26.80951237678528
l1tcl_gold_dim_sweep,b5dbf7449e1c,1,ProposedB_LinearStepB,OracleTargetTreated,479044071,500,500,5000,10,,0.12231474685370414,-0.09014121550301792,0.02314121550301794,-0.02314121550301794,,,0.0,,,,-0.06699999999999999,-0.06699999999999999,3.476124751828643e-17,-0.06700000000000023,1.0,0.09634833319676178,0.22661980899141965,-0.7202388592254076,0.014070000000000027,-0.7195688592254076,-1.1102230246251565e-16,0.009060423587449542,97.0,1.8570475655383798,10.0,118.25944495201111
l1tcl_gold_dim_sweep,b5dbf7449e1c,1,ProposedB_SourceDR,FeasibleRestricted,479044071,500,500,5000,10,,0.04864602012188874,-0.07947446967609793,0.012474469676097957,-0.012474469676097957,,,0.0,,,,-0.06699999999999999,-0.06699999999999999,7.932516936930921e-18,-0.06700000000000024,1.0,0.038239191327016024,0.0917502457355857,-0.7096528592254077,0.0034840000000000426,-0.7195688592254076,-1.1102230246251565e-16,0.006990845099236918,94.0,1.8570475655383802,10.0,40.87303614616394
l1tcl_gold_dim_sweep,b5dbf7449e1c,1,IPWTransport,FeasibleRestricted,479044071,500,500,5000,10,,0.14063212876701287,-0.04181933840238189,0.025180661597618087,0.025180661597618087,,,0.0,,,,-0.06699999999999999,-0.06699999999999999,5.2303018267538475e-17,-0.06700000000000023,1.0,0.11088102907254203,0.26410796614798504,-0.7313608592254077,0.025192000000000103,-0.7195688592254076,-1.1102230246251565e-16,,,,,0.08653998374938965
l1tcl_gold_dim_sweep,b5dbf7449e1c,1,EntropyBalancing,FeasibleRestricted,479044071,500,500,5000,10,,1.213031387374792,0.6830035796432363,0.7500035796432363,0.7500035796432363,,,0.0,,,,-0.06699999999999999,-0.06699999999999999,1.6823880251507452e-18,-0.06700000000000023,1.0,0.9892776872294082,2.4368913295603374,-0.7567538592254075,0.05058499999999988,-0.7195688592254076,-1.1102230246251565e-16,,,,,0.4841907024383545
l1tcl_gold_dim_sweep,b5dbf7449e1c,1,OutcomeModelTransport,FeasibleRestricted,479044071,500,500,5000,10,,0.13803262093534788,-0.06832494924346977,0.0013249492434697918,-0.0013249492434697918,,,0.0,,,,-0.06699999999999999,-0.06699999999999999,5.769190712354783e-17,-0.06700000000000025,1.0,0.10959700892416463,0.24687972303642775,-0.7266708592254076,0.02050200000000002,-0.7195688592254076,-1.1102230246251565e-16,,,,,0.018637895584106445
l1tcl_gold_dim_sweep,b5dbf7449e1c,1,DRLearner_PooledWithSite,OracleTargetTreated,479044071,500,500,5000,10,,0.126316960456911,-0.08442176873166117,0.017421768731661194,-0.017421768731661194,,,0.0,,,,-0.06699999999999999,-0.06699999999999999,6.029216172912333e-17,-0.06700000000000024,1.0,0.09981850546961046,0.23892093936751374,-0.7222488592254076,0.016079999999999983,-0.7195688592254076,-1.1102230246251565e-16,,,,,0.09763336181640625
l1tcl_gold_dim_sweep,b5dbf7449e1c,1,DRLearner_PooledNoSite,OracleTargetTreated,479044071,500,500,5000,10,,0.12650438463588054,-0.08500690882803869,0.01800690882803871,-0.01800690882803871,,,0.0,,,,-0.06699999999999999,-0.06699999999999999,6.216397167184855e-17,-0.06700000000000025,1.0,0.09978205639885729,0.23902266569388658,-0.7224498592254076,0.01628099999999999,-0.7195688592254076,-1.1102230246251565e-16,,,,,0.060080528259277344
