benchmark_id,method,rep_id,seed,feasible,runtime_seconds,m0,m1,n_sites,pehe,ate_hat,ate_abs_err,ate_bias,tau_corr,tau_kendall,topk_10_ratio,topk_20_ratio,topk_30_ratio,topk_10_captured,topk_20_captured,qini_auc,calib_slope,calib_intercept,calib_r2,tau_ece,tau_mce,policy_value,policy_regret,policy_value_top20,policy_regret_top20,mu0_rmse,mu1_rmse,diag_realization_id,diag_n_sites
ihdp_disconnected_sweep,ProxyOnly,1,1466947376,FEASIBLE,4.354405403137207,25,0,6,1.519691696829131,5.174808844470107,0.5994691120612314,0.5994691120612314,0.36,0.25999999999999995,0.8284542603054621,0.9634120788340398,0.9729666467290029,4.82260889134646,5.327902996799893,0.43957767179290513,0.17135429610900774,3.6886140053660337,0.1727041628034507,1.287556899120916,2.8813462603161186,8.884931593744845,0.0,5.375172460695949,0.04046801967912028,,,27,6
ihdp_disconnected_sweep,IPWTransport,1,1466947376,FEASIBLE,0.12333989143371582,25,0,6,1.2118032355340957,5.203510350446037,0.6281706180371618,0.6281706180371618,0.7684615384615385,0.5799999999999998,0.8849839397995344,0.9795381044409374,0.9602620104071319,5.15168020887769,5.417083838565384,0.7980356943425538,0.3362569933385604,2.825622987161813,0.5799112632804865,1.0408032625267338,1.819633794627836,8.884931593744845,0.0,5.393008629049047,0.022631851326022634,,,27,6
ihdp_disconnected_sweep,EntropyBalancing,1,1466947376,FEASIBLE,0.4196619987487793,25,0,6,1.5977859920706945,5.2700511139510615,0.6947113815421861,0.6947113815421861,0.6007692307692307,0.41999999999999993,0.8849839397995344,0.9415589894483697,0.9402925522688274,5.15168020887769,5.207050100116101,0.6193529324729352,0.2293846012484265,3.3664711590763847,0.4050101067259547,1.3456298185692337,2.5458632305657414,8.884931593744845,0.0,5.35100188135919,0.0646385990158791,,,27,6
ihdp_disconnected_sweep,OutcomeModelTransport,1,1466947376,FEASIBLE,0.014178991317749023,25,0,6,1.5121680152689505,5.757943857533746,1.182604125124871,1.182604125124871,0.8007692307692308,0.6199999999999999,0.989525897122019,0.9596626365712846,0.9602620104071319,5.760241232773305,5.307167669615457,0.8380721557987127,0.37538402134089444,2.413899612512756,0.6875550437146842,1.2182543600681268,2.6871850966465436,8.884931593744845,0.0,5.3710253952590605,0.04461508511600876,,,27,6
ihdp_disconnected_sweep,AnchorPlugin,1,1466947376,FEASIBLE,2.004608392715454,25,0,6,0.673795093056237,5.049684095454062,0.47434436304518623,0.47434436304518623,0.6207692307692307,0.4599999999999999,0.9137912011378596,0.9360948171903434,0.8954446870218931,5.319373419380735,5.176831899215192,0.6249718900055048,0.8353029836397495,0.3573235410379091,0.4459192854147864,0.5021097324767706,0.9284101074017741,8.884931593744845,0.0,5.344958241179008,0.07068223919606087,,,27,6
ihdp_disconnected_sweep,Glmtrans_OptionB,1,1466947376,FEASIBLE,8.502430438995361,25,0,6,1.2851762383084147,5.630723749362372,1.0553840169534965,1.0553840169534965,0.8284615384615385,0.6533333333333332,0.9334479929152589,0.9999436874710186,0.9854035374139902,5.433799795516551,5.529931673220929,0.8516715604763883,0.45055177011185366,2.038407180122804,0.7021549058643191,1.0553840169534972,1.9278753749018147,8.884931593744845,0.0,5.415578195980155,6.228439491451354e-05,,,27,6
ihdp_disconnected_sweep,ProxyOnly,4,1973894659,FEASIBLE,3.875051259994507,25,0,6,7.307946232249087,-6.740945757054696,6.4264143279269,-6.4264143279269,0.944209381165294,0.8361250776133139,0.9577177214333941,0.9553891495963307,0.9351551730684702,11.9877195750597,10.609962020897338,0.958323359790729,0.8214658578967162,5.222925360226371,0.9160853294786316,6.4264143279269,10.2013346378988,27.997689366047474,1.0535288982116064,27.36157718285394,0.0990841122076489,,,10,6
ihdp_disconnected_sweep,IPWTransport,4,1973894659,FEASIBLE,0.14943623542785645,25,0,6,5.590014459362652,3.163537325555493,3.4780687546832887,3.4780687546832887,0.8510966386053912,0.6956560645742771,1.0,0.8521536213906666,0.8574557835327975,12.516965392598099,9.463491984125238,0.8942194620438692,1.2033487135769678,-4.121370000187718,0.8222989209759078,3.6343049216560157,6.997009976489705,28.715332720894004,0.3358855433650767,27.13228317549952,0.32837811956206764,,,10,6
ihdp_disconnected_sweep,EntropyBalancing,4,1973894659,FEASIBLE,0.2824225425720215,25,0,6,5.814453253822743,3.598422033351918,3.912953462479714,3.912953462479714,0.8430166072262261,0.6822780633324641,1.0,0.8521536213906666,0.8574557835327975,12.516965392598099,9.463491984125238,0.888664017059054,1.14009199902349,-4.417063598462155,0.8180457661522353,3.912953462479714,6.806436936861731,28.715332720894004,0.3358855433650767,27.13228317549952,0.32837811956206764,,,10,6
ihdp_disconnected_sweep,OutcomeModelTransport,4,1973894659,FEASIBLE,0.038350582122802734,25,0,6,5.566378938458685,2.8580560236139636,3.1725874527417597,3.1725874527417597,0.8761062595409023,0.7291010676788098,1.0,0.8521536213906666,0.9586996690847922,12.516965392598099,9.463491984125238,0.9138191232701923,1.3921081669093542,-4.29325456108527,0.8474798752897578,3.324702220504179,8.186498986119583,28.714306172116366,0.33691209214271467,27.13228317549952,0.32837811956206764,,,10,6
ihdp_disconnected_sweep,AnchorPlugin,4,1973894659,FEASIBLE,1.5704033374786377,25,0,6,1.128614499160053,-0.7232243068618347,0.40869287773403884,-0.40869287773403884,0.988457172051198,0.9230820856850985,0.9577177214333941,1.0,0.9858941713960774,11.9877195750597,11.105382581935581,0.9937095209012865,0.977641649446876,0.3925227751526817,0.9888909931790698,0.7112346827919551,1.5719366305993638,28.99677416530824,0.054444098950842346,27.460661295061588,0.0,,,10,6
ihdp_disconnected_sweep,Glmtrans_OptionB,4,1973894659,FEASIBLE,9.488076210021973,25,0,6,5.565526379781012,2.8481128621683887,3.1626442912961847,3.1626442912961847,0.8795691301319731,0.7424790689206227,1.0,0.8521536213906666,0.9586996690847922,12.516965392598099,9.463491984125238,0.9177819855244269,1.410127901614045,-4.330734843017276,0.8517312537466939,3.5478058098430925,8.167679908643743,28.715332720894004,0.3358855433650767,27.13228317549952,0.32837811956206764,,,10,6
ihdp_disconnected_sweep,ProxyOnly,0,1822720651,FEASIBLE,3.672213077545166,25,0,6,1.4970746728163775,3.215752137444076,0.41223913591131955,-0.41223913591131955,0.6038461538461538,0.3999999999999999,0.9281669341025759,0.926610798356343,0.9534951753783668,4.19166929859728,4.024919887040172,0.49633308406740584,0.17204354915925385,3.0747418624130596,0.2503303562437017,1.2567319764657574,2.7282973304856686,8.436402313564848,0.0,5.613395017617487,0.06375614394166895,,,2,6
ihdp_disconnected_sweep,IPWTransport,0,1822720651,FEASIBLE,0.1101827621459961,25,0,6,0.7488615886595156,4.05555392215632,0.42756264880092454,0.42756264880092454,0.7123076923076922,0.5333333333333332,0.9591029842930907,0.9422203839472599,0.9493247875131074,4.33137874852379,4.09272325344253,0.7673527844886632,0.4666089853758137,1.7356333726011333,0.6350915160034518,0.515119321557334,1.450729007408853,8.436402313564848,0.0,5.626955690897959,0.05019547066119667,,,2,6
ihdp_disconnected_sweep,EntropyBalancing,0,1822720651,FEASIBLE,0.12814736366271973,25,0,6,1.379750932891797,4.603962447560192,0.9759711742047963,0.9759711742047963,0.35230769230769227,0.24666666666666665,0.8489846311785424,0.8849089870631212,0.9198458855534094,3.834076266606959,3.843779704023292,0.35595027978857174,0.20776746474691088,2.671437667835831,0.1482107999746558,1.0978949521440047,2.5827922041666924,8.436402313564848,0.0,5.577166981014113,0.09998418054504299,,,2,6
ihdp_disconnected_sweep,OutcomeModelTransport,0,1822720651,FEASIBLE,0.0142974853515625,25,0,6,0.5856276514951848,3.8931886080049334,0.265197334649538,0.265197334649538,0.7676923076923077,0.6133333333333332,0.9591029842930907,0.9617972502185903,0.9648250491654935,4.33137874852379,4.177759299343543,0.7966322252851022,0.5290880081272913,1.5681518674822033,0.6650982655716846,0.3620648281284517,1.0898769375258137,8.436402313564848,0.0,5.6439629000781615,0.033188261480994186,,,2,6
ihdp_disconnected_sweep,AnchorPlugin,0,1822720651,FEASIBLE,1.6113033294677734,25,0,6,0.4771454931718895,3.620798607313178,0.007192666042217244,-0.007192666042217244,0.7230769230769231,0.5199999999999999,0.9134937763700328,0.9393411633480497,0.9667865314470814,4.125404252385045,4.080216781178779,0.7260946420507486,0.6043699002150772,1.4396895803546392,0.4908491367267923,0.2662218634448315,0.7189976429303049,8.436402313564848,0.0,5.624454396445209,0.0526967651139465,,,2,6
ihdp_disconnected_sweep,Glmtrans_OptionB,0,1822720651,FEASIBLE,9.881873369216919,25,0,6,0.5179481053271456,3.993172600720788,0.36518132736539277,0.36518132736539277,0.8361538461538461,0.6599999999999998,0.9591029842930907,0.9773141021514264,0.9818965624372356,4.33137874852379,4.24515985849903,0.8463858475803671,0.7435668946382232,0.6588003228830014,0.6509651442759086,0.3718251451200444,0.6412054917983987,8.436402313564848,0.0,5.657443011909258,0.019708149649897422,,,2,6
ihdp_disconnected_sweep,ProxyOnly,5,1375927270,FEASIBLE,2.721470355987549,25,0,6,7.445880430222186,-8.08614696564124,5.158403974278732,-5.158403974278732,0.9199999999999999,0.7666666666666665,0.8349035292519541,0.8817462228005599,0.9208873555097989,9.795078148700224,9.13005429411604,0.9623634703683851,0.7919385580028812,3.475988576406786,0.9464424178928477,5.864339004529069,12.777782622211168,26.65091338272089,0.5511090772867036,24.727115390649175,0.24489209670465684,,,21,6
ihdp_disconnected_sweep,IPWTransport,5,1375927270,FEASIBLE,0.19960975646972656,25,0,6,8.793210212144297,0.9440660052946219,3.871808996657129,3.871808996657129,0.9046153846153847,0.7599999999999999,1.0,0.9422198605160417,0.9366275788976519,11.73198795491533,9.756229469498601,0.9379534314832796,1.2531976690279536,-4.110844308606256,0.7746124241433437,4.359320615997282,19.45697098636698,26.750520442828428,0.45150201717916616,24.852350425725685,0.11965706162814627,,,21,6
ihdp_disconnected_sweep,EntropyBalancing,5,1375927270,FEASIBLE,0.16054081916809082,25,0,6,8.272947554016076,-0.7918003134726047,2.1359426778899024,2.1359426778899024,0.8992307692307692,0.7399999999999999,0.9159780470548565,0.9422198605160416,0.996241614830958,10.746243415014444,9.7562294694986,0.9101992142907103,0.9367388745794694,-2.1860328568285077,0.7399768080208162,4.526886200491418,14.086944955758234,26.96208274465809,0.23993971534950376,24.852350425725685,0.11965706162814627,,,21,6
ihdp_disconnected_sweep,OutcomeModelTransport,5,1375927270,FEASIBLE,0.008307218551635742,25,0,6,8.81408162495982,0.9782609951598837,3.906003986522391,3.906003986522391,0.8815384615384615,0.7333333333333332,1.0,0.9422198605160417,0.9366275788976519,11.73198795491533,9.756229469498601,0.9245034355940456,1.2591028322835942,-4.159474181080884,0.7754098091819487,5.0016853325195125,13.630822088831575,26.96208274465809,0.23993971534950376,24.852350425725685,0.11965706162814627,,,21,6
ihdp_disconnected_sweep,AnchorPlugin,5,1375927270,FEASIBLE,1.899686574935913,25,0,6,3.6281617880820485,-3.2039668621806148,0.27622387081810773,-0.27622387081810773,0.9584615384615384,0.8399999999999999,0.951619094008912,0.9727229683209355,0.9680828975727727,11.164383748579993,10.072074350028299,0.9794160227292036,1.063450000645527,0.47951557029171393,0.9494162324509445,1.707269484572283,3.7705620443598837,27.202022460007594,0.0,24.915519401831624,0.056488085522207854,,,21,6
ihdp_disconnected_sweep,Glmtrans_OptionB,5,1375927270,FEASIBLE,8.216742515563965,25,0,6,8.682468759416558,0.7877489169936125,3.7154919083561193,3.7154919083561193,0.9046153846153847,0.7599999999999999,1.0,0.9422198605160417,0.9366275788976519,11.73198795491533,9.756229469498601,0.9359218769421453,1.2828073050751654,-3.9382730566469606,0.7841955218906882,4.58729357571774,13.543986791064043,27.17629021789842,0.02573224210917502,24.852350425725685,0.11965706162814627,,,21,6
ihdp_disconnected_sweep,ProxyOnly,6,828836041,FEASIBLE,3.2029967308044434,25,0,6,1.0383650156783237,3.9554575708099042,0.047851046123250196,0.047851046123250196,0.6760349618187689,0.48068924149876224,0.9731170370753807,0.9773738991167732,0.9786987658155318,4.32153760991787,4.315560486515188,0.7518956161962816,0.3252269999061371,2.6211849256761313,0.4351762681172111,0.7050169423247539,2.050290543353924,6.4907385668322055,0.0,3.446244139448589,0.019980952432595345,,,42,6
ihdp_disconnected_sweep,IPWTransport,6,828836041,FEASIBLE,0.11323213577270508,25,0,6,0.6924239452704036,4.1804288513209125,0.2728223266342584,0.2728223266342584,0.7911456984838098,0.6017019176802688,0.9693124247044861,0.9817866462977,0.9919108215905759,4.3046416202007505,4.335044818343772,0.8985576276584779,0.5167230787957562,1.7474824579455084,0.6561028930563763,0.5064311118082018,1.2372050740646543,6.4907385668322055,0.0,3.4501410058143063,0.016084086066878278,,,42,6
ihdp_disconnected_sweep,EntropyBalancing,6,828836041,FEASIBLE,0.4894118309020996,25,0,6,2.2869154650825347,4.908310637473784,1.0007041127871301,1.0007041127871301,0.5817134551868791,0.4336287563170652,0.9578502557235752,0.9631357571859713,0.9759296853770046,4.25373901295516,4.252692465613984,0.8352901304831193,0.21475524771646656,2.853521057866605,0.6938204143232123,1.8182110543035024,3.861556034521935,6.398910294589814,0.09182827224239176,3.4336705352683485,0.032554556612836016,,,42,6
ihdp_disconnected_sweep,OutcomeModelTransport,6,828836041,FEASIBLE,0.02327108383178711,25,0,6,0.5961891564071173,3.9353786068011996,0.027772082114545515,0.027772082114545515,0.656015703268327,0.48068924149876224,0.9918544659123921,0.9926589765940441,0.9866664658118417,4.404749084331746,4.383051214939431,0.7737524214031175,0.5682700554173262,1.6712487057115766,0.4642262935412551,0.3558918262806324,0.6288878465616099,6.4907385668322055,0.0,3.4597422851334376,0.0064828067477469276,,,42,6
ihdp_disconnected_sweep,AnchorPlugin,6,828836041,FEASIBLE,2.010709047317505,25,0,6,0.5011319994369845,4.047310527869414,0.13970400318276033,0.13970400318276033,0.7272380654189375,0.6017019176802688,0.9621336281177509,0.9772047867638077,0.9692712477810917,4.272761138962066,4.314813776797546,0.8875447960279348,0.6063892785486619,1.4533608136295153,0.821092584794664,0.3672318172571284,0.7252043526432141,6.4907385668322055,0.0,3.44609479750506,0.020130294376124347,,,42,6
ihdp_disconnected_sweep,Glmtrans_OptionB,6,828836041,FEASIBLE,8.195236444473267,25,0,6,0.41689541952407577,4.22926571798613,0.3216591932994759,0.3216591932994759,0.8696827897201589,0.7159916674072473,0.9956590782832865,0.994132448542915,0.9984265760727955,4.421645074048865,4.389557279124572,0.9708662771831854,1.4907170447871578,-2.3970319680492636,0.9427680244419611,0.3216591932994756,0.8704050988040928,6.4907385668322055,0.0,3.4610434979704654,0.005181593910719151,,,42,6
ihdp_disconnected_sweep,ProxyOnly,9,590191478,FEASIBLE,2.6479384899139404,25,0,6,1.804077148783413,3.195182771646496,0.3819994248092007,0.3819994248092007,0.8410117181733447,0.6599750073368524,0.8828928800182902,0.8953597159447141,0.928514820172339,5.866534330202304,5.671442668003215,0.9129722234208072,0.9809027942675346,-0.3209803620662387,0.8180304015991271,1.093186902781043,2.4194668756040696,10.552760299461763,0.2914486082633534,8.24863280370675,0.1325637866467897,,,29,6
ihdp_disconnected_sweep,IPWTransport,9,590191478,FEASIBLE,0.1293809413909912,25,0,6,1.4096693562464682,3.3177929593238047,0.5046096124865094,0.5046096124865094,0.9524014461990536,0.8495062914951279,0.9693418434432545,0.9617241408349113,0.9717153450716276,6.4409594085112944,6.091812296273379,0.9811120726368109,0.9761859320406406,-0.4255994654780876,0.8989494153285094,0.8840519031401963,2.5456710302476484,10.790739331868679,0.053469575856437856,8.332706729360783,0.048489860992756206,,,29,6
ihdp_disconnected_sweep,EntropyBalancing,9,590191478,FEASIBLE,0.21648859977722168,25,0,6,1.8455158242501848,3.5320766144191644,0.7188932675818691,0.7188932675818691,0.9269629615980267,0.8021234704555591,0.9693418434432545,0.9234482816698228,0.9561601896804925,6.4409594085112944,5.849362991309598,0.9712489584710965,0.8265449886308691,-0.10623687827114973,0.8688634363668939,1.1482199686897925,3.5385320609545783,10.790739331868679,0.053469575856437856,8.284216868368027,0.09697972198551241,,,29,6
ihdp_disconnected_sweep,OutcomeModelTransport,9,590191478,FEASIBLE,0.024592161178588867,25,0,6,1.3920177713991415,3.12406002709001,0.31087668025271453,0.31087668025271453,0.9539431725385098,0.8495062914951279,0.9693418434432545,0.9655479246423044,0.9999999999999999,6.4409594085112944,6.116033143215982,0.9820475280400451,1.0430257169029815,-0.4452916025662093,0.893571282229313,0.7933621474829218,2.497756351632919,10.790739331868679,0.053469575856437856,8.337550898749305,0.043645691604234926,,,29,6
ihdp_disconnected_sweep,AnchorPlugin,9,590191478,FEASIBLE,2.2745742797851562,25,0,6,1.5395780078277628,2.8197736444674217,0.006590297630126418,0.006590297630126418,0.9701312991027997,0.8765821892320244,0.9693418434432545,0.9827739623211521,0.9999999999999999,6.4409594085112944,6.225147372226571,0.9765869238875868,0.8579378795985853,0.39399272535494284,0.8852959039996676,0.6652339882296955,2.487854905182055,10.790739331868679,0.053469575856437856,8.359373744551421,0.02182284580211835,,,29,6
ihdp_disconnected_sweep,Glmtrans_OptionB,9,590191478,FEASIBLE,8.195524215698242,25,0,6,1.4254443902689902,3.2754703782052452,0.4622870313679499,0.4622870313679499,0.9601100778963344,0.8562752659293521,1.0,0.9617241408349114,0.9844448446088648,6.64467282835124,6.09181229627338,0.9758945093045949,1.033417709277217,-0.5717457482129492,0.8943278795069225,0.7999187298902577,1.8903351487330387,10.790739331868679,0.053469575856437856,8.332706729360783,0.048489860992756206,,,29,6
ihdp_disconnected_sweep,ProxyOnly,2,292730963,FEASIBLE,3.3908088207244873,25,0,6,1.6769110239667788,2.3012780668828263,0.9874247887723451,-0.9874247887723451,0.6274608286093324,0.44489932508141744,0.9415691717834944,0.8789634915758854,0.9113310234228422,4.00037830706932,3.6372393236549017,0.6517260556381571,0.2928382951759128,2.6148005098234846,0.4008576962182764,1.3145906834830483,3.074321778509707,6.352912686891901,0.25301824789838445,4.0446759438660935,0.10017224884933107,,,14,6
ihdp_disconnected_sweep,IPWTransport,2,292730963,FEASIBLE,0.11867618560791016,25,0,6,0.7097291744858831,3.486417864200767,0.19771500854559543,0.19771500854559543,0.5588142228979242,0.44489932508141744,0.9068506909856925,0.8636708954237897,0.9150856569820134,3.8528723546655748,3.5739570228332256,0.6305729641392661,0.6165591813351763,1.139119911511213,0.41946337193328653,0.4740493338994686,1.0020819155651561,6.605930934790285,0.0,4.032019483701759,0.11282870901366593,,,14,6
ihdp_disconnected_sweep,EntropyBalancing,2,292730963,FEASIBLE,0.20684814453125,25,0,6,0.9430314327407255,3.5773175060301927,0.2886146503750213,0.2886146503750213,0.4901676171865159,0.3633910517840585,0.8782452841687244,0.8636708954237897,0.9047430713276132,3.7313385870733997,3.5739570228332256,0.573354466008866,0.4215810621638129,1.7805735417657602,0.3269606628298003,0.6746224147272539,1.3955303628839535,6.605930934790285,0.0,4.032019483701759,0.11282870901366593,,,14,6
ihdp_disconnected_sweep,OutcomeModelTransport,2,292730963,FEASIBLE,0.014766931533813477,25,0,6,0.46702993429806267,3.258505215887331,0.03019763976784029,-0.03019763976784029,0.8226023032720996,0.6758394327572677,0.9874819675682572,0.9864608131957309,0.9705325165555326,4.195444753357455,4.08207405129788,0.8461676413450726,0.8735150612954877,0.44234947226768323,0.666745368763671,0.32346617072588774,0.5472666717339854,6.605930934790285,0.0,4.1336428893946895,0.011205303320735105,,,14,6
ihdp_disconnected_sweep,AnchorPlugin,2,292730963,FEASIBLE,2.113940954208374,25,0,6,0.5975453724376956,3.051020133249708,0.2376827224054634,-0.2376827224054634,0.7462425957953646,0.5671617350274559,0.923674033726446,0.9524382276882467,0.9450937506098064,3.92434850041175,3.9412851708878804,0.7701962349476528,0.7883640248167941,0.8833883436093595,0.5598439760808687,0.2669335505153543,1.0484802834696616,6.605930934790285,0.0,4.10548511331269,0.03936307940273487,,,14,6
ihdp_disconnected_sweep,Glmtrans_OptionB,2,292730963,FEASIBLE,9.247180461883545,25,0,6,0.6918309482849183,3.8067146537422754,0.518011798087104,0.518011798087104,0.8306019092111265,0.6792441869643896,0.9415691717834944,0.9938100600697501,0.9901400397001512,4.00037830706932,4.112485973960908,0.8532453829662883,1.2332378193556939,-1.4058816228353164,0.6884389407174846,0.5180117980871034,1.046643746471423,6.605930934790285,0.0,4.139725273927295,0.005122918788129205,,,14,6
ihdp_disconnected_sweep,ProxyOnly,8,451969558,FEASIBLE,2.699742078781128,25,0,6,10.590268369132668,12.348059906674099,1.66221009263238,1.66221009263238,0.8430769230769231,0.6599999999999998,0.9384489933458314,0.9224624085112523,0.8830473750962908,35.63596931392949,32.88921811640506,0.9084005449822433,0.9150325889445051,-0.6130274108041253,0.8568456956193682,6.132164749040424,17.73880300034667,56.107138519875,0.8118180644229227,46.133463226238376,0.5529007437408282,,,9,6
ihdp_disconnected_sweep,IPWTransport,8,451969558,FEASIBLE,0.17460036277770996,25,0,6,8.842697795769006,12.72816966821548,2.042319854173762,2.042319854173762,0.9815384615384616,0.9066666666666665,1.0,0.9844159894319718,0.9898793913243175,37.97326180390195,35.098093857241324,0.9865837346335203,1.0629219568651809,-2.843201197009909,0.9012898380669787,6.284847208540637,18.520671892359296,56.76585425331597,0.1531023309819517,46.57523837440563,0.11112559557357571,,,9,6
ihdp_disconnected_sweep,EntropyBalancing,8,451969558,FEASIBLE,0.45971226692199707,25,0,6,10.744605260429632,14.13530084381814,3.449451029776421,3.449451029776421,0.9638461538461539,0.8533333333333332,1.0,1.0,0.9808166888664963,37.97326180390195,35.6537218351092,0.976494696418355,1.1796867505571274,-5.989377306549517,0.8778656422290912,5.846561562121249,25.671279271041506,56.76585425331597,0.1531023309819517,46.686363969979205,0.0,,,9,6
ihdp_disconnected_sweep,OutcomeModelTransport,8,451969558,FEASIBLE,0.022627830505371094,25,0,6,8.527765331137827,12.870318711084614,2.184468897042896,2.184468897042896,0.9853846153846154,0.9266666666666664,1.0,0.9844159894319718,0.9898793913243175,37.97326180390195,35.098093857241324,0.9896123821154077,1.0668357710689542,-3.044666572001416,0.9100586183956036,5.733749379238666,18.2998801531444,56.76585425331597,0.1531023309819517,46.57523837440563,0.11112559557357571,,,9,6
ihdp_disconnected_sweep,AnchorPlugin,8,451969558,FEASIBLE,1.6772007942199707,25,0,6,2.859042245246939,10.74599225939754,0.060142445355820584,0.060142445355820584,0.9753846153846154,0.8799999999999999,0.9498308435341735,0.9999999999999998,0.9898793913243175,36.0681752909442,35.653721835109195,0.9869938973042296,1.0037298411308393,-0.10022328927660108,0.9887694969437644,1.4996872522035904,3.8341692824552673,56.86862576678417,0.050330817513753345,46.686363969979205,0.0,,,9,6
ihdp_disconnected_sweep,Glmtrans_OptionB,8,451969558,FEASIBLE,7.656261920928955,25,0,6,8.250756391874143,11.859034164835228,1.173184350793509,1.173184350793509,0.9869230769230769,0.9333333333333331,1.0,1.0,0.9898793913243175,37.97326180390195,35.6537218351092,0.9908313632604916,1.1015566699513715,-2.3775483694137165,0.9159958024914951,5.243557147086018,18.27799087455663,56.76585425331597,0.1531023309819517,46.686363969979205,0.0,,,9,6
ihdp_disconnected_sweep,ProxyOnly,7,94595297,FEASIBLE,2.1820783615112305,25,0,6,1.3173702072741456,3.740958995840846,0.030769463911997974,0.030769463911997974,0.7354088996101831,0.5658537586607304,1.0,0.9718696512641516,0.9899771827378144,5.1843666186729305,4.973047288358423,0.6785045409518755,0.5273882752145062,1.7372516194641536,0.41701074029818974,0.6883360209261402,1.6281633390705017,9.663649123716095,0.005302827673524746,6.9480690494589314,0.028788542644463178,,,48,6
ihdp_disconnected_sweep,IPWTransport,7,94595297,FEASIBLE,0.46230006217956543,25,0,6,0.9290517878777316,4.427596626072252,0.7174070941434043,0.7174070941434043,0.9512732688802947,0.8487806379910956,1.0,1.0,1.0,5.1843666186729305,5.116990001580739,0.9741810680407563,0.7695227449534281,0.30305322268719115,0.8959717887387995,0.7174070941434044,1.4845877299258108,9.663649123716095,0.005302827673524746,6.976857592103395,0.0,,,48,6
ihdp_disconnected_sweep,EntropyBalancing,7,94595297,FEASIBLE,0.20157718658447266,25,0,6,0.7048244061554503,4.158756401901576,0.44856686997272854,0.44856686997272854,0.9002085793755372,0.7452708040897424,0.9646333606884125,0.971334143829869,0.9795653584798864,5.00101299441129,4.970307102171427,0.9501069092291629,0.8857468321244261,0.026584223367350467,0.8578661770766602,0.46500568487666744,1.1522828493195116,9.663649123716095,0.005302827673524746,6.947521012221532,0.029336579881862335,,,48,6
ihdp_disconnected_sweep,OutcomeModelTransport,7,94595297,FEASIBLE,0.024935245513916016,25,0,6,0.9375198780033087,4.405535996276002,0.6953464643471539,0.6953464643471539,0.9346385594204116,0.8142773600239779,1.0,1.0,1.0,5.1843666186729305,5.116990001580739,0.9634047024840457,0.746095354132897,0.42323959264207933,0.8943144138139556,0.7069910908851009,1.5742890796359807,9.663649123716095,0.005302827673524746,6.976857592103395,0.0,,,48,6
ihdp_disconnected_sweep,AnchorPlugin,7,94595297,FEASIBLE,1.6535086631774902,25,0,6,0.7578089849385388,3.6749801187990636,0.035209413129784206,-0.035209413129784206,0.9388939502124748,0.8004760488371307,0.967509716206452,0.9856670719149343,1.0,5.01592507594245,5.043648551876082,0.9720352139565333,0.6777762140048638,1.2193754204660732,0.9002284183774444,0.555909903073953,1.550468298391107,9.606937478646389,0.0620144727432308,6.962189302162463,0.014668289940932056,,,48,6
ihdp_disconnected_sweep,Glmtrans_OptionB,7,94595297,FEASIBLE,8.179063558578491,25,0,6,0.4426219481605085,3.570524523555909,0.13966500837293871,-0.13966500837293871,0.9530039713337641,0.8501988188263283,1.0,0.9850368876807515,0.9899771827378144,5.1843666186729305,5.040423905450615,0.9859364886585928,0.8581359034136349,0.6461942442466602,0.9321227988841648,0.3239307053351186,0.6494707814286951,9.66895195138962,0.0,6.96154437287737,0.015313219226024799,,,48,6
ihdp_disconnected_sweep,ProxyOnly,3,1760634159,FEASIBLE,2.44327449798584,25,0,6,5.007074733992556,12.512033282437558,4.21542293897682,4.21542293897682,0.8091574281135342,0.6689000620906511,0.9780078171063489,0.9029695871901627,0.9159034624001379,15.178690358275176,12.86815313611319,0.8972843353372529,1.3303977573274588,-8.349370675100712,0.8478442424617938,4.307727555544605,7.468814560460407,24.4925422024056,0.48237435211750324,18.769562486167498,0.2765546544668531,,,10,6
ihdp_disconnected_sweep,IPWTransport,3,1760634159,FEASIBLE,0.44805407524108887,25,0,6,2.0029884220974115,8.264055365917514,0.03255497754322434,-0.03255497754322434,0.9426703275692624,0.8294360769924073,0.9780078171063489,0.9596377395137672,0.9866591473376249,15.178690358275176,13.675726804579568,0.9768638765524129,0.8315557601530955,1.4245875017079337,0.9256670764289741,1.2801271141043846,3.6874717086193822,24.932902364076657,0.04201419044644439,18.931077219860775,0.11503992077357594,,,10,6
ihdp_disconnected_sweep,EntropyBalancing,3,1760634159,FEASIBLE,0.46660661697387695,25,0,6,2.382156010102125,9.4106624383342,1.1140520948734611,1.1140520948734611,0.9130435458456571,0.7625460707833422,0.9780078171063489,0.9596377395137672,0.9866591473376249,15.178690358275176,13.675726804579568,0.956601874942373,0.8468376958211635,0.32730664803103227,0.9054685962747057,1.3927724615829558,4.583092042872288,24.945454665411106,0.029461889111995987,18.931077219860775,0.11503992077357594,,,10,6
ihdp_disconnected_sweep,OutcomeModelTransport,3,1760634159,FEASIBLE,0.03901076316833496,25,0,6,2.189351778198129,7.877808724103033,0.41880161935770577,-0.41880161935770577,0.9511351223474355,0.8561920794760334,0.9780078171063489,0.9627311909505392,0.9866591473376249,15.178690358275176,13.719811353353112,0.9801136535424779,0.8031223601670517,1.969766008014521,0.9263561984430342,1.605761122424338,3.8084671942021924,24.932902364076657,0.04201419044644439,18.93989412961548,0.10622301101886933,,,10,6
ihdp_disconnected_sweep,AnchorPlugin,3,1760634159,FEASIBLE,1.407543420791626,25,0,6,2.2560256836466834,8.948065227978272,0.6514548845175341,0.6514548845175341,0.9469027249583488,0.8294360769924073,0.9780078171063489,0.9627311909505389,0.997732583366675,15.178690358275176,13.719811353353109,0.9711176773120639,0.7925091565834315,1.2051867165821455,0.9333385599131743,1.2005320020627104,3.3259454492120692,24.874995025387555,0.0999215291355462,18.93989412961548,0.10622301101886933,,,10,6
ihdp_disconnected_sweep,Glmtrans_OptionB,3,1760634159,FEASIBLE,8.495703220367432,25,0,6,2.1348273045444155,7.591868159066215,0.7047421843945232,-0.7047421843945232,0.9619084975196555,0.86288108009694,0.9780078171063489,1.0,0.9866591473376249,15.178690358275176,14.250926408447459,0.9851228556089809,0.812207074981419,2.1304413123409973,0.9363429520835865,1.5634390233478541,3.278253439626221,24.932902364076657,0.04201419044644439,19.04611714063435,0.0,,,10,6
ihdp_disconnected_sweep,ProxyOnly,13,245458765,FEASIBLE,3.5604593753814697,25,0,6,1.493767268723169,6.142680675200385,1.1374759971533814,1.1374759971533814,0.5,0.3533333333333333,0.8757455489417291,0.9319352697321102,0.9298820354446795,5.256516489492365,5.503667347127822,0.6842345540513769,0.4966277538871146,1.9545789714764534,0.5436939820177854,1.2425919079228815,2.663336997169064,8.749414079408696,0.0,4.844942870787258,0.0803930585380952,,,16,6
ihdp_disconnected_sweep,IPWTransport,13,245458765,FEASIBLE,0.09667205810546875,25,0,6,0.7074017546743927,5.240911981602746,0.23570730355574288,0.23570730355574288,0.7592307692307693,0.5866666666666666,0.9761118891469053,0.9701360828567325,0.9738018793454984,5.858948694732855,5.72926731598419,0.8530673808140101,0.79632572200381,0.8317316603387792,0.5547103260219308,0.46092433048395387,0.9361312940208277,8.749414079408696,0.0,4.890062864558531,0.03527306476682224,,,16,6
ihdp_disconnected_sweep,EntropyBalancing,13,245458765,FEASIBLE,0.29611992835998535,25,0,6,0.9737705742779504,5.456347929049392,0.4511432510023887,0.4511432510023887,0.5992307692307692,0.43333333333333324,0.9271762801395999,0.9347946543885328,0.9629436665941422,5.56522086936041,5.520553822484587,0.5671577753021461,0.6668683710452408,1.366538822745764,0.25829051707763984,0.5133408159822848,1.7185922623729888,8.749414079408696,0.0,4.848320165858611,0.07701576346674255,,,16,6
ihdp_disconnected_sweep,OutcomeModelTransport,13,245458765,FEASIBLE,0.01253819465637207,25,0,6,0.6612252741164484,5.177889148939564,0.17268447089256078,0.17268447089256078,0.7853846153846153,0.6133333333333332,0.9761118891469053,0.9593974242966328,0.9575904443160034,5.858948694732855,5.665848743483801,0.8831878248147105,0.7810216126326711,0.9611613449090161,0.6066648751372524,0.44255200527220173,0.9304070322139761,8.749414079408696,0.0,4.877379150058454,0.04795677926689912,,,16,6
ihdp_disconnected_sweep,AnchorPlugin,13,245458765,FEASIBLE,2.1872665882110596,25,0,6,0.9177389254585622,5.677343210928311,0.6721385328813074,0.6721385328813074,0.6323076923076923,0.45333333333333325,0.943020064756258,0.9215229000158599,0.956747500275161,5.66032054208392,5.442175716673678,0.7658117682409384,1.0784341950175573,-1.1174363774688658,0.5803663318324137,0.6905639439680527,1.2143448056729156,8.749414079408696,0.0,4.8326445446964295,0.09269138462892368,,,16,6
ihdp_disconnected_sweep,Glmtrans_OptionB,13,245458765,FEASIBLE,10.95641565322876,25,0,6,0.45547567083551016,5.131000190599077,0.12579551255207377,0.12579551255207377,0.9284615384615384,0.7866666666666665,0.9990092998152437,0.9985857243431765,0.998483215453664,5.99638658053227,5.897280447337663,0.9670916525920301,1.4265161985798742,-2.314250208758999,0.8703555674519757,0.21617212688800225,1.0548805266405084,8.749414079408696,0.0,4.923665490829226,0.0016704384961272467,,,16,6
ihdp_disconnected_sweep,ProxyOnly,15,624505668,FEASIBLE,3.550872325897217,25,0,6,2.5679305629657154,-0.21806976334143827,1.7040322293289825,-1.7040322293289825,0.8876923076923076,0.7399999999999999,0.9394494510294151,0.9933072917187218,0.9147069997666897,6.1807707993998555,6.083578658476136,0.9322737688479957,0.7048617222292585,1.6396714949425173,0.8895548877820474,2.0329861582621227,3.951230965908806,11.762788489432978,0.35958774321821174,10.980237417826366,0.008197990210446093,,,19,6
ihdp_disconnected_sweep,IPWTransport,15,624505668,FEASIBLE,0.20445775985717773,25,0,6,1.7638367998110682,1.2830593761774338,0.2029030898101103,-0.2029030898101103,0.9146153846153846,0.7666666666666665,0.9394494510294151,1.0000000000000002,0.9388807554314069,6.1807707993998555,6.124568609528384,0.9466272605349411,1.195274592655342,-0.04764580722555552,0.7997373512849305,1.1194832843312688,3.7318219146140788,11.87914861740047,0.24322761525072067,10.988435408036812,0.0,,,19,6
ihdp_disconnected_sweep,EntropyBalancing,15,624505668,FEASIBLE,0.2925264835357666,25,0,6,1.806640438719797,2.0972314556344327,0.6112689896468886,0.6112689896468886,0.9246153846153846,0.7799999999999999,0.982914981354224,0.9933072917187218,0.9388807554314069,6.46673667049343,6.083578658476136,0.9507262889333634,0.8388943667240825,-0.2733931878607283,0.8216643867262348,1.431962180183081,2.721440774269344,12.088971460614111,0.0334047720370787,10.980237417826366,0.008197990210446093,,,19,6
ihdp_disconnected_sweep,OutcomeModelTransport,15,624505668,FEASIBLE,0.015406608581542969,25,0,6,1.7837979397281327,1.662363626919895,0.1764011609323508,0.1764011609323508,0.9184615384615386,0.7733333333333332,0.982914981354224,1.0,0.966222556323654,6.46673667049343,6.124568609528383,0.9482015363519121,1.50692138626288,-1.0190888351635732,0.8711335898384327,1.068949468532418,4.263102374037011,12.073127983503008,0.0492482491481816,10.988435408036812,0.0,,,19,6
ihdp_disconnected_sweep,AnchorPlugin,15,624505668,FEASIBLE,1.9702210426330566,25,0,6,1.0303199618712215,1.2393441367883402,0.2466183291992039,-0.2466183291992039,0.9069230769230769,0.7533333333333332,0.9540906122480686,0.9933072917187219,1.0,6.277097069674854,6.083578658476137,0.9440460806264531,1.0069321445288482,0.23802701652200633,0.9278044742285428,0.4916480639754668,1.1599216038145785,12.032487645350711,0.08988858730047866,10.980237417826366,0.008197990210446093,,,19,6
ihdp_disconnected_sweep,Glmtrans_OptionB,15,624505668,FEASIBLE,11.183658361434937,25,0,6,2.0214697688151513,2.317861017392446,0.8318985514049018,0.8318985514049018,0.94,0.8333333333333331,0.982914981354224,1.0,0.966222556323654,6.46673667049343,6.124568609528383,0.9616241053493675,1.588001258990275,-2.1948037477961395,0.8749383937406243,1.2173012920392363,5.197321291226009,12.016644168239608,0.10573206441158156,10.988435408036812,0.0,,,19,6
ihdp_disconnected_sweep,ProxyOnly,18,1303153630,FEASIBLE,3.5903916358947754,25,0,6,1.1661793901311182,5.628083967295305,0.30390332236417894,0.30390332236417894,0.9207692307692308,0.7666666666666665,0.9535189820488826,0.9705831148306502,0.9815383624392231,7.4747684868870845,7.355925215490693,0.9337243062422445,0.7167099805669038,1.290476694102008,0.8922691307824926,0.920210954505873,1.5718179874598335,10.921170951997603,0.0,6.95528968281047,0.04458936160581661,,,31,6
ihdp_disconnected_sweep,IPWTransport,18,1303153630,FEASIBLE,0.07160711288452148,25,0,6,1.954360996639278,4.050202046614123,1.2739785983170036,-1.2739785983170036,0.8292307692307692,0.6466666666666666,0.9573665141295932,0.9532808008309341,0.9837000128636488,7.50492982828732,7.22479319197609,0.8817390173810767,0.7850355479430863,2.1446280619872,0.6181184766819718,1.3927760326610519,3.0976717871954853,10.921170951997603,0.0,6.929063278107551,0.0708157663087352,,,31,6
ihdp_disconnected_sweep,EntropyBalancing,18,1303153630,FEASIBLE,0.25846338272094727,25,0,6,2.494005179388003,3.3617823343715285,1.962398310559598,-1.962398310559598,0.7730769230769231,0.5866666666666666,0.921055716825019,0.9322809247088281,0.9837000128636488,7.22028441635984,7.06563781833688,0.8409325476906052,0.7094949275669474,2.939013131110358,0.6465215551597788,2.0084780110783615,3.668662164598641,10.63606521750145,0.2851057344961525,6.897232203379708,0.10264684103657817,,,31,6
ihdp_disconnected_sweep,OutcomeModelTransport,18,1303153630,FEASIBLE,0.012119531631469727,25,0,6,1.603866879732364,4.128715939620773,1.1954647053103535,-1.1954647053103535,0.9307692307692308,0.7933333333333331,0.9938038484998211,1.0,0.9837000128636488,7.790567181947035,7.5788720235197715,0.9577103413498156,0.8863804091450284,1.6645677211264656,0.7900943479980408,1.201373993493429,2.544264554496523,10.921170951997603,0.0,6.999879044416287,0.0,,,31,6
ihdp_disconnected_sweep,AnchorPlugin,18,1303153630,FEASIBLE,4.938724994659424,25,0,6,1.1704912415153579,5.2341832824913705,0.08999736243975587,-0.08999736243975587,0.9030769230769231,0.7399999999999999,0.9938038484998211,0.9732926522245224,0.9958288504307903,7.790567181947035,7.376460452641791,0.93533244635882,1.1338827158413347,-0.6107693106314995,0.744859760394554,0.3705224711586478,1.219756768334332,10.808285284643459,0.11288566735414385,6.959396730240691,0.04048231417559567,,,31,6
ihdp_disconnected_sweep,Glmtrans_OptionB,18,1303153630,FEASIBLE,7.9631922245025635,25,0,6,1.184288962088653,4.5888301805326845,0.7353504643984419,-0.7353504643984419,0.9484615384615385,0.8199999999999998,0.9592870380318346,1.0000000000000002,0.983700012863649,7.519985083413905,7.578872023519773,0.9577405957957307,0.990314710784881,0.77979461185597,0.8320637050600713,0.7353504643984425,1.707931306677521,10.921170951997603,0.0,6.999879044416287,0.0,,,31,6
ihdp_disconnected_sweep,ProxyOnly,14,1983301643,FEASIBLE,3.019317626953125,25,0,6,1.9119540761194882,2.8433432756299752,0.22117938929844927,-0.22117938929844927,0.44622459773002476,0.3174301572974829,0.9319593104465738,0.8256050851597125,0.7968597257204553,5.775296203126874,4.8754048940062376,0.5020024915009283,0.6590510273882917,1.1906143579068988,0.3390104092912004,1.299508438434988,2.4728329838951653,14.758289722982397,0.12143090085880459,12.671426304290947,0.205969133811152,,,44,6
ihdp_disconnected_sweep,IPWTransport,14,1983301643,FEASIBLE,0.18220305442810059,25,0,6,0.8657348189536531,2.8580616727983137,0.20646099213011082,-0.20646099213011082,0.9133841461789212,0.7935753932437073,0.961230781603151,1.0,1.0000000000000002,5.95668976219708,5.905250563061993,0.9529038722616682,0.8415461638877936,0.6593318280302729,0.8840101646743879,0.5652350984522585,1.1430971710132338,14.85435494676111,0.025365677080092297,12.877395438102097,1.7763568394002505e-15,,,44,6
ihdp_disconnected_sweep,EntropyBalancing,14,1983301643,FEASIBLE,0.21721959114074707,25,0,6,1.0218765425681264,2.7682629041802027,0.2962597607482218,-0.2962597607482218,0.8928368797326213,0.7452708040897424,0.8931900920497248,1.0,0.997458748977583,5.53504567148271,5.905250563061993,0.9371792455980105,0.8382733798042599,0.7439615640545304,0.8316015365842564,0.6640071749472964,1.1819856474133992,14.815540759020932,0.06417986482026983,12.877395438102097,1.7763568394002505e-15,,,44,6
ihdp_disconnected_sweep,OutcomeModelTransport,14,1983301643,FEASIBLE,0.009215354919433594,25,0,6,0.8912651890768282,2.8493399635128327,0.21518270141559181,-0.21518270141559181,0.9335437283526495,0.8142773600239779,0.961230781603151,1.0,1.0000000000000002,5.95668976219708,5.905250563061993,0.9670950215197666,0.8012708422116085,0.7814296326173035,0.8994119461882222,0.5478921636729934,1.2596095032828067,14.85435494676111,0.025365677080092297,12.877395438102097,1.7763568394002505e-15,,,44,6
ihdp_disconnected_sweep,AnchorPlugin,14,1983301643,FEASIBLE,4.825605392456055,25,0,6,0.8486118554665177,2.9936095651051446,0.07091309982327987,-0.07091309982327987,0.869963507650891,0.752171459683166,1.0,1.0,1.0000000000000002,6.196940293841244,5.905250563061993,0.9224255578043954,0.9341768919579996,0.2679617856627617,0.8551974363416879,0.4494315208488937,0.9669621551618288,14.879720623841202,0.0,12.877395438102097,1.7763568394002505e-15,,,44,6
ihdp_disconnected_sweep,Glmtrans_OptionB,14,1983301643,FEASIBLE,7.846451759338379,25,0,6,0.6513753454111559,2.925968626891106,0.1385540380373187,-0.1385540380373187,0.9445805555612119,0.8501988188263283,0.961230781603151,1.0,1.0000000000000002,5.95668976219708,5.905250563061993,0.9770917231924607,0.8958946308931676,0.4431630819348285,0.9281002582609237,0.4185473333107974,1.0315599057440537,14.879720623841202,0.0,12.877395438102097,1.7763568394002505e-15,,,44,6
ihdp_disconnected_sweep,ProxyOnly,12,408097423,FEASIBLE,3.7252159118652344,25,0,6,2.567485857780494,3.092073424400709,1.0403176207176323,-1.0403176207176323,0.8053846153846154,0.6599999999999998,0.9420313081292537,0.9206664158662624,0.941819620913232,8.535678247050996,7.91379323624391,0.8964742396208658,0.8881834610554891,1.3860625691964212,0.845179289469354,1.8281199970953783,3.275022405137223,15.497873305579999,0.1288648236755794,11.925948792619483,0.1363858984546198,,,24,6
ihdp_disconnected_sweep,IPWTransport,12,408097423,FEASIBLE,0.09054279327392578,25,0,6,2.6943031683332634,4.864990192454629,0.7325991473362876,0.7325991473362876,0.8346153846153845,0.6533333333333332,0.9428879550839397,0.9067105833288812,0.9414864777318278,8.54344026378379,7.793832769306965,0.9207719859372695,1.0581795072699944,-1.0156418796066553,0.7971645257202524,1.8463226985407462,3.5805387998020777,15.414487817277077,0.21225031197850086,11.901956699232096,0.1603779918420063,,,24,6
ihdp_disconnected_sweep,EntropyBalancing,12,408097423,FEASIBLE,0.23843050003051758,25,0,6,3.0977162274867096,4.407142300167507,0.274751255049166,0.274751255049166,0.733076923076923,0.5666666666666667,0.9428879550839397,0.9159362361119473,0.9342780667256744,8.54344026378379,7.873133922619772,0.8444361443467769,0.9945823992195525,-0.25087511748423713,0.7093571565852096,1.6321892431989262,3.2110713253107974,15.300518833652331,0.3262192956032468,11.917816929894657,0.14451776117944526,,,24,6
ihdp_disconnected_sweep,OutcomeModelTransport,12,408097423,FEASIBLE,0.016364336013793945,25,0,6,2.7758728650087767,5.16816980764582,1.035778762527479,1.035778762527479,0.8184615384615385,0.6266666666666666,0.8758998549940257,0.9202111463561395,0.9414864777318278,7.936465884254675,7.909879865768145,0.9211928320287556,1.106666262142485,-1.5870481180267038,0.8049789339911184,1.8423969986324285,4.424149772602092,15.414487817277077,0.21225031197850086,11.92516611852433,0.137168572549772,,,24,6
ihdp_disconnected_sweep,AnchorPlugin,12,408097423,FEASIBLE,1.9253137111663818,25,0,6,2.7568317805079863,4.137800473609481,0.005409428491139678,0.005409428491139678,0.91,0.7666666666666665,0.9635574880048311,0.9652419790514596,0.9883523824124149,8.730725421938374,8.296952417851355,0.9252000601576477,1.0658996493732809,-0.27808902887860026,0.7709100073445379,0.8185405556393804,1.981454659379923,15.493195636513033,0.1335424927425457,12.002580628940972,0.0597540621331305,,,24,6
ihdp_disconnected_sweep,Glmtrans_OptionB,12,408097423,FEASIBLE,12.251156568527222,25,0,6,2.710557183768532,5.102307161221937,0.9699161161035956,0.9699161161035956,0.8523076923076923,0.6733333333333332,0.8758998549940257,0.9721690124809906,0.9527304809344752,7.936465884254675,8.356495276542772,0.9318916984641747,1.1158745415475309,-1.5611436192448724,0.8131767661402376,1.6871749917830732,4.449578453238873,15.414487817277077,0.21225031197850086,12.01448920067926,0.04784549039484354,,,24,6
ihdp_disconnected_sweep,ProxyOnly,10,1098114577,FEASIBLE,4.020071268081665,25,0,6,13.66120020067259,-18.968316388770823,8.299885008337014,-8.299885008337014,0.9269230769230768,0.7933333333333331,0.8893692721960317,0.8494539504205921,0.9279736154516625,36.2704930870275,30.55728058179876,0.9585410539555758,0.8898892609774312,6.211269672755551,0.9372197105221666,8.69018502978908,20.151140681534947,84.23781424361867,1.2719383562876772,81.90847817855663,1.0831141288357315,,,28,6
ihdp_disconnected_sweep,IPWTransport,10,1098114577,FEASIBLE,0.2751040458679199,25,0,6,15.637723765308944,-5.205142384629565,5.463288995804244,5.463288995804244,0.9569230769230769,0.8533333333333332,0.9189980732622047,1.0,1.0,37.478822695261,35.97285122597742,0.9599755768318905,1.2404017594028072,-4.211963608597176,0.8928991317940462,8.127520913457115,29.283640198494986,85.43798572702656,0.07176687287979178,82.99159230739237,0.0,,,28,6
ihdp_disconnected_sweep,EntropyBalancing,10,1098114577,FEASIBLE,0.23239707946777344,25,0,6,15.22941919926287,-2.605655987479902,8.062775392953906,8.062775392953906,0.9453846153846153,0.8266666666666665,0.9189980732622047,0.9257045331260327,0.9492298143892344,37.478822695261,33.300231449355664,0.9536216857014477,1.0872995392738611,-7.835302825740731,0.8964280946211207,8.062775392953903,22.912699085288203,85.43798572702656,0.07176687287979178,82.45706835206802,0.5345239553243459,,,28,6
ihdp_disconnected_sweep,OutcomeModelTransport,10,1098114577,FEASIBLE,0.0190122127532959,25,0,6,18.258246663871006,-3.102923302255974,7.565508078177835,7.565508078177835,0.9661538461538461,0.8533333333333332,1.0,0.9257045331260327,1.0,40.78226471381045,33.300231449355664,0.9542164809620688,1.3326993977106276,-6.5331673643749975,0.8735559877767032,8.566828113205872,51.507196666231714,85.50975259990635,0.0,82.45706835206802,0.5345239553243459,,,28,6
ihdp_disconnected_sweep,AnchorPlugin,10,1098114577,FEASIBLE,2.2179713249206543,25,0,6,15.180140030951732,-10.756563640162321,0.08813225972851235,-0.08813225972851235,0.9292307692307692,0.7866666666666665,0.932201610553627,0.8800949492592481,0.9613898405068878,38.017292848238455,31.65952467443708,0.9421198625493092,1.113325419010448,1.307124341362457,0.8579395224023277,6.871841132966394,20.748307846666087,84.28377874778336,1.2259738521229906,82.1289269970843,0.8626653103080599,,,28,6
ihdp_disconnected_sweep,Glmtrans_OptionB,10,1098114577,FEASIBLE,12.60729169845581,25,0,6,18.93058718787652,-3.3336910732403715,7.334740307193437,7.334740307193437,0.9653846153846154,0.8599999999999999,1.0,1.0,1.0,40.78226471381045,35.97285122597742,0.9564870348858933,1.3648767956283858,-6.118353790774532,0.8620938437116428,9.16308416920213,49.06872697090312,85.50975259990635,0.0,82.99159230739237,0.0,,,28,6
ihdp_disconnected_sweep,ProxyOnly,16,1392462430,FEASIBLE,2.5725858211517334,25,0,6,1.594009378050999,3.60403542530089,0.8025657848101124,-0.8025657848101124,0.823076923076923,0.6333333333333332,0.8593125384662548,0.938359343203765,0.9815161634862014,6.204480930270515,6.470757020902591,0.8652726124510411,0.6819552183311203,1.948810444776843,0.8088009665765711,1.0781957331622125,2.736695138815067,11.02059027652697,0.12808470388952564,7.919127226629831,0.08501257340828161,,,31,6
ihdp_disconnected_sweep,IPWTransport,16,1392462430,FEASIBLE,0.18132758140563965,25,0,6,1.5894396279295118,3.777611621145287,0.6289895889657156,-0.6289895889657156,0.8823076923076922,0.7333333333333332,0.9814598811781172,0.9895172080792165,0.988789522565537,7.0864194853527405,6.8235324429354804,0.8425791408430724,0.7680654439300554,1.5051482633207096,0.6465647796732903,0.9523569705306898,1.8329472391989117,11.056010460808999,0.09266451960749755,7.989682311036409,0.014457489001703294,,,31,6
ihdp_disconnected_sweep,EntropyBalancing,16,1392462430,FEASIBLE,0.30504631996154785,25,0,6,1.47601465758968,4.064243893234647,0.3423573168763552,-0.3423573168763552,0.8707692307692307,0.7466666666666665,0.9698767997788197,0.9895172080792165,0.9765218434947089,7.002786343231965,6.8235324429354804,0.8395978969665959,0.7425796295847048,1.38857648533092,0.6831046972842698,1.010796660610547,1.995997199852222,11.134521759922233,0.014153220494263152,7.989682311036409,0.014457489001703294,,,31,6
ihdp_disconnected_sweep,OutcomeModelTransport,16,1392462430,FEASIBLE,0.05030989646911621,25,0,6,1.4640125695994972,3.520806505485486,0.8857947046255168,-0.8857947046255168,0.9353846153846154,0.8133333333333331,0.9814598811781172,1.0,0.9887895225655371,7.0864194853527405,6.895819887943998,0.9226616175378646,0.9554027349218109,1.042813045639664,0.7386338348179514,0.9387495360444618,1.7951156567419257,11.056010460808999,0.09266451960749755,8.004139800038113,0.0,,,31,6
ihdp_disconnected_sweep,AnchorPlugin,16,1392462430,FEASIBLE,4.894431829452515,25,0,6,1.1966660601101446,4.135769834931315,0.2708313751796876,-0.2708313751796876,0.8723076923076923,0.7133333333333332,0.9814598811781172,0.9453707577095499,0.9767489957407356,7.0864194853527405,6.519106472494201,0.9088029606228163,1.2255310589850208,-0.6619131754106784,0.7628675269110643,0.6259638090518527,1.4156543312455472,11.031577032560318,0.11709794785617866,7.928797116948154,0.07534268308995884,,,31,6
ihdp_disconnected_sweep,Glmtrans_OptionB,16,1392462430,FEASIBLE,8.009350299835205,25,0,6,1.0644667174291622,4.00222450662063,0.4043767034903727,-0.4043767034903727,0.9723076923076923,0.8666666666666665,1.0,0.9895172080792165,1.0,7.22028441635984,6.8235324429354804,0.9733675534686695,1.087468106798194,0.0543097029149298,0.8176301875955931,0.6827946248253006,1.1191862987409071,11.134521759922233,0.014153220494263152,7.989682311036409,0.014457489001703294,,,31,6
ihdp_disconnected_sweep,ProxyOnly,11,1486629424,FEASIBLE,4.041048526763916,25,0,6,1.4525870475880733,4.509457581958062,1.1205191828221386,-1.1205191828221386,0.6812848750761226,0.5041743252871043,1.0,0.9476615021812425,0.9632624893651588,7.17353065477922,6.536167691217495,0.6921055547179257,0.5643205931431104,3.0851969873759306,0.567923199681909,1.1205191828221395,2.7834927887384424,9.90421909323439,0.0,5.58147586669769,0.07219734001274158,,,25,6
ihdp_disconnected_sweep,IPWTransport,11,1486629424,FEASIBLE,0.22486114501953125,25,0,6,1.1945484601062413,5.435875966324938,0.1941007984552625,-0.1941007984552625,0.7324485613466615,0.5308855478188713,0.9027086369727871,0.912991345693975,0.9374020926863056,6.4756080796582545,6.2970422691549315,0.8047598454889023,0.45814940062051923,3.139533448960944,0.634263205923266,0.8137121700257445,1.8552056312071428,9.90421909323439,0.0,5.533650782285178,0.12002242442525368,,,25,6
ihdp_disconnected_sweep,EntropyBalancing,11,1486629424,FEASIBLE,0.5704050064086914,25,0,6,2.032556150178869,5.379372589483829,0.25060417529637125,-0.25060417529637125,0.5535680040850031,0.40400724079297756,0.9023773127597859,0.9478428891671592,0.9563434388746871,6.47323131525962,6.537418745263932,0.6532334320831075,0.2697031717459323,4.1791429153932835,0.42153416042408853,1.5039830197507924,3.726966442916945,9.706148965911305,0.19807012732308493,5.581726077506978,0.07194712920345303,,,25,6
ihdp_disconnected_sweep,OutcomeModelTransport,11,1486629424,FEASIBLE,0.023856163024902344,25,0,6,0.9513414606616312,5.919459918366023,0.2894831535858229,0.2894831535858229,0.868628598487795,0.6978306886424157,0.979150236449852,0.9545786903230412,0.9674322831225026,7.023964236807335,6.58387660578502,0.9073447541753421,0.5470133677470983,2.391953059590839,0.8253383518712144,0.6626495413600142,1.8246126159142078,9.90421909323439,0.0,5.591017649611194,0.06265555709923731,,,25,6
ihdp_disconnected_sweep,AnchorPlugin,11,1486629424,FEASIBLE,1.9702341556549072,25,0,6,0.6348594883367534,5.37189239351598,0.25808437126422046,-0.25808437126422046,0.78284286887629,0.570952381616522,0.9764036828998015,0.9988573556589548,0.9504291798934865,7.004261750721055,6.889273396846687,0.8351617435997901,0.8586730881180383,1.0172773342020345,0.7159755787357439,0.3701692628427289,0.874304078786575,9.90421909323439,0.0,5.652097007823529,0.0015761988869025245,,,25,6
ihdp_disconnected_sweep,Glmtrans_OptionB,11,1486629424,FEASIBLE,13.090307712554932,25,0,6,0.7560076398009821,6.069099281585585,0.4391225168053845,0.4391225168053845,0.9305635871310789,0.7712865506047754,1.0,0.9988668026987079,1.0,7.17353065477922,6.889338554538405,0.9622149454938936,0.6646428044304213,1.5961935979005002,0.8833375700283297,0.5606101699955301,1.3789315797755775,9.90421909323439,0.0,5.652110039361872,0.0015631673485589914,,,25,6
ihdp_disconnected_sweep,ProxyOnly,17,595183966,FEASIBLE,2.54907488822937,25,0,6,4.157924062729525,3.7694611278208914,0.7426226633541964,-0.7426226633541964,0.7807692307692308,0.6199999999999999,0.8728615901270969,0.9177064140015805,0.921269352218375,8.486897777207,8.81021627328646,0.9173196045928645,0.5896184864391156,2.2895398262982516,0.9323969721775157,3.314818145741855,8.465621613981286,15.162497113593107,0.08441360095159567,11.33117773787941,0.15800789435239082,,,17,6
ihdp_disconnected_sweep,IPWTransport,17,595183966,FEASIBLE,0.24873018264770508,25,0,6,1.8857113817540854,5.539989370133266,1.027905578958178,1.027905578958178,0.9830769230769232,0.9066666666666665,0.9961088258848804,1.0,0.9969027422984755,9.6852397629591,9.600255745048424,0.9914406747520007,1.0402860625821466,-1.2510899374277944,0.9238402785414211,1.3258657232262527,3.633223244210838,15.246910714544702,0.0,11.4891856322318,0.0,,,17,6
ihdp_disconnected_sweep,EntropyBalancing,17,595183966,FEASIBLE,0.1261584758758545,25,0,6,2.8708162473076313,5.1282565641648326,0.6161727729897448,0.6161727729897448,0.8961538461538462,0.7333333333333332,0.9794101678928404,1.0000000000000002,0.9496093461245674,9.522877476660824,9.600255745048425,0.9432638868217547,0.8381581609226073,0.21379370061540123,0.7853534271954143,1.725361091465206,5.063664280122294,15.246910714544702,0.0,11.4891856322318,0.0,,,17,6
ihdp_disconnected_sweep,OutcomeModelTransport,17,595183966,FEASIBLE,0.012389898300170898,25,0,6,1.888909417668233,5.707853841268457,1.195770050093369,1.195770050093369,0.9823076923076923,0.8999999999999998,0.9961088258848804,1.0,0.9969027422984755,9.6852397629591,9.600255745048424,0.9923405392061818,0.9804003805411763,-1.0838982868779221,0.934035028705498,1.3930823969453852,3.386454962303901,15.246910714544702,0.0,11.4891856322318,0.0,,,17,6
ihdp_disconnected_sweep,AnchorPlugin,17,595183966,FEASIBLE,5.01045560836792,25,0,6,1.4928975238661268,4.661040691613663,0.14895690043857535,0.14895690043857535,0.8069230769230769,0.6466666666666666,0.9794101678928404,0.9526178748137327,0.9238255290669877,9.522877476660824,9.145375225516357,0.9366047926520268,1.0594312398138077,-0.4259683275637851,0.9344789315992974,0.87890415553649,1.8033987134998917,15.246910714544702,0.0,11.398209528325385,0.09097610390641542,,,17,6
ihdp_disconnected_sweep,Glmtrans_OptionB,17,595183966,FEASIBLE,8.735319375991821,25,0,6,2.661524551130822,5.6006400571658626,1.0885562659907748,1.0885562659907748,0.9584615384615384,0.8466666666666665,0.9740759130768132,0.9894977042034533,1.0000000000000002,9.47101212268803,9.499431019491428,0.9895649015523996,1.17877192994472,-2.0897934979360215,0.8362153270947744,1.8411812197584343,5.823171758346059,15.14260929281201,0.10430142173269275,11.4690206871204,0.0201649451114001,,,17,6
ihdp_disconnected_sweep,ProxyOnly,19,809457663,FEASIBLE,2.5015628337860107,25,0,6,1.7161106542414448,2.9266733635925033,0.8821312433970738,-0.8821312433970738,0.11194551224493944,0.05642764926868785,1.0,0.8989447623881262,0.9166645183600726,4.28876057710054,3.785591122802758,0.06493533861312589,0.02096620650408309,3.747443368878497,0.008670255674992577,1.435606628218752,3.1410914589874976,6.382295785445633,0.0,3.330609403016608,0.08511175022588535,,,14,6
ihdp_disconnected_sweep,IPWTransport,19,809457663,FEASIBLE,0.1595451831817627,25,0,6,1.0068518722693436,3.8728407072266156,0.06403610023703843,0.06403610023703843,0.19892756531330705,0.16222949164747758,0.8895712755202136,0.9277973279215671,0.9391313025505706,3.8151582169721348,3.9070936005115278,0.22905239713595815,0.06858476672445886,3.543186730523452,0.04508994269136213,0.8468272876455125,1.6161207919821576,6.382295785445633,0.0,3.3549098985583625,0.060811254684130844,,,14,6
ihdp_disconnected_sweep,EntropyBalancing,19,809457663,FEASIBLE,0.26531481742858887,25,0,6,1.7038527471862424,4.375544691274028,0.5667400842844508,0.5667400842844508,0.09166270166397482,0.06348110542727384,0.8774134186561541,0.8979048162218557,0.9219531803143619,3.763016079751525,3.781211753635772,0.1068407164388562,0.005414992716979074,3.7851110643535124,0.0006731312574068671,1.2794993114092805,2.8644700927845173,6.382295785445633,0.0,3.329733529183211,0.08598762405928229,,,14,6
ihdp_disconnected_sweep,OutcomeModelTransport,19,809457663,FEASIBLE,0.013204813003540039,25,0,6,0.6371980780806696,3.6007957234678054,0.20800888352177171,-0.20800888352177171,0.5285232372539823,0.40910045719798693,1.0,0.9831638321014528,0.9715869607858979,4.28876057710054,4.140250247608719,0.5380954014980374,0.23417103480264184,2.9656025463121933,0.24041178319442413,0.5446921094029933,0.9134595750961951,6.382295785445633,0.0,3.4015412279778,0.01417992526469325,,,14,6
ihdp_disconnected_sweep,AnchorPlugin,19,809457663,FEASIBLE,4.540044069290161,25,0,6,0.6777958202616401,3.3355500235833464,0.4732545834062307,-0.4732545834062307,0.5979528580888229,0.47963501878384673,1.0,0.989246397364495,0.9643769769419159,4.28876057710054,4.165864841549364,0.6577449846465191,0.3445814466771584,2.6594359543991954,0.44381027849108334,0.5267562977527416,1.1168894766004436,6.382295785445633,0.0,3.4066641467659293,0.009057006476564045,,,14,6
ihdp_disconnected_sweep,Glmtrans_OptionB,19,809457663,FEASIBLE,8.365413665771484,25,0,6,0.33101527272802206,3.8144741583549178,0.0056695513653406415,0.0056695513653406415,0.6208148138319127,0.48831892666169646,0.9633105402444557,0.983163832101453,0.9878532381028303,4.131408268505845,4.14025024760872,0.6122210676326084,0.4978561204145612,1.9097453010894,0.3360007905315734,0.22860577430676868,0.5003704852842974,6.382295785445633,0.0,3.4015412279778,0.01417992526469325,,,14,6
ihdp_disconnected_sweep,ProxyOnly,20,2046097229,FEASIBLE,3.9095757007598877,25,0,6,2.1722318204652704,3.2041769944426193,0.21414573160841988,0.21414573160841988,0.7376923076923076,0.5599999999999998,0.652029528082537,0.8264934169189794,0.8820069880662714,4.498820244740784,5.343520392785902,0.7750703178277265,0.7321516869059433,0.6440876712078177,0.5678504790756269,0.9579498498071561,2.258530008196831,11.914456579680527,0.18143601299686551,9.76145696854235,0.22435410760614083,,,30,6
ihdp_disconnected_sweep,IPWTransport,20,2046097229,FEASIBLE,0.22638201713562012,25,0,6,1.2679374379294588,3.140381493379084,0.1503502305448845,0.1503502305448845,0.916923076923077,0.7399999999999999,0.9170035199803269,0.9591363824140124,0.9809254337542553,6.327066217872019,6.201095754637559,0.9300394237802287,0.9785984736550777,-0.08314127328122642,0.8280244115599458,0.5784738056189541,1.6180067089913626,12.095892592677393,0.0,9.932972040912682,0.052839035235807685,,,30,6
ihdp_disconnected_sweep,EntropyBalancing,20,2046097229,FEASIBLE,0.33606886863708496,25,0,6,2.0044902690167414,2.389821960945387,0.6002093018888126,-0.6002093018888126,0.8984615384615385,0.7333333333333332,0.904335583618053,0.9466039275777839,0.9407396266261276,6.239661022077771,6.120069788044022,0.8944680403325737,0.7191692243382866,1.2713448568745016,0.7105837263615273,1.2361918223450739,2.6499271685677552,11.871730125603131,0.22416246707426168,9.916766847593975,0.06904422855451564,,,30,6
ihdp_disconnected_sweep,OutcomeModelTransport,20,2046097229,FEASIBLE,0.018324851989746094,25,0,6,1.0388387181808616,2.8010308339926633,0.18900042884153612,-0.18900042884153612,0.9553846153846154,0.8399999999999999,0.9488836032050305,0.9863644810613896,0.9999999999999999,6.547029820190905,6.377133333885826,0.9696724483887369,1.1769681371749885,-0.3066927800198501,0.9070317402168885,0.7537492743901835,1.670765499944626,12.095892592677393,0.0,9.968179556762335,0.017631519386155148,,,30,6
ihdp_disconnected_sweep,AnchorPlugin,20,2046097229,FEASIBLE,2.4798924922943115,25,0,6,0.9677723892392476,2.6642808430345544,0.32575041979964503,-0.32575041979964503,0.9384615384615383,0.8199999999999998,1.0,0.9995689954598457,0.9999999999999999,6.899718572517321,6.462504361072002,0.9549317011435767,0.948997553361422,0.4616352613267003,0.9123234292117208,0.4380239753589599,1.3190955030379001,12.068176098856004,0.027716493821388966,9.98525376219957,0.000557313948920779,,,30,6
ihdp_disconnected_sweep,Glmtrans_OptionB,20,2046097229,FEASIBLE,9.162270545959473,25,0,6,1.1054618086180636,2.698899305342062,0.2911319574921376,-0.2911319574921376,0.9707692307692307,0.8599999999999999,0.9488836032050305,0.9863644810613896,0.9999999999999999,6.547029820190905,6.377133333885826,0.9778074260841563,1.2235197257324835,-0.3121252750175118,0.9065788358242036,0.8177947935052629,1.7711766610975608,12.095892592677393,0.0,9.968179556762335,0.017631519386155148,,,30,6
ihdp_disconnected_sweep,ProxyOnly,22,746277691,FEASIBLE,3.5673351287841797,25,0,6,1.2267936186870376,3.6865962985791856,0.30149455092282773,-0.30149455092282773,0.7263281597937501,0.5503479652754999,0.9887446953067026,0.9865640228705508,0.9814903419538066,4.478784652602361,4.383919968099532,0.8258507556381961,0.23848351333789788,3.108898411958358,0.4298746321232988,0.878588846813114,2.151929598659544,6.464443025537738,0.0,3.3531361696556314,0.011940887172701586,,,42,6
ihdp_disconnected_sweep,IPWTransport,22,746277691,FEASIBLE,0.37447547912597656,25,0,6,0.9120633788591626,4.395453962203753,0.40736311270173964,0.40736311270173964,0.5277137822348869,0.35571270926343285,0.9727699825528069,0.9700702247496731,0.96745960257465,4.4064229007249605,4.31062772425556,0.45883703849021407,0.23238439690683074,2.9666559313635545,0.13444339681739448,0.652548257914429,1.393210895894387,6.464443025537738,0.0,3.3384777208868366,0.026599335941496438,,,42,6
ihdp_disconnected_sweep,EntropyBalancing,22,746277691,FEASIBLE,0.41882991790771484,25,0,6,2.2639216465077436,5.84766233971493,1.8595714902129163,1.8595714902129163,0.6123943308064951,0.41611675423269506,0.9508909248594506,0.9619533373908958,0.9577867975631177,4.307315832666295,4.274559325503878,0.7212123145789254,0.19447187846511194,2.8508849696679617,0.2995665157096863,1.8595714902129163,3.9608124427391767,6.464443025537738,0.0,3.3312640411365004,0.03381301569183259,,,42,6
ihdp_disconnected_sweep,OutcomeModelTransport,22,746277691,FEASIBLE,0.0305631160736084,25,0,6,0.9103738530595634,3.8013386311877677,0.1867522183142456,-0.1867522183142456,0.49576612072832543,0.3490011487112926,0.9731256289687849,0.9642562633612437,0.981787611839967,4.4080338966849855,4.284792663546236,0.426276783010053,0.21472619340558666,3.17184387538146,0.14391134342468803,0.7097084798599307,1.2731128376798568,6.464443025537738,0.0,3.333310708744972,0.031766348083360985,,,42,6
ihdp_disconnected_sweep,AnchorPlugin,22,746277691,FEASIBLE,1.795107364654541,25,0,6,0.43815828172820065,3.7964497322377766,0.19164111726423672,-0.19164111726423672,0.7686684340795543,0.6241751313490426,0.9930319432371049,0.9895541196189805,0.9857219146741415,4.49820489356419,4.3972068349810645,0.8122634685888532,0.6627554057044772,1.471973266976112,0.6155749595671386,0.26413649100778397,0.7226382788994798,6.464443025537738,0.0,3.355793543031938,0.009283513796395138,,,42,6
ihdp_disconnected_sweep,Glmtrans_OptionB,22,746277691,FEASIBLE,8.711127996444702,25,0,6,0.5075999502965416,3.997172780775113,0.009081931273099642,0.009081931273099642,0.7051580226508479,0.5033670414105182,0.9930319432371049,0.9954884614429329,0.981787611839967,4.49820489356419,4.423576821131438,0.6557507583858095,0.5519544194931237,1.7818336676755717,0.28671831044015916,0.29491921101157414,0.5610553386289316,6.464443025537738,0.0,3.3610675402620127,0.004009516566320315,,,42,6
ihdp_disconnected_sweep,ProxyOnly,27,486002924,FEASIBLE,3.3050312995910645,25,0,6,2.6404582320430876,-0.41687625652729865,1.4470812350333504,-1.4470812350333504,0.920176974128789,0.7913199675036006,0.9522178892581197,0.9352522351016099,0.9703247691917846,6.092109103975055,5.503682768285744,0.9477195127173138,0.7157197284878803,1.3285715396408135,0.915919853771066,1.702523066183626,4.629778694194985,11.78599408152198,0.31207447283635403,10.700266722007257,0.07620428897827125,,,25,6
ihdp_disconnected_sweep,IPWTransport,27,486002924,FEASIBLE,0.132615327835083,25,0,6,2.7454602212708275,2.6028620009199104,1.5726570224138587,1.5726570224138587,0.9767263115857004,0.9048426632636108,0.9560880025433156,0.9687525926253574,1.0,6.11686935332988,5.70082246334868,0.986078343585694,1.446413928615185,-2.734610873887698,0.8429890699291013,1.6471533979431234,6.493228682226596,12.091182557060149,0.006885997298185842,10.739694661019843,0.036776349965684574,,,25,6
ihdp_disconnected_sweep,EntropyBalancing,27,486002924,FEASIBLE,0.1372387409210205,25,0,6,2.396585211428415,-0.10997917391733537,1.140184152423387,-1.140184152423387,0.9628774942493139,0.8647758294659602,1.0,0.9687525926253574,1.0,6.39780996839018,5.70082246334868,0.9619508172249576,0.9651083542670668,1.1363467980490622,0.7928116199555916,1.817822402149045,2.9747486319456993,11.691871779298072,0.40619677506026264,10.739694661019843,0.036776349965684574,,,25,6
ihdp_disconnected_sweep,OutcomeModelTransport,27,486002924,FEASIBLE,0.010877132415771484,25,0,6,3.330714066966991,3.175977264279009,2.1457722857729573,2.1457722857729573,0.9613387367674933,0.8514202182000766,0.9560880025433156,0.9683705252115357,1.0,6.11686935332988,5.698574109628845,0.9769821774453106,1.6218451999886017,-4.120738502837789,0.8158524069387638,2.145772285772958,7.7272170790448245,11.890030944454509,0.20803760990382614,10.739244990275878,0.03722602070964953,,,25,6
ihdp_disconnected_sweep,AnchorPlugin,27,486002924,FEASIBLE,1.9875266551971436,25,0,6,0.9956924324187757,0.6041078344564889,0.4260971440495628,-0.4260971440495628,0.9721100391402382,0.8781314407318437,0.9121207141577066,1.0,0.9703247691917849,5.835574997413345,5.8847042131771,0.9830852847680882,0.9665405633697638,0.44631025185438816,0.9632054305033545,0.47450579187784764,1.9025383426078946,11.99874852637978,0.0993200279785551,10.776471010985528,0.0,,,25,6
ihdp_disconnected_sweep,Glmtrans_OptionB,27,486002924,FEASIBLE,8.448803424835205,25,0,6,3.4961161227284117,2.912493911742564,1.8822889332365125,1.8822889332365125,0.9759569328447901,0.8981648576306691,1.0,1.0,1.0,6.39780996839018,5.8847042131771,0.9758896446789413,2.211667598964044,-5.411263438275021,0.8476991178406168,2.0059488399851237,8.140356266377083,11.625816893478063,0.4722516608802714,10.776471010985528,0.0,,,25,6
ihdp_disconnected_sweep,ProxyOnly,24,815672906,FEASIBLE,2.743138074874878,25,0,6,1.3412603876689397,3.662532669223342,0.3277569892583543,-0.3277569892583543,-0.04230769230769231,0.0,0.9082820124830177,0.9616868515794341,0.9378417877743839,3.7846523285011306,4.004866437030948,0.0,-0.04480020759753599,4.154371882395662,0.053341953704459155,1.057752028051627,2.618303928907146,5.5634452972397765,0.0,2.3741289261642686,0.031910396186556333,,,7,6
ihdp_disconnected_sweep,IPWTransport,24,815672906,FEASIBLE,0.16391873359680176,25,0,6,1.2167542388982646,4.856639884879205,0.8663502263975085,0.8663502263975085,0.5230769230769231,0.4133333333333333,0.99493490304733,0.9949107496589442,0.9938918641761844,4.1457197718043854,4.14322465010981,0.7361814551985355,0.15079001313229826,3.2579568664619183,0.38830906876889915,1.0101711697394173,2.05695669870191,5.5634452972397765,0.0,2.401800568780041,0.00423875357078396,,,7,6
ihdp_disconnected_sweep,EntropyBalancing,24,815672906,FEASIBLE,0.21906614303588867,25,0,6,0.797634120977314,4.423444276661289,0.4331546181795929,0.4331546181795929,0.5776923076923076,0.40666666666666657,0.9976662734787503,0.9917165159415835,0.9894055649627678,4.157100914798745,4.129922524385952,0.7614021873272816,0.20372527794675716,3.089122243736883,0.4864450740244147,0.6498573308202955,1.407290964689345,5.5634452972397765,0.0,2.3991401436352695,0.006899178715555454,,,7,6
ihdp_disconnected_sweep,OutcomeModelTransport,24,815672906,FEASIBLE,0.053964853286743164,25,0,6,0.6931829142844085,4.465106565746233,0.47481690726453696,0.47481690726453696,0.5599999999999999,0.3866666666666666,0.9896924287820527,0.9949107496589442,0.9933238890884332,4.123875298213029,4.14322465010981,0.6430780943870451,0.21502688335116416,3.0301717098184637,0.2853245400662022,0.5756740624296778,1.0793761451635246,5.5634452972397765,0.0,2.401800568780041,0.00423875357078396,,,7,6
ihdp_disconnected_sweep,AnchorPlugin,24,815672906,FEASIBLE,2.0075619220733643,25,0,6,0.4190596144523444,3.9361821320292028,0.054107526452493726,-0.054107526452493726,0.3553846153846154,0.22666666666666663,0.9813655083132624,0.9819496130176468,0.9866435965158693,4.089178476622015,4.089249053963046,0.517484531532415,0.19596469669091604,3.2189369208583916,0.12999207771386723,0.2812105891270045,0.822758495097224,5.5634452972397765,0.0,2.391005449550688,0.015033872800136905,,,7,6
ihdp_disconnected_sweep,Glmtrans_OptionB,24,815672906,FEASIBLE,8.42537236213684,25,0,6,0.19027119869086917,4.005686721580572,0.015397063098875563,0.015397063098875563,0.6690614790716103,0.47082800718062534,0.9916890824096979,0.9879582222567513,0.9921072721679904,4.1321950047548555,4.11427141694472,0.7517256828483607,0.8640930804376911,0.529003479962785,0.37222644225194446,0.11783006871456966,0.4843101034618851,5.5634452972397765,0.0,2.396009922147023,0.010029400203801941,,,7,6
ihdp_disconnected_sweep,ProxyOnly,25,1361642931,FEASIBLE,3.260396957397461,25,0,6,1.0602338384532892,4.32270914825291,0.08579024572918303,0.08579024572918303,0.2893549342387584,0.22373985744503325,0.9730968750380887,0.978477500030471,0.9503627109307621,4.50646591077125,4.53138388525952,0.47455105500778716,0.16345880848664004,3.530334015716008,0.15332741637665692,0.6645438396015881,2.092526206355677,8.08717270594915,0.0,4.756530580477327,0.019934379590615947,,,32,6
ihdp_disconnected_sweep,IPWTransport,25,1361642931,FEASIBLE,0.13244271278381348,25,0,6,1.0335082985433481,4.225820075993263,0.011098826530464123,-0.011098826530464123,0.2521752499510967,0.19287918745261487,1.0,0.9128847336297872,0.9111973420622484,4.6310557832126005,4.22762012508272,0.2846737330661076,0.12637579151084963,3.7028775456376404,0.07801928315228135,0.8118701699183895,1.7578463351870637,8.08717270594915,0.0,4.695777828441967,0.08068713162597607,,,32,6
ihdp_disconnected_sweep,EntropyBalancing,25,1361642931,FEASIBLE,0.18175148963928223,25,0,6,3.2890807109925873,5.80772995877098,1.570811056247253,1.570811056247253,0.3940238280485886,0.2777460299317654,1.0,0.9661302810545384,0.9681207364784097,4.6310557832126005,4.474203225414435,0.30609904286360007,0.035138492222977734,4.032844028534297,0.046960269371314145,2.7314080222504664,6.067945041653538,8.08717270594915,0.0,4.74509444850831,0.031370511559632774,,,32,6
ihdp_disconnected_sweep,OutcomeModelTransport,25,1361642931,FEASIBLE,0.013579130172729492,25,0,6,0.6448154134566465,4.38853165703776,0.15161275451403267,0.15161275451403267,0.4271622423049827,0.3394673699166022,1.0,0.9359932025904846,0.9465942518612284,4.6310557832126005,4.334636733904347,0.47041106640404834,0.3343537679991903,2.76959680700942,0.2397008854370576,0.4584119316535975,1.05301308262396,8.08717270594915,0.0,4.717181150206293,0.05928380986165038,,,32,6
ihdp_disconnected_sweep,AnchorPlugin,25,1361642931,FEASIBLE,1.8976192474365234,25,0,6,0.632649684833856,4.24102460436385,0.004105701840122933,0.004105701840122933,0.4889936737833766,0.3934735424033344,0.9422288275982568,0.9768915310393028,0.9454614168675368,4.363514261158535,4.524039174390975,0.4966015125365886,0.3168607769443169,2.893104551345034,0.2035786809284028,0.4147713168393219,0.8678837004373579,8.08717270594915,0.0,4.755061638303618,0.0214033217643248,,,32,6
ihdp_disconnected_sweep,Glmtrans_OptionB,25,1361642931,FEASIBLE,9.495838165283203,25,0,6,0.46950565455270027,3.972634800180103,0.2642841023436242,-0.2642841023436242,0.5766892334618828,0.46291004988627565,1.0,1.0,0.9846267857360507,4.6310557832126005,4.6310557832126005,0.6304334189055507,0.7238685073839971,1.3612536793356322,0.40293193620396206,0.3188188284976693,0.5924319761125796,8.08717270594915,0.0,4.776464960067943,0.0,,,32,6
ihdp_disconnected_sweep,ProxyOnly,21,416553350,FEASIBLE,3.600790500640869,25,0,6,1.4353473385650997,4.7441956445114855,0.8270511252403323,0.8270511252403323,0.46245698934586355,0.2991702272265024,0.9833946748031793,0.9973937756408184,0.9629667318588312,4.53042117952306,4.568827503317993,0.5060126972652463,0.3548972534136535,2.2334425153770097,0.32813577188512877,1.1427552738644238,2.3075821710843014,6.54304638329084,0.0,3.539667364683284,0.0023877007903716496,,,1,6
ihdp_disconnected_sweep,IPWTransport,21,416553350,FEASIBLE,0.14783954620361328,25,0,6,1.123970491334921,3.4184646997661616,0.4986798195049915,-0.4986798195049915,0.5775899117558663,0.38656827113536824,0.9850831762032524,0.9513356412058007,0.9474030272871741,4.538199971396299,4.3578459667397995,0.510805889343329,0.37506082005878105,2.6350123456348626,0.16588961238687627,0.765925944591733,1.484396475729214,6.54304638329084,0.0,3.4974710573676453,0.044584008106010486,,,1,6
ihdp_disconnected_sweep,EntropyBalancing,21,416553350,FEASIBLE,0.37943601608276367,25,0,6,4.108157247853239,1.2439418802862086,2.673202638984945,-2.673202638984945,0.7566427844001848,0.5815331383166843,0.9222277687134094,0.9727873164680192,0.97500569829502,4.24863010017798,4.4561110715799614,0.6987278629305297,0.1277190038843482,3.758269501430977,0.2501231736471855,3.5029429113015875,7.111192870866247,5.050025578452081,1.4930208048387597,3.517124078335678,0.024930987137977922,,,1,6
ihdp_disconnected_sweep,OutcomeModelTransport,21,416553350,FEASIBLE,0.01237177848815918,25,0,6,1.2831335330980544,3.2069929977660827,0.7101515215050704,-0.7101515215050704,0.6211016851081415,0.4537975356806497,0.9850831762032524,0.9656293696121535,0.9517265119223549,4.538199971396299,4.423322191940768,0.5427190143835438,0.350842369642146,2.791995496509133,0.18871195616360614,0.8901190624675622,1.8899365500744372,6.54304638329084,0.0,3.5105663024078395,0.03148876306581627,,,1,6
ihdp_disconnected_sweep,AnchorPlugin,21,416553350,FEASIBLE,2.2820608615875244,25,0,6,0.47643512602395793,4.272983165082588,0.35583864581143443,0.35583864581143443,0.8351950123989826,0.6958228880436628,0.9850831762032524,0.9913929781637675,0.9804236705483362,4.538199971396299,4.541339254218608,0.9154285001622682,0.8036684610451496,0.4830827149173995,0.9272667248960454,0.37649831094326885,0.6793700402935485,6.54304638329084,0.0,3.534169714863407,0.007885350610248754,,,1,6
ihdp_disconnected_sweep,Glmtrans_OptionB,21,416553350,FEASIBLE,9.574882745742798,25,0,6,0.5007850389414428,3.8821086949897663,0.03503582428138685,-0.03503582428138685,0.9175978398094861,0.7697750790434724,0.9935214294950997,0.9973937756408184,0.9958268327325028,4.57707433426512,4.568827503317993,0.9354411748349413,1.343809472029581,-1.2996699165044876,0.7292994829467538,0.23060730921981915,0.46659967222730137,6.54304638329084,0.0,3.539667364683284,0.0023877007903716496,,,1,6
ihdp_disconnected_sweep,ProxyOnly,26,1758817064,FEASIBLE,3.7814810276031494,25,0,6,1.7683260538649348,5.2252444320451525,0.8927191864945323,0.8927191864945323,0.7653846153846153,0.5866666666666666,0.9246058027452783,0.8553117601421114,0.8943689234294634,6.45729791817111,5.704027993126134,0.7864286044281663,0.5806277885765208,1.2986031262004667,0.652449617973005,1.2234398493113232,2.7537662856464387,10.360877243111961,0.03137156226045157,7.2005291584470195,0.19298361343433967,,,15,6
ihdp_disconnected_sweep,IPWTransport,26,1758817064,FEASIBLE,0.16995620727539062,25,0,6,1.55211565508548,4.94433465869528,0.6118094131446599,0.6118094131446599,0.9192307692307692,0.7733333333333332,0.9596576104624559,0.9987428734526231,1.0,6.7020940943666645,6.660562351162403,0.9221417755230258,0.5877045237528742,1.4267173996872804,0.7861758858047323,1.0665185836565316,3.2436727736775675,10.392248805372413,0.0,7.391836030054275,0.001676741827083994,,,15,6
ihdp_disconnected_sweep,EntropyBalancing,26,1758817064,FEASIBLE,0.13443279266357422,25,0,6,1.574833257644595,3.9535619620524427,0.37896328349817754,-0.37896328349817754,0.8392307692307692,0.6599999999999998,0.9596576104624559,0.9382699764556387,0.924021362133155,6.7020940943666645,6.257271862979567,0.8413401243443139,0.5743187001533869,2.061920678528786,0.6883079508450568,1.1156936321822009,2.4579186173236574,10.392248805372413,0.0,7.311177932417707,0.08233483946365183,,,15,6
ihdp_disconnected_sweep,OutcomeModelTransport,26,1758817064,FEASIBLE,0.019236326217651367,25,0,6,0.9768299979286097,4.814615033670687,0.4820897881200672,0.4820897881200672,0.9453846153846153,0.8266666666666665,1.0,1.0000000000000002,1.0,6.983838841372755,6.668946060297829,0.9456098798843098,0.7606197357988258,0.6704340306669679,0.8734076465002987,0.6846953869609231,1.8525267046110825,10.392248805372413,0.0,7.393512771881359,0.0,,,15,6
ihdp_disconnected_sweep,AnchorPlugin,26,1758817064,FEASIBLE,2.44254994392395,25,0,6,1.2901343807053443,4.99620290029441,0.6636776547437897,0.6636776547437897,0.8638461538461538,0.6599999999999998,1.0,0.9497575025025419,0.9467673286679897,6.983838841372755,6.33388155455263,0.8626990761083533,1.0981419663810374,-1.1540148318173247,0.643773412146545,0.7472126144729626,2.198442756985682,10.392248805372413,0.0,7.326499870732319,0.0670129011490399,,,15,6
ihdp_disconnected_sweep,Glmtrans_OptionB,26,1758817064,FEASIBLE,9.15018367767334,25,0,6,0.8746278095835215,4.946603071301749,0.6140778257511288,0.6140778257511288,0.9753846153846154,0.8933333333333332,1.0,0.9987428734526235,0.9999999999999999,6.983838841372755,6.660562351162405,0.9775098337113642,0.8488425586395661,0.1336380379325094,0.9144800524326141,0.6140778257511293,1.68434354594463,10.392248805372413,0.0,7.391836030054275,0.001676741827083994,,,15,6
ihdp_disconnected_sweep,ProxyOnly,28,1294760501,FEASIBLE,2.795752763748169,25,0,6,1.4970169648038751,5.473657315817147,1.1668421841976873,1.1668421841976873,0.5292307692307692,0.3866666666666666,0.8959963301589794,0.9206173544338706,0.9498876955389701,4.512502046354854,4.562588382373545,0.7003559158869058,0.3509143340892969,2.3860303196064767,0.5037031347340549,1.2896529205343306,2.4048329582012284,8.220137017654896,0.0,4.825839562510144,0.07868422959391719,,,2,6
ihdp_disconnected_sweep,IPWTransport,28,1294760501,FEASIBLE,0.08959007263183594,25,0,6,0.7371933649692028,4.648428949196903,0.3416138175774437,0.3416138175774437,0.5615384615384615,0.4266666666666666,0.8339225947019,0.9320969306338495,0.9332609435348094,4.199880388378576,4.619481271424941,0.5250216005612126,0.47528771854992147,2.097473941514254,0.3518545671118707,0.5149583817765564,1.0634200757223216,8.220137017654896,0.0,4.837218140320422,0.06730565178363879,,,2,6
ihdp_disconnected_sweep,EntropyBalancing,28,1294760501,FEASIBLE,0.24820756912231445,25,0,6,1.3648799746266094,3.4508393067807845,0.8559758248386751,-0.8559758248386751,0.40230769230769226,0.25333333333333324,0.8547057033784804,0.9013290833992538,0.9212046991051768,4.304550259533119,4.466995527302143,0.5443686098448072,0.29008164339399606,3.3057899944198934,0.37124395823346445,0.9879413675232439,3.0666925256967588,8.085975001412862,0.1341620162420334,4.806720991495863,0.09780280060819813,,,2,6
ihdp_disconnected_sweep,OutcomeModelTransport,28,1294760501,FEASIBLE,0.01303243637084961,25,0,6,0.5548749222276809,4.504161533683327,0.1973464020638671,0.1973464020638671,0.733076923076923,0.5466666666666665,0.9853107235431735,0.9985183608883736,0.9804030804440874,4.96231569999293,4.948666512785384,0.7530101551562874,0.6138146246981186,1.542094910241927,0.5317861104047611,0.3673621210093978,0.7163841180381803,8.220137017654896,0.0,4.9030551885925115,0.0014686035115492047,,,2,6
ihdp_disconnected_sweep,AnchorPlugin,28,1294760501,FEASIBLE,2.0988259315490723,25,0,6,0.8791955168349603,4.781560531657908,0.4747454000384481,0.4747454000384481,0.5130769230769231,0.3533333333333333,0.9120367616746143,0.9161630201104922,0.9317371622957296,4.593286395132124,4.540512659015548,0.6705041922687043,0.43199553204228497,2.2412023457535097,0.5240948202887484,0.6977066104100577,1.3946950056187024,8.220137017654896,0.0,4.821424417838544,0.08309937426551706,,,2,6
ihdp_disconnected_sweep,Glmtrans_OptionB,28,1294760501,FEASIBLE,9.000240087509155,25,0,6,0.4877638918329392,4.599845438535715,0.293030306916255,0.293030306916255,0.8584615384615385,0.6933333333333331,0.9853107235431735,0.9967493378415588,0.9938975121295401,4.96231569999293,4.939899217705974,0.8968407634364236,0.9600092522974,-0.10907904851282027,0.617356541330004,0.2930303069162548,0.6466124958400941,8.220137017654896,0.0,4.9013017295766295,0.003222062527431291,,,2,6
ihdp_disconnected_sweep,ProxyOnly,23,885788731,FEASIBLE,2.6154518127441406,25,0,6,0.9371468251371923,4.2660988365561785,0.24378708472411414,0.24378708472411414,0.28797925942961816,0.21586971131305768,0.8139577262868035,0.8987086085944158,0.8956519229666635,3.7694836356110804,4.072393706528741,0.2963160103047861,0.12525451119710565,3.487963627340679,0.07712329940181983,0.6549768569404091,1.92447516039624,8.16317270594915,0.0,4.9553396954228335,0.0917980357461552,,,32,6
ihdp_disconnected_sweep,IPWTransport,23,885788731,FEASIBLE,0.20283865928649902,25,0,6,0.8430336820060287,4.211187997874613,0.1888762460425486,0.1888762460425486,0.40128257461504174,0.29636350197216393,0.9730968750380887,0.9780040931254335,0.933340455532182,4.50646591077125,4.43171198730644,0.4287305351455933,0.1912016475672956,3.217125668422818,0.16940312960749793,0.6506702690003368,1.3665730016218207,8.16317270594915,0.0,5.027203351578374,0.01993437959061506,,,32,6
ihdp_disconnected_sweep,EntropyBalancing,23,885788731,FEASIBLE,0.13905549049377441,25,0,6,1.1353186520435306,3.386474467128384,0.6358372847036802,-0.6358372847036802,0.3820052744619662,0.2744106499742259,0.9730968750380887,0.965385285870746,0.9242412451859446,4.50646591077125,4.374531327461353,0.41969732808336996,0.17940859333985962,3.414749131303207,0.20386748553448075,0.9450445662005975,1.8477500281578885,8.16317270594915,0.0,5.015767219609356,0.031370511559632774,,,32,6
ihdp_disconnected_sweep,OutcomeModelTransport,23,885788731,FEASIBLE,0.013462305068969727,25,0,6,0.7377663538135936,3.969287035757264,0.053024716074800526,-0.053024716074800526,0.39026697452757,0.2670930326415798,0.9461937500761775,0.9235873615980422,0.9528305674052263,4.381876038329899,4.185128886974725,0.41671663152148014,0.20488486246784685,3.2090649234155286,0.14919964266531216,0.567909246195538,1.1200978706838218,8.16317270594915,0.0,4.97788673151203,0.06925099965695836,,,32,6
ihdp_disconnected_sweep,AnchorPlugin,23,885788731,FEASIBLE,2.1439449787139893,25,0,6,0.4548619792025652,4.134715193176396,0.11240344134433133,0.11240344134433133,0.7915495491426118,0.640291516606527,0.9422288275982568,0.9763832393080295,0.9829703498202526,4.363514261158535,4.424367276437894,0.83216386872455,0.4789920953603823,2.041815857734094,0.6082108095279934,0.31974578856226604,0.8718821968761183,8.16317270594915,0.0,5.025734409404664,0.0214033217643248,,,32,6
ihdp_disconnected_sweep,Glmtrans_OptionB,23,885788731,FEASIBLE,8.462169170379639,25,0,6,0.3268793575438589,3.931737708039138,0.09057404379292633,-0.09057404379292633,0.7038181627316761,0.5451624912821288,0.9730968750380887,0.9780040931254335,0.9646490084599346,4.50646591077125,4.43171198730644,0.7277501932711422,0.7116194040376858,1.2244109072047566,0.5212497029001152,0.21161414930480335,0.5259412855029133,8.16317270594915,0.0,5.027203351578374,0.01993437959061506,,,32,6
ihdp_disconnected_sweep,ProxyOnly,29,188880985,FEASIBLE,2.295264959335327,25,0,6,2.266958104405569,3.6688505163653558,0.25325467120156064,0.25325467120156064,0.7971501096786516,0.644227010773915,0.8083999920441151,0.886401915338888,1.0,9.10361649411395,7.84109796791368,0.8121786224933889,1.07601579104875,-0.5321452454426864,0.7060270071872392,1.2018661985448218,2.7740199489975517,21.992622407980544,0.09987312856154773,19.741049762873867,0.20097738855958625,,,36,6
ihdp_disconnected_sweep,IPWTransport,29,188880985,FEASIBLE,0.1721022129058838,25,0,6,1.4729714426876228,2.3146353186725745,1.1009605264912206,-1.1009605264912206,0.9520337945944652,0.8668394857010269,1.0,1.0,1.0,11.261277317797349,8.845984910711618,0.9720118820200206,0.9379624651053385,1.2445547958417866,0.9480162798723238,1.135386162569128,2.254954428242015,21.98008347758083,0.11241205896126161,19.942027151433454,0.0,,,36,6
ihdp_disconnected_sweep,EntropyBalancing,29,188880985,FEASIBLE,0.3885669708251953,25,0,6,2.8325403877132054,0.9967452355690866,2.4188506095947084,-2.4188506095947084,0.9173583427476413,0.8196186576861849,0.9978451512573846,1.0,0.9837370327864572,11.23701096852885,8.845984910711618,0.9547669677999905,0.7992376526296164,2.6189595228178035,0.9314205112063486,2.564547708647683,3.8474922390629427,21.789157091218968,0.30333844532312426,19.942027151433454,0.0,,,36,6
ihdp_disconnected_sweep,OutcomeModelTransport,29,188880985,FEASIBLE,0.0184476375579834,25,0,6,1.2288850513308394,2.6309400057506025,0.7846558394131926,-0.7846558394131926,0.9686009549212811,0.9005686485687712,1.0,0.9944956494482827,1.0,11.261277317797349,8.79729350878786,0.9827438525468566,0.9903555215268703,0.8100298836627494,0.947655399647776,0.9040847010986097,1.6894127792045643,22.076498146119064,0.015997390423027724,19.9322888710487,0.00973828038475233,,,36,6
ihdp_disconnected_sweep,AnchorPlugin,29,188880985,FEASIBLE,1.5535833835601807,25,0,6,2.314858212933665,3.3558199945088587,0.0597758506549364,-0.0597758506549364,0.81718481519015,0.7049395039358546,1.0,0.8907704033817656,0.9251434575167129,11.261277317797349,7.8797415472236,0.8890924704047551,0.7368153279329169,0.9429762354259116,0.7864245899190356,1.1559055794417061,4.006315663593998,22.016540955740556,0.07595458080153605,19.748778478735847,0.1932486726976066,,,36,6
ihdp_disconnected_sweep,Glmtrans_OptionB,29,188880985,FEASIBLE,8.80097508430481,25,0,6,1.2789519058756924,2.5392282719319486,0.8763675732318466,-0.8763675732318466,0.9757237025099041,0.9020733591394958,1.0,0.9944956494482827,0.9837370327864572,11.261277317797349,8.79729350878786,0.9869488120117644,1.0285931085817288,0.8037631435386996,0.9498691446946597,0.9544259435306501,1.60345101209505,22.076498146119064,0.015997390423027724,19.9322888710487,0.00973828038475233,,,36,6
ihdp_disconnected_sweep,ProxyOnly,31,1297252305,FEASIBLE,1.6421175003051758,25,0,6,1.8080555648196515,4.392812564722716,0.31568681198923265,0.31568681198923265,0.31384615384615383,0.1933333333333333,0.839262664816325,0.9097089718110092,0.9344499947872005,3.8737639400502646,4.191030788981182,0.5675866907632307,0.21397832471203837,3.137159079360125,0.37595475249115573,1.4244726717325116,3.187287865318895,6.253778625696026,0.04862204910947643,3.063481079868255,0.08319418425774128,,,6,6
ihdp_disconnected_sweep,IPWTransport,31,1297252305,FEASIBLE,0.4357144832611084,25,0,6,0.8555943695733379,4.058708914780729,0.018416837952754506,-0.018416837952754506,0.8723076923076923,0.6999999999999998,0.9993188602246602,0.9999986684098046,0.9963077887392987,4.612531365490476,4.606995575631582,0.8672684012806781,0.4438898514674757,2.2755060554017468,0.553511006026115,0.6642988752023682,1.5429366371722688,6.302400674805503,0.0,3.146674037198334,1.2269276621346137e-06,,,6,6
ihdp_disconnected_sweep,EntropyBalancing,31,1297252305,FEASIBLE,0.8920059204101562,25,0,6,1.0948083739933152,4.1938317524037805,0.11670599967029727,0.11670599967029727,0.72,0.5599999999999998,0.9774787740632086,0.9802021893918259,0.9841779276395043,4.511724619561491,4.515793162938432,0.7900294867132753,0.33856565460073534,2.6572383601955494,0.40118806509045113,0.8925294772540089,2.0816844804381747,6.302400674805503,0.0,3.128433554659704,0.01824170946629211,,,6,6
ihdp_disconnected_sweep,OutcomeModelTransport,31,1297252305,FEASIBLE,0.0772557258605957,25,0,6,0.7679680648112239,3.894373313499064,0.1827524392344193,-0.1827524392344193,0.9107692307692308,0.7399999999999999,0.9996491210013536,0.9999986684098046,0.9975060400191474,4.6140557419952355,4.606995575631582,0.9003236012310173,0.49998186314426846,2.1300097276709042,0.6448642979752583,0.6083335249466475,1.1662043080732292,6.302400674805503,0.0,3.146674037198334,1.2269276621346137e-06,,,6,6
ihdp_disconnected_sweep,AnchorPlugin,31,1297252305,FEASIBLE,2.931051015853882,25,0,6,0.6604870404553519,4.061311679020427,0.015814073713055876,-0.015814073713055876,0.7230769230769231,0.5466666666666665,0.945924089563613,0.9783289124649823,0.9701030825392318,4.366078442174405,4.5071629729326546,0.8097513335431711,0.5722406145824158,1.7530782615200935,0.4902264407122313,0.3898587608923516,1.0440040334271745,6.302400674805503,0.0,3.126707516658549,0.01996774746744734,,,6,6
ihdp_disconnected_sweep,Glmtrans_OptionB,31,1297252305,FEASIBLE,10.655893564224243,25,0,6,0.777414122765836,3.5511224964836545,0.5260032562498287,-0.5260032562498287,0.9484615384615385,0.8199999999999998,1.0,0.9999986684098046,0.9975060400191474,4.6156752855174945,4.606995575631582,0.9469949082154091,0.6142949548442859,1.8956891191095298,0.6784285164263536,0.6370086368231268,1.456812139004704,6.302400674805503,0.0,3.146674037198334,1.2269276621346137e-06,,,6,6
ihdp_disconnected_sweep,ProxyOnly,30,2029238158,FEASIBLE,1.4760286808013916,25,0,6,9.104986372717255,-1.9890969051864895,0.7074743109754926,-0.7074743109754926,0.9661538461538461,0.8799999999999999,0.8763003895069202,0.9285716428910785,0.9186625460728083,30.5543373554231,28.81517932526852,0.9813266903007974,0.7977496134312807,0.3051786929788838,0.9559721226360827,5.54643384825176,17.118736899528606,61.48711463190924,0.5933201820688225,57.60535981021601,0.4433090186977253,,,9,6
ihdp_disconnected_sweep,IPWTransport,30,2029238158,FEASIBLE,0.22406768798828125,25,0,6,13.656789740627183,4.020264941930614,5.30188753614161,5.30188753614161,0.976923076923077,0.8866666666666665,1.0,1.0,0.9644364671652613,34.86742414049995,31.031724418757143,0.9876147615615439,1.5631762621501646,-7.5660053189914365,0.9161663706872849,7.625338293459813,33.814947967666726,61.98457097634084,0.09586383763722495,58.04866882891373,0.0,,,9,6
ihdp_disconnected_sweep,EntropyBalancing,30,2029238158,FEASIBLE,0.9301271438598633,25,0,6,13.750535467503559,4.1021112261414725,5.38373382035247,5.38373382035247,0.9307692307692308,0.7999999999999998,1.0,0.8175313202613308,0.9708507172720501,34.86742414049995,25.369406634052304,0.9398789619945828,1.3218733032199885,-6.704093910886419,0.8451916348681335,7.117247825810097,30.76346272554035,61.43173588015748,0.6486989338205831,56.916205271972764,1.1324635569409693,,,9,6
ihdp_disconnected_sweep,OutcomeModelTransport,30,2029238158,FEASIBLE,0.10873174667358398,25,0,6,14.515374816237903,4.266922371790057,5.548544966001053,5.548544966001053,0.9923076923076923,0.9466666666666665,0.9671570420290008,1.0,1.0000000000000002,33.72227479489651,31.031724418757143,0.9968552613519068,1.5939144199938995,-8.082731691601744,0.8938105767990869,8.522948392246999,36.01911968513089,62.080434813978066,0.0,58.04866882891373,0.0,,,9,6
ihdp_disconnected_sweep,AnchorPlugin,30,2029238158,FEASIBLE,2.823286771774292,25,0,6,4.873963464335167,-1.4130021760120866,0.13137958180108966,-0.13137958180108966,0.976923076923077,0.9066666666666665,1.0,1.0,0.9708507172720501,34.86742414049995,31.031724418757143,0.985289468338898,1.0296243764549406,0.1732388901949235,0.9704180396562788,3.0260305807060797,6.642747737101267,61.90128979770659,0.17914501627147672,58.04866882891373,0.0,,,9,6
ihdp_disconnected_sweep,Glmtrans_OptionB,30,2029238158,FEASIBLE,11.274061441421509,25,0,6,14.2976021791382,3.2077083373843296,4.489330931595326,4.489330931595326,0.9915384615384615,0.9533333333333331,1.0,1.0,0.9921133200537497,34.86742414049995,31.031724418757143,0.9945014315001496,1.6367808093719527,-6.531938042904075,0.9004188075963836,8.712955400346095,35.211582179621686,61.82907679466248,0.2513580193155889,58.04866882891373,0.0,,,9,6
ihdp_disconnected_sweep,ProxyOnly,34,330999069,FEASIBLE,3.2233738899230957,25,0,6,1.5634363369906075,5.388727923947536,0.5193643142949824,0.5193643142949824,0.5169230769230769,0.3666666666666666,0.9077733250329224,0.9724293948817709,0.9802305350652857,4.830324706914304,5.105727834427805,0.6403598919481871,0.15094787718360564,4.0559465688126535,0.3166962600680031,1.3562513636502964,2.678853109901942,7.059655418119629,0.0,3.211437375352636,0.028951820400548556,,,20,6
ihdp_disconnected_sweep,IPWTransport,34,330999069,FEASIBLE,0.20536398887634277,25,0,6,0.8086237267374352,5.320038964822194,0.45067535516964075,0.45067535516964075,0.6046153846153847,0.45333333333333325,0.9877590131330444,0.9859598856429896,0.9913231746982925,5.25593409063964,5.176769499413078,0.6808960255259173,0.32356767541976716,3.1479709686624497,0.3615631718657546,0.601879290197298,1.3742684891581272,7.059655418119629,0.0,3.2256457083496906,0.014743487403494182,,,20,6
ihdp_disconnected_sweep,EntropyBalancing,34,330999069,FEASIBLE,0.18219685554504395,25,0,6,0.8725972905012132,5.594456424137174,0.7250928144846212,0.7250928144846212,0.6392307692307693,0.46666666666666656,0.9777594019925601,0.9941103450111738,0.973759799656407,5.202725467496119,5.219563379851637,0.7137203028746398,0.4568470763700062,2.313552548406086,0.38672638798974635,0.7250928144846217,1.4193668661786516,7.059655418119629,0.0,3.2342044844374027,0.006184711315782021,,,20,6
ihdp_disconnected_sweep,OutcomeModelTransport,34,330999069,FEASIBLE,0.02561330795288086,25,0,6,0.7881533446718136,5.449374926823118,0.5800113171705652,0.5800113171705652,0.6923076923076923,0.5133333333333333,0.987390676783154,0.989721869922461,0.9913231746982925,5.253974147422245,5.1965217487275,0.7725729531326813,0.43042469537083794,2.5238180668132313,0.5347095330676603,0.6406672688124055,1.3856772682818859,7.059655418119629,0.0,3.2295961582125745,0.010793037540610229,,,20,6
ihdp_disconnected_sweep,AnchorPlugin,34,330999069,FEASIBLE,1.580573558807373,25,0,6,0.7172931338897387,5.133597298839411,0.26423368918685775,0.26423368918685775,0.21615384615384614,0.17999999999999997,0.9651500787757141,0.9363295617174537,0.949190993777389,5.13563038572602,4.916186131991235,0.49306148034996317,0.31677184203340647,3.243184537041471,0.3254960194906198,0.5820156310675216,1.1317923811551562,7.059655418119629,0.0,3.1735290348653225,0.06686016088786229,,,20,6
ihdp_disconnected_sweep,Glmtrans_OptionB,34,330999069,FEASIBLE,8.886600494384766,25,0,6,0.45860249692193733,5.1235592655307505,0.25419565587819726,0.25419565587819726,0.8176923076923077,0.6666666666666665,0.9877590131330444,0.9995738206499015,0.9960100332836157,5.25593409063964,5.2482492873202835,0.8648253060444426,0.5950545601873953,1.8205663043080982,0.5268802088563653,0.26551448437570047,0.7738140528298274,7.059655418119629,0.0,3.2399416659311315,0.00044752982205320535,,,20,6
ihdp_disconnected_sweep,ProxyOnly,36,1976176655,FEASIBLE,3.1079280376434326,25,0,6,1.0820681751634535,3.9624164588419477,0.2756778888664382,-0.2756778888664382,0.22999999999999998,0.17333333333333328,0.9598052234858835,0.9569657447046157,0.9530408837021606,4.43153473127931,4.41440585819548,0.2444082170681469,0.12101267564215364,3.7585917300154157,0.0672158561744538,0.8878280900548378,1.7800104750168455,6.185724485229731,0.0,2.8305113091604412,0.03970271030707817,,,6,6
ihdp_disconnected_sweep,IPWTransport,36,1976176655,FEASIBLE,0.3238823413848877,25,0,6,0.7785541053683852,4.478754987577228,0.24066063986884245,0.24066063986884245,0.8130769230769231,0.6066666666666666,0.9837746032207134,0.9925543190295321,0.9917654993724285,4.542204204817223,4.578573083463537,0.8523179780992578,0.3521818887248118,2.660757957047767,0.5214005913832258,0.5834560019524028,1.388505573572954,6.185724485229731,0.0,2.863344754214052,0.006869265253467205,,,6,6
ihdp_disconnected_sweep,EntropyBalancing,36,1976176655,FEASIBLE,0.3457016944885254,25,0,6,1.0557640517662499,4.6352307091022675,0.39713636139388164,0.39713636139388164,0.5900000000000001,0.40666666666666657,0.9953650759797621,0.988009266269185,0.9778080721330505,4.595718794368137,4.557607121367081,0.5849457770866815,0.21323687224258273,3.2496922491766513,0.23108330656534737,0.8352573012807529,1.6441558877422402,6.185724485229731,0.0,2.859151561794761,0.011062457672758264,,,6,6
ihdp_disconnected_sweep,OutcomeModelTransport,36,1976176655,FEASIBLE,0.0159912109375,25,0,6,0.7894300414825076,4.739679185136279,0.5015848374278935,0.5015848374278935,0.8338461538461539,0.6666666666666665,0.9837746032207134,0.9935976488593142,0.9932932612568165,4.542204204817223,4.58338587988609,0.8717967417638044,0.41664937933684515,2.2633099569655935,0.5417712744007617,0.5848610576075178,1.5725338872268422,6.185724485229731,0.0,2.8643073134985633,0.00590670596895615,,,6,6
ihdp_disconnected_sweep,AnchorPlugin,36,1976176655,FEASIBLE,1.9170351028442383,25,0,6,0.6088832781940278,4.115899642455261,0.1221947052531247,-0.1221947052531247,0.46384615384615385,0.3066666666666666,0.9664977989435966,0.961490007594689,0.966703566293049,4.46243514717291,4.435275918295824,0.7022632175905581,0.4050767255230048,2.570839197961304,0.3937759584055881,0.4227075083741523,0.8898832988356951,6.185724485229731,0.0,2.83468532118051,0.03552869828700933,,,6,6
ihdp_disconnected_sweep,Glmtrans_OptionB,36,1976176655,FEASIBLE,8.178945302963257,25,0,6,0.3219248270973061,4.371072023844116,0.13297767613572997,0.13297767613572997,0.9513368131356585,0.8247089956683096,0.9999386624770996,0.9996271023887098,1.0,4.616835586518789,4.611199263101909,0.9781769784799023,0.732842112487817,1.034788691918066,0.7477446866672447,0.25934748540508434,0.5040598553953721,6.185724485229731,0.0,2.869869990141727,0.00034402932579258305,,,6,6
ihdp_disconnected_sweep,ProxyOnly,33,1008862120,FEASIBLE,3.624368190765381,25,0,6,4.081183433852771,1.7121418027402822,0.5401112305472417,-0.5401112305472417,0.9153846153846154,0.7599999999999999,0.9647656672929052,0.9341966377034789,0.9983381584872981,11.5679834132449,10.630494406078478,0.9470955701349494,0.8357188079734875,0.821383926819836,0.9113544206300705,2.2858132225744603,8.29677578370528,22.64258486317955,0.25203255456956697,19.62805526899236,0.14975910778569101,,,21,6
ihdp_disconnected_sweep,IPWTransport,33,1008862120,FEASIBLE,0.19859695434570312,25,0,6,4.714269246207922,2.8613185800853107,0.6090655467977868,0.6090655467977868,0.9830769230769232,0.9199999999999998,0.9725904756756643,0.9931918717686767,0.9983381584872982,11.661806459246904,11.301818279879914,0.9890563413384531,1.2509632674837718,-1.327151406968022,0.8695898555770069,2.4124801044699695,8.983633599550291,22.706567206082514,0.18805021166660296,19.762320043752645,0.015494333025404927,,,21,6
ihdp_disconnected_sweep,EntropyBalancing,33,1008862120,FEASIBLE,0.23495149612426758,25,0,6,4.931596199276316,3.551375140172974,1.29912210688545,1.29912210688545,0.9776923076923076,0.8933333333333332,1.0,1.0,1.0,11.990459243542745,11.379289945006928,0.9859592852834291,1.2859721854954633,-2.3147166172349727,0.8718037416863734,2.3945308180594767,10.335828811490698,22.733645567929237,0.16097184981988022,19.77781437677805,0.0,,,21,6
ihdp_disconnected_sweep,OutcomeModelTransport,33,1008862120,FEASIBLE,0.02279520034790039,25,0,6,4.752815285466865,2.1225249276914364,0.1297281055960875,-0.1297281055960875,0.9846153846153846,0.9199999999999998,0.9725904756756643,0.9931918717686767,0.9983381584872982,11.661806459246904,11.301818279879914,0.9899308883117889,1.216228449104162,-0.32922216770355556,0.8562122154833931,2.791967709235455,7.951968779057712,22.656314463833013,0.23830295391610434,19.762320043752645,0.015494333025404927,,,21,6
ihdp_disconnected_sweep,AnchorPlugin,33,1008862120,FEASIBLE,1.5698022842407227,25,0,6,4.4630113562253015,2.336114445236349,0.08386141194882502,0.08386141194882502,0.913076923076923,0.7933333333333331,0.9725904756756643,0.9433153700748098,0.9603873195365177,11.661806459246904,10.734259105662773,0.9488937997576113,1.3030633409395207,-0.7918520605392279,0.8978573927996595,2.5058922690691574,8.114549098941016,22.60802764432711,0.2865897734220084,19.648808208909216,0.1290061678688339,,,21,6
ihdp_disconnected_sweep,Glmtrans_OptionB,33,1008862120,FEASIBLE,9.456838846206665,25,0,6,4.605838724458629,2.0479046792466558,0.20434835404086815,-0.20434835404086815,0.9846153846153846,0.9066666666666665,0.9725904756756643,0.9931918717686767,0.9983381584872981,11.661806459246904,11.301818279879914,0.99163813924926,1.2517247324371414,-0.3111599033992679,0.8751416398792402,2.755783723590721,8.275295701832475,22.794825094824578,0.09979232292453943,19.762320043752645,0.015494333025404927,,,21,6
ihdp_disconnected_sweep,ProxyOnly,35,641077447,FEASIBLE,3.0306894779205322,25,0,6,1.4442342489536724,4.289181040123592,0.07555570999731742,0.07555570999731742,0.2996717826624133,0.23585117017593554,1.0,0.801525313077431,0.8239907955098372,5.460865508972221,4.244049420985084,0.25883142740461623,0.2816948390299997,3.005385167458132,0.13348702758174402,0.9454780670457403,2.299874478068771,9.56199678310489,0.0,6.197181337175633,0.21018335076151295,,,48,6
ihdp_disconnected_sweep,IPWTransport,35,641077447,FEASIBLE,0.282257080078125,25,0,6,0.7450285855291909,4.425241343576694,0.2116160134504197,0.2116160134504197,0.9385282070589158,0.8201988455372086,1.0,1.0,0.9900469116555768,5.460865508972221,5.294966174792647,0.9704032163579545,0.6197515669162618,1.4710750734619955,0.921333000464379,0.6087592318243897,1.1988716847258845,9.56199678310489,0.0,6.407364687937145,8.881784197001252e-16,,,48,6
ihdp_disconnected_sweep,EntropyBalancing,35,641077447,FEASIBLE,0.2689363956451416,25,0,6,2.978238196075739,5.848793200731674,1.6351678706053994,1.6351678706053994,0.3438792388515161,0.24993183705211075,1.0,0.9411407949498648,0.9119387423941447,5.460865508972221,4.983308674976996,0.4253351153068564,0.21741347332030997,2.94201888562299,0.34847420677325747,2.4739234555404437,4.215723118993879,9.502473969156355,0.05952281394853465,6.345033187974016,0.06233149996312992,,,48,6
ihdp_disconnected_sweep,OutcomeModelTransport,35,641077447,FEASIBLE,0.011771678924560547,25,0,6,0.7648742757056232,4.538381877308761,0.3247565471824867,0.3247565471824867,0.9365721249266546,0.8201988455372086,1.0,1.0,0.9908563925997171,5.460865508972221,5.294966174792647,0.9672004484040391,0.635548092540562,1.329265384782036,0.894151221456465,0.6291616998782041,1.3422938245098637,9.56199678310489,0.0,6.407364687937145,8.881784197001252e-16,,,48,6
ihdp_disconnected_sweep,AnchorPlugin,35,641077447,FEASIBLE,1.5230276584625244,25,0,6,0.42481104789485497,4.430779808397221,0.21715447827094714,0.21715447827094714,0.8747599295472013,0.7216341774039817,0.9493672038168671,0.9791123205571663,0.9750375662261306,5.1843666186729305,5.1843666186729305,0.9283202030329947,0.9152221286670965,0.15847760222977783,0.8965349793528282,0.3031728503075338,0.5025293531675334,9.56199678310489,0.0,6.385244776713202,0.02211991122394341,,,48,6
ihdp_disconnected_sweep,Glmtrans_OptionB,35,641077447,FEASIBLE,9.756633043289185,25,0,6,0.7664960180540129,4.569907455625892,0.356282125499618,0.356282125499618,0.9357896920737501,0.8272391789752962,1.0,1.0,0.9908563925997171,5.460865508972221,5.294966174792647,0.9710714551800763,0.6375534247567078,1.3000651809707753,0.9100766140252085,0.5996687464602285,1.3659594809616786,9.56199678310489,0.0,6.407364687937145,8.881784197001252e-16,,,48,6
ihdp_disconnected_sweep,ProxyOnly,32,1515222976,FEASIBLE,2.9729764461517334,25,0,6,1.4768272866711185,4.238828614564867,0.5821392788582229,0.5821392788582229,0.5553846153846154,0.39333333333333326,0.9839948994529509,0.9180912136671949,0.8699815120747143,5.499368424651405,4.8589371436542095,0.6684055850226219,0.6559327648236225,0.8763027629416251,0.4286966399532892,0.7948028866127025,1.9764079484792014,9.081113961353894,0.06821275119961712,6.396212054378093,0.0866993689470954,,,27,6
ihdp_disconnected_sweep,IPWTransport,32,1515222976,FEASIBLE,0.22403454780578613,25,0,6,2.0020411032573278,2.078331526923593,1.5783578087830512,-1.5783578087830512,0.7861538461538461,0.6066666666666666,0.8841569047410046,0.9086645329189101,0.9204845830714782,4.94139204082601,4.809047058064288,0.8361531316003635,0.6289135405457466,2.3495984966812786,0.6633608161080237,1.6086342657809765,3.3409603934080985,8.968556987273791,0.18076972527972046,6.386234037260108,0.09667738606508092,,,27,6
ihdp_disconnected_sweep,EntropyBalancing,32,1515222976,FEASIBLE,0.18272876739501953,25,0,6,1.3350958438426408,2.9170053046580064,0.7396840310486379,-0.7396840310486379,0.7899999999999999,0.6266666666666666,0.9600245022012189,0.9439042298466795,0.9481746102394735,5.365402236568711,4.995550827825367,0.8490966589373972,0.7001648608903968,1.614304722354221,0.6585451775204187,0.8905412745372022,2.0124667807866476,9.141101555036583,0.00822515751692876,6.423534791212323,0.05937663211286548,,,27,6
ihdp_disconnected_sweep,OutcomeModelTransport,32,1515222976,FEASIBLE,0.03815937042236328,25,0,6,1.5815618006425136,2.569160488476763,1.0875288472298812,-1.0875288472298812,0.8107692307692308,0.6466666666666666,0.8601865074892725,0.9086645329189101,0.9204845830714782,4.8074258527433145,4.809047058064288,0.8570889355926539,0.6498072504966449,1.9872302226049405,0.713985609648232,1.2038277215120001,2.7353727970619564,8.968556987273791,0.18076972527972046,6.386234037260108,0.09667738606508092,,,27,6
ihdp_disconnected_sweep,AnchorPlugin,32,1515222976,FEASIBLE,2.3801724910736084,25,0,6,1.0782794010299448,3.750156579484332,0.09346724377768778,0.09346724377768778,0.8461538461538461,0.6733333333333332,0.9415856066109743,1.0,0.9990314694907658,5.26235060464378,5.292433988389696,0.8612259962365434,0.7537113723643637,0.8301536736022596,0.6361614424924396,0.607878570985141,1.7423965518556606,9.072888803836964,0.07643790871654765,6.482911423325189,0.0,,,27,6
ihdp_disconnected_sweep,Glmtrans_OptionB,32,1515222976,FEASIBLE,9.065564632415771,25,0,6,0.9485466811643265,3.183752612651282,0.4729367230553625,-0.4729367230553625,0.8138461538461539,0.6399999999999998,0.8601865074892725,0.9825026466089032,0.9204845830714782,4.8074258527433145,5.19983040059579,0.8639172880616794,0.8985203782181301,0.7960227340342535,0.7566907224205587,0.6598616971463183,1.403272708990409,9.141101555036583,0.00822515751692876,6.464390705766409,0.018520717558780042,,,27,6
ihdp_disconnected_sweep,ProxyOnly,37,1363751614,FEASIBLE,2.3261287212371826,25,0,6,1.5001722211860153,3.5362144550469328,0.22670939758843645,0.22670939758843645,0.713076923076923,0.5133333333333333,0.8573574097454757,0.9513220368993867,0.9081213524875417,4.9500589028517155,5.156350950041514,0.7839407090776874,0.6035310675898948,1.1752897721772038,0.6327679232798866,1.0526524770857304,2.469192501470503,10.624509740446083,0.08630769006661332,8.334568286963496,0.052768810464646876,,,15,6
ihdp_disconnected_sweep,IPWTransport,37,1363751614,FEASIBLE,0.09735894203186035,25,0,6,0.8118567144462352,3.3506592412778313,0.041154183819335,0.041154183819335,0.9069230769230769,0.7533333333333332,0.9485306682186374,0.9851090567831822,0.9791550490812895,5.47645897203763,5.339483186360461,0.9203379847862209,1.013907669288592,-0.0877540444457928,0.8087384878231368,0.42736642278848425,1.1093356381747637,10.693015818173503,0.017801612339193085,8.371194734227284,0.016142363200858156,,,15,6
ihdp_disconnected_sweep,EntropyBalancing,37,1363751614,FEASIBLE,0.14240694046020508,25,0,6,1.4967026088625772,3.0419024950755187,0.26760256238297764,-0.26760256238297764,0.7361538461538463,0.5533333333333332,0.9485306682186374,0.8797511550625821,0.8622040356797052,5.47645897203763,4.768422813994827,0.761903804004502,0.6230647851401243,1.4142027329470606,0.5814047230338968,1.0465981143685674,1.968483521431509,10.591678081991379,0.11913934852131725,8.256982659754158,0.1303544376739847,,,15,6
ihdp_disconnected_sweep,OutcomeModelTransport,37,1363751614,FEASIBLE,0.008056163787841797,25,0,6,0.8803979121525171,3.33476403539654,0.02525897793804388,0.02525897793804388,0.8823076923076922,0.7466666666666665,1.0,0.9851090567831822,0.902397891967835,5.773623516383025,5.339483186360461,0.8992624370846534,1.0797078068909358,-0.29106570569826984,0.7787516881010608,0.4616529531594952,1.194048717128232,10.693015818173503,0.017801612339193085,8.371194734227284,0.016142363200858156,,,15,6
ihdp_disconnected_sweep,AnchorPlugin,37,1363751614,FEASIBLE,1.9517066478729248,25,0,6,0.922351434122712,3.5451240726469133,0.235619015188417,0.235619015188417,0.8515384615384616,0.6599999999999998,0.9485306682186374,0.8963769253322809,0.9350092904267513,5.47645897203763,4.858537730921113,0.8755805658113269,0.9781760578310419,-0.15825043244518974,0.7688477222849294,0.5151194539125002,0.8437877797078688,10.693015818173503,0.017801612339193085,8.275005643139416,0.11233145428872682,,,15,6
ihdp_disconnected_sweep,Glmtrans_OptionB,37,1363751614,FEASIBLE,8.78043532371521,25,0,6,1.0175614106253956,3.2327344890251504,0.07677056843334595,-0.07677056843334595,0.8446153846153847,0.6599999999999998,0.9366543347178506,0.9851090567831818,0.902397891967835,5.40788949364908,5.339483186360459,0.8463255020790776,1.1525382446270533,-0.41634507586788366,0.7127243534802294,0.47681908452737687,0.9557698989091152,10.612803154413687,0.09801427609900948,8.371194734227284,0.016142363200858156,,,15,6
ihdp_disconnected_sweep,ProxyOnly,38,1927004128,FEASIBLE,2.2096681594848633,25,0,6,1.8964522414935079,5.146627841684925,0.8508778261325789,0.8508778261325789,0.7719443229919151,0.5654407352058075,0.9323446607120673,0.9721960299231399,0.980035780531769,5.990341422961555,6.079728510821889,0.7299221512869521,0.6600425091534804,0.898756861247466,0.4739394668176725,1.2917908450823885,2.393371047119273,9.740883871965465,0.060542994206347345,6.661079558577497,0.03477500100544262,,,29,6
ihdp_disconnected_sweep,IPWTransport,38,1927004128,FEASIBLE,0.4109995365142822,25,0,6,0.7741918946337988,4.4492751714364855,0.1535251558841395,0.1535251558841395,0.9635727127195565,0.8776472761169896,0.9530766206262122,0.9925950323235188,0.994682975149241,6.123544865300175,6.207295783952713,0.9870459989967469,0.7762406641608128,0.842041701442275,0.9481326679422512,0.5723476562767116,1.5231577761500423,9.781837879271809,0.0195889869000041,6.686593013203662,0.009261546379277341,,,29,6
ihdp_disconnected_sweep,EntropyBalancing,38,1927004128,FEASIBLE,0.5594799518585205,25,0,6,1.8756821188010986,3.5200583215612795,0.7756916939910665,-0.7756916939910665,0.8557332545327461,0.6764475053075611,0.9530766206262122,0.9925950323235188,0.9635622046081564,6.123544865300175,6.207295783952713,0.861701844815091,0.5951462139306558,2.20080063266005,0.6295810628974945,1.2899627555174353,2.0784981062898114,9.456633887917585,0.34479297825422783,6.686593013203662,0.009261546379277341,,,29,6
ihdp_disconnected_sweep,OutcomeModelTransport,38,1927004128,FEASIBLE,0.013846635818481445,25,0,6,0.9313203450474626,4.2683195677812265,0.02743044777111958,-0.02743044777111958,0.9162474828677907,0.7943921985406744,0.9530766206262122,0.9925950323235189,0.9749969638770533,6.123544865300175,6.207295783952714,0.9618156256787903,0.7334133278781995,1.1653075568982794,0.9256668166568012,0.7150710863143462,1.6566469668695856,9.781837879271809,0.0195889869000041,6.686593013203662,0.009261546379277341,,,29,6
ihdp_disconnected_sweep,AnchorPlugin,38,1927004128,FEASIBLE,1.2931187152862549,25,0,6,1.0983833707461053,4.820180276464249,0.5244302609119034,0.5244302609119034,0.9123683656668264,0.7527646597525167,0.9530766206262122,0.980716137857775,0.9861535149499066,6.123544865300175,6.133009887757337,0.9615270897504488,0.75821630649972,0.6410107296688244,0.8779331300732673,0.7506687750046569,1.505772203409228,9.781837879271809,0.0195889869000041,6.671735833964587,0.0241187256183526,,,29,6
ihdp_disconnected_sweep,Glmtrans_OptionB,38,1927004128,FEASIBLE,8.824863195419312,25,0,6,0.8447473891507346,4.393308722546788,0.09755870699444191,0.09755870699444191,0.9721067705616782,0.8845851992483491,1.0,0.9925950323235189,0.994682975149241,6.425028935529594,6.207295783952714,0.9864871379833166,0.7449457742139822,1.022973247873689,0.9518177142957155,0.6666074592069682,1.3750019677990686,9.781837879271809,0.0195889869000041,6.686593013203662,0.009261546379277341,,,29,6
ihdp_disconnected_sweep,ProxyOnly,39,1683966296,FEASIBLE,2.210991621017456,25,0,6,1.9519052861690038,9.549883496362463,1.3849355919586621,1.3849355919586621,0.929588372002995,0.7893020732669683,0.9688119391593961,0.9964718646695027,0.9857493751977547,11.54457483531208,11.611615875554216,0.9576106724686939,0.911477471381248,-0.5395557568461673,0.8920405554831066,1.3849355919586634,2.835986755688575,17.14605492174568,0.043288814297419265,11.100250940043495,0.008222480466779203,,,47,6
ihdp_disconnected_sweep,IPWTransport,39,1683966296,FEASIBLE,0.16622090339660645,25,0,6,1.527729517096472,7.937280006704399,0.2276678976994022,-0.2276678976994022,0.9684494753027892,0.8695700807178464,0.9925725660321093,0.9887707047969804,0.9946302248806431,11.827711658856979,11.52187635213514,0.98856502076007,0.8173491419012081,1.6774189018943453,0.9048063231987076,1.0573893224381559,2.0682511809422657,17.1893437360431,0.0,11.082303035359677,0.02617038515059633,,,47,6
ihdp_disconnected_sweep,EntropyBalancing,39,1683966296,FEASIBLE,0.6441075801849365,25,0,6,1.5250250215567762,7.639372954677498,0.5255749497263036,-0.5255749497263036,0.9749904530859228,0.876259081338753,0.9925725660321093,0.9963278863905389,0.9971828948183014,11.827711658856979,11.609938135791534,0.9767089527718273,0.9141305457169776,1.1815637364089402,0.8817134419547951,0.8108000383601816,2.328728083566925,17.1893437360431,0.0,11.099915392090958,0.008558028419315633,,,47,6
ihdp_disconnected_sweep,OutcomeModelTransport,39,1683966296,FEASIBLE,0.01891469955444336,25,0,6,1.5429367676805572,8.011887318431185,0.15306058597261618,-0.15306058597261618,0.9749904530859228,0.903015083822379,1.0,0.9924428184064413,0.9972870657159452,11.916218585548089,11.564666494231723,0.9909565635511116,0.7894740141406664,1.839771062279234,0.9204572595956035,1.2116072601917307,2.4756318903213277,17.1893437360431,0.0,11.090861063778995,0.017612356731278922,,,47,6
ihdp_disconnected_sweep,AnchorPlugin,39,1683966296,FEASIBLE,1.325791358947754,25,0,6,0.818475120997025,8.36962757886461,0.20467967446080948,0.20467967446080948,0.9542132295394983,0.86288108009694,0.9577641783697828,0.976496168606932,0.9857493751977546,11.412927302862201,11.378844517175402,0.9839596051950698,0.9231098304009251,0.4388624095591868,0.9680867114211051,0.5313477315764364,1.0414973548940392,17.1893437360431,0.0,11.05369666836773,0.05477675214254418,,,47,6
ihdp_disconnected_sweep,Glmtrans_OptionB,39,1683966296,FEASIBLE,9.212963819503784,25,0,6,1.503021778348554,7.954394560896534,0.21055334350726707,-0.21055334350726707,0.9796076138740172,0.903015083822379,1.0,1.0,0.9971828948183014,11.916218585548089,11.65272827788812,0.9947413094617055,0.7922588013381087,1.8630088042175401,0.9275413732419163,1.2057186903128956,2.340386062268612,17.1893437360431,0.0,11.108473420510274,0.0,,,47,6
ihdp_disconnected_sweep,ProxyOnly,40,1652663928,FEASIBLE,2.4067742824554443,25,0,6,1.6172567624173455,3.295676032927724,0.8838693612620956,-0.8838693612620956,0.9432168109870096,0.8310520332773325,0.9802431891129028,0.9847806903399539,0.9889337198912812,6.64467282835124,6.444013134394908,0.9728340670541029,0.7854725403300555,1.5908823685012008,0.9124073576217597,1.373913163884835,2.4845850776566714,10.131759058504738,0.03685711039818251,6.775566124742918,0.01991782176636825,,,29,6
ihdp_disconnected_sweep,IPWTransport,40,1652663928,FEASIBLE,0.7509517669677734,25,0,6,1.908428007588186,4.505453578918032,0.32590818472821237,0.32590818472821237,0.9094750911860762,0.7894994316134659,1.0,0.9754603734321339,0.9821567214657394,6.77859627299682,6.383024687769312,0.961954903724512,0.7234861330527145,0.9199122067299,0.8196914246530114,1.3195944534922468,3.8271012495616636,10.131759058504738,0.03685711039818251,6.763368435417799,0.03211551109148658,,,29,6
ihdp_disconnected_sweep,EntropyBalancing,40,1652663928,FEASIBLE,0.6026089191436768,25,0,6,2.2479884465284807,5.251460822160394,1.0719154279705743,1.0719154279705743,0.8858171037394448,0.7479468299495993,1.0,0.988647553223109,0.9739021186776641,6.77859627299682,6.469316347031372,0.9530359744838739,0.7035680376203554,0.4847854089022527,0.8130008840220591,1.4659019561343742,4.808776943321125,10.131759058504738,0.03685711039818251,6.780626767270211,0.014857179239075258,,,29,6
ihdp_disconnected_sweep,OutcomeModelTransport,40,1652663928,FEASIBLE,0.02119302749633789,25,0,6,1.430677705451374,4.055972438196222,0.12357295599359741,-0.12357295599359741,0.96648696257386,0.8933809357731324,1.0,1.0,1.0,6.77859627299682,6.543602243226748,0.9896891376330945,0.854595889514764,0.7133280205221529,0.8522797225581888,1.0504410732554748,2.3206012651029466,10.131759058504738,0.03685711039818251,6.795483946509286,0.0,,,29,6
ihdp_disconnected_sweep,AnchorPlugin,40,1652663928,FEASIBLE,1.9246673583984375,25,0,6,0.8654652813220407,3.8892131578508633,0.2903322363389562,-0.2903322363389562,0.8842657603003214,0.7271705291176659,0.9330891512765842,0.9691085792297017,1.0,6.3250346432172195,6.341461072977763,0.9364498122783705,1.0286283850077929,0.17899034467862876,0.9443238485834348,0.43199130458527796,0.7658087414214432,10.16861616890292,0.0,6.755055712459489,0.040428234049796785,,,29,6
ihdp_disconnected_sweep,Glmtrans_OptionB,40,1652663928,FEASIBLE,11.915980100631714,25,0,6,1.2338510345136897,3.908600104218615,0.2709452899712046,-0.2709452899712046,0.9645477832749559,0.872604634941199,0.9802431891129028,1.0,1.0,6.64467282835124,6.543602243226748,0.9856569948745147,0.9873989582794829,0.3201977229532824,0.8771870056815269,0.9666761838321132,1.4829780719947165,10.16861616890292,0.0,6.795483946509286,0.0,,,29,6
ihdp_disconnected_sweep,ProxyOnly,41,2054094004,FEASIBLE,2.761552572250366,25,0,6,1.8767664431720041,3.456171081635387,0.25694776279388165,-0.25694776279388165,0.6476923076923076,0.5133333333333333,1.0,0.8016530351748945,0.7996592260237436,7.874805003151804,5.820866852464109,0.780835926435138,0.7472248321516034,1.1305819880670411,0.7754128125681623,1.3465061635962468,2.167591849260938,11.47998714517289,0.17789017713150557,8.698041999720417,0.28804263744487457,,,5,6
ihdp_disconnected_sweep,IPWTransport,41,2054094004,FEASIBLE,0.275637149810791,25,0,6,1.9173532649609026,3.4128776113956416,0.30024123303362726,-0.30024123303362726,0.8069230769230769,0.6266666666666666,0.9114041793302282,0.96589614877164,0.9499350796825291,7.177130191283146,7.013449246257724,0.8931005672437712,0.8144212196531891,0.9335988976293673,0.7118658625171805,1.201076310334649,2.4781361979126384,11.623610855130096,0.03426646717429982,8.936558478479142,0.04952615868614885,,,5,6
ihdp_disconnected_sweep,EntropyBalancing,41,2054094004,FEASIBLE,0.24358606338500977,25,0,6,2.2590017544045824,3.5147141923690772,0.19840465206019164,-0.19840465206019164,0.8323076923076923,0.6733333333333332,0.9629509030290347,0.9873145935816722,0.9440471612905222,7.583050588962591,7.168970288349018,0.8728751187913368,0.6763583450226566,1.3359125700508763,0.7015926138938141,1.6297785561722387,3.550629839575068,11.657877322304396,0.0,8.9676626868974,0.018421950267891063,,,5,6
ihdp_disconnected_sweep,OutcomeModelTransport,41,2054094004,FEASIBLE,0.007843494415283203,25,0,6,1.8533527277682147,2.9310022192979046,0.7821166251313643,-0.7821166251313643,0.7938461538461539,0.6133333333333332,0.9114041793302282,0.96589614877164,0.9157617980079237,7.177130191283146,7.013449246257724,0.8867875374548317,0.9621701529956868,0.8929959906567078,0.745215106174144,1.2439365092145869,2.282997561950434,11.605570690691803,0.05230663161259308,8.936558478479142,0.04952615868614885,,,5,6
ihdp_disconnected_sweep,AnchorPlugin,41,2054094004,FEASIBLE,2.231137752532959,25,0,6,1.8379494497941833,3.830286209496878,0.11716736506760927,0.11716736506760927,0.89,0.7333333333333332,0.9494894202635469,1.0,0.9969850586071435,7.477044037131085,7.2610800396884745,0.9162476617853844,1.146188450083344,-0.6771109694095631,0.7065009390425194,0.5572404653772871,1.5033772685901612,11.657877322304396,0.0,8.986084637165291,0.0,,,5,6
ihdp_disconnected_sweep,Glmtrans_OptionB,41,2054094004,FEASIBLE,11.551347017288208,25,0,6,1.7786945041740783,3.1713597113454277,0.5417591330838412,-0.5417591330838412,0.8138461538461539,0.6266666666666666,0.9494894202635469,0.9626257188835099,0.9706597423511948,7.477044037131085,6.989702393075822,0.8948140749130555,1.0742081151096454,0.306418506570229,0.7433460709466329,1.2007959604492606,1.9372077926722717,11.623610855130096,0.03426646717429982,8.93180910784276,0.05427552932253121,,,5,6
ihdp_disconnected_sweep,ProxyOnly,42,167886622,FEASIBLE,3.3527162075042725,25,0,6,1.3452113838711044,6.496550594684088,0.5695186987913097,0.5695186987913097,0.7253846153846153,0.5666666666666667,0.9645886599049288,0.9778309505837816,0.9814962296488459,7.565201193922485,7.252730051515395,0.8009341846666245,0.588534598266206,2.1035871015342966,0.6604294417803356,0.9828279262269659,1.6722631197295348,10.814486854372513,0.0,6.338000968782813,0.03288628383434755,,,23,6
ihdp_disconnected_sweep,IPWTransport,42,167886622,FEASIBLE,0.2594301700592041,25,0,6,0.880841945991195,6.1868862765639525,0.2598543806711744,0.2598543806711744,0.9276923076923077,0.8133333333333331,1.0,0.9988126289685925,0.9978735691029406,7.842929850189325,7.408354548021563,0.953985970834857,0.6897748138559516,1.659473566127935,0.8575489415962041,0.5818866646544678,2.0589708469339056,10.814486854372513,0.0,6.369125868084048,0.0017613845331130307,,,23,6
ihdp_disconnected_sweep,EntropyBalancing,42,167886622,FEASIBLE,0.6771917343139648,25,0,6,2.99040677174629,7.626839347563452,1.699807451670674,1.699807451670674,0.3876923076923077,0.29999999999999993,0.9645886599049288,0.9378114433133315,0.9221863632021793,7.565201193922485,6.95589890411313,0.4388864021419937,0.23846694719962042,4.108282799897376,0.18477373015799115,2.3018012880116827,4.498452806249948,10.814486854372513,0.0,6.278634739302361,0.09225251331479978,,,23,6
ihdp_disconnected_sweep,OutcomeModelTransport,42,167886622,FEASIBLE,0.031172513961791992,25,0,6,0.964483067024181,6.223511919413595,0.29648002352081715,0.29648002352081715,0.9446153846153846,0.8266666666666665,1.0,0.9906953532240464,0.9919485375783684,7.842929850189325,7.348147403122174,0.9659517131545725,0.6410871502013336,1.9372183752318863,0.9093677125825649,0.6802655034933236,2.1127414072173805,10.814486854372513,0.0,6.357084439104169,0.013802813512991285,,,23,6
ihdp_disconnected_sweep,AnchorPlugin,42,167886622,FEASIBLE,2.7086312770843506,25,0,6,0.7517172928777572,6.209878694525312,0.2828467986325336,0.2828467986325336,0.9184615384615386,0.7733333333333332,1.0,0.9775630931650581,0.9930186230729835,7.842929850189325,7.250743309789601,0.9406678235543849,0.8571455555003052,0.6042619726843695,0.8060570484851818,0.4599936464876121,1.130558582206258,10.814486854372513,0.0,6.337603620437655,0.03328363217950603,,,23,6
ihdp_disconnected_sweep,Glmtrans_OptionB,42,167886622,FEASIBLE,8.819741010665894,25,0,6,0.8089996778582175,6.205717234836209,0.27868533894343095,0.27868533894343095,0.9746153846153847,0.8999999999999998,1.0,0.9988126289685925,1.0,7.842929850189325,7.408354548021563,0.9843207050370029,0.6945115598290122,1.6170895392688984,0.9209346478258507,0.5147682973473153,1.9204557973483825,10.814486854372513,0.0,6.369125868084048,0.0017613845331130307,,,23,6
ihdp_disconnected_sweep,ProxyOnly,43,1453868518,FEASIBLE,2.9444692134857178,25,0,6,1.7353792760356384,3.1075653920009563,0.09624505884748302,-0.09624505884748302,0.9069230769230769,0.7599999999999999,1.0,0.9808836925476011,0.99600080695645,7.736257231792055,6.952828173995103,0.9020082444882743,0.8356333869902253,0.6070250570370714,0.8048093747151447,0.8635663165586956,1.6037049174430784,11.231862916478649,0.2975359901338681,9.15088271304382,0.027100542510311243,,,19,6
ihdp_disconnected_sweep,IPWTransport,43,1453868518,FEASIBLE,0.2796781063079834,25,0,6,1.913133124820828,3.0955718079218273,0.108238642926612,-0.108238642926612,0.9284615384615384,0.7866666666666665,0.9348623704429506,0.9889567214649092,0.99600080695645,7.23233577406954,7.010052474217643,0.9143748227390166,0.8388504401251621,0.6070886773341684,0.7527464164548354,0.8926613352373274,2.326910105150678,11.345014616488381,0.18438429012413593,9.162327573088328,0.015655682465803622,,,19,6
ihdp_disconnected_sweep,EntropyBalancing,43,1453868518,FEASIBLE,0.6994235515594482,25,0,6,2.760822957872384,2.889937973803975,0.3138724770444643,-0.3138724770444643,0.8784615384615384,0.7399999999999999,1.0,1.0,0.99600080695645,7.736257231792055,7.0883308865466645,0.858501473609661,0.6319890053793881,1.3774014251759397,0.6548858612356663,1.8848144073267479,4.03574855520914,11.029901201004497,0.49949770560801987,9.177983255554132,0.0,,,19,6
ihdp_disconnected_sweep,OutcomeModelTransport,43,1453868518,FEASIBLE,0.05174827575683594,25,0,6,1.5225995034514628,3.2739399092790387,0.07012945843059937,0.07012945843059937,0.9592307692307691,0.8333333333333331,0.9348623704429506,0.9889567214649092,0.99600080695645,7.23233577406954,7.010052474217643,0.9637945779378373,1.0437780124140867,-0.21345604042199268,0.8270585649047888,1.0455840527601123,2.339483747127786,11.400480658689732,0.12891824792278506,9.162327573088328,0.015655682465803622,,,19,6
ihdp_disconnected_sweep,AnchorPlugin,43,1453868518,FEASIBLE,2.635711431503296,25,0,6,1.1295330950445652,3.504546346834658,0.3007358959862185,0.3007358959862185,0.9623076923076924,0.8599999999999999,1.0,0.9808836925476011,0.99600080695645,7.736257231792055,6.952828173995103,0.965834470288403,0.9106572643297651,0.012369861923116596,0.9194879430145293,0.49696085629317654,1.5788533455191045,11.459634003379813,0.0697649032327039,9.15088271304382,0.027100542510311243,,,19,6
ihdp_disconnected_sweep,Glmtrans_OptionB,43,1453868518,FEASIBLE,9.495055675506592,25,0,6,1.5956710868056345,3.482406294562811,0.27859584371437185,0.27859584371437185,0.9592307692307691,0.8399999999999999,1.0,0.9943255251382532,0.9917739210851022,7.736257231792055,7.048108331119212,0.96961752339427,1.2461654549561407,-1.1358439735575534,0.8469562989684014,1.1022277847355795,3.202470970742884,11.433885430726807,0.09551347588570991,9.169938744468643,0.008044511085488537,,,19,6
ihdp_disconnected_sweep,ProxyOnly,45,1969299080,FEASIBLE,3.150235652923584,25,0,6,2.397438086556899,4.956901746287177,0.02039339212958602,0.02039339212958602,0.7430769230769232,0.5533333333333332,0.8256086800868662,0.8818773180404408,0.9256644607203559,6.51268124031829,6.8761397101603325,0.854877490396718,0.6953166386930284,1.489892093597587,0.7615323862380182,1.6933631876521902,3.916827025969015,11.226872307791185,0.01824892930239841,7.23500303801365,0.1842043212762432,,,31,6
ihdp_disconnected_sweep,IPWTransport,45,1969299080,FEASIBLE,0.2844274044036865,25,0,6,2.3824240211966434,5.322987259521564,0.38647890536397256,0.38647890536397256,0.8753846153846153,0.7333333333333332,0.9851574545458458,1.0,0.9996051461898239,7.77125607776482,7.797161316541548,0.943088427624903,1.3009762834076999,-1.988571827361311,0.6657108328679631,1.1339905414415974,4.684930539155231,11.237237628603536,0.007883608490047322,7.419207359289893,0.0,,,31,6
ihdp_disconnected_sweep,EntropyBalancing,45,1969299080,FEASIBLE,0.46067214012145996,25,0,6,2.4662285875080046,5.630536435165499,0.6940280810079082,0.6940280810079082,0.7984615384615384,0.6333333333333332,0.9851574545458458,0.9731413542668992,0.9775833193324988,7.77125607776482,7.5877401230167205,0.9050724468750361,1.183891228829974,-1.7294343450424372,0.6405811465101336,1.1181160663168437,2.6811303234289436,11.237237628603536,0.007883608490047322,7.3773231205849275,0.041884238704965604,,,31,6
ihdp_disconnected_sweep,OutcomeModelTransport,45,1969299080,FEASIBLE,0.018800735473632812,25,0,6,2.1786621155651535,5.606945393052623,0.6704370388950318,0.6704370388950318,0.9107692307692308,0.7799999999999999,0.9816505647645493,1.0,0.9996051461898239,7.743592541950115,7.797161316541548,0.9613475363543641,1.2969579972453475,-2.3354643134799664,0.7517894121710816,1.0378469594093263,4.297827452174297,11.237237628603536,0.007883608490047322,7.419207359289893,0.0,,,31,6
ihdp_disconnected_sweep,AnchorPlugin,45,1969299080,FEASIBLE,2.207092046737671,25,0,6,1.1381772851032983,5.03824284171773,0.10173448756013848,0.10173448756013848,0.8323076923076923,0.6799999999999998,0.8816213479444843,0.9319989972604062,0.9480863812739911,6.95452815881012,7.266946528494351,0.9307468438844556,0.9204749062624643,0.2989322466999299,0.9208560939212477,0.7095027328693901,1.3286436640970773,11.245121237093583,0.0,7.313164401680452,0.10604295760944105,,,31,6
ihdp_disconnected_sweep,Glmtrans_OptionB,45,1969299080,FEASIBLE,9.27266001701355,25,0,6,2.188584111251682,5.4639480793922175,0.5274397252346263,0.5274397252346263,0.9215384615384615,0.7799999999999999,0.9816505647645493,1.0,0.9996051461898239,7.743592541950115,7.797161316541548,0.9634649847380459,1.3848404329530415,-2.630187869740866,0.7564266407506097,0.9402506939470442,4.347731757088953,11.237237628603536,0.007883608490047322,7.419207359289893,0.0,,,31,6
ihdp_disconnected_sweep,ProxyOnly,44,739490379,FEASIBLE,2.86667537689209,25,0,6,2.2597167331270596,4.241580012633997,1.536475251940629,1.536475251940629,0.7253846153846153,0.5266666666666665,0.6861158714006389,0.8062926359176452,0.8760649140386423,4.08944975178332,4.379790138079082,0.8051137633314149,0.7591169751708258,-0.5147506284423856,0.6766357244027379,1.652808081502262,4.344995491709737,11.94671679281739,0.1630964299122919,9.921296957114205,0.21044409066582404,,,30,6
ihdp_disconnected_sweep,IPWTransport,44,739490379,FEASIBLE,0.4606504440307617,25,0,6,1.45313373083017,2.618612322688275,0.08649243800509288,-0.08649243800509288,0.826923076923077,0.6599999999999998,1.0,0.9800737995279264,0.9629359206076638,5.9602902690985795,5.32377125939737,0.8545354746687774,1.1980030156744044,-0.4320006987693388,0.719627079651393,0.7034215518317858,2.08789316843049,12.067725664632006,0.04208755809767695,10.110093181377863,0.02164786640216576,,,30,6
ihdp_disconnected_sweep,EntropyBalancing,44,739490379,FEASIBLE,0.7274763584136963,25,0,6,2.2730339074906265,3.6313591969666055,0.9262544362732377,0.9262544362732377,0.7376923076923076,0.5999999999999999,1.0,0.931638017746786,0.9487435625581435,5.9602902690985795,5.060667579759079,0.7812884106942191,0.691756787256547,0.1930873892252352,0.48114032958119457,1.3991271128620657,3.937994330258836,11.888162346061614,0.22165087666806826,10.057472445450204,0.07426860232982513,,,30,6
ihdp_disconnected_sweep,OutcomeModelTransport,44,739490379,FEASIBLE,0.012330770492553711,25,0,6,1.3894635990911648,2.353333882089963,0.35177087860340484,-0.35177087860340484,0.8484615384615384,0.6933333333333331,1.0,0.9800737995279264,0.9035143954518331,5.9602902690985795,5.32377125939737,0.8965473599861554,1.2748862159889385,-0.29512816720286417,0.7785499410860616,0.8417145637089557,2.041432021273127,12.067725664632006,0.04208755809767695,10.110093181377863,0.02164786640216576,,,30,6
ihdp_disconnected_sweep,AnchorPlugin,44,739490379,FEASIBLE,2.002946615219116,25,0,6,1.1049272445285396,2.612954095835767,0.0921506648576007,-0.0921506648576007,0.8861538461538463,0.7199999999999999,1.0,0.9714487232279498,0.9572786028870127,5.9602902690985795,5.276919753584194,0.9236807646462267,0.9738899411916276,0.16037504996345037,0.8277200283837685,0.5422527334834742,1.8832790152195114,12.031974392421288,0.07783883030839434,10.100722880215228,0.03101816756480069,,,30,6
ihdp_disconnected_sweep,Glmtrans_OptionB,44,739490379,FEASIBLE,9.775091171264648,25,0,6,1.3315916557631462,2.1854116587662182,0.5196931019271496,-0.5196931019271496,0.8730769230769231,0.7399999999999999,1.0,0.9439694184785248,0.9629359206076638,5.9602902690985795,5.1276518791407835,0.9169351503501758,1.3545551952090673,-0.2551559553588771,0.8434643943117173,1.0150459118109814,1.8500749475537406,12.080049137824313,0.02976408490536997,10.070869305326546,0.06087174245348237,,,30,6
ihdp_disconnected_sweep,ProxyOnly,47,377256321,FEASIBLE,3.2032630443573,25,0,6,1.1130850000742456,4.943270296128696,0.17795490980959006,0.17795490980959006,0.177410073815006,0.1507556722888818,0.9593380466926825,0.9659067597312325,0.9557982061541467,4.9627662751633554,4.964776209375747,0.36268580644089543,0.10685274310419153,4.237113395272282,0.12684223164569597,0.9354335754854148,1.6300328423236792,6.9721773718978355,0.0,3.199817227453879,0.035047960164189096,,,22,6
ihdp_disconnected_sweep,IPWTransport,47,377256321,FEASIBLE,0.15467000007629395,25,0,6,1.3134912615300145,5.202662618771818,0.4373472324527121,0.4373472324527121,0.4294786168710341,0.3182619748320838,0.9381530036379351,0.9432614598369419,0.9461867616019167,4.853173605955205,4.8483790053633875,0.51036480888844,0.13139111327294947,4.081731752855118,0.2662472977795798,0.975356826267443,2.3658626017787876,6.9721773718978355,0.0,3.1765377866514073,0.058327400966661,,,22,6
ihdp_disconnected_sweep,EntropyBalancing,47,377256321,FEASIBLE,0.22180438041687012,25,0,6,1.2259294660822642,4.675929649415643,0.08938573690346274,-0.08938573690346274,0.28862810273591,0.19765743700097838,0.9318229842406961,0.944121541415673,0.9662332547210736,4.820427686105525,4.85279983844814,0.3508673285146996,0.11654932119328591,4.220338959732152,0.19580504074599947,0.9390205356086826,2.3221580921159437,6.9721773718978355,0.0,3.177421953268358,0.05744323434971044,,,22,6
ihdp_disconnected_sweep,OutcomeModelTransport,47,377256321,FEASIBLE,0.006711244583129883,25,0,6,1.1491726196086005,5.366591391517961,0.601276005198855,0.601276005198855,0.7323457060085822,0.5996725631046631,0.9994920287486251,0.9672054521634312,0.9739010727411438,5.170487451914081,4.97145150926957,0.7872028008046275,0.22940000935370336,3.534219270907381,0.6547580511601052,0.9063009581103592,2.1506822485839647,6.9721773718978355,0.0,3.2011522874326443,0.033712900185423944,,,22,6
ihdp_disconnected_sweep,AnchorPlugin,47,377256321,FEASIBLE,1.662632703781128,25,0,6,0.6170374652413669,4.7673167587176115,0.0020013723985057297,0.0020013723985057297,0.511064160577718,0.37856424374763653,0.9558881447001781,0.959961092724082,0.9771835255072003,4.9449195345696255,4.934215385767695,0.67520369665119,0.31252781489247217,3.2753962968168286,0.5392710782531929,0.5076483434146277,1.0213157394104742,6.9721773718978355,0.0,3.193705062732269,0.04116012488579912,,,22,6
ihdp_disconnected_sweep,Glmtrans_OptionB,47,377256321,FEASIBLE,9.190351009368896,25,0,6,0.4403228664053089,4.8406171370700655,0.07530175075095968,0.07530175075095968,0.9640178631379395,0.8810831513772425,0.9994920287486251,1.0,1.0,5.170487451914081,5.140016010196694,0.9743620321985812,0.4414867741669337,2.6282469414968643,0.8622618223808378,0.32676411309404907,0.9013404756458954,6.9721773718978355,0.0,3.2348651876180683,0.0,,,22,6
ihdp_disconnected_sweep,ProxyOnly,48,1385469919,FEASIBLE,2.965012550354004,25,0,6,1.3778339356807425,4.858113092814312,0.07376864555823737,0.07376864555823737,0.5353846153846153,0.37999999999999995,0.974108515578892,0.9760465611582227,0.9860458819708171,5.18241372344095,5.1606944331432985,0.5455517413837745,0.14713716381470018,4.069535465288315,0.212990310180049,1.0764818235220994,2.3796887042590926,7.100200529009262,0.0,3.3479949683818466,0.025330016703037472,,,20,6
ihdp_disconnected_sweep,IPWTransport,48,1385469919,FEASIBLE,0.05386686325073242,25,0,6,0.707657983261293,5.125464718928746,0.3411202716726711,0.3411202716726711,0.733076923076923,0.5466666666666665,0.9696959595339554,0.9720500708864015,0.9857551449588976,5.15893821672172,5.139563612218706,0.7485998274433987,0.4026637311759006,2.7205056995217873,0.5105802565799231,0.48641908220092056,1.2927604025124788,7.100200529009262,0.0,3.343768804196929,0.029556180887955197,,,20,6
ihdp_disconnected_sweep,EntropyBalancing,48,1385469919,FEASIBLE,0.1245427131652832,25,0,6,0.8400535041315651,5.301024420467312,0.5166799732112368,0.5166799732112368,0.5276923076923077,0.3866666666666666,0.9608068777370652,0.9768070071742744,0.9500409072692856,5.11164687416979,5.164715173216484,0.5441687441227742,0.3227759915511881,3.0733010337026765,0.24718117839029585,0.6146783541164582,1.4507886218875843,7.100200529009262,0.0,3.348799116396484,0.02452586868840001,,,20,6
ihdp_disconnected_sweep,OutcomeModelTransport,48,1385469919,FEASIBLE,0.01365518569946289,25,0,6,0.6812918054360354,5.204650223333808,0.42030577607773356,0.42030577607773356,0.8307692307692308,0.6399999999999998,0.9652400135223416,0.9890121395208908,0.9857355039897611,5.135231868412285,5.229247912804458,0.8150965418960642,0.4644538246029611,2.367024745308029,0.6261984838504044,0.5221753211112314,1.247241303511883,7.100200529009262,0.0,3.361705664314079,0.011619320770805075,,,20,6
ihdp_disconnected_sweep,AnchorPlugin,48,1385469919,FEASIBLE,1.3588619232177734,25,0,6,0.5615972333757571,4.8781010630777075,0.09375661582163275,0.09375661582163275,0.3861538461538461,0.2866666666666666,0.964684941875515,0.9530714226036812,0.9609876395144573,5.132278798118779,5.039216960287474,0.5051299770664303,0.42596081461619667,2.706464544647357,0.3510702385629463,0.3695063821664545,0.6442698952807016,7.100200529009262,0.0,3.3236994738106826,0.04962551127420145,,,20,6
ihdp_disconnected_sweep,Glmtrans_OptionB,48,1385469919,FEASIBLE,8.582826852798462,25,0,6,0.49912018350095333,5.005007141110312,0.2206626938542371,0.2206626938542371,0.8538461538461539,0.6799999999999998,0.9958873318170101,0.9937690758087637,0.9966879491486866,5.29828052303016,5.254399473802236,0.860270324261692,0.5332930648547028,2.11520884935368,0.6790744064541958,0.35975421338033314,0.9264069973550937,7.100200529009262,0.0,3.366735976513634,0.006589008571249888,,,20,6
ihdp_disconnected_sweep,ProxyOnly,46,1193023785,FEASIBLE,3.4199838638305664,25,0,6,2.443969307708926,10.715859979535388,1.542582237987384,1.542582237987384,0.8238461538461539,0.6533333333333332,0.9561497019556205,0.9528551334018248,0.9612961799545323,12.2107971015882,11.687138038732886,0.8907658060443674,0.6813236559775837,1.872308843347079,0.7682093491333317,1.8965708029510222,3.8762300561267757,21.17226196211014,0.0,14.336411828308714,0.11565001739213443,,,36,6
ihdp_disconnected_sweep,IPWTransport,46,1193023785,FEASIBLE,0.1550297737121582,25,0,6,2.122983843802248,10.543388970202248,1.3701112286542436,1.3701112286542436,0.9607692307692307,0.8399999999999999,0.9903307551302712,0.9788101618898933,0.9953957988018356,12.647316512911125,12.00548653695248,0.9786635521027658,0.6623608414023399,2.1897497520126965,0.9557017296251409,1.6983608524076557,3.803058196987111,21.149527106218166,0.02273485589197577,14.400081527952635,0.05198031774821388,,,36,6
ihdp_disconnected_sweep,EntropyBalancing,46,1193023785,FEASIBLE,0.18787813186645508,25,0,6,1.8506780664149585,7.997086196826922,1.1761915447210818,-1.1761915447210818,0.8361538461538461,0.6533333333333332,0.9546809714605181,0.9558339929942893,0.9972755400940617,12.19204023743196,11.723674907806409,0.8840231001275608,0.815161023909519,2.6543647690498893,0.8147151690527837,1.4819774381669677,2.8953845709702097,21.149527106218166,0.02273485589197577,14.34371920212342,0.10834264357742818,,,36,6
ihdp_disconnected_sweep,OutcomeModelTransport,46,1193023785,FEASIBLE,0.04139542579650879,25,0,6,1.9356727065110981,10.168440413886103,0.9951626723380986,0.9951626723380986,0.9707692307692307,0.8666666666666665,0.9903307551302712,0.9788101618898933,0.9953957988018356,12.647316512911125,12.00548653695248,0.985284694923263,0.6555159853743243,2.5077025039193512,0.9577847364538199,1.573899687941656,3.43613058588487,21.149527106218166,0.02273485589197577,14.400081527952635,0.05198031774821388,,,36,6
ihdp_disconnected_sweep,AnchorPlugin,46,1193023785,FEASIBLE,1.5915515422821045,25,0,6,0.8373935514154915,9.343724769987123,0.17044702843911885,0.17044702843911885,0.9553846153846154,0.8266666666666665,0.9707912940291675,0.9915867790586864,0.9933018074644832,12.39778195311159,12.162196705461128,0.962407778912342,1.0144451115654607,-0.3054181751785384,0.9253921640759657,0.37122209053261074,0.7505110954241139,21.17226196211014,0.0,14.431423561654364,0.020638284046484046,,,36,6
ihdp_disconnected_sweep,Glmtrans_OptionB,46,1193023785,FEASIBLE,9.223863363265991,25,0,6,1.6975347059719914,10.154502514862477,0.981224773314473,0.981224773314473,0.9853846153846154,0.9199999999999998,1.0,1.0,0.9981934532145059,12.770800510226966,12.265388125693551,0.9936460665793121,0.6937927142782038,2.1281578796167224,0.9767486374935834,1.3757130613611315,3.263039232921866,21.149527106218166,0.02273485589197577,14.452061845700849,0.0,,,36,6
ihdp_disconnected_sweep,ProxyOnly,49,2128905356,FEASIBLE,2.1356396675109863,25,0,6,1.5422527589365125,4.6707677376248755,0.6090884193360688,0.6090884193360688,0.3653846153846153,0.25333333333333324,0.9945171070507218,0.9873254484743851,0.9888680447303344,4.14385779638252,4.111292377734253,0.6291806975978985,0.0564959985131255,3.797799631128797,0.4202945802390925,1.2408792903704347,2.5295348352546982,5.458815022989047,0.0,2.2193941802470913,0.010555544204593925,,,7,6
ihdp_disconnected_sweep,IPWTransport,49,2128905356,FEASIBLE,0.08024239540100098,25,0,6,0.44638041007411566,4.195788795125396,0.13410947683658936,0.13410947683658936,0.4138461538461538,0.2799999999999999,0.9802088657147915,0.9887131498162133,0.9922929907373759,4.08423959877479,4.117070863397766,0.7179283223359878,0.1728288443875932,3.3365259895328725,0.4399021358056595,0.3489644580558967,0.870813289525322,5.458815022989047,0.0,2.2205498773797934,0.009399847071891898,,,7,6
ihdp_disconnected_sweep,EntropyBalancing,49,2128905356,FEASIBLE,0.057298898696899414,25,0,6,0.6442582792588921,4.314214006055271,0.25253468776646404,0.25253468776646404,0.5515384615384615,0.3999999999999999,0.9833137028343766,0.992902447507481,0.9943082148515553,4.09717653411082,4.134515392648766,0.7094504730142148,0.1239191617636737,3.5270655349893354,0.4004257715261501,0.5375182091720824,1.0067409662470226,5.458815022989047,0.0,2.2240387832299935,0.005910941221691779,,,7,6
ihdp_disconnected_sweep,OutcomeModelTransport,49,2128905356,FEASIBLE,0.013778448104858398,25,0,6,0.6626547721470525,4.3327864602769335,0.2711071419881268,0.2711071419881268,0.4753846153846154,0.2933333333333333,0.9915090059343927,0.9911858297181239,0.9912920271973201,4.131323931278708,4.1273672758411095,0.6066103874664754,0.09927719026036055,3.631532452514379,0.25153374245317073,0.5381238091805716,1.0890618544071193,5.458815022989047,0.0,2.2226091598684623,0.007340564583222964,,,7,6
ihdp_disconnected_sweep,AnchorPlugin,49,2128905356,FEASIBLE,1.3913209438323975,25,0,6,0.6224983053674977,4.453950031236472,0.39227071294766525,0.39227071294766525,0.08384615384615385,0.06666666666666665,0.9876186653457097,0.9809178450108014,0.9714527520808129,4.1151140359790634,4.084610667746851,0.19404385008328834,0.08066174199854695,3.7024159499947875,0.09859430124645951,0.4791781474446966,1.2884531246416415,5.458815022989047,0.0,2.2140578382496106,0.015891886202074712,,,7,6
ihdp_disconnected_sweep,Glmtrans_OptionB,49,2128905356,FEASIBLE,9.614647626876831,25,0,6,0.4220340769982253,4.171792403855492,0.11011308556668542,0.11011308556668542,0.2823076923076923,0.20666666666666664,0.9915090059343927,0.9787141841604102,0.9855289934648388,4.131323931278708,4.0754344694919356,0.3808277032550883,0.10864658419829454,3.6084283236255135,0.13180825683391373,0.3049616545374244,0.8170126534291393,5.458815022989047,0.0,2.2122225985986272,0.017727125853058023,,,7,6
ihdp_disconnected_sweep,ProxyOnly,0,2050366860,FEASIBLE,2.723227024078369,50,0,6,1.937600552512197,3.010326231584033,0.742656451131444,-0.742656451131444,0.8029007863567844,0.6112948044918215,0.9633308947608054,0.965086954790288,0.9871693021397687,5.913647789062373,5.553069921549527,0.804206960680716,0.491926414919744,2.272123691873481,0.5711921738222568,1.29899983232073,2.6427328966047186,8.537562432933832,0.2517471047023605,6.121976298225709,0.04017764000672397,,,11,6
ihdp_disconnected_sweep,IPWTransport,0,2050366860,FEASIBLE,0.29889392852783203,50,0,6,0.9993639717356739,3.383959451926431,0.369023230789046,-0.369023230789046,0.9062049849124396,0.740591429806022,0.9883852382762982,0.9806089950940498,0.9756948044423224,6.067450147050271,5.642383091418898,0.907116451468868,0.8229954051899061,0.9679996024310712,0.7553610754613962,0.544069737234435,1.148938132629942,8.76001424459642,0.029295293039773185,6.139838932199582,0.022315006032851414,,,11,6
ihdp_disconnected_sweep,EntropyBalancing,0,2050366860,FEASIBLE,0.46753859519958496,50,0,6,1.3241740679327954,3.459162456167702,0.29382022654777495,-0.29382022654777495,0.8584189888348586,0.6718514517908774,1.0,0.9778741902430684,0.9524184974626062,6.1387502687025615,5.626647138835649,0.8604839785874926,0.6383539429333982,1.5448126895736458,0.676890186275461,0.8179748254018786,1.801553818652779,8.699564522116226,0.08974501551996639,6.136691741682931,0.025462196549502103,,,11,6
ihdp_disconnected_sweep,OutcomeModelTransport,0,2050366860,FEASIBLE,0.039212703704833984,50,0,6,1.0827852838196372,3.4869395874800104,0.26604309523546643,-0.26604309523546643,0.8954951586558562,0.7274981006602802,0.988385238276298,0.9918323401527925,0.9743695216720786,6.06745014705027,5.706961748870981,0.8863428275401106,0.7958348697304621,0.9779545703553312,0.6882166876875433,0.5689329590474806,1.084111208266481,8.764344996631278,0.02496454100491441,6.152754663689999,0.009399274542434277,,,11,6
ihdp_disconnected_sweep,AnchorPlugin,0,2050366860,FEASIBLE,2.283141613006592,50,0,6,0.8436288984786423,3.5847149570128134,0.16826772570266346,-0.16826772570266346,0.8809432422623817,0.7209514360874092,0.9419538906668699,0.9658666015188415,0.9844202103427612,5.78241969943667,5.557555976175253,0.893723312649196,0.8251476436987152,0.7950635826048124,0.815090528958035,0.3566975614690482,0.9270831742439757,8.752177945763778,0.03713159187241466,6.122873509150853,0.039280429081579804,,,11,6
ihdp_disconnected_sweep,Glmtrans_OptionB,0,2050366860,FEASIBLE,13.406174182891846,50,0,6,0.828827546273777,4.063865146222092,0.3108824635066152,0.3108824635066152,0.9479877151511287,0.8256980692533438,1.0,0.9927480118907114,0.9770444172645119,6.1387502687025615,5.712230485704083,0.9601060531538435,1.1190484997869983,-0.7946795125010256,0.8179198375950888,0.43304293379560793,1.721538493859897,8.764344996631278,0.02496454100491441,6.15380841105662,0.008345527175813494,,,11,6
ihdp_disconnected_sweep,ProxyOnly,1,1413036957,FEASIBLE,2.5465550422668457,50,0,6,1.184041188346428,4.328556506516564,0.3134699590055394,0.3134699590055394,0.797637342448707,0.6266341960605099,0.9583294167658256,0.9846839933724929,0.9536541934408067,5.503306155678276,5.4518029473973915,0.8195214114103276,0.579394142886238,1.5071462604832107,0.6516354101102406,0.7590030247525993,1.9222351729543714,8.296188793722274,0.03434851502963099,5.382146912556181,0.016959725279625637,,,8,6
ihdp_disconnected_sweep,IPWTransport,1,1413036957,FEASIBLE,0.3686208724975586,50,0,6,1.2844004017235284,4.106892086868601,0.09180553935757718,0.09180553935757718,0.5690069157540476,0.4109478495677138,0.9168725156946684,0.9134527519838644,0.9316582411695427,5.265235597821244,5.0574239442217035,0.5660234921699228,0.5570663270981351,1.7272752568907355,0.3510436418863977,0.6787507703452292,1.207054505254459,8.330537308751905,0.0,5.303271111921045,0.09583552591476163,,,8,6
ihdp_disconnected_sweep,EntropyBalancing,1,1413036957,FEASIBLE,0.27408766746520996,50,0,6,1.6927000019267286,3.581764159260831,0.4333223882501933,-0.4333223882501933,0.35665578220147787,0.24428112727782586,0.7712282944204389,0.8536234747098235,0.833181678507477,4.42885853847726,4.7261730735072005,0.3705568907059463,0.32154543153136783,2.8633866452779126,0.12187906475377497,1.0430550643666954,1.8518161525701116,8.306872870587728,0.02366443816417707,5.237020937778144,0.16208570005766276,,,8,6
ihdp_disconnected_sweep,OutcomeModelTransport,1,1413036957,FEASIBLE,0.013936758041381836,50,0,6,0.8223596212621171,3.9761325472508555,0.03895400026016871,-0.03895400026016871,0.8584325787846532,0.6903597075242905,0.9871473781189831,0.9949366594185569,0.9906237641977007,5.66879629021276,5.50856787436363,0.8520082499019598,0.7731753335704963,0.9408389389698392,0.7024094716011965,0.43236606635515473,0.9441346515320186,8.330537308751905,0.0,5.39349989794943,0.005606739886377277,,,8,6
ihdp_disconnected_sweep,AnchorPlugin,1,1413036957,FEASIBLE,2.234957456588745,50,0,6,0.5615383312303331,4.072402017366496,0.05731546985547187,0.05731546985547187,0.9138494055869293,0.7459152816209199,0.9699220624714964,0.9744628951813917,0.9840501458681206,5.569878127023912,5.3952127990666225,0.920204132531868,0.8763747854558361,0.44613610325154796,0.8513652303148069,0.256968256476967,0.5247735340511479,8.330537308751905,0.0,5.370828882890027,0.028277754945779776,,,8,6
ihdp_disconnected_sweep,Glmtrans_OptionB,1,1413036957,FEASIBLE,13.161704540252686,50,0,6,0.5435499364359704,4.105261404364674,0.09017485685364957,0.09017485685364957,0.963407607718601,0.8504904799204573,1.0,0.9992071067311326,0.9969610824643681,5.742603805537827,5.532211639675246,0.9644928325088339,1.0919739254566805,-0.46775186323887274,0.8535992173294897,0.2587431395092635,0.708836654342579,8.306872870587728,0.02366443816417707,5.398228651011754,0.0008779868240527122,,,8,6
ihdp_disconnected_sweep,ProxyOnly,2,405902287,FEASIBLE,3.023500919342041,50,0,6,1.841273045954647,3.454688866673658,0.17560502733631989,-0.17560502733631989,0.8025450180072028,0.6326530612244898,0.9365280451832311,0.980188920452595,0.9484160752540958,6.522605593840218,6.396742126204998,0.8572283712837351,0.6664260144221235,1.3279993615241696,0.7519626167838239,0.9002870608322944,3.135353275625591,10.155620311576955,0.07212123161888684,7.631873346362087,0.025857539187031264,,,38,6
ihdp_disconnected_sweep,IPWTransport,2,405902287,FEASIBLE,0.3755161762237549,50,0,6,1.8982410994195533,4.666275324943586,1.0359814309336084,1.0359814309336084,0.9207683073229291,0.7763265306122449,0.9950895085199658,0.9953654749839334,0.9708415918247568,6.930466661437956,6.495784773673849,0.9403866616824113,0.8404306165693494,-0.29138675441470113,0.6964178085907908,1.1076752451973144,3.238620074072598,10.153442834504633,0.07429870869120947,7.651681875855858,0.006049009693260388,,,38,6
ihdp_disconnected_sweep,EntropyBalancing,2,405902287,FEASIBLE,0.9452052116394043,50,0,6,1.4849222205449284,3.6652891896429467,0.03499529563296866,0.03499529563296866,0.9322929171668667,0.7975510204081633,0.9850670429799144,0.988272610247381,0.955567610288669,6.860663530467308,6.449496526878702,0.9491783729831385,0.9468086037211797,0.1599665541298068,0.7159617749432634,0.7717701137125659,1.7860724202261284,10.198518215104668,0.029223328091173784,7.642424226496827,0.015306659052291671,,,38,6
ihdp_disconnected_sweep,OutcomeModelTransport,2,405902287,FEASIBLE,0.04140186309814453,50,0,6,1.5996225725577422,4.356874636999565,0.7265807429895865,0.7265807429895865,0.9592797118847539,0.843265306122449,1.0,0.9953654749839334,0.9794119773741664,6.964666597425895,6.495784773673849,0.9734560371302694,0.9444234211227988,-0.48444055606829967,0.7387217455545653,0.82884819657242,2.4827206825669315,10.191998900934998,0.03574264226084445,7.651681875855858,0.006049009693260388,,,38,6
ihdp_disconnected_sweep,AnchorPlugin,2,405902287,FEASIBLE,2.77362060546875,50,0,6,1.2228058299715812,3.7828993484872666,0.15260545447728857,0.15260545447728857,0.902328931572629,0.7355102040816327,0.9728258493513325,0.9399409433981128,0.9468801225243658,6.775407698089701,6.134082627666635,0.9309723141586851,0.8441929601782069,0.4367968949543027,0.8372940320884881,0.7211243805349907,1.8932559832217724,10.22379041090189,0.003951132293952497,7.579341446654414,0.07838943889470418,,,38,6
ihdp_disconnected_sweep,Glmtrans_OptionB,2,405902287,FEASIBLE,10.472535371780396,50,0,6,1.4530597502137805,3.971799360734535,0.34150546672455695,0.34150546672455695,0.9718607442977191,0.8677551020408163,0.9983244850895036,0.9953654749839334,0.9928669546285738,6.952997194695271,6.495784773673849,0.9793398475640628,1.0673712107644544,-0.6090903985707272,0.7438188802340119,0.729737198217486,2.3197059578931785,10.135154411169601,0.09258713202624058,7.651681875855858,0.006049009693260388,,,38,6
ihdp_disconnected_sweep,ProxyOnly,5,305796746,FEASIBLE,3.3707072734832764,50,0,6,3.902368369168977,-0.9248741134204281,1.462420547758465,-1.462420547758465,0.9264239842578282,0.7733247526703765,0.8602782728233809,0.9675695342667574,0.9064559767390844,8.355096863860007,8.449271226886525,0.9436722009065923,0.7384601047280037,1.220529068994706,0.8986927975064428,2.3917620075536656,5.690680501435441,20.46441339352461,0.08644164434738855,18.75095372611082,0.05663960910097643,,,47,6
ihdp_disconnected_sweep,IPWTransport,5,305796746,FEASIBLE,0.4896230697631836,50,0,6,4.276294635846697,2.8533822670947644,2.3158358327567274,2.3158358327567274,0.9745461632223873,0.8764347196930934,0.9999999999999997,0.9778217529831992,0.9916665526316826,9.712086342061255,8.53879841180169,0.9802015995272984,1.5778657788595425,-3.9647077989154487,0.9108512063820033,2.3890562046842967,11.069221958016318,20.20195329828184,0.3489017395901577,18.768859163093854,0.03873417211794106,,,47,6
ihdp_disconnected_sweep,EntropyBalancing,5,305796746,FEASIBLE,0.0952603816986084,50,0,6,4.946989018810001,3.7081038316038923,3.1705573972658554,3.1705573972658554,0.9579771495070452,0.8338813999694323,0.9934182082351805,0.9728202570436385,0.9753217352690775,9.648163412155863,8.495123002193486,0.9644272301483967,1.3997310657767885,-4.652801693883871,0.8320683908114919,3.241355532931131,12.234468623832967,20.20195329828184,0.3489017395901577,18.760124081172208,0.04746925403958713,,,47,6
ihdp_disconnected_sweep,OutcomeModelTransport,5,305796746,FEASIBLE,0.017664432525634766,50,0,6,3.930666745039763,2.059196017414181,1.5216495830761438,1.5216495830761438,0.9837191534242142,0.8993480456981415,0.968853709790604,1.0,0.9875650593344794,9.409590882312708,8.732469272391409,0.985722452024627,1.607609182904214,-2.7728359926567863,0.9160966406319953,2.2077862548852143,10.555427491269912,20.546747735845894,0.004107302026103099,18.807593335211795,0.0,,,47,6
ihdp_disconnected_sweep,AnchorPlugin,5,305796746,FEASIBLE,2.2046618461608887,50,0,6,1.7540115616670928,0.6132431705670502,0.0756967362290134,0.0756967362290134,0.9724810397738083,0.8764347196930934,0.8971134643981266,0.9634757516456222,0.995613437756552,8.712843424860305,8.413522395939612,0.9823169677107326,0.9521379638836788,-0.04634566945124568,0.9521940143590821,1.0547689829539801,2.440261570698439,20.48084247396441,0.0700125639075857,18.743803959921436,0.06378937529035866,,,47,6
ihdp_disconnected_sweep,Glmtrans_OptionB,5,305796746,FEASIBLE,9.154932260513306,50,0,6,4.452643079263612,2.2338312417269166,1.6962848073888797,1.6962848073888797,0.9774490264352454,0.8798688726424478,0.9934182082351805,0.9891033178388732,0.9923475086146066,9.648163412155863,8.637314330248353,0.9837287116940375,1.835931482384821,-3.5636146686831847,0.9119212569864179,2.631298609531577,11.96437165816844,20.38475256039426,0.166102477477736,18.788562346783184,0.01903098842861084,,,47,6
ihdp_disconnected_sweep,ProxyOnly,4,1006618582,FEASIBLE,3.1887283325195312,50,0,6,1.8798302577633428,5.705232841815257,0.11244369270452736,0.11244369270452736,0.5830972388955582,0.433469387755102,0.9439703268700029,0.8695255526325121,0.8991021313505517,7.22462621225357,6.488963032523889,0.645977508260027,0.48761194688994125,2.8108494556527592,0.42944584104222416,1.1294875120380516,2.915019433670964,10.377447845173787,0.0,6.068850510832445,0.19473697192529382,,,33,6
ihdp_disconnected_sweep,IPWTransport,4,1006618582,FEASIBLE,0.5465950965881348,50,0,6,1.2747385689425412,5.317594739543153,0.2751944095675771,-0.2751944095675771,0.9068427370948379,0.7485714285714286,0.9741464893638603,0.9867018183260983,0.986488299882916,7.455577851656498,7.363408244712181,0.9146305269965783,0.6589701141027754,2.0886531368416597,0.7379800227450065,0.8416976573577957,1.86050854035848,10.363847053438397,0.013600791735390416,6.243739553270103,0.019847929487635696,,,33,6
ihdp_disconnected_sweep,EntropyBalancing,4,1006618582,FEASIBLE,0.5466883182525635,50,0,6,1.7441743468916464,4.671546098342997,0.9212430507677327,-0.9212430507677327,0.8776470588235293,0.7061224489795919,0.9842453508286737,0.9759488533695778,0.9776647624232656,7.532868945640914,7.283162653445037,0.877583538681362,0.5912169057835486,2.8308921196231767,0.669018788867776,1.3081269441559007,2.3634581561533814,10.363847053438397,0.013600791735390416,6.227690435016675,0.03589704774106384,,,33,6
ihdp_disconnected_sweep,OutcomeModelTransport,4,1006618582,FEASIBLE,0.019902706146240234,50,0,6,1.3599850699600207,5.242533943804784,0.35025520530594534,-0.35025520530594534,0.9525570228091236,0.8204081632653062,0.9832713088345677,0.9946403851813785,0.995669186863448,7.525414167538102,7.422650973921432,0.9490143118680704,0.6109848474880064,2.389680347004465,0.8200619887713512,1.0218969567827474,2.0413920171720914,10.377447845173787,0.0,6.255588099111954,0.00799938364578523,,,33,6
ihdp_disconnected_sweep,AnchorPlugin,4,1006618582,FEASIBLE,2.5630486011505127,50,0,6,0.9286999275832308,5.832965003836881,0.240175854726151,0.240175854726151,0.844705882352941,0.6522448979591837,0.9456610972372723,0.9519568494662646,0.9863004605356454,7.237566432477207,7.104118776087513,0.8892562903470627,0.8400207275235705,0.6929776429681453,0.7898563683035025,0.4605502570782969,1.4863960418717976,10.363847053438397,0.013600791735390416,6.19188165954517,0.07170582321256891,,,33,6
ihdp_disconnected_sweep,Glmtrans_OptionB,4,1006618582,FEASIBLE,10.021352529525757,50,0,6,1.159480856251453,5.759296408208691,0.16650725909796105,0.16650725909796105,0.9795438175270108,0.8922448979591836,0.9955670178770927,0.9946403851813785,0.9969853503317567,7.619518716503551,7.422650973921432,0.9805500063503741,0.6510066302706584,1.8434490016728822,0.8550627602625263,0.8233897383416666,2.3165359223755235,10.363847053438397,0.013600791735390416,6.255588099111954,0.00799938364578523,,,33,6
ihdp_disconnected_sweep,ProxyOnly,3,951319395,FEASIBLE,3.0856549739837646,50,0,6,2.1751028241946995,5.0074790451866305,0.5546797658411879,-0.5546797658411879,0.9186541264826487,0.7675354813467898,0.9911363139508863,0.9562585978090442,0.9616635929711247,10.34071842233715,9.567830679068104,0.9278218599837803,0.7149689712095073,1.9819666697375666,0.860430383027396,1.4724469695052798,3.3006817658045295,15.615511124388695,0.11966929043776453,11.754801435746813,0.08753078524720337,,,46,6
ihdp_disconnected_sweep,IPWTransport,3,951319395,FEASIBLE,0.5315616130828857,50,0,6,1.505260558124321,4.8997204894473025,0.6624383215805159,-0.6624383215805159,0.9877273099536052,0.921698590848068,0.9925177404788069,0.9926746908848422,0.9982704100537924,10.355131114663427,9.932191337723323,0.9893602940772072,0.8286021538515163,1.502239860201377,0.9254715207194597,1.1351912382198273,2.0529272074604688,15.667751877327637,0.06742853749882194,11.82767356747786,0.014658653516157472,,,46,6
ihdp_disconnected_sweep,EntropyBalancing,3,951319395,FEASIBLE,0.5221042633056641,50,0,6,2.605458531242606,4.357413717263265,1.2047450937645534,-1.2047450937645534,0.8778250541945308,0.7216145551123665,0.9389524431005881,0.9442283150116657,0.9251868641420433,9.796273922569503,9.447461869741478,0.8984735071084335,0.7010665493840651,2.507321812027271,0.8147433782320799,1.7388392720016923,3.5755298534157607,15.592419390408232,0.14276102441822758,11.730727673881487,0.11160454711252932,,,46,6
ihdp_disconnected_sweep,OutcomeModelTransport,3,951319395,FEASIBLE,0.048839569091796875,50,0,6,1.1322820962095297,5.518416681520499,0.04374212950731948,-0.04374212950731948,0.9954127823843097,0.9577793186036863,0.9956398662649851,1.0,1.0,10.387704861765167,10.005484605304128,0.9968448642036094,0.891995854913567,0.6397540054256496,0.9337212403018746,0.8541982321339026,2.051627112569088,15.731361340411281,0.0038190744151780365,11.842332220994017,0.0,,,46,6
ihdp_disconnected_sweep,AnchorPlugin,3,951319395,FEASIBLE,2.6838085651397705,50,0,6,1.0286465090855004,5.838296333547549,0.2761375225197309,0.2761375225197309,0.959627301378842,0.8495371353368314,0.9622092425439017,0.9807040907047722,0.9670118783907488,10.038916645939631,9.81241968190538,0.9760418954545713,1.0243403859235747,-0.4182439084144704,0.9391958159283963,0.5656069583156603,1.2049029467466879,15.70779751799056,0.027382896835899118,11.803719236314269,0.03861298467974805,,,46,6
ihdp_disconnected_sweep,Glmtrans_OptionB,3,951319395,FEASIBLE,10.44983434677124,50,0,6,1.1245495009408422,5.425489848588833,0.13666896243898563,-0.13666896243898563,0.9964695348435317,0.9676195170824914,0.9942584397370643,1.0,1.0,10.373292169438889,10.005484605304128,0.997800505775531,0.9194777355668728,0.5735416907063022,0.9292965726082916,0.888269882247997,1.9936417263692174,15.731361340411281,0.0038190744151780365,11.842332220994017,0.0,,,46,6
ihdp_disconnected_sweep,ProxyOnly,6,570481747,FEASIBLE,2.9373557567596436,50,0,6,1.173779778403953,3.617956072477382,0.38467410685615633,-0.38467410685615633,0.6229999523167186,0.4616077999842391,0.883800516610665,0.9064096341915401,0.9245394821502462,4.581945895882223,4.699159850346162,0.6478145463921928,0.4762527252683255,2.279568739915098,0.40655589284483706,0.7908579406115133,1.8441091438926343,9.615483889654975,0.0,6.5526856803906695,0.09704135366535294,,,48,6
ihdp_disconnected_sweep,IPWTransport,6,570481747,FEASIBLE,0.4884507656097412,50,0,6,1.3823828395851823,3.298911324695583,0.7037188546379554,-0.7037188546379554,0.7883488943515047,0.6140497079567707,1.0,0.9770158953214619,0.9471211270594085,5.1843666186729305,5.065208593617434,0.8332254213073248,0.45874194253414424,2.4892811899948,0.6356288522089828,0.993254904869856,2.6646621203730234,9.432595081303543,0.18288880835143217,6.625895429044923,0.023831605011099377,,,48,6
ihdp_disconnected_sweep,EntropyBalancing,6,570481747,FEASIBLE,0.498795747756958,50,0,6,1.6410881244580116,2.8190161291176357,1.1836140502159025,-1.1836140502159025,0.8634458809096169,0.7202451944095457,0.954031790642924,0.9770158953214619,0.9531689783907996,4.946050568561937,5.065208593617434,0.8875868716068264,0.4780057120686512,2.65512436720165,0.7283932849381662,1.3681866948460069,2.8071251815815423,9.481611022021355,0.13387286763362027,6.625895429044923,0.023831605011099377,,,48,6
ihdp_disconnected_sweep,OutcomeModelTransport,6,570481747,FEASIBLE,0.02699422836303711,50,0,6,0.9767515610147073,3.4653348245082456,0.5372953548252926,-0.5372953548252926,0.8871709121239786,0.7407991595294375,1.0,1.0,0.9838646490781573,5.1843666186729305,5.1843666186729305,0.9147080256862604,0.5936128733248962,1.9455628171243733,0.777126298091869,0.6454290455185159,2.0735470817018715,9.543919996723908,0.07156389293106713,6.649727034056022,0.0,,,48,6
ihdp_disconnected_sweep,AnchorPlugin,6,570481747,FEASIBLE,1.4031317234039307,50,0,6,0.6932300481797805,3.727890315529156,0.2747398638043821,-0.2747398638043821,0.8927874501257459,0.7545018029426989,0.954031790642924,0.9699425674591445,0.9792165059302469,4.946050568561937,5.028537868765106,0.9247016924195192,0.6731693226103399,1.4931287808631295,0.8407424139583946,0.39080950085129446,1.5177287326591018,9.615483889654975,0.0,6.618561284074458,0.031165749981564517,,,48,6
ihdp_disconnected_sweep,Glmtrans_OptionB,6,570481747,FEASIBLE,8.867685556411743,50,0,6,0.7473220790473736,3.560307328779329,0.44232285055420917,-0.44232285055420917,0.9443530791936954,0.8247278504356629,1.0,1.0,0.9843100950299075,5.1843666186729305,5.1843666186729305,0.962945384212787,0.6777414123940487,1.5896624617697537,0.8784460813542727,0.5604235118751275,1.212893282285566,9.615483889654975,0.0,6.649727034056022,0.0,,,48,6
ihdp_disconnected_sweep,ProxyOnly,7,804386869,FEASIBLE,3.385887622833252,50,0,6,1.5345681396862185,5.162499532163307,0.42088995433655985,0.42088995433655985,0.30525810324129654,0.20979591836734693,0.9102334725812418,0.914636032313295,0.9219507243799102,4.815017674789312,4.802046884348162,0.45512758760073363,0.17247993465292474,3.851181995873465,0.2240867072224113,1.3297362596634428,2.3825301768677676,7.131337841446624,0.0,3.350137640489509,0.08963604331851283,,,20,6
ihdp_disconnected_sweep,IPWTransport,7,804386869,FEASIBLE,0.4711771011352539,50,0,6,0.8824424516756186,5.05600071035143,0.3143911325246833,0.3143911325246833,0.6854741896758704,0.4873469387755102,0.9632550442165206,0.9677754640963864,0.9825802577898255,5.095494950410692,5.081040969224339,0.7697964443462934,0.376892138264351,2.8360426590363192,0.4918492040315504,0.5670229223680733,1.850200744795548,7.131337841446624,0.0,3.405936457464744,0.033837226343278015,,,20,6
ihdp_disconnected_sweep,EntropyBalancing,7,804386869,FEASIBLE,0.19548749923706055,50,0,6,1.6870085918370172,5.5919114281572595,0.8503018503305126,0.8503018503305126,0.3891956782713085,0.2636734693877551,0.9551375734247491,0.9572935333088233,0.9621903272808058,5.052554576853426,5.02600845213329,0.4695758650034733,0.15969698421136524,3.848598186772967,0.17929433049801646,1.1961150321913774,3.5986668792097927,7.131337841446624,0.0,3.394929954046534,0.04484372976148787,,,20,6
ihdp_disconnected_sweep,OutcomeModelTransport,7,804386869,FEASIBLE,0.03835654258728027,50,0,6,0.6245717922002021,4.524266453032832,0.21734312479391527,-0.21734312479391527,0.8343337334933973,0.6326530612244898,0.9822255951766428,0.9901771003682144,0.9906821335620659,5.19584671830871,5.198654647084107,0.8739579694920346,0.5118512546972854,2.425858117257058,0.7270143574241783,0.47621464193376645,1.0511617213335294,7.131337841446624,0.0,3.4294591930366978,0.01031449077132418,,,20,6
ihdp_disconnected_sweep,AnchorPlugin,7,804386869,FEASIBLE,1.383049726486206,50,0,6,0.6930618523832852,4.928849302077494,0.1872397242507473,0.1872397242507473,0.4574789915966387,0.3355102040816326,0.9500415688381683,0.9636616967823517,0.9701004679154153,5.025597369835307,5.05944275658523,0.6351346825914318,0.44735883112743485,2.5366453152460866,0.40549563463869254,0.5076121199857535,0.9828623698111754,7.131337841446624,0.0,3.4016168149369226,0.03815686887109937,,,20,6
ihdp_disconnected_sweep,Glmtrans_OptionB,7,804386869,FEASIBLE,8.959806203842163,50,0,6,0.45923186524201404,4.590621203424015,0.15098837440273183,-0.15098837440273183,0.8380792316926771,0.6587755102040816,0.9940235010356211,0.9937667235725156,0.9930690814401898,5.258256118696269,5.217500984113495,0.8762415480907194,0.6270607471993486,1.863011215898512,0.7542553813071756,0.3191617345747266,0.6254513971969735,7.131337841446624,0.0,3.433228460442576,0.006545223365446162,,,20,6
ihdp_disconnected_sweep,ProxyOnly,8,581026102,FEASIBLE,3.0831079483032227,50,0,6,1.4574049633171826,4.594307135346259,0.24064999703131473,0.24064999703131473,0.47034248149995905,0.32550869027814094,0.8627031930715686,0.8981604254423113,0.9023954815683385,4.55253399530243,4.687572413148741,0.5798776762637564,0.2683900652578129,3.1205907464449245,0.31210166267551764,0.9113048860617248,3.1919429391528666,7.324240603790786,0.0,3.9080979481055906,0.1063018068355297,,,3,6
ihdp_disconnected_sweep,IPWTransport,8,581026102,FEASIBLE,0.2794671058654785,50,0,6,1.0394158999142764,4.888142804773775,0.5344856664588304,0.5344856664588304,0.5589793272726646,0.37012155645839373,0.9353463412314074,0.9288164534189361,0.9259870040773948,4.935876034811981,4.847568720010263,0.6025927988794741,0.4534704236865869,2.1370289495936365,0.3460806563465272,0.6413028322969986,1.7311058466539029,7.324240603790786,0.0,3.9400972094778957,0.07430254546322468,,,3,6
ihdp_disconnected_sweep,EntropyBalancing,8,581026102,FEASIBLE,0.08381223678588867,50,0,6,1.1681446277085916,5.130683787111128,0.7770266487961832,0.7770266487961832,0.7099119171459269,0.5138741252614306,0.9816483920625859,0.965206832126993,0.9831250166599198,5.18021460009613,5.037493070386663,0.7285359852786472,0.473061848795178,1.9265263804007067,0.4454927536569664,0.8326366136448536,1.8970908463182177,7.324240603790786,0.0,3.9780820795531757,0.036317675387944615,,,3,6
ihdp_disconnected_sweep,OutcomeModelTransport,8,581026102,FEASIBLE,0.007079601287841797,50,0,6,1.036195828353095,5.053998980088178,0.7003418417732332,0.7003418417732332,0.6342052836903894,0.449433318556621,0.9421533293542893,0.9513033509675208,0.9441224214559526,4.971796899697976,4.96492966981401,0.6681114396010848,0.5627559282938268,1.509489250679369,0.3814622056631325,0.7024254927448579,1.5803410271726994,7.324240603790786,0.0,3.9635693994386454,0.050830355502474944,,,3,6
ihdp_disconnected_sweep,AnchorPlugin,8,581026102,FEASIBLE,1.3487217426300049,50,0,6,0.5373012391283497,4.473548318677243,0.1198911803622984,0.1198911803622984,0.8081623036748913,0.6196231413924003,0.9714866765341068,0.9741294787974406,0.9675397234682019,5.126590647193761,5.084061090085445,0.8328037796325156,0.7494060491150802,1.0011529672896202,0.6763898820984455,0.22861718518437513,0.4460714766931275,7.324240603790786,0.0,3.987395683492932,0.027004071448188505,,,3,6
ihdp_disconnected_sweep,Glmtrans_OptionB,8,581026102,FEASIBLE,9.540665626525879,50,0,6,0.38511869617511924,4.442067801824951,0.08841066351000659,0.08841066351000659,0.9396981032705573,0.8066655664718378,0.993582354728775,0.9942529866114352,0.9947916925504284,5.243190802308922,5.189087316372592,0.9500916068395907,1.0525516789135279,-0.32184878434363207,0.7975052141348478,0.21438314745766376,0.6650397330830953,7.324240603790786,0.0,4.008400928750361,0.00599882619075931,,,3,6
ihdp_disconnected_sweep,ProxyOnly,9,1308330423,FEASIBLE,2.046609401702881,50,0,6,2.4114673172051355,6.356450481979072,1.117470085611819,1.117470085611819,0.8202160864345738,0.6310204081632653,0.8628116161694098,0.8989353074890246,0.9443880878187045,9.19628136006697,8.896433941744155,0.8641939381691766,0.8822586338971763,-0.3690529222986515,0.7800814100645468,1.2841405331760205,2.412376151748532,14.683591141634672,0.10821774473378554,10.868095391423353,0.20004005922919177,,,24,6
ihdp_disconnected_sweep,IPWTransport,9,1308330423,FEASIBLE,0.1226353645324707,50,0,6,2.920892958406373,6.434639892153911,1.195659495786658,1.195659495786658,0.925282112845138,0.7844897959183673,1.0,0.9956254169234875,0.9738377691975488,10.65850434524205,9.853340589238602,0.9336779858878823,0.709404392003973,0.6742185959092956,0.7646721701838721,1.7401100684946673,5.523093887288265,14.672976287871043,0.11883259849741457,11.059476720922241,0.00865872973030335,,,24,6
ihdp_disconnected_sweep,EntropyBalancing,9,1308330423,FEASIBLE,0.10989785194396973,50,0,6,3.8293924442852876,8.351529638282562,3.1125492419153087,3.1125492419153087,0.9002160864345738,0.7355102040816327,0.9934871892414265,0.9802422219136776,0.9626619675772725,10.589087523472056,9.701098734816377,0.9179969468566865,0.8083059652268897,-1.5116108290257073,0.7896128071252454,3.1125492419153087,5.361626260652839,14.478120302054494,0.3136885843139634,11.029028350037798,0.039107100614746315,,,24,6
ihdp_disconnected_sweep,OutcomeModelTransport,9,1308330423,FEASIBLE,0.013815879821777344,50,0,6,2.6776713867084587,4.9434580683632285,0.2955223280040249,-0.2955223280040249,0.9525570228091236,0.836734693877551,1.0,0.9956254169234875,0.9854194169490653,10.65850434524205,9.853340589238602,0.9560488195222595,0.6848227976972961,1.8535876116914776,0.8086347549067797,1.6091673237961868,4.952249994317757,14.667653234844138,0.12415565152431896,11.059476720922241,0.00865872973030335,,,24,6
ihdp_disconnected_sweep,AnchorPlugin,9,1308330423,FEASIBLE,1.440565586090088,50,0,6,1.6335250352105235,5.769305227240815,0.5303248308735613,0.5303248308735613,0.9620648259303721,0.8383673469387755,0.9043158725600813,0.9851865058794055,0.9813919936942975,9.638654657152983,9.75003050479345,0.9705815504737795,0.8846181451004295,0.13534830772727474,0.8929633453455654,0.7238893966442626,2.1145569255098895,14.7813023529295,0.010506533438958243,11.038814704033214,0.02932074661933015,,,24,6
ihdp_disconnected_sweep,Glmtrans_OptionB,9,1308330423,FEASIBLE,9.888561248779297,50,0,6,2.504743913633902,5.045686009801744,0.19329438656550924,-0.19329438656550924,0.9609123649459784,0.8546938775510204,1.0,0.9981063817903596,0.9932742838265142,10.65850434524205,9.87789379108309,0.9587375895535474,0.7072633752401347,1.6703514786729439,0.8214001229093758,1.4343030774479872,4.842462552307984,14.667653234844138,0.12415565152431896,11.06438736129114,0.003748089361405249,,,24,6
ihdp_disconnected_sweep,ProxyOnly,11,26027598,FEASIBLE,2.921299457550049,50,0,6,1.5825927104514115,5.752815704823762,0.39588937104375965,0.39588937104375965,0.9190059244214415,0.7686206337854369,0.9135482450227503,0.9398088176869132,0.9905935066489779,10.621906913375717,9.97474891320663,0.9365751474598647,0.8623649297051288,0.3958998228830927,0.874360279606429,0.6262741554141446,2.0180001235787035,23.682772307311843,0.03333379330748443,20.137894905520746,0.12776895025092116,,,49,6
ihdp_disconnected_sweep,IPWTransport,11,26027598,FEASIBLE,0.5962443351745605,50,0,6,1.185454015653781,5.107819242827971,0.2491070909520312,-0.2491070909520312,0.964320563641761,0.874002788145573,0.9789567715490185,0.9482286188854647,0.9811870132979568,11.382417684304718,10.0641132618636,0.9690032844819915,0.9264493429965238,0.6247905521170238,0.9211836058623055,0.6533843067987428,1.1004839949741072,23.70306242997744,0.013043670641888383,20.15576777525214,0.10989608051952615,,,49,6
ihdp_disconnected_sweep,EntropyBalancing,11,26027598,FEASIBLE,0.5789773464202881,50,0,6,1.442578509084136,5.521525302715977,0.1645989689359748,0.1645989689359748,0.9372088294429939,0.8104389490077132,0.9789567715490185,0.9342675320269326,0.9811870132979568,11.382417684304718,9.91593595883289,0.943610580903536,0.9308733830254409,0.2170853957802088,0.8754327176309709,0.723051794779491,1.8258359386356524,23.716106100619328,0.0,20.126132314645997,0.13953154112567034,,,49,6
ihdp_disconnected_sweep,OutcomeModelTransport,11,26027598,FEASIBLE,0.019959211349487305,50,0,6,1.1598798885855688,5.133300248328226,0.22362608545177665,-0.22362608545177665,0.9716884061504847,0.8840391837989193,0.9789567715490184,0.9741143094427323,0.981187013297957,11.382417684304716,10.338853463162419,0.9783922124606116,0.9189815429659449,0.6395181510638587,0.9255914480989669,0.5884820349424834,1.3479039598761435,23.66540589360998,0.050700207009349185,20.210715815511904,0.054948040259763076,,,49,6
ihdp_disconnected_sweep,AnchorPlugin,11,26027598,FEASIBLE,1.8284995555877686,50,0,6,1.0844337333448204,5.42916340658277,0.0722370728027677,0.0722370728027677,0.9687509003136733,0.8689845903188999,0.9796537594408018,1.0000000000000002,0.989700403382208,11.390521624678538,10.613593664461241,0.9752502464678071,0.9147092053526598,0.3908205884149354,0.9343665907654929,0.5463143198331516,0.9691791694678038,23.669076327706808,0.047029772912519974,20.265663855771667,0.0,,,49,6
ihdp_disconnected_sweep,Glmtrans_OptionB,11,26027598,FEASIBLE,11.412765741348267,50,0,6,0.6933956396387825,5.413164613619392,0.05623827983938945,0.05623827983938945,0.9866167145014931,0.9258574990211954,1.0,1.0,0.981187013297957,11.627089178099398,10.61359366446124,0.9945906516664559,1.0145041003785875,-0.13475136276114502,0.9701080694133233,0.4229021009182679,0.7138733476727515,23.66540589360998,0.050700207009349185,20.265663855771667,0.0,,,49,6
ihdp_disconnected_sweep,ProxyOnly,10,1259045554,FEASIBLE,3.013715982437134,50,0,6,1.712156545817004,4.63952856523502,0.06872319830425155,0.06872319830425155,0.7575990396158462,0.5640816326530612,0.8623058025303827,0.9364157598735686,0.9211150507774826,6.286763928366691,6.469747684955195,0.7851208185237142,0.5704958294243209,1.9239736699691867,0.7039057485096047,1.0410960297737681,2.7468880730646723,11.229853653826558,0.0,7.886884509582948,0.0878613983201566,,,5,6
ihdp_disconnected_sweep,IPWTransport,10,1259045554,FEASIBLE,0.2565162181854248,50,0,6,1.3153670950135117,5.203534428847896,0.6327290619171277,0.6327290619171277,0.9568787515006002,0.833469387755102,0.9900652672632141,0.9845902169895049,0.9980429527935971,7.218212600094144,6.8025876431826,0.9645541777528028,0.6953194581454513,0.9526866274230458,0.8467647650987383,0.7545567255879291,2.898828290433088,11.214855071088593,0.014998582737964838,7.953452501228429,0.021293406674675275,,,5,6
ihdp_disconnected_sweep,EntropyBalancing,10,1259045554,FEASIBLE,0.21852469444274902,50,0,6,1.3053383263419562,4.412754430145125,0.15805093678564308,-0.15805093678564308,0.8385594237695077,0.6440816326530613,0.9764821332615182,0.9579813100329948,0.9642908959584955,7.119182816662965,6.618745250136681,0.8411127797777274,0.7458650438997874,1.2794860901715932,0.6802481699977682,0.5573455009787611,1.61012154682287,11.214855071088593,0.014998582737964838,7.916684022619246,0.05806188528385814,,,5,6
ihdp_disconnected_sweep,OutcomeModelTransport,10,1259045554,FEASIBLE,0.013765811920166016,50,0,6,1.2651937903614352,5.257949265119201,0.6871438981884328,0.6871438981884328,0.939015606242497,0.8008163265306122,0.9764821332615182,0.9940918768443902,0.9980429527935974,7.119182816662965,6.8682351306380385,0.9522540677090254,0.7414504716038629,0.672296404638951,0.8333122563690892,0.8416384882801506,2.674511070792236,11.214855071088593,0.014998582737964838,7.966581998719517,0.008163909183586782,,,5,6
ihdp_disconnected_sweep,AnchorPlugin,10,1259045554,FEASIBLE,2.2423040866851807,50,0,6,0.9652138116019612,4.687016556991272,0.11621119006050318,0.11621119006050318,0.9368067226890756,0.7779591836734694,0.9427110045078898,0.9919173168007088,0.9929266439211742,6.872969566739881,6.85321097639879,0.936524425588211,0.7865792013339291,0.8840956268936719,0.8440963794701318,0.5337990759290937,1.5859033076306126,11.229853653826558,0.0,7.9635771678716685,0.011168740031435753,,,5,6
ihdp_disconnected_sweep,Glmtrans_OptionB,10,1259045554,FEASIBLE,11.347325563430786,50,0,6,0.845743309699724,4.449964981630781,0.12084038529998775,-0.12084038529998775,0.9667707082833132,0.8628571428571429,0.9846807205649863,0.9997561334187042,0.9970965775227824,7.178955791368412,6.907369789012016,0.9766031246570871,0.858002230805484,0.7527254856852741,0.8570723655528439,0.5302195912973704,1.375874653847485,11.214855071088593,0.014998582737964838,7.974408930394313,0.0003369775087911364,,,5,6
ihdp_disconnected_sweep,ProxyOnly,14,610509000,FEASIBLE,2.763946533203125,50,0,6,1.01979224354565,3.740836037189006,0.07211176840966704,0.07211176840966704,0.4334814740312285,0.32568072936546444,0.9501740404579124,0.9007578476483271,0.931709726726968,4.35949722788834,4.108539709803385,0.6135250165203247,0.5520109249611003,1.6037419077628174,0.6116339975865479,0.6727937108792539,1.5695091073322678,6.69779487688582,0.0,3.8134387779862764,0.09053272750000874,,,1,6
ihdp_disconnected_sweep,IPWTransport,14,610509000,FEASIBLE,0.4377448558807373,50,0,6,1.5803999095227463,2.6333066958054445,1.0354175729738944,-1.0354175729738944,0.34946561653115993,0.24364528116257667,0.8925759256283977,0.8519939263169601,0.8992963993005044,4.0952310921708746,3.8861175485991133,0.4852319330846317,0.44490691544990296,2.4971479093149638,0.16170518344967266,1.1232962001265328,2.035732562634425,6.660455104804937,0.037339772080883016,3.7689543457454215,0.1350171597408636,,,1,6
ihdp_disconnected_sweep,EntropyBalancing,14,610509000,FEASIBLE,0.6424901485443115,50,0,6,2.0951489951684263,2.5086411339005266,1.1600831348788123,-1.1600831348788123,0.06624234848061437,0.03363453376318398,0.8470335029664039,0.8025295082268398,0.8273070537661521,3.886277724795568,3.6605002792340393,0.28127453161225585,0.18479682410697523,3.205135354410401,0.07190555837082946,1.5905564270657535,2.9974513703891503,6.481348390202636,0.2164464866831839,3.723830891872406,0.180140613613879,,,1,6
ihdp_disconnected_sweep,OutcomeModelTransport,14,610509000,FEASIBLE,0.02226877212524414,50,0,6,0.924535336038269,3.258175152962289,0.4105491158170498,-0.4105491158170498,0.6588687830022528,0.46678170027443133,0.9769084066487606,0.9401422806858584,0.9468456660571094,4.482157277874748,4.288180117605821,0.7398847399566575,1.217409981658627,-0.2978106844290745,0.4909682576751764,0.47851368693487417,1.1597719610556592,6.660455104804937,0.037339772080883016,3.849366859546763,0.05460464593952219,,,1,6
ihdp_disconnected_sweep,AnchorPlugin,14,610509000,FEASIBLE,2.289398431777954,50,0,6,0.6535970324327333,3.5729965089580866,0.09572775982125226,-0.09572775982125226,0.783523528692749,0.6341340146083224,0.9790184645596541,0.9793255464591719,0.9780027532566211,4.4918384428208995,4.466902960609339,0.8912948497964628,0.7697379956845567,0.918453097386024,0.7472399565703637,0.3627965125348323,0.7617092311288243,6.689862458396276,0.007932418489543736,3.8851114281474666,0.01886007733881856,,,1,6
ihdp_disconnected_sweep,Glmtrans_OptionB,14,610509000,FEASIBLE,9.982307195663452,50,0,6,0.9170910853048104,3.690642621677261,0.021918352897922322,0.021918352897922322,0.9233284183731927,0.7812855438186578,0.9962249439205377,0.9831466711261981,0.9857921131754966,4.570783558011944,4.4843318872310425,0.9404107511427652,3.260922536543152,-8.366175430574742,0.6880343121750936,0.4981832544991352,1.8838982038895489,6.660455104804937,0.037339772080883016,3.888597213471807,0.01537429201447793,,,1,6
ihdp_disconnected_sweep,ProxyOnly,15,1836892619,FEASIBLE,3.007564067840576,50,0,6,1.7114909627152988,3.085544886201435,0.4418249769960778,-0.4418249769960778,0.7891956782713084,0.5967346938775511,0.9084335996213466,0.9342393780201665,0.9464506276052943,4.4097430451960795,4.423758579684451,0.8327557701785797,0.3760624766303966,2.3670122115383463,0.6578585232966632,1.2101177564960592,3.15644160143676,7.461331174845522,0.24311126648691506,5.056616615453053,0.062277211287147693,,,20,6
ihdp_disconnected_sweep,IPWTransport,15,1836892619,FEASIBLE,0.1635293960571289,50,0,6,1.1171093032402033,3.394962067705604,0.13240779549190895,-0.13240779549190895,0.4787995198079231,0.34857142857142853,0.854996071869095,0.842257411766305,0.8719188969690839,4.15034514703799,3.9882106655576903,0.5708813660395771,0.5169035021006185,1.7725020809017302,0.24538550904347634,0.7149500250811753,1.4125682096685637,7.699234762713677,0.005207678618760703,4.9695070326277015,0.1493867941124991,,,20,6
ihdp_disconnected_sweep,EntropyBalancing,15,1836892619,FEASIBLE,0.5017514228820801,50,0,6,1.4550999702659952,2.7048209275157706,0.8225489356817421,-0.8225489356817421,0.5646578631452581,0.39755102040816326,0.8335016657230998,0.8508560349040312,0.8737148588997973,4.046006417105026,4.028926389786314,0.6428667901411305,0.45628663739118586,2.2931962174360336,0.32050412106208626,1.173590533334205,1.6879164830405267,7.686334227228031,0.018108214104406883,4.977650177473426,0.1412436492667748,,,20,6
ihdp_disconnected_sweep,OutcomeModelTransport,15,1836892619,FEASIBLE,0.01955437660217285,50,0,6,1.2041061668391413,3.8492344942490284,0.32186463105151564,0.32186463105151564,0.25301320528211285,0.17061224489795918,0.9204552292812752,0.843975543880569,0.8300585877869077,4.468098766304248,3.9963462696226935,0.28632038780366686,0.4379572079083217,1.8415698715118085,0.09305958734907749,0.6319736311545125,1.095319081710036,7.699234762713677,0.005207678618760703,4.971134153440702,0.14775967329949857,,,20,6
ihdp_disconnected_sweep,AnchorPlugin,15,1836892619,FEASIBLE,2.3077149391174316,50,0,6,0.6902432622621331,3.5260376612398336,0.0013322019576791355,-0.0013322019576791355,0.8365426170468188,0.6522448979591837,0.9429703119994518,0.9801107973721624,0.9743010964523092,4.577392092167446,4.640966384980274,0.8418053871546745,0.9539636548619393,0.16365808870031676,0.6262625506483374,0.30578554502260136,0.8977574048711434,7.699234762713677,0.005207678618760703,5.100058176512218,0.018835650227982725,,,20,6
ihdp_disconnected_sweep,Glmtrans_OptionB,15,1836892619,FEASIBLE,9.821357011795044,50,0,6,1.2486695183932848,4.118802780974125,0.5914329177766122,0.5914329177766122,0.26540216086434576,0.19346938775510203,0.8338158690318757,0.8804391976076239,0.8597792912541136,4.047531631337778,4.169006943981701,0.30484834869796207,0.6629617385247037,0.7967612108825228,0.06419097151281827,0.6198608246260274,1.5306197287664443,7.699234762713677,0.005207678618760703,5.005666288312503,0.11322753842769728,,,20,6
ihdp_disconnected_sweep,ProxyOnly,12,128864815,FEASIBLE,2.7345187664031982,50,0,6,1.3626675882767085,3.672360667331507,0.4280848040583711,-0.4280848040583711,0.8211001466987774,0.6549612632585338,0.9751087191225151,0.953226101053457,0.9580893426569098,5.670015593401298,5.415919190236794,0.905222286108912,0.6194145536960737,1.825731827623716,0.8392932829936417,1.0170572060129972,2.4924934218758064,8.87867657702788,0.18455435469532588,5.956855057539958,0.05315080160453434,,,16,6
ihdp_disconnected_sweep,IPWTransport,12,128864815,FEASIBLE,0.25182342529296875,50,0,6,1.8491015854700033,5.496351764246588,1.3959062928567096,1.3959062928567096,0.8308002595494208,0.6402613845320331,0.9325076501387798,0.9655511257717064,0.9697994972194012,5.42230093277278,5.485945952846357,0.8808942011857539,1.0392810891259805,-1.611808976375822,0.5811932153696823,1.3959062928567108,2.6877575820865953,8.974116690882475,0.08911424084073083,5.97086041006187,0.039145449082622186,,,16,6
ihdp_disconnected_sweep,EntropyBalancing,12,128864815,FEASIBLE,0.15932798385620117,50,0,6,2.3055186036239554,5.868298263927751,1.767852792537873,1.767852792537873,0.7591538814644699,0.5602287114655289,0.96386529834263,0.9394638664772136,0.9519438847668029,5.604637887413305,5.337726670896792,0.7758589537751791,0.7110517769302088,-0.07221843673240916,0.4492445998209117,1.767852792537873,2.885192091078043,8.974116690882475,0.08911424084073083,5.941216553671958,0.06878930547253415,,,16,6
ihdp_disconnected_sweep,OutcomeModelTransport,12,128864815,FEASIBLE,0.037822723388671875,50,0,6,1.27012910368646,4.745540514663383,0.6450950432735052,0.6450950432735052,0.9023025765524316,0.7202940575985372,0.9828792167434044,0.9864111852042378,0.9848820576711574,5.7151991117258785,5.60446599343827,0.9285399180203301,1.5332532831087904,-3.175670102843536,0.7490178904755234,0.6450950432735061,2.474903325935381,8.974116690882475,0.08911424084073083,5.9945644181802535,0.015441440964238495,,,16,6
ihdp_disconnected_sweep,AnchorPlugin,12,128864815,FEASIBLE,2.405540704727173,50,0,6,0.8154917888589427,4.379949253598071,0.2795037822081934,0.2795037822081934,0.8573074986264269,0.6957942597210359,0.9636468176277077,0.9543220290032579,0.9796970667572901,5.603367476190255,5.422145894696401,0.9321195948333827,0.8335318358861039,0.4496183289503059,0.8671143273020437,0.4609551619423269,1.1812734625407586,9.048208942591588,0.01502198913161834,5.9581003984318786,0.05190546071261348,,,16,6
ihdp_disconnected_sweep,Glmtrans_OptionB,12,128864815,FEASIBLE,10.326922416687012,50,0,6,1.2872744881554712,4.785636849741895,0.6851913783520169,0.6851913783520169,0.9642968621473859,0.8574929257125442,1.0,0.9993451271846641,0.9868384080204575,5.8147522242480365,5.677952424936301,0.9738267415544124,1.9847325287275668,-5.3977636549701815,0.8770206071553748,0.6851913783520184,2.7988458329687553,8.974116690882475,0.08911424084073083,6.009261704479859,0.0007441546646331787,,,16,6
ihdp_disconnected_sweep,ProxyOnly,13,850419062,FEASIBLE,2.2470312118530273,50,0,6,20.099930750866896,19.04378355357132,4.130206143013858,-4.130206143013858,0.9649459783913565,0.8530612244897959,0.9883207184993983,0.9861159103725563,0.9973436463069816,60.084312766612584,56.904962139318876,0.9798559271143764,0.7199904409208124,9.462647579048836,0.932029115767729,10.615041346673053,49.39304457870509,80.07176646885246,0.8453003653817461,61.024619886066745,0.16023949847642172,,,13,6
ihdp_disconnected_sweep,IPWTransport,13,850419062,FEASIBLE,0.5084042549133301,50,0,6,25.835763758421187,37.338722554930015,14.164732858344838,14.164732858344838,0.9920288115246099,0.9346938775510204,0.9991388097591415,0.9992328198467162,1.0,60.741991561179475,57.661888611309315,0.9954925258874789,0.9908721037590544,-13.823908873093988,0.74798173566257,14.164732858344848,43.55516675559794,80.87924660332031,0.03782023091389419,61.17600518046483,0.008854204078339478,,,13,6
ihdp_disconnected_sweep,EntropyBalancing,13,850419062,FEASIBLE,0.39668726921081543,50,0,6,23.660454388214752,30.644352601267116,7.470362904681938,7.470362904681938,0.9836734693877551,0.9069387755102041,0.9991388097591415,0.9992328198467162,0.9941492536569809,60.741991561179475,57.661888611309315,0.9898978584953992,1.1391457176173758,-11.734393338305159,0.7388754176682419,9.774015142441929,46.50423943566649,80.8377417063919,0.07932512784230994,61.17600518046483,0.008854204078339478,,,13,6
ihdp_disconnected_sweep,OutcomeModelTransport,13,850419062,FEASIBLE,0.04082942008972168,50,0,6,27.53822440057594,39.63905047712729,16.465060780542114,16.465060780542114,0.9936614645858344,0.9428571428571428,0.9996986536709859,0.9992328198467162,1.0,60.77602690625533,57.661888611309315,0.9959061736412149,0.9326416349827704,-13.795039149567394,0.7407622894203882,16.465060780542125,47.63172378113155,80.79995706937108,0.1171097648631303,61.17600518046483,0.008854204078339478,,,13,6
ihdp_disconnected_sweep,AnchorPlugin,13,850419062,FEASIBLE,2.117722511291504,50,0,6,17.900202497331165,23.628376670918943,0.4543869743337652,0.4543869743337652,0.924609843937575,0.7959183673469388,0.9845485561580468,0.9940920537243553,0.982549143313567,59.854986620067436,57.36523474082312,0.9586002541491999,1.1238048955536364,-3.3796956801788745,0.8372583114995579,7.593004156539008,21.443693859170203,80.50099148589372,0.41607534834048465,61.11667440636759,0.06818497817557301,,,13,6
ihdp_disconnected_sweep,Glmtrans_OptionB,13,850419062,FEASIBLE,10.95334267616272,50,0,6,27.528675965917863,39.72422871536875,16.550239018783575,16.550239018783575,0.9937575030012005,0.9444897959183673,0.9996986536709859,0.9992328198467162,1.0,60.77602690625533,57.661888611309315,0.9961302495505109,0.9429390906248013,-14.28353840405626,0.7414157462880936,16.55023901878359,47.00023692897779,80.79995706937108,0.1171097648631303,61.17600518046483,0.008854204078339478,,,13,6
ihdp_disconnected_sweep,ProxyOnly,16,1479999430,FEASIBLE,3.1468896865844727,50,0,6,2.975880093320957,0.3199571019833908,2.1687237795044143,-2.1687237795044143,0.8571908763505401,0.6751020408163265,0.8548117849562905,0.8653321823237193,0.9366967842452818,5.869786281774781,5.449036464708535,0.8899881036788695,0.7191334070925217,2.2585890406150395,0.8064425541197042,2.266627382775402,4.098358603796441,11.40074652704157,0.4721840504501369,9.886886379102634,0.169601885641244,,,31,6
ihdp_disconnected_sweep,IPWTransport,16,1479999430,FEASIBLE,0.4443471431732178,50,0,6,2.5735573588973955,3.965773154215508,1.477092272727703,1.477092272727703,0.8526770708283313,0.6587755102040816,0.9432573111186274,0.9252268748161775,0.9375873541136442,6.477120370153761,5.826196092075561,0.8791823849815826,1.3277959034892275,-2.777056466847098,0.7043301255234449,1.5340836909971922,4.302779887690786,11.731660855632787,0.14126972185891873,9.96231830457604,0.09416996016783763,,,31,6
ihdp_disconnected_sweep,EntropyBalancing,16,1479999430,FEASIBLE,0.3414294719696045,50,0,6,2.798518074672781,1.1077340664276583,1.3809468150601467,-1.3809468150601467,0.8167587034813925,0.6261224489795918,0.916231076994346,0.9484937430759133,0.9536374630672104,6.291537741202463,5.972708629291518,0.8369327869645661,0.7662040752683401,1.6399305254773628,0.6046176758980004,1.4470401994067232,3.533113212959615,11.4710258551742,0.4019047223175054,9.991620812019232,0.06486745272464667,,,31,6
ihdp_disconnected_sweep,OutcomeModelTransport,16,1479999430,FEASIBLE,0.01748943328857422,50,0,6,2.8776650378167306,4.230011052022961,1.7413301705351563,1.7413301705351563,0.8424009603841536,0.6538775510204081,0.955395978870439,0.9407970361387298,0.9298966035574038,6.560473672836935,5.924242112483759,0.8472599039765465,1.3008632598394858,-3.0139850848038368,0.6337560382903213,1.7423685923965848,3.0475469590364206,11.357871956449756,0.5150586210419501,9.98192750865768,0.07456075608619805,,,31,6
ihdp_disconnected_sweep,AnchorPlugin,16,1479999430,FEASIBLE,1.2436573505401611,50,0,6,1.1641145778087534,2.1023888423829176,0.3862920391048874,-0.3862920391048874,0.9452581032412964,0.8057142857142857,0.9910331790029399,0.9744865519322574,0.9911646495723083,6.805185727747727,6.136386539545678,0.9571717664744848,0.9633319826958857,0.46338246955736073,0.9093809754819623,0.5975120453503658,1.3691263355192913,11.78799763093147,0.08493294656023664,10.024356394070063,0.0321318706738154,,,31,6
ihdp_disconnected_sweep,Glmtrans_OptionB,16,1479999430,FEASIBLE,8.482114791870117,50,0,6,2.3679134329415485,3.5614661414859796,1.0727852599981746,1.0727852599981746,0.8940696278511404,0.7289795918367348,0.9380143951801354,0.9740393086991467,0.9706610065234456,6.441118531393627,6.133570228381485,0.9161149487891879,1.6034661764073446,-3.222009614804938,0.7692340135754172,1.0975414667481729,4.639687693133495,11.659548866831766,0.21338171065993983,10.023793131837225,0.03269513290665316,,,31,6
ihdp_disconnected_sweep,ProxyOnly,17,1674468256,FEASIBLE,2.7924985885620117,50,0,6,0.9963689839527428,4.028042124378104,0.038788101468739455,-0.038788101468739455,0.12691476590636253,0.09061224489795917,0.98537186879864,0.9859616869785823,0.9864589085094061,4.1055605096670735,4.1060447271585385,0.13854004909639636,0.01270571313390842,4.015651078123196,0.01149585019438415,0.7721030904718567,1.7917950180775821,5.391335152168904,0.0,2.1457138717537676,0.011692531651291915,,,7,6
ihdp_disconnected_sweep,IPWTransport,17,1674468256,FEASIBLE,0.5427281856536865,50,0,6,1.2249306531652142,4.842451504055775,0.7756212782089316,0.7756212782089316,0.1997118847539016,0.12489795918367345,0.979835848144823,0.984837926833601,0.9857101712540499,4.082494631193475,4.101364819735329,0.4192003994920435,0.03982358655153501,3.873986439253469,0.10828310033279065,0.958161690870154,2.8141903388164398,5.391335152168904,0.0,2.144777890269126,0.012628513135933606,,,7,6
ihdp_disconnected_sweep,EntropyBalancing,17,1674468256,FEASIBLE,0.647407054901123,50,0,6,1.4996345300625953,4.469741543839719,0.40291131799287516,0.40291131799287516,0.21085234093637453,0.14448979591836733,0.9824279717921733,0.9846530512805515,0.9878683916336728,4.0932947370415445,4.100594904129271,0.39211385744134614,0.023983726663150972,3.9596291664044596,0.08893421674431512,1.17055370795814,3.052071054098171,5.391335152168904,0.0,2.1446239071479143,0.012782496257145226,,,7,6
ihdp_disconnected_sweep,OutcomeModelTransport,17,1674468256,FEASIBLE,0.02349567413330078,50,0,6,0.7068168710482409,4.458111545462141,0.3912813196152971,0.3912813196152971,0.13056422569027612,0.07918367346938775,0.9836240007417267,0.9824721441696328,0.9844579779040176,4.0982780021206375,4.091512500358946,0.37677674766176683,0.05047278663173784,3.841816913032246,0.06689551845476904,0.47834271859587274,1.6574084851137467,5.391335152168904,0.0,2.1428074263938495,0.014598977011210046,,,7,6
ihdp_disconnected_sweep,AnchorPlugin,17,1674468256,FEASIBLE,1.16685152053833,50,0,6,0.5224487465705769,3.9320410139806756,0.1347892118661682,-0.1347892118661682,0.21623049219687873,0.14938775510204083,0.9865569051967663,0.9810109901498524,0.984447425080726,4.110497974184502,4.085427513652342,0.2717818562649857,0.054454685262166624,3.852712169992595,0.05688903479725593,0.40090029273060246,1.0800442551769196,5.391335152168904,0.0,2.141590429052528,0.01581597435253146,,,7,6
ihdp_disconnected_sweep,Glmtrans_OptionB,17,1674468256,FEASIBLE,9.422283411026001,50,0,6,0.193225631426546,3.9055552512543095,0.16127497459253437,-0.16127497459253437,0.3196317764805427,0.2510586629239122,0.9890224403043877,0.9911095208437467,0.986048022689298,4.120770647774615,4.127482919308905,0.5298928768272412,0.6881719236527247,1.3791367556591665,0.2460899778528466,0.161546641053253,0.20255179660946654,5.391335152168904,0.0,2.1500015101838406,0.0074048932212189555,,,7,6
ihdp_disconnected_sweep,ProxyOnly,18,1027556135,FEASIBLE,2.4334702491760254,50,0,6,4.232663957649863,6.592868605291649,2.1714718064520406,2.1714718064520406,0.6440938544039196,0.5049115051826691,0.8082221866752577,0.7825128169188476,0.7511492472828459,8.474588832347559,7.5233132504421105,0.6574837126938002,0.6280791472708194,0.2805535071594722,0.4819423612393503,2.5265076600018825,5.430364259796237,21.706557383991385,0.30480381060840855,18.60716585563081,0.41819742013131744,,,36,6
ihdp_disconnected_sweep,IPWTransport,18,1027556135,FEASIBLE,0.13889002799987793,50,0,6,1.3826280612983788,3.6971938475029575,0.7242029513366508,-0.7242029513366508,0.9731767781512657,0.8698880551202225,0.9839824499384229,0.9653841794708047,0.9920250053119075,10.317517656595443,9.28149345563129,0.9783364223700511,0.8933558348435073,1.1184871026253242,0.9412111991641717,0.8512795259215948,1.9376730822490815,21.98099021148831,0.030370983111481564,18.958801896668646,0.06656137909348203,,,36,6
ihdp_disconnected_sweep,EntropyBalancing,18,1027556135,FEASIBLE,0.117889404296875,50,0,6,1.6762028534677675,4.069763905958692,0.35163289288091626,-0.35163289288091626,0.9550704935259374,0.8322447338262147,1.0,0.939147992206689,0.9688300979932541,10.485469184172043,9.029250871206411,0.9678273236361652,0.7822501454347226,1.237823391518437,0.932448728178408,0.963922141600072,3.0611629676053083,21.97809205052563,0.033269144074164814,18.90835337978367,0.1170098959784589,,,36,6
ihdp_disconnected_sweep,OutcomeModelTransport,18,1027556135,FEASIBLE,0.013362407684326172,50,0,6,1.5297871432453194,3.55972344956364,0.8616733492759683,-0.8616733492759683,0.9670773135692585,0.8584313921176984,0.9874048274649363,0.9754290465577389,0.9801344463710604,10.353402890686302,9.378067824791941,0.9735800910135268,0.9941461163921708,0.8825115560257737,0.9168701465553946,0.9481071522571215,1.7246020370110005,21.98099021148831,0.030370983111481564,18.978116770500776,0.04724650526135221,,,36,6
ihdp_disconnected_sweep,AnchorPlugin,18,1027556135,FEASIBLE,1.7169933319091797,50,0,6,1.3636886259020111,4.830997649538353,0.4096008506987445,0.4096008506987445,0.9567994756121757,0.8306080676829969,1.0,0.9953635078415544,0.9933351513509237,10.485469184172043,9.569723722911892,0.9670282392219427,0.9232109771367977,-0.03863326173626728,0.9182932468384313,0.5375859318398549,1.713733794733652,21.926362317795046,0.08499887680474671,19.016447950124768,0.008915325637360638,,,36,6
ihdp_disconnected_sweep,Glmtrans_OptionB,18,1027556135,FEASIBLE,9.191571474075317,50,0,6,1.5246617918120133,3.5226248410586765,0.8987719577809319,-0.8987719577809319,0.9657325497244066,0.8600680582609161,0.9874048274649363,0.9656780975194382,0.9758205014837625,10.353402890686302,9.284319272029462,0.9744153609391181,1.0520210311020188,0.7155213813634754,0.9233101350827965,0.9015302176500334,1.8267947316181505,21.94759413603593,0.06376705856386167,18.95936705994828,0.06599621581384696,,,36,6
ihdp_disconnected_sweep,ProxyOnly,19,209410439,FEASIBLE,1.775749921798706,50,0,6,1.6454395716184387,5.785483418180637,0.049572795962238736,-0.049572795962238736,0.7172629051620648,0.5461224489795918,0.8687161260730616,0.9301802250773049,0.9364760394277153,7.074863049462619,7.4321031572120635,0.7975325057437033,0.669986834728301,1.9588584914229592,0.7155952598128753,0.9949141179026997,2.8434053905496883,11.38218604713893,0.0,6.927392549866739,0.1115714472634961,,,40,6
ihdp_disconnected_sweep,IPWTransport,19,209410439,FEASIBLE,0.36593079566955566,50,0,6,1.9449182113963694,4.902362025209612,0.9326941889332634,-0.9326941889332634,0.8734213685474188,0.7012244897959184,0.9708676237768418,0.9721789642692873,0.9649507152469907,7.906789423177659,7.76767141993418,0.9005206560022929,0.6500909196123686,2.6480751769016058,0.7135034591642228,1.4633206953156328,2.7000259242746645,11.333073103964532,0.04911294317439818,6.994506202411162,0.044457794719073185,,,40,6
ihdp_disconnected_sweep,EntropyBalancing,19,209410439,FEASIBLE,0.05944347381591797,50,0,6,2.5830202814468373,5.768425543610395,0.06663067053248106,-0.06663067053248106,0.7943817527010805,0.6016326530612245,0.9495448594842929,0.9714105723788203,0.9627953947663018,7.733135875513382,7.7615319991626395,0.8332104141405546,0.47615045488055435,3.088417767608179,0.6130426831847438,1.8970053563510973,4.105644040175365,11.112445610605361,0.26974043653356894,6.993278318256853,0.04568567887338215,,,40,6
ihdp_disconnected_sweep,OutcomeModelTransport,19,209410439,FEASIBLE,0.014200210571289062,50,0,6,1.8562124401983044,4.7306567171717635,1.1043994969711122,-1.1043994969711122,0.9102040816326531,0.7371428571428572,0.9965406261734029,0.9702972941913445,0.9787130159920695,8.115871504852887,7.7526369505377275,0.9330720438854153,0.7024095428916076,2.5121977918571456,0.7594294480298828,1.5004423773916973,2.5478395590506233,11.333073103964532,0.04911294317439818,6.99149930853187,0.047464688598364724,,,40,6
ihdp_disconnected_sweep,AnchorPlugin,19,209410439,FEASIBLE,1.1971373558044434,50,0,6,0.9639700695746268,5.7346736633817965,0.10038255076107916,-0.10038255076107916,0.8840816326530612,0.7044897959183674,0.9476493368669854,0.9747480844376073,0.9829793133420173,7.71769865439809,7.788198588325275,0.914218351680991,0.8816284690951591,0.7792046515352566,0.8598646351450583,0.4645868322517023,1.1490078553987981,11.38218604713893,0.0,6.99861163608938,0.04035236104085538,,,40,6
ihdp_disconnected_sweep,Glmtrans_OptionB,19,209410439,FEASIBLE,9.565256118774414,50,0,6,1.563784440543944,5.101797032879769,0.7332591812631071,-0.7332591812631071,0.9365186074429772,0.7828571428571428,0.9965406261734029,0.9790936694209094,0.9811859205543942,8.115871504852887,7.822919640228575,0.9507111633413006,0.7327199422610172,2.096867786783784,0.780877492577979,1.1871869220799671,2.3340993222626185,11.361277117053357,0.020908930085573374,7.00555584647004,0.03340815066019509,,,40,6
ihdp_disconnected_sweep,ProxyOnly,21,266137685,FEASIBLE,2.5026509761810303,50,0,6,3.7531115676663576,3.9768849607943877,1.2903053727030418,1.2903053727030418,0.8044768266839947,0.6346928018829222,0.7632501262018602,0.8664577460415838,0.8873280778289608,8.241243324128636,8.06260890462575,0.8276570633692979,0.7279714076964118,-0.2084789550648331,0.7752285224753701,2.049926195794838,5.1144760610628675,22.942377287432755,0.1321211210180131,20.534398846728156,0.24852890307180786,,,36,6
ihdp_disconnected_sweep,IPWTransport,21,266137685,FEASIBLE,0.33916640281677246,50,0,6,1.8532895505865257,3.1461861601538716,0.45960657206252575,0.45960657206252575,0.9686577314849198,0.8593773338156363,1.0,0.9722918351120898,0.9741975437764984,10.797565622608278,9.04742192390005,0.9795185672867186,1.1496043157371025,-0.9302895997338896,0.9293134253196085,0.6949685794448454,3.3773760440367093,23.033973178679926,0.04052522977084294,20.731361450583016,0.05156629921694744,,,36,6
ihdp_disconnected_sweep,EntropyBalancing,21,266137685,FEASIBLE,0.4484422206878662,50,0,6,1.7630355704312177,3.204368704326659,0.517789116235313,0.517789116235313,0.9600115750003771,0.8380569037782255,1.0,0.9767908150646128,0.9674983344295482,10.797565622608278,9.089286072489708,0.9712256050222734,1.0401203499639724,-0.6463495100664983,0.9252274524044026,0.698061642353486,2.2673636686673344,23.004586842977783,0.06991156547298516,20.73973428030095,0.04319346949901259,,,36,6
ihdp_disconnected_sweep,OutcomeModelTransport,21,266137685,FEASIBLE,0.012616157531738281,50,0,6,2.053839784284747,3.273276486905361,0.5866968988140151,0.5866968988140151,0.9739414937810292,0.8806977638530472,1.0,0.974561425979264,0.9979486287481377,10.797565622608278,9.068541042078788,0.9828903624973565,1.1736162171694433,-1.1549907802202093,0.9161816211871783,0.8459971854012776,4.308721426369003,23.033973178679926,0.04052522977084294,20.735585274218764,0.04734247558119975,,,36,6
ihdp_disconnected_sweep,AnchorPlugin,21,266137685,FEASIBLE,2.5056374073028564,50,0,6,1.4956639777881005,3.1453065319199873,0.45872694382864143,0.45872694382864143,0.9599155065949934,0.8675774992146406,0.9610972623177768,0.9977304091328256,0.99330079065305,10.377510759585357,9.284134301806038,0.9756362209363377,0.9161052222936745,-0.19485215151496094,0.9536626074900656,0.8592574543662529,1.6177219612170646,23.019603230022135,0.054895178428633784,20.778703926164216,0.004223823635747692,,,36,6
ihdp_disconnected_sweep,Glmtrans_OptionB,21,266137685,FEASIBLE,12.191904306411743,50,0,6,1.9972977595824375,2.836329605395207,0.14975001730386106,0.14975001730386106,0.9784086746313762,0.8970980946510556,1.0,0.974561425979264,0.9979486287481377,10.797565622608278,9.068541042078788,0.9865841047628059,1.230371967069003,-0.8031608477548049,0.9261132740066482,0.9043188582102252,4.209883550453165,23.033973178679926,0.04052522977084294,20.735585274218764,0.04734247558119975,,,36,6
ihdp_disconnected_sweep,ProxyOnly,20,1686547040,FEASIBLE,2.574753522872925,50,0,6,1.2069666279503446,3.2390277436567327,0.4549892673604212,-0.4549892673604212,0.6167847325040627,0.4488967572294946,0.8849359680134625,0.8704715342973213,0.9075135253641445,4.559929804301578,4.338525096851977,0.6657320870304886,0.48449925396073035,2.1247104856573586,0.46708922097119376,0.7999206954768786,1.6203723824885552,7.831199582218549,0.04674761827943108,5.051635208851223,0.1291168009672914,,,41,6
ihdp_disconnected_sweep,IPWTransport,20,1686547040,FEASIBLE,0.6620738506317139,50,0,6,1.0160343758754362,4.436972363258643,0.7429553522414887,0.7429553522414887,0.7720014463133853,0.5928053715690047,0.9864962704745811,0.9730593976650983,0.9702214753033026,5.083253374441844,4.849834200386084,0.8003308155641229,0.8743896357050376,-0.1856256373258915,0.604413104253154,0.7429553522414889,0.968806828711533,7.87794720049798,0.0,5.153897029558043,0.026854980260471173,,,41,6
ihdp_disconnected_sweep,EntropyBalancing,20,1686547040,FEASIBLE,0.7398858070373535,50,0,6,1.6848566501841096,4.988651403412097,1.2946343923949426,1.2946343923949426,0.6415656187434223,0.4668853340219334,0.9234144041415422,0.9295544475754592,0.9005426637610555,4.758202870450332,4.633000782675813,0.6669299776523783,0.5036709592411008,1.181378173341119,0.42488598934909927,1.321243933612084,2.5337233532816406,7.87794720049798,0.0,5.110530346015989,0.07022166380252504,,,41,6
ihdp_disconnected_sweep,OutcomeModelTransport,20,1686547040,FEASIBLE,0.036913394927978516,50,0,6,1.0361987710380032,3.921472205240132,0.2274551942229781,0.2274551942229781,0.4180093678825323,0.28045826544574987,0.7701582993324525,0.7859017086907479,0.8621466323500248,3.9684993153118624,3.9170198593180507,0.43219743496742274,0.6225582081566323,1.2526723015868177,0.20842900804726383,0.5006481040861026,1.212833289875714,7.87794720049798,0.0,4.967334161344437,0.2134178484740774,,,41,6
ihdp_disconnected_sweep,AnchorPlugin,20,1686547040,FEASIBLE,2.638312339782715,50,0,6,0.6660021147113429,3.598817436452876,0.09519957456427797,-0.09519957456427797,0.8304958638318738,0.643500451620423,0.9289348184256427,0.9443417759409276,0.9748757587732534,4.786648659226068,4.706702440571799,0.8234258048108953,0.9747694597616969,0.18599968270500947,0.6313110685904677,0.2769715658125644,0.5718796367231818,7.87794720049798,0.0,5.125270677595187,0.055481332223327406,,,41,6
ihdp_disconnected_sweep,Glmtrans_OptionB,20,1686547040,FEASIBLE,12.629067420959473,50,0,6,0.9399229728331129,4.187290039010573,0.49327302799341943,0.49327302799341943,0.7587349634269852,0.5777416009753329,0.9713911686473304,0.9615019095517643,0.968987760687356,5.0054192638296255,4.79223041868776,0.7663962403591066,1.7405973757764226,-3.594369042499403,0.5570367584309303,0.4932730279934196,1.691662202651668,7.87794720049798,0.0,5.142376273218378,0.038375736600135824,,,41,6
ihdp_disconnected_sweep,ProxyOnly,24,1712251945,FEASIBLE,3.187946081161499,50,0,6,2.7939663058836857,0.3408482314744461,2.1216074202988793,-2.1216074202988793,0.9630307021780508,0.8643328847015391,0.9734027115300122,1.0,0.9891688834224189,8.025661633988545,7.684106629667314,0.9759562437469165,0.7519471592992248,2.2061557923639508,0.9516974190819586,2.1988860262633754,5.18802390866133,16.74104345457404,0.06312898419672663,14.809611145481542,0.0,,,46,6
ihdp_disconnected_sweep,IPWTransport,24,1712251945,FEASIBLE,0.3031480312347412,50,0,6,1.887280501544631,3.195625017962397,0.7331693661890717,0.7331693661890717,0.9207524772882186,0.7738698805938614,0.9828230982402665,0.956534632139055,0.9746957647254534,8.103332299276692,7.350114108326098,0.9456887842134424,1.0673469425375623,-0.9483849406453806,0.864474320645477,0.9468617803053037,2.925882425865069,16.73254960595083,0.07162283281993709,14.742812641213298,0.06679850426824352,,,46,6
ihdp_disconnected_sweep,EntropyBalancing,24,1712251945,FEASIBLE,0.5937883853912354,50,0,6,1.850431784129509,2.8700097730204557,0.4075541212471303,0.4075541212471303,0.9189268266679759,0.7623564073437934,0.9828230982402665,0.9434415567188031,0.9420888128294101,8.103332299276692,7.249505520686606,0.9422506953523304,1.0226799502861774,-0.47264580022007674,0.8507120507118566,0.9184644891596246,2.488028884169611,16.746985116265385,0.05718732250538139,14.7226909236854,0.08692022179614156,,,46,6
ihdp_disconnected_sweep,OutcomeModelTransport,24,1712251945,FEASIBLE,0.022666215896606445,50,0,6,2.258104776280315,3.6906470829855236,1.2281914312121982,1.2281914312121982,0.9667780902932858,0.8593985390229386,0.9967315937350283,0.9960248772823954,0.9766732323491616,8.218007219899585,7.653561362839227,0.9785740442556367,1.4225533329282891,-2.787686656789796,0.9158154009319319,1.2281914312121982,5.762477178354485,16.676675176958348,0.12749726181241883,14.803502092115924,0.006109053365618067,,,46,6
ihdp_disconnected_sweep,AnchorPlugin,24,1712251945,FEASIBLE,2.4818148612976074,50,0,6,1.303910796337447,2.294424290234746,0.16803136153857956,-0.16803136153857956,0.959187227188066,0.854464193344338,0.9828230982402667,0.9940698723522028,1.0000000000000002,8.103332299276694,7.638538896494102,0.9740855205126153,0.9792783788800472,0.2155755523692418,0.9235867873201895,0.7286157437783397,1.676701897120424,16.67802429108567,0.12614814768509675,14.800497598846897,0.009113546634644365,,,46,6
ihdp_disconnected_sweep,Glmtrans_OptionB,24,1712251945,FEASIBLE,9.231269836425781,50,0,6,2.399536528799108,3.281160927923184,0.8187052761498586,0.8187052761498586,0.9697567834105241,0.8692672303801398,0.9873112070247737,0.9829318018621437,0.9804331256706607,8.140336554611434,7.552952775199737,0.9781769500237277,1.6595645400541401,-2.9828426744191274,0.909957345016084,1.3370427894464694,6.1540964963315705,16.676675176958348,0.12749726181241883,14.783380374588026,0.02623077089351611,,,46,6
ihdp_disconnected_sweep,ProxyOnly,22,1952207377,FEASIBLE,3.306220054626465,50,0,6,20.063484228944212,42.44709467262949,15.669316388248628,15.669316388248628,0.6383193277310925,0.5265306122448979,0.5790634889714947,0.7168276464512372,0.8252588723261062,31.62324674273354,36.82264976643471,0.7373874646858595,1.0200261208613381,-16.51936703637537,0.7382103426049291,15.669316388248637,30.922700251416355,67.15358238194158,0.44733881630916983,44.94418222946785,2.909250626669987,,,28,6
ihdp_disconnected_sweep,IPWTransport,22,1952207377,FEASIBLE,0.345674991607666,50,0,6,19.898230627295387,15.488930338746622,11.28884794563424,-11.28884794563424,0.9061704681872749,0.7648979591836735,1.0,0.9934162297804264,0.9947572155240877,54.611018213048204,51.030701846660804,0.939988535339891,0.661174534914663,16.536891971334445,0.7483826492095067,15.887670378217033,24.98815114198552,63.50180783021031,4.099113368040435,47.78579264551308,0.06764021062475933,,,28,6
ihdp_disconnected_sweep,EntropyBalancing,22,1952207377,FEASIBLE,0.09212040901184082,50,0,6,20.87723587194988,12.850767994259968,13.927010290120894,-13.927010290120894,0.8669867947178871,0.7077551020408164,1.0,0.9934162297804264,0.9884800889901437,54.611018213048204,51.030701846660804,0.8867260234402075,0.7554852463913506,17.06921265991928,0.6660166801195733,15.695574946827092,27.1704010575629,61.88040200063313,5.720519197617612,47.78579264551308,0.06764021062475933,,,28,6
ihdp_disconnected_sweep,OutcomeModelTransport,22,1952207377,FEASIBLE,0.012978076934814453,50,0,6,19.18185259024796,18.028910455403913,8.748867828976948,-8.748867828976948,0.9569747899159663,0.8383673469387755,0.9981872238703815,0.9934162297804264,0.9891872315498069,54.51202066281743,51.030701846660804,0.9736727865648008,0.6365977210750758,15.300614975004116,0.7619085088103223,15.4156082458445,30.66823762218244,64.37185447273039,3.2290667255203545,47.78579264551308,0.06764021062475933,,,28,6
ihdp_disconnected_sweep,AnchorPlugin,22,1952207377,FEASIBLE,2.410210132598877,50,0,6,14.298267450003074,27.56520797288015,0.7874296884992873,0.7874296884992873,0.9142376950780312,0.7616326530612245,0.9422379613033433,0.9644601696433237,0.9829700874240306,51.45657446576229,49.543260805117654,0.9188307439358087,0.7751520682722163,5.410550311849004,0.7204211992920541,5.796728174239267,12.823916441607288,66.22424650750173,1.376674690749013,47.48830443720444,0.365128418933395,,,28,6
ihdp_disconnected_sweep,Glmtrans_OptionB,22,1952207377,FEASIBLE,11.136152744293213,50,0,6,18.812626992881516,18.641584677288137,8.136193607092725,-8.136193607092725,0.9590876350540215,0.8416326530612245,0.9981872238703815,0.9934162297804264,0.9891872315498069,54.51202066281743,51.030701846660804,0.9753241130522081,0.6399331887060626,14.848409559309776,0.760557924763564,14.922088142503398,30.624143054927508,64.37185447273039,3.2290667255203545,47.78579264551308,0.06764021062475933,,,28,6
ihdp_disconnected_sweep,ProxyOnly,23,1451318132,FEASIBLE,3.2421164512634277,50,0,6,1.9765558315896066,2.7659104804064403,1.325103196797643,-1.325103196797643,0.8983168866187513,0.7333606164665378,0.9445498716416842,0.9829338509241508,0.9679282421541772,7.015188768497184,6.962140347039984,0.9377429713862652,0.7438451124136367,2.0336046849800966,0.8804852592066399,1.6234611150482514,3.073760601588541,10.79975592309517,0.15332794772573877,7.937141257650792,0.024175975817264828,,,33,6
ihdp_disconnected_sweep,IPWTransport,23,1451318132,FEASIBLE,0.13624358177185059,50,0,6,2.2488285499178704,5.347664662829917,1.2566509856258339,1.2566509856258339,0.9296261617604323,0.7888934916555407,0.9668625911563762,0.99051846752254,0.9530963643232541,7.180905734888848,7.015862339813788,0.9472631397811322,0.8409142837044383,-0.40591392223107287,0.6615735855096563,1.296483389967575,4.056350657690043,10.830135795429184,0.12294807539172403,7.947885656205552,0.013431577262504213,,,33,6
ihdp_disconnected_sweep,EntropyBalancing,23,1451318132,FEASIBLE,0.3453691005706787,50,0,6,2.3061318107257955,5.538948244741623,1.4479345675375397,1.4479345675375397,0.9292900192359049,0.7823602122215404,0.9827658196232205,0.99051846752254,0.9564903160903017,7.299019296780022,7.015862339813788,0.9399848082943449,0.9417902761313635,-1.1255139196884607,0.6671312039415135,1.4479345675375401,3.5198716333430156,10.77581225732514,0.17727161349576903,7.947885656205552,0.013431577262504213,,,33,6
ihdp_disconnected_sweep,OutcomeModelTransport,23,1451318132,FEASIBLE,0.021394968032836914,50,0,6,2.146742216362026,5.475027238313913,1.38401356110983,1.38401356110983,0.9580061949026615,0.834626447693543,0.9997776038432463,0.9842339495570169,0.9941340941262647,7.425366122051409,6.971348971952534,0.9661276770416335,0.9277618770907239,-0.988507870536877,0.7240177212812009,1.384013561109831,3.518216417747345,10.77581225732514,0.17727161349576903,7.938982982633302,0.0223342508347546,,,33,6
ihdp_disconnected_sweep,AnchorPlugin,23,1451318132,FEASIBLE,2.4792659282684326,50,0,6,0.9304290891047183,3.9753151481837796,0.11569852902030364,-0.11569852902030364,0.9606473147382327,0.8264598484010427,0.9872700624729177,0.985738050674985,0.9912851643543803,7.332472388880771,6.982002550593241,0.9761269372631363,0.9543472372589169,0.29718264830136987,0.9133550331002781,0.4552418366270315,0.9008593445033268,10.953083870820908,0.0,7.941113698361443,0.020203535106613657,,,33,6
ihdp_disconnected_sweep,Glmtrans_OptionB,23,1451318132,FEASIBLE,10.798468351364136,50,0,6,1.8528770819454334,4.994550569034124,0.9035368918300408,0.9035368918300408,0.9579581745420147,0.8297264881180428,0.9997776038432463,0.9842339495570169,0.9916466901104407,7.425366122051409,6.971348971952534,0.9680962845503562,0.9654974012718622,-0.7312119177192675,0.7284953923197709,0.9035368918300413,3.1711743219623925,10.744524216308243,0.20855965451266556,7.938982982633302,0.0223342508347546,,,33,6
ihdp_disconnected_sweep,ProxyOnly,25,1146069621,FEASIBLE,3.4369943141937256,50,0,6,1.4581454991206122,3.9993350171157402,0.19826082934092515,-0.19826082934092515,0.7301633255705362,0.5407656584091812,0.972572146545299,0.9847157632449949,0.9848607549824913,5.011904293321867,5.034587936132229,0.7391708758744551,0.3778575143833171,2.68641705770315,0.46138613126773964,1.082173636997638,2.2965730500341834,7.159152752053794,0.047459647335618804,4.015934140159194,0.015628841712893582,,,22,6
ihdp_disconnected_sweep,IPWTransport,25,1146069621,FEASIBLE,0.25759387016296387,50,0,6,1.2343434763489984,4.2776108051216,0.08001495866493435,0.08001495866493435,0.7322286474360495,0.5407656584091812,0.9563962722140446,0.9390842834554308,0.9582879673348506,4.928546020830693,4.801286402602047,0.7618887437217499,0.44472001177616566,2.295256718829134,0.5383344997290782,0.8842740250698885,1.8861810942085802,7.196727049755021,0.009885349634392249,3.969273833453158,0.06228914841892985,,,22,6
ihdp_disconnected_sweep,EntropyBalancing,25,1146069621,FEASIBLE,0.26276731491088867,50,0,6,1.4271836826306077,4.6145094902553385,0.41691364379867313,0.41691364379867313,0.6688280692388971,0.49160514400834665,0.9490508839300262,0.9246162518384758,0.9582879673348507,4.89069342222651,4.727315232283553,0.7025985830479096,0.396850448768163,2.3663256844038867,0.45611842276988757,1.0167233486043927,2.4124418252732687,7.196727049755021,0.009885349634392249,3.9544795993894595,0.07708338248262825,,,22,6
ihdp_disconnected_sweep,OutcomeModelTransport,25,1146069621,FEASIBLE,0.03804183006286621,50,0,6,0.8429819710626657,4.412695100043365,0.21509925358669957,0.21509925358669957,0.8817483443510001,0.7226595616922695,0.9995063818415222,0.9746201361551025,0.9783618266015937,5.150703054933528,4.982971698988865,0.9115435960294669,0.5989463906401963,1.5546280432900121,0.7801248831090377,0.6286457699799817,1.3757428675446155,7.206612399389413,0.0,4.005610892730521,0.025952089141566326,,,22,6
ihdp_disconnected_sweep,AnchorPlugin,25,1146069621,FEASIBLE,2.415386915206909,50,0,6,0.6070751218400883,4.1712237346012735,0.0263721118553919,-0.0263721118553919,0.8474063644942094,0.6718603634780737,0.9945413315980559,0.9897802720697292,0.9836782956418514,5.125116925698612,5.060481413197548,0.8978683943978094,0.7085361739124807,1.2421329410093502,0.8240282838385065,0.40482664255344825,0.8199936277768805,7.196727049755021,0.009885349634392249,4.021112835572257,0.010450146299830543,,,22,6
ihdp_disconnected_sweep,Glmtrans_OptionB,25,1146069621,FEASIBLE,8.608446836471558,50,0,6,0.5165357481121737,4.491538003923142,0.2939421574664767,0.2939421574664767,0.9688986201216786,0.8716723067051712,1.0,0.9978367655632334,0.9958023085642463,5.153246791124745,5.101672106455327,0.9736479556352208,0.8552664631811727,0.35613402359749435,0.8702294714163675,0.35370919884888646,0.9609933322702746,7.206612399389413,0.0,4.029350974223814,0.002212007648274117,,,22,6
ihdp_disconnected_sweep,ProxyOnly,26,239902813,FEASIBLE,2.9016969203948975,50,0,6,1.4405971500126018,3.029011770846381,0.7072270772474263,-0.7072270772474263,0.6576542579367455,0.49643056371920247,0.9682792631414834,0.954675160314581,0.963761616657625,4.135817244691424,4.071126457300785,0.7626451042212239,0.27158326585341014,2.913609939058925,0.6577185317452703,1.0503502551972026,3.076798273829753,6.243301686199512,0.14145541889637592,3.462743548462238,0.038656741410433515,,,14,6
ihdp_disconnected_sweep,IPWTransport,26,239902813,FEASIBLE,0.31734132766723633,50,0,6,1.0247656447236364,4.19672826080919,0.46048941271538224,0.46048941271538224,0.7229697326821737,0.5356673436695174,0.9927099131917524,0.9867837853457165,0.978836441574525,4.240168032344469,4.208050804246957,0.7148442387709681,0.2892935308031854,2.522152511702804,0.3375313192331536,0.7785674032698334,1.6220569877950375,6.384757105095888,0.0,3.490128417851472,0.011271872021199503,,,14,6
ihdp_disconnected_sweep,EntropyBalancing,26,239902813,FEASIBLE,0.2653787136077881,50,0,6,1.118476392117463,4.197339961014282,0.4611011129204745,0.4611011129204745,0.6607023134248654,0.48107704112994876,0.9927099131917524,0.980495521641225,0.9759870182658686,4.240168032344469,4.181235068589392,0.6476798895891471,0.2629676663801673,2.6324741535416583,0.3420249332085381,0.8896702859741897,1.7838386143164406,6.384757105095888,0.0,3.4847652707199597,0.016635019152711816,,,14,6
ihdp_disconnected_sweep,OutcomeModelTransport,26,239902813,FEASIBLE,0.011630773544311523,50,0,6,0.4792504208997054,3.866911225649884,0.13067237755607675,0.13067237755607675,0.831538566259019,0.66190741829227,0.9886488438297014,0.9902476072296005,0.9800969017368945,4.2228219614961,4.2228219614961,0.855531681718507,0.5907147393907171,1.4519973911869937,0.6061755487695923,0.251622036118835,0.891008344088676,6.384757105095888,0.0,3.4930826493013005,0.008317640571370966,,,14,6
ihdp_disconnected_sweep,AnchorPlugin,26,239902813,FEASIBLE,2.3062946796417236,50,0,6,0.6219391982393301,3.5000151611460346,0.23622368694777274,-0.23622368694777274,0.841263314721116,0.6806728347902467,0.984417266011383,0.9881283968367758,0.9897643501766064,4.204747596816974,4.213784779156536,0.8768787949898377,0.4889764594555908,2.0248138265557296,0.7180210069310501,0.40660251902183975,1.1193505833530066,6.384757105095888,0.0,3.491275212833388,0.010125077039283337,,,14,6
ihdp_disconnected_sweep,Glmtrans_OptionB,26,239902813,FEASIBLE,9.001602172851562,50,0,6,0.34951867174949197,3.924827665408999,0.18858881731519173,0.18858881731519173,0.885731913864932,0.7483273115004735,0.9736102460791243,0.9847499670473068,0.9850781680472543,4.158587505301074,4.199377768822772,0.9203638455257782,0.9595401294211424,-0.029790797928424626,0.7223442500071604,0.20860346790152393,0.6292726886108615,6.384757105095888,0.0,3.4883938107666346,0.013006479106036917,,,14,6
ihdp_disconnected_sweep,ProxyOnly,27,1428023877,FEASIBLE,2.8232500553131104,50,0,6,19.486001076308284,47.126284598698454,15.59908794177447,15.59908794177447,0.8423049219687874,0.6653061224489796,0.9767104875000107,0.9867061610760989,0.9880142450454594,55.3816213356407,54.24963079460023,0.8605484676390225,1.2926129701132325,-29.388850048601135,0.7226060255346081,15.59908794177448,22.126161239056287,64.18430850618118,1.3561410116335253,43.50703800817724,0.14618047031915893,,,28,6
ihdp_disconnected_sweep,IPWTransport,27,1428023877,FEASIBLE,0.5431070327758789,50,0,6,20.780178571962857,28.331653323800207,3.1955433331237764,-3.1955433331237764,0.9109723889555822,0.769795918367347,1.0,0.9996274519587954,0.9738028990650076,56.702187643541706,54.96005025626797,0.9247393957581767,0.5049867989048565,17.22008573725599,0.714389704601107,15.94346501775123,41.13704477171001,64.43134526175412,1.10910425606059,43.64912190051079,0.0040965779856065865,,,28,6
ihdp_disconnected_sweep,EntropyBalancing,27,1428023877,FEASIBLE,0.20230460166931152,50,0,6,19.336741961012336,26.51315427016644,5.014042386757545,-5.014042386757545,0.8799519807923168,0.7273469387755102,0.9989058679170277,0.9886013718018131,0.9783920130548626,56.640147960866194,54.353830490724384,0.8994928248118371,0.5414274586953837,17.1722469184291,0.6929979506242037,14.583560022522176,34.1971063418013,64.78795972125127,0.7524897965634381,43.527877947402075,0.12534053109432364,,,28,6
ihdp_disconnected_sweep,OutcomeModelTransport,27,1428023877,FEASIBLE,0.012264490127563477,50,0,6,25.306110032840593,32.64994223470396,1.1227455777799733,1.1227455777799733,0.9577430972388956,0.8530612244897959,1.0,1.0,0.9926672851036287,56.702187643541706,54.98053314619597,0.9642397319801144,0.44040221609914826,17.148089741251177,0.7706574129009092,18.778250978176793,56.208381808571005,64.11934202867886,1.4211074891358493,43.6532184784964,0.0,,,28,6
ihdp_disconnected_sweep,AnchorPlugin,27,1428023877,FEASIBLE,1.5609509944915771,50,0,6,9.059948686752172,31.68429093584355,0.1570942789195655,0.1570942789195655,0.9409363745498198,0.7877551020408163,0.9912347688827323,0.9996274519587954,0.9901433068069311,56.20517986399138,54.96005025626797,0.9472889082032973,0.781227016082062,6.7745725924390054,0.8798002294848112,4.251786459463422,15.296270988437735,64.85654731748808,0.683902200326628,43.64912190051079,0.0040965779856065865,,,28,6
ihdp_disconnected_sweep,Glmtrans_OptionB,27,1428023877,FEASIBLE,9.02144718170166,50,0,6,21.82717700253593,31.235138824305544,0.29205783261843976,-0.29205783261843976,0.9663865546218486,0.8677551020408163,0.9989058679170278,1.0,0.9926672851036287,56.6401479608662,54.98053314619597,0.9732991207150747,0.4853284576447537,16.367894907004008,0.7887599840439189,16.81151549559835,47.90543291695232,64.11934202867886,1.4211074891358493,43.6532184784964,0.0,,,28,6
ihdp_disconnected_sweep,ProxyOnly,29,1795993300,FEASIBLE,2.3361310958862305,50,0,6,1.0604334609925241,3.624244027213857,0.29612129666090903,-0.29612129666090903,0.7558117412957478,0.5997582756901829,0.9615939457432968,0.9737198532134138,0.9734927087163949,4.463020576591949,4.483551939731089,0.8735033677487272,0.42201191255240106,2.3908911703936306,0.7286884437007917,0.830830654227988,1.632640158429437,6.47296905687439,0.06207732641644981,3.511391447362291,0.02420170497963392,,,1,6
ihdp_disconnected_sweep,IPWTransport,29,1795993300,FEASIBLE,0.09185004234313965,50,0,6,1.2356548004350758,3.789588615331919,0.13077670854284706,-0.13077670854284706,0.3042267138642137,0.20483547667014443,0.9615827278343936,0.9539788050669606,0.903450886743004,4.462968511207715,4.392653089905588,0.2759830760630483,0.17328772564062642,3.2636761316102865,0.06366650138208507,0.8558888165786249,2.00242341071484,6.535046383290839,0.0,3.493211677397191,0.04238147494473399,,,1,6
ihdp_disconnected_sweep,EntropyBalancing,29,1795993300,FEASIBLE,0.07164263725280762,50,0,6,1.5214575338634146,3.3952177909222594,0.5251475329525066,-0.5251475329525066,0.06023054928729459,0.05407656584091813,0.8359547664164997,0.8537351029326404,0.8780612223870876,3.8798947727702684,3.9310749022298253,0.04461698230448468,0.026840216813715987,3.829236942236628,0.001691295445839347,0.9940488758894911,2.6975170936555375,6.535046383290839,0.0,3.4008960398620385,0.13469711247988636,,,1,6
ihdp_disconnected_sweep,OutcomeModelTransport,29,1795993300,FEASIBLE,0.013449430465698242,50,0,6,0.6158150705623799,3.8305640025661205,0.08980132130864549,-0.08980132130864549,0.7562920487063323,0.5768167023031266,0.9632091460625679,0.9830869305993274,0.9824788547215074,4.470517163162752,4.526683213931389,0.7609142289002482,0.6921571389344496,1.269013103353307,0.5155411768231424,0.31647255527367635,0.625014312684752,6.535046383290839,0.0,3.5200177022023507,0.015575450139574176,,,1,6
ihdp_disconnected_sweep,AnchorPlugin,29,1795993300,FEASIBLE,1.48345947265625,50,0,6,0.4997270673589308,3.6498427468077432,0.27052257706702276,-0.27052257706702276,0.8108549705487299,0.6505574739043786,0.9823533609647821,0.9863113776546482,0.9850875916224243,4.559370702028614,4.541530375362609,0.8984492178193374,0.7177464722850647,1.3007035679582768,0.8529671450401334,0.28992163456122555,1.1282543425019855,6.512510375000686,0.02253600829015312,3.5229871344885955,0.012606017853329377,,,1,6
ihdp_disconnected_sweep,Glmtrans_OptionB,29,1795993300,FEASIBLE,8.810879230499268,50,0,6,0.5932336091815981,3.767065113390583,0.15330021048418319,-0.15330021048418319,0.9716455759345631,0.8765063625448293,0.9999999999999998,0.9990498493424727,0.9977580524133793,4.641273581586565,4.600185438476165,0.9704248657411568,2.9320034341785335,-7.124682525360569,0.8502765421743445,0.4609481312983358,1.1805946176749305,6.535046383290839,0.0,3.534718147111306,0.0008750052306187861,,,1,6
ihdp_disconnected_sweep,ProxyOnly,28,615081582,FEASIBLE,2.3597166538238525,50,0,6,2.451317324632046,7.646065215171536,2.0366996325536384,2.0366996325536384,0.7449878750736787,0.5683953107580293,0.91947077009058,0.8726856867688872,0.9094926039080763,7.168210257406871,6.735353401323671,0.7728514824325795,0.7720591959852795,-0.293849379858456,0.5672526280789263,2.0366996325536397,3.696517918389185,10.292608237546283,0.023792307735650553,6.030313335193118,0.19652136059049585,,,33,6
ihdp_disconnected_sweep,IPWTransport,28,615081582,FEASIBLE,0.6919448375701904,50,0,6,1.9447871438011515,6.27801066928547,0.6686450866675724,0.6686450866675724,0.9479699395274908,0.8117599696745419,0.9974701798370472,0.995534794163155,0.9864576153822829,7.776295024431306,7.683497923323476,0.9399004196199123,0.5233170616850011,2.323975485940334,0.797330572469033,1.3031704276969718,4.223330011081277,10.269086553533585,0.04731399174834827,6.219942239593081,0.006892456190533025,,,33,6
ihdp_disconnected_sweep,EntropyBalancing,28,615081582,FEASIBLE,0.37210655212402344,50,0,6,1.5600120791730197,6.412436054211181,0.8030704715932835,0.8030704715932835,0.8913059139643259,0.7202940575985372,0.9859268888245121,0.9765581587615791,0.9950632389932599,7.686303325149625,7.537037006483056,0.89913856814935,0.6625627393015228,1.3607243849438888,0.7243771574318548,0.8719301578146321,3.063431813903142,10.292608237546283,0.023792307735650553,6.190650056224995,0.03618463955861895,,,33,6
ihdp_disconnected_sweep,OutcomeModelTransport,28,615081582,FEASIBLE,0.015216588973999023,50,0,6,2.0037267065842976,6.58903015787681,0.9796645752589122,0.9796645752589122,0.9706355497527567,0.8656595250050447,0.9988154792604491,0.9975946395685025,0.9937758313283347,7.786783002341863,7.699395728188909,0.9668594826439423,0.5352091543005196,2.082856324160031,0.8473739050856989,1.4505790072518336,4.266814566932705,10.269086553533585,0.04731399174834827,6.223121800566166,0.003712895217447887,,,33,6
ihdp_disconnected_sweep,AnchorPlugin,28,615081582,FEASIBLE,1.1032934188842773,50,0,6,0.988066136804985,6.047954317388588,0.4385887347706907,0.4385887347706907,0.9100818749772052,0.7529604547685389,0.9903221229563912,0.979616804681041,0.966117243738971,7.720568647564102,7.560643513968434,0.9323274786414996,0.7829833674010006,0.8739179453015621,0.8631742599760965,0.5937425711301033,1.5404547077814463,10.316400545281933,0.0,6.195371357722072,0.03146333806154189,,,33,6
ihdp_disconnected_sweep,Glmtrans_OptionB,28,615081582,FEASIBLE,10.364906787872314,50,0,6,1.6684178994960632,5.75083592481947,0.14147034220157284,0.14147034220157284,0.9734207306702682,0.8754594441560452,0.9995737760049638,0.9975946395685025,0.9965700118941935,7.79269469706779,7.699395728188909,0.9694548007443269,0.550595092771944,2.4429835430756914,0.8504355618965929,1.2274841068752025,3.3354878051904224,10.269086553533585,0.04731399174834827,6.223121800566166,0.003712895217447887,,,33,6
ihdp_disconnected_sweep,ProxyOnly,30,1957121409,FEASIBLE,2.4471473693847656,50,0,6,3.8659601685447726,11.584082609708545,3.155951389470422,3.155951389470422,0.9286143083616516,0.7846348356899974,0.9594832590796165,0.9865352780775212,0.9697382271868303,15.229677848831093,14.979664419034105,0.956542606249017,1.0440309880453247,-3.666009992374557,0.8955608764703437,3.1559513894704208,5.204487650264949,24.986718193209043,0.23316408809458622,19.03095472561942,0.04088997532605276,,,10,6
ihdp_disconnected_sweep,IPWTransport,30,1957121409,FEASIBLE,0.333416223526001,50,0,6,2.6306076262226012,8.924574975788845,0.49644375555072173,0.49644375555072173,0.9678488271562665,0.8565596956282472,0.9946105061304444,0.9955513921069999,0.9856358213177225,15.787245321986996,15.116566124960453,0.9836120853635372,0.7856941811274311,1.4161445927253455,0.9270375492645344,1.780236792658119,5.608024419722122,25.07397587896828,0.14590640233534913,19.058335066804688,0.01350963414078521,,,10,6
ihdp_disconnected_sweep,EntropyBalancing,30,1957121409,FEASIBLE,1.2756946086883545,50,0,6,2.3687637006759887,8.901232969177098,0.4731017489389746,0.4731017489389746,0.9478713977577845,0.8205972656591223,0.9809135359118692,0.982716288281073,0.9856358213177225,15.569836167674044,14.921676441470861,0.9727378669236694,0.8484110946924174,0.8762264127463455,0.914625828983009,1.4187217634933487,4.250808593860267,25.132837301808735,0.08704497949489465,19.01935713010677,0.05248757083870359,,,10,6
ihdp_disconnected_sweep,OutcomeModelTransport,30,1957121409,FEASIBLE,0.0316162109375,50,0,6,2.60172401062493,8.583929726431622,0.15579850619349855,0.15579850619349855,0.9755324538479905,0.8778102224281845,0.990822653680489,0.9955513921069999,0.994534726965946,15.72712152930398,15.116566124960453,0.9884054918914563,0.7898082471586337,1.648472729272274,0.9218467257897945,1.8329881547338225,5.433006728699057,25.07397587896828,0.14590640233534913,19.058335066804688,0.01350963414078521,,,10,6
ihdp_disconnected_sweep,AnchorPlugin,30,1957121409,FEASIBLE,1.8994288444519043,50,0,6,2.541841750015714,9.132033875432274,0.7039026551941507,0.7039026551941507,0.9305352150345825,0.7993467388591848,1.0,0.9977501002819824,0.9780813125594627,15.872791635197625,15.1499515611922,0.9547260364629266,0.8708149860858745,0.47581926806783076,0.8927765696680965,1.1828276889673321,1.9116796318292977,25.192394134487856,0.027488146815773717,19.06501215405104,0.0068325468944330225,,,10,6
ihdp_disconnected_sweep,Glmtrans_OptionB,30,1957121409,FEASIBLE,11.115549802780151,50,0,6,2.314457340352571,8.497163842460138,0.06903262222201434,0.06903262222201434,0.9764448845176324,0.879444878335872,0.990822653680489,0.9955513921069999,0.994534726965946,15.72712152930398,15.116566124960453,0.9893643681388781,0.8223418008181715,1.4405582041823994,0.9295625512673914,1.6564883893921185,4.721682025996531,25.07397587896828,0.14590640233534913,19.058335066804688,0.01350963414078521,,,10,6
ihdp_disconnected_sweep,ProxyOnly,31,660964215,FEASIBLE,2.8164267539978027,50,0,6,1.5302928978306989,4.612116661104866,0.13705662962568965,-0.13705662962568965,0.6968067226890755,0.5053061224489797,0.8883368240448699,0.902701114748529,0.9367264396783651,5.509187156733916,5.456985777991116,0.77056121255799,0.407996656908345,2.867445111728492,0.4852007262729362,1.0363354149246733,3.01777061982866,8.797898719910897,0.0,5.140122584778564,0.11763774838797669,,,16,6
ihdp_disconnected_sweep,IPWTransport,31,660964215,FEASIBLE,0.32117152214050293,50,0,6,0.8094405458177488,4.4883183749030975,0.26085491582745846,-0.26085491582745846,0.8720768307322929,0.7306122448979592,0.9956274675947847,0.9903072239794916,0.9811680548669317,6.174570173044688,5.986579997304423,0.882201859330782,0.7372674163979814,1.440082398494161,0.7006635712348952,0.4070325353905385,1.0482698957511056,8.797898719910897,0.0,5.246041428641226,0.01171890452531521,,,16,6
ihdp_disconnected_sweep,EntropyBalancing,31,660964215,FEASIBLE,0.4143083095550537,50,0,6,2.1554977134725544,3.6717430765860515,1.0774302141445045,-1.0774302141445045,0.42617046818727483,0.3061224489795918,0.9556237120468838,0.9549014876601575,0.894467992885767,5.92647939225039,5.772546142247389,0.40698122225845484,0.26363383935844154,3.781177566312399,0.19187166260780686,1.564426638319647,2.995837623041899,8.652465039540651,0.14543368037024607,5.20323465762982,0.05452567553672072,,,16,6
ihdp_disconnected_sweep,OutcomeModelTransport,31,660964215,FEASIBLE,0.01886153221130371,50,0,6,0.9463338343996557,4.081624571969453,0.6675487187611031,-0.6675487187611031,0.8604561824729892,0.6963265306122448,0.9863336157989843,0.9929898929803957,0.9766196015248589,6.116932610845166,6.002797199594098,0.8853713686239947,0.8327752414034514,1.3500974024904349,0.7319516251530541,0.6874374547694402,1.2284478317437975,8.797898719910897,0.0,5.24928486909916,0.008475464067380756,,,16,6
ihdp_disconnected_sweep,AnchorPlugin,31,660964215,FEASIBLE,2.0038068294525146,50,0,6,0.5945103137355898,4.87999371532788,0.13082042459732435,0.13082042459732435,0.8127250900360143,0.6555102040816326,0.9763125240702298,0.9528016383657829,0.9473168000078539,6.054784934024648,5.759852186797341,0.8465600322586939,0.9584368275712436,0.07200759564409574,0.7790315238232495,0.23475500142679076,0.5200998363748512,8.797898719910897,0.0,5.200695866539808,0.05706446662673237,,,16,6
ihdp_disconnected_sweep,Glmtrans_OptionB,31,660964215,FEASIBLE,11.546631574630737,50,0,6,0.49576368358165135,4.892597267951728,0.14342397722117184,0.14342397722117184,0.9657142857142856,0.8644897959183673,1.0,0.9866475084544176,0.9940266856661689,6.201687251518965,5.96445637826205,0.9743780943660214,1.2886854562845709,-1.555845651936463,0.8960197050385648,0.2578344030804481,1.0419131401692532,8.797898719910897,0.0,5.241616704832751,0.016143628333789906,,,16,6
ihdp_disconnected_sweep,ProxyOnly,33,1831335188,FEASIBLE,2.9046812057495117,50,0,6,2.619446076224669,13.967971628441829,0.9980685648541314,0.9980685648541314,0.887608346194526,0.7137607781645369,0.9384932911556529,0.9772060821640591,0.9699222091474654,17.120825449392235,17.277485729614433,0.8728067803590644,0.7680793148641141,2.241392985172713,0.7310537695495214,1.5511529775680621,2.564493291129935,28.978331025930082,0.0,19.4617985771121,0.0806015429745024,,,39,6
ihdp_disconnected_sweep,IPWTransport,33,1831335188,FEASIBLE,0.20695185661315918,50,0,6,2.171311561668156,13.63024990859484,0.6603468450071421,0.6603468450071421,0.9507551204450023,0.834626447693543,0.9759078123263396,0.9719253230938539,0.9928781764368885,17.80337426702643,17.184119303491755,0.9627351719469087,0.7019748751413929,3.401810085855852,0.9212439915727425,1.5935203981261425,4.119286743524967,28.934473573107283,0.04385745282279885,19.443125291887558,0.09927482819904299,,,39,6
ihdp_disconnected_sweep,EntropyBalancing,33,1831335188,FEASIBLE,0.20575284957885742,50,0,6,1.5419434042882627,13.834343512262969,0.8644404486752713,0.8644404486752713,0.952339792346345,0.816659929250042,0.972442803008953,0.9851289061918762,0.9947537972352309,17.740162499544915,17.417565167900076,0.9642635302473009,0.8934307521172996,0.6098751343775108,0.919804044398049,1.0420655951751814,2.351234777684933,28.97620449477691,0.0021265311531735165,19.489814464769225,0.05258565531737602,,,39,6
ihdp_disconnected_sweep,OutcomeModelTransport,33,1831335188,FEASIBLE,0.012920856475830078,50,0,6,2.566877069860309,13.929189646626583,0.9592865830388853,0.9592865830388853,0.968858796408827,0.8672928448635447,0.9880707268518626,0.998757866506804,0.9903937808980812,18.025260921422152,17.65853191140333,0.977073550880802,0.6527914692808984,3.877046888274048,0.9422074115097264,2.08862389275497,5.008532084487133,28.934473573107283,0.04385745282279885,19.538007813469875,0.004392306616725961,,,39,6
ihdp_disconnected_sweep,AnchorPlugin,33,1831335188,FEASIBLE,2.415526866912842,50,0,6,1.2088772529406921,12.8669504533129,0.10295261027479796,-0.10295261027479796,0.9511392833301763,0.816659929250042,0.9804938905225518,0.9805018764412661,0.991097390508022,17.887037565458673,17.335756998726968,0.9580458074400116,1.0456715457055759,-0.4847009054450601,0.9187429461085227,0.3339761010786915,0.6477798829119603,28.93234704195411,0.045983983975972365,19.4734528309346,0.06894728915199977,,,39,6
ihdp_disconnected_sweep,Glmtrans_OptionB,33,1831335188,FEASIBLE,10.035085916519165,50,0,6,2.5023598337513535,14.15310010032449,1.183197036736793,1.183197036736793,0.9841772914551401,0.911392481043047,0.9880707268518626,0.9987578665068038,0.9992762593874347,18.025260921422152,17.658531911403326,0.989794128481704,0.6664272394158789,3.53789163455185,0.9631178670291405,1.9616217902165625,5.080662962856422,28.934473573107283,0.04385745282279885,19.538007813469875,0.004392306616725961,,,39,6
ihdp_disconnected_sweep,ProxyOnly,32,1210845044,FEASIBLE,2.9472391605377197,50,0,6,1.633759273181895,4.5097007407376335,0.4560244437524483,0.4560244437524483,0.8575970354441488,0.705726062514687,0.9070825594966389,0.9042630740942277,0.9624703737794574,7.654521648080639,7.045157783651682,0.9039265696090645,0.8131803099876983,0.38647645068040387,0.841082408525754,0.8810071290669009,2.9211264531681813,16.797160887815863,0.012076909022681548,13.792132566740758,0.1491782132989421,,,45,6
ihdp_disconnected_sweep,IPWTransport,32,1210845044,FEASIBLE,0.24073195457458496,50,0,6,1.5122980958312897,4.031424121022235,0.022252175962949927,-0.022252175962949927,0.9684330974962241,0.8765598684818144,1.0,0.979674031559746,0.9916574221579045,8.43861627361495,7.632688237101847,0.9805264286451849,0.7636693363005194,0.9750013141382302,0.8970260007109037,0.9765920643705301,2.991480644754425,16.744291544697347,0.06494625214119765,13.909638657430792,0.03167212260890828,,,45,6
ihdp_disconnected_sweep,EntropyBalancing,32,1210845044,FEASIBLE,0.41437697410583496,50,0,6,1.2599254703808662,4.222399856564013,0.16872355957882768,0.16872355957882768,0.9486220529992805,0.8251438686276305,0.9776628495943017,0.979674031559746,0.9762230824996703,8.25012163269524,7.632688237101847,0.9729976477543427,0.8520595956153167,0.4559399826750823,0.8983027228462331,0.7375028967929969,2.2492093352435134,16.785083978793185,0.024153818045359543,13.909638657430792,0.03167212260890828,,,45,6
ihdp_disconnected_sweep,OutcomeModelTransport,32,1210845044,FEASIBLE,0.013778924942016602,50,0,6,1.5039306290375616,4.583086457300341,0.5294101603151562,0.5294101603151562,0.9788194703392817,0.8981214168077626,1.0,0.9814871082560169,0.9916574221579045,8.43861627361495,7.646814006211557,0.9850245175693937,0.7776878124531592,0.4894658157235835,0.9107374140242768,0.865714076743076,3.482026141243688,16.785083978793185,0.024153818045359543,13.912463811252733,0.028846968786966798,,,45,6
ihdp_disconnected_sweep,AnchorPlugin,32,1210845044,FEASIBLE,2.4726850986480713,50,0,6,1.3320347931579213,4.276512381590511,0.22283608460532545,0.22283608460532545,0.8958246577137365,0.7753864494139039,0.9810107371274454,0.9911743724467583,0.9624239724756686,8.278373170914659,7.722287954745896,0.9274420609930725,0.9052786937472094,0.1822407543851607,0.8670252361772836,0.6468405459477631,1.486519936317226,16.789368800816945,0.019868996021600083,13.927558600959602,0.013752179080098514,,,45,6
ihdp_disconnected_sweep,Glmtrans_OptionB,32,1210845044,FEASIBLE,10.997637748718262,50,0,6,1.298291426378406,4.499477526896368,0.4458012299111829,0.4458012299111829,0.9800696818852055,0.9014385780886777,1.0,0.9814871082560169,0.9916574221579045,8.43861627361495,7.646814006211557,0.9859449985974575,0.8133950697478946,0.39382346016622927,0.9259118244404299,0.7435019146739436,2.690908191791964,16.785083978793185,0.024153818045359543,13.912463811252733,0.028846968786966798,,,45,6
ihdp_disconnected_sweep,ProxyOnly,34,501890985,FEASIBLE,2.4300920963287354,50,0,6,3.5883317802261185,4.354209520257051,0.5810252742577355,0.5810252742577355,0.828458919443477,0.6565830529240149,0.8343882646847337,0.8582153944375643,0.9110356071164214,8.988447328573711,8.452392540105638,0.8577679471207018,0.674418629798335,0.8366242274926877,0.7896659143736584,2.049318534480544,6.02142521500398,22.482186491827303,0.12034953241508362,19.46652689407305,0.2792816698756937,,,36,6
ihdp_disconnected_sweep,IPWTransport,34,501890985,FEASIBLE,0.10237765312194824,50,0,6,1.8786868378733566,3.7209596136488807,0.05222463235043451,-0.05222463235043451,0.9538971373778787,0.8381041460113515,0.9920159909715408,0.9689530735240026,0.9877352075813591,10.686491962251697,9.543025892391558,0.9740324167641837,1.1381433468381206,-0.4618011821284995,0.9023685523360246,0.9329548704263257,2.965083962843824,22.602536024242387,0.0,19.684653564530233,0.06115499941850899,,,36,6
ihdp_disconnected_sweep,EntropyBalancing,34,501890985,FEASIBLE,0.2549154758453369,50,0,6,2.0172962184766625,3.4834286501356564,0.28975559586365884,-0.28975559586365884,0.9229217734545674,0.7857737407969841,0.9757184124586311,0.9651362812522475,0.9925199611904695,10.510926302658039,9.50543506527052,0.9569689407322828,1.082789720671275,0.0013635109406102308,0.8797879014902086,1.09520976579386,2.8444327896260493,22.602536024242387,0.0,19.677135399106024,0.06867316484271768,,,36,6
ihdp_disconnected_sweep,OutcomeModelTransport,34,501890985,FEASIBLE,0.025213956832885742,50,0,6,1.9043654469665603,4.062347381792147,0.2891631357928319,0.2891631357928319,0.9703693076502752,0.8724459744332801,0.9920159909715408,0.9919871023394744,0.9925199611904697,10.686491962251697,9.769883455877778,0.984118786302503,1.1600921708599592,-0.9395131469312075,0.905813641274829,0.9553796233176002,4.040322004974035,22.602536024242387,0.0,19.730025077227477,0.01578348672126495,,,36,6
ihdp_disconnected_sweep,AnchorPlugin,34,501890985,FEASIBLE,3.0782549381256104,50,0,6,1.2238897661808137,3.9018018129654535,0.12861756696613824,0.12861756696613824,0.9761801898746484,0.8822579254109739,0.9517487390844023,0.9876914175554807,0.9950149429314944,10.252713003494756,9.727576111756239,0.9843982876288991,0.9182795336750952,0.19023949669675744,0.9610181945435585,0.5851022924219558,1.6598060064116171,22.602536024242387,0.0,19.72156360840317,0.02424495554557282,,,36,6
ihdp_disconnected_sweep,Glmtrans_OptionB,34,501890985,FEASIBLE,9.645570755004883,50,0,6,1.8308829308044525,3.636741556427477,0.13644268957183803,-0.13644268957183803,0.9687845215890826,0.874081299596229,1.0,0.9651362812522474,0.9958548225677925,10.772499697092357,9.505435065270518,0.9840527617114764,1.203098004759511,-0.6021722643645819,0.9214100836031166,0.998292769969929,3.6449428538704343,22.602536024242387,0.0,19.677135399106024,0.06867316484271768,,,36,6
ihdp_disconnected_sweep,ProxyOnly,35,381481065,FEASIBLE,2.6430611610412598,50,0,6,1.0865821174103691,3.87788844710585,0.40724246840652123,-0.40724246840652123,0.8585354141656663,0.6914285714285714,0.9814281368964101,0.9537314311749734,0.9500152849567973,5.756173367568308,5.466320889172525,0.8706041093076369,0.5897704592251803,1.998066865238732,0.7615505212541247,0.8600208478411769,1.3624320057973685,8.878922176113578,0.08040213007072339,5.767457568506436,0.053037749624916586,,,16,6
ihdp_disconnected_sweep,IPWTransport,35,381481065,FEASIBLE,0.3781881332397461,50,0,6,0.9217279919651438,4.0926599415990434,0.1924709739133279,-0.1924709739133279,0.7570228091236494,0.5559183673469388,0.9402315487390671,0.9505726426307546,0.938170516045329,5.514551291869649,5.448216262189151,0.7561388317318452,1.1074009663966826,-0.2470846589474012,0.5189459584723,0.34718593069732423,0.8817068907630485,8.959324306184302,0.0,5.7638366431097605,0.05665867502159205,,,16,6
ihdp_disconnected_sweep,EntropyBalancing,35,381481065,FEASIBLE,0.2003307342529297,50,0,6,0.8876760596598408,4.019195334668582,0.26593558084378977,-0.26593558084378977,0.7719087635054022,0.5771428571428571,0.9833507741816355,0.9317942254039703,0.932485055695487,5.767449825946306,5.340587582880651,0.7985001312469755,0.8641389119512409,0.8119878320923594,0.5855261747230858,0.3623480402087313,0.8099129797446558,8.959324306184302,0.0,5.742310907248061,0.0781844108832912,,,16,6
ihdp_disconnected_sweep,OutcomeModelTransport,35,381481065,FEASIBLE,0.01517033576965332,50,0,6,0.8318960781167892,4.298814034668026,0.013683119155654566,0.013683119155654566,0.8000480192076831,0.6081632653061224,0.9895310544025634,0.9648978749127826,0.9651178999010664,5.8036977824439795,5.530321469070114,0.8117832480455972,0.894152380165693,0.4413361145242733,0.5945649419040853,0.2608592547348822,0.483457386557518,8.959324306184302,0.0,5.780257684485954,0.040237633645398674,,,16,6
ihdp_disconnected_sweep,AnchorPlugin,35,381481065,FEASIBLE,2.7833917140960693,50,0,6,0.6426496116424085,4.33393080286735,0.048799887354978644,0.048799887354978644,0.8797599039615845,0.6995918367346938,0.9974109242120411,0.970736676638907,0.973965459585041,5.849914000455272,5.563786617433663,0.8930019398064681,0.9204355909663483,0.29602675576790227,0.7601115662437664,0.1302373159665079,0.334199973707495,8.959324306184302,0.0,5.786950714158663,0.03354460397268966,,,16,6
ihdp_disconnected_sweep,Glmtrans_OptionB,35,381481065,FEASIBLE,9.853862047195435,50,0,6,0.5708715482360359,4.436992164554557,0.15186124904218534,0.15186124904218534,0.9467947178871549,0.8187755102040817,0.9938197197790722,0.9935335752273358,0.9923424755360615,5.828851230256,5.694447261393727,0.9372832659278203,1.2250825711094413,-1.1505508534325684,0.8475004094808073,0.18959894853892054,0.8656211996580336,8.959324306184302,0.0,5.813082842950677,0.007412475180675671,,,16,6
ihdp_disconnected_sweep,ProxyOnly,36,1454378172,FEASIBLE,2.340939521789551,50,0,6,1.339639184269236,4.144143142088431,0.15873000788700153,-0.15873000788700153,0.7797521932820165,0.616770205818081,0.9541613992507334,0.958532626349775,0.9595016904106656,6.863530925617058,6.560599644471937,0.880009696934027,0.8223086733097119,0.8951083007991534,0.8425509911780202,0.5801611634563343,1.6769132836262326,11.40565025601617,0.048602477104063624,8.126727005640891,0.05676402228745481,,,23,6
ihdp_disconnected_sweep,IPWTransport,36,1454378172,FEASIBLE,0.30893397331237793,50,0,6,1.6686659864633502,4.928983674492603,0.6261105245171699,0.6261105245171699,0.876092603464557,0.7100219345491967,0.986571049194092,0.9818908956797012,0.9587540895891945,7.096661960732649,6.720473444537532,0.9190629360834598,1.017536464160912,-0.712547470074631,0.7341394336654269,0.9002974953700222,1.9348416085213391,11.378388055234097,0.07586467788613582,8.15870176565401,0.024789262274335755,,,23,6
ihdp_disconnected_sweep,EntropyBalancing,36,1454378172,FEASIBLE,0.5465817451477051,50,0,6,2.047866660450273,5.701429138941644,1.3985559889662111,1.3985559889662111,0.8261454316849747,0.6462181201542228,0.9222133945932885,0.9688178585619486,0.9596781986241927,6.633720625021875,6.6309960910190515,0.896141261829405,0.8433050263328958,-0.5051707001748903,0.7779793171849195,1.398555988966212,3.7184095301382447,11.426990532338161,0.0272622007820722,8.140806294950314,0.04268473297803155,,,23,6
ihdp_disconnected_sweep,OutcomeModelTransport,36,1454378172,FEASIBLE,0.015442132949829102,50,0,6,1.5222869953861216,4.363120132773642,0.06024698279820928,0.06024698279820928,0.9188358562374686,0.7869137108713447,0.9953015128704584,0.9852266208787122,0.9681457354989877,7.159462454951732,6.7433045479899265,0.9403335251537851,1.0840863220080075,-0.4271257072422356,0.7471696939751842,0.8291691357966319,1.6801239106042987,11.378388055234097,0.07586467788613582,8.163267986344488,0.020223041583857793,,,23,6
ihdp_disconnected_sweep,AnchorPlugin,36,1454378172,FEASIBLE,2.440772294998169,50,0,6,1.105892594646555,4.337684990786433,0.03481184081099986,0.03481184081099986,0.9452982520553049,0.8114536394847962,0.9576760018191441,0.9831473664933893,0.9819719251142323,6.8888123753156965,6.729073258197462,0.9695586035783512,0.9075715024386777,0.3661138657816876,0.8731730938144522,0.7562494908637772,1.7144263729036755,11.40565025601617,0.048602477104063624,8.160421728385996,0.023069299542349597,,,23,6
ihdp_disconnected_sweep,Glmtrans_OptionB,36,1454378172,FEASIBLE,9.042781352996826,50,0,6,1.293448640776461,4.209971894730159,0.09290125524527415,-0.09290125524527415,0.9557679476783327,0.8523535205072154,0.9984120565657362,0.9908765781631365,0.9908847543588573,7.1818374041634545,6.781975227247483,0.9778895113037327,1.1411939737338137,-0.5015214058793512,0.8275612737655454,0.8745247476285269,2.796874111011855,11.378388055234097,0.07586467788613582,8.171002122196,0.012488905732345401,,,23,6
ihdp_disconnected_sweep,ProxyOnly,39,1620825116,FEASIBLE,1.8206062316894531,50,0,6,4.571834583833939,10.36697649393012,4.0441307350970375,4.0441307350970375,0.6932533013205282,0.49877551020408156,0.8883744892573869,0.878881343656083,0.9234568241642146,8.331430744907449,7.99990793365582,0.8014184331903815,0.6403619921167091,-0.31577196104710387,0.6799132962278986,4.044130735097037,6.972112434354079,13.964162878622052,0.11739292664264589,9.241298706520132,0.22049349591805445,,,17,6
ihdp_disconnected_sweep,IPWTransport,39,1620825116,FEASIBLE,0.07963132858276367,50,0,6,1.3555019008250841,6.925490721025575,0.6026449621924934,0.6026449621924934,0.9628331332533012,0.8497959183673469,0.9707892140708386,0.9943256111761957,0.9858339093298062,9.104339670644219,9.050724995931098,0.9761469119214782,0.7876776229046694,0.8677916902473141,0.8914548133476667,0.9654283050614334,2.9642459065480864,14.081555805264697,0.0,9.451462118975186,0.010330083462999795,,,17,6
ihdp_disconnected_sweep,EntropyBalancing,39,1620825116,FEASIBLE,0.09840583801269531,50,0,6,1.523684597872193,5.7513519640749164,0.5714937947581653,-0.5714937947581653,0.9237454981992796,0.763265306122449,0.9690790475330795,0.9561552430061697,0.9689832310424025,9.088301238379568,8.703283975185704,0.9420988556095166,0.7989254160429445,1.727944498125124,0.8172176115573802,1.0231390835124605,1.8449686649790888,14.069771434820098,0.011784370444599901,9.381973914826109,0.07981828761207765,,,17,6
ihdp_disconnected_sweep,OutcomeModelTransport,39,1620825116,FEASIBLE,0.006597757339477539,50,0,6,1.6509978942266645,7.269805252688459,0.9469594938553776,0.9469594938553776,0.9600480192076831,0.8514285714285714,0.9707892140708386,0.9943256111761957,0.9879832337728687,9.104339670644219,9.050724995931098,0.9751059379215136,0.7410796044276301,0.9353413579048075,0.8941039661477308,1.1675764216564193,3.5570475128259407,14.081555805264697,0.0,9.451462118975186,0.010330083462999795,,,17,6
ihdp_disconnected_sweep,AnchorPlugin,39,1620825116,FEASIBLE,1.5050370693206787,50,0,6,1.0884010393214054,6.877654721075553,0.554808962242471,0.554808962242471,0.9571668667466987,0.836734693877551,0.9591375488550552,0.97917634951602,0.992635139037844,8.995067012568125,8.912830729066684,0.9713031317144711,0.8472566322067432,0.49570718237380307,0.9270463831428741,0.6905031526296079,1.5938014155310736,14.03069871748494,0.05085708777975739,9.423883265602305,0.03790893683588159,,,17,6
ihdp_disconnected_sweep,Glmtrans_OptionB,39,1620825116,FEASIBLE,7.566242456436157,50,0,6,1.3128363875731246,6.723891292637846,0.4010455338047638,0.4010455338047638,0.9816566626650659,0.8955102040816326,0.9940721137771504,0.9943256111761957,0.993710209221664,9.322693381595458,9.050724995931098,0.9896878152098171,0.745174768072818,1.3123716242948362,0.9243752465408572,0.9503090589680407,2.7636973197880383,14.069771434820098,0.011784370444599901,9.451462118975186,0.010330083462999795,,,17,6
ihdp_disconnected_sweep,ProxyOnly,37,1532115554,FEASIBLE,2.790731430053711,50,0,6,3.5995059107381793,0.7006364737918895,2.01039126885369,-2.01039126885369,0.8722689075630251,0.7044897959183674,0.9257169703111053,0.96027254628509,0.9440201011427454,6.71036519035448,6.299189698818905,0.9043378695893778,0.5295918795053319,2.3399763556401423,0.8047322072742503,2.687107656994861,5.538222496096578,11.406290057547753,0.5099706973961524,9.95754690578771,0.05212077928696068,,,5,6
ihdp_disconnected_sweep,IPWTransport,37,1532115554,FEASIBLE,0.1604139804840088,50,0,6,3.302890675770207,5.31947754174668,2.608449799101101,2.608449799101101,0.8554621848739495,0.6604081632653062,1.0,0.9231700338873572,0.9481770812386067,7.248830264070162,6.055804875624436,0.8325515601673922,1.0328098668032524,-2.7829811487087035,0.618339263756213,2.608449799101102,3.7191205079482,11.40873670866951,0.507524046274396,9.908869941148817,0.10079774392585428,,,5,6
ihdp_disconnected_sweep,EntropyBalancing,37,1532115554,FEASIBLE,0.11208820343017578,50,0,6,3.836715480751517,5.72615291045254,3.0151251678069606,3.0151251678069606,0.7355102040816326,0.5461224489795918,0.9536889822609999,0.8936063877269278,0.8268998664400679,6.913129557123808,5.861873458888905,0.6924497949184492,0.9518617816107937,-2.7394783684736073,0.4769821817094335,3.015125167806961,4.027417966701444,11.40873670866951,0.507524046274396,9.870083657801711,0.13958402727296004,,,5,6
ihdp_disconnected_sweep,OutcomeModelTransport,37,1532115554,FEASIBLE,0.013700246810913086,50,0,6,2.8194872214370474,4.709362851652905,1.9983351090073258,1.9983351090073258,0.8609363745498199,0.683265306122449,0.9536889822609997,0.9728855473978577,0.9525964043942462,6.913129557123807,6.381928382735367,0.838753345197239,1.1763115328543658,-2.8286500921496565,0.6460975379762162,1.9983351090073254,3.6406704675608887,11.40873670866951,0.507524046274396,9.974094642571004,0.03557304250366755,,,5,6
ihdp_disconnected_sweep,AnchorPlugin,37,1532115554,FEASIBLE,1.473747730255127,50,0,6,0.98255273141316,2.7116544297125467,0.0006266870669673352,0.0006266870669673352,0.9684033613445377,0.8481632653061225,0.9840434739268225,0.9796936709219275,0.9999142728639818,7.133164114961488,6.426588267824256,0.9755620034079819,0.9385241701737422,0.16607451920166,0.9140180431136726,0.46687778424220716,1.3053530001079565,11.874830404893219,0.04143035005068718,9.983026619588781,0.02664106548589018,,,5,6
ihdp_disconnected_sweep,Glmtrans_OptionB,37,1532115554,FEASIBLE,9.84267282485962,50,0,6,2.7914679893068204,4.7072124338130115,1.9961846911674321,1.9961846911674321,0.8937815126050419,0.7355102040816327,1.0,0.9698039902647615,0.9363028027919826,7.248830264070162,6.361714003990274,0.8887445503079028,1.3900445187780452,-3.8322070997000592,0.7005841649392233,1.996184691167433,4.157033043166344,11.40873670866951,0.507524046274396,9.970051766821985,0.039615918252685844,,,5,6
ihdp_disconnected_sweep,ProxyOnly,38,1888681147,FEASIBLE,1.5975723266601562,50,0,6,2.5844221424985565,1.4255747047532663,1.7669381650236595,-1.7669381650236595,0.8295852769109884,0.6765876148939939,0.9572329137818653,0.9607570899848686,0.9319127327091433,5.0147940772803015,4.83224486878686,0.8554291113072013,0.4274539585554029,2.583145319013692,0.7355866299311185,1.9486414200323894,4.639677920475642,9.226989062504002,0.5626459654863893,7.535767653024217,0.03947539966837432,,,48,6
ihdp_disconnected_sweep,IPWTransport,38,1888681147,FEASIBLE,0.17687654495239258,50,0,6,2.0286858522778837,4.606546705951175,1.4140338361742488,1.4140338361742488,0.5233101903438506,0.38757611519853474,0.8165672703103524,0.8731171242993877,0.9059818857858286,4.277868689946081,4.391448980940754,0.5276557490590918,0.5331407185915936,0.7365752487403767,0.247211864795159,1.4153384220851786,2.6836320357982357,9.761831549043771,0.02780347894661972,7.447608475454996,0.12763457723759508,,,48,6
ihdp_disconnected_sweep,EntropyBalancing,38,1888681147,FEASIBLE,0.1804652214050293,50,0,6,1.762974874305344,4.385365188806916,1.1928523190299902,1.1928523190299902,0.5349104254314949,0.3975996354191865,0.8305668181521749,0.8633801998599758,0.8992598383040838,4.351210139650737,4.342475932861708,0.5518628080907066,0.6967784796905254,0.13688478063228923,0.30783293946656776,1.1928523190299898,2.192385345157377,9.761831549043771,0.02780347894661972,7.4378138658391855,0.13742918685340566,,,48,6
ihdp_disconnected_sweep,OutcomeModelTransport,38,1888681147,FEASIBLE,0.013773679733276367,50,0,6,1.5317838627550933,3.9120755748693488,0.7195627050924229,0.7195627050924229,0.5373652469645648,0.3959290487157446,0.9232746219301177,0.8753156639044227,0.881245369076434,4.836891877720638,4.402506803813987,0.5544357544115355,0.6429179375438397,0.6773693096662936,0.2684981484051191,0.8888043399258976,1.4920728911270218,9.761831549043771,0.02780347894661972,7.449820040029643,0.12542301266294853,,,48,6
ihdp_disconnected_sweep,AnchorPlugin,38,1888681147,FEASIBLE,1.4222149848937988,50,0,6,0.8738028361788671,2.673043755926929,0.5194691138499969,-0.5194691138499969,0.9281632082781891,0.7835051639142794,0.9468341392816655,0.99932739101544,0.9925479475347243,4.9603165180324185,5.02623889827196,0.9525241652516349,0.7721591916975635,1.128497563828168,0.8545501062466618,0.6667003840394248,1.0121995341538592,9.757222207179362,0.03241282081102881,7.574566458921237,0.0006765937713542058,,,48,6
ihdp_disconnected_sweep,Glmtrans_OptionB,38,1888681147,FEASIBLE,10.328952550888062,50,0,6,1.3675646582174334,3.8482152994715504,0.6557024296946246,0.6557024296946246,0.624846522826988,0.4869096815941659,0.8641495650436807,0.8445233928131195,0.8966302741140088,4.52714491768189,4.247633323794612,0.6250954543277591,0.9176234435836438,-0.3386997049754213,0.36150924021726094,0.7162580545403372,2.0513237997504343,9.761831549043771,0.02780347894661972,7.418845344025767,0.156397708666824,,,48,6
ihdp_disconnected_sweep,ProxyOnly,41,1615034084,FEASIBLE,2.517615556716919,50,0,6,3.1468278253244817,7.89308818764997,1.9681221714955184,1.9681221714955184,0.7327250900360143,0.5444897959183673,0.8899818476979744,0.9297577295314132,0.9019522297730325,10.145517194688008,9.864111077578173,0.7874374843545587,0.7472251023886475,0.02705238697507797,0.690739176921096,2.1286340697772523,3.644917552919697,18.167960328543913,0.10592452903411953,14.080447971489335,0.14904475353867142,,,35,6
ihdp_disconnected_sweep,IPWTransport,41,1615034084,FEASIBLE,0.1865222454071045,50,0,6,2.946571258496945,7.7661298846263715,1.84116386847192,1.84116386847192,0.9543817527010804,0.8204081632653062,0.9834746302333319,0.9908966281077979,0.9859653124504073,11.211305935486676,10.512754124646133,0.965379075632694,0.6677764782124178,0.7389271524584431,0.8759442949213598,1.8411638684719192,6.342541443617263,18.220603881874602,0.053280975703430045,14.210176580902926,0.01931614412507976,,,35,6
ihdp_disconnected_sweep,EntropyBalancing,41,1615034084,FEASIBLE,0.4422492980957031,50,0,6,2.5346617224279893,6.946600737227141,1.0216347210726893,1.0216347210726893,0.9518847539015606,0.8122448979591836,0.9834746302333319,0.9908966281077979,0.978316982061077,11.211305935486676,10.512754124646133,0.9626474287251694,0.667344572134273,1.2891897193819786,0.8694955862385789,1.6648267891993749,5.310004043984749,18.17573662679275,0.09814823078528079,14.210176580902926,0.01931614412507976,,,35,6
ihdp_disconnected_sweep,OutcomeModelTransport,41,1615034084,FEASIBLE,0.03699946403503418,50,0,6,2.4342486718234158,6.485849762277248,0.5608837461227969,0.5608837461227969,0.950828331332533,0.8106122448979591,0.9834746302333319,0.9908966281077979,0.9776793395073418,11.211305935486676,10.512754124646133,0.9633150541565311,0.6587201148986345,1.6526063155319,0.8729332726690843,1.6367066759037794,5.216647333193135,18.21072875516405,0.06315610241398062,14.210176580902926,0.01931614412507976,,,35,6
ihdp_disconnected_sweep,AnchorPlugin,41,1615034084,FEASIBLE,2.416229486465454,50,0,6,1.349194378801598,5.8726210106133445,0.05234500554110699,-0.05234500554110699,0.9636014405762304,0.8448979591836735,0.9689078696510738,0.9871600663904377,0.9938317089519277,11.045249380130553,10.473111690216637,0.9691026621054377,0.9001599703472137,0.6386676613803209,0.8939331348110141,0.5461897423931924,1.8735405629213542,18.239589883071083,0.03429497450694896,14.202248094017024,0.027244631010981735,,,35,6
ihdp_disconnected_sweep,Glmtrans_OptionB,41,1615034084,FEASIBLE,11.744420289993286,50,0,6,3.5899257734099064,3.02112625068185,2.9038397654726014,-2.9038397654726014,0.9520768307322929,0.8138775510204082,0.9745766043317251,0.9908966281077979,0.978316982061077,11.1098711983434,10.512754124646133,0.9589265805300913,0.7008740973438706,3.807536882245937,0.8718610267650995,3.119670548954343,4.8649107496709405,17.441901200688015,0.8319836568900172,14.210176580902926,0.01931614412507976,,,35,6
ihdp_disconnected_sweep,ProxyOnly,40,2094226306,FEASIBLE,2.3354742527008057,50,0,6,1.1943900386469142,3.7248553269967117,0.33201380253159263,-0.33201380253159263,0.19630723432391378,0.13066558868000672,0.9778283821873949,0.9883353914414513,0.9890351115648622,4.0742912502847135,4.117092022258639,0.40419805980448353,0.05722798767085923,3.8437031547992024,0.1592283894676072,0.8453867375893358,2.6762280124730085,5.32071048840215,0.0700205163533294,2.157280279678903,0.009718212512683788,,,7,6
ihdp_disconnected_sweep,IPWTransport,40,2094226306,FEASIBLE,0.4097449779510498,50,0,6,0.8002386107021454,4.105261064306109,0.04839193477780501,0.04839193477780501,0.3439698433126699,0.23029810004851187,0.9936800407440468,0.9906856908423083,0.992049891250809,4.140339930131164,4.126882624717056,0.48590114718134836,0.07267642157568828,3.758513445740535,0.12578748118088323,0.6615613562482701,1.4188423295665311,5.390731004755479,0.0,2.159238400170586,0.007760092021000364,,,7,6
ihdp_disconnected_sweep,EntropyBalancing,40,2094226306,FEASIBLE,0.6583864688873291,50,0,6,3.1660161680007923,2.5990105187941306,1.4578586107341738,-1.4578586107341738,0.3836826815675321,0.2678644567940138,0.996825882971146,0.9947261579197476,0.9930005196957746,4.153447626424429,4.143713930076325,0.38513583443336624,0.016372105554920798,4.014317854976256,0.07297514215706413,2.4728082284154125,6.299647228984587,4.505657319978282,0.885073684777197,2.16260466124244,0.004393830949146693,,,7,6
ihdp_disconnected_sweep,OutcomeModelTransport,40,2094226306,FEASIBLE,0.054314613342285156,50,0,6,0.5949119332377786,3.978876774272795,0.07799235525550952,-0.07799235525550952,0.22425508422032225,0.1453654674065075,0.9881998127419414,0.9876151274262358,0.9858358760920269,4.117505611343448,4.114091630633849,0.3263798405110451,0.0663349608227589,3.7929304945883335,0.05398694979516527,0.47218282992404415,1.097047677375878,5.390731004755479,0.0,2.156680201353945,0.010318290837641797,,,7,6
ihdp_disconnected_sweep,AnchorPlugin,40,2094226306,FEASIBLE,2.646543264389038,50,0,6,0.673417402903418,3.785978470137396,0.2708906593909082,-0.2708906593909082,0.3362865856091899,0.21559822132201112,0.9758823693652192,0.9751281246140012,0.981984095436137,4.0661828509390165,4.062074734238799,0.4649039482864677,0.09698230346552987,3.6896962166234766,0.13677370085488072,0.5282198703325427,1.3296786193496097,5.390731004755479,0.0,2.1462768220749346,0.020721670116651936,,,7,6
ihdp_disconnected_sweep,Glmtrans_OptionB,40,2094226306,FEASIBLE,11.662384510040283,50,0,6,0.308205824535857,3.8022173864285964,0.25465174309970795,-0.25465174309970795,0.5642760839808798,0.4344929326942065,0.9888817397234341,0.9891111956813256,0.9927594129790752,4.1203469781769755,4.120323776857816,0.5902687358695227,0.49637289323902745,2.1695514847030073,0.2993081605269735,0.2546517430997067,0.4043153343537931,5.390731004755479,0.0,2.1579266305987383,0.00907186159284823,,,7,6
ihdp_disconnected_sweep,ProxyOnly,42,2084512092,FEASIBLE,2.2282986640930176,50,0,6,1.6180203377715536,5.0094413963133215,0.06688285076514333,0.06688285076514333,0.5201920768307322,0.36979591836734693,0.9674010688091127,0.9411812290540578,0.9000492359079504,6.197082565670682,5.913792591488512,0.5318949813229565,0.3113982380417029,3.3826273211630395,0.2868273322488655,1.1935142686852822,2.474311064159158,9.441252557256899,0.0,5.681452530006425,0.0739160538104171,,,43,6
ihdp_disconnected_sweep,IPWTransport,42,2084512092,FEASIBLE,0.3186502456665039,50,0,6,0.8296478880898457,4.664143110922077,0.2784154346261012,-0.2784154346261012,0.8722689075630251,0.6914285714285714,0.9908891783519315,0.9906623859992956,0.9941386155686511,6.3475452422599785,6.22470115014637,0.8733691484517577,0.6411952657075375,1.9519320642425166,0.7360043435697732,0.5640533064410533,0.9872245729968294,9.441252557256899,0.0,5.743634241737996,0.011734342078845827,,,43,6
ihdp_disconnected_sweep,EntropyBalancing,42,2084512092,FEASIBLE,0.720285177230835,50,0,6,1.0566674699639853,4.527167615484317,0.41539093006386096,-0.41539093006386096,0.8221368547418967,0.6146938775510205,0.9765024979016396,0.9727005523468724,0.9772609909950093,6.255385486114442,6.111840252049189,0.8198277754458055,0.5564876508244186,2.423245674318924,0.6463509151454567,0.7434289654697444,1.5799062780816753,9.441252557256899,0.0,5.721062062118559,0.034306521698282744,,,43,6
ihdp_disconnected_sweep,OutcomeModelTransport,42,2084512092,FEASIBLE,0.04240727424621582,50,0,6,0.8522597424299733,4.385644843259221,0.5569137022889574,-0.5569137022889574,0.9356542617046818,0.7959183673469388,0.9917963269253272,0.9987335445178205,0.9899051202508079,6.353356352863344,6.27541524853479,0.9345599739899556,0.689470115854977,1.918787487367463,0.8318075692873452,0.6443027172081873,1.396497353043124,9.441252557256899,0.0,5.753777061415681,0.0015915224011608942,,,43,6
ihdp_disconnected_sweep,AnchorPlugin,42,2084512092,FEASIBLE,2.0148262977600098,50,0,6,0.953193787405194,4.5651631089350255,0.37739543661315267,-0.37739543661315267,0.8741896758703481,0.6914285714285714,0.9866719262971416,0.977373954946918,0.9684670865073968,6.320529912190156,6.141204983112695,0.8806833070370702,0.6119113246310371,2.1490835404030024,0.6353234575546041,0.6861048211098509,1.2296313329566608,9.441252557256899,0.0,5.726935008331261,0.028433575485580675,,,43,6
ihdp_disconnected_sweep,Glmtrans_OptionB,42,2084512092,FEASIBLE,11.525911092758179,50,0,6,0.49931725539252,4.619939272374208,0.3226192731739701,-0.3226192731739701,0.9637935174069627,0.8530612244897959,0.9991630128007529,0.9928256649830886,0.9996459476399626,6.400546667281304,6.238293838602912,0.9660028080668647,0.8723748577159802,0.9122396801542579,0.9017263174460627,0.3401735645700097,0.8601533192299198,9.441252557256899,0.0,5.746352779429304,0.009015804387537685,,,43,6
ihdp_disconnected_sweep,ProxyOnly,43,968209248,FEASIBLE,3.1897408962249756,50,0,6,1.6638149452784463,5.466827033531072,0.5843014168917815,0.5843014168917815,0.8959784389326931,0.740184179434289,0.8682707148015981,0.898681583992436,0.9562583138845375,9.14015680123966,8.71026398316636,0.923938987695154,0.9956136853459379,-0.5603221933633786,0.8391316298458408,0.7726876717801906,1.5332953868187404,23.733675285638757,0.07531307273491805,20.390390041020122,0.19640107586527833,,,49,6
ihdp_disconnected_sweep,IPWTransport,43,968209248,FEASIBLE,0.17341351509094238,50,0,6,2.096703792480478,6.411759508829665,1.5292338921903745,1.5292338921903745,0.9482073437971412,0.8305117403144058,0.9747405567210259,0.973227618923747,0.9783466381134552,10.26094900712344,9.432784233626421,0.9507327005390692,0.8906346216181142,-0.8280093874135648,0.87681594506572,1.5292338921903752,2.904195711266752,23.658362212903832,0.1506261454698432,20.534894091112132,0.05189702577326827,,,49,6
ihdp_disconnected_sweep,EntropyBalancing,43,968209248,FEASIBLE,0.24220681190490723,50,0,6,3.827590624454189,6.787284731684609,1.9047591150453194,1.9047591150453194,0.639743913040106,0.4692014967939392,0.849118817163381,0.8724698129168724,0.8998450607288162,8.93854762051934,8.456212437434,0.5930845585895104,0.7455150538983626,-0.1774973259260945,0.304813451672733,2.4224858147255928,4.787664273784456,23.53086286102614,0.2781254973475349,20.339579731873652,0.24721138501174877,,,49,6
ihdp_disconnected_sweep,OutcomeModelTransport,43,968209248,FEASIBLE,0.007206916809082031,50,0,6,1.8294033296067227,6.115609310706535,1.2330836940672452,1.2330836940672452,0.9559574393576723,0.8472390664033163,0.9979831659484595,0.973227618923747,0.9783466381134552,10.505620500918122,9.432784233626421,0.9593047106412377,0.9004669582631526,-0.6243784972984382,0.8898059192896007,1.2330836940672445,2.356593496702706,23.648988976358773,0.15999938201490238,20.534894091112132,0.05189702577326827,,,49,6
ihdp_disconnected_sweep,AnchorPlugin,43,968209248,FEASIBLE,2.7130370140075684,50,0,6,1.4207726204120403,5.160617041525643,0.27809142488635263,0.27809142488635263,0.951865773999628,0.8204753446610594,0.9979831659484594,0.9987805969774431,0.9771381896176317,10.50562050091812,9.68045057993671,0.9495375703846971,1.0305627059456326,-0.4358138460245202,0.8720750148644887,0.5416700036014704,1.7680603085956321,23.596802697216006,0.2121856611576689,20.584427360374193,0.002363756511208237,,,49,6
ihdp_disconnected_sweep,Glmtrans_OptionB,43,968209248,FEASIBLE,9.6299569606781,50,0,6,1.1173427712357011,5.611773756297887,0.7292481396585968,0.7292481396585968,0.983106842439284,0.9241847664123045,0.9979831659484594,0.9860661845560899,0.9892985102209291,10.50562050091812,9.55721906996313,0.9906870572480232,0.9922958783136193,-0.6860143517636357,0.9525483971612154,0.7990373432396997,1.69597334080403,23.733675285638757,0.07531307273491805,20.559781058379475,0.027010058505926082,,,49,6
ihdp_disconnected_sweep,ProxyOnly,45,2049017667,FEASIBLE,2.0024144649505615,50,0,6,1.4768777960841997,4.0136097776951365,0.012170252109915403,-0.012170252109915403,0.6388955582232894,0.4889795918367347,0.9434773039140483,0.8678086789969739,0.8747606832759229,7.23256161510637,6.170293774212904,0.7787198015204259,0.81967076015512,0.7359414523556592,0.814057650321551,0.7249263759384041,2.0349203084180782,12.61463664851066,0.002181466824163536,9.517145607124299,0.18798136149841405,,,18,6
ihdp_disconnected_sweep,IPWTransport,45,2049017667,FEASIBLE,0.2509136199951172,50,0,6,1.820265704746127,2.8909261510967053,1.1348538787083466,-1.1348538787083466,0.9506362545018008,0.8318367346938775,1.0,0.9953613109386643,0.9749269704527253,7.665856491832753,7.07721857204271,0.9611350526658021,0.9683491146010864,1.226354251013431,0.7915732431212483,1.2004815834801628,1.8511821165662545,12.576685167595738,0.04013294773908527,9.69853056669026,0.006596401932451812,,,18,6
ihdp_disconnected_sweep,EntropyBalancing,45,2049017667,FEASIBLE,0.3988072872161865,50,0,6,2.085404354130655,2.525553809590801,1.500226220214251,-1.500226220214251,0.9477551020408164,0.8155102040816327,1.0,0.9953613109386643,0.9774627696928668,7.665856491832753,7.07721857204271,0.9602768504376812,0.926703893765492,1.6853394805429838,0.7881405471385963,1.5259306600624678,2.522451563570633,12.512941415792202,0.1038766995426208,9.69853056669026,0.006596401932451812,,,18,6
ihdp_disconnected_sweep,OutcomeModelTransport,45,2049017667,FEASIBLE,0.0407106876373291,50,0,6,1.6908719974275765,3.0966004730084142,0.9291795567966377,-0.9291795567966377,0.9605282112845137,0.8481632653061225,0.9872396961142859,0.9953613109386643,0.9930497893678846,7.568037833452692,7.07721857204271,0.9691667908659072,1.00899057213916,0.9013393468578995,0.7938695962975738,1.0689304137049436,1.7254559988397342,12.576685167595738,0.04013294773908527,9.69853056669026,0.006596401932451812,,,18,6
ihdp_disconnected_sweep,AnchorPlugin,45,2049017667,FEASIBLE,2.7627627849578857,50,0,6,0.9321074862283767,3.714154563710936,0.311625466094116,-0.311625466094116,0.9156782713085234,0.7779591836734694,0.9980033373933633,0.9997749944983626,0.9794776300920123,7.650550362827667,7.108600747456339,0.9501431952299476,0.951790833907276,0.49068176035010536,0.9226333802708931,0.403773854446966,0.9600301805284674,12.586736767652587,0.030081347682235915,9.704807001772986,0.00031996684972668277,,,18,6
ihdp_disconnected_sweep,Glmtrans_OptionB,45,2049017667,FEASIBLE,9.016750574111938,50,0,6,1.4081021754330698,3.923233234788326,0.10254679501672603,-0.10254679501672603,0.9748379351740697,0.8742857142857143,1.0,0.9899367611122665,0.9944825370425098,7.665856491832753,7.038648934711569,0.9781863230778719,1.0319950892765324,-0.022977402582987208,0.796994207820164,0.6946285649438968,1.7678681690052436,12.569301312787907,0.047516802546915926,9.690816639224032,0.014310329398680821,,,18,6
ihdp_disconnected_sweep,ProxyOnly,46,1017292524,FEASIBLE,2.392427921295166,50,0,6,1.2469508695081175,4.314824991756223,0.12262206848859059,0.12262206848859059,0.8139735894357742,0.6489795918367347,0.9100805911523268,0.9704926789262441,0.9314752945681143,6.56120096703494,6.711226168213415,0.8747233026935357,0.8769731321538952,0.4082173355512699,0.8606709665192848,0.5979045180102573,1.3523098757637362,10.434695539548411,0.0,7.281685517703668,0.04081026259016607,,,25,6
ihdp_disconnected_sweep,IPWTransport,46,1017292524,FEASIBLE,0.37975358963012695,50,0,6,2.0061194468265287,3.0690133616236484,1.1231895616439838,-1.1231895616439838,0.8513325330132053,0.683265306122449,0.9897353639041331,0.93887568334113,0.9526191657256791,7.135469858261764,6.492585870621606,0.8996012946750919,0.9664489965120721,1.2261580396443135,0.7204774869804282,1.3014804941020977,2.730865975661917,10.338058206091278,0.09663733345713332,7.237957458185307,0.08453832210852674,,,25,6
ihdp_disconnected_sweep,EntropyBalancing,46,1017292524,FEASIBLE,0.27101826667785645,50,0,6,2.721136054531391,4.506395634521526,0.31419271125389425,0.31419271125389425,0.8181032412965185,0.6326530612244898,0.9131648857046605,0.9361297890034594,0.9506218906630877,6.583437103698143,6.473597249342656,0.8634195584113978,0.5638469175915969,1.6512856352944407,0.6438098994031451,1.8070501651840372,4.752793900495298,10.16765962344682,0.26703591610159094,7.234159733929516,0.08833604636431769,,,25,6
ihdp_disconnected_sweep,OutcomeModelTransport,46,1017292524,FEASIBLE,0.040860891342163086,50,0,6,1.783212522380835,3.404632172288129,0.7875707509795031,-0.7875707509795031,0.8745738295318126,0.7159183673469388,0.9897353639041331,0.9519016668295197,0.9492461805573388,7.135469858261764,6.582664160908884,0.9153127167849071,1.0487971324520817,0.6214344639177402,0.7418546406093658,0.9570157143224082,2.4206815410640794,10.319878144323985,0.11481739522442602,7.255973116242762,0.06652266405107188,,,25,6
ihdp_disconnected_sweep,AnchorPlugin,46,1017292524,FEASIBLE,2.79488468170166,50,0,6,1.2222060959064462,4.297733417389954,0.10553049412232163,0.10553049412232163,0.8697719087635054,0.7044897959183674,1.0,0.9620688488206424,0.965137780242541,7.209472469605435,6.652973045578993,0.9214628321681498,1.059620733526557,-0.3617645129687099,0.8522356399716722,0.37359348836885864,0.71485173236344,10.348196993101704,0.08649854644670718,7.270034893176785,0.052460887117049104,,,25,6
ihdp_disconnected_sweep,Glmtrans_OptionB,46,1017292524,FEASIBLE,9.352930784225464,50,0,6,1.605451389051336,4.312598455699678,0.12039553243204626,0.12039553243204626,0.9025210084033614,0.7436734693877551,1.0,0.9788678151526612,0.9682089612018051,7.209472469605435,6.769142559161639,0.9395168366583063,1.2019416544149866,-0.991288799403557,0.761396642150227,0.7396625434183098,3.3358615688712674,10.36021884149673,0.07447669805168111,7.293268795893314,0.02922698440051974,,,25,6
ihdp_disconnected_sweep,ProxyOnly,44,130637807,FEASIBLE,2.511594533920288,50,0,6,1.730683077144141,2.520875495144244,1.0193643015504623,-1.0193643015504623,0.8856552891065216,0.721996059441974,0.9630122727839796,0.9512024066694835,0.9337165888718095,5.5523521375660225,5.276042081288183,0.9199477247741825,0.6100854267397637,2.002290394481818,0.8063832264269655,1.3538029699564473,2.781057817042672,8.35039972521331,0.16538807430074698,5.913827177771993,0.054133201108868434,,,8,6
ihdp_disconnected_sweep,IPWTransport,44,130637807,FEASIBLE,0.27830934524536133,50,0,6,1.2711917940080468,3.404679456126702,0.13556034056800437,-0.13556034056800437,0.8650050464909808,0.6778422800423516,0.9399735391366946,0.9738557285246703,0.9750067816313516,5.419519809641982,5.401693444815967,0.8919248833235727,0.7031620114986155,1.1461985418166407,0.6971100332502747,0.8044970260953541,1.9928176141825693,8.491146654270748,0.02464114524330796,5.93895745047755,0.029002928403311756,,,8,6
ihdp_disconnected_sweep,EntropyBalancing,44,130637807,FEASIBLE,0.3307666778564453,50,0,6,1.5119027376534195,3.549994419361872,0.009754622667165869,0.009754622667165869,0.8052634143660207,0.6222412245020864,0.9156652550165949,0.9813132829233029,0.9723243368371423,5.279367750203926,5.443058322106856,0.8534796325924762,0.6160007403733745,1.3534406060464441,0.6360468001579129,0.9269896596319429,2.4115061298720173,8.415944414466328,0.09984338504772872,5.947230425935728,0.02072995294513369,,,8,6
ihdp_disconnected_sweep,OutcomeModelTransport,44,130637807,FEASIBLE,0.036533355712890625,50,0,6,1.15083993803671,3.5092276186167464,0.031012178077959973,-0.031012178077959973,0.888488694488654,0.7497965872121066,0.9786675281038204,0.9999991155347744,0.9924977342682038,5.6426142170803075,5.546703180962104,0.9014285267295771,0.8497866562435034,0.5581449926730291,0.6669985688704563,0.3737206162904205,1.103673224090497,8.398858558209064,0.11692924130499271,5.967959397706777,9.811740842025074e-07,,,8,6
ihdp_disconnected_sweep,AnchorPlugin,44,130637807,FEASIBLE,2.9426136016845703,50,0,6,0.8032724003701585,3.051468658642674,0.4887711380520323,-0.4887711380520323,0.9111559375457127,0.7759617898192903,0.9746565321336278,0.9864900396627885,0.9743537704665297,5.619488382988406,5.4717722805773255,0.9459358892233027,0.8430632591815408,0.9676586840490886,0.9233547495532539,0.5362346304955411,1.0822328753709916,8.501726806695906,0.014060992818150098,5.952973217629822,0.014987161251039716,,,8,6
ihdp_disconnected_sweep,Glmtrans_OptionB,44,130637807,FEASIBLE,9.930372714996338,50,0,6,0.9153377160724187,3.554656049255148,0.014416252560441656,0.014416252560441656,0.954329351758204,0.8479160969890454,1.0,0.9999982310315467,0.9966791842477174,5.765608907054409,5.546698274880898,0.9666701239335428,1.1037555114009996,-0.38323140880556805,0.7829688196530312,0.5292971016476129,1.953102338767394,8.398858558209064,0.11692924130499271,5.9679584164905375,1.962390324017349e-06,,,8,6
ihdp_disconnected_sweep,ProxyOnly,47,1349785219,FEASIBLE,3.0063185691833496,50,0,6,1.41455081105001,4.234484514446211,0.4818248868832118,0.4818248868832118,0.6084513805522209,0.433469387755102,0.8592598088107551,0.8912308350562198,0.9101996099629288,4.312823303823898,4.353987236943871,0.6642714863044388,0.3587190028954728,2.2336695647645364,0.4199508576444997,0.980886576620161,2.671930139880515,7.625447783908341,0.0,4.743585603734115,0.10627539741898406,,,20,6
ihdp_disconnected_sweep,IPWTransport,47,1349785219,FEASIBLE,0.20866823196411133,50,0,6,1.1867932836100585,4.12607114762152,0.37341152005852063,0.37341152005852063,0.6384153661464586,0.4546938775510204,0.8975598272115562,0.905093358689091,0.9152067348812309,4.505059936099852,4.421710713954792,0.6942111322947055,0.42490393599112625,1.9994757567591923,0.4556714958807654,0.8062966524232795,2.311739648009941,7.625447783908341,0.0,4.757130299136298,0.09273070201680067,,,20,6
ihdp_disconnected_sweep,EntropyBalancing,47,1349785219,FEASIBLE,0.05005240440368652,50,0,6,1.0434975623837301,3.959611537056042,0.20695190949304276,0.20695190949304276,0.7831452581032412,0.6,0.9721628208531538,0.9574900377133625,0.9598606842382587,4.879509580099634,4.677687575118411,0.8210811632840007,0.47587744935211346,1.8683697888835669,0.6419026852120777,0.6638560006193656,1.8931482802483552,7.625447783908341,0.0,4.808325671369023,0.04153532978407615,,,20,6
ihdp_disconnected_sweep,OutcomeModelTransport,47,1349785219,FEASIBLE,0.006915569305419922,50,0,6,1.0675586514363107,4.378751348701926,0.626091721138927,0.626091721138927,0.6281392557022808,0.44653061224489793,0.8975598272115562,0.9004996570732512,0.9070441708151126,4.505059936099852,4.399268808424859,0.6856779358412087,0.5753858005592178,1.2331882773403886,0.4116839688752042,0.635828101230144,2.05935635016837,7.625447783908341,0.0,4.752641918030312,0.09721908312278682,,,20,6
ihdp_disconnected_sweep,AnchorPlugin,47,1349785219,FEASIBLE,1.429081678390503,50,0,6,0.5940945636848246,4.020464814257777,0.26780518669477793,0.26780518669477793,0.8095558223289315,0.6195918367346939,0.9543093791109418,0.915491836852243,0.9474760243924115,4.789899035291489,4.4725110671575035,0.82917746441887,0.9330680048360914,0.001292544809788713,0.6979802460392106,0.2961293489102362,0.7772915995968743,7.625447783908341,0.0,4.767290369776841,0.08257063137625753,,,20,6
ihdp_disconnected_sweep,Glmtrans_OptionB,47,1349785219,FEASIBLE,10.223960638046265,50,0,6,0.8732190196420323,4.217641064448754,0.464981436885755,0.464981436885755,0.6442737094837935,0.4530612244897959,0.9328794580320096,0.9258437423444004,0.8961038351076883,4.682337315214946,4.52308389589952,0.6939567437824399,0.8082716606612413,0.3436598803279563,0.4305580782201751,0.5284194688460961,1.0689515354763728,7.625447783908341,0.0,4.777404935525244,0.072456065627855,,,20,6
ihdp_disconnected_sweep,ProxyOnly,49,751528357,FEASIBLE,1.888667345046997,50,0,6,2.09767936149637,2.899761927655187,1.0471579204021229,-1.0471579204021229,0.7246926631483106,0.5743465969107411,0.8515990891912528,0.9334963886044687,0.953175844737728,4.85865186940929,5.127837603551003,0.7769304518494923,0.38860017450034,2.820071856961061,0.5908367600544017,1.6262596716267024,3.8075049948895994,8.135768001301171,0.20308009786194425,5.4174957718160055,0.07306288989414433,,,8,6
ihdp_disconnected_sweep,IPWTransport,49,751528357,FEASIBLE,0.30345988273620605,50,0,6,1.8076251775854852,4.790575475703162,0.8436556276458518,0.8436556276458518,0.7660872079520905,0.5841505217513228,0.9706008756360403,0.957683129416636,0.9623049409372453,5.5375960574803536,5.260699048499265,0.7730003328154088,0.4212098119533582,1.929082452788012,0.504351628311819,1.2283820695843997,3.2867948507631874,8.338848099163116,0.0,5.444068060805657,0.04649060090449275,,,8,6
ihdp_disconnected_sweep,EntropyBalancing,49,751528357,FEASIBLE,0.05907106399536133,50,0,6,1.7594436566882556,5.034686969429227,1.0877671213719173,1.0877671213719173,0.7164809843067256,0.5089870979735303,0.9477076451035857,0.9484584151888343,0.9353043627246599,5.406982675273755,5.210026290600277,0.7201386553405497,0.47883654593126357,1.5361277297706792,0.4521592635417673,1.3264507843404663,2.7283681350575604,8.298498712702388,0.04034938646072739,5.43393350922586,0.056625152484289565,,,8,6
ihdp_disconnected_sweep,OutcomeModelTransport,49,751528357,FEASIBLE,0.00811004638671875,50,0,6,1.4845922130533895,4.802267786460437,0.8553479384031268,0.8553479384031268,0.8082500969749662,0.6266341960605099,0.9427985221012383,0.9556531618799398,0.9676336516618896,5.378974519845634,5.249548128157494,0.8339217833923236,0.5410732097116411,1.3485414029423441,0.5909522837734049,0.9108359367320227,2.920828554750811,8.338848099163116,0.0,5.441837876737305,0.048720784972845266,,,8,6
ihdp_disconnected_sweep,AnchorPlugin,49,751528357,FEASIBLE,1.3034467697143555,50,0,6,0.6839325583442767,3.6823773185489115,0.2645425295083985,-0.2645425295083985,0.9205724175040166,0.765523131302083,0.9320527608612296,0.9505034430905002,0.9707902530449498,5.317666430628938,5.221259939816799,0.9226309495885983,0.9301512435753769,0.5217520058952785,0.779030690590188,0.29682854470890596,0.6444140181203033,8.298498712702388,0.04034938646072739,5.436180239069165,0.054378422640985136,,,8,6
ihdp_disconnected_sweep,Glmtrans_OptionB,49,751528357,FEASIBLE,11.157532930374146,50,0,6,4.196135453547139,6.53222433813249,2.5853044900751803,2.5853044900751803,0.8315405311163042,0.6658498954228363,0.9705992867795855,0.9556531618799398,0.9317707483470193,5.537586992533617,5.249548128157494,0.8630421833823245,0.20813602128485495,2.587328664178319,0.38508289931255046,2.646792708075484,8.105821723353861,8.338848099163116,0.0,5.441837876737305,0.048720784972845266,,,8,6
ihdp_disconnected_sweep,ProxyOnly,48,116025558,FEASIBLE,2.4231643676757812,50,0,6,18.049973183156446,-12.973946845706585,4.656328062043517,-4.656328062043517,0.9217286914765905,0.8057142857142857,0.8495083175691628,0.969816132189006,0.9405127236198305,24.374941066943904,23.09869373556642,0.961034853140416,0.7445878767438336,1.3426247511689446,0.896281501270777,6.586337403037405,39.23884078945052,65.58356286387013,1.021461832274369,63.63212596162631,0.14378146437867656,,,9,6
ihdp_disconnected_sweep,IPWTransport,48,116025558,FEASIBLE,0.09708571434020996,50,0,6,24.239258930631376,-1.445511483230129,6.872107300432939,6.872107300432939,0.9726290516206483,0.8742857142857143,1.0,0.9511315122119507,0.9660180386318021,28.69299871800186,22.653670911042674,0.9808862215254227,1.8237348025254856,-5.681389184246045,0.7894058299481805,8.552229923736585,53.855940743005455,66.37377705343775,0.23124764270674802,63.54312139672156,0.2327860292834245,,,9,6
ihdp_disconnected_sweep,EntropyBalancing,48,116025558,FEASIBLE,0.07917284965515137,50,0,6,25.156756836554177,3.0009997073991257,11.318618491062194,11.318618491062194,0.9201920768307322,0.7812244897959183,0.899175924732454,0.9081600391231633,0.9001926095957085,25.80005365560644,21.63019350816257,0.9360122186789043,1.4628055206308381,-12.707497723058038,0.7254355891436695,11.318618491062194,38.560565648300674,66.05398160937158,0.5510430867729212,63.338425916145546,0.43748150985943823,,,9,6
ihdp_disconnected_sweep,OutcomeModelTransport,48,116025558,FEASIBLE,0.013756513595581055,50,0,6,26.42415561895277,0.47635794970425976,8.793976733367328,8.793976733367328,0.9769507803121248,0.8906122448979592,0.9581668991353843,0.9652924136477857,0.9915893637578854,27.4926816085234,22.990949612055402,0.9862021881418243,2.1221485614692104,-9.328521121372386,0.7953031428496686,10.985399362046303,61.909018685921,66.43414382913363,0.17088086701086524,63.610577136924114,0.16533028908087033,,,9,6
ihdp_disconnected_sweep,AnchorPlugin,48,116025558,FEASIBLE,1.652888298034668,50,0,6,17.08672816513602,-8.415044500961868,0.09742571729879934,-0.09742571729879934,0.924609843937575,0.7893877551020408,0.9285002743579921,0.9908817663307196,0.9006781885039964,26.641457181818243,23.60042660557616,0.9554148959632449,1.1588176175696125,1.4338830366838227,0.8144913813813386,4.32151157919235,13.856026901057362,65.7943920797075,0.8106326164369904,63.73247253562826,0.04343489037672299,,,9,6
ihdp_disconnected_sweep,Glmtrans_OptionB,48,116025558,FEASIBLE,11.765750646591187,50,0,6,26.436931513890922,0.3630348426527483,8.680653626315816,8.680653626315816,0.9795438175270108,0.8971428571428571,1.0,0.9652924136477857,0.9915893637578854,28.69299871800186,22.990949612055402,0.9894328897944817,2.146113977327729,-9.096732933737105,0.7989702447157776,11.06463828439706,62.26299454576118,66.43414382913363,0.17088086701086524,63.610577136924114,0.16533028908087033,,,9,6
ihdp_disconnected_sweep,ProxyOnly,0,25352562,FEASIBLE,2.442456007003784,100,0,6,9.170262947954532,19.498064978309017,2.7307096019273693,-2.7307096019273693,0.9516471647164715,0.8133333333333335,0.9639770102913029,0.9702510164742415,0.9709531910969729,53.75614359242701,49.777163454888786,0.958813141365724,0.9145358282006094,4.397095576989254,0.8947455912166287,4.260920327057683,7.230419989316452,76.58714798575252,0.36193757259286485,60.69654172082206,0.3052447233623212,,,13,6
ihdp_disconnected_sweep,IPWTransport,0,25352562,FEASIBLE,0.08381509780883789,100,0,6,21.184485589156235,16.505999342760393,5.722775237475993,-5.722775237475993,0.8723552355235523,0.6937373737373738,0.97635362166843,0.9622833540512548,0.9483893236800947,54.4463248843807,49.368395385545654,0.8636640876836925,0.6069325467312273,12.210746362790859,0.6651948562062349,13.382235335000562,27.237060396042523,75.4021622735061,1.5469232848392949,60.61478810695343,0.3869983372309562,,,13,6
ihdp_disconnected_sweep,EntropyBalancing,0,25352562,FEASIBLE,0.26900601387023926,100,0,6,28.598672194358393,7.1780533101857795,15.050721270050607,-15.050721270050607,0.7439423942394239,0.5567676767676768,0.92497613961879,0.9463323977167942,0.9307323160727431,51.58126143059233,48.55005729855503,0.7171512926913822,0.5390271072862808,18.359609268500236,0.4746903741407681,17.295781842456776,47.91807947918889,69.92215687946803,7.026928678877354,60.45112048955531,0.5506659546290749,,,13,6
ihdp_disconnected_sweep,OutcomeModelTransport,0,25352562,FEASIBLE,0.022366046905517578,100,0,6,16.928487398053967,22.646327584035827,0.4175530037994406,0.4175530037994406,0.9349294929492948,0.7886868686868688,0.9913902883307513,0.9644822475619254,0.9817900338979523,55.284844064425194,49.48120607045304,0.9304957882719567,0.6737977124637047,6.96973085840936,0.7542268124994501,9.520153169351207,30.747527843505118,76.10641709921323,0.842668459132156,60.637350243934904,0.36443620024947876,,,13,6
ihdp_disconnected_sweep,AnchorPlugin,0,25352562,FEASIBLE,2.051684617996216,100,0,6,7.135906463045169,22.24481119449631,0.01603661425992442,0.01603661425992442,0.9748934893489348,0.8731313131313133,0.9807558773119628,0.9933144849474788,0.9810437036993199,54.69181651330742,50.96039750518724,0.9805789038160924,0.9525148221134114,1.040262202364309,0.9271768218732153,2.6441408792960868,7.013357331660437,76.82955038810907,0.11953517023631832,60.93318853088174,0.06859791330263931,,,13,6
ihdp_disconnected_sweep,Glmtrans_OptionB,0,25352562,FEASIBLE,13.441557168960571,100,0,6,16.51924768089403,23.423075731269577,1.1943011510331907,1.1943011510331907,0.9354335433543354,0.7907070707070709,0.9913902883307513,0.9644822475619254,0.9746236635526758,55.284844064425194,49.48120607045304,0.9327706240390562,0.6874747751438195,6.1260008587051775,0.7556606396189798,8.966633216617232,30.52175298842355,76.49024624899543,0.45883930934995476,60.637350243934904,0.36443620024947876,,,13,6
ihdp_disconnected_sweep,ProxyOnly,2,1630710206,FEASIBLE,1.9569599628448486,100,0,6,1.2163862859376389,3.5353370012276084,0.4944930885071779,-0.4944930885071779,-0.040102250839310884,-0.02788442166441249,0.9877850414456765,0.9690152741574174,0.9681331551909883,4.115029848173423,4.033753383904492,0.05217331900271134,0.024292583944001984,3.9439476188621274,0.019015465581465607,0.9400012750947458,2.399605767238709,5.504569311612559,0.0,2.2814898986586685,0.02579623790255514,,,7,6
ihdp_disconnected_sweep,IPWTransport,2,1630710206,FEASIBLE,0.27812743186950684,100,0,6,0.9486076177465106,3.932090294636751,0.09773979509803521,-0.09773979509803521,-0.029379114186632665,-0.01858961444294166,0.9816516392795221,0.9801910921033113,0.9782774935605039,4.0894786078472505,4.080275347654082,0.08560885175815999,0.02151897054736389,3.9452155544949234,0.010558508658758847,0.7716720348188428,1.7083142937606337,5.504569311612559,0.0,2.2907942914085866,0.01649184515263702,,,7,6
ihdp_disconnected_sweep,EntropyBalancing,2,1630710206,FEASIBLE,0.5044257640838623,100,0,6,1.3680407236424612,3.660603649635627,0.36922644009915917,-0.36922644009915917,-0.07973645206535433,-0.047282280213569006,0.9841257425342382,0.9793040211678126,0.9706139404221682,4.099785515031955,4.0765827068018075,0.017466693236700512,0.0062071348485387414,4.007108229254447,0.0016961336081420253,1.0798873611820137,2.5422054778799223,5.504569311612559,0.0,2.290055763238132,0.01723037332309163,,,7,6
ihdp_disconnected_sweep,OutcomeModelTransport,2,1630710206,FEASIBLE,0.03791546821594238,100,0,6,0.795034687421176,3.7361956588232017,0.2936344309115846,-0.2936344309115846,0.08835336545832913,0.054960599222610124,0.9905039149303797,0.9779655192436691,0.9749763792375795,4.12635644765967,4.07101087856559,0.12255404932322113,0.030484688891295148,3.9159333274385535,0.012856891331588627,0.6465586770300307,1.496254164242362,5.504569311612559,0.0,2.2889413975908885,0.01834473897033506,,,7,6
ihdp_disconnected_sweep,AnchorPlugin,2,1630710206,FEASIBLE,1.6999166011810303,100,0,6,0.8435504949743667,3.5734787866553757,0.45635130307941063,-0.45635130307941063,0.049421238652186804,0.03475449656723876,0.9801475341934714,0.9815303556645253,0.9752906551509475,4.083212631886702,4.085850346383265,0.32392263952132416,0.07778619436314202,3.7518627742834463,0.08527560660997002,0.6628697766339884,1.5951319754607645,5.504569311612559,0.0,2.2919092911544237,0.015376845406799955,,,7,6
ihdp_disconnected_sweep,Glmtrans_OptionB,2,1630710206,FEASIBLE,13.774592876434326,100,0,6,0.49214494282963234,3.700736166687148,0.3290939230476382,-0.3290939230476382,0.13530274800014094,0.09881782408733071,0.9835790810954266,0.9856989906619497,0.9818834886456774,4.097508169209565,4.103203267411001,0.2447846620573315,0.11006543722278209,3.6225069455022023,0.03778123672034395,0.37860614507297646,0.9330120057605509,5.504569311612559,0.0,2.2953798753599703,0.011906261201253265,,,7,6
ihdp_disconnected_sweep,ProxyOnly,1,924979294,FEASIBLE,1.7246239185333252,100,0,6,1.5594171366163279,1.4151256986373952,0.7536070940663371,-0.7536070940663371,0.9402877198133529,0.8155371485229689,0.9401693980127096,0.9405843653096048,0.9383758115818699,7.026730293158023,6.644342998419072,0.9642281068245545,0.9386587141426174,0.8404127240705813,0.9439925199964101,0.76255442259559,1.0897668562005336,17.906063150207785,0.019471999536495588,15.723078348036804,0.08394310407696537,,,45,6
ihdp_disconnected_sweep,IPWTransport,1,924979294,FEASIBLE,0.1857433319091797,100,0,6,1.8624584663564765,2.8100781711834326,0.6413453784797003,0.6413453784797003,0.9654121355765076,0.8534116652640659,0.9535592930616585,0.9743973194599821,0.9890607290244495,7.126805004546773,6.88319968523097,0.9816059227519947,1.0709279339446132,-0.8406584173845983,0.9054855096704116,0.7959261297222305,3.0962832485743244,17.871949628198777,0.05358552154550367,15.770849685399186,0.03617176671458289,,,45,6
ihdp_disconnected_sweep,EntropyBalancing,1,924979294,FEASIBLE,0.3952150344848633,100,0,6,2.4242673046309497,3.6309997372394327,1.4622669445357004,1.4622669445357004,0.9344948624118508,0.8044218012185165,0.9537601903225141,0.9547358892180896,0.9457387851909829,7.128306490206326,6.744310191438861,0.9656988792615282,0.9431852960680112,-1.2559727694873122,0.8827667513251097,1.5879705358308347,3.625477128297325,17.871949628198777,0.05358552154550367,15.743071786640764,0.06394966547300562,,,45,6
ihdp_disconnected_sweep,OutcomeModelTransport,1,924979294,FEASIBLE,0.01585865020751953,100,0,6,1.6941387193197228,2.305004599117077,0.1362718064133448,0.1362718064133448,0.9721424263334397,0.8785241165815324,0.9644803727627114,0.9735149392537824,0.9896738849462096,7.208428041556475,6.876966499818542,0.9874726217423994,1.120443999985106,-0.4138957803150724,0.918762643268653,0.6694325706638514,2.8951392482230123,17.897993682835715,0.027541466908566292,15.769603048316698,0.037418403797071065,,,45,6
ihdp_disconnected_sweep,AnchorPlugin,1,924979294,FEASIBLE,1.7321100234985352,100,0,6,1.3765567243872772,2.1206476974715196,0.048085095232212716,-0.048085095232212716,0.9822979543505963,0.9098117608459168,0.9663703863659474,0.9946578904794301,0.9900297606221679,7.222553810666182,7.026321544536733,0.99115833981941,1.0089765020852197,0.029049096753843488,0.9391097071143372,0.6552806343174802,1.2449638972956993,17.908499286657495,0.017035863086785952,15.799474057260339,0.007547394853430589,,,45,6
ihdp_disconnected_sweep,Glmtrans_OptionB,1,924979294,FEASIBLE,13.868924379348755,100,0,6,1.75470637319675,2.534413684153185,0.3656808914494527,0.3656808914494527,0.9703637066333934,0.8694671669260526,0.9535592930616585,0.9798568825860416,0.9941372035044165,7.126805004546773,6.921766358640559,0.9851725297681266,1.1522257094751696,-0.7514838126232501,0.9212053495381197,0.5773776007931576,3.205971731545108,17.910562396612054,0.014972753132227012,15.778563020081103,0.02845843203266618,,,45,6
ihdp_disconnected_sweep,ProxyOnly,3,410054767,FEASIBLE,2.554689407348633,100,0,6,1.4618541863032832,2.493576145576578,0.26702235493166704,-0.26702235493166704,0.8875574184180913,0.7275482409080285,0.8294328258106076,0.9228449042141814,0.9598931724194981,5.815560074414401,5.922814718168764,0.8967848961825908,0.8272859348064092,0.6976980279039628,0.8209810185680768,0.5332819407310785,1.4261626229126394,12.743727282884008,0.1233656090956039,10.906683746077768,0.09903621612151525,,,18,6
ihdp_disconnected_sweep,IPWTransport,3,410054767,FEASIBLE,0.386563777923584,100,0,6,2.2261318293288026,1.1777715811545513,1.5828269193536937,-1.5828269193536937,0.9014248467632733,0.7340135404662226,0.9913925372427997,0.9728007909764737,0.9579949273084493,6.951138993114931,6.243431389533302,0.9090225736360351,0.8990021840792,1.7017792767038906,0.7547307445559238,1.582826919353694,2.4745616254986813,12.441939431966864,0.4251534600127478,10.970807080350676,0.03491288184860686,,,18,6
ihdp_disconnected_sweep,EntropyBalancing,3,410054767,FEASIBLE,0.8483102321624756,100,0,6,2.3522932810171744,1.1142586462054092,1.6463398543028358,-1.6463398543028358,0.9082835532100683,0.7501767893617077,0.978596461238218,0.959188522358588,0.954129243029504,6.861419432463722,6.156067906731897,0.9148119800264731,0.7943955618491786,1.8754363772105944,0.7571901565855742,1.737825803418149,3.2020626752359567,12.362349816741164,0.5047430752384479,10.953334383790395,0.05238557840888802,,,18,6
ihdp_disconnected_sweep,OutcomeModelTransport,3,410054767,FEASIBLE,0.014032602310180664,100,0,6,1.8177113882425082,1.4045413071176256,1.3560571933906194,-1.3560571933906194,0.9460994482474273,0.7994746984929376,0.9707546933956938,0.9875465042610428,0.9734251811440783,6.806436954608158,6.338069315443628,0.9518563477468499,1.099002818803006,1.2170036448607169,0.8545790236521312,1.4169231712772883,1.9161646200853313,12.624127628622519,0.24296526335709245,10.989734665532742,0.015985296666540805,,,18,6
ihdp_disconnected_sweep,AnchorPlugin,3,410054767,FEASIBLE,2.1923248767852783,100,0,6,1.0356486672535892,2.507180815471004,0.25341768503724094,-0.25341768503724094,0.9596728463074885,0.8289726277271982,0.9475200505459659,0.9672372502732793,0.9623651961127315,6.643527485516311,6.20772460867388,0.9606279008157316,0.8966994569784443,0.5124108247286218,0.9071872143625662,0.31911985328935,1.2327486785252608,12.839220106997619,0.027872784981992638,10.963665724178792,0.042054238020490686,,,18,6
ihdp_disconnected_sweep,Glmtrans_OptionB,3,410054767,FEASIBLE,10.406523942947388,100,0,6,1.717149752906494,1.5806174054858704,1.1799810950223746,-1.1799810950223746,0.9608069631215256,0.8374583333973279,0.9799791974447107,0.9982967127127474,0.9802436924321314,6.871114473732517,6.407064108122637,0.9654278856368733,1.1687498252091175,0.9132521841241448,0.8560201682221029,1.39479435571408,1.878220481856125,12.657136864838964,0.2099560271406471,11.003533624068544,0.002186338130739429,,,18,6
ihdp_disconnected_sweep,ProxyOnly,6,1005881844,FEASIBLE,2.539964199066162,100,0,6,1.9187532835625623,1.3021318343085884,0.1695901265995683,-0.1695901265995683,0.9507190568684973,0.8253636806356329,0.9953216581858253,0.9837381962244359,0.9536340350135586,8.057484832945956,7.461809684772371,0.9668490778528472,0.8729961024020202,0.3349659447431666,0.9202121843584556,0.9651664614212355,1.9995798868673305,18.347760909504743,0.07626956008049035,16.620052432386576,0.024669670318807846,,,45,6
ihdp_disconnected_sweep,IPWTransport,6,1005881844,FEASIBLE,0.3464212417602539,100,0,6,1.8777266117384885,0.8773853026395051,0.5943366582686516,-0.5943366582686516,0.9873824966860321,0.9220779488726679,0.9925537979730416,0.9940937474727318,0.9903934682239097,8.035078014506107,7.540358177544387,0.9925199384840311,1.0180635488636343,0.5784879659821887,0.9140740231107423,1.2643409633722937,2.2083434716818857,18.366046889466794,0.05798358011843874,16.63576213094098,0.008959971764404884,,,45,6
ihdp_disconnected_sweep,EntropyBalancing,6,1005881844,FEASIBLE,0.11285972595214844,100,0,6,2.8053494222162816,0.3718542272518047,1.0998677336563518,-1.0998677336563518,0.9109241986665468,0.7525193168996533,0.9561224690422884,0.9861064351548988,0.9605855541951008,7.740153375933835,7.479773151327807,0.9368912161981409,1.0387636847519668,1.0854532936174772,0.8201538097391351,1.5918113741382658,2.5544610686244633,18.21272437966338,0.21130608992185174,16.623645125697664,0.021076977007719933,,,45,6
ihdp_disconnected_sweep,OutcomeModelTransport,6,1005881844,FEASIBLE,0.01356196403503418,100,0,6,1.8261998362909424,0.8510755904278585,0.6206463704802981,-0.6206463704802981,0.9879655054831306,0.9270165498039207,0.9826565760732032,0.9940937474727317,0.9912314497595263,7.954956463155961,7.540358177544386,0.9937420194979616,0.9960623330108215,0.6239976227380218,0.9198555351070202,1.232019902323079,1.8136883152553,18.3465748899303,0.07745557965493433,16.63576213094098,0.008959971764404884,,,45,6
ihdp_disconnected_sweep,AnchorPlugin,6,1005881844,FEASIBLE,2.542508363723755,100,0,6,1.6971159660245816,1.4501300984794319,0.021591862428724795,-0.021591862428724795,0.9771768375368232,0.891623243129942,0.9984405527286085,0.9990688546605105,1.0000000000000002,8.082733399846267,7.57809515181155,0.9827324927682631,0.963340757247211,0.07475253373200934,0.9230819365681826,0.8026366001993313,1.6122114885907823,18.338487783828125,0.08554268575710822,16.643309525794415,0.0014125769109689656,,,45,6
ihdp_disconnected_sweep,Glmtrans_OptionB,6,1005881844,FEASIBLE,8.893983364105225,100,0,6,1.7489440579365572,0.8157532386541235,0.6559687222540331,-0.6559687222540331,0.9898347398738278,0.9368937516664264,0.9826565760732032,0.9940937474727318,0.9919822082678171,7.954956463155961,7.540358177544387,0.9945406075466184,1.0292970196074205,0.6320695836263669,0.9293249783375791,1.170076595566686,1.9486136291941172,18.3770009574599,0.04702951212533435,16.63576213094098,0.008959971764404884,,,45,6
ihdp_disconnected_sweep,ProxyOnly,5,2095177107,FEASIBLE,2.7241461277008057,100,0,6,1.1044073131042371,3.5375172301255615,0.34845802032336426,-0.34845802032336426,0.6643322668721474,0.4828434838661732,0.8950662814172484,0.9091152473926788,0.9159223140225583,5.047896414959399,4.927884157321096,0.7271181418161092,0.651913163933845,1.5798212004872798,0.6710612783245335,0.5076001282028395,1.8476816153426365,8.35419362735625,0.020196785030551112,5.446718189937355,0.09852865933117805,,,8,6
ihdp_disconnected_sweep,IPWTransport,5,2095177107,FEASIBLE,0.15335702896118164,100,0,6,1.6403231892355086,3.11393675886694,0.7720384915819856,-0.7720384915819856,0.6245214193031582,0.44356816484309664,0.877443982465049,0.9276994423282169,0.9268931325519488,4.9485121106335805,5.02862029617924,0.652225030206515,0.5025620679285798,2.321028753513938,0.383812032813007,1.0662708792632598,1.8635141487340805,8.3743904123868,0.0,5.466865417708984,0.07838143155954924,,,8,6
ihdp_disconnected_sweep,EntropyBalancing,5,2095177107,FEASIBLE,0.06605672836303711,100,0,6,1.871609252953103,2.688348319734032,1.1976269307148937,-1.1976269307148937,0.6083426365105752,0.4265623566063006,0.9238929887042949,0.9294294540378119,0.9338497776627832,5.210470109657136,5.037997872146802,0.6189511949694895,0.5078185375575459,2.520782138276305,0.33157388351017925,1.267672256709325,2.5502197017833423,8.294102381705603,0.0802880306811975,5.468740932902497,0.07650591636603643,,,8,6
ihdp_disconnected_sweep,OutcomeModelTransport,5,2095177107,FEASIBLE,0.007517814636230469,100,0,6,1.0971894170768655,3.1565526642123003,0.7294225862366255,-0.7294225862366255,0.876444750769268,0.7047287913367501,0.978762045651505,0.9737229737593409,0.9737861854434235,5.519914585006453,5.278092111830621,0.8835863742819761,0.7986137840548415,1.3651087827139483,0.728084578875099,0.7625025997216849,1.313036650239916,8.350108341065345,0.02428207132145488,5.516759780839261,0.028487068429272178,,,8,6
ihdp_disconnected_sweep,AnchorPlugin,5,2095177107,FEASIBLE,2.1667442321777344,100,0,6,0.9235182397651599,3.5862274220317216,0.29974782841720415,-0.29974782841720415,0.898216495565815,0.7136365956512624,0.9201547908222423,0.9438679269873835,0.9760391690064316,5.189387832200159,5.116262011163459,0.8950485395836306,0.7765488855101573,1.1010943426842286,0.6961964325148038,0.5035945976524515,0.751321603094361,8.347116608922061,0.027273803464739288,5.484393760705829,0.06085308856270455,,,8,6
ihdp_disconnected_sweep,Glmtrans_OptionB,5,2095177107,FEASIBLE,9.975119829177856,100,0,6,0.8600830187380992,3.4068844557018334,0.4790907947470924,-0.4790907947470924,0.9353928900020358,0.7905676329129586,0.9878474698929763,0.9772984271338235,0.9793521479472468,5.5711535618387495,5.297472955007419,0.939400549952094,1.1565383037886656,-0.054217119152446536,0.7724642984714393,0.5526416227649094,1.0122994425177168,8.347116608922061,0.027273803464739288,5.520635949474621,0.02461089979391229,,,8,6
ihdp_disconnected_sweep,ProxyOnly,4,469930527,FEASIBLE,2.7914648056030273,100,0,6,19.87274672440617,15.205390715662517,3.40578119094163,3.40578119094163,0.8918091809180917,0.7305050505050507,0.9520211883224535,0.9579170042971881,0.9358967260495364,51.21623062994551,47.31872008453645,0.9087060431426724,0.7986011714190401,-0.34343331269138705,0.8260035095381514,8.888351189116953,27.412849990876637,75.12505616789659,1.178812148615009,62.287189963794965,0.41575908665303984,,,28,6
ihdp_disconnected_sweep,IPWTransport,4,469930527,FEASIBLE,0.11594367027282715,100,0,6,23.05336510692015,14.5307534939108,2.7311439691899118,2.7311439691899118,0.9242364236423641,0.7785858585858587,0.9933152036919098,0.9879540736179756,0.9787743149962337,53.43773981560268,48.80247668241934,0.9346428470321744,0.9643265774116536,-2.212782259274537,0.6912849865616644,10.908501657276497,27.386432992543263,75.08842195852348,1.2154463579881138,62.58394128337155,0.11900776707645377,,,28,6
ihdp_disconnected_sweep,EntropyBalancing,4,469930527,FEASIBLE,0.27544403076171875,100,0,6,23.41891862219133,17.228253222570064,5.428643697849177,5.428643697849177,0.9336813681368135,0.7979797979797981,0.9933152036919101,0.97451310369756,0.9787743149962336,53.4377398156027,48.1385261622013,0.9438155493900197,0.9479533283736583,-4.531970459678615,0.6954035820731617,11.714823379311795,31.513573460682935,74.74132322489773,1.5625450916138703,62.451151179327944,0.25179787112006125,,,28,6
ihdp_disconnected_sweep,OutcomeModelTransport,4,469930527,FEASIBLE,0.010128498077392578,100,0,6,23.380148804371682,16.55366649452114,4.754056969800251,4.754056969800251,0.9413741374137413,0.7951515151515153,0.9933152036919098,0.9824378297557844,0.9672986083259604,53.43773981560268,48.52998794063677,0.9489108353238405,0.906537028951832,-3.206902117481796,0.697736685945784,11.727656576106554,36.23780947557802,75.86123242237592,0.4426358941356767,62.529443535015034,0.17350551543297144,,,28,6
ihdp_disconnected_sweep,AnchorPlugin,4,469930527,FEASIBLE,2.2298150062561035,100,0,6,17.054213397851726,11.690406694806443,0.10920282991444452,-0.10920282991444452,0.9486708670867086,0.8101010101010103,0.9714001555162921,0.9630526551968208,0.9550643899771656,52.25876798661788,47.572408479545075,0.9606360543486219,0.9489438039633055,0.7060705258731672,0.8305334161633688,4.536962532865067,14.838421625982171,76.14541246294098,0.1584558535706151,62.337927642796686,0.3650214076513194,,,28,6
ihdp_disconnected_sweep,Glmtrans_OptionB,4,469930527,FEASIBLE,10.698083400726318,100,0,6,22.94398607949552,14.551662164592308,2.7520526398714207,2.7520526398714207,0.9430063006300629,0.7967676767676769,0.9933152036919098,0.9824378297557844,0.9672986083259603,53.43773981560268,48.52998794063677,0.9509090376165985,0.916597047164814,-1.5384010466843667,0.6991687086708118,11.69066507781152,33.63157731921879,75.55157127180543,0.7522970447061681,62.529443535015034,0.17350551543297144,,,28,6
ihdp_disconnected_sweep,ProxyOnly,7,1750586712,FEASIBLE,2.6811130046844482,100,0,6,10.616700944008986,7.599537692287374,1.6239149642590647,1.6239149642590647,0.9364536453645363,0.7971717171717173,0.9656265739911734,0.9506008052089708,0.9346164480666365,45.663860056364506,40.94530754022664,0.9445325882118754,1.0247071158504673,-1.8116776224324043,0.8803661276132233,3.468430455287499,10.315119075013993,81.72516806888036,1.1599315129004992,75.49445602692634,0.4255551251113445,,,13,6
ihdp_disconnected_sweep,IPWTransport,7,1750586712,FEASIBLE,0.5885086059570312,100,0,6,23.84531701435858,-13.33454262450663,19.310165352534938,-19.310165352534938,0.9307650765076506,0.7793939393939395,0.9697392117428004,0.9807812368905282,0.9715758493210773,45.858344052363705,42.245271784025604,0.9376098671998595,0.8527481526730392,17.346629317816245,0.8105507962858508,19.618322851128017,25.749043649264202,79.271525837737,3.613573744043862,75.75444887568614,0.16556227635155096,,,13,6
ihdp_disconnected_sweep,EntropyBalancing,7,1750586712,FEASIBLE,0.1692051887512207,100,0,6,29.59284006621735,-1.1911233765791565,7.166746104607466,-7.166746104607466,0.7835463546354634,0.5927272727272728,0.9058319949007302,0.8901485888584088,0.8713463976353178,42.83621284235963,38.34144419780295,0.7895739590198267,0.5246220552441005,6.600512321898556,0.5601523876702605,16.06118006564502,56.406982550606216,80.52401156306298,2.3610880187178793,74.9736833584416,0.9463277935960832,,,13,6
ihdp_disconnected_sweep,OutcomeModelTransport,7,1750586712,FEASIBLE,0.013308048248291016,100,0,6,16.473262236583118,-5.7414491894197575,11.717071917448067,-11.717071917448067,0.9716531653165315,0.8618181818181819,0.9772319951200492,0.9920278004603118,0.9868207121117699,46.21267296251077,42.72969595199616,0.9737448127989898,1.046453161031852,11.983780381200381,0.8553431397444645,13.32684677063298,20.677211108214546,79.7153328770791,3.1697667047017575,75.85133370928025,0.06867744275743348,,,13,6
ihdp_disconnected_sweep,AnchorPlugin,7,1750586712,FEASIBLE,1.6917214393615723,100,0,6,8.41550004365657,5.954783729828233,0.020838998200075842,-0.020838998200075842,0.9715931593159316,0.8610101010101011,0.9741051505291266,0.9855550032871777,0.9889215600451802,46.06480649149214,42.45089262104251,0.9759534354526075,0.9669756497824753,0.21749186156353967,0.9237795482401296,3.4300256548859185,8.998479793455608,82.72992287325891,0.15517670852194954,75.79557304308952,0.1244381089481692,,,13,6
ihdp_disconnected_sweep,Glmtrans_OptionB,7,1750586712,FEASIBLE,10.61614441871643,100,0,6,14.244445278178683,-3.466738976353761,9.44236170438207,-9.44236170438207,0.9827902790279026,0.8941414141414142,0.9960209706294068,0.9920278004603118,0.9868207121117699,47.101191538294714,42.72969595199616,0.9845801016758944,1.1102935722087246,9.824720729999342,0.8845788941315404,11.795374197148028,18.07795535542955,81.36465079034078,1.5204487914400886,75.85133370928025,0.06867744275743348,,,13,6
ihdp_disconnected_sweep,ProxyOnly,8,1011484,FEASIBLE,2.219525098800659,100,0,6,4.182458853855279,-1.480895774233646,3.425146672364126,-3.425146672364126,0.904086408640864,0.7305050505050507,0.9514616233819193,0.9410370905179527,0.972252016829089,8.143631466713135,7.183218567580821,0.9186645578445586,0.7614721447969782,3.0719117795569564,0.8690364344300643,3.4251466723641255,6.590971298245853,18.879427689641854,0.704867495401615,17.841252589235324,0.09001631720103731,,,35,6
ihdp_disconnected_sweep,IPWTransport,8,1011484,FEASIBLE,0.09421992301940918,100,0,6,3.987435353723068,4.462461963431001,2.5182110653005205,2.5182110653005205,0.8129372937293728,0.6367676767676769,0.9381621185505122,0.9258008745095244,0.8975029848450676,8.02980000638394,7.066915957583616,0.8464986811305895,1.3195434432263033,-3.944161526361675,0.6812045433488563,2.518211065300521,6.452689493795267,19.051736854948555,0.5325583300949148,17.81799206723588,0.1132768392004806,,,35,6
ihdp_disconnected_sweep,EntropyBalancing,8,1011484,FEASIBLE,0.07259488105773926,100,0,6,3.842018316309962,4.458708918401826,2.514458020271346,2.514458020271346,0.836147614761476,0.661818181818182,0.890834357959028,0.9277365545986039,0.8901894513955446,7.624718150289816,7.08169158470488,0.868007744395969,1.2271012209627794,-3.5270362595580345,0.7075132593735822,2.5144580202713467,6.234955458250015,19.055208043815245,0.5290871412282243,17.82094719266014,0.11032171377622291,,,35,6
ihdp_disconnected_sweep,OutcomeModelTransport,8,1011484,FEASIBLE,0.012876510620117188,100,0,6,4.418476154825448,5.628412285720995,3.684161387590515,3.684161387590515,0.8995979597959796,0.7644444444444445,0.909568552155971,0.9735903300204297,0.9426130177601325,7.785065524914825,7.431707215674801,0.9205259756611225,1.1739115174006107,-4.663007108756496,0.7941161383501116,3.684161387590517,6.0726132476629155,19.11789810300853,0.4663970820349377,17.89095031885412,0.040318587582241605,,,35,6
ihdp_disconnected_sweep,AnchorPlugin,8,1011484,FEASIBLE,1.44816255569458,100,0,6,1.4996680611628437,1.6377477830037765,0.3065031151267037,-0.3065031151267037,0.9672607260726073,0.8476767676767678,0.9815089314982998,0.9793577993548098,0.9879012463483196,8.400808632720976,7.475732040230727,0.9725459096384786,0.9071941754693307,0.4584956485016441,0.928836205301397,0.7167112009522112,1.7112760023193236,19.51230504802977,0.0719901370136995,17.899755283765302,0.03151362267105995,,,35,6
ihdp_disconnected_sweep,Glmtrans_OptionB,8,1011484,FEASIBLE,10.348194599151611,100,0,6,4.249570929938769,5.424395340329767,3.480144442199286,3.480144442199286,0.9028022802280227,0.7717171717171718,0.9380299605658163,0.9846091688669083,0.9481285100648484,8.028668856271,7.515817319933966,0.9221952725166167,1.2125785979558827,-4.633254798405011,0.8014092902850626,3.4801444421992853,6.025789621365936,19.11789810300853,0.4663970820349377,17.907772339705954,0.02349656673040812,,,35,6
ihdp_disconnected_sweep,ProxyOnly,9,745868022,FEASIBLE,1.8537907600402832,100,0,6,1.6757851515050695,3.2920615044051913,0.6043666100266876,-0.6043666100266876,0.7920869938948708,0.6089081301708641,0.9342914502745449,0.8836695035903229,0.9080689106760292,6.514996299893167,5.801823701206182,0.8428463138095956,0.6894402863549997,1.626748288136495,0.7762020584916832,0.997799537818178,2.8624143805796933,11.290192949242567,0.13474319631501608,8.479359331090205,0.15275598592019612,,,23,6
ihdp_disconnected_sweep,IPWTransport,9,745868022,FEASIBLE,0.41219401359558105,100,0,6,1.7551160407027666,4.472296483191323,0.5758683687594437,0.5758683687594437,0.753716163770364,0.5562764433874783,0.8523089639870339,0.9000008292619481,0.9131970318403183,5.943316451316768,5.909048712331698,0.7817508741418784,0.8908266164028313,-0.08761262923972649,0.5796816673040734,0.6776271606623633,2.0671128238462586,11.271474807216336,0.15346133834124664,8.500804333315308,0.13131098369509253,,,23,6
ihdp_disconnected_sweep,EntropyBalancing,9,745868022,FEASIBLE,0.06237077713012695,100,0,6,1.6794322879877812,4.68174846288932,0.7853203484574407,0.7853203484574407,0.8350966497444707,0.6473697474356461,0.9794123801436317,0.9292558899267354,0.9579227770399161,6.829633334255901,6.101125844851909,0.8649014244534321,1.1215963388136272,-1.354603820791107,0.6638463395501915,0.7853203484574399,2.030109623280494,11.295619965530184,0.12931618002739853,8.539219759819352,0.09289555719104925,,,23,6
ihdp_disconnected_sweep,OutcomeModelTransport,9,745868022,FEASIBLE,0.013733863830566406,100,0,6,1.2749785321936138,4.053339780834242,0.1569116664023631,0.1569116664023631,0.8464386686583459,0.6765196047310598,0.9740117542153264,0.9490780112140826,0.9434716221039636,6.791973717516737,6.231270036346416,0.8802083494359514,1.0698930287236235,-0.4402118601308139,0.7533442647461853,0.4255774090904417,1.4562632035826524,11.391361389524834,0.033574756032749065,8.565248598118252,0.06686671889214857,,,23,6
ihdp_disconnected_sweep,AnchorPlugin,9,745868022,FEASIBLE,1.2224252223968506,100,0,6,1.0937491493110827,3.991120413695997,0.09469229926411815,0.09469229926411815,0.8900004227831186,0.7210541089323863,0.9797963721808056,0.9672028363121798,0.9613043319539155,6.832310985539813,6.3502704538182275,0.9141214964830157,0.9372622848404112,0.15570147641796372,0.8183537066417454,0.34790554091327663,0.8567013014723113,11.408275639865453,0.016660505692129846,8.589048681612615,0.043066635397785547,,,23,6
ihdp_disconnected_sweep,Glmtrans_OptionB,9,745868022,FEASIBLE,10.959450721740723,100,0,6,1.0001683916614579,4.079629842739796,0.18320172830791703,0.18320172830791703,0.9484448260647224,0.8226737503372313,0.9838058386205237,0.9957871579060118,0.9744188621496437,6.860269776141647,6.53794377945885,0.9603028998482884,1.1843057757323956,-0.9351010711751051,0.8701838676402972,0.38483219424534065,1.8323064779780567,11.391361389524834,0.033574756032749065,8.626583346740738,0.005531970269663233,,,23,6
ihdp_disconnected_sweep,ProxyOnly,10,115232767,FEASIBLE,2.551478385925293,100,0,6,1.6813655438481114,2.9301424173929838,0.28080270712092137,-0.28080270712092137,0.9168796879687968,0.7696969696969699,0.959858736502897,0.9827988943486895,0.9721026450058184,7.956683062917999,7.457592473109997,0.9380041653740275,0.7680210350487701,0.9605341122674409,0.8966451652161591,0.9460974002100524,2.9055658435931804,12.849602970290993,0.0930838351087484,10.646394596023706,0.026104798605697255,,,18,6
ihdp_disconnected_sweep,IPWTransport,10,115232767,FEASIBLE,0.08520793914794922,100,0,6,2.7461978438509784,5.147658940654452,1.9367138161405468,1.9367138161405468,0.9277167716771676,0.7765656565656567,0.9890454802920555,0.9824374024376378,0.9766043784690112,8.198624570701758,7.45484943038737,0.9394300067106378,0.9381652782968358,-1.6184097581223744,0.747844257904241,1.936713816140548,4.124041532321863,12.80620945970928,0.13647734569046222,10.64584598747918,0.026653407150222463,,,18,6
ihdp_disconnected_sweep,EntropyBalancing,10,115232767,FEASIBLE,0.22482657432556152,100,0,6,3.2750670039233096,5.7453744228351535,2.5344292983212484,2.5344292983212484,0.9182478247824781,0.7636363636363638,0.9664845176519784,0.9777243317528185,0.9597493127877179,8.01160702062408,7.419086101117818,0.9251195412151075,0.9433073075668474,-2.2087085532541555,0.7126739266421117,2.5344292983212497,4.343150317819212,12.495259605999886,0.447427199399856,10.638693321625269,0.03380607300413452,,,18,6
ihdp_disconnected_sweep,OutcomeModelTransport,10,115232767,FEASIBLE,0.02753925323486328,100,0,6,1.8791784884563734,4.090988014418196,0.8800428899042907,0.8800428899042907,0.9574557455745574,0.8315151515151517,0.9967968766453708,0.9973095064132176,0.983416883801774,8.262879238324093,7.567700687450591,0.9654620910164402,0.987252835808293,-0.8278943939781969,0.8143915646069693,0.9099884671377662,3.2926412093948985,12.861149960264292,0.08153684513544945,10.668416238891822,0.004083155737580668,,,18,6
ihdp_disconnected_sweep,AnchorPlugin,10,115232767,FEASIBLE,1.752572774887085,100,0,6,1.1238245870161612,3.326158643898485,0.11521351938458002,0.11521351938458002,0.9673567356735673,0.8444444444444446,0.9916677228864154,0.9916883925885847,0.9830800405039083,8.22036147056415,7.525047021079855,0.9718302234734932,0.9198848565348476,0.15126215755920397,0.9227994261746689,0.5163487567181271,1.1976940128508975,12.877057785950438,0.06562901944930388,10.659885505617678,0.012613889011724666,,,18,6
ihdp_disconnected_sweep,Glmtrans_OptionB,10,115232767,FEASIBLE,13.2557053565979,100,0,6,1.8120412856415378,3.9681526022570677,0.7572074777431625,0.7572074777431625,0.9798979897989798,0.8860606060606062,0.9948708462410444,0.997341212782445,0.9934773019612018,8.246913541587714,7.567941279073007,0.9840932409285238,1.1134082734820083,-1.2072288132782751,0.8259719517633413,0.8349446168369878,4.190154896831491,12.856434756352584,0.08625204904715744,10.668464357216305,0.004035037413098408,,,18,6
ihdp_disconnected_sweep,ProxyOnly,11,1821302828,FEASIBLE,2.6814475059509277,100,0,6,1.6642064061132305,4.218116405589294,0.29413560824058393,0.29413560824058393,0.75335601952912,0.5734147729293521,0.8880122090241314,0.9205651961331576,0.9356418906737557,5.73944329063114,5.800742777790462,0.8629496732103022,0.7901303338327819,0.5911190736549086,0.735279222407273,0.6663166256615733,2.169980843999653,9.926062532478749,0.15860379072814013,7.009060225808128,0.10010825235872556,,,29,6
ihdp_disconnected_sweep,IPWTransport,11,1821302828,FEASIBLE,0.35994791984558105,100,0,6,1.4649576514434643,4.230449050323682,0.30646825297497227,0.30646825297497227,0.8737717050048943,0.7229466019547566,0.9474163834425425,0.9415629824413455,0.9651349062807675,6.1233872126138245,5.933055793520844,0.9366177362551008,0.7872701041298786,0.5934747329842402,0.8175404086811677,0.6788387851830694,2.4644979265085816,10.041690665552828,0.042975657654061195,7.035522828954203,0.07364564921264982,,,29,6
ihdp_disconnected_sweep,EntropyBalancing,11,1821302828,FEASIBLE,0.2053661346435547,100,0,6,1.1997490728603848,4.2678958217505105,0.34391502440180055,0.34391502440180055,0.909425646016518,0.7807488215780222,0.946679515545881,0.9610276742051354,0.9730323514415246,6.11862465252445,6.055708345067437,0.9609163191762193,0.9019358966277345,0.07461235264440405,0.8542090100638077,0.6277730553389715,2.1118444212785494,10.068425453481048,0.016240869725841378,7.060053339263522,0.04911513890333108,,,29,6
ihdp_disconnected_sweep,OutcomeModelTransport,11,1821302828,FEASIBLE,0.012903213500976562,100,0,6,0.9958864725211956,4.138455937829009,0.2144751404802987,0.2144751404802987,0.950166979456512,0.8444150344964015,0.971266035990165,0.9824786694325632,0.9825240351488785,6.277533435950959,6.190877158927223,0.9770371033854923,0.876069263634609,0.2984067513105766,0.9065403784812385,0.5924925498560945,1.6451365240985636,10.053689359309233,0.030976963897655807,7.08708710203548,0.022081376131373176,,,29,6
ihdp_disconnected_sweep,AnchorPlugin,11,1821302828,FEASIBLE,2.081390619277954,100,0,6,1.2326804567748755,4.058637341450346,0.1346565441016363,0.1346565441016363,0.9091061770607081,0.7660888383402373,0.9750553600437787,0.9679260699898258,0.9836039460176922,6.3020247777304155,6.099177096324241,0.9478927854515574,0.8278795527216057,0.5639179304495926,0.8600160140930655,0.45895187244164387,1.4741772700105131,10.062503590128019,0.02216273307887029,7.068747089514884,0.040421388651969536,,,29,6
ihdp_disconnected_sweep,Glmtrans_OptionB,11,1821302828,FEASIBLE,13.04300856590271,100,0,6,0.9438762246437656,4.112861498496586,0.18888070114787592,0.18888070114787592,0.9700372422853377,0.8778028107085275,0.9770128287921321,1.0,0.9946224893631997,6.3146763840486475,6.301284039584089,0.9816398506472176,0.9014814676013757,0.21631237764281644,0.9099531869694689,0.5624467082870356,1.3843986314705852,10.054999755573748,0.029666567633141128,7.109168478166853,0.0,,,29,6
ihdp_disconnected_sweep,ProxyOnly,12,673793652,FEASIBLE,2.412619113922119,100,0,6,1.24638958905354,4.095415678756976,0.11071410939957982,0.11071410939957982,0.5031069203619739,0.357495933650485,0.9465248287202399,0.9349781387521396,0.9230862420530141,4.916784305561362,4.741556934362039,0.510387438374645,0.3162826917232639,2.6893924747544813,0.2840618073642601,0.7386644233361715,2.2453068587924516,7.511577945214973,0.0,4.475187762729985,0.06594910496974826,,,3,6
ihdp_disconnected_sweep,IPWTransport,12,673793652,FEASIBLE,0.10059642791748047,100,0,6,1.2155669434332166,4.139284168849539,0.1545825994921426,0.1545825994921426,0.4413960095804709,0.31138059061109596,0.9321312995925993,0.9023808087124088,0.8972504104213976,4.842016189639766,4.576246014367847,0.4526797467062703,0.2951981597226568,2.762792500143885,0.19728902687619587,0.7528565404593116,1.738823377604632,7.511577945214973,0.0,4.442125578731147,0.09901128896858591,,,3,6
ihdp_disconnected_sweep,EntropyBalancing,12,673793652,FEASIBLE,0.08900976181030273,100,0,6,1.0498383569193337,4.030005454482742,0.045303885125346,0.045303885125346,0.5613477556077527,0.39422496792964445,0.9434170882570068,0.9109497004700838,0.9197831035963577,4.900640947171025,4.6197014562112555,0.5750760419227213,0.38775657205345615,2.422040468970438,0.30711454198143473,0.5863237407039136,1.4690439985006094,7.511577945214973,0.0,4.450816667099829,0.09032020059990398,,,3,6
ihdp_disconnected_sweep,OutcomeModelTransport,12,673793652,FEASIBLE,0.013676166534423828,100,0,6,0.8032673974243429,3.9975094560293045,0.012807886671908353,0.012807886671908353,0.6793723489586203,0.4995148661965681,0.9414845040517061,0.9533508386423688,0.9494715303106623,4.8906020137997315,4.8347304524977,0.6732607998589735,0.5488806568430448,1.7905459533957482,0.44608421196790216,0.42065598384874847,0.9735744128158998,7.511577945214973,0.0,4.493822466357117,0.04731440134261611,,,3,6
ihdp_disconnected_sweep,AnchorPlugin,12,673793652,FEASIBLE,2.7421371936798096,100,0,6,0.6383520559453114,4.042580781436095,0.057879212078698394,0.057879212078698394,0.793350522048107,0.6023561621782144,0.9283545758265644,0.9443247390660348,0.9647626650581121,4.822397754311041,4.788956371519156,0.8091083956829576,0.6528728183196645,1.3454104612963014,0.6471209796738764,0.3041124174054842,1.002749998716335,7.511577945214973,0.0,4.484667650161409,0.056469217538324123,,,3,6
ihdp_disconnected_sweep,Glmtrans_OptionB,12,673793652,FEASIBLE,13.424452543258667,100,0,6,0.5503306587878585,3.814959368090575,0.16974220126682127,-0.16974220126682127,0.8503956449543078,0.6786616048505325,0.9934607912355783,0.9774996144902178,0.977587025699009,5.160596191799838,4.957196198841826,0.8386860363872186,0.9618092255965454,0.3154384538519121,0.6376649886713481,0.22040313650187277,0.4704459680080433,7.511577945214973,0.0,4.5183156156259425,0.02282125207379071,,,3,6
ihdp_disconnected_sweep,ProxyOnly,13,1644775325,FEASIBLE,1.8565802574157715,100,0,6,5.901693365366134,-2.8375478993713057,1.8988837643916867,-1.8988837643916867,0.9110438375193645,0.754217601585579,0.9726546682668696,0.9201756108349759,0.9370178502879553,15.359239105928191,12.599600402285066,0.9346446854680677,0.8292713282275828,1.4144329804414089,0.9036173427958196,2.4763566448254983,6.669594767211088,36.7965405188431,0.4721067325656776,34.910777509412824,0.21860075272439872,,,26,6
ihdp_disconnected_sweep,IPWTransport,13,1644775325,FEASIBLE,0.11286401748657227,100,0,6,5.9024172214603166,-0.7373026314955934,0.2013615034840256,0.2013615034840256,0.9441192442864103,0.8095767290526159,0.9483862500290147,0.9697362808389973,0.9731473731647229,14.976015284978399,13.278215038847275,0.9567267705542564,1.0225095944570053,-0.18476512025697897,0.850313834115204,2.694613587678507,6.621798371934194,36.939366490355035,0.32928076105374515,35.04650043672527,0.08287782541195554,,,26,6
ihdp_disconnected_sweep,EntropyBalancing,13,1644775325,FEASIBLE,0.15547776222229004,100,0,6,7.408889124043251,2.10697354011691,3.045637675096529,3.045637675096529,0.9027689852095394,0.7368421090229325,0.9653803988957188,0.9327365565157439,0.9062653478446179,15.244370750038309,12.771592459441283,0.9213753327274623,0.9352057305497056,-2.909117863813556,0.8071146003645773,4.013965045418456,9.730262995929758,36.9234338043635,0.3452134470452819,34.945175920844065,0.18420234129315816,,,26,6
ihdp_disconnected_sweep,OutcomeModelTransport,13,1644775325,FEASIBLE,0.014320611953735352,100,0,6,5.746271004348264,-0.841644413595979,0.09701972138364001,0.09701972138364001,0.9782807629229837,0.8794827805255895,0.974246876529847,0.9930386319348449,0.9961684011382893,15.384381747212256,13.597284908537706,0.9826999693197553,1.2843947746633306,0.14233955196763776,0.9018281670978473,2.8800313589979742,11.860721349959285,37.029185274010494,0.23946197739828534,35.11031441066335,0.019063851473873683,,,26,6
ihdp_disconnected_sweep,AnchorPlugin,13,1644775325,FEASIBLE,2.794776678085327,100,0,6,5.6534520427138455,-1.1431588470714293,0.20449471209181036,-0.20449471209181036,0.9372005316589785,0.7897767491556466,0.9742468765298472,0.9350552921739713,0.9367971320841858,15.38438174721226,12.803341988974765,0.9490077181006646,0.9884442871597935,0.19128469672430953,0.8624348567577443,1.801851595166372,4.229189329271328,37.001635388003116,0.2670118634056635,34.95152582675076,0.17785243538646256,,,26,6
ihdp_disconnected_sweep,Glmtrans_OptionB,13,1644775325,FEASIBLE,13.193586111068726,100,0,6,6.020705248976451,-1.5111031901640581,0.5724390551844392,-0.5724390551844392,0.9833512851867997,0.8948378669763005,0.976810050189784,0.9950841754368149,0.9887881688685272,15.424856952233517,13.625293726014325,0.985200443827641,1.327142967328164,1.0667858367537655,0.8997270084634518,3.210309563844946,10.699453347109198,37.02958858907693,0.2390586623318498,35.11591617415868,0.013462087978545867,,,26,6
ihdp_disconnected_sweep,ProxyOnly,15,831292721,FEASIBLE,2.419909715652466,100,0,6,1.1876341166652618,5.2832052341109454,0.48185907920142856,0.48185907920142856,0.5932890098293732,0.4189955664289292,0.9838583062693704,0.9802447934532802,0.982389299375674,5.084642170611696,5.040950295106609,0.6093660266970841,0.14896446726205048,4.014336301774103,0.30796141701400026,0.9505060851967668,2.109231283880698,6.94272719564606,0.0,3.1495710997578645,0.02031839698342086,,,22,6
ihdp_disconnected_sweep,IPWTransport,15,831292721,FEASIBLE,0.40227508544921875,100,0,6,1.5607391848663574,5.32500479286962,0.5236586379601027,0.5236586379601027,0.675162953201912,0.49650467363273115,0.989459844111681,0.9748043539646158,0.9812365752757223,5.113591273700827,5.012972605014242,0.6704450093483004,0.12853885217954075,4.116876150983505,0.4161000502832164,1.2777211390426446,2.990493268537403,6.94272719564606,0.0,3.1439755617393903,0.025913935001895094,,,22,6
ihdp_disconnected_sweep,EntropyBalancing,15,831292721,FEASIBLE,0.7802753448486328,100,0,6,2.374304792466402,6.091268079744419,1.2899219248349025,1.2899219248349025,0.6697615055376921,0.4908233778167457,0.9884666517034683,0.9822541308313406,0.98659130301973,5.108458392298952,5.051283397528117,0.6482985241697944,0.09502998370844164,4.222493048527655,0.39279826175962085,1.9872838411224643,4.525280310790089,6.94272719564606,0.0,3.151637720242166,0.018251776499119465,,,22,6
ihdp_disconnected_sweep,OutcomeModelTransport,15,831292721,FEASIBLE,0.0468752384185791,100,0,6,1.074795828152126,5.212135791248815,0.410789636339298,0.410789636339298,0.7964014468295804,0.6202757610524149,0.9987238573820861,0.9883407299317057,0.9926231350979265,5.16146828225343,5.082583990743299,0.8088516960230605,0.20697205358948437,3.722579706607498,0.5843306649241602,0.8573818098769381,2.2428033452791203,6.94272719564606,0.0,3.1578978388852024,0.011991657856083027,,,22,6
ihdp_disconnected_sweep,AnchorPlugin,15,831292721,FEASIBLE,2.2190592288970947,100,0,6,0.6458255212146249,5.222100735835835,0.42075458092631823,0.42075458092631823,0.7840681413296121,0.5845647587805062,0.9917364534712703,0.9949419616819561,0.9929873555221778,5.125356935363704,5.116531104119196,0.777268624090449,0.3591205577646283,2.9259824259530762,0.5441389275900992,0.5119505972596474,1.1556824000916732,6.94272719564606,0.0,3.1646872615603816,0.0052022351809037914,,,22,6
ihdp_disconnected_sweep,Glmtrans_OptionB,15,831292721,FEASIBLE,10.437824487686157,100,0,6,0.6746711468931421,5.255804069195745,0.4544579142862277,0.4544579142862277,0.983141087393703,0.893700434415747,0.999327188539928,1.0,0.9997504765559915,5.164586335969558,5.142542280023717,0.9863867874192244,0.3911673405482678,2.745447254719455,0.8907625732250531,0.5228636982602506,1.346305443671099,6.94272719564606,0.0,3.1698894967412854,0.0,,,22,6
ihdp_disconnected_sweep,ProxyOnly,16,207534006,FEASIBLE,1.8096270561218262,100,0,6,0.8407055392075088,4.087558786827653,0.024237345671410004,-0.024237345671410004,0.10542549138283092,0.07335556566166988,0.9863290128630832,0.9894464496956711,0.9910484619463736,4.10984506241468,4.122544131070509,0.15943957754087262,0.015828909378986462,4.047094534881093,0.019203346753366213,0.6106273417026592,1.6627211867737586,5.291923871963702,0.0,2.0046365656787377,0.008794306530171436,,,7,6
ihdp_disconnected_sweep,IPWTransport,16,207534006,FEASIBLE,0.29416584968566895,100,0,6,1.076110328238924,3.3752697108816805,0.7365264216173828,-0.7365264216173828,-0.19966576357631716,-0.12751339375348125,0.9872624256303074,0.9866671706505341,0.9820115921260814,4.113734415564128,4.1109642213950925,0.0,-0.021387273836111848,4.183983950076427,0.028319965753359377,0.8587509055818622,2.058219296300133,5.291923871963702,0.0,2.0023205837436544,0.011110288465254747,,,7,6
ihdp_disconnected_sweep,EntropyBalancing,16,207534006,FEASIBLE,0.3885383605957031,100,0,6,1.9036572879345268,2.758302744582524,1.3534933879165392,-1.3534933879165392,0.008010873185501696,0.012326968334330201,0.9957783894841613,0.9812765606643559,0.9859816921297945,4.149218814319537,4.088504160450668,0.0,-0.0016842238394144595,4.116441731737814,0.000536756604133215,1.556111326138482,3.8052631863372506,5.208589566586653,0.08333430537704878,1.9978285715547697,0.015602300654139478,,,7,6
ihdp_disconnected_sweep,OutcomeModelTransport,16,207534006,FEASIBLE,0.037924766540527344,100,0,6,0.7355227771764298,3.8414855074940233,0.27031062500504,-0.27031062500504,0.11065806173321105,0.06608063352993403,0.9927279008738009,0.9882847401211649,0.9905887271504102,4.136508009517345,4.117703849931633,0.08627441608026418,0.008834614924839898,4.077858087301004,0.0038804464268910044,0.6018708590761805,1.448751622113412,5.291923871963702,0.0,2.0036685094509625,0.009762362757946619,,,7,6
ihdp_disconnected_sweep,AnchorPlugin,16,207534006,FEASIBLE,2.7227799892425537,100,0,6,0.4146676286945105,4.028983293363291,0.08281283913577209,-0.08281283913577209,0.03653198198751634,0.015156108607783034,0.9864158813128016,0.9870236974535207,0.9888608269737112,4.110207026692825,4.112449695904273,0.21814885325394065,0.05440539172618092,3.8925977181653977,0.05508066317260851,0.29337614201259926,0.9539581612431576,5.291923871963702,0.0,2.002617678645491,0.010813193563418366,,,7,6
ihdp_disconnected_sweep,Glmtrans_OptionB,16,207534006,FEASIBLE,10.741321325302124,100,0,6,0.21569168482631235,3.9350935299941847,0.17670260250487857,-0.17670260250487857,0.286670926355929,0.20588617146780736,0.9980217351086997,0.995286836289686,0.9944806133901108,4.158566408092062,4.14687819329666,0.5749482626451027,0.3318197803349724,2.8060542617788253,0.20606204460561428,0.17670260250487976,0.5775200619975367,5.291923871963702,0.0,2.009503378123968,0.0039274940849409745,,,7,6
ihdp_disconnected_sweep,ProxyOnly,14,284735601,FEASIBLE,1.8751609325408936,100,0,6,1.1032808997143675,4.366156477150352,0.06279232232971843,0.06279232232971843,0.48034276801010484,0.33512003743901875,0.9395498384914999,0.9466822146007826,0.9477239330815159,4.629354390046103,4.590231141231609,0.5272765674017791,0.18508346907002987,3.4952607675270646,0.23659102200028848,0.8122401670650615,2.0218190618388485,8.233187989002031,0.0,4.847870062427719,0.051704987195560825,,,2,6
ihdp_disconnected_sweep,IPWTransport,14,284735601,FEASIBLE,0.3549799919128418,100,0,6,1.3133090940065522,3.8228010053276296,0.48056314949300427,-0.48056314949300427,0.6051781202190124,0.44716379165821996,0.9513233720476437,0.9609912247009511,0.9699338514411731,4.687365000044183,4.659612040913651,0.6674823987660172,0.2124510034291611,3.491206245328773,0.4384922209996166,1.0070312449583154,2.6867536749418797,8.199533621972499,0.033654367029532395,4.861746242364128,0.037828807259152164,,,2,6
ihdp_disconnected_sweep,EntropyBalancing,14,284735601,FEASIBLE,0.51448655128479,100,0,6,1.759186520313947,3.6453331913412903,0.6580309634793435,-0.6580309634793435,0.5097108501958661,0.3541310715484139,0.9584330786332539,0.9613486983604009,0.9592741227380244,4.722395979823689,4.661345343492351,0.556059456476307,0.1369862077175039,3.804003785072043,0.2775112225779446,1.3244892167689069,3.575090061009141,8.1574052499747,0.07578273902733201,4.862092902879868,0.03748214674341188,,,2,6
ihdp_disconnected_sweep,OutcomeModelTransport,14,284735601,FEASIBLE,0.020595788955688477,100,0,6,0.9641040048753087,4.346885281971265,0.0435211271506315,0.0435211271506315,0.4797366837639336,0.33431105726415083,0.9561600888918078,0.9526900268487002,0.9572663798768652,4.711196494062522,4.619361557379432,0.5362272038386724,0.2244163426143993,3.3278520580762803,0.28237210651737454,0.7719757076692773,1.3385433956829624,8.233187989002031,0.0,4.853696145657285,0.04587890396599548,,,2,6
ihdp_disconnected_sweep,AnchorPlugin,14,284735601,FEASIBLE,2.2034571170806885,100,0,6,0.46751797851104615,4.3867076209142075,0.08334346609357368,0.08334346609357368,0.7453276011034538,0.5551626450030817,0.9854113291245449,0.9763284342499424,0.97785133225621,4.855323342727761,4.733978428921757,0.7611429842481022,0.515793098321133,2.040730639600369,0.5628894922273342,0.25409573175214595,0.7759894109830743,8.233187989002031,0.0,4.876619519965749,0.022955529657530782,,,2,6
ihdp_disconnected_sweep,Glmtrans_OptionB,14,284735601,FEASIBLE,10.703969240188599,100,0,6,0.334918653423979,4.4816497373964355,0.17828558257580163,0.17828558257580163,0.7851431354930178,0.6045104356700223,0.9846036776789892,0.9781553695698115,0.9824699462161254,4.851343878720707,4.742836792656641,0.8129873877797769,0.9407905552371194,0.08707040999715059,0.6481100087622383,0.17828558257580301,0.29708567314768164,8.233187989002031,0.0,4.878391192712726,0.0211838569105538,,,2,6
ihdp_disconnected_sweep,ProxyOnly,17,840784233,FEASIBLE,2.727909564971924,100,0,6,10.906915226450813,17.374027327420364,2.6543646220827206,2.6543646220827206,0.922052205220522,0.766868686868687,0.9008097866466712,0.9417236485404289,0.9692388636797562,41.039079556941125,40.23039053622921,0.94693971814945,0.8566780296316151,-0.16428479228267626,0.9050383845685738,4.880609623529833,10.196479406471482,67.88853868714271,0.1662439434950187,54.133581915112075,0.49791260565214657,,,34,6
ihdp_disconnected_sweep,IPWTransport,17,840784233,FEASIBLE,0.11606407165527344,100,0,6,16.351461832561547,17.434078085916475,2.7144153805788314,2.7144153805788314,0.9218841884188419,0.7725252525252527,0.9608187615873308,0.9506890399878962,0.9695812015105206,43.77296759104857,40.613391642552486,0.9420235155149976,0.8368095772640002,0.13065919227431155,0.7490203532267043,6.645661111955402,25.21537067410489,67.3285778803622,0.726204750275528,54.21018213637672,0.4213123843874982,,,34,6
ihdp_disconnected_sweep,EntropyBalancing,17,840784233,FEASIBLE,0.13425397872924805,100,0,6,13.657127954417264,16.028782422558447,1.3091197172208027,1.3091197172208027,0.9497029702970295,0.806868686868687,0.978262354431971,0.9633511334080272,0.9843630139690644,44.567662547877305,41.15431568548972,0.9615377841736618,0.9836986074482894,-1.0478282428247192,0.8015827494403167,6.378130815984723,16.401487514748,67.86699322871529,0.1877894019224442,54.31836694496416,0.3131275758000598,,,34,6
ihdp_disconnected_sweep,OutcomeModelTransport,17,840784233,FEASIBLE,0.013445377349853516,100,0,6,15.702578920564369,20.718658941033436,5.998996235695792,5.998996235695792,0.9559075907590758,0.8222222222222224,0.9782623544319712,0.9703733070350018,0.9893247753172134,44.56766254787731,41.45430261675586,0.9679711989919292,0.8277476636341209,-2.430158826734978,0.8086723818886993,8.570959875680279,30.425902964546864,67.61040577009791,0.44437686053981906,54.37836433121739,0.2531301895468303,,,34,6
ihdp_disconnected_sweep,AnchorPlugin,17,840784233,FEASIBLE,1.6979293823242188,100,0,6,8.61580935969031,15.012466858966336,0.2928041536286923,0.2928041536286923,0.9622082208220821,0.8436363636363637,0.9584542563471637,0.9786886588543273,0.9789786365865463,43.665245494661,41.80953406034984,0.9730241448705672,0.9695427207167072,0.16443474222601798,0.9212121940661854,3.111026868966241,8.703843579167682,67.72964539297844,0.32513723765929115,54.449410619936195,0.18208390082802595,,,34,6
ihdp_disconnected_sweep,Glmtrans_OptionB,17,840784233,FEASIBLE,10.479619979858398,100,0,6,14.637273467259526,17.92422705947898,3.2045643541413362,3.2045643541413362,0.9591119111911189,0.8311111111111112,0.9782623544319712,0.9816405218275968,0.9893247753172133,44.56766254787731,41.93563750949665,0.9704233235800162,0.8419632987780413,-0.3718786377079091,0.8092612479811683,7.521621253320527,26.777608781623584,67.46162889545602,0.5931537351817155,54.474631309765556,0.15686321099866518,,,34,6
ihdp_disconnected_sweep,ProxyOnly,18,134668387,FEASIBLE,2.1847286224365234,100,0,6,1.4047468722437797,3.8912755754853317,0.1579659577331478,-0.1579659577331478,0.8053285328532853,0.6311111111111113,0.9537615526508966,0.9388996306358294,0.9162324491440649,6.249564667050293,5.93430392232614,0.8348691890097669,0.6553500619384922,1.499093843804426,0.6937383900784984,0.7569715693487514,1.659101791071,9.981292143544655,0.05628314584722105,7.111791901460537,0.0772368312314331,,,38,6
ihdp_disconnected_sweep,IPWTransport,18,134668387,FEASIBLE,0.07795190811157227,100,0,6,1.8108797900898441,5.462669849105736,1.4134283158872565,1.4134283158872565,0.8787998799879986,0.6937373737373738,0.9546595911031796,0.9491007957125984,0.9615201600549259,6.255449103642899,5.998780264580499,0.8825872068694768,0.7931533303294576,-0.2834932500900478,0.7214269751123097,1.413428315887257,2.80709266861047,9.974172650213792,0.06340263917808464,7.124687169911408,0.06434156278056147,,,38,6
ihdp_disconnected_sweep,EntropyBalancing,18,134668387,FEASIBLE,0.04477047920227051,100,0,6,1.7566185282623064,5.522582139889603,1.4733406066711234,1.4733406066711234,0.8987338733873387,0.7296969696969698,0.9810761383890709,0.9586227774519559,0.9726037385622098,6.4285446956014045,6.058963836647644,0.9069907551615319,0.881646722343743,-0.819724909289284,0.7801295568974024,1.4733406066711245,2.3435823662117894,9.974172650213792,0.06340263917808464,7.136723884324838,0.05230484836713156,,,38,6
ihdp_disconnected_sweep,OutcomeModelTransport,18,134668387,FEASIBLE,0.013760089874267578,100,0,6,1.4797647863549426,5.208940199085216,1.1596986658667365,1.1596986658667365,0.9104590459045904,0.7414141414141415,0.9581266170148576,0.9755523161007605,0.9777277724270731,6.278166943942865,6.165966783851636,0.911098505968093,0.8979863944868844,-0.628315895255847,0.7942624538262418,1.1596986658667374,2.091094364002344,10.012960452196255,0.024614837195620964,7.1581244737656355,0.030904258926334194,,,38,6
ihdp_disconnected_sweep,AnchorPlugin,18,134668387,FEASIBLE,1.5476233959197998,100,0,6,0.9799806120182347,4.442557306788975,0.39331577357049596,0.39331577357049596,0.9068106810681067,0.7313131313131314,0.9642578042436253,0.9745262268077894,0.9729219809261092,6.3183418188531375,6.159481398707952,0.909652626056533,0.9166976131846002,-0.023240146350777965,0.8006297863300722,0.4434251488726083,1.1518550348963856,9.995318686660484,0.04225660273139198,7.156827396736898,0.032201335955071464,,,38,6
ihdp_disconnected_sweep,Glmtrans_OptionB,18,134668387,FEASIBLE,10.205885887145996,100,0,6,1.1416744194477275,4.743306768087013,0.6940652348685337,0.6940652348685337,0.9239123912391238,0.7587878787878789,0.9798067235476553,0.9755140490546792,0.9795987159151258,6.420226798828684,6.16572491744308,0.9212522797799015,0.9886275996528039,-0.6401224513322812,0.7900247708232427,0.6940652348685339,1.186602441586028,9.974172650213792,0.06340263917808464,7.158076100483925,0.030952632208045117,,,38,6
ihdp_disconnected_sweep,ProxyOnly,19,1362218380,FEASIBLE,2.041368007659912,100,0,6,2.3066492162066576,2.2562676195233036,0.6358282693801875,-0.6358282693801875,0.8486219539423946,0.6668013876272552,0.8982031676968352,0.9433919316212592,0.9197305160556225,6.112307599404222,5.852889014689775,0.8617814604052146,0.5707941839300589,1.6042314542898726,0.7136973556574511,1.6977696704621,3.3358688159483783,11.3215018625205,0.16679428147000053,9.542025044010767,0.07024031697777033,,,31,6
ihdp_disconnected_sweep,IPWTransport,19,1362218380,FEASIBLE,0.19469642639160156,100,0,6,1.4485764943212,3.175206649855416,0.2831107609519248,0.2831107609519248,0.881769467579437,0.7064053488317831,0.947742490431905,0.9660344543941188,0.9685143904971606,6.449424623383709,5.993365277375618,0.8836081749152171,0.9699257304157403,-0.18761874017843694,0.7175012483309557,0.45702781854616076,1.242819940358868,11.368056164334712,0.12023997965578914,9.570120296547936,0.04214506444060184,,,31,6
ihdp_disconnected_sweep,EntropyBalancing,19,1362218380,FEASIBLE,0.07882213592529297,100,0,6,1.6889919762391326,3.0162227938225907,0.12412690491909961,0.12412690491909961,0.8170346056829105,0.6259850602634051,0.9670084186767413,0.9589204364963329,0.9620143850964412,6.580530016746378,5.949229265810731,0.813536295717328,0.8917953759919008,0.20224234841113328,0.6108769400931681,0.48441068046735525,1.4438814745432405,11.269431007357905,0.218865136632596,9.561293094234959,0.05097226675357902,,,31,6
ihdp_disconnected_sweep,OutcomeModelTransport,19,1362218380,FEASIBLE,0.013561487197875977,100,0,6,1.2687075026518502,3.232005348967878,0.33990946006438705,0.33990946006438705,0.9215656859793037,0.7605577039481783,0.9856318502081486,0.9748852108319372,0.9708131407808203,6.707263194907275,6.048276172190648,0.9216295122097501,1.1850211686327294,-0.9378988667576531,0.8101052510530584,0.4262379823342169,1.5214629160815085,11.294068096359519,0.19422804763098256,9.58110247551094,0.031162885477597158,,,31,6
ihdp_disconnected_sweep,AnchorPlugin,19,1362218380,FEASIBLE,1.4749414920806885,100,0,6,0.8894070687695084,2.566773303849432,0.3253225850540593,-0.3253225850540593,0.9531350323305854,0.8151141811176811,0.9932448471992865,0.9653516337259906,0.9773102200253884,6.759069936451612,5.989128996087286,0.9559000227270223,0.9614516179400103,0.4242675430322301,0.905309457138144,0.36535023469431266,0.6513848704019085,11.465232036521414,0.023064107469087602,9.56927304029027,0.04299232069826786,,,31,6
ihdp_disconnected_sweep,Glmtrans_OptionB,19,1362218380,FEASIBLE,10.12906813621521,100,0,6,1.282790752308523,2.284644596650709,0.6074512922527822,-0.6074512922527822,0.9452801997181869,0.8078399841617473,0.9874829714459802,0.991210244507388,0.961919933919011,6.7198601471518655,6.149558160154316,0.9516638670011099,1.2861956458452515,-0.04640404361253088,0.8636397653502181,0.8679603190227562,1.6230649057119724,11.452655968391616,0.03564017559888555,9.601358873103674,0.01090648788486348,,,31,6
ihdp_disconnected_sweep,ProxyOnly,20,582258407,FEASIBLE,3.112185478210449,100,0,6,1.1659077622139356,4.152328734356082,0.12520881743722967,-0.12520881743722967,0.6832655234413607,0.4986853041060212,0.9257693162031155,0.9346987868372455,0.9397620957498241,5.3650728745255005,5.280630149259268,0.7039419178106112,0.5299558710542882,2.0769865604738835,0.4643376744199166,0.6664415075946234,1.575073974953999,8.235313875794045,0.0,4.997202747457169,0.07378453034635069,,,8,6
ihdp_disconnected_sweep,IPWTransport,20,582258407,FEASIBLE,0.12235116958618164,100,0,6,0.9844251109311887,4.142367862273879,0.13516968951943298,-0.13516968951943298,0.8802073979543382,0.7071454758711192,0.9937017334559175,0.9917427479701921,0.9885856988454651,5.758758820608414,5.60290301965753,0.8884211589153581,0.6001431761607208,1.7915237461021705,0.6518046921217203,0.5673012827813557,1.7620020499476219,8.218614269398625,0.01669960639542012,5.061657321536821,0.009329956266698858,,,8,6
ihdp_disconnected_sweep,EntropyBalancing,20,582258407,FEASIBLE,0.12364554405212402,100,0,6,1.6454715655169616,4.465937677491626,0.18840012569831366,0.18840012569831366,0.45316194502934287,0.31410697726158476,0.951046377070384,0.9021289378783736,0.9090749233344488,5.511559986631253,5.096625067845819,0.41427306394293356,0.28772707028197403,2.9925663877867645,0.15437690082144606,1.075249585783037,2.0307343203425066,8.218614269398625,0.01669960639542012,4.960401731174479,0.11058554662904019,,,8,6
ihdp_disconnected_sweep,OutcomeModelTransport,20,582258407,FEASIBLE,0.012410640716552734,100,0,6,0.87161948258636,4.146748359014222,0.1307891927790905,-0.1307891927790905,0.8973703500265886,0.7322416518894418,0.9958432824820068,0.9917414767548879,0.9923997965104031,5.771169651674258,5.602895837859547,0.9171353909598282,0.6622158400269538,1.531495103848315,0.6786347967528512,0.4533583608106213,1.3574829265414898,8.218614269398625,0.01669960639542012,5.061655885177224,0.009331392626295454,,,8,6
ihdp_disconnected_sweep,AnchorPlugin,20,582258407,FEASIBLE,2.308885335922241,100,0,6,0.6616774802395257,4.099649130044107,0.17788842174920472,-0.17788842174920472,0.8623243220189164,0.675977644364493,0.9639954358508861,0.966971164659432,0.9747691951971882,5.586603134851847,5.462954651779243,0.8840245115244819,0.7986878186267306,1.003197730983409,0.7770197311066825,0.2425259672552479,0.7333305077957586,8.221338765318244,0.013975110475801245,5.033667647961164,0.03731962984235526,,,8,6
ihdp_disconnected_sweep,Glmtrans_OptionB,20,582258407,FEASIBLE,13.118195533752441,100,0,6,0.8040857175845451,3.8463877757145157,0.43114977607879634,-0.43114977607879634,0.9434462752051687,0.8180543827908026,0.9988262774656368,0.9965116438593318,0.998687349854058,5.788456879919364,5.629845148785654,0.9549921754870843,0.7764459862869467,1.2910252016365997,0.7535886133250178,0.6089908182107651,0.9555842713288629,8.218614269398625,0.01669960639542012,5.067045747362445,0.00394153044107437,,,8,6
ihdp_disconnected_sweep,ProxyOnly,21,1971078071,FEASIBLE,2.6581761837005615,100,0,6,0.9605291208584479,3.5915813107319723,0.20594068450552472,-0.20594068450552472,0.6930141712621742,0.5143091461722539,0.9491865597933804,0.9497077021998842,0.9545817583697588,4.831631738103282,4.709203546245054,0.7582488787737455,0.6822137327000382,1.3472959029473406,0.5813198515922162,0.36634658213480875,1.2276799743072944,7.42022013776275,0.009719950172409675,4.549133304966681,0.04987569682766946,,,22,6
ihdp_disconnected_sweep,IPWTransport,21,1971078071,FEASIBLE,0.28418731689453125,100,0,6,2.5824877139466635,5.506795643174615,1.7092736479371182,1.7092736479371182,0.5732862473830979,0.41237764413890116,0.9229039732440337,0.86837646419403,0.8942599745412746,4.697845836879699,4.30591593096039,0.5761038191427703,0.285795253419201,2.2237059388686564,0.2516008931929813,1.77534324139303,4.826257513584835,7.404814590955169,0.025125496979990558,4.468475781909748,0.13053321988460187,,,22,6
ihdp_disconnected_sweep,EntropyBalancing,21,1971078071,FEASIBLE,0.17273259162902832,100,0,6,1.9646444418003068,5.133931354998161,1.336409359760664,1.336409359760664,0.8442102804270305,0.6498133254626235,0.9730476123841153,0.9711881755798109,0.9714077137189114,4.953091337180457,4.815716235550887,0.8554872589960607,0.45153933318011497,1.4793500546091451,0.5966715453425868,1.434670714388945,3.6936842701924997,7.404814590955169,0.025125496979990558,4.570435842827847,0.02857315896650281,,,22,6
ihdp_disconnected_sweep,OutcomeModelTransport,21,1971078071,FEASIBLE,0.00719761848449707,100,0,6,2.2800784016889772,5.360546904244721,1.5630249090072241,1.5630249090072241,0.6430515262031731,0.4673882960299169,0.9226587801770818,0.902493678511266,0.8962257811220129,4.696597733867678,4.475088936800576,0.6548957261113484,0.3621785492527166,1.8560468942570016,0.33582671908207695,1.595016417561132,4.213895072356429,7.404814590955169,0.025125496979990558,4.502310383077785,0.09669861871656504,,,22,6
ihdp_disconnected_sweep,AnchorPlugin,21,1971078071,FEASIBLE,2.298231363296509,100,0,6,0.6724732706731164,3.6902318698500034,0.1072901253874936,-0.1072901253874936,0.8353591032156412,0.6453639345008502,0.955597199117271,0.9502571415137369,0.9734315673346295,4.864263730306781,4.71192798615351,0.8724941556736034,0.8519839369957762,0.6535037183354064,0.7498478017524046,0.29846267170326,0.6749718774136282,7.4227009337001695,0.00723915423499033,4.549678192948372,0.04933080884597807,,,22,6
ihdp_disconnected_sweep,Glmtrans_OptionB,21,1971078071,FEASIBLE,13.063551187515259,100,0,6,0.8781509809097551,4.1208278311483,0.32330583591080275,0.32330583591080275,0.8624527066796563,0.6777231414955653,0.9687668462794834,0.9761937746297559,0.9800388834422864,4.931301010335712,4.840536909051249,0.8715494436280242,0.8241319507807688,0.40141611592156473,0.6154074380590224,0.3536586766547095,1.1338825716583516,7.404814590955169,0.025125496979990558,4.57539997752792,0.02360902426643019,,,22,6
ihdp_disconnected_sweep,ProxyOnly,22,465824742,FEASIBLE,2.3478407859802246,100,0,6,1.1439694102436586,5.302997441456821,0.18694649818643772,0.18694649818643772,0.6983018301830183,0.5094949494949496,0.9373188845079634,0.9295377562389044,0.9419284071704442,6.118821835862082,5.942308139039718,0.7115327002611267,0.48776015368517517,2.529460096233315,0.46384253094253836,0.6502129611677536,1.920659387133088,9.383944307954042,0.0,5.456354992491604,0.09008958738604367,,,43,6
ihdp_disconnected_sweep,IPWTransport,22,465824742,FEASIBLE,0.5699653625488281,100,0,6,1.0970687593935011,4.847578557471742,0.2684723857986411,-0.2684723857986411,0.7723252325232521,0.5773737373737374,0.9436534160624471,0.9574882284245384,0.960424961363205,6.1601736859487035,6.120988689930658,0.7874018526810985,0.5161470315894686,2.613987660434587,0.5714510708426633,0.7012916925316128,1.6091489055941395,9.383944307954042,0.0,5.492091102669792,0.05435347720785533,,,43,6
ihdp_disconnected_sweep,EntropyBalancing,22,465824742,FEASIBLE,0.33023858070373535,100,0,6,1.3507431667700873,4.418949461481923,0.6971014817884598,-0.6971014817884598,0.7199639963996398,0.5284848484848486,0.9424928334604968,0.9509741977691196,0.965328187344495,6.152597397575017,6.0793460808791755,0.7247733582210548,0.47758530863689147,3.005625600857715,0.5141959470690256,0.9769231263237869,2.0074414384238275,9.383944307954042,0.0,5.483762580859496,0.0626819990181513,,,43,6
ihdp_disconnected_sweep,OutcomeModelTransport,22,465824742,FEASIBLE,0.03678703308105469,100,0,6,0.9265402462207623,4.995789660551342,0.12026128271904124,-0.12026128271904124,0.8633183318331832,0.6820202020202021,0.9582457948303329,0.9708841450894468,0.9751825138724889,6.25543279927488,6.206625517583438,0.8755895988034711,0.568622790867638,2.2753310838999914,0.7202715629501923,0.6249301990407417,1.322162206423303,9.383944307954042,0.0,5.509218468200348,0.037226111677298945,,,43,6
ihdp_disconnected_sweep,AnchorPlugin,22,465824742,FEASIBLE,2.3430657386779785,100,0,6,0.7052146346354151,5.096879925651146,0.019171017619236785,-0.019171017619236785,0.9143354335433541,0.7482828282828284,0.9853029832291581,0.9920665103774912,0.9918204127842949,6.4320622451636975,6.342039211981999,0.9111586876822004,0.678607220064892,1.6572714259197057,0.7621705299693095,0.3721135643230159,1.0674203152531279,9.383944307954042,0.0,5.5363012070800615,0.010143372797585926,,,43,6
ihdp_disconnected_sweep,Glmtrans_OptionB,22,465824742,FEASIBLE,11.989938974380493,100,0,6,0.5544079903517183,5.173628985585181,0.05757804231479824,0.05757804231479824,0.954107410741074,0.8202020202020203,0.989226731614052,0.9957652276888587,0.9958702093895523,6.457676492025394,6.365684209547538,0.9570960705774616,0.727905358143214,1.350138683617889,0.8716960271939305,0.3581894297976449,0.9931840594378327,9.383944307954042,0.0,5.541030206593169,0.005414373284478025,,,43,6
ihdp_disconnected_sweep,ProxyOnly,23,1834887579,FEASIBLE,2.1969540119171143,100,0,6,1.4389448740023347,4.583437731132705,0.20861333295269358,0.20861333295269358,0.7803660366036602,0.5979797979797982,0.8541409851005547,0.906980463335251,0.9506935929250251,6.534867009258875,6.568965062175712,0.8252816120291556,0.8000890244183628,0.7076661753957302,0.7377564007415132,0.5432163519953537,1.6090904701936406,11.59259631028869,0.02305254998782935,8.410313903100388,0.13474206141188994,,,30,6
ihdp_disconnected_sweep,IPWTransport,23,1834887579,FEASIBLE,0.25402379035949707,100,0,6,3.3741947598828785,1.6115952528927364,2.7632291452872746,-2.7632291452872746,0.7336573657365736,0.5616161616161617,0.9156034003342224,0.9021693340517275,0.9102990446487522,7.005104027065228,6.53411961461573,0.7787205430205737,0.6621831936137622,3.3076531068067205,0.5808560198830464,2.7860268144825593,4.285725453792502,10.861131399582105,0.754517460694414,8.403344813588392,0.14171115092388575,,,30,6
ihdp_disconnected_sweep,EntropyBalancing,23,1834887579,FEASIBLE,0.38975095748901367,100,0,6,6.1041203584644705,-0.2557158859794513,4.630540284159462,-4.630540284159462,0.5533993399339934,0.3947474747474748,0.757834123303752,0.8279553403651462,0.8473464787082862,5.798041889168087,5.996611750489355,0.6156216313718237,0.30513521810058714,4.452852320820137,0.3358708913756362,5.08559505947719,8.982331728854358,9.473224681927327,2.1424241783491915,8.295843240763118,0.24921272374916015,,,30,6
ihdp_disconnected_sweep,OutcomeModelTransport,23,1834887579,FEASIBLE,0.01399087905883789,100,0,6,2.91228085906774,1.9670192423920634,2.4078051557879476,-2.4078051557879476,0.8231623162316231,0.6577777777777778,0.9469805630017637,0.9310483747318153,0.9454063275538702,7.2451646127730145,6.743281131236543,0.8509291952758539,0.7454019040647378,2.9086045095689896,0.6699592954374824,2.4326900170623404,3.822608058952843,11.226748815599647,0.38890004467687156,8.445177116912555,0.09987884759972232,,,30,6
ihdp_disconnected_sweep,AnchorPlugin,23,1834887579,FEASIBLE,2.3629801273345947,100,0,6,0.8472936955532558,4.272130946615382,0.10269345156462872,-0.10269345156462872,0.961092109210921,0.8323232323232324,0.9831751110839543,0.9813870580425355,0.9782486242381238,7.522082079916329,7.107867872970824,0.9687214438745426,0.9280847541839482,0.409924798748836,0.897805071776455,0.35621130067008605,0.9439142835781773,11.571836724782488,0.04381213549403107,8.518094465259411,0.026961499252866616,,,30,6
ihdp_disconnected_sweep,Glmtrans_OptionB,23,1834887579,FEASIBLE,11.876797437667847,100,0,6,2.6417976825449987,2.225504258198194,2.149320139981817,-2.149320139981817,0.8339033903390338,0.6751515151515153,0.94929507062658,0.9565236955525405,0.9457817482225174,7.262872461692487,6.927790609868173,0.8606882511456739,0.8019970403059375,2.5899765699167996,0.6827459569160614,2.149320139981817,3.35695038324018,11.379616378736294,0.23603248154022438,8.48207901263888,0.06297695187339691,,,30,6
ihdp_disconnected_sweep,ProxyOnly,24,2062563298,FEASIBLE,2.709728240966797,100,0,6,1.6654484797877103,5.1927881043537845,0.1462038951623965,-0.1462038951623965,0.8416455285103126,0.6754562453406076,0.9499189838312524,0.9072235932005709,0.915737633201834,9.826653593743591,8.766887258366367,0.8830852486535997,0.9500827364181034,0.40541366769236253,0.784025631760173,0.6995560392285007,1.1765774489902023,23.673853515210173,0.0483893078769313,19.923083079122115,0.1793075719685575,,,49,6
ihdp_disconnected_sweep,IPWTransport,24,2062563298,FEASIBLE,0.200636625289917,100,0,6,1.4745057508934685,4.430047037645653,0.9089449618705281,-0.9089449618705281,0.9481177063096287,0.8329654746674119,0.9989738293648499,0.9924007754347397,0.9939021859218276,10.334112632207123,9.589990580666313,0.9666597668300625,0.9429769527198372,1.1615597435515397,0.8964426197211086,1.0300779442569865,1.8249355309111426,23.713901550021696,0.008341273065408217,20.087703743582104,0.014686907508568936,,,49,6
ihdp_disconnected_sweep,EntropyBalancing,24,2062563298,FEASIBLE,0.18009305000305176,100,0,6,1.3415596768613303,4.796565730566479,0.5424262689497024,-0.5424262689497024,0.9290820268907981,0.8042137899490269,0.9989738293648499,0.9846606987547128,0.9897578383360508,10.334112632207123,9.515194929259676,0.9520022628657401,0.8900371462487418,1.0698703248882822,0.8943274801201531,0.7174274935200602,1.2752359839537175,23.70921493174917,0.01302789133793425,20.072744613300777,0.029646037789895274,,,49,6
ihdp_disconnected_sweep,OutcomeModelTransport,24,2062563298,FEASIBLE,0.013674259185791016,100,0,6,1.3813176734134847,4.529731292684316,0.8092607068318651,-0.8092607068318651,0.958249600193845,0.8525499555625435,0.9989738293648499,0.9924007754347396,0.9789876585636139,10.334112632207123,9.589990580666312,0.974251119944574,0.931584835237425,1.119163019551055,0.9055660222766735,0.9228778054890548,1.5518966133953054,23.673719766911695,0.04852305617540864,20.087703743582104,0.014686907508568936,,,49,6
ihdp_disconnected_sweep,AnchorPlugin,24,2062563298,FEASIBLE,2.4941749572753906,100,0,6,1.3117535451236275,5.290491495597977,0.04850050391820382,-0.04850050391820382,0.9334526477820286,0.8046304810319022,0.9753220241454319,0.9981654357934968,0.9724613731982934,10.089441138412443,9.645696944375072,0.9455121873740455,0.9547676707450825,0.28780175716743167,0.8657546248694546,0.2640715962194362,0.5774582254755236,23.61348200312307,0.10876081996403286,20.098845016323857,0.0035456347668159083,,,49,6
ihdp_disconnected_sweep,Glmtrans_OptionB,24,2062563298,FEASIBLE,9.481634378433228,100,0,6,3.8021418797915114,3.006334402204853,2.332657597311328,-2.332657597311328,0.7372864194889881,0.6029519969203326,0.9634961215357227,0.9379303754831376,0.9127335785156261,9.967105391515101,9.063619949575102,0.759263367065659,0.5926790555408147,3.5572005653775483,0.5410668976557587,2.4362274139706876,6.118908058963406,22.73847446543389,0.983768357653215,19.982429617363863,0.11996103372680977,,,49,6
ihdp_disconnected_sweep,ProxyOnly,25,1974288007,FEASIBLE,2.9229207038879395,100,0,6,1.124961717876486,4.4231566741617625,0.21064346281481416,0.21064346281481416,0.6857674369728013,0.509558445937294,0.9600924327722284,0.9560199519831974,0.9488311742751213,5.549057626318403,5.335944110115533,0.7199988829173664,0.5873976876283326,1.6143612089265027,0.5018661611311888,0.6093104608262705,1.627523067438772,8.212130418256487,0.04731937308084255,5.102293182931399,0.04909418003066701,,,8,6
ihdp_disconnected_sweep,IPWTransport,25,1974288007,FEASIBLE,0.09232807159423828,100,0,6,1.4880912684866976,3.629790084788304,0.5827231265586446,-0.5827231265586446,0.8622950336530801,0.6904021341738724,0.9896182254118296,0.9848492677181264,0.9769054617137286,5.7197082003957265,5.496852485694246,0.8833094110192047,0.47421287009378194,2.4912200374015345,0.632024093778152,1.1605644253422218,2.2702107136345173,8.238012861569153,0.021436929768176682,5.134474858047143,0.016912504914923687,,,8,6
ihdp_disconnected_sweep,EntropyBalancing,25,1974288007,FEASIBLE,0.18755006790161133,100,0,6,1.0203510411064394,3.863589750358015,0.34892346098893334,-0.34892346098893334,0.8978741926671663,0.734500483206953,0.991975023126104,0.9891794838226555,0.9917102128928484,5.733329812111092,5.521021218857773,0.9101368955460407,0.6280411179227398,1.7860199853372607,0.675487219885984,0.7072229770481732,1.5378894831723855,8.24761757225524,0.011832219082089424,5.139308604679849,0.012078758282217272,,,8,6
ihdp_disconnected_sweep,OutcomeModelTransport,25,1974288007,FEASIBLE,0.013725757598876953,100,0,6,0.886884809181875,3.919809368295666,0.2927038430512825,-0.2927038430512825,0.9081776866842324,0.751087935595543,0.991975023126104,0.9915124565229257,0.9957150676214669,5.733329812111092,5.534042507705609,0.9246389258131612,0.690287987946529,1.506715889372179,0.7161366529484727,0.5784818845131687,1.3069539788668463,8.24761757225524,0.011832219082089424,5.141912862449415,0.009474500512651751,,,8,6
ihdp_disconnected_sweep,AnchorPlugin,25,1974288007,FEASIBLE,1.9070000648498535,100,0,6,0.609257604747435,4.237646532210732,0.025133320863783837,0.025133320863783837,0.8976101543813473,0.7251953269889635,0.9501625702207932,0.9881073176526808,0.9845328596626576,5.491665881900387,5.515037014503173,0.9175955279729859,0.8119240865130608,0.7718659217165105,0.8175703193260592,0.25939542662174486,0.6862967007865475,8.239275098106967,0.020174693230362806,5.1381117638089275,0.013275599153138806,,,8,6
ihdp_disconnected_sweep,Glmtrans_OptionB,25,1974288007,FEASIBLE,8.799649238586426,100,0,6,0.9457485824012981,3.587453229993039,0.6250599813539095,-0.6250599813539095,0.9390941696055636,0.8044914408466132,0.991975023126104,0.9958396878840817,0.9971393549789012,5.733329812111092,5.558194581777671,0.9535949631550747,0.7673725765909192,1.459599982847776,0.7624381527221589,0.7852612857562037,1.18508663484401,8.24761757225524,0.011832219082089424,5.146743277263828,0.004644085698238598,,,8,6
ihdp_disconnected_sweep,ProxyOnly,28,796076711,FEASIBLE,1.8781497478485107,100,0,6,2.197355860586329,0.6808686728268134,1.3397938017346147,-1.3397938017346147,0.9175877587758775,0.7559595959595962,0.9307666681417021,0.9485081793637318,0.9835048461077429,7.094691266198671,6.555133600197711,0.9325393712539022,0.8372880484844508,1.4505792722160669,0.9005841857671275,1.343101198325086,3.492261947799518,14.54791632163933,0.12491436138160417,12.850496174664578,0.07117192469854672,,,12,6
ihdp_disconnected_sweep,IPWTransport,28,796076711,FEASIBLE,0.19608807563781738,100,0,6,2.527183634348532,1.983012778333005,0.03764969622842318,-0.03764969622842318,0.8374197419741973,0.6545454545454547,0.9067624741823271,0.9138090047206215,0.9389689619580973,6.9117213006156435,6.315327839371525,0.8682788545384098,1.120439756696975,-0.2011838803209969,0.7275401769387965,0.9818007822040797,3.2124221527871217,14.41818919687658,0.25464148614435267,12.802535022499336,0.11913307686378793,,,12,6
ihdp_disconnected_sweep,EntropyBalancing,28,796076711,FEASIBLE,0.24910545349121094,100,0,6,2.7935579413630167,2.5598475915568306,0.5391851169954025,0.5391851169954025,0.797071707170717,0.6141414141414142,0.9682309301906763,0.9153237679757056,0.8975765822088366,7.380259477707692,6.325796357962906,0.8367964339315543,0.9914599120097929,-0.5173237933219865,0.6695658780771733,0.8903958842949851,2.5357204097156893,14.36925491188308,0.3035757711378526,12.804628726217613,0.11703937314551105,,,12,6
ihdp_disconnected_sweep,OutcomeModelTransport,28,796076711,FEASIBLE,0.01413726806640625,100,0,6,2.372107704445892,2.4229056029582243,0.4022431283967962,0.4022431283967962,0.9443264326432641,0.8052525252525253,0.9832956787686823,0.9525525306595578,0.9625477735415309,7.49508926676454,6.583084084597388,0.9598772014906083,1.4727452764258713,-1.5476603074210746,0.846867706858583,1.078105091995874,5.46216380243914,14.617654390252644,0.05517629276828906,12.85608627154451,0.06558182781861355,,,12,6
ihdp_disconnected_sweep,AnchorPlugin,28,796076711,FEASIBLE,1.5988211631774902,100,0,6,1.1508955946078099,1.7684722777105604,0.25219019685086774,-0.25219019685086774,0.9744134413441342,0.865858585858586,0.9638984866553818,0.9890319052830978,0.9923427386599992,7.347235788352205,6.835192795425138,0.9800289075402474,0.9969884065164274,0.25751611643829914,0.9445429592230487,0.4471334442370375,0.7869087196961635,14.660234606561598,0.012596076459335137,12.90650801371006,0.015160085653064925,,,12,6
ihdp_disconnected_sweep,Glmtrans_OptionB,28,796076711,FEASIBLE,7.763185262680054,100,0,6,2.447878494826355,2.3746458567397393,0.35398338217831116,0.35398338217831116,0.9617881788178817,0.8480808080808082,0.9891668936749158,0.9873146020925442,0.9657838386096415,7.539842112502339,6.8233245247122,0.9733197404312167,1.585122597394292,-1.7434423337654605,0.8589827853307033,1.2180593310229033,5.877206081052573,14.578787902746415,0.09404278027451873,12.904134359567472,0.017533739795652536,,,12,6
ihdp_disconnected_sweep,ProxyOnly,29,839049526,FEASIBLE,1.6835386753082275,100,0,6,1.7154057393503195,2.5913056200494657,0.7974595277091145,-0.7974595277091145,0.8457125712571256,0.6715151515151516,0.9074814164049138,0.9525866277833182,0.938453347760838,5.142855443393163,5.191311956531582,0.8712929258562732,0.5741348532014703,1.9010062759913344,0.763231959020874,1.3373725653669413,2.739186598084067,9.099648559297163,0.11304124700014029,6.770490428995829,0.05167773699715106,,,27,6
ihdp_disconnected_sweep,IPWTransport,29,839049526,FEASIBLE,0.12468171119689941,100,0,6,1.4872860957483107,3.9056904491695366,0.5169253014109563,0.5169253014109563,0.6808400840084007,0.4933333333333334,0.8911361585663838,0.9117217039037301,0.885420079999054,5.0502240167557275,4.968610354649433,0.7303958570716487,0.7520079507003053,0.451654877008843,0.500787622592181,0.6070397771090644,1.2651612740543658,9.104451293592902,0.10823851270440166,6.7259501086194,0.09621805737358002,,,27,6
ihdp_disconnected_sweep,EntropyBalancing,29,839049526,FEASIBLE,0.2188706398010254,100,0,6,1.412045092623384,3.9689302195119724,0.5801650717533922,0.5801650717533922,0.7358175817581758,0.538989898989899,0.9232907238295669,0.9355240161977114,0.9195145024464109,5.23244954557021,5.098325831227539,0.7710676796031957,0.821281977701473,0.12915428771864676,0.5544387031881569,0.5826125688045749,1.2877867244466854,9.134599072055012,0.0780907342422914,6.751893203935022,0.07027496205795813,,,27,6
ihdp_disconnected_sweep,OutcomeModelTransport,29,839049526,FEASIBLE,0.025237560272216797,100,0,6,1.459291899395619,4.187927997651472,0.7991628498928915,0.7991628498928915,0.7482508250825082,0.54989898989899,0.9143659965294797,0.9301746374186313,0.9209918508158909,5.1818715595681555,5.069173318263467,0.7901974265691865,0.8470469322583831,-0.15860641517109345,0.5949587450275644,0.8106428111055171,1.6579300964140913,9.165026003371436,0.047663802925868026,6.746062701342208,0.07610546465077217,,,27,6
ihdp_disconnected_sweep,AnchorPlugin,29,839049526,FEASIBLE,1.727092981338501,100,0,6,0.7760259445785636,3.341730251156438,0.04703489660214233,-0.04703489660214233,0.9453825382538252,0.7983838383838385,0.98424435955824,0.9764470935780566,0.9895445328155068,5.577884429012428,5.32134435228007,0.9537014475379294,0.8983872616842,0.38659725813489343,0.8399282065200053,0.28290170184296254,0.8472514223519516,9.204612130149693,0.008077676147610902,6.796496908145527,0.025671257847452722,,,27,6
ihdp_disconnected_sweep,Glmtrans_OptionB,29,839049526,FEASIBLE,8.325796604156494,100,0,6,1.1470027589327227,3.7385070254394446,0.3497418776808643,0.3497418776808643,0.795235523552355,0.6072727272727274,0.9255872332812696,0.9429038846005029,0.9435954008864661,5.245464265123678,5.1385439047965455,0.8287793232743514,1.077257053519854,-0.6385679150295905,0.6636905629561898,0.3497418776808649,0.62623231822809,9.165026003371436,0.047663802925868026,6.759936818648823,0.062231347344156696,,,27,6
ihdp_disconnected_sweep,ProxyOnly,26,1528978648,FEASIBLE,2.8706655502319336,100,0,6,1.654456412748119,5.60659988587443,0.09160606471552502,0.09160606471552502,0.786847356101064,0.6347218613376264,0.8544424108266174,0.9207901928795421,0.9489857718286622,9.038961812235332,8.577514463473381,0.8775860104229181,0.917723980364436,0.36968265758343055,0.7141282064793362,0.4710666167782997,1.0210842073096207,23.500881373199412,0.04011563749345015,19.70330650679791,0.1475739579936075,,,49,6
ihdp_disconnected_sweep,IPWTransport,26,1528978648,FEASIBLE,0.26012110710144043,100,0,6,1.4787026466590552,5.268995295192649,0.2459985259662556,-0.2459985259662556,0.8941447228421183,0.7411190786775611,0.9766730675004975,0.9980968929083563,0.9982164384905677,10.33201354276775,9.297656079607318,0.9566845316831639,0.7929946995114753,1.3367084803202323,0.8293164246064785,0.7018157337014168,1.5193398017148159,23.48373421923086,0.05726279146200142,19.8473348300247,0.003545634766819461,,,49,6
ihdp_disconnected_sweep,EntropyBalancing,26,1528978648,FEASIBLE,0.4211137294769287,100,0,6,1.9863571663365183,5.163539862091994,0.35145395906691057,-0.35145395906691057,0.8482790006692288,0.6799514476562222,0.9277847713201232,0.9974625238778091,0.9574284371884356,9.814834811187533,9.291746688329287,0.9118688337653218,0.6850994188677885,1.9774556623390194,0.7500157133104739,1.0747254308787861,2.425073171464014,23.479047600958328,0.061949409734534555,19.846152951769092,0.004727513022427132,,,49,6
ihdp_disconnected_sweep,OutcomeModelTransport,26,1528978648,FEASIBLE,0.013485193252563477,100,0,6,1.4419366999166112,5.64600422289178,0.13101040173287526,0.13101040173287526,0.9080161886052116,0.7605031870998163,0.9766730675004975,0.9987312619389035,0.9880716961477733,10.33201354276775,9.303565470885347,0.9596653125630786,0.7903378742707335,1.0527428455150303,0.8386671051529423,0.5718499560730006,2.041199282252709,23.504024341896457,0.03697266879640537,19.848516708280307,0.0023637565112117898,,,49,6
ihdp_disconnected_sweep,AnchorPlugin,26,1528978648,FEASIBLE,1.6403014659881592,100,0,6,1.1273548845973227,5.459171815368801,0.055822005790103546,-0.055822005790103546,0.9171200971773993,0.7729951680830476,1.0,0.9974625238778086,0.9929687915665688,10.578784126001803,9.291746688329283,0.9758238342568258,0.8957915571186631,0.6247138000913695,0.8763775741892172,0.5747673168672526,1.0095445449157876,23.516792094542485,0.024204916150377898,19.84615295176909,0.004727513022430685,,,49,6
ihdp_disconnected_sweep,Glmtrans_OptionB,26,1528978648,FEASIBLE,9.709745407104492,100,0,6,0.7994458673831656,5.679226194791384,0.1642323736324789,0.1642323736324789,0.9346112624128231,0.797548372084571,1.0,0.9987312619389035,0.9991042790813117,10.578784126001803,9.303565470885347,0.9917686338377083,0.9308683083884947,0.22838214025782333,0.9397678942000226,0.5123165712841535,1.0613211030076215,23.524314464562057,0.016682546130805775,19.848516708280307,0.0023637565112117898,,,49,6
ihdp_disconnected_sweep,ProxyOnly,27,927600089,FEASIBLE,1.878894567489624,100,0,6,2.1205161910267476,3.9402684127893712,0.7129035042036356,0.7129035042036356,0.8075247524752475,0.6274747474747475,0.9322470143782806,0.8838893964387627,0.9096600790547384,7.162543000213715,6.371377763773107,0.8539039401215202,0.819795435058186,-0.002849149122955064,0.729637235932138,0.9736117573830522,2.4848588497492274,12.134085078153866,0.1165876020337997,9.77305453768323,0.16739300655692269,,,40,6
ihdp_disconnected_sweep,IPWTransport,27,927600089,FEASIBLE,0.25189638137817383,100,0,6,1.785629982488025,3.5667529775231843,0.33938806893744866,0.33938806893744866,0.9194839483948394,0.7672727272727273,0.971059327746616,0.9693473588054924,0.9670825069161665,7.460741717024696,6.987388051207823,0.9284637445279194,0.9084593063542213,-0.012885027311831113,0.7723431222889788,0.7837612316735547,2.679541215545619,12.140470662638448,0.11020201754921821,9.896256595170174,0.04419094906997856,,,40,6
ihdp_disconnected_sweep,EntropyBalancing,27,927600089,FEASIBLE,0.21821069717407227,100,0,6,2.480939543696643,3.4723790382421407,0.245014129656405,0.245014129656405,0.8818361836183618,0.7143434343434345,1.0,0.9640579326968789,0.9529470380929529,7.6830956707224685,6.949260054619875,0.8879929431455656,0.6714383320009619,0.8958765190733282,0.7007495166251607,1.385942402169678,4.5212639864943815,11.968875793258205,0.28179688692946137,9.888630995852584,0.05181654838756877,,,40,6
ihdp_disconnected_sweep,OutcomeModelTransport,27,927600089,FEASIBLE,0.013468265533447266,100,0,6,1.543468336690307,3.3510162381932815,0.12365132960754588,0.12365132960754588,0.9504590459045903,0.8218181818181819,0.9975946332151459,0.9843607597428952,0.9613609681383926,7.664615007591256,7.095609791706783,0.9598758205856991,1.073974291063596,-0.37154038017049174,0.8225243829309123,0.8003243542480613,2.6006578701809127,12.198783269421318,0.05188941076634812,9.917900943269965,0.02254660097018757,,,40,6
ihdp_disconnected_sweep,AnchorPlugin,27,927600089,FEASIBLE,1.8541278839111328,100,0,6,1.386547573021558,3.312929918199211,0.08556500961347524,0.08556500961347524,0.9507830783078307,0.8101010101010103,0.993644699225987,0.9678385541283758,0.9797519912569471,7.63426728685951,6.9765120698821175,0.9557847390798168,0.8998221397056242,0.24631722089694166,0.8639516214039799,0.6056376557087855,1.7444076476934978,12.206691386027076,0.04398129416058971,9.894081398905032,0.046366145335120734,,,40,6
ihdp_disconnected_sweep,Glmtrans_OptionB,27,927600089,FEASIBLE,10.207086324691772,100,0,6,1.505563578256812,3.1556415336159507,0.07172337496978498,-0.07172337496978498,0.9535673567356735,0.823838383838384,0.9973942483130165,0.984360759742895,0.9720824280242915,7.663075431217227,7.095609791706782,0.9645527296973407,1.1245344730793563,-0.3212627806464108,0.8369652934817252,0.868294639320377,2.685812749820086,12.179254923403029,0.07141775678463702,9.917900943269965,0.02254660097018757,,,40,6
ihdp_disconnected_sweep,ProxyOnly,32,1548569808,FEASIBLE,2.156879186630249,100,0,6,19.48723393217961,-7.803285782431698,9.217853257914532,-9.217853257914532,0.9594479447944793,0.8513131313131315,0.9902704746909986,0.9753870566190616,0.9808531745035456,38.65475870083302,33.87149778008073,0.973569568191798,0.7274260529963801,7.090880852599898,0.9141520472970028,9.217853257914538,42.81003117805032,62.208107851492095,0.45880169157336326,55.768403735446924,0.17094285831073108,,,9,6
ihdp_disconnected_sweep,IPWTransport,32,1548569808,FEASIBLE,0.0590214729309082,100,0,6,23.36112401239788,9.558288619498331,8.143721144015498,8.143721144015498,0.965148514851485,0.8395959595959597,0.9860605016579794,0.9737869937246727,0.9764989140567087,38.49042431352419,33.81593365668223,0.9725692302775031,1.5153382265683601,-13.069472650216301,0.7368530057577375,9.953043372478136,48.356155913868996,62.15666331007343,0.5102462329920314,55.75729091076723,0.1820556829904234,,,9,6
ihdp_disconnected_sweep,EntropyBalancing,32,1548569808,FEASIBLE,0.16920971870422363,100,0,6,22.115480670266532,8.328837680372217,6.914270204889383,6.914270204889383,0.9631203120312031,0.8351515151515152,0.9860605016579792,0.9787294861878372,0.9842513919539336,38.49042431352418,33.987567698120536,0.9712515618719075,1.3825309635472605,-10.100308507990897,0.7356621094012514,9.053665289424403,43.84243109215238,62.200623131043066,0.4662864120223915,55.79161771905489,0.1477288747027643,,,9,6
ihdp_disconnected_sweep,OutcomeModelTransport,32,1548569808,FEASIBLE,0.04255104064941406,100,0,6,23.91032023350961,10.100767762929923,8.68620028744709,8.68620028744709,0.9646444644464445,0.837979797979798,0.9786788349725215,0.9789622656641958,0.9764989140567086,38.20228430346745,33.99565124758249,0.9725766018304333,1.5667335612092674,-14.410644372680132,0.7356615917615337,10.390180287330418,50.111818474733845,62.07964387675121,0.587265666314245,55.79323442894728,0.1461121648103756,,,9,6
ihdp_disconnected_sweep,AnchorPlugin,32,1548569808,FEASIBLE,2.6184849739074707,100,0,6,14.377880962736693,1.1000149891583582,0.3145524863244762,-0.3145524863244762,0.9589318931893188,0.8319191919191921,0.9770716380721521,0.9795687214383626,0.9520815927007202,38.139548101635434,34.016711159408274,0.9710780366665362,1.0497739862222892,0.2598003554097983,0.8517728719092812,5.972021985348785,12.693892153209212,62.21189120930971,0.45501833375574563,55.79744641131244,0.1419001824452124,,,9,6
ihdp_disconnected_sweep,Glmtrans_OptionB,32,1548569808,FEASIBLE,12.973516941070557,100,0,6,24.9883422265623,12.327830694853105,10.913263219370272,10.913263219370272,0.9678967896789678,0.8472727272727274,0.987101481131991,0.9787294861878374,0.9811660496008011,38.531058475007185,33.98756769812054,0.9751780360835546,1.5878208290985258,-18.159818879405083,0.7333179855927523,11.270176505142578,53.04258182507439,61.84061902417805,0.8262905188874115,55.79161771905489,0.1477288747027643,,,9,6
ihdp_disconnected_sweep,ProxyOnly,30,1916004758,FEASIBLE,3.306669235229492,100,0,6,5.596026759943769,17.732101964779414,2.138344990437931,2.138344990437931,0.9659645964596458,0.8408080808080809,0.9779602585119648,0.9801755819821018,0.9878409754122295,39.06865839444875,37.095144767267996,0.9725564202666058,0.9616969883175251,-1.4591520817261552,0.9472438686817332,2.1383449904379317,4.8583876790350455,53.549676051298526,0.21553576270793684,41.93250513247912,0.15005263747004705,,,9,6
ihdp_disconnected_sweep,IPWTransport,30,1916004758,FEASIBLE,0.2125706672668457,100,0,6,22.651081121484506,-0.989299569031364,16.583056543372848,-16.583056543372848,0.8566216621662166,0.6812121212121214,0.9531214728445041,0.9539529308838627,0.9250139193295029,38.076370595707814,36.10273783880352,0.8755577834116347,0.7047352545881005,16.290951257986706,0.6270431021978937,17.96187133581111,31.637932204727505,48.95285688272988,4.81235493127658,41.73402374678622,0.3485340231629479,,,9,6
ihdp_disconnected_sweep,EntropyBalancing,30,1916004758,FEASIBLE,0.2943136692047119,100,0,6,30.60519965990158,-11.078378421437373,26.672135395778856,-26.672135395778856,0.8440804080408041,0.6743434343434344,0.9507705095507429,0.9482250434059345,0.9269023374656818,37.982451664930814,35.88596360048318,0.8591382912866607,0.7056283936927621,23.410975344580898,0.657340672026252,26.672135395778856,37.585923053458174,45.22206983267828,8.543141981328183,41.69066889912216,0.3918888708270103,,,9,6
ihdp_disconnected_sweep,OutcomeModelTransport,30,1916004758,FEASIBLE,0.040433406829833984,100,0,6,11.961526370652077,10.398776336778978,5.194980637562505,-5.194980637562505,0.979141914191419,0.8820202020202021,0.9970482671343915,0.9970810875662449,0.9914608809023147,39.83120767169093,37.73494052277897,0.981367718358066,0.8513825526203326,6.740420232606688,0.7884911784801437,9.068306477151175,13.016112507436953,52.67739325749275,1.0878185565137102,42.06046428358131,0.022093486367857906,,,9,6
ihdp_disconnected_sweep,AnchorPlugin,30,1916004758,FEASIBLE,2.349968194961548,100,0,6,6.9974518170226565,15.724234846335868,0.1304778719943851,0.1304778719943851,0.9699249924992498,0.8509090909090911,0.9978720822407284,0.9827222997643433,0.9837842090056227,39.8641183658521,37.19152634068221,0.9719230373086328,0.9851209634900252,0.10348359237565993,0.9008965193568947,2.0501033434532867,5.146118659893993,53.44580314086417,0.3194086731422914,41.951781447161956,0.13077632278721296,,,9,6
ihdp_disconnected_sweep,Glmtrans_OptionB,30,1916004758,FEASIBLE,13.99213981628418,100,0,6,11.473431352517789,11.128349959163746,4.465407015177737,-4.465407015177737,0.9832223222322231,0.8969696969696971,0.9970482671343915,0.9970810875662449,0.9928631915078795,39.83120767169093,37.73494052277897,0.984942612133891,0.8681342711304243,5.932854993658572,0.7916376559344284,8.661250709773606,12.142715087710798,52.865255975569745,0.8999558384367177,42.06046428358131,0.022093486367857906,,,9,6
ihdp_disconnected_sweep,ProxyOnly,33,608108590,FEASIBLE,2.1053731441497803,100,0,6,1.1876566655856957,3.498863893618296,0.3611982853788609,-0.3611982853788609,0.7391770054387924,0.5455281141128067,0.8991493412876074,0.9360050560888432,0.9499626167301412,4.836199770048755,4.854067168094909,0.7872433170039781,0.5603889619225658,1.899337473744055,0.6186979964291255,0.7401344913880207,1.720433408512927,7.773618635385405,0.01599061611523389,4.8845659093717,0.06637480302964072,,,41,6
ihdp_disconnected_sweep,IPWTransport,33,608108590,FEASIBLE,0.16209983825683594,100,0,6,1.5617680203701618,3.783874747881185,0.07618743111597182,-0.07618743111597182,0.44387104522014154,0.3074280331847273,0.901929293970267,0.9168516695385812,0.9094559624586861,4.851152132139542,4.754738831985331,0.47543974840329667,0.35323307525001746,2.5234724654422034,0.19068976768256019,0.9149987442636999,2.0408237418895987,7.756175527782567,0.03343372371807174,4.864700242149784,0.0862404702515569,,,41,6
ihdp_disconnected_sweep,EntropyBalancing,33,608108590,FEASIBLE,0.13186001777648926,100,0,6,1.5169146331196668,3.2908283414223463,0.5692338375748105,-0.5692338375748105,0.6301024618540079,0.45295609623075206,0.9527545326072829,0.9405585003191723,0.9370288530104137,5.124522746032241,4.877681062054574,0.6567018937516829,0.4499158973546326,2.379466192726067,0.357591462661758,0.9947164980349552,2.071866780223308,7.756175527782567,0.03343372371807174,4.889288688163633,0.06165202423770744,,,41,6
ihdp_disconnected_sweep,OutcomeModelTransport,33,608108590,FEASIBLE,0.01405024528503418,100,0,6,1.4274116619454065,3.4800436937242956,0.3800184852728612,-0.3800184852728612,0.5800807093468414,0.4198080374258241,0.9650487174451868,0.955426991853457,0.9357570693955718,5.190648728842687,4.954788184634922,0.5858916530909504,0.44820591550138345,2.300286009266645,0.24628424092604273,0.6688058258349738,1.9889663849924202,7.7404492735346695,0.04915997796596905,4.904710112679703,0.04623059972163812,,,41,6
ihdp_disconnected_sweep,AnchorPlugin,33,608108590,FEASIBLE,2.90584397315979,100,0,6,0.8676873127565213,3.5260978042542392,0.3339643747429175,-0.3339643747429175,0.8154577777361891,0.6288025057446986,0.9706862847863719,0.9552797066792648,0.9534924492891502,5.220971168761322,4.9540243723843975,0.855922092414819,0.8052347465030596,1.0207257074434997,0.6566046815067454,0.5076501485761881,1.077939586360479,7.773814654749875,0.015794596750763112,4.904557350229598,0.04638336217174288,,,41,6
ihdp_disconnected_sweep,Glmtrans_OptionB,33,608108590,FEASIBLE,13.073803424835205,100,0,6,1.4309487840321138,4.46656750930373,0.6065053303065735,0.6065053303065735,,,0.6039550234027994,0.7387382621384895,0.7516346878201962,3.248456080852679,3.831053177261437,0.05821287146494843,0.0,3.8600621789971568,0.0,0.6065053303065735,0.6065053303065735,7.773814654749875,0.015794596750763112,4.679963111205007,0.27097760119633385,,,41,6
ihdp_disconnected_sweep,ProxyOnly,31,1625109838,FEASIBLE,2.8749732971191406,100,0,6,4.746460762442517,-0.36952611778528066,2.2270084534772074,-2.2270084534772074,0.9589078907890789,0.8351515151515152,0.9676120228665352,0.9879184240649679,0.9706734853110514,13.44939327857806,12.294635485861068,0.9649115827436514,0.765247638463549,2.140261324677716,0.8830874785011722,2.3514847283829745,10.759593913223686,32.287662609544206,0.15217257592054523,30.10172126472567,0.030071019751773065,,,39,6
ihdp_disconnected_sweep,IPWTransport,31,1625109838,FEASIBLE,0.3198883533477783,100,0,6,2.609736814203916,1.0041612454543216,0.8533210902376054,-0.8533210902376054,0.9841464146414641,0.8985858585858587,0.9777925931711967,0.9999999999999999,0.9954320698420895,13.590898851671266,12.444990584619912,0.9881385160956168,1.0762434656333495,0.7767603568294673,0.9354482947230834,1.8288445202248471,3.7441691359483436,32.345697346888365,0.09413783857638691,30.13179228447744,0.0,,,39,6
ihdp_disconnected_sweep,EntropyBalancing,31,1625109838,FEASIBLE,0.33564019203186035,100,0,6,3.096751095762817,0.29015585622386175,1.5673264794680652,-1.5673264794680652,0.9791059105910591,0.8804040404040405,0.9761394272630669,0.9987987601202122,0.983137546408874,13.567920552592977,12.430041165626085,0.9827015082019916,1.0553854790808401,1.5512560583629955,0.9213284500839689,2.044871066488209,3.315225300859402,32.15615592525753,0.28367926020722223,30.128802400678673,0.0029898837987687443,,,39,6
ihdp_disconnected_sweep,OutcomeModelTransport,31,1625109838,FEASIBLE,0.014310359954833984,100,0,6,2.807683199644631,2.102614653749887,0.2451323180579601,0.2451323180579601,0.9896789678967896,0.9183838383838385,0.9928998452168455,0.9958352503837935,0.991972212844804,13.800883193865161,12.393160314858925,0.9920616765836507,1.18921767214573,-0.6429841682600123,0.9346005983151737,1.497717745484429,6.718891995876724,32.411937321067086,0.027897864397665728,30.12142623052524,0.01036605395220036,,,39,6
ihdp_disconnected_sweep,AnchorPlugin,31,1625109838,FEASIBLE,3.2744407653808594,100,0,6,2.535810723139485,1.7764372550687773,0.08104508062314975,-0.08104508062314975,0.9848064806480646,0.9002020202020203,0.9936225453127571,0.9987987601202122,0.993815247872852,13.81092841610577,12.430041165626085,0.9865754316225813,0.9956263922876772,0.08881452030237631,0.9268871859715213,0.9365556363300519,2.555128068475195,32.40555260968247,0.034282575782278,30.128802400678673,0.0029898837987687443,,,39,6
ihdp_disconnected_sweep,Glmtrans_OptionB,31,1625109838,FEASIBLE,12.899631023406982,100,0,6,2.9495091564471094,2.3730761752092535,0.5155938395173265,0.5155938395173265,0.9921512151215119,0.930909090909091,0.996255230782117,0.9958352503837935,0.9932560910032763,13.847521618153142,12.393160314858925,0.9939878816493088,1.2489850375193576,-1.1064543000380969,0.941398197207867,1.6222407270910348,7.434278109096219,32.43983518546475,0.0,30.12142623052524,0.01036605395220036,,,39,6
ihdp_disconnected_sweep,ProxyOnly,34,826110259,FEASIBLE,2.8727478981018066,100,0,6,3.3476739067314805,1.8056976201482575,1.4797779913636164,-1.4797779913636164,0.9699664561989846,0.8688095391764503,0.9914933553064307,0.9842372592328653,0.9792237116687189,15.090331034337058,13.518704435481473,0.9776376847704928,0.8188171009126178,1.806939521057264,0.9400618652504675,1.8250000552970462,7.528624570626928,27.18375040154258,0.06558334371245778,24.160854031385433,0.04330090768766226,,,10,6
ihdp_disconnected_sweep,IPWTransport,34,826110259,FEASIBLE,0.31767821311950684,100,0,6,3.3326379786311127,3.932218796275261,0.6467431847633871,0.6467431847633871,0.977077295279148,0.8789166766726862,1.0,0.9895472499288187,0.9917149725577087,15.219800469235867,13.591638267339963,0.981547397717426,1.0265546510162007,-0.7511618826178208,0.8749828363876689,1.7169025293550013,6.14374006264806,27.210035360658694,0.03929838459634283,24.17544079775713,0.028714141315965946,,,10,6
ihdp_disconnected_sweep,EntropyBalancing,34,826110259,FEASIBLE,0.6151480674743652,100,0,6,3.639616271523084,4.469829315137844,1.1843537036259697,1.1843537036259697,0.9676801864187801,0.8595109726799132,0.9991818894857931,0.9780462347354836,0.9807311746651107,15.207348990447855,13.433669420247279,0.9735329222865494,0.9526112434904913,-0.9725340505718391,0.8629491235379634,1.6334501303745321,5.684556103923661,27.149523550707354,0.09981019454768258,24.14384702833859,0.06030791073450459,,,10,6
ihdp_disconnected_sweep,OutcomeModelTransport,34,826110259,FEASIBLE,0.022446632385253906,100,0,6,3.0254192099142907,3.6190351339339175,0.33355952242204356,0.33355952242204356,0.9874825230977166,0.9148980861592866,0.9970974249687035,0.9925680406986426,0.9950673212167537,15.175623856412548,13.633129459829982,0.9910128245298817,1.0693177446478936,-0.5844228757078297,0.8975154109994876,1.7192594679145188,6.099060725724327,27.238497575197016,0.0108361700580204,24.183739036255133,0.02041590281796246,,,10,6
ihdp_disconnected_sweep,AnchorPlugin,34,826110259,FEASIBLE,2.7693545818328857,100,0,6,2.215166458126649,3.26380804266216,0.02166756884971388,-0.02166756884971388,0.9766452442970621,0.8732566796747941,0.9898786917992549,0.9845437749759074,0.9890587523972841,15.065756177932887,13.522914493265953,0.9809464229066444,0.9369625152610686,0.2274098185298292,0.9466260326251049,0.6942882664950091,2.1666873964763127,27.168352137180953,0.08098160807408306,24.161696042942324,0.04245889613077125,,,10,6
ihdp_disconnected_sweep,Glmtrans_OptionB,34,826110259,FEASIBLE,11.016319513320923,100,0,6,2.9597115315291305,3.9798720252872806,0.6943964137754066,0.6943964137754066,0.9943413324383299,0.9419852146491993,0.9970974249687035,1.0,0.9965578946338243,15.175623856412548,13.735208973919793,0.9958224331035558,1.110993227393904,-1.1361352544767576,0.9118251683324167,1.6597265744185141,6.953618951159022,27.20661403277779,0.04271971247724693,24.204154939073096,0.0,,,10,6
ihdp_disconnected_sweep,ProxyOnly,37,549949956,FEASIBLE,4.203780651092529,100,0,6,1.5478683821027615,2.572957111697163,1.168446382871589,-1.168446382871589,0.413077786252779,0.289351390024918,0.9528341917625369,0.940884869025784,0.9547174587587496,3.9479604289926913,3.8756150670684457,0.4659806924085689,0.15061106467698152,3.3538876846078316,0.14969596669666885,1.2668469061685406,2.7564338180345547,5.795576214796544,0.07374935858133735,2.9030450922228175,0.04870043080459352,,,7,6
ihdp_disconnected_sweep,IPWTransport,37,549949956,FEASIBLE,0.2552673816680908,100,0,6,1.1394164340689772,3.4347594474515315,0.30664404711722026,-0.30664404711722026,0.11334601467959649,0.07637906803730378,0.9414632145250107,0.9412700998139895,0.9270598028250824,3.9008460741964077,3.877201877842237,0.10544588395179127,0.039067446453068026,3.607216213776271,0.009199783659866956,0.8809872285462338,2.1796957828086976,5.869325573377881,0.0,2.903362454377576,0.04838306864983499,,,7,6
ihdp_disconnected_sweep,EntropyBalancing,37,549949956,FEASIBLE,0.3532102108001709,100,0,6,1.542247087038216,3.097126598258165,0.6442768963105867,-0.6442768963105867,0.08939747613407953,0.0545564771695027,0.9343897663943416,0.9365042360130508,0.9262661849081197,3.8715380439453546,3.8575707261864145,0.10310882127488273,0.03482342964433858,3.6335509243747013,0.012630754282653145,1.1915734516608156,3.0352086425582483,5.789247709630423,0.08007786374745773,2.8994362240464113,0.052309298980999674,,,7,6
ihdp_disconnected_sweep,OutcomeModelTransport,37,549949956,FEASIBLE,0.01055145263671875,100,0,6,0.7746434433186556,3.6935373908979265,0.04786610367082522,-0.04786610367082522,-0.04298255615172585,-0.025055567292660497,0.9104660017075967,0.9126280336659242,0.9139263269203004,3.772412637749457,3.759221849924102,0.0,0.0029485523824023105,3.7305129060953264,1.971870062400516e-05,0.5278116900710556,1.185581600192748,5.869325573377881,0.0,2.8797664487939487,0.07197907423346228,,,7,6
ihdp_disconnected_sweep,AnchorPlugin,37,549949956,FEASIBLE,1.4165916442871094,100,0,6,0.9254855357012034,3.044295909775844,0.6971075847929078,-0.6971075847929078,0.5697063888874779,0.4235199116565839,0.937020483236945,0.9382890223202797,0.948531103530413,3.882438120878227,3.864922470200489,0.5430724025271951,0.2774032395697437,2.896905946988012,0.1758937732995487,0.8175214959069181,1.1012206992606792,5.869325573377881,0.0,2.900906572849226,0.05083895017818518,,,7,6
ihdp_disconnected_sweep,Glmtrans_OptionB,37,549949956,FEASIBLE,7.845473527908325,100,0,6,0.4426462096015558,3.811227306724054,0.06982381215530209,0.06982381215530209,0.060138137950692755,0.0703485309832443,0.9459276612733926,0.9503145482994997,0.9263026329797575,3.919344003062031,3.9144570213541763,0.04873268110348874,0.30113936736955854,2.593692914520283,0.009179403001870257,0.1990680304005651,0.41799820998531345,5.869325573377881,0.0,2.9108134830799632,0.04093203994744776,,,7,6
ihdp_disconnected_sweep,ProxyOnly,36,1170117998,FEASIBLE,4.34535551071167,100,0,6,1.2538593358990842,4.923057033766845,0.1543284957207538,-0.1543284957207538,0.9323044859430972,0.8043561443718864,0.9989858229241776,0.9930389159906496,0.9767611534022395,10.456448379104463,9.718683600379801,0.956006946171953,0.9657214150730583,0.3230839243529084,0.8983978920707238,0.4660608593955145,0.7499702056216782,23.804084783385125,0.028973329516528423,20.387131434583942,0.013625361889278764,,,49,6
ihdp_disconnected_sweep,IPWTransport,36,1170117998,FEASIBLE,0.1318836212158203,100,0,6,1.2554313925192664,4.537662171281654,0.5397233582059453,-0.5397233582059453,0.9730867142407127,0.8797124912307432,0.9989858229241776,0.9993961882339014,1.0,10.456448379104463,9.780901018548157,0.9811336078778532,1.0172368011268573,0.4615085777786985,0.915014752880286,0.8298106068959313,1.2282448200499454,23.833058112901654,0.0,20.399574918217617,0.0011818782556041185,,,49,6
ihdp_disconnected_sweep,EntropyBalancing,36,1170117998,FEASIBLE,0.3334195613861084,100,0,6,1.0499562139550642,4.859560675441351,0.21782485404624818,-0.21782485404624818,0.9782860421511657,0.8980311611853825,0.9989858229241776,0.9993961882339017,1.0,10.456448379104463,9.78090101854816,0.9873294145658824,1.0099414954937793,0.1695135534896023,0.9300926424973583,0.5911115031438833,0.9849807056174815,23.824716839836245,0.008341273065408217,20.399574918217617,0.0011818782556041185,,,49,6
ihdp_disconnected_sweep,OutcomeModelTransport,36,1170117998,FEASIBLE,0.028026819229125977,100,0,6,1.139711571024452,4.705716797441035,0.37166873204656437,-0.37166873204656437,0.9804644642617952,0.8959494941450826,0.9989858229241775,0.9993961882339014,0.994903839309158,10.456448379104462,9.780901018548157,0.9878516939845498,1.003370825092085,0.3558065837895017,0.922990071812,0.6468810249502767,1.1303153073867183,23.795743510319717,0.03731460258193664,20.399574918217613,0.0011818782556076712,,,49,6
ihdp_disconnected_sweep,AnchorPlugin,36,1170117998,FEASIBLE,1.729813575744629,100,0,6,1.118032665021278,5.111194310342629,0.03380878085503003,0.03380878085503003,0.9701380213285345,0.8718021564776036,0.9532492592679925,0.9987923764678027,0.9898076786183158,9.977720847708031,9.774991627270127,0.9735829546601648,1.0508647420262887,-0.2937883608968453,0.9192912589349455,0.29316591435973627,1.0475852971805326,23.783378639135826,0.04967947376582771,20.39839303996201,0.0023637565112117898,,,49,6
ihdp_disconnected_sweep,Glmtrans_OptionB,36,1170117998,FEASIBLE,8.524961948394775,100,0,6,0.8165037008551961,4.980016203232058,0.09736932625554129,-0.09736932625554129,0.9894730219955316,0.9255091661173415,0.9989858229241776,1.0,1.0,10.456448379104463,9.786810409826186,0.9965475537866031,1.0279620362795776,-0.04188206749211804,0.9571025872026953,0.42997199043609796,0.8660840444145155,23.824716839836245,0.008341273065408217,20.40075679647322,0.0,,,49,6
ihdp_disconnected_sweep,ProxyOnly,35,849295183,FEASIBLE,3.8179757595062256,100,0,6,10.60571099286907,3.4313521225179486,3.819142153253366,3.819142153253366,0.9660246024602459,0.8432323232323234,0.9447116054390725,0.9817200196514259,0.9709673125022077,40.48799332510792,38.15179616672294,0.9740819209328568,0.903094848154681,-3.4866264547860077,0.9502484572616537,5.068601611710019,10.428941725743641,75.83832461829329,0.5310774295884926,69.10507722714428,0.14208003712467132,,,34,6
ihdp_disconnected_sweep,IPWTransport,35,849295183,FEASIBLE,0.23621106147766113,100,0,6,20.397797231775748,-3.04529344551812,2.657503414782703,-2.657503414782703,0.9517911791179117,0.8137373737373739,0.9841841773947961,0.9772475274254765,0.9789493872731232,42.17968973347945,37.97798529565375,0.954683616707497,0.8798830874344936,2.2917121682510944,0.7605996455093413,10.990126429070859,21.465724030997116,75.09025103678276,1.2791510110990174,69.07031505293044,0.17684221133850997,,,34,6
ihdp_disconnected_sweep,EntropyBalancing,35,849295183,FEASIBLE,0.3736410140991211,100,0,6,20.84603702031813,-5.206469838887223,4.818679808151806,-4.818679808151806,0.9609000900090009,0.8266666666666669,0.9804701287822623,0.9820261275025066,0.9892614687363523,42.02051483336429,38.163692190136636,0.9619581216524972,0.8270200322164285,3.9180648231549573,0.7790630775141416,12.127441100263677,24.42774728894655,75.14925523245502,1.2201468154267587,69.10745643182703,0.13970083244191756,,,34,6
ihdp_disconnected_sweep,OutcomeModelTransport,35,849295183,FEASIBLE,0.02839946746826172,100,0,6,17.73104052756188,0.8124640725131644,1.2002541032485814,1.2002541032485814,0.9808820882088207,0.884848484848485,0.9948447240629755,0.9805165558613006,0.9927139841996462,42.63657428942035,38.105026920608154,0.9842563728164848,1.053258328194689,-1.2435245814688818,0.8080450254405616,9.91903288420599,33.50580791479628,75.74751873256113,0.6218833153206447,69.09572337792133,0.15143388634761834,,,34,6
ihdp_disconnected_sweep,AnchorPlugin,35,849295183,FEASIBLE,2.8443217277526855,100,0,6,14.847166422643115,-0.05010506087065281,0.33768496986476426,0.33768496986476426,0.9392979297929791,0.7939393939393941,0.9648017372639426,0.931274285980855,0.9534499678864873,41.34900648356047,36.191364159679054,0.9542912080973155,1.0136507378280395,-0.3370009988149625,0.8635607957060686,5.825605762367167,12.287465244201613,75.76233342011432,0.6070686277674611,68.7129908257355,0.5341664385334468,,,34,6
ihdp_disconnected_sweep,Glmtrans_OptionB,35,849295183,FEASIBLE,9.573582172393799,100,0,6,17.946902288118444,-0.020979649221890925,0.36681038151352613,0.36681038151352613,0.9800420042004199,0.880808080808081,0.995191796874107,0.9805165558613006,0.992713984199646,42.65144896818953,38.105026920608154,0.9835910680484372,1.0849655990732434,-0.36502783304904224,0.8053333987276851,9.990560531868926,34.588377634843816,75.3584545476292,1.010947500252584,69.09572337792133,0.15143388634761834,,,34,6
ihdp_disconnected_sweep,ProxyOnly,39,490663887,FEASIBLE,3.209519386291504,100,0,6,1.3524469086195108,3.930709716674928,0.07865094863909716,-0.07865094863909716,0.886036603660366,0.7090909090909091,0.9377936697614428,0.961396941481693,0.9820609160572745,6.391953673822408,6.202218805662975,0.9001489577676965,0.688002871168465,1.3050210945118896,0.8301543575191765,0.7530177720361052,2.0280395452163487,9.985504748138807,0.09088436115383303,7.177411572764183,0.04980765075648197,,,38,6
ihdp_disconnected_sweep,IPWTransport,39,490663887,FEASIBLE,0.051160573959350586,100,0,6,2.3094566076732534,2.252251675675234,1.757108989638791,-1.757108989638791,0.9034983498349833,0.728888888888889,0.9616720135056964,0.9854180604074985,0.980103239790591,6.554707243122681,6.357185218708855,0.9049977948636009,0.7850054328489872,2.2413308637657323,0.6274296256820187,1.8488417659242702,2.7301145320664695,9.860292591095627,0.2160965181970127,7.208404855373359,0.018814368147306304,,,38,6
ihdp_disconnected_sweep,EntropyBalancing,39,490663887,FEASIBLE,0.21675491333007812,100,0,6,2.083588356761942,2.8426533879140665,1.1667072773999587,-1.1667072773999587,0.8223582358235824,0.623030303030303,0.9616720135056964,0.9836161171422487,0.9695531504422378,6.554707243122681,6.3455604194981925,0.8221855659312284,0.7091227258721436,1.993570546166719,0.5329104471734135,1.395940874038785,2.478263609836882,9.954566055749494,0.12182305354314593,7.206079895531227,0.021139327989438073,,,38,6
ihdp_disconnected_sweep,OutcomeModelTransport,39,490663887,FEASIBLE,0.014082908630371094,100,0,6,2.0105860707234666,2.66509583434542,1.3442648309686054,-1.3442648309686054,0.9175637563756376,0.7470707070707072,0.9833560881241161,0.9913582826429317,0.980103239790591,6.702504786324167,6.395507119339868,0.9194580942184946,0.7534568850089657,2.0013258597177557,0.6522074255373402,1.530002821701989,2.2631081070476204,9.919954804443162,0.15643430484947807,7.216069235499563,0.011149988021101898,,,38,6
ihdp_disconnected_sweep,AnchorPlugin,39,490663887,FEASIBLE,1.342710256576538,100,0,6,1.182982437489576,3.8989705712632405,0.1103900940507847,-0.1103900940507847,0.9436783678367836,0.7951515151515153,0.9657380638052568,0.9735624232721269,0.9877245353341507,6.582421233937774,6.280701455945066,0.9518971450473174,0.782116806031336,0.9599102553074468,0.8031596182260247,0.5889977019924086,1.7391768631584394,10.025679378174436,0.05070973111820365,7.1931081028206005,0.03411112070006439,,,38,6
ihdp_disconnected_sweep,Glmtrans_OptionB,39,490663887,FEASIBLE,8.457340955734253,100,0,6,1.4770673632871458,3.436306011402853,0.5730546539111723,-0.5730546539111723,0.924044404440444,0.7644444444444445,0.9803314325767333,0.9913582826429317,0.9766110593546979,6.681888888860219,6.395507119339868,0.9273246022567261,0.8862394554259224,0.9639706970915365,0.6647075138837091,0.9080171648490285,1.4850523489277374,10.038735260357626,0.037653848935013556,7.216069235499563,0.011149988021101898,,,38,6
ihdp_disconnected_sweep,ProxyOnly,38,1345188529,FEASIBLE,3.5555202960968018,100,0,6,1.8024005202247417,3.9302723647854148,0.9086535481434552,0.9086535481434552,0.7908910891089108,0.6040404040404042,0.8441917833028653,0.8677831233651019,0.8882640195136904,5.5371941041656125,5.303958112693702,0.8376227928688648,0.8672885858205748,-0.3870615445024705,0.7104315015260985,0.908653548143455,1.7365727304442196,11.902102214575248,0.12782930580413066,9.736012475712648,0.16162397183832944,,,30,6
ihdp_disconnected_sweep,IPWTransport,38,1345188529,FEASIBLE,0.2718172073364258,100,0,6,1.7318877759192253,2.6549079420618678,0.3667108745800918,-0.3667108745800918,0.8236783678367836,0.6525252525252526,0.9581610953628895,0.9509724483312343,0.9660587632409587,6.284737749195585,5.812417753315211,0.8460352932952224,0.872035770031611,0.706444125023,0.6519838459388008,0.8385563685084642,2.1041442772480394,11.801900946941936,0.22803057343744193,9.837704403836952,0.05993204371402605,,,30,6
ihdp_disconnected_sweep,EntropyBalancing,38,1345188529,FEASIBLE,0.12379622459411621,100,0,6,2.25858886524654,2.6682049431948305,0.35341387344712905,-0.35341387344712905,0.7788778877887789,0.5971717171717172,0.9536090270012831,0.9255796120061582,0.963713684280852,6.254879976836052,5.657214757769024,0.7579605413824706,0.6635611487026747,1.2511016795614431,0.49954011340108784,1.077755081881156,2.0346007034610603,11.706711590918482,0.3232199294608957,9.806663804727714,0.09097264282326378,,,30,6
ihdp_disconnected_sweep,OutcomeModelTransport,38,1345188529,FEASIBLE,0.013779878616333008,100,0,6,1.4747671503955802,2.234883179585271,0.7867356370566885,-0.7867356370566885,0.9380258025802579,0.7971717171717173,0.9834972602355175,0.9821268154580022,0.9702742377546459,6.450921862248665,6.002835674358758,0.9525795175266254,1.2162385989314728,0.30346762952765494,0.8295879008260207,1.0927090017599133,1.9089215477831667,12.007161796976552,0.022769723402825903,9.87578798804566,0.021848459505317663,,,30,6
ihdp_disconnected_sweep,AnchorPlugin,38,1345188529,FEASIBLE,1.3896968364715576,100,0,6,1.0550856831770565,2.721926185393046,0.29969263124891343,-0.29969263124891343,0.9006180618061805,0.7349494949494951,0.9613651457114377,0.9866334766477058,0.9740596258340846,6.305753647538043,6.030380738943097,0.9240544569567213,0.9172421699001412,0.5249533360440284,0.8778162301580762,0.39882748708811533,1.29919529640568,11.963423729056625,0.06650779132275275,9.881297000962528,0.0163394465884501,,,30,6
ihdp_disconnected_sweep,Glmtrans_OptionB,38,1345188529,FEASIBLE,9.205610752105713,100,0,6,2.141535732289112,1.2751574628065703,1.7464613538353893,-1.7464613538353893,0.9368016801680167,0.7967676767676769,0.9439864681602127,0.9821268154580023,0.9811259086867248,6.191764015350028,6.002835674358759,0.9511182609108875,0.8552889164975926,1.9309907719143096,0.8296339388291797,1.8158256206010042,2.62593986791407,11.724798550726355,0.30513296965302317,9.87578798804566,0.021848459505317663,,,30,6
ihdp_disconnected_sweep,ProxyOnly,41,278481609,FEASIBLE,2.86630916595459,100,0,6,7.518969240937197,-7.777646611828134,6.319271987334603,-6.319271987334603,0.9328040489114239,0.7914612538719182,0.9143074983819715,0.8710049723428605,0.9410243623410857,10.00106213472365,8.032054265177319,0.9594375430401663,0.7562912612840437,4.423791541387539,0.9384770954608506,6.319271987334604,12.97884630916425,28.962433287392333,0.6433880151981555,28.042201544577647,0.23790795574754497,,,10,6
ihdp_disconnected_sweep,IPWTransport,41,278481609,FEASIBLE,0.30892062187194824,100,0,6,4.844802176636725,0.9005344597353698,2.3589090842289004,2.3589090842289004,0.9675557135017281,0.8562190143523617,0.994093937605183,0.9614556033604872,0.9732134024235554,10.873798208300432,8.866153265437823,0.9766421139605641,1.3854358769409185,-2.7060073734325187,0.8980259071715839,2.3902705774735917,10.65588171456874,29.43922967239218,0.16659163019830814,28.209021344629747,0.07108815569544547,,,10,6
ihdp_disconnected_sweep,EntropyBalancing,41,278481609,FEASIBLE,0.27930665016174316,100,0,6,4.30371980338822,-0.3390362683495846,1.119338356143946,1.119338356143946,0.9644712107216526,0.8493385023013145,0.9821604704486497,0.9717881106769309,0.9565826223708956,10.743265158176289,8.96143545336585,0.9747925608406063,1.3114779308230253,-1.0137360408044582,0.8845285949727602,1.9782351273315344,9.025086346355197,29.439902436869783,0.16591886572070536,28.22807778221535,0.05203171810984131,,,10,6
ihdp_disconnected_sweep,OutcomeModelTransport,41,278481609,FEASIBLE,0.022415637969970703,100,0,6,5.548338541697758,1.6143963923301061,3.072771016823637,3.072771016823637,0.9805898380899063,0.8885978945925833,0.9586340122052759,0.9930644789601765,0.982533406957686,10.48592332173904,9.15763748440277,0.986516575983637,1.55432480051572,-3.9676709749553214,0.9115732743642427,3.130285947379576,13.204315160432511,29.398590941028175,0.20723036156231345,28.26731818842273,0.012791311902461189,,,10,6
ihdp_disconnected_sweep,AnchorPlugin,41,278481609,FEASIBLE,1.668517827987671,100,0,6,2.3787208007652634,-1.6647323466666955,0.20635772217316473,-0.20635772217316473,0.979749701145917,0.8902168386045944,0.9772699716392756,0.9729700053677329,0.9841776359580626,10.689770920680811,8.972334406407084,0.9853003288407738,0.9977342677225005,0.20258588436192546,0.9462298942659595,0.9606783443916711,1.7820191483088426,29.564149028609076,0.041672273981411934,28.230257572823596,0.04985192750159584,,,10,6
ihdp_disconnected_sweep,Glmtrans_OptionB,41,278481609,FEASIBLE,11.581430435180664,100,0,6,6.725770497649495,2.735929409333713,4.194304033827244,4.194304033827244,0.913813177199047,0.7609319380272518,0.9417403832149067,0.8787436268961136,0.9289053145838577,10.30113403201688,8.103416995913514,0.9280797828705064,1.3218568884444466,-5.074881760519045,0.7816291945585008,4.194304033827245,12.82078518168074,29.17150064192734,0.4343206606631469,28.056474090724876,0.22363540960031614,,,10,6
ihdp_disconnected_sweep,ProxyOnly,40,821762436,FEASIBLE,2.874845027923584,100,0,6,4.6901873209853875,2.9503529350673183,1.8146360220143745,-1.8146360220143745,0.8702822460569606,0.714896919367756,0.9868382384013168,0.9722765186731605,0.9570791780144275,13.96991461498223,13.114875231700157,0.8912949168421204,0.756619952382729,2.532693059838813,0.8307936462858386,3.2096306655450415,5.855763685587727,29.095993548179344,0.5245457698032645,25.758490426567842,0.07479147991480062,,,37,6
ihdp_disconnected_sweep,IPWTransport,40,821762436,FEASIBLE,0.28051018714904785,100,0,6,4.7005340309756445,7.033238504625014,2.268249547543321,2.268249547543321,0.8589758264096713,0.6873385347209264,0.9071906457210818,0.9314707014212862,0.9279335202507808,12.842404526971961,12.564452392407265,0.8950965879134479,0.8643748439833927,-1.3143654780515417,0.788175582835559,2.349932171012693,4.4046689577467895,29.40992032399145,0.21061899399115802,25.648405858709268,0.18487604777337552,,,37,6
ihdp_disconnected_sweep,EntropyBalancing,40,821762436,FEASIBLE,0.20226836204528809,100,0,6,4.904975142928031,7.771765568692055,3.006776611610362,3.006776611610362,0.8642929643117404,0.6845016421837528,0.9527787982977948,0.9269044160473818,0.9285543383180542,13.487761156021099,12.502858533252034,0.9023939365527228,0.9083915298940792,-2.29481705784061,0.803296563192466,3.190374449107241,4.855782085056303,29.365109013651622,0.2554303043309858,25.636087086878224,0.19719481960441954,,,37,6
ihdp_disconnected_sweep,OutcomeModelTransport,40,821762436,FEASIBLE,0.03757357597351074,100,0,6,4.717293067743071,6.7960485458662925,2.0310595887845997,2.0310595887845997,0.8260767858011573,0.6618065018863637,0.8762409807022636,0.8868590182816612,0.9229434183085724,12.40427377681414,11.96269286513743,0.8697377496199901,0.9280676530794356,-1.542203867094349,0.7572560348056631,2.031059588784598,4.022567572262716,29.270131513899432,0.35040780408317573,25.528053953255302,0.305227953227341,,,37,6
ihdp_disconnected_sweep,AnchorPlugin,40,821762436,FEASIBLE,1.9607493877410889,100,0,6,2.923751401811647,4.706876611713451,0.05811234536824195,-0.05811234536824195,0.952433827029224,0.8218882950554475,0.9886875179270879,0.9776219157578897,0.997001954446977,13.99609345166382,13.18697839832377,0.9602011781618128,0.9314178523378351,0.3809200521803621,0.88824766016369,0.7021232857731559,1.8357155211869944,29.37779543215775,0.24274388582485784,25.77291105989257,0.060370846590071636,,,37,6
ihdp_disconnected_sweep,Glmtrans_OptionB,40,821762436,FEASIBLE,11.401860237121582,100,0,6,4.625293067719511,7.221727163621081,2.456738206539388,2.456738206539388,0.8615683812332536,0.7043598899439683,0.9455787600400835,0.9308566405468756,0.9253317281290787,13.38583571802046,12.556169428046926,0.8958462222732498,0.9422945283872135,-2.040005034703761,0.793468590512857,2.456738206539386,3.4164048010038854,29.270131513899432,0.35040780408317573,25.646749265837197,0.18653264064544572,,,37,6
ihdp_disconnected_sweep,ProxyOnly,42,972179170,FEASIBLE,2.627312183380127,100,0,6,3.9037613664679927,1.3945137912795567,1.430082222758194,-1.430082222758194,0.8744467956708781,0.7138673107235851,0.7681382360432452,0.8871465870413758,0.9182920654095585,10.045165535692067,10.620319679891372,0.9037531751143129,0.9264236034745331,1.5326855224256104,0.85193438999473,1.9356860119975245,3.0016071910580053,21.84487782404105,0.38092072815195266,19.031948162300594,0.27020096567907714,,,21,6
ihdp_disconnected_sweep,IPWTransport,42,972179170,FEASIBLE,0.21283817291259766,100,0,6,4.964950352219851,5.520511920645168,2.6959159066074174,2.6959159066074174,0.9395982426966722,0.7959954286475792,0.9577832467010104,0.9594813672224561,0.9757735221719992,12.525208105748543,11.486262806674674,0.9486742621881278,0.9418031434520981,-2.3746394662906454,0.8009091571024329,2.6959159066074174,6.917985531982108,22.03122039918149,0.1945781530115127,19.205136787657253,0.09701234032241857,,,21,6
ihdp_disconnected_sweep,EntropyBalancing,42,972179170,FEASIBLE,0.38416576385498047,100,0,6,5.289823895364638,5.654199909806391,2.8296038957686407,2.8296038957686407,0.9083217075674064,0.7373324872732976,0.9386876919122135,0.9487658517169371,0.9658375651002031,12.275490021361264,11.357983893284526,0.9254586886929458,0.983074527996798,-2.733903893494707,0.7679261205988992,2.829603895768642,6.168066946410624,21.947261848470983,0.27853670372201833,19.179481004979223,0.12266812300044805,,,21,6
ihdp_disconnected_sweep,OutcomeModelTransport,42,972179170,FEASIBLE,0.014337778091430664,100,0,6,4.92827849997502,5.7053339260747995,2.880737912037049,2.880737912037049,0.9474473808296499,0.8113691650077358,0.9633241379920491,0.9582647347050216,0.9880122034406222,12.597667941260005,11.471698104001131,0.9565413000870227,0.9149389375235041,-2.395436146501928,0.8211537212653618,2.9133690669357586,7.621338280040781,22.03122039918149,0.1945781530115127,19.202223847122546,0.09992528085712493,,,21,6
ihdp_disconnected_sweep,AnchorPlugin,42,972179170,FEASIBLE,2.097975730895996,100,0,6,2.9572341358279175,2.367068970682584,0.4575270433551668,-0.4575270433551668,0.9655280025381069,0.8469715018417825,0.9789389988648324,0.9756879924989783,0.9904628150013544,12.801867986152809,11.680277577044123,0.9714933218372187,0.979055773747894,0.5071034714314824,0.9011460255742878,1.3206073560597018,2.7195215366872585,22.07172391235382,0.15407463983918035,19.243939741731143,0.058209386248528006,,,21,6
ihdp_disconnected_sweep,Glmtrans_OptionB,42,972179170,FEASIBLE,11.06635570526123,100,0,6,4.842227867724336,5.576148523415323,2.751552509377573,2.751552509377573,0.94915762881734,0.8133920250551249,0.9633241379920491,0.9702707710035346,0.9944961237028396,12.597667941260005,11.615426260588901,0.957004047789356,0.9172575236190282,-2.29016817188209,0.8220613846864395,2.808734237502138,7.379121374658929,22.03122039918149,0.1945781530115127,19.230969478440098,0.07117964953957312,,,21,6
ihdp_disconnected_sweep,ProxyOnly,43,1503005503,FEASIBLE,2.447486162185669,100,0,6,1.9137513993360311,3.286807434533035,0.9355692867922212,-0.9355692867922212,0.8729551983751527,0.7103700642024479,0.9038345489427918,0.9723701101300921,0.9730531730787808,5.993968404084358,6.065118158062716,0.9025617028648155,0.5371222705327723,2.4569592492848775,0.7889414566663311,1.4794940669991823,3.264824724000304,12.234928278434449,0.15925385729941866,9.33823042241985,0.03446805799755204,,,4,6
ihdp_disconnected_sweep,IPWTransport,43,1503005503,FEASIBLE,0.5013530254364014,100,0,6,1.1566626683193348,3.924787808262829,0.2975889130624272,-0.2975889130624272,0.8140384786327487,0.6363183856213895,0.9317293389517475,0.9197263562648386,0.9283357421487604,6.178958555376783,5.7367549307788,0.8584050121907384,0.7765963391852253,1.1744008773495402,0.700758830290481,0.6881333623313094,1.1818527274910682,12.37793872989743,0.016243405836437574,9.272557776963065,0.10014070345433623,,,4,6
ihdp_disconnected_sweep,EntropyBalancing,43,1503005503,FEASIBLE,0.7828688621520996,100,0,6,1.5395594689515593,4.162451351863691,0.059925369461565126,-0.059925369461565126,0.8133843818256675,0.6249880741445063,0.9295277538824693,0.9378299983462832,0.9430045046034626,6.164358282174578,5.849675646020189,0.845609221939479,0.5820048911994188,1.7998096751609565,0.6676525169472369,1.0237926132993036,2.5965267315533973,12.3400218100335,0.05416032570036755,9.295141920011343,0.07755656040605885,,,4,6
ihdp_disconnected_sweep,OutcomeModelTransport,43,1503005503,FEASIBLE,0.03892397880554199,100,0,6,0.9436510982330398,3.9571335362813413,0.26524318504391475,-0.26524318504391475,0.8685865518104277,0.7038956005013717,0.9458613418084024,0.9502800582074488,0.9509880078764885,6.272677896718958,5.92733237707995,0.8982746026931071,0.9077305988306605,0.6303655267837058,0.7734829755195387,0.40233999382124663,0.8587387226767862,12.373566065809623,0.020616069924244584,9.310673266223297,0.06202521419410445,,,4,6
ihdp_disconnected_sweep,AnchorPlugin,43,1503005503,FEASIBLE,2.512643814086914,100,0,6,0.7978571620855728,4.003514336189216,0.21886238513604006,-0.21886238513604006,0.9294955664147668,0.7836124348208717,0.9703512228989878,0.9573856968250001,0.9775042354316286,6.435087680288808,5.97165350270379,0.9511033289251538,0.8666644627995004,0.752673119841729,0.8518346617999544,0.40991935230895654,0.8466915267733679,12.353746329898886,0.04043580583498141,9.319537491348063,0.05316098906933853,,,4,6
ihdp_disconnected_sweep,Glmtrans_OptionB,43,1503005503,FEASIBLE,9.130930423736572,100,0,6,0.6076110771137404,4.258176946464699,0.03580022513944314,0.03580022513944314,0.9364745993196778,0.8042497878680519,0.9698585673131238,0.9561375329312242,0.9747018800309986,6.431820531429297,5.963868132280005,0.9548925482531813,1.0483094913642435,-0.24151058756209964,0.8967029496014286,0.28070902427156236,0.7712542923860547,12.373566065809623,0.020616069924244584,9.317980417263307,0.054718063154094665,,,4,6
ihdp_disconnected_sweep,ProxyOnly,45,1244787559,FEASIBLE,3.0414485931396484,100,0,6,3.071014123974666,10.287522786557295,1.5253235458038006,1.5253235458038006,0.9106227732196291,0.7447656526144149,0.9932258904358291,0.9767086936470964,0.962296543664197,16.91677373728256,15.550088324457153,0.9159092034801595,0.8794612648640416,-0.2852785614298396,0.8554985930571237,1.5666705518795707,2.5390208127290244,24.837521319331128,0.1961211435442216,18.77990511565356,0.07416374469387321,,,10,6
ihdp_disconnected_sweep,IPWTransport,45,1244787559,FEASIBLE,0.4259796142578125,100,0,6,3.9014427480922254,10.799955648175512,2.037756407422018,2.037756407422018,0.9755283793241151,0.8734456186733032,0.9929882042321444,0.9868161946918522,0.9871894354606496,16.912725429876435,15.71100890907753,0.9803029726722327,0.7535619606763125,0.623763487297139,0.8396265010935884,2.2508636316103283,8.368195556434348,25.00200897551118,0.031633487364167934,18.812089232577634,0.041979627769798356,,,10,6
ihdp_disconnected_sweep,EntropyBalancing,45,1244787559,FEASIBLE,0.41904473304748535,100,0,6,4.000551198536825,11.01081164085953,2.248612400106035,2.248612400106035,0.941935407525584,0.8006079020361966,0.9969884882670216,0.9832501264685085,0.9756275886215945,16.9808588731893,15.65423386836711,0.950807053797131,0.8078174905863778,-0.13252698828492304,0.7977045221471749,2.4134404383583754,6.893271385265461,24.908345505808665,0.1252969570666842,18.80073422443555,0.05333463591188092,,,10,6
ihdp_disconnected_sweep,OutcomeModelTransport,45,1244787559,FEASIBLE,0.023604631423950195,100,0,6,3.961867716141864,10.235921088926094,1.4737218481726,1.4737218481726,0.9903925792428291,0.9252413282819122,0.9980666581780397,0.9891429731718618,0.9949065588715305,16.99922242634541,15.748053332978879,0.9928775434883823,0.7005578802141349,1.5913440606562694,0.8495358810810192,2.18105046684803,9.328267797908087,25.018867312066444,0.014775150808905124,18.819498117357906,0.03457074298952634,,,10,6
ihdp_disconnected_sweep,AnchorPlugin,45,1244787559,FEASIBLE,2.0649404525756836,100,0,6,2.2197095184405673,9.399186910660333,0.6369876699068389,0.6369876699068389,0.9511887770349328,0.8252917948965494,0.9551261015126197,0.9728128463282675,0.96947032146485,16.267852364150272,15.488062901421163,0.9636216010099146,0.9182094837661732,0.1317766796942985,0.9049915345518735,0.9107136684478373,1.3520420334445937,25.026046441958535,0.007596020916814439,18.76750003104636,0.08656882930107201,,,10,6
ihdp_disconnected_sweep,Glmtrans_OptionB,45,1244787559,FEASIBLE,9.638911962509155,100,0,6,3.6340469126944446,9.75261765346327,0.9904184127097757,0.9904184127097757,0.99499526044495,0.9487112591983132,0.9980666581780397,0.9952629139140459,0.9987861595141351,16.99922242634541,15.84548834067401,0.9963097387593118,0.720697513526915,1.7335119475238183,0.851590184974282,1.87238696906153,8.478841615522601,24.974217215347522,0.05942524752782674,18.83898511889693,0.015083741450503396,,,10,6
ihdp_disconnected_sweep,ProxyOnly,44,1642974999,FEASIBLE,2.567328453063965,100,0,6,1.4885571596533074,2.7848307201044635,0.9415097448010861,-0.9415097448010861,0.7691689168916892,0.5806060606060607,0.9054674320002831,0.9354442220388313,0.9167471786061361,5.162637159769252,5.146287908830632,0.8146777566950986,0.6788011502352327,1.8359941688882317,0.7122930621190252,1.0473962323167305,2.0950774426072707,8.364790962268943,0.024762305426412112,5.613892662116625,0.07102991535777914,,,50,6
ihdp_disconnected_sweep,IPWTransport,44,1642974999,FEASIBLE,0.3775758743286133,100,0,6,2.793180112184145,2.9677611458797317,0.7585793190258179,-0.7585793190258179,0.6487848784878487,0.4678787878787879,0.927122596912301,0.9283187482445552,0.914039772967157,5.286106823199046,5.107087560196002,0.6893346576653525,0.32724100275578843,2.755167331588199,0.4434921952320079,2.052222769738119,4.279232212878219,7.957915051408682,0.4316382162866734,5.606052592389699,0.07886998508470544,,,50,6
ihdp_disconnected_sweep,EntropyBalancing,44,1642974999,FEASIBLE,0.7552828788757324,100,0,6,2.8203156964149367,2.993034500736485,0.7333059641690647,-0.7333059641690647,0.7169996999699969,0.5337373737373738,0.9362002304604842,0.9364199121002791,0.9108970449520555,5.337864099741935,5.151655606709028,0.7643247804213007,0.33659665202834504,2.7188950725523204,0.518239581821355,2.1433541379966115,4.7351433634480715,8.048515827895923,0.34103743979943246,5.614966201692303,0.06995637578210179,,,50,6
ihdp_disconnected_sweep,OutcomeModelTransport,44,1642974999,FEASIBLE,0.02968454360961914,100,0,6,2.021807076228199,1.9416590003203658,1.7846814645851838,-1.7846814645851838,0.8998859885988597,0.732929292929293,0.9863429757883927,0.9703729057687654,0.981467598517584,5.6237593083093325,5.3384458788258415,0.918214725884538,0.8503491377596581,2.0752524081598485,0.7186200580517085,1.7846814645851843,2.4245987345956235,8.317718750545133,0.07183451715022215,5.652324256115666,0.03259832135873886,,,50,6
ihdp_disconnected_sweep,AnchorPlugin,44,1642974999,FEASIBLE,2.2931268215179443,100,0,6,0.8258534229723874,3.4326651435487365,0.29367532135681307,-0.29367532135681307,0.886024602460246,0.7252525252525254,0.9834115024910731,0.9749515410601467,0.9778283659742063,5.607045142296558,5.363634954650827,0.9169406891698247,0.9984508433952302,0.29899305723590475,0.7995807434494656,0.459620393128758,1.0602374141565818,8.363272872230269,0.026280395465086315,5.657362071280662,0.027560506193742285,,,50,6
ihdp_disconnected_sweep,Glmtrans_OptionB,44,1642974999,FEASIBLE,9.666030406951904,100,0,6,1.6101463987132836,2.4155495821838975,1.3107908827216521,-1.3107908827216521,0.896033603360336,0.7284848484848485,0.9773702701427316,0.9788037067721426,0.9740805936838318,5.572600291482378,5.384827403499619,0.9210724172041175,0.9078927306938803,1.5332805586101497,0.7131959425194796,1.3107908827216526,1.9038806310511744,8.36682043966905,0.02273282802630483,5.661600561050421,0.02332201642398335,,,50,6
ihdp_disconnected_sweep,ProxyOnly,47,1982230902,FEASIBLE,2.9586102962493896,100,0,6,1.231727600289865,4.855280882666744,0.5053898392446143,0.5053898392446143,0.5219568506792508,0.36539722246139317,0.8677503758921804,0.8719803907198356,0.9007844991117564,4.593082242240188,4.566574414269896,0.5554015507326879,0.33893766069582554,2.7042534990299,0.3283349065485809,0.7901908205354691,2.4587988258334477,7.32138722213347,0.0,3.8848110615653195,0.13408812365173128,,,3,6
ihdp_disconnected_sweep,IPWTransport,47,1982230902,FEASIBLE,0.08873891830444336,100,0,6,1.2849865121522854,4.787227422234359,0.43733637881222975,0.43733637881222975,0.4441139545030531,0.31582382879789156,0.9349661380647961,0.9330803081482456,0.9309520894737726,4.9488614296778906,4.886555600328732,0.4632666760849559,0.2740952045810129,3.0377349637489686,0.20325791897296086,0.9282408127770161,2.361809171355918,7.32138722213347,0.0,3.948807298777088,0.07009188643996289,,,3,6
ihdp_disconnected_sweep,EntropyBalancing,47,1982230902,FEASIBLE,0.24674224853515625,100,0,6,1.8297569730868577,5.135672213383361,0.7857811699612318,0.7857811699612318,0.4913656206070724,0.34928586952075513,0.951636112552235,0.9145794674992296,0.9357064969208607,5.037097131930547,4.78966641973542,0.5091135912481304,0.21001511547766213,3.271322250473002,0.24005530357926286,1.4179854294508192,3.6104739572448947,7.32138722213347,0.0,3.9294294626584247,0.08946972255862606,,,3,6
ihdp_disconnected_sweep,OutcomeModelTransport,47,1982230902,FEASIBLE,0.027466297149658203,100,0,6,1.394016651508364,5.3072535738321225,0.9573625304099931,0.9573625304099931,0.5946531090917331,0.4257115180853202,0.9783044595613168,0.9574165376962213,0.9494607341799494,5.178255135983699,5.014004800306546,0.6039674402282298,0.38117696408253654,2.326888238532609,0.34418290531031615,1.033911581849918,2.515247419174532,7.32138722213347,0.0,3.9742971387726502,0.04460204644440058,,,3,6
ihdp_disconnected_sweep,AnchorPlugin,47,1982230902,FEASIBLE,1.68153715133667,100,0,6,0.554304237320806,4.538018218571387,0.18812717514925748,0.18812717514925748,0.8511252201744604,0.6727522631751032,0.9603508739530475,0.9735951142993903,0.9761648129481734,5.083225162464993,5.098732249182257,0.8775298677084178,0.6775708365977859,1.2750622425687237,0.7577481046766426,0.3306599848812323,0.7241721865168644,7.32138722213347,0.0,3.9912426285477927,0.027656556669258148,,,3,6
ihdp_disconnected_sweep,Glmtrans_OptionB,47,1982230902,FEASIBLE,8.746684551239014,100,0,6,0.4435976998709225,4.313898148898652,0.03599289452347776,-0.03599289452347776,0.9422251600400825,0.8108953760034006,0.9982816385906991,0.9965072742163265,0.998229061186881,5.2839961748804765,5.21872357509495,0.9420265827912391,0.7848643334301233,0.9640662483013449,0.7594903401656005,0.23012026640946665,0.6490465193215362,7.32138722213347,0.0,4.015240893730331,0.0036582914867198113,,,3,6
ihdp_disconnected_sweep,ProxyOnly,46,481569093,FEASIBLE,2.7081079483032227,100,0,6,1.125938270277127,4.251340064449303,0.46636633594634924,0.46636633594634924,0.8993775285156393,0.7345123161072084,0.9435691926960542,0.9487343115815949,0.9518676358040605,6.533367164187707,6.26198569200996,0.9203639626628544,0.9385045032620067,-0.20492806688090617,0.8344181798307393,0.47062027597816475,1.066964235783665,14.76590576075766,0.0060237111660441656,12.147066710459315,0.06767437489046202,,,44,6
ihdp_disconnected_sweep,IPWTransport,46,481569093,FEASIBLE,0.20815587043762207,100,0,6,1.5858433127142484,2.779948884579929,1.0050248439230245,-1.0050248439230245,0.9259584873181081,0.7724226291966125,0.9886548958240778,0.969015059194116,0.9733230879659499,6.845545067696082,6.3958458779677745,0.9433003804261402,0.7476431726212005,1.706563924710846,0.8550287834296008,1.2569443026664016,2.0888331519968464,14.489839945612559,0.2820895263111449,12.173838747650878,0.04090233769889906,,,44,6
ihdp_disconnected_sweep,EntropyBalancing,46,481569093,FEASIBLE,0.26888036727905273,100,0,6,1.643848533980316,2.707232927068475,1.0777408014344783,-1.0777408014344783,0.9210906201171134,0.7666536685090946,0.9923826548701813,0.9834991062403788,0.9704454977797531,6.871356442989321,6.491445767482571,0.9399210488971604,0.7490773089315583,1.757046972843594,0.8468588959303788,1.2514877334316332,2.45901562222371,14.502664876429167,0.26926459549453696,12.192958725553838,0.021782359795938788,,,44,6
ihdp_disconnected_sweep,OutcomeModelTransport,46,481569093,FEASIBLE,0.013846635818481445,100,0,6,1.1359167814627735,3.2031332803172132,0.5818404481857402,-0.5818404481857402,0.9523892033057315,0.8272277557280341,0.9707870979179894,0.9794155188595914,0.991119337862141,6.7218266535727595,6.4644926306154815,0.9682058053110539,0.7671045961860059,1.3278354669752623,0.9326647785160845,0.8430874708243331,1.5493083955471139,14.60267149286534,0.16925797905836326,12.187568098180417,0.027172987169359786,,,44,6
ihdp_disconnected_sweep,AnchorPlugin,46,481569093,FEASIBLE,1.483670711517334,100,0,6,0.7948214243290209,3.888096401698944,0.10312267319599044,0.10312267319599044,0.9455140920984006,0.815689834352998,0.9900793407343096,0.9921915679894855,0.9827730773432378,6.8554080662718535,6.548819123159471,0.9604533927928549,0.8682317602886503,0.4092049454839098,0.9211743271474324,0.3773110335512372,1.1810097498152752,14.751572424815233,0.02035704710847064,12.204433396689216,0.010307688660560643,,,44,6
ihdp_disconnected_sweep,Glmtrans_OptionB,46,481569093,FEASIBLE,8.86126184463501,100,0,6,0.6777144600996255,3.540187815682111,0.24478591282084228,-0.24478591282084228,0.9807911050241279,0.9014001074246947,1.0,0.9958315303585688,0.9874885806748412,6.924099700118397,6.572844176323888,0.9864472628570338,0.8833388142213726,0.6577884212773664,0.9522812547659805,0.38068657397719935,1.1094578008766494,14.751178155710575,0.0207513162131292,12.2092384073221,0.005502678027676566,,,44,6
ihdp_disconnected_sweep,ProxyOnly,48,1613847755,FEASIBLE,2.532165288925171,100,0,6,1.6595120903548082,3.903913377725547,0.023698011173860056,0.023698011173860056,0.7341238171378323,0.5395029408984156,0.9751793736888075,0.9680972104837805,0.9646970576027614,4.488469501294166,4.423081454650417,0.7822655715724004,0.2680033587919903,2.833953468888256,0.5739015105457117,1.2853956881972823,3.402013129679136,6.266990280858051,0.2115684578200625,3.4829596630565125,0.029151749459187304,,,6,6
ihdp_disconnected_sweep,IPWTransport,48,1613847755,FEASIBLE,0.14046120643615723,100,0,6,1.5026320276446083,4.663409973207435,0.7831946066557482,0.7831946066557482,0.6765957191584108,0.4934330268441688,0.9775699779267715,0.9706720933711439,0.9652605291174904,4.49947276336192,4.434845683101506,0.7410705954136128,0.31006713880505804,2.434245179084285,0.45848973684947036,1.019849096670427,3.0772018931780245,6.478558738678114,0.0,3.4853125087467305,0.026798903768969318,,,6,6
ihdp_disconnected_sweep,EntropyBalancing,48,1613847755,FEASIBLE,0.14645075798034668,100,0,6,1.169005995385569,4.317987238771371,0.43777187221968417,0.43777187221968417,0.7310874952876615,0.5463730158012419,0.9836999944984872,0.964291983040062,0.9631772114393818,4.527687462284946,4.405695978528006,0.7977193556805804,0.37066300666996227,2.2796972338661616,0.5357700603371842,0.8428293381329549,2.4151428841293274,6.478558738678114,0.0,3.4794825678320302,0.032628844683669556,,,6,6
ihdp_disconnected_sweep,OutcomeModelTransport,48,1613847755,FEASIBLE,0.006771087646484375,100,0,6,1.1239366935876751,4.672453255595702,0.7922378890440149,0.7922378890440149,0.7831310119013594,0.6082036899266782,0.9840311994830918,0.9862304363440919,0.9796456235230817,4.52921190333875,4.5059292659519805,0.84038091567385,0.4840059585026557,1.6187201500182353,0.6345265962287048,0.7922378890440152,2.0517273703121086,6.478558738678114,0.0,3.4995292253168255,0.012582187198874273,,,6,6
ihdp_disconnected_sweep,AnchorPlugin,48,1613847755,FEASIBLE,1.5247886180877686,100,0,6,0.6771063033837598,4.004309286655795,0.12409392010410825,0.12409392010410825,0.7824889438421335,0.5782986579967286,0.9508069650525868,0.9591117018647166,0.9791702676186081,4.376290331196518,4.382028101636702,0.8440037737887641,0.5562550702124679,1.6527980231505282,0.6669043531826142,0.4332046487520407,1.1836619859279294,6.478558738678114,0.0,3.4747489924537702,0.03736242006192958,,,6,6
ihdp_disconnected_sweep,Glmtrans_OptionB,48,1613847755,FEASIBLE,10.233636379241943,100,0,6,0.609975364321909,4.187826141965267,0.3076107754135804,0.3076107754135804,0.7632817774078371,0.5742294117247236,0.9926554372030535,0.9780986781075046,0.9811050986628792,4.568906783093571,4.468776562008152,0.7932241482021222,0.917865183943926,0.036355554431555144,0.529907404506067,0.36703579189452284,0.5272040426345397,6.478558738678114,0.0,3.4920986845280595,0.02001272798764031,,,6,6
ihdp_disconnected_sweep,ProxyOnly,49,1488321556,FEASIBLE,1.8881149291992188,100,0,6,1.2291732919112963,3.649440291415274,0.2670716629142982,-0.2670716629142982,0.24481395028313713,0.1697312623051195,0.9889850810841294,0.9809259888832855,0.9736948589896527,4.118593036497871,4.080520145201505,0.4845639590882608,0.10806257337136396,3.522144045074096,0.1341267565564097,0.9140013803724886,2.249045110802223,5.6485268884589095,0.0,2.548118963169639,0.01586906402595334,,,7,6
ihdp_disconnected_sweep,IPWTransport,49,1488321556,FEASIBLE,0.17115330696105957,100,0,6,0.9668416747333995,3.7427944725859175,0.17371748174365464,-0.17371748174365464,0.09178572928895694,0.058597697700576976,0.9307479777225598,0.9542968831930385,0.9520101389891586,3.8760667001977955,3.96974664806799,0.20595075505290142,0.057185341263586674,3.702478975135279,0.019519119012330943,0.7443403483330253,1.5038593554745545,5.6485268884589095,0.0,2.525964263742936,0.03802376345265612,,,7,6
ihdp_disconnected_sweep,EntropyBalancing,49,1488321556,FEASIBLE,0.0846090316772461,100,0,6,1.3077442202230587,4.12949109155885,0.21297913722927797,0.21297913722927797,0.03602781894945721,0.022630834974015933,0.9534793797804303,0.9434156730634012,0.9522059059358619,3.970730811938238,3.9244822778286994,0.18360928133097962,0.03912357997001359,3.7549514793735113,0.017550955620659003,1.0334839202355284,2.1852705243844346,5.6485268884589095,0.0,2.5169113896950783,0.04707663750051383,,,7,6
ihdp_disconnected_sweep,OutcomeModelTransport,49,1488321556,FEASIBLE,0.01366877555847168,100,0,6,0.7494077474717086,3.4067718440411756,0.5097401102883965,-0.5097401102883965,0.3350755180109411,0.22428773947462222,0.9845421916009928,0.9753533545784797,0.9748684321154351,4.100090781977391,4.057338736206023,0.37645717621329006,0.2037067996626072,3.2225293647992648,0.07682400203962225,0.5562950180033873,1.356904642671679,5.6485268884589095,0.0,2.543482681370543,0.020505345825049037,,,7,6
ihdp_disconnected_sweep,AnchorPlugin,49,1488321556,FEASIBLE,1.3799364566802979,100,0,6,0.6944294484601501,3.609332763956665,0.3071791903729073,-0.3071791903729073,0.3388499180974183,0.23277430258987816,0.973796048079666,0.9731595662200212,0.9739364487633023,4.055338851212545,4.0482128717754255,0.5749530060636063,0.2745539250868897,2.9255554770405574,0.28343072696066407,0.5176199845435306,1.1632037218390785,5.6485268884589095,0.0,2.5416575084844233,0.022330518711168867,,,7,6
ihdp_disconnected_sweep,Glmtrans_OptionB,49,1488321556,FEASIBLE,10.246549844741821,100,0,6,0.3980973765338676,3.7957726944283703,0.12073925990120182,-0.12073925990120182,,,0.9652481258987591,0.9650191104092337,0.9595652292971028,4.019741334683562,4.014349670776076,0.2110983143466283,0.0,3.916511954329572,0.0,0.12073925990120182,0.12073925990120182,5.6485268884589095,0.0,2.534884868284553,0.029103158911039095,,,7,6
ihdp_disconnected_sweep,ProxyOnly,1,318037543,FEASIBLE,2.0633928775787354,200,0,6,1.1083091890525187,3.9615373208350113,0.10378869821331449,0.10378869821331449,0.8989973093411409,0.7322561844583451,0.937947522339355,0.9677957431841496,0.9795290746904194,6.067826736583085,6.0893003270881705,0.9263957817081425,0.7831663589971831,0.7552058630318822,0.876382212547467,0.646893598808532,1.3111286481733433,14.806872720038362,0.04311917698350953,12.02745115734999,0.040256987741882355,,,44,6
ihdp_disconnected_sweep,IPWTransport,1,318037543,FEASIBLE,0.4443044662475586,200,0,6,1.0419438007667892,4.332384158074737,0.4746355354530398,0.4746355354530398,0.9516307983553621,0.8261536671319355,0.9671846051680641,0.9748025773847286,0.9814828813469504,6.2569690378978375,6.13338681753817,0.9675071256544439,0.8012635296782556,0.3863672002005728,0.9218912177164569,0.645197552881952,1.9811796598088698,14.830634073156991,0.01935782386487972,12.036210062737407,0.031498082354465495,,,44,6
ihdp_disconnected_sweep,EntropyBalancing,1,318037543,FEASIBLE,2.544276237487793,200,0,6,1.5538486006802406,3.912458236796399,0.054709614174702104,0.054709614174702104,0.8165252004562661,0.6556603492639576,0.8932512840358882,0.8988169864921465,0.904641244606943,5.778675133382475,5.655291014022999,0.8696809128875885,0.7033856601188231,1.1057816030453338,0.7566762933692404,0.9132308363599377,2.6940672313940937,14.8038003656288,0.046191531393070306,11.941224141509228,0.1264840035826449,,,44,6
ihdp_disconnected_sweep,OutcomeModelTransport,1,318037543,FEASIBLE,0.030314207077026367,200,0,6,0.8433168951195181,4.1306446465477125,0.27289602392601564,0.27289602392601564,0.9470397043250679,0.8149796864682836,0.9863497114502567,0.9790236020337526,0.9825027420800977,6.38095310048004,6.1599451971931405,0.9614577054878723,0.9614710416982194,-0.11374658857970725,0.9016735991026987,0.3556744897636326,1.0498869330637879,14.841502779558912,0.008489117462959328,12.041486562006607,0.02622158308526501,,,44,6
ihdp_disconnected_sweep,AnchorPlugin,1,318037543,FEASIBLE,1.9698107242584229,200,0,6,0.7064244458621831,3.9698062348994223,0.11205761227772548,0.11205761227772548,0.9416717902021954,0.8155203629520088,0.9714911524817733,0.969566034521219,0.9760071199561445,6.284829213771334,6.10043887124253,0.96475997603118,0.9073368313848298,0.255797212236312,0.9335037859502511,0.2835455808848674,0.5386216182058252,14.837799510206366,0.012192386815504719,12.029664113142246,0.038044031949626245,,,44,6
ihdp_disconnected_sweep,Glmtrans_OptionB,1,318037543,FEASIBLE,12.211411714553833,200,0,6,0.758874050185309,3.8402260721589476,0.017522550462749198,-0.017522550462749198,0.9684370832832071,0.8690723386366468,1.0,0.990547232571181,0.9897633464805676,6.469260371251036,6.2324510412154925,0.9745434494062684,1.1542087497743676,-0.5746739109758144,0.9263402294819758,0.2869408039354344,0.934842297974233,14.841502779558912,0.008489117462959328,12.055891696580584,0.011816448511288158,,,44,6
ihdp_disconnected_sweep,ProxyOnly,0,2102461418,FEASIBLE,2.275432586669922,200,0,6,1.432028247872104,5.684249554150774,0.7560895861174233,0.7560895861174233,0.8759308079755507,0.695718777715069,0.9409767749088719,0.9628025499883697,0.9686851824037427,7.262639131608391,7.206461344143744,0.9097354571243325,0.9209511191614993,-0.30675602045505873,0.8230129255443814,0.8095953941293808,1.3997058707123777,10.801702938100942,0.0516283696954698,7.146397799136853,0.054626403113664956,,,19,6
ihdp_disconnected_sweep,IPWTransport,0,2102461418,FEASIBLE,2.0569703578948975,200,0,6,1.6317155128018974,4.686921549754396,0.24123841827895465,-0.24123841827895465,0.9239076364665273,0.7671531081190036,0.9880971777044096,0.9908043137983752,0.9827975065445876,7.626323433246084,7.4160511800525555,0.9402097036625885,0.7523827780189519,1.401800912072245,0.760000983506202,0.9946563291820862,2.375320524742116,10.812373330379772,0.04095797741663887,7.187519855549342,0.013504346701176395,,,19,6
ihdp_disconnected_sweep,EntropyBalancing,0,2102461418,FEASIBLE,0.07910418510437012,200,0,6,2.2469799806698525,5.019393337378654,0.09123336934530357,0.09123336934530357,0.8231438224775198,0.6347657824719827,0.9750342876879846,0.981067543203863,0.9795165231352162,7.525501543976423,7.343172622650527,0.8346509694427054,0.6239257668627785,1.7964311308234509,0.5908046220387924,1.2259635695086661,3.5207890831491273,10.721359324023126,0.13197198377328512,7.173220898084386,0.02780330416613186,,,19,6
ihdp_disconnected_sweep,OutcomeModelTransport,0,2102461418,FEASIBLE,0.009510040283203125,200,0,6,1.6792900056586848,4.501955495739835,0.42620447229351566,-0.42620447229351566,0.9613118554701464,0.8360074175602678,0.9966236602025587,0.9943606338335816,0.9906754900747453,7.692132459671872,7.442669807995979,0.9689948956996544,0.7193104839388452,1.689856181721585,0.7944366576871374,1.1894574622983867,2.4963731844420227,10.812355334413704,0.04097597338270731,7.192742497740772,0.008281704509745857,,,19,6
ihdp_disconnected_sweep,AnchorPlugin,0,2102461418,FEASIBLE,2.156017303466797,200,0,6,1.425057941190241,4.9094529599819605,0.018707008051389806,-0.018707008051389806,0.929505795159114,0.7719906474240105,0.9840390990656374,0.9857892885038102,0.9887889670163823,7.595002404388654,7.378514318599891,0.9387548788376476,0.8070123336079147,0.966170878060023,0.7941187033463144,0.4258474610563875,1.5404133254537715,10.749878081336618,0.10345322645979316,7.180155028302298,0.020869173948219633,,,19,6
ihdp_disconnected_sweep,Glmtrans_OptionB,0,2102461418,FEASIBLE,12.570468425750732,200,0,6,1.4135417555101597,4.6750063714139705,0.25315359661937986,-0.25315359661937986,0.9822593134040911,0.889542852535677,0.9973075262002014,0.9975097679862522,0.9957552179981678,7.6974106685370565,7.4662406985581375,0.987924032210686,0.7860380844303665,1.2534269151473543,0.8215086435923202,0.9938429674321201,2.226188576455181,10.845677607609048,0.007653700187363555,7.197367166142208,0.003657036108309697,,,19,6
ihdp_disconnected_sweep,ProxyOnly,2,1087454077,FEASIBLE,2.1077864170074463,200,0,6,16.368151441450397,38.43457468444175,13.052374774147989,13.052374774147989,0.8970642260964841,0.7486384583158776,0.9378657885347492,0.9214220961375985,0.9429298674360421,52.76415289864607,49.556960659249874,0.9143746649341767,1.180712841601207,-19.99799598110725,0.8820322856901256,13.052374774147978,22.522182322356958,67.22727188423866,0.7390995998773633,48.87489953002811,0.8452330602269029,,,28,6
ihdp_disconnected_sweep,IPWTransport,2,1087454077,FEASIBLE,0.23820781707763672,200,0,6,18.146968674592454,27.53396237849758,2.1517624682038203,2.1517624682038203,0.9520930682221006,0.8228739002932551,0.9940397509274626,0.9959470791758235,0.9931790787864028,55.92448945942691,53.565147209190236,0.9612272816732486,0.647663233594159,7.549464802576097,0.7649987971298122,11.291858006551477,39.368261483295115,67.02205228577196,0.9443191983440613,49.67653684001618,0.04359575023882911,,,28,6
ihdp_disconnected_sweep,EntropyBalancing,2,1087454077,FEASIBLE,0.3107569217681885,200,0,6,16.35795549618826,24.243680158855604,1.1385197514381566,-1.1385197514381566,0.9207631078598821,0.7746124842899036,0.9899290461689884,0.9910482950007351,0.9824052623066346,55.693221982727295,53.30167528284872,0.9329374082394263,0.7234010230098831,7.844296881853216,0.7280188365514411,9.45223874011973,28.531363839108025,66.88708133864047,1.0792901454755537,49.62384245474788,0.09629013550713239,,,28,6
ihdp_disconnected_sweep,OutcomeModelTransport,2,1087454077,FEASIBLE,0.03463864326477051,200,0,6,19.911393333928324,25.52050003439092,0.1383001240971602,0.1383001240971602,0.9715800328703554,0.8662756598240469,0.9977054059427106,0.9958941741982238,0.9959573867716037,56.13071852126359,53.56230181411606,0.9784754979524193,0.5984125587550193,10.110412184006346,0.7943688501052963,14.359968627782898,44.831934721613436,67.19501753696726,0.7713539471487678,49.675967761001345,0.04416482925366694,,,28,6
ihdp_disconnected_sweep,AnchorPlugin,2,1087454077,FEASIBLE,3.56915283203125,200,0,6,8.614783440048647,25.536607509239428,0.15440759894566725,0.15440759894566725,0.9583319905900551,0.8257226644323418,0.9746659203164313,0.9845114811619902,0.9947230062036567,54.8345213924714,52.95010500077992,0.9643887208166697,0.9214578467299225,1.851292542042836,0.9011154737613398,1.7913225012244842,5.994176521373667,67.64412046743054,0.3222510166854846,49.55352839833412,0.16660419192088938,,,28,6
ihdp_disconnected_sweep,Glmtrans_OptionB,2,1087454077,FEASIBLE,13.617901086807251,200,0,6,19.73982547078026,24.117123321467567,1.2650765888261937,-1.2650765888261937,0.9721149817924011,0.8681189777963971,0.9977054059427106,0.9948708989406478,0.9979550478438131,56.13071852126359,53.50726687204571,0.9787993878691847,0.6023104887063188,10.85620357635007,0.7952147812364982,14.723634697824657,42.811491842076194,66.98806229468595,0.9783091894300782,49.664960772587285,0.05517181766772694,,,28,6
ihdp_disconnected_sweep,ProxyOnly,3,2058110227,FEASIBLE,4.749600410461426,200,0,6,16.156259791879197,37.65831014077133,12.595798614672457,12.595798614672457,0.8928026335478079,0.7412838545563369,0.936759655916213,0.9588425068395701,0.9429909458124902,52.66310893488918,51.711446136902055,0.9124258415818887,1.164019794728554,-18.772506913785968,0.8714639626688081,12.595798614672463,23.84623508094233,67.24608237076703,0.714867177409829,49.38165219634629,0.43310624857476654,,,28,6
ihdp_disconnected_sweep,IPWTransport,3,2058110227,FEASIBLE,0.2962174415588379,200,0,6,17.33290300720269,25.019494984550164,0.043016541548706044,-0.043016541548706044,0.9520873859045337,0.8228340565614246,0.9944081482882849,0.9956377725271611,0.9919890508234901,55.9040137011744,53.69585586647115,0.9603094428808974,0.6611398269850128,8.521126940760992,0.7758070377083509,10.97748703538848,35.932764270409564,66.89159411842121,1.069355429755646,49.76885409479879,0.04590435012226379,,,28,6
ihdp_disconnected_sweep,EntropyBalancing,3,2058110227,FEASIBLE,0.20255541801452637,200,0,6,16.969955768916204,22.75388224531546,2.3086292807834106,-2.3086292807834106,0.9294764191367514,0.7882687415831213,0.9905515223049949,0.9939061062399746,0.9863903326486461,55.68720044176851,53.6024651716509,0.9385272197711947,0.6923307378328661,9.30929944263745,0.7443280745438036,10.109640089640001,30.375815758855808,66.83170877042036,1.1292407777564932,49.75063152019972,0.06412692472133585,,,28,6
ihdp_disconnected_sweep,OutcomeModelTransport,3,2058110227,FEASIBLE,0.014166593551635742,200,0,6,19.97061802686985,25.143071140990585,0.08055961489171537,0.08055961489171537,0.9728048100335993,0.8693700433936855,0.9978472326322627,0.9983204677939098,0.9952522903321072,56.09735344664628,53.84053661518498,0.978573561066393,0.5956643309890844,10.085680875889759,0.8008311267469039,14.36370055826712,45.74112564177596,66.86103568299967,1.0999138651771858,49.797084484791746,0.017673960129307886,,,28,6
ihdp_disconnected_sweep,AnchorPlugin,3,2058110227,FEASIBLE,3.013815402984619,200,0,6,8.669852447995332,25.229553589286695,0.1670420631878251,0.1670420631878251,0.960983771577816,0.8327098608409397,0.9769610212243979,0.9845102506141747,0.9878186311990569,54.92316450750617,53.09573619516326,0.965613801450232,0.9285841569339023,1.6347477765723748,0.8982695573842819,1.8531070746198857,4.507351651089277,67.64354881295678,0.31740073522007606,49.651757573567984,0.16300087135306995,,,28,6
ihdp_disconnected_sweep,Glmtrans_OptionB,3,2058110227,FEASIBLE,10.053932428359985,200,0,6,19.937019718190857,24.092528389792466,0.9699831363064035,-0.9699831363064035,0.9739093765728508,0.8707167439772558,0.9978472326322627,0.9983204677939098,0.9981922809402655,56.09735344664628,53.84053661518498,0.9795421625029642,0.5965121922894537,10.691024598507843,0.8020322875656933,14.762653731307001,44.08222375708513,66.67221790826157,1.2887316399152837,49.797084484791746,0.017673960129307886,,,28,6
ihdp_disconnected_sweep,ProxyOnly,5,441684373,FEASIBLE,3.1689164638519287,200,0,6,3.055749825282297,8.42380032342848,2.3497141757589803,2.3497141757589803,0.8411049146043916,0.6545695364238411,0.9411909017157184,0.9536104944849441,0.9548281695289319,9.819785227519267,9.583288508067312,0.8849625873377874,1.0783520604217787,-3.0097362876812492,0.8275966656754704,2.3497141757589812,3.3095066770574366,14.614460070355298,0.10470353454938675,10.039027556230984,0.09262060036064845,,,24,6
ihdp_disconnected_sweep,IPWTransport,5,441684373,FEASIBLE,0.24604368209838867,200,0,6,2.492148974684219,6.550564926244396,0.4764787785748963,0.4764787785748963,0.9740257929592192,0.8737306843267107,0.9975228165851889,0.9890515304787056,0.9987553276469159,10.407516477858298,9.939452450177093,0.982392468540872,0.7444113494537705,1.197771271239369,0.8194394674727391,1.476962687327552,4.632011183752946,14.684466952691686,0.03469665221299856,10.109788604332266,0.02185955225936631,,,24,6
ihdp_disconnected_sweep,EntropyBalancing,5,441684373,FEASIBLE,0.40436768531799316,200,0,6,2.6001193549157433,6.4089334261970565,0.33484727852755647,0.33484727852755647,0.9357859881491808,0.7877262693156734,0.9881127868170744,0.9870873490764307,0.9861505565751147,10.309338232468333,9.91971345069141,0.9528708279423485,0.7679075988841282,1.1526174689502873,0.7616248000546638,1.4370521196178119,3.8945421667919433,14.705716163518181,0.013447441386503556,10.105866948805309,0.025781207786323534,,,24,6
ihdp_disconnected_sweep,OutcomeModelTransport,5,441684373,FEASIBLE,0.042325496673583984,200,0,6,2.695502430906143,6.163562170983512,0.0894760233140115,0.0894760233140115,0.9720913210177762,0.8728476821192053,0.9981910410134337,0.9923373448814231,0.9983067767847168,10.41448830510098,9.972473172565653,0.9813515298486414,0.694154951579902,1.7956189473107242,0.8237451794481173,1.7843643787149133,5.018139447120859,14.60865568186738,0.11050792303730539,10.116349012753835,0.015299143837797402,,,24,6
ihdp_disconnected_sweep,AnchorPlugin,5,441684373,FEASIBLE,1.735973596572876,200,0,6,1.7264970961858366,6.168618331410534,0.094532183741034,0.094532183741034,0.9446741024747298,0.8053863134657836,0.9737974998659376,0.9772796757752665,0.9879505693863105,10.159981664024865,9.821151445154033,0.9611248242991671,0.8869012718388024,0.603130704053346,0.8766029199781763,0.7133438233079783,1.5425152356895138,14.642258135040864,0.07690546986382074,10.086285093400532,0.045363063191100395,,,24,6
ihdp_disconnected_sweep,Glmtrans_OptionB,5,441684373,FEASIBLE,9.167575359344482,200,0,6,2.7500291877184417,6.351195668403084,0.27710952073358364,0.27710952073358364,0.9723597072150575,0.8765562913907284,0.9981910410134337,0.9927252131051003,0.9987558266099694,10.41448830510098,9.97637104608121,0.98049305548341,0.6838596230461221,1.7307598719832038,0.8308202870844664,1.8428246703614921,5.166587275922145,14.609017668768514,0.11014593613617052,10.117123424710567,0.014524731881065733,,,24,6
ihdp_disconnected_sweep,ProxyOnly,4,827316175,FEASIBLE,3.564967632293701,200,0,6,5.453612787062369,-0.42639178672666506,2.462857623323494,-2.462857623323494,0.9513375854462818,0.8202834466083128,0.9781269050988799,0.9596988387708525,0.9634579515582754,19.121910575327387,17.03428926612716,0.9677252448789808,0.8737267870002585,2.4090157624168174,0.9382299774381655,2.4628576233234925,8.234108988972466,36.66874188401598,0.19575121838004605,32.66765945786747,0.14306605580920717,,,26,6
ihdp_disconnected_sweep,IPWTransport,4,827316175,FEASIBLE,0.3477463722229004,200,0,6,7.312496391869642,0.0973375456255367,1.9391282909712921,-1.9391282909712921,0.9672387691134552,0.8473503051941895,0.9968511344193193,0.9859662648788701,0.980005948955049,19.487960253330233,17.500526085975423,0.9727124449489277,1.1322035971044075,1.926259917306281,0.8406178939628326,4.686522816719483,10.961463959157665,36.37360898163588,0.49088412076014265,32.760906821837125,0.049818691839554674,,,26,6
ihdp_disconnected_sweep,EntropyBalancing,4,827316175,FEASIBLE,0.24660444259643555,200,0,6,10.65256873300357,-2.1434114130940953,4.179877249690924,-4.179877249690924,0.890476513699484,0.7149785179999842,0.9659237640424774,0.9495024469335342,0.9346811526889706,18.883345036640925,16.853307190281253,0.9095263194450494,0.7701302871538513,3.687171883651826,0.7355980254748495,6.603223935742806,9.430728006975768,35.70239920373905,1.1620938986569769,32.63146304269829,0.17926247097838655,,,26,6
ihdp_disconnected_sweep,OutcomeModelTransport,4,827316175,FEASIBLE,0.018223285675048828,200,0,6,6.76575636320449,2.875786953783751,0.8393211171869219,0.8393211171869219,0.9809873782958788,0.8833329170510806,0.9957160535091171,0.9938169278220705,0.9864575592516661,19.465769967440433,17.63987236639462,0.9855838343456405,1.1353051760487105,-1.2284299772472207,0.8572839599068705,3.4635492139164756,13.530303631052309,36.69488141671592,0.16961168568010265,32.788776077920964,0.021949435755715285,,,26,6
ihdp_disconnected_sweep,AnchorPlugin,4,827316175,FEASIBLE,1.5921485424041748,200,0,6,5.3431628777876305,1.8688922996054527,0.16757353699137623,-0.16757353699137623,0.980828374141895,0.8904691333690673,0.9848388120786027,0.9795985762431696,0.9811620793622947,19.253125128763273,17.387502035309616,0.9816303856506398,0.9812090151744676,0.2026918638338154,0.9023135184388587,1.3541272609395993,3.3516893384489244,36.81068659163832,0.0538065107577026,32.738302011703965,0.07242350197271463,,,26,6
ihdp_disconnected_sweep,Glmtrans_OptionB,4,827316175,FEASIBLE,9.218667030334473,200,0,6,7.266332634671977,1.929657382290152,0.10680845430667696,-0.10680845430667696,0.9670887651946027,0.8466467345712894,0.9870572792740729,0.9858312171762665,0.9789997034293982,19.296495095487366,17.49812904063376,0.9741739912053468,1.149543519900251,-0.18175930284249717,0.832677767942776,3.7149390549574783,12.659337817755535,36.48904411984003,0.37544898255599435,32.76042741276879,0.050298100907888,,,26,6
ihdp_disconnected_sweep,ProxyOnly,6,1183598667,FEASIBLE,3.2745981216430664,200,0,6,1.3965338814615826,4.2341578776962825,0.5916067558466507,0.5916067558466507,0.912734259336321,0.7758267620975908,0.9240636904112844,0.9596947720602983,0.9602180268529615,7.384923250836398,6.896166400346738,0.916286138326742,0.8535185785210742,0.028618708844491077,0.8242205789428186,0.5916067558466506,1.8255488175568342,12.49676281459295,0.053494704054454445,10.075863314087393,0.05716282078649293,,,18,6
ihdp_disconnected_sweep,IPWTransport,6,1183598667,FEASIBLE,0.3704252243041992,200,0,6,1.8767912085464655,2.804198952221643,0.838352169627989,-0.838352169627989,0.9001538591657984,0.7312099697586077,0.9894865380268842,0.9698043937610847,0.9617035033251561,7.907768930745465,6.968812032606991,0.9067245788661982,0.720204270985075,1.6229550597677311,0.762633930460735,1.2148819973757554,1.8283975369347814,12.374364226107609,0.17589329253979535,10.090201267822968,0.0428248670509177,,,18,6
ihdp_disconnected_sweep,EntropyBalancing,6,1183598667,FEASIBLE,0.33504581451416016,200,0,6,2.0662849300872965,3.7680322561931967,0.1254811343435649,0.1254811343435649,0.8054377810111171,0.6184479984956309,0.9426319889119888,0.9385397701617763,0.928889010078882,7.533317198947583,6.744150970504745,0.8039141617434795,0.6747534078412086,1.1000585161276726,0.6099504170133747,0.7762572923747265,2.7258904155086077,12.36114977712497,0.18910774152243448,10.04586026872384,0.08716586615004474,,,18,6
ihdp_disconnected_sweep,OutcomeModelTransport,6,1183598667,FEASIBLE,0.018195629119873047,200,0,6,1.3181466444505257,3.6586913889882453,0.016140267138613495,0.016140267138613495,0.9478732665218388,0.8061522381404934,0.9956069882014738,0.979246357855628,0.9788121443256446,7.956682285169979,7.036660016609532,0.953489654143494,0.8401904538690353,0.568553543168866,0.812209568672025,0.5853633746396287,2.0252396869227756,12.520003901747293,0.030253616900111524,10.103592317297155,0.029433817576730803,,,18,6
ihdp_disconnected_sweep,AnchorPlugin,6,1183598667,FEASIBLE,1.5025303363800049,200,0,6,0.9398831054645139,3.7886014339937604,0.14605031214412856,0.14605031214412856,0.9604587924835485,0.8356062924580252,0.9958744071203475,0.984927200325914,0.9820254073098239,7.958819441095698,7.077481365344343,0.9644113308370882,0.9184663763091427,0.1628480914897605,0.8993215402787702,0.3026320718102591,0.7141725962033836,12.500490640469629,0.04976687817777581,10.111649162442182,0.021376972431703223,,,18,6
ihdp_disconnected_sweep,Glmtrans_OptionB,6,1183598667,FEASIBLE,9.349411249160767,200,0,6,1.2270936125051366,3.568130898783014,0.074420223066618,-0.074420223066618,0.9704164961632723,0.8549518547612561,1.0,0.9962221815975508,0.9894341424924814,7.9917903143121,7.158644744166119,0.9715101185978199,0.8907511830057249,0.46423430263937965,0.8248643852358323,0.5790831340224869,1.6361906352804052,12.511398093199276,0.038859425448128704,10.127668250367535,0.005357884506350885,,,18,6
ihdp_disconnected_sweep,ProxyOnly,9,1376649978,FEASIBLE,2.51883864402771,200,0,6,1.7430943667469718,3.7378437962520397,0.21404805690895845,-0.21404805690895845,0.7885213380866495,0.6339069217711704,0.9183754620287884,0.9322214767561634,0.9362515782517129,6.076715658712209,6.118896254216639,0.8754981333836039,0.735699697540655,1.2019613028041587,0.8278335086236263,0.8942402878627318,2.099477615930288,10.056934143101621,0.06408962796929529,6.964999118769442,0.08650508299967363,,,29,6
ihdp_disconnected_sweep,IPWTransport,9,1376649978,FEASIBLE,0.39002418518066406,200,0,6,1.9587792650313995,5.3070001382259,1.3551082850649023,1.3551082850649023,0.8694822060112886,0.7232178542353689,0.961705975208715,0.9561346811772328,0.9558200585001168,6.363425418311865,6.2758572560888055,0.9464524118343536,0.8578418336792479,-0.6006748767507292,0.8364569995857234,1.3800223918060261,3.573871391269109,10.100188592464034,0.02083517860688211,6.995519313577918,0.05598488819119751,,,29,6
ihdp_disconnected_sweep,EntropyBalancing,9,1376649978,FEASIBLE,0.3048861026763916,200,0,6,2.298412759701604,5.606389663769275,1.654497810608277,1.654497810608277,0.8502928264040386,0.689500468496076,0.9738150458121277,0.9537796318767122,0.9490441743600994,6.443548834050408,6.260399231678561,0.9169866735734209,0.8527855062826551,-0.8291559946743271,0.7861154561965764,1.6544978106082775,3.4963738240104885,10.04749785659789,0.07352591447302714,6.99251358660926,0.05899061515985604,,,29,6
ihdp_disconnected_sweep,OutcomeModelTransport,9,1376649978,FEASIBLE,0.01457071304321289,200,0,6,1.8017515851373485,5.3443431195893645,1.3924512664283664,1.3924512664283664,0.9490695225892245,0.8384189221779529,1.0,0.9876781888970061,0.9833783546926503,6.616809692724262,6.482901886623379,0.9798334592888497,0.8989073504729497,-0.8521774604874109,0.889355721076764,1.3924512664283673,3.025009334605131,10.106534265510641,0.014489505560275617,7.035777991737419,0.01572621003169683,,,29,6
ihdp_disconnected_sweep,AnchorPlugin,9,1376649978,FEASIBLE,1.536855697631836,200,0,6,1.17770092711371,4.0623168771253475,0.11042502396434939,0.11042502396434939,0.9103700663642604,0.768776464728342,0.9831999637657799,0.9586106742819691,0.9817699729697763,6.5056470501315555,6.292109128966436,0.9581210938960861,0.902097323923217,0.28728666937810415,0.8822147424573314,0.519715628479777,1.3360942850017166,10.091093860918669,0.029929910152247885,6.998679399970791,0.05282480179832483,,,29,6
ihdp_disconnected_sweep,Glmtrans_OptionB,9,1376649978,FEASIBLE,9.411098957061768,200,0,6,1.5796364513040493,5.064758466067337,1.112866612906339,1.112866612906339,0.9693904180635828,0.8671188398012796,0.9984281389093348,0.9937411615467203,0.9901806002325988,6.606408987023932,6.522697902442331,0.982950705966084,0.9441194579258477,-0.8298451643478402,0.8859295428090608,1.1128666129063385,2.435285679927323,10.089057902790252,0.03196586828066472,7.043516105924436,0.007988095844679854,,,29,6
ihdp_disconnected_sweep,ProxyOnly,7,750842742,FEASIBLE,2.6772615909576416,200,0,6,1.3616641079498688,5.080089975623861,0.32603466601921394,0.32603466601921394,0.752413858773278,0.5593296423761783,0.964464087408555,0.9701509519985659,0.9596744283477542,6.072458446450635,5.98016380251879,0.7897118838341446,0.5096375140386611,2.1650508833349815,0.6326727780392472,0.9452009310530799,1.842630065850729,9.470147377785567,0.01906712095823515,5.898859273881832,0.03590131699233012,,,43,6
ihdp_disconnected_sweep,IPWTransport,7,750842742,FEASIBLE,0.07077169418334961,200,0,6,0.8593098776059627,4.655556204366163,0.09849910523848404,-0.09849910523848404,0.8167616612027804,0.6208289690258867,0.9668204225992089,0.9587819819947213,0.965797573446146,6.087294403245668,5.910083674525457,0.8275623366859265,0.8294566828772855,0.8924731033823268,0.6292534894343842,0.2879629287830077,0.7444877049996421,9.486053353726716,0.0031611450170867528,5.8851851025660595,0.04957548830810232,,,43,6
ihdp_disconnected_sweep,EntropyBalancing,7,750842742,FEASIBLE,0.12770462036132812,200,0,6,0.7338009756633735,4.725901327152887,0.028153982451759596,-0.028153982451759596,0.8692013657448341,0.6850216968427354,0.9820386639281882,0.9758807470655897,0.9792484924702907,6.1831114889254355,6.015483164918093,0.8812272521876101,0.8967237073325732,0.5162275510321822,0.7163228373324846,0.217723834671888,0.6720086914709702,9.486053353726716,0.0031611450170867528,5.905750856789013,0.02900973408514851,,,43,6
ihdp_disconnected_sweep,OutcomeModelTransport,7,750842742,FEASIBLE,0.014510154724121094,200,0,6,0.7636823610952322,5.121328425349473,0.36727311574482613,0.36727311574482613,0.9049066151565028,0.7363459524165794,0.9840587179132906,0.988002245839875,0.988014155843128,6.195830152112865,6.090201999191178,0.918552217831048,0.8857862259277791,0.21765313197768374,0.7683154124834657,0.3855421953095024,1.1287913639286256,9.486053353726716,0.0031611450170867528,5.920330141525224,0.014430449348937557,,,43,6
ihdp_disconnected_sweep,AnchorPlugin,7,750842742,FEASIBLE,2.167327642440796,200,0,6,0.7556281652406854,4.997046864313635,0.24299155470898803,0.24299155470898803,0.9287527376110347,0.7676193326350441,0.9793309095046099,0.986805344560051,0.9914663187290834,6.1660629264802,6.082824110529577,0.9357125883734488,0.7707574749023103,0.902544086497762,0.790814642978115,0.3812429441437817,1.2964046298105858,9.486053353726716,0.0031611450170867528,5.918890553493693,0.015870037380468993,,,43,6
ihdp_disconnected_sweep,Glmtrans_OptionB,7,750842742,FEASIBLE,10.578861951828003,200,0,6,0.5631128199070077,4.82697560661913,0.0729202970144831,0.0729202970144831,0.9439473290438424,0.7999401466407302,0.9898130239916199,0.998110676190078,0.9903568712587069,6.2320604120105685,6.1525119615285195,0.9542564555623692,1.1184175315731222,-0.6445188333139926,0.8394050123235781,0.24620277752792927,0.9009404743809732,9.486053353726716,0.0031611450170867528,5.932488182956901,0.002272407917260466,,,43,6
ihdp_disconnected_sweep,ProxyOnly,8,655636265,FEASIBLE,2.535325050354004,200,0,6,1.2816985236268825,5.3524623629626955,0.41318036670216074,0.41318036670216074,0.6883926820938555,0.5108412577603655,0.9298968178137325,0.921721689434071,0.9394693427388958,5.766956599881979,5.6306428982128125,0.763099629614205,0.4734601963314572,2.4051041150354826,0.6145254269868814,0.7895741717719439,2.1897295997153705,8.67187748445828,0.06534882575192391,4.916615088429038,0.09500444582083123,,,16,6
ihdp_disconnected_sweep,IPWTransport,8,655636265,FEASIBLE,0.12671685218811035,200,0,6,0.9952960507187883,4.539203710563743,0.40007828569679216,-0.40007828569679216,0.7331802595933112,0.5428129962301532,0.9665231338320541,0.963679447195661,0.9656859000402861,5.994102634630034,5.886955789048967,0.7407776837229123,0.6600120145579639,1.9433530107623753,0.48142560351689123,0.47239431556142036,1.3913198924084114,8.737226310210204,0.0,4.967538179323638,0.04408135492623089,,,16,6
ihdp_disconnected_sweep,EntropyBalancing,8,655636265,FEASIBLE,0.4165685176849365,200,0,6,1.255529571266991,4.320776493594312,0.6185055026662232,-0.6185055026662232,0.7597174961622132,0.5595937429408153,0.9709045792778621,0.9758893067056851,0.9768085457730236,6.02127511790633,5.9615437688333035,0.7603155937072705,0.5187904422473893,2.6977044482966184,0.5084794817708838,0.7652689100438308,2.324355189987013,8.719569055565687,0.01765725464451684,4.9823569832543,0.029262550995568404,,,16,6
ihdp_disconnected_sweep,OutcomeModelTransport,8,655636265,FEASIBLE,0.013919830322265625,200,0,6,0.9261693954270135,4.237100344588659,0.702181651671876,-0.702181651671876,0.8873757728202593,0.7067343956774628,0.9826313063109552,0.9791552820678908,0.9878508732899244,6.094000956475719,5.981495063448311,0.8972558100742886,0.9635414751099116,0.8566600800468622,0.7171992482486051,0.7021816516718745,0.9951727694374926,8.737226310210204,0.0,4.986320816621521,0.025298717628348122,,,16,6
ihdp_disconnected_sweep,AnchorPlugin,8,655636265,FEASIBLE,1.6084153652191162,200,0,6,0.5429247245005164,5.220265066649088,0.28098307038855364,0.28098307038855364,0.9245909924756303,0.7644954922499522,0.9928555000054878,0.9964021121325394,0.99245964648512,6.157408508986527,6.086853049848546,0.9346666700507728,0.9719517316376874,-0.13456367487677298,0.8327491042754989,0.2898942051024085,0.7188801884297433,8.737226310210204,0.0,5.007252866899712,0.004366667350156561,,,16,6
ihdp_disconnected_sweep,Glmtrans_OptionB,8,655636265,FEASIBLE,10.443391561508179,200,0,6,0.5343995495222033,4.696997340193726,0.2422846560668086,-0.2422846560668086,0.9670850779330109,0.8572311977562426,0.9983134144894267,0.9991487855092166,0.9968884394196498,6.191256948245352,6.103632015906721,0.970181559273438,1.2620746905849187,-0.9886794685426527,0.8605519262347496,0.3975598054949472,0.7815515854549719,8.737226310210204,0.0,5.010586436315244,0.0010330979346244717,,,16,6
ihdp_disconnected_sweep,ProxyOnly,11,756831964,FEASIBLE,2.5347626209259033,200,0,6,1.6507972076697395,5.453588187517075,0.9586207405139726,0.9586207405139726,0.8193668431158134,0.6336850564667655,0.9420083688415819,0.923765809103782,0.9428186716333918,6.292637550705345,5.902744592369353,0.8436197976273134,0.5677459273315437,1.3987149641968701,0.6988275034632094,1.1471968297173105,3.1772150535570995,10.377115404675603,0.020747973717233137,7.064384130311005,0.09683843345452203,,,15,6
ihdp_disconnected_sweep,IPWTransport,11,756831964,FEASIBLE,0.22791385650634766,200,0,6,1.6604216461163497,5.641870309539013,1.146902862535911,1.146902862535911,0.7731442524444032,0.5894337146577242,0.9262968209533776,0.9366122245014735,0.921611009332043,6.187684049769255,5.984831532882579,0.8083448869254186,0.6465468409453342,0.8472340213473797,0.622269741336092,1.1469028625359114,2.950500915144544,10.385914399312972,0.011948979079864586,7.080702618485321,0.0805199452802059,,,15,6
ihdp_disconnected_sweep,EntropyBalancing,11,756831964,FEASIBLE,0.15439081192016602,200,0,6,2.095182108187724,6.188494938799899,1.6935274917967966,1.6935274917967966,0.8605261725354033,0.6875753044124296,0.9629880360935972,0.9689965665256427,0.9580433293688432,6.432782210050231,6.191763309179929,0.8838215982575289,0.5955007090171228,0.809714323198884,0.7518729054070015,1.693527491796797,3.9209673036242005,10.39334171079319,0.004521667599647117,7.121839658351661,0.039382905413866354,,,15,6
ihdp_disconnected_sweep,OutcomeModelTransport,11,756831964,FEASIBLE,0.03189659118652344,200,0,6,1.3212949729656958,5.461185287027701,0.9662178400245987,0.9662178400245987,0.8780259052712932,0.7211654318582364,0.9776193045280093,0.9696638491849949,0.9704707553470647,6.5305194194107505,6.196027159465635,0.8989181762307897,0.7419122721066128,0.44324706230917615,0.7763435726801584,0.9662178400245981,2.404064894150073,10.385914399312972,0.011948979079864586,7.122687291239784,0.03853527252574285,,,15,6
ihdp_disconnected_sweep,AnchorPlugin,11,756831964,FEASIBLE,2.116663694381714,200,0,6,0.8728627209186991,4.955843306588011,0.46087585958490873,0.46087585958490873,0.943621372996624,0.7915586554620578,0.9868776617266137,0.9827627238486712,0.9836433024343239,6.592365458249477,6.279727282186299,0.9466396331011528,0.7766244449039937,0.6461383899930171,0.8559518024820324,0.4686044228105765,1.6466017900486571,10.394624339853335,0.003239038539501138,7.139326472262567,0.02189609150295979,,,15,6
ihdp_disconnected_sweep,Glmtrans_OptionB,11,756831964,FEASIBLE,12.900033712387085,200,0,6,0.7091821777499508,4.898365076291602,0.40339762928849954,0.40339762928849954,0.9553272132586044,0.8248566948431186,0.9962038016916434,0.9957043628627885,0.9886844422578608,6.654664287525534,6.36242268934917,0.9622730876273564,0.9038777917839266,0.06744403849314633,0.8768879624706819,0.40339762928849976,1.226446679588264,10.385914399312972,0.011948979079864586,7.155765920674464,0.005456643091062752,,,15,6
ihdp_disconnected_sweep,ProxyOnly,12,1255391319,FEASIBLE,2.021576166152954,200,0,6,1.4150802022284297,3.267532224445106,0.7858673671880183,-0.7858673671880183,0.8260855759307772,0.6392620953706928,0.946280461831524,0.9627785801283987,0.9622679144074305,4.990292355733399,4.996476434818216,0.8777555113814558,0.5121775568125295,2.379842920110618,0.7473765804767172,1.07619363633672,2.3566239642560802,7.273836569965041,0.15607935842802778,4.3742799535416,0.03863317092786378,,,20,6
ihdp_disconnected_sweep,IPWTransport,12,1255391319,FEASIBLE,0.31569528579711914,200,0,6,1.451015402282917,4.455689332198781,0.4022897405656565,0.4022897405656565,0.5193800721783576,0.36303515489035854,0.90648085909375,0.9278621350697484,0.9299025130548663,4.780405687547176,4.8152725749443235,0.5523816133420947,0.40022957540788684,2.270100942057752,0.24570951513306638,0.7650973502030185,2.3082466930298153,7.42838425821108,0.0015316701819880763,4.338039181566821,0.07487394290264238,,,20,6
ihdp_disconnected_sweep,EntropyBalancing,12,1255391319,FEASIBLE,0.5222511291503906,200,0,6,1.197812159066292,4.542175367305383,0.4887757756722584,0.4887757756722584,0.5950488822124927,0.41621997911590675,0.9030543775111333,0.929787451969474,0.9393345964765053,4.762335838767145,4.825264280947747,0.6202620593143627,0.6227986055916892,1.2245391065224103,0.3101836098535763,0.4887757756722597,1.559964688179476,7.42838425821108,0.0015316701819880763,4.340037522767506,0.0728756017019574,,,20,6
ihdp_disconnected_sweep,OutcomeModelTransport,12,1255391319,FEASIBLE,0.007036447525024414,200,0,6,0.9246435519989985,4.412347813723613,0.35894822209048893,0.35894822209048893,0.7685163134079543,0.5692307692307692,0.9600390611539836,0.9591511350777945,0.9619716581772638,5.062849526460119,4.977651292580917,0.7848540836721745,1.0006425221902666,-0.36178325347198276,0.5120555338829142,0.4168542123556921,0.993934788203144,7.42838425821108,0.0015316701819880763,4.37051492509414,0.04239819937532374,,,20,6
ihdp_disconnected_sweep,AnchorPlugin,12,1255391319,FEASIBLE,2.316030263900757,200,0,6,0.7379510503377115,3.8241456733746353,0.22925391825848918,-0.22925391825848918,0.8343732634754307,0.6449704142011835,0.9650234839263512,0.9707732468217488,0.967365086770009,5.089135313668011,5.037965895180143,0.8804282426722241,0.7932434205667214,1.0199211969399997,0.7181622947618942,0.3886747219494163,0.711655034559147,7.427322186131053,0.002593742262015475,4.382577845613985,0.030335278855479153,,,20,6
ihdp_disconnected_sweep,Glmtrans_OptionB,12,1255391319,FEASIBLE,11.889458894729614,200,0,6,0.9144883772486533,4.40086438648961,0.34746479485648596,0.34746479485648596,0.7752700581945641,0.5753567699269058,0.9571432252216037,0.9628467184859172,0.963539297750639,5.047578083690558,4.996830048519928,0.7918257870100335,1.101822023083583,-0.7955697100053533,0.5236264399200233,0.3474647948564873,0.9921489324609594,7.42838425821108,0.0015316701819880763,4.374350676281942,0.038562448187521525,,,20,6
ihdp_disconnected_sweep,ProxyOnly,10,1517037893,FEASIBLE,2.0573031902313232,200,0,6,0.9291389098232936,3.625234035853783,0.1007823022588119,0.1007823022588119,0.9230646036164546,0.7732220708910187,0.935008410751662,0.9571355637332215,0.9654684485177049,6.201971651915416,6.0989559716809305,0.9469066701613331,0.8228829402836203,0.5413084909553533,0.8985088164085121,0.3770675119483419,1.1704706909893545,14.794881421440023,0.020978102605919702,12.388778757220502,0.05393133896278712,,,44,6
ihdp_disconnected_sweep,IPWTransport,10,1517037893,FEASIBLE,0.3724644184112549,200,0,6,1.059426684946701,3.5887262804940785,0.0642745468991075,0.0642745468991075,0.891729416350962,0.717172202555834,0.9321692973900345,0.9561661658435765,0.9618623332681758,6.183139628178611,6.092778879039085,0.9146221950107124,0.8517172283295825,0.46787173273902094,0.8378033225172676,0.4313120705088472,1.2808571908999236,14.760022307469171,0.0558372165767711,12.387559076507781,0.05515101967550784,,,44,6
ihdp_disconnected_sweep,EntropyBalancing,10,1517037893,FEASIBLE,0.701807975769043,200,0,6,1.0412717916948853,3.5485341149158725,0.024082381320901458,0.024082381320901458,0.8978939954260807,0.7231597255827381,0.9410208166395012,0.9595799566247536,0.9718516268592055,6.241852331540759,6.114531868333224,0.9182395522554151,0.8953983888049579,0.34710000447987205,0.8295320742502768,0.3822018919609988,1.0470627531522805,14.749507728850867,0.06635179519507517,12.391854252737836,0.050855843445452464,,,44,6
ihdp_disconnected_sweep,OutcomeModelTransport,10,1517037893,FEASIBLE,0.018805503845214844,200,0,6,0.8479683195820089,4.101072488720909,0.5766207551259384,0.5766207551259384,0.9715957219862255,0.8713509204986118,0.9866868077547716,0.992827512319964,0.9915255652221052,6.544757823188525,6.326388355579598,0.9801233525733384,0.9198764062993697,-0.24802808930283263,0.9423025979398483,0.5800005279801725,1.2200743771928924,14.798693260379263,0.01716626366667917,12.433685788436163,0.009024307747125704,,,44,6
ihdp_disconnected_sweep,AnchorPlugin,10,1517037893,FEASIBLE,2.3214704990386963,200,0,6,0.7849068334434766,3.744997806220153,0.220546072625182,0.220546072625182,0.9486186545244195,0.819958014517686,1.0,0.982385132263424,0.9761198461875674,6.633065093959522,6.259848548035525,0.9624385816276536,0.9036004479423105,0.1404700383514682,0.9152269647565571,0.32399536224329994,0.8971410308725156,14.791105537914206,0.024753986131736738,12.420547355099435,0.022162741083853632,,,44,6
ihdp_disconnected_sweep,Glmtrans_OptionB,10,1517037893,FEASIBLE,12.786116361618042,200,0,6,0.6932716772500825,3.8277777331194236,0.3033259995244526,0.3033259995244526,0.9726948209500088,0.8781700439459191,0.994811574050586,0.9914836482918009,0.9926109448421753,6.59864992690187,6.317825130211894,0.9779942280832128,0.929464497495131,-0.03333177364192487,0.9402226587186739,0.38918606886354146,0.6192345362990892,14.80838769874333,0.0074718253026127,12.431994960497319,0.010715135685970267,,,44,6
ihdp_disconnected_sweep,ProxyOnly,13,1937634816,FEASIBLE,2.687284231185913,200,0,6,2.0360070085389315,4.9938435959987215,0.6692308886912288,0.6692308886912288,0.9040280881527446,0.7307103120212852,0.9353146582810457,0.9794991203123102,0.9565127248307049,9.067552457909654,8.776741476929393,0.9260968923898776,0.7828354844526465,0.41525473655308714,0.8642773053220927,1.0949898436384862,2.1021848400520895,14.714057823613784,0.020805937567642374,11.577609442202954,0.03604179064877577,,,17,6
ihdp_disconnected_sweep,IPWTransport,13,1937634816,FEASIBLE,0.43003225326538086,200,0,6,2.11951472377553,4.2472404624627345,0.07737224484475824,-0.07737224484475824,0.9755902026137924,0.8709989518664839,0.9971851714576998,0.9924125928369946,0.9952559275696906,9.667365706702476,8.89245185131181,0.9790433032297238,0.7958338660891252,0.944514909855611,0.8077815665443615,1.2734577203907662,3.9121229105243103,14.688856010191733,0.04600775098969301,11.60031211059444,0.013339122257290725,,,17,6
ihdp_disconnected_sweep,EntropyBalancing,13,1937634816,FEASIBLE,0.6419341564178467,200,0,6,2.4692929909126353,3.1734547085087104,1.1511579987987823,-1.1511579987987823,0.9674911273748438,0.8474562605821173,0.9888248535956407,0.9893844907079108,0.9913251765752201,9.58631531354565,8.865318728880588,0.9708942165287149,0.8113963390320696,1.7496831747394423,0.7811885930149621,1.8981783105552887,2.655856215253035,14.523492117811927,0.21137164336949965,11.594988523281984,0.018662709569746028,,,17,6
ihdp_disconnected_sweep,OutcomeModelTransport,13,1937634816,FEASIBLE,0.027806758880615234,200,0,6,1.9641577416229439,4.961567011613334,0.6369543043058412,0.6369543043058412,0.9789916925150488,0.8782552608239943,0.9931949176950959,0.992878461931045,0.9958516738743611,9.628681575119124,8.896626242606075,0.9811099618990675,0.856269598028576,0.07617371668150003,0.8346991692555091,0.9898477360208213,3.850965688928113,14.73265362394393,0.0022101372374958572,11.601131136734455,0.012520096117274448,,,17,6
ihdp_disconnected_sweep,AnchorPlugin,13,1937634816,FEASIBLE,1.804372787475586,200,0,6,1.4418625701750858,4.4029301682790605,0.07831746097156778,0.07831746097156778,0.9639010038654676,0.8372974280416029,0.9821743925187003,0.9865332989508139,0.9950113838242635,9.521841391159713,8.839770800930216,0.9670493928783167,0.9518539188543867,0.13366637218886357,0.8889000894254924,0.5917317038956694,1.557600486364933,14.684367455925436,0.05049630525599014,11.589975955139824,0.023675277711905807,,,17,6
ihdp_disconnected_sweep,Glmtrans_OptionB,13,1937634816,FEASIBLE,11.712359189987183,200,0,6,1.8671816583656469,4.84587711179162,0.5212644044841275,0.5212644044841275,0.9831203345508314,0.8921228734983472,0.9962798345259932,0.9963522278985535,0.9938605834502481,9.658588777946308,8.927752708384274,0.9846087827752013,0.8678021331168055,0.11935021287282054,0.8437544182298145,0.9499198511742146,3.600016893777431,14.734863761181426,0.0,11.607238228121316,0.006413004730413618,,,17,6
ihdp_disconnected_sweep,ProxyOnly,15,355160035,FEASIBLE,2.879312515258789,200,0,6,5.32434990781659,-0.8325138874438609,4.914347970689339,-4.914347970689339,0.9450850556096885,0.8101817184873015,0.9828377427789805,0.9408657387639624,0.9686908010146793,10.817131564061523,9.551338365338768,0.9622911879372138,0.7935221417168441,4.742452286218945,0.9275189554680381,4.91434797068934,8.066249711005682,21.773558668940407,0.7180854205939795,19.308049057650095,0.11704161924477674,,,36,6
ihdp_disconnected_sweep,IPWTransport,15,355160035,FEASIBLE,0.19283199310302734,200,0,6,5.1927049797888225,6.235776674784888,2.15394259153941,2.15394259153941,0.7049214745825042,0.5297772658696827,0.8943471699252458,0.8659450261625247,0.9050893485997644,9.843202575506922,8.790769617699256,0.7195766908627198,0.6063530986079863,0.3007515742622586,0.48496707516207493,3.425850286715389,5.305799084336378,21.7747044428956,0.7169396466387852,19.159762069116603,0.26532860777826883,,,36,6
ihdp_disconnected_sweep,EntropyBalancing,15,355160035,FEASIBLE,0.17781448364257812,200,0,6,6.059945386399826,6.781544952211606,2.699710868966128,2.699710868966128,0.7111996462394374,0.5416140767616985,0.9281605774294297,0.8909331753447489,0.9147656686948126,10.215353604798677,9.044440527511036,0.7165303616694169,0.5145690877563557,0.5922606836072325,0.46755018272718896,4.344131334983546,6.77047958739615,21.7375821962223,0.7540618933120875,19.209219919457265,0.21587075743760664,,,36,6
ihdp_disconnected_sweep,OutcomeModelTransport,15,355160035,FEASIBLE,0.009824514389038086,200,0,6,5.329565486591337,5.685643720980732,1.603809637735254,1.603809637735254,0.696487374299504,0.5355357144117444,0.8943471699252457,0.8719960504132471,0.9071425123351082,9.84320257550692,8.852197489598861,0.7059880158839167,0.5572709874693451,0.9133897924556634,0.4542501064107133,3.5207443666281075,5.657032673510892,21.35900046249722,1.1326436270371651,19.171738572442944,0.2533521044519276,,,36,6
ihdp_disconnected_sweep,AnchorPlugin,15,355160035,FEASIBLE,1.4129469394683838,200,0,6,1.1478245255690624,3.8065709218579675,0.2752631613875103,-0.2752631613875103,0.9857864200662062,0.9040764211036976,0.9989505149305927,0.9980134826756388,0.9887249084636263,10.994469051867922,10.131482180154716,0.98947816026661,0.9557853031183662,0.44356954085590206,0.962043082274971,0.5145037580484344,1.0556592278390065,22.467683447745443,0.023960641788942638,19.421158858023016,0.0039318188718553415,,,36,6
ihdp_disconnected_sweep,Glmtrans_OptionB,15,355160035,FEASIBLE,9.35996150970459,200,0,6,5.208717863626473,5.866497458485624,1.7846633752401466,1.7846633752401466,0.7072774686073889,0.5526511031339836,0.9023932242878064,0.8745567867408026,0.9175942995855256,9.931757608370553,8.878193184968776,0.7155536245256768,0.5844674529453197,0.653057255974193,0.4617087301239652,3.4844222003066427,5.017776617003238,21.588956309216265,0.9026877803181215,19.17680691556538,0.2482837613294926,,,36,6
ihdp_disconnected_sweep,ProxyOnly,14,2144032299,FEASIBLE,2.36344575881958,200,0,6,0.9550347869087369,4.045745469149387,0.010187984221042612,-0.010187984221042612,0.7910098950822932,0.6034094111017189,0.9579611702789304,0.9570472155022413,0.9641287880019721,5.533513937493602,5.412122310621501,0.8539772909142742,0.7824485830799355,0.8903456435324205,0.8121291411362146,0.4157309516075408,1.026018051736747,8.29544121029198,0.010254136883659726,5.187284128770598,0.047429964229690924,,,50,6
ihdp_disconnected_sweep,IPWTransport,14,2144032299,FEASIBLE,0.10323333740234375,200,0,6,1.6909712005989976,3.7877757305351887,0.268157722835241,-0.268157722835241,0.803692009348118,0.6167934629473092,0.9679142353175308,0.9795077218597167,0.9721747459208716,5.591006272068959,5.539136950647758,0.8355398716806102,0.5746171322342736,1.8794126255437176,0.5174719405284449,0.9677334307870251,2.2178066190624515,8.2194683110167,0.0862270361589399,5.212085804041997,0.022628288958292053,,,50,6
ihdp_disconnected_sweep,EntropyBalancing,14,2144032299,FEASIBLE,0.1354358196258545,200,0,6,1.4580872553600988,3.7306128277966133,0.32532062557381636,-0.32532062557381636,0.7992964049525138,0.6184840800225416,0.9720018107864516,0.9773187436879274,0.9780736186318848,5.614617517002032,5.526758232639799,0.8327387793213739,0.7698937247050756,1.1837580479455585,0.4883949924069595,0.5959203511404406,1.1239812342300342,8.199138007784954,0.1065573393906849,5.2096686579221005,0.025045435078188127,,,50,6
ihdp_disconnected_sweep,OutcomeModelTransport,14,2144032299,FEASIBLE,0.017342805862426758,200,0,6,1.2239974197886228,4.634282305697682,0.5783488523272524,0.5783488523272524,0.8989980607627668,0.7349957734573119,0.9818115484397435,0.9923353022599674,0.9892414824755835,5.671281943193588,5.6116771899911795,0.9225958991092156,0.8895679652259919,-0.06657562759187736,0.6908165879601434,0.6809595206046939,2.0036336192409285,8.238773525541026,0.06692182163461347,5.226250466162311,0.008463626837977856,,,50,6
ihdp_disconnected_sweep,AnchorPlugin,14,2144032299,FEASIBLE,2.7516801357269287,200,0,6,0.6795240942821985,4.001736635171812,0.054196818198617436,-0.054196818198617436,0.9112823827755956,0.741476472245703,0.9644983581997808,0.9701538859022939,0.9806778188060674,5.571274988352801,5.48624080983563,0.9437863231681671,0.9682141962611758,0.1813952334986482,0.8748407138412286,0.2609818678455309,0.5746737337112675,8.29125820786736,0.014437139308279612,5.201756971812411,0.03295712118787808,,,50,6
ihdp_disconnected_sweep,Glmtrans_OptionB,14,2144032299,FEASIBLE,10.770078420639038,200,0,6,0.9445982722750822,3.987886499725553,0.06804695364487667,-0.06804695364487667,0.9457113022723884,0.8010707241476474,0.987749905376392,0.9930047005579682,0.9919916710296893,5.705583939865528,5.615462651569897,0.9572481094906548,1.0277808730417668,-0.042740014908977664,0.7565926178844824,0.4802047670129195,0.9874156829649836,8.257579176352035,0.04811617082360442,5.226989639133303,0.007724453866985392,,,50,6
ihdp_disconnected_sweep,ProxyOnly,16,1869307404,FEASIBLE,2.618215560913086,200,0,6,1.3307332505391876,3.785479043045469,0.6062965439849854,-0.6062965439849854,0.8702083830905184,0.6783695565639679,0.9527155225950845,0.9247093400329974,0.9421038607187324,7.043221353135278,6.472370423606751,0.8774273886005434,0.8510501649101825,1.1701430231825682,0.7196801889565996,0.6676607479457383,1.0257121744724316,11.181425435341414,0.0575665779913308,8.058744065321717,0.10274573279217591,,,5,6
ihdp_disconnected_sweep,IPWTransport,16,1869307404,FEASIBLE,0.417896032333374,200,0,6,1.211226077559828,4.339092615557188,0.05268297147326617,-0.05268297147326617,0.8941843802245045,0.7165830745959716,0.9675204808456197,0.9672414983549042,0.9795469592826908,7.152671231519137,6.770068166732225,0.8950930481200792,0.7827834868532122,0.9952055396455727,0.7415869468110545,0.45287260364036086,1.5043328760401984,11.189108480519355,0.04988353281338931,8.116785763666936,0.0447040344469567,,,5,6
ihdp_disconnected_sweep,EntropyBalancing,16,1869307404,FEASIBLE,0.9081709384918213,200,0,6,1.5004687332081093,4.251501173963224,0.14027441306723087,-0.14027441306723087,0.8511911870074038,0.6608550274659661,0.9680454960016486,0.9846736735456009,0.9612811326718843,7.156552555870387,6.892082177231319,0.8607225591002088,0.663532494774836,1.5707664065324909,0.6988094400196357,0.8566690742398612,1.782076235163295,11.152464647298961,0.08652736603378308,8.14057465879569,0.02091513931820188,,,5,6
ihdp_disconnected_sweep,OutcomeModelTransport,16,1869307404,FEASIBLE,0.013843297958374023,200,0,6,1.176024028406332,3.8077816864966754,0.5839939005337791,-0.5839939005337791,0.9343443993312636,0.7740625746357775,0.9763264643341439,0.969742657531366,0.9899829108537147,7.2177719771990105,6.787574671725335,0.9344512409361713,0.8274710856067006,1.2409463411517352,0.8107243409409369,0.7846109765878637,1.026146142871569,11.234286460627887,0.004705552704857396,8.120198981621568,0.04129081649232447,,,5,6
ihdp_disconnected_sweep,AnchorPlugin,16,1869307404,FEASIBLE,1.8369107246398926,200,0,6,0.8904352669239403,4.400920924520357,0.009145337489902872,0.009145337489902872,0.9357594936708861,0.7840936231191784,0.9767027355690948,0.9875826940047349,0.9870358516804401,7.220553669670398,6.912443448785788,0.9374496799445944,0.8898716560590266,0.4755207957426991,0.8420713616228696,0.22052683101600107,0.9967527992089265,11.228263960721216,0.010728052611527872,8.144544466457253,0.016945331656639695,,,5,6
ihdp_disconnected_sweep,Glmtrans_OptionB,16,1869307404,FEASIBLE,10.483586549758911,200,0,6,0.8570006909000732,4.060933143267288,0.3308424437631663,-0.3308424437631663,0.9695157630761881,0.8570177533635858,0.9907221857239451,0.99082529985914,0.9981969129291067,7.3241964553163115,6.935139603478804,0.9712925972438462,0.9012285297324988,0.7319467809817009,0.8758504731533232,0.530113111154589,0.9330557799732078,11.220770319004156,0.018221694328588,8.148969502906835,0.01252029520705733,,,5,6
ihdp_disconnected_sweep,ProxyOnly,19,1718381801,FEASIBLE,1.7636430263519287,200,0,6,2.2960934981463303,1.3863072598261053,1.8194270053546904,-1.8194270053546904,0.8441803067302334,0.6514654679781718,0.8603485032223491,0.9211521789595256,0.963533499807769,4.142874909760726,4.174320319204359,0.8399673609955638,0.39551931363483095,2.6574229692873903,0.6571911754733346,1.9466645954986226,3.8384750064415094,7.863232196791333,0.6551355494668263,6.128987015526481,0.06990830333513642,,,2,6
ihdp_disconnected_sweep,IPWTransport,19,1718381801,FEASIBLE,0.15557074546813965,200,0,6,1.077120302767629,2.5515753501175737,0.6541589150632219,-0.6541589150632219,0.7826807645057364,0.5848058537462004,0.9300867396731267,0.958809730581877,0.9691957803795348,4.478688581732931,4.344970388214916,0.7831981445343847,0.5918650873262133,1.695545897764042,0.5701657707431944,0.7378057733169173,1.4895628541816879,8.506139511189057,0.012228235069102311,6.162375072506807,0.03652024635481066,,,2,6
ihdp_disconnected_sweep,EntropyBalancing,19,1718381801,FEASIBLE,0.4073305130004883,200,0,6,1.5952236179031891,3.5581116364126246,0.352377371231829,0.352377371231829,-0.3812807229478068,-0.24748704395012897,0.6593681744241203,0.6724997137875777,0.696229448610161,3.175085277518574,3.0475194913976833,0.0,-0.40640718501572265,4.651776399306935,0.11999951579997747,1.2335391340825885,1.865989531821321,8.518006435645555,0.0003613106126039156,5.908525983999088,0.2903693348625298,,,2,6
ihdp_disconnected_sweep,OutcomeModelTransport,19,1718381801,FEASIBLE,0.015085697174072266,200,0,6,0.6572786970899677,2.9367198214089845,0.26901444377181116,-0.26901444377181116,0.8519088466184842,0.666067097762318,0.949208318156075,0.9823730333090656,0.9643102486335804,4.57076558010664,4.451750544206914,0.8574482730005554,0.8036323740249763,0.8456911432556881,0.6973684358332694,0.33322874132957864,0.4817318992218529,8.518006435645555,0.0003613106126039156,6.1832668421574155,0.015628476704201866,,,2,6
ihdp_disconnected_sweep,AnchorPlugin,19,1718381801,FEASIBLE,1.4871926307678223,200,0,6,0.6380093577265196,2.719049010780063,0.4866852544007325,-0.4866852544007325,0.9344569587779249,0.7797058686911075,0.9686911129556284,0.9901305708556424,0.9856523239044863,4.664581959683959,4.486904829619606,0.9391816061074666,0.9008821166211496,0.7561916371526092,0.847340596172527,0.4866852544007325,0.6899580710750244,8.518006435645555,0.0003613106126039156,6.190144854520767,0.00875046434085025,,,2,6
ihdp_disconnected_sweep,Glmtrans_OptionB,19,1718381801,FEASIBLE,10.313385725021362,200,0,6,1.190629322934375,4.013673137074803,0.8079388718940073,0.8079388718940073,0.5340919598756404,0.4120230730222687,0.797160977185129,0.8372135065169015,0.8973791978440394,3.838605168779033,3.7939413612562167,0.581124043920973,0.9199209815715406,-0.48652786678438265,0.26991389114624387,0.8079388718940074,1.5787224054836861,8.518006435645555,0.0003613106126039156,6.054565045493148,0.14433027336846926,,,2,6
ihdp_disconnected_sweep,ProxyOnly,17,816909722,FEASIBLE,1.9280953407287598,200,0,6,1.6373084602826755,4.425596155169096,0.1765482976313777,-0.1765482976313777,0.8695570604934107,0.6906449021592358,0.9732568205812295,0.955315286813074,0.9643286120599107,7.345316029013391,6.858354598793485,0.8927380387134063,0.6489448860668224,1.7301764601064957,0.7770921502319523,0.9788788055794795,1.9860670491835175,11.129970211120375,0.043839200102359754,7.81815070272727,0.06334235772191388,,,23,6
ihdp_disconnected_sweep,IPWTransport,17,816909722,FEASIBLE,0.2696373462677002,200,0,6,1.4253214612067302,5.290706650535009,0.6885621977345355,0.6885621977345355,0.9086815695676123,0.7460665193522719,0.9926907864088702,0.9719909268772035,0.9656393224177641,7.491987100494625,6.978071570038838,0.9191965018363275,0.8232187360400632,0.24673561118828954,0.7708546697511667,0.688562197734534,2.368815601566949,11.114038200663666,0.05977121055906842,7.841789085584632,0.039703974864552016,,,23,6
ihdp_disconnected_sweep,EntropyBalancing,17,816909722,FEASIBLE,0.2914698123931885,200,0,6,2.0713084406686577,5.763642486171574,1.1614980333711005,1.1614980333711005,0.7752569616991812,0.5806190957553617,0.97654418902615,0.9326726317452951,0.9221131074614368,7.370126294527202,6.695799513936582,0.7940764532846318,0.7259221112594819,0.41818893069395524,0.5832630624570547,1.1614980333710987,2.4546199255964405,11.066097750670432,0.10771166055230275,7.786053838838327,0.0954392216108575,,,23,6
ihdp_disconnected_sweep,OutcomeModelTransport,17,816909722,FEASIBLE,0.007502079010009766,200,0,6,1.7487639299840287,5.863433031018757,1.2612885782182834,1.2612885782182834,0.922602222778415,0.7633959925748731,0.9926907864088704,0.9843907982305935,0.979448100074014,7.491987100494626,7.0670921435551195,0.9275194829492324,0.8388035828316878,-0.3161241813117244,0.7794033230398987,1.261288578218282,2.8598063001683336,11.073894295312117,0.0999151159106173,7.859366396278928,0.022126664170255772,,,23,6
ihdp_disconnected_sweep,AnchorPlugin,17,816909722,FEASIBLE,1.4543547630310059,200,0,6,0.9965463822569197,4.781180127942347,0.1790356751418738,0.1790356751418738,0.9522607496904479,0.8183271529785903,0.9951650685258465,0.9770823882328578,0.9838499059192727,7.510660880847146,7.014623950059492,0.960257526546519,0.8489534911694394,0.5431448912738696,0.8640148353133008,0.475915073696234,1.5049479249620514,11.135544806480919,0.03826460474181559,7.849006434505908,0.03248662594327634,,,23,6
ihdp_disconnected_sweep,Glmtrans_OptionB,17,816909722,FEASIBLE,10.121148109436035,200,0,6,1.3186846904493768,5.394178946970136,0.7920344941696627,0.7920344941696627,0.944880229609871,0.8001802517737909,0.987641354743994,0.9875124375108355,0.9889133255167781,7.453878278073762,7.089502869531088,0.9493157179899445,0.9075107386670732,-0.293130867866771,0.81958806364216,0.792034494169662,2.114421133663395,11.073894295312117,0.0999151159106173,7.863791444083102,0.017701616366082362,,,23,6
ihdp_disconnected_sweep,ProxyOnly,18,1423775621,FEASIBLE,2.4615325927734375,200,0,6,0.8842454955002733,4.955375225445653,0.2416343726425927,0.2416343726425927,0.5979713242303297,0.4265003732884972,0.9773868238349606,0.9748550918848201,0.9723614131240336,5.057979217675496,5.018482277861629,0.66439873432742,0.2735409556058763,3.3582427782489717,0.3629929372246814,0.6389542232265525,1.430232159505687,6.989037398457258,0.0,3.2520481299359907,0.025193825259338887,,,22,6
ihdp_disconnected_sweep,IPWTransport,18,1423775621,FEASIBLE,0.2079319953918457,200,0,6,1.8343989689308393,6.061695086467749,1.3479542336646881,1.3479542336646881,0.8027403437537067,0.6155910017701479,0.9969870039926595,0.9869890011772752,0.9868846216592436,5.159410198207189,5.080946750019878,0.8405797862975295,0.23909779207263235,3.2644029414111,0.6399172773737051,1.5006105328965509,3.5492551505027032,6.989037398457258,0.0,3.264205644651355,0.013036310543974583,,,22,6
ihdp_disconnected_sweep,EntropyBalancing,18,1423775621,FEASIBLE,0.09110498428344727,200,0,6,2.3658588635737416,6.5601446755373685,1.8464038227343078,1.8464038227343078,0.7881334217210498,0.6079472997526029,0.9880987141752355,0.9805107517689098,0.9833557476518887,5.113413276537209,5.047597198770583,0.8206164923528536,0.19875602419132174,3.4098725789733857,0.5684295144235003,1.9385285255214348,4.430193240902473,6.989037398457258,0.0,3.2577147923947805,0.019527162800549114,,,22,6
ihdp_disconnected_sweep,OutcomeModelTransport,18,1423775621,FEASIBLE,0.013614654541015625,200,0,6,1.1275728557959839,5.307267426775297,0.5935265739722366,0.5935265739722366,0.83175463970382,0.6552654550993104,0.9965808843696852,0.9905508813958529,0.987797095961976,5.15730852815926,5.099283047282518,0.8646326309302346,0.29986828723098946,3.1222596596591305,0.6878435686918479,0.8824899087140505,2.304997481095068,6.989037398457258,0.0,3.267774454185694,0.009467501009635448,,,22,6
ihdp_disconnected_sweep,AnchorPlugin,18,1423775621,FEASIBLE,1.7967736721038818,200,0,6,0.5136614692943043,4.75966545929335,0.0459246064902894,0.0459246064902894,0.7252975343182723,0.5417018822672122,0.9897679763010125,0.9855223910011989,0.9822340178778349,5.122051712144418,5.073396748754623,0.7941285208061031,0.472978828494854,2.462519859839069,0.6484378678532055,0.36355143787355537,0.9529721706664365,6.989037398457258,0.0,3.262736181317849,0.014505773877480532,,,22,6
ihdp_disconnected_sweep,Glmtrans_OptionB,18,1423775621,FEASIBLE,10.696956872940063,200,0,6,0.6603053702169004,4.939860083588288,0.2261192307852271,0.2261192307852271,0.9579043846811894,0.835112316415001,0.9989428620350078,0.9995013189849514,0.9989466541603923,5.169531768387668,5.14535924136912,0.9662570994245714,0.42530139844469095,2.612811451131856,0.848470263743451,0.5069366251636713,1.4250000299914376,6.989037398457258,0.0,3.2767423040414756,0.000499651153853975,,,22,6
ihdp_disconnected_sweep,ProxyOnly,21,248753155,FEASIBLE,2.1708779335021973,200,0,6,1.3126731491039836,3.9084490755613754,0.019166279001051834,0.019166279001051834,0.7705611635561942,0.5738489098583268,0.9732569507021217,0.9730054129285308,0.979210671535383,4.487111988672391,4.460307559918152,0.831776320755749,0.3589673660088529,2.4862771267263235,0.6709399513839518,1.068691037446598,2.239788073537249,6.420044925214422,0.03205811879178544,3.4450213506763703,0.02459982913388048,,,6,6
ihdp_disconnected_sweep,IPWTransport,21,248753155,FEASIBLE,0.21927547454833984,200,0,6,1.793699597161104,4.385109959656968,0.49582716309664443,0.49582716309664443,0.28822062206105875,0.19425274881943871,0.9687763169823912,0.9226298053873032,0.9012638583568152,4.466454437481877,4.229383147611608,0.3446471934691422,0.1431121984582616,3.2617200697525974,0.09348909402675676,1.2569182343413086,3.0682855346578597,6.429465424325843,0.022637619680364374,3.399114690398563,0.07050648941168758,,,6,6
ihdp_disconnected_sweep,EntropyBalancing,21,248753155,FEASIBLE,0.07473993301391602,200,0,6,2.090999619371861,4.100988683766722,0.21170588720639882,0.21170588720639882,0.12220446289048367,0.07959981060646171,0.935652310069363,0.9045027595343988,0.8776536838901013,4.3137392388643985,4.146287824006629,0.13867335794841823,0.05418411844417716,3.6670743399808825,0.017126204434532832,1.526040652622509,3.490493158043771,6.378966063916376,0.07313698008983138,3.3825957405252853,0.08702543928496542,,,6,6
ihdp_disconnected_sweep,OutcomeModelTransport,21,248753155,FEASIBLE,0.01359415054321289,200,0,6,1.0662476464303,4.340594170324632,0.4513113737643084,0.4513113737643084,0.7135180726540284,0.5294482815567408,0.9856247366977249,0.9723995768694134,0.9635630750504706,4.544132532706698,4.457530375825805,0.7657360061088384,0.4363755169834992,1.9951537714693517,0.5047057506031942,0.7468004965129571,1.8931798851335415,6.447616499783086,0.004486544223121669,3.444469259862832,0.025151919947418833,,,6,6
ihdp_disconnected_sweep,AnchorPlugin,21,248753155,FEASIBLE,2.396559238433838,200,0,6,0.8024297014158075,3.898699329481547,0.009416532921223464,0.009416532921223464,0.8261495487345688,0.6416182898975895,0.9769858819782063,0.9829414261459849,0.9812220930955573,4.504303884627292,4.505854762719286,0.8549255007008345,0.5162818076139433,1.8764552593923252,0.6338536510430737,0.574412573088236,1.1703957229887418,6.447616499783086,0.004486544223121669,3.454075915088644,0.015545264721606777,,,6,6
ihdp_disconnected_sweep,Glmtrans_OptionB,21,248753155,FEASIBLE,11.911038875579834,200,0,6,0.6955668104600449,4.174523218209393,0.2852404216490698,0.2852404216490698,0.7570807186181712,0.5828951212386796,0.9944237224117463,0.9777170275133371,0.9656246219189141,4.584699450062962,4.481905846908952,0.8077076038115304,0.6809152430028744,1.046786305012136,0.5424033181616161,0.3637018353502704,1.0732912813582223,6.447616499783086,0.004486544223121669,3.4493149860420114,0.02030619376823939,,,6,6
ihdp_disconnected_sweep,ProxyOnly,20,1459716205,FEASIBLE,2.5941264629364014,200,0,6,1.1684345013062123,4.77190253679758,0.6986585597681696,0.6986585597681696,0.5142205232102917,0.35156173192629997,0.9188395015700543,0.9465502588385635,0.9550641217620682,4.234915870789568,4.347727242050205,0.6427500389592204,0.32633757145870473,2.5159928919332537,0.38286332115885047,0.9701147830165756,1.7589865042691484,6.35145783722621,0.006946007015638855,3.1547053156224814,0.04910143831416702,,,6,6
ihdp_disconnected_sweep,IPWTransport,20,1459716205,FEASIBLE,0.08967113494873047,200,0,6,1.4477546543167088,4.347566248164449,0.2743222711350386,0.2743222711350386,0.38108102510302017,0.25986139975718286,0.9698438034670089,0.9309973359650098,0.9387963275784673,4.469993843833686,4.2762890211639455,0.42723520910597335,0.15251768046105826,3.4101632572085827,0.13993108820107847,1.0868716183165017,2.36249956782237,6.334291784696068,0.024112059545781328,3.1404176714452285,0.06338908249141983,,,6,6
ihdp_disconnected_sweep,EntropyBalancing,20,1459716205,FEASIBLE,0.08171939849853516,200,0,6,1.3891854134519408,4.595332396257012,0.5220884192276021,0.5220884192276021,0.3774636880833045,0.2543436147269495,0.954745255663333,0.9396159276376277,0.948373619192317,4.40040488992998,4.315876233203934,0.4130136306567247,0.15741939057662727,3.349849551713598,0.11749957287491997,0.9929227987734606,2.335307106916111,6.358403844241849,0.0,3.1483351138532263,0.05547164008342209,,,6,6
ihdp_disconnected_sweep,OutcomeModelTransport,20,1459716205,FEASIBLE,0.014387130737304688,200,0,6,1.0143722287121981,4.422816838206503,0.3495728611770934,0.3495728611770934,0.5734257278765272,0.4068709580626872,0.9713382161482951,0.9689606645196873,0.9643210108132796,4.476881566848069,4.45066348909616,0.6293191173665482,0.31282285542811045,2.689685784666125,0.34626707799886614,0.6864131782295999,1.9644796273822367,6.358403844241849,0.0,3.1752925650316715,0.028514188904976923,,,6,6
ihdp_disconnected_sweep,AnchorPlugin,20,1459716205,FEASIBLE,2.3458657264709473,200,0,6,0.6110706001960771,4.290945552065209,0.21770157503579934,0.21770157503579934,0.6861890162162881,0.5097382361263243,0.9683475873740452,0.9700426801135946,0.9766702178281599,4.463097808925092,4.45563344037981,0.8072217310539173,0.5369252723868483,1.7693268676896636,0.6409785216731736,0.42541373474724375,1.08688362268075,6.358403844241849,0.0,3.1762865552884016,0.02752019864824673,,,6,6
ihdp_disconnected_sweep,Glmtrans_OptionB,20,1459716205,FEASIBLE,12.555716514587402,200,0,6,0.7250490918494269,4.360048979234201,0.2868050022047912,0.2868050022047912,0.6597156175260381,0.47571189510655165,0.9798844238996428,0.978149492461336,0.9710897484122387,4.516270895212167,4.492869930002359,0.7061419895567753,0.46497740116162617,2.0459197337276893,0.42239441470343664,0.43136534069056726,1.2672992894291566,6.358403844241849,0.0,3.1837338532129116,0.020072900723736797,,,6,6
ihdp_disconnected_sweep,ProxyOnly,22,2031936950,FEASIBLE,1.567342758178711,200,0,6,0.8677688636959895,3.7116003541242035,0.08341045875423969,-0.08341045875423969,0.7866737911490954,0.5931149082545335,0.9638567350982131,0.9734985238576891,0.9690444805080473,4.4522411126020405,4.454650453518418,0.8467792115675306,0.5317438871753565,1.8213900129350102,0.7576027680670027,0.5515092235039424,1.620340502525209,6.597201274942167,0.02148288390840669,3.691081266333041,0.02387672111784722,,,1,6
ihdp_disconnected_sweep,IPWTransport,22,2031936950,FEASIBLE,0.21831798553466797,200,0,6,1.3097196154784942,4.264774965075943,0.46976415219749956,0.46976415219749956,0.32065941037195533,0.21270589497052153,0.9288191687650695,0.8992058291886385,0.9047795368418264,4.290395801329668,4.114693095710476,0.40412901328104794,0.29639484923092696,2.5309534801009286,0.14295222090218562,0.8271708268905287,1.9461454194263936,6.609010642767443,0.009673516083130274,3.6241466570237053,0.09081133042718292,,,1,6
ihdp_disconnected_sweep,EntropyBalancing,22,2031936950,FEASIBLE,0.393688440322876,200,0,6,1.499034595070739,3.999877828948103,0.20486701606965996,0.20486701606965996,0.2258109369508925,0.1472078778600474,0.9163739214228053,0.8909890421467214,0.9094918521208185,4.232908791221175,4.077093743245417,0.3069555321216084,0.1987233292583528,3.000141774083205,0.095221923854657,1.0379924363370612,2.331584686095538,6.618684158850574,0.0,3.616743675709342,0.09821431174154638,,,1,6
ihdp_disconnected_sweep,OutcomeModelTransport,22,2031936950,FEASIBLE,0.016015052795410156,200,0,6,0.6983872724281928,3.9718702284372114,0.17685941555876816,0.17685941555876816,0.7285169446978217,0.5331473528537187,0.9799619156449014,0.9826578362973043,0.9744261529531444,4.526634063696103,4.496562725918549,0.7746036927893039,1.0074335278869546,-0.2063844236652189,0.4922741279179821,0.2177769960972891,0.48576264574071004,6.609010642767443,0.009673516083130274,3.6993334235931714,0.015624563857716822,,,1,6
ihdp_disconnected_sweep,AnchorPlugin,22,2031936950,FEASIBLE,2.6976633071899414,200,0,6,0.4419217420680583,3.666790883745496,0.1282199291329471,-0.1282199291329471,0.890357938231893,0.7241109424754818,0.974446113397106,0.9812969744686743,0.9817914268086808,4.501155503820589,4.490335532334258,0.9443836576320618,0.780601036381228,0.9327100488334703,0.8697582966008673,0.28586862908865723,0.5769943271200315,6.618684158850574,0.0,3.6981073440273513,0.016850643423536926,,,1,6
ihdp_disconnected_sweep,Glmtrans_OptionB,22,2031936950,FEASIBLE,11.30362343788147,200,0,6,0.6315712194170896,3.893308919590745,0.09829810671230188,0.09829810671230188,0.8813212363491879,0.7118265554041342,0.9894408950081145,0.9911826357658521,0.9893006495710601,4.570419306968905,4.535571518318394,0.8826374968422446,1.5051190517146245,-2.0648826162080693,0.6390201854616913,0.1888881874507094,0.9332352446466752,6.609010642767443,0.009673516083130274,3.7070139112159377,0.007944076234950526,,,1,6
ihdp_disconnected_sweep,ProxyOnly,23,1234639985,FEASIBLE,2.71264386177063,200,0,6,5.096183961030205,0.01816311374456592,4.502858806141218,-4.502858806141218,0.9203992850449253,0.7699979714544886,0.9787777872556503,0.9351653647582814,0.9277920212443709,10.868156646226709,9.59507227104326,0.9434853071295002,0.7418386789207846,4.507547819580428,0.9023897301836663,4.502858806141217,8.368534339069866,21.802341792088985,0.4671363052845763,18.889179708954213,0.13216340400012072,,,36,6
ihdp_disconnected_sweep,IPWTransport,23,1234639985,FEASIBLE,0.34589147567749023,200,0,6,4.777885829812606,7.596295094043682,3.075273174157898,3.075273174157898,0.7659479738628293,0.5745922398487742,0.8875498406083201,0.8724034306577857,0.9112052741074677,9.855179413205553,8.95111632885504,0.7882792259115888,0.7725443360890383,-1.3474528302786115,0.5630888138457385,3.0752731741578962,5.172447106962738,21.710084748537778,0.5593933488357834,18.7612414422943,0.26010167066003476,,,36,6
ihdp_disconnected_sweep,EntropyBalancing,23,1234639985,FEASIBLE,0.4653005599975586,200,0,6,5.139847192285699,7.643646999419767,3.122625079533983,3.122625079533983,0.7376665604499841,0.5490350869412147,0.8786530463939624,0.9127588946159547,0.9192429625016854,9.756391154593766,9.36517528334829,0.7475278238703696,0.6831673501932172,-0.7008681465201544,0.5026400795688569,3.171158981549994,5.2468048562207645,21.66764682817842,0.6018312691951415,18.843504810736665,0.17783830221766905,,,36,6
ihdp_disconnected_sweep,OutcomeModelTransport,23,1234639985,FEASIBLE,0.03921389579772949,200,0,6,4.999101558526164,6.993036515706137,2.4720145958203537,2.4720145958203537,0.7085710802186108,0.5341267477451385,0.8864712158624156,0.8520574786311252,0.903484370506158,9.843202575506922,8.74236086433947,0.7225970057357874,0.6378245364314905,0.06069164600703402,0.4636309886287677,3.141920240664733,5.310943430648997,21.599901741008622,0.6695763563649386,18.719766846695176,0.3015762662591577,,,36,6
ihdp_disconnected_sweep,AnchorPlugin,23,1234639985,FEASIBLE,2.4939253330230713,200,0,6,1.201459353041163,4.225012519976993,0.29600939990879116,-0.29600939990879116,0.9782991338188193,0.8864250013667034,0.9838523094995768,0.9956131123656048,0.9833566022811376,10.92450314629021,10.215283977733197,0.9854526848841251,0.9451991348423014,0.5275437413056394,0.9539516517483778,0.527276342845964,1.0459501203389792,22.23705982261731,0.03241827475624959,19.012400577833006,0.008942535121327921,,,36,6
ihdp_disconnected_sweep,Glmtrans_OptionB,23,1234639985,FEASIBLE,9.073294401168823,200,0,6,4.912202996753279,7.038025755708207,2.5170038358224236,2.5170038358224236,0.7136332858738687,0.5513423299120361,0.8944464136754421,0.8735060552768557,0.9153190031331208,9.931757608370553,8.9624295824319,0.7250644860975877,0.672542783254357,-0.21235151047406223,0.4634524212970932,2.9181086974320074,4.821926856026824,21.599901741008622,0.6695763563649386,18.763489108567846,0.25785400438648765,,,36,6
ihdp_disconnected_sweep,ProxyOnly,25,151930783,FEASIBLE,2.075549364089966,200,0,6,14.271687665754053,2.9027299588612516,4.323381630389264,-4.323381630389264,0.9396980498862011,0.8017206613792177,0.9846286944257683,0.9671055252237342,0.9658890747795329,48.3653707930043,43.69306952904646,0.9525698874801392,0.8184160746586155,4.850470730525331,0.9169480139637489,6.920625462701507,21.84924529753971,71.25181778845503,1.4118187418884673,62.262690878078615,0.29207505136187706,,,34,6
ihdp_disconnected_sweep,IPWTransport,25,151930783,FEASIBLE,0.1701052188873291,200,0,6,25.48858559480163,24.742881676941185,17.51677008769067,17.51677008769067,0.9609281929810739,0.8362683156338218,0.9965049085397123,0.9982551043647304,0.9847927090243682,48.948735367376166,45.100383096915095,0.9689409411568182,0.953780113701245,-16.37315690987891,0.7642254928077403,17.51677008769067,44.85501201932185,71.92443381822912,0.7392027121143769,62.539272735347595,0.015493194092897511,,,34,6
ihdp_disconnected_sweep,EntropyBalancing,25,151930783,FEASIBLE,0.5279514789581299,200,0,6,24.860792227339864,23.888321384336788,16.662209795086273,16.662209795086273,0.9567215652826901,0.8294125554510015,0.9965049085397123,0.9864242266690756,0.9734295297643951,48.948735367376166,44.56587331668578,0.9660689062950214,1.0853212141915756,-18.700390380596474,0.7688462080452428,16.662209795086277,50.05818897236078,71.49668703914554,1.166949491197954,62.434224570447036,0.12054135899345653,,,34,6
ihdp_disconnected_sweep,OutcomeModelTransport,25,151930783,FEASIBLE,0.019800186157226562,200,0,6,23.571313369800816,21.372459368146973,14.146347778896459,14.146347778896459,0.9605805377993891,0.8330420755477888,0.9965049085397123,0.9982551043647304,0.9885948321065762,48.948735367376166,45.100383096915095,0.9673341451851143,0.8879391568927114,-11.751331962825637,0.765858093005552,14.146347778896454,43.32170547183042,72.108708627563,0.5549279027804914,62.539272735347595,0.015493194092897511,,,34,6
ihdp_disconnected_sweep,AnchorPlugin,25,151930783,FEASIBLE,2.044536590576172,200,0,6,11.322159310872053,7.340829566234938,0.11471797698442288,0.11471797698442288,0.9747092443830512,0.8665143164403818,0.9774989399354259,0.977431216765598,0.9870953463845463,48.01515428850806,44.15957617874197,0.9806597835486479,0.9882785979318333,-0.028673162124699437,0.911305439550142,5.157204454082934,12.374025760462281,72.34411940222861,0.31951712811488164,62.354374265880054,0.20039166356043836,,,34,6
ihdp_disconnected_sweep,Glmtrans_OptionB,25,151930783,FEASIBLE,8.899738311767578,200,0,6,23.33496932283174,21.031469560671045,13.80535797142053,13.80535797142053,0.9602537419286057,0.8329076488775374,0.9965049085397123,0.9982551043647304,0.9885948321065762,48.948735367376166,45.100383096915095,0.967375227634852,0.8929034604583159,-11.5529603599964,0.7657536432273904,13.80535797142053,42.672162136520484,72.07162606816894,0.5920104621745566,62.539272735347595,0.015493194092897511,,,34,6
ihdp_disconnected_sweep,ProxyOnly,24,839434231,FEASIBLE,2.171665668487549,200,0,6,1.0213531595724101,4.325053207815609,0.248598803292305,0.248598803292305,0.5538303845466962,0.41902114023127035,0.8394052462550877,0.9004507978320345,0.9265427965690372,4.359965004608059,4.459868528239229,0.5407287667447351,0.298866883189918,2.783839232672895,0.24356327772379627,0.6111806665025051,1.9713865435692322,8.120560461051191,0.0,4.923944065500251,0.09727035840395803,,,32,6
ihdp_disconnected_sweep,IPWTransport,24,839434231,FEASIBLE,0.2624328136444092,200,0,6,1.8435047695762599,5.413368343555184,1.3369139390318798,1.3369139390318798,0.5249685789339298,0.391187978431666,0.9396065118846072,0.9351502604338605,0.9245701953968325,4.880421617800799,4.631732489687532,0.53893302213057,0.2501671044352349,2.722207720774739,0.3059432303873343,1.4961398308299207,3.2174030478632822,8.120560461051191,0.0,4.957849200751959,0.06336522315225057,,,32,6
ihdp_disconnected_sweep,EntropyBalancing,24,839434231,FEASIBLE,0.6365292072296143,200,0,6,1.3934181638276353,4.453095581340595,0.3766411768172908,0.3766411768172908,0.12159396748058122,0.0919306986446787,0.8173055030708143,0.8395105430115214,0.8580077397734429,4.245176459594633,4.158035795977513,0.13353396531289258,0.09798001359011348,3.6401400389454768,0.03397590077598678,1.052256001548181,2.399651714869684,8.120560461051191,0.0,4.864398832605083,0.15681559129912603,,,32,6
ihdp_disconnected_sweep,OutcomeModelTransport,24,839434231,FEASIBLE,0.0417485237121582,200,0,6,1.2967013744284364,4.971168978607152,0.8947145740838485,0.8947145740838485,0.7055847657448712,0.5470130521564585,0.9491582060721115,0.9650987599397713,0.9675005903197794,4.930034188818233,4.780065270041528,0.7256285120754107,0.37448907384180413,2.214805937813604,0.49292309335935447,1.0117774852080128,2.3332605857670607,8.120560461051191,0.0,4.987112130209549,0.034102293694660446,,,32,6
ihdp_disconnected_sweep,AnchorPlugin,24,839434231,FEASIBLE,2.2376081943511963,200,0,6,0.5580504854741282,4.3066013257303295,0.23014692120702573,0.23014692120702573,0.7740493088952191,0.6022730522257459,0.906545551943826,0.9490557833311581,0.9636838965458341,4.708699283441275,4.7006055520332835,0.8148206983878863,0.6630202784940747,1.2210903941746267,0.6037021762586856,0.3085025892746824,0.8725193552800512,8.120560461051191,0.0,4.97143640352765,0.049778020376558985,,,32,6
ihdp_disconnected_sweep,Glmtrans_OptionB,24,839434231,FEASIBLE,8.970131158828735,200,0,6,0.5626709631364509,4.064701242384924,0.011753162138379736,-0.011753162138379736,0.4933022457253957,0.3819619156664781,0.902130008298818,0.9418636294895513,0.9634919456100067,4.6857644544603465,4.664983327425714,0.5884903798589102,0.8172515029068295,0.7545712053169661,0.34085183947657205,0.1991952856009339,0.48114550189566696,8.120560461051191,0.0,4.964408889829558,0.05680553407465094,,,32,6
ihdp_disconnected_sweep,ProxyOnly,26,884385777,FEASIBLE,2.1638824939727783,200,0,6,14.669299894934767,33.11312142840822,9.296668001425811,9.296668001425811,0.8398867219756042,0.6603802166174354,0.9094876784767106,0.9164443747284852,0.9288331154448071,49.88772701059739,47.29500127252433,0.9057708014998006,0.9099081755886673,-6.313446479986534,0.9006474583203308,9.296668001425813,14.11654944241965,69.66275425005564,0.6834836583078499,49.841425778962595,0.8465394449955781,,,28,6
ihdp_disconnected_sweep,IPWTransport,26,884385777,FEASIBLE,0.43650150299072266,200,0,6,29.765668022763162,3.256170351429167,20.560283075553244,-20.560283075553244,0.916931296102327,0.7544497462697871,0.9925608624023935,0.9863940609785018,0.9784697588951548,54.44450377587133,50.90489903766404,0.931851930174118,0.7714119320421499,21.304604765128083,0.6695627476533923,23.20576491917534,38.583294025622386,64.28881515187025,6.057422756493239,50.5501173647569,0.13784785920127263,,,28,6
ihdp_disconnected_sweep,EntropyBalancing,26,884385777,FEASIBLE,0.628429651260376,200,0,6,35.65915129409612,-4.285285254332674,28.101738681315084,-28.101738681315084,0.8960020172798866,0.7270317352116942,0.9936161214495665,0.9832429646867198,0.9773481395718583,54.50238743555873,50.74228021731956,0.9106887084394776,0.8184560450018569,27.32377104794831,0.6259412540020528,28.171383927522534,40.17146708258964,60.47001335794978,9.87622455041371,50.5181921975727,0.16977302638547087,,,28,6
ihdp_disconnected_sweep,OutcomeModelTransport,26,884385777,FEASIBLE,0.025461912155151367,200,0,6,24.68343444833158,10.895145431612502,12.921307995369908,-12.921307995369908,0.9796360029039963,0.8871468605619933,0.9961572831344883,0.9951800846550699,0.9982260943714736,54.64177665811477,51.3583199025003,0.9865173476523511,0.7505305931543799,15.639313463691048,0.7064268319399544,18.497227718288794,32.09978603445498,66.49555064231897,3.850687266044517,50.63913250386586,0.048832720092313764,,,28,6
ihdp_disconnected_sweep,AnchorPlugin,26,884385777,FEASIBLE,1.5169460773468018,200,0,6,13.73782974948087,24.14893098869849,0.3324775617160789,0.3324775617160789,0.928001396578383,0.7721729909868968,0.9677102870873421,0.9685053036657899,0.9807105404289516,53.08138611445342,49.98171283760771,0.9486067059965352,0.9781146792961055,0.19602953762781236,0.8419488114361788,4.12183616352361,11.931922604809387,69.93145848638085,0.4147794219826437,50.36887835615688,0.31908686780129614,,,28,6
ihdp_disconnected_sweep,Glmtrans_OptionB,26,884385777,FEASIBLE,9.227150917053223,200,0,6,24.07587955623515,11.762390740000836,12.054062686981574,-12.054062686981574,0.978951568656791,0.8850261304249034,0.9969974758362383,0.9959501995114772,0.9982260943714736,54.68786337829047,51.398063267311244,0.9859496291936691,0.7584234075753853,14.895580960717817,0.7067778734909181,17.661575784043038,30.080199343556583,66.93528695800764,3.410950950355854,50.646934882233644,0.041030341724528796,,,28,6
ihdp_disconnected_sweep,ProxyOnly,27,1105653060,FEASIBLE,1.878401756286621,200,0,6,1.0318156530524716,4.410628018710816,0.0704580779851689,0.0704580779851689,0.7034069030308698,0.5295389600062145,0.919229506503835,0.9340041949502149,0.9279309431380603,5.64959578278476,5.6180171699431485,0.7875847033555563,0.758961572967409,0.9926727618707581,0.7221521467404044,0.4907260951975797,1.2968745473147987,8.635581335392054,0.00734698646777332,5.366086029443939,0.07939269821666528,,,11,6
ihdp_disconnected_sweep,IPWTransport,27,1105653060,FEASIBLE,0.19399762153625488,200,0,6,1.3927243960769555,3.8371345587269112,0.5030353819987359,-0.5030353819987359,0.8619291678177816,0.6791837022892495,0.9875521901922233,0.9837137347935103,0.9771660847259793,6.0695078318469555,5.917019090769095,0.8873992089249013,0.6446863505714306,1.866421665408476,0.6345926572915002,0.8987120160155512,2.0155697685593266,8.607448028789424,0.035480293070403235,5.425886413609128,0.019592314051476656,,,11,6
ihdp_disconnected_sweep,EntropyBalancing,27,1105653060,FEASIBLE,0.15888404846191406,200,0,6,1.1218199026615732,3.764018003434293,0.5761519372913542,-0.5761519372913542,0.908395096044804,0.7485720464763551,0.9918771511303939,0.9887172526085547,0.9776818501299973,6.0960890946372785,5.947115153663689,0.9281162839785578,0.8368942722224278,1.1900848331093885,0.7207547668866001,0.7284855722609461,1.2760646619126312,8.602265666214757,0.04066265564506999,5.431905626188047,0.013573101472557525,,,11,6
ihdp_disconnected_sweep,OutcomeModelTransport,27,1105653060,FEASIBLE,0.025805950164794922,200,0,6,1.0950680735003082,3.8548185593315867,0.4853513813940604,-0.4853513813940604,0.9226111346444609,0.772258830636612,0.994381205294622,0.9907107457510302,0.9878065424645438,6.111479042137869,5.959105976363568,0.9394005867752316,0.7613957508596861,1.40512746931552,0.7552794878501885,0.7460941677661636,1.291712938023534,8.629665079748252,0.01326324211157548,5.434303790728023,0.01117493693258087,,,11,6
ihdp_disconnected_sweep,AnchorPlugin,27,1105653060,FEASIBLE,1.2736210823059082,200,0,6,0.6977982089132815,4.382626960828744,0.04245702010309671,0.04245702010309671,0.9003601030940186,0.74425269171772,0.9831337321920737,0.9757930822804766,0.9766276824393446,6.042351934970887,5.869376519080487,0.9273200566472815,0.8530157231603307,0.601720234392354,0.8651433354186184,0.3029862911655748,0.8175603403991802,8.641243985815679,0.0016843360441480826,5.416357899271406,0.02912082838919794,,,11,6
ihdp_disconnected_sweep,Glmtrans_OptionB,27,1105653060,FEASIBLE,7.750384092330933,200,0,6,0.935204265852576,3.962309265663672,0.3778606750619753,-0.3778606750619753,0.954188082925743,0.8256237620094262,0.9951953880487356,0.9957027841818731,0.9952305299529102,6.116483019296469,5.989132990984189,0.9657070857438476,0.8355310404398891,1.0295375574410668,0.7883581712524934,0.6665862660539817,1.1247060223610243,8.627678159762265,0.015250162097562026,5.440309193652147,0.005169534008457433,,,11,6
ihdp_disconnected_sweep,ProxyOnly,29,459394330,FEASIBLE,2.517026901245117,200,0,6,1.21235638334309,4.36999248462974,0.43820504423402173,-0.43820504423402173,0.9547854364571219,0.8160198140070138,0.9823095496289058,0.9898248715601239,0.9943788836040357,7.842302199533141,7.690690957839857,0.9611431830961782,0.7578492528206209,1.4964019895553864,0.910684474797676,0.6924098919272806,2.245955047805814,10.970346586266261,0.028742244321575683,7.5683587980561144,0.015477001251441358,,,31,6
ihdp_disconnected_sweep,IPWTransport,29,459394330,FEASIBLE,0.10354185104370117,200,0,6,1.924310478055298,4.8608473146992495,0.05264978583548796,0.05264978583548796,0.7749821250743424,0.5785933412553007,0.963967436278613,0.9741760551988254,0.959399169779176,7.695867304417413,7.56910358016461,0.7573748767163528,0.7480523587826005,1.1720292294209174,0.5325282760131821,0.678444607056694,1.754594827466974,10.8874224298965,0.11166640069133749,7.544555978087945,0.039279821219611044,,,31,6
ihdp_disconnected_sweep,EntropyBalancing,29,459394330,FEASIBLE,0.0595088005065918,200,0,6,2.16342995519851,5.381268218926841,0.5730706900630791,0.5730706900630791,0.721272472525566,0.5270327321892578,0.9602850411968726,0.967514903257815,0.9415011773288683,7.666468776163267,7.517348100510131,0.7123526660827891,0.7090229647940007,0.9927547819285205,0.4559148953494794,0.7735291036848249,2.263333774130081,10.900276619962899,0.0988122106249385,7.534423952970402,0.04941184633715423,,,31,6
ihdp_disconnected_sweep,OutcomeModelTransport,29,459394330,FEASIBLE,0.023601770401000977,200,0,6,1.7719883990540326,4.974204076394906,0.1660065475311443,0.1660065475311443,0.8303795083363075,0.6467028794320605,0.9755454390450546,0.9840886334880522,0.9679133067129848,7.788300689184737,7.646121826935554,0.8281448235929035,0.7480590997471047,1.0871989055174098,0.6271116400896284,0.5912480970302743,2.163237678648515,10.926092091162328,0.0729967394255091,7.559633624281199,0.024202175026356798,,,31,6
ihdp_disconnected_sweep,AnchorPlugin,29,459394330,FEASIBLE,1.7780733108520508,200,0,6,0.842104613032006,4.807962861383159,0.0002346674806021909,-0.0002346674806021909,0.9637333421023998,0.836508964334568,0.9875852813535818,0.9948033128671673,0.9939048839488082,7.884421185879353,7.7293721979706165,0.9692729466650205,0.971346437675488,0.13799993098318294,0.8996149741772064,0.30819967685851346,0.856511475948861,10.956495988810035,0.04259284177780209,7.575931315965311,0.007904483342244362,,,31,6
ihdp_disconnected_sweep,Glmtrans_OptionB,29,459394330,FEASIBLE,8.751720428466797,200,0,6,1.5305688551784622,4.926133228317681,0.1179356994539198,0.1179356994539198,0.8684374359825222,0.6944358450303186,0.984452899642858,0.9822361368760987,0.9783248788556627,7.859413708359597,7.631728392953112,0.8698268676841869,0.8672587012339227,0.5359656231676981,0.6837959714567131,0.3789790116349672,1.5736889066063346,10.926092091162328,0.0729967394255091,7.5568158620729955,0.02701993723456031,,,31,6
ihdp_disconnected_sweep,ProxyOnly,28,1413699380,FEASIBLE,2.007491111755371,200,0,6,1.9353277346687476,5.030423666053454,0.7203596984087026,0.7203596984087026,0.8208117373786795,0.6334364521720081,0.9092142078901523,0.9623940381086352,0.9581780514965785,7.157713931550277,7.225742175800279,0.8373148406931296,0.7541251779020653,0.5164948255594296,0.6651667140300865,1.027057218212159,2.0717945958174737,11.133559713556902,0.006320566750389389,8.088667819725577,0.055726774395013834,,,31,6
ihdp_disconnected_sweep,IPWTransport,28,1413699380,FEASIBLE,0.15173625946044922,200,0,6,1.2860019604291943,4.349068635697949,0.03900466805319791,0.03900466805319791,0.9348435053239024,0.7875038132175591,0.9848263814205305,0.9843345004507561,0.9768526085972319,7.752964537157368,7.390473167290612,0.941859576262025,0.8570979172494605,0.5824862980130854,0.8149833164404209,0.6316573417566262,1.950600805937464,11.128506895509746,0.011373384797545683,8.12118051541446,0.023214078706130792,,,31,6
ihdp_disconnected_sweep,EntropyBalancing,28,1413699380,FEASIBLE,0.19804120063781738,200,0,6,1.5024449551073784,4.336513639005422,0.026449671360670557,0.026449671360670557,0.9463816612863551,0.8002265704079723,0.9895777666338412,0.9865746387810704,0.985522893496226,7.790369425730761,7.4072923300992155,0.9469267887277376,0.7398893735273848,1.10152360798807,0.8173880982806083,0.8190943197235359,2.8628289647487435,11.117069926732025,0.022810353575266618,8.124500087021422,0.019894507099168734,,,31,6
ihdp_disconnected_sweep,OutcomeModelTransport,28,1413699380,FEASIBLE,0.027866601943969727,200,0,6,1.0745365508838833,4.253013209110559,0.05705075853419217,-0.05705075853419217,0.9743855671392502,0.8636660720149638,0.9905701549824629,0.9967314638369773,0.997291398021951,7.798181921231596,7.483550698576772,0.9786081216935303,0.990672729136203,0.0967197647228741,0.8553619247783875,0.6441897043039498,1.412156965113867,11.12141898882977,0.018461291477521513,8.139551080799885,0.004843513320706094,,,31,6
ihdp_disconnected_sweep,AnchorPlugin,28,1413699380,FEASIBLE,1.1297414302825928,200,0,6,0.9592270506737478,4.30572523698211,0.0043387306626412325,-0.0043387306626412325,0.9411191823341334,0.7923837748796354,0.9715922259607861,0.9683061160730968,0.9793234138521038,7.648779738806792,7.27013059613836,0.9485206625041481,0.8801439985335096,0.5204057409806754,0.901064431079351,0.34263183619724924,0.9272813605810928,11.126226979052722,0.013653301254569428,8.097428692160726,0.046965901959865164,,,31,6
ihdp_disconnected_sweep,Glmtrans_OptionB,28,1413699380,FEASIBLE,10.189504146575928,200,0,6,1.42016518153423,3.4034632232366406,0.9066007444081108,-0.9066007444081108,0.9834035424346483,0.8932944106775698,0.9979536382539879,0.9943917368589845,0.9974289594786111,7.856307784881043,7.465983815122292,0.98558302154642,1.036936708957995,0.7808880138821777,0.8508895031031888,1.15832277107546,1.7577021251096046,11.130445980596159,0.009434299711132965,8.13608393274966,0.008310661370931172,,,31,6
ihdp_disconnected_sweep,ProxyOnly,30,799069094,FEASIBLE,1.8191473484039307,200,0,6,1.6043075145518164,5.262943085624521,1.0416133226155306,1.0416133226155306,0.9379796030288502,0.8120477023564125,0.9978650507211316,0.9983630756124615,0.9869915266825539,7.867372694358499,7.699572777244592,0.9577794793200529,0.8948860741862477,-0.4884047135511973,0.9437042935358334,1.1976859868565704,1.6078638252693738,16.995836554196114,0.026141703183967024,13.705738277809067,0.00249163489147719,,,45,6
ihdp_disconnected_sweep,IPWTransport,30,799069094,FEASIBLE,0.10234475135803223,200,0,6,1.8303954045186688,3.4641585354158893,0.7571712275931008,-0.7571712275931008,0.9279338787872178,0.7928704590791975,0.9946626268028291,0.9846353904097741,0.9693283896056463,7.84212412745819,7.593702163774283,0.9655680400345353,1.0378102293808602,0.6261905987573604,0.8718668781918935,0.9050949288166443,1.866531063802168,16.94753878127663,0.07443947610344992,13.684842761992561,0.023387150707982585,,,45,6
ihdp_disconnected_sweep,EntropyBalancing,30,799069094,FEASIBLE,0.05730247497558594,200,0,6,5.626829801914759,5.301291322810668,1.0799615598016779,1.0799615598016779,0.4063953639609936,0.2948048860398294,0.8940107610850926,0.7923319019195413,0.806931543390903,7.0485641772307535,6.110619765078564,0.585344637013357,0.3964950130266575,2.119394190913068,0.3187669724509985,3.7904393946318917,8.087016640916119,16.410451762577186,0.6115264948028951,13.392129130671035,0.3161007820295083,,,45,6
ihdp_disconnected_sweep,OutcomeModelTransport,30,799069094,FEASIBLE,0.009770870208740234,200,0,6,1.551920954917809,3.782428622780065,0.4389011402289249,-0.4389011402289249,0.9725390223151907,0.8826054842254113,0.9978650507211317,0.9932631712759928,0.9862637436045378,7.8673726943585,7.660241310011054,0.9877988905538924,1.0969392252073147,0.07223544013465336,0.9038971973261142,0.757752242693129,1.1158497399560212,16.996511017840547,0.025467239539533892,13.6979754882235,0.0102544244770435,,,45,6
ihdp_disconnected_sweep,AnchorPlugin,30,799069094,FEASIBLE,2.6319119930267334,200,0,6,1.3676942880038667,4.269866764047009,0.048537001038019056,0.048537001038019056,0.9580230022673654,0.8462410889544658,0.9917004933077549,0.9921069917701468,0.9890705183448871,7.818770059531519,7.651324625824433,0.9784538830067508,0.9874468986684035,0.005063069123477817,0.9131684588323036,0.2870938964365187,0.6184934010051535,16.989732750513497,0.032245506866583895,13.696215616344563,0.012014296355980392,,,45,6
ihdp_disconnected_sweep,Glmtrans_OptionB,30,799069094,FEASIBLE,14.763575077056885,200,0,6,1.948587535700058,3.1785219980346695,1.0428077649743206,-1.0428077649743206,0.964872492512737,0.8602841809378704,0.9989325253605659,0.9822636933858699,0.9840042554964038,7.87578888332527,7.575411168957671,0.9796529171201884,1.1765220084365702,0.481728678021422,0.8939763448942057,1.1538580463309192,1.6525171557504006,16.99063318980049,0.03134506757958988,13.681232697226122,0.02699721547442202,,,45,6
ihdp_disconnected_sweep,ProxyOnly,32,1737669819,FEASIBLE,1.4135401248931885,200,0,6,0.943696081681875,4.919863650084049,0.3003178104169901,0.3003178104169901,0.4204142409314824,0.3012807881773399,0.9618877095321494,0.9579078806991023,0.95487988219811,5.093060445006811,5.037347505430915,0.580853172735701,0.35815848474436923,2.8574549296040557,0.2442987732124806,0.5394245762952249,1.336849168680268,7.1860536628638485,0.0,3.5739773242829727,0.04426994211675783,,,20,6
ihdp_disconnected_sweep,IPWTransport,32,1737669819,FEASIBLE,0.09430837631225586,200,0,6,1.1008311583991348,4.094719554219928,0.5248262854471308,-0.5248262854471308,0.6895029108822213,0.4979310344827586,0.9747043395296231,0.9821182587540072,0.9696215411349827,5.160922702348857,5.164662553106908,0.7235130654027488,0.36438833590285363,3.127477795315986,0.39263016837381426,0.7960702107512263,1.9539647495816903,7.1860536628638485,0.0,3.599440333818171,0.018806932581559632,,,20,6
ihdp_disconnected_sweep,EntropyBalancing,32,1737669819,FEASIBLE,0.1837143898010254,200,0,6,0.8120740971330257,4.576011231519114,0.04353460814794463,-0.04353460814794463,0.7370824003582626,0.5432512315270935,0.9779968272361503,0.9748316936998399,0.9768323009129074,5.1783559627363305,5.126344713742248,0.7703636287304436,0.44397041413652594,2.587932238116125,0.4669172810010054,0.496740654028556,1.1461766865567542,7.1860536628638485,0.0,3.591776765945238,0.026470500454492285,,,20,6
ihdp_disconnected_sweep,OutcomeModelTransport,32,1737669819,FEASIBLE,0.027350425720214844,200,0,6,0.6711207443220453,4.545453279955579,0.0740925597114801,-0.0740925597114801,0.8610971786833855,0.6788177339901478,0.9940683922999571,0.9880843771173248,0.9907906463631805,5.263452644505599,5.1960365631345,0.8910595586108352,0.5294435536104881,2.2129849023569323,0.6844780869722589,0.4712115137013156,0.9923500822999349,7.1860536628638485,0.0,3.6057151358236896,0.012532130576040856,,,20,6
ihdp_disconnected_sweep,AnchorPlugin,32,1737669819,FEASIBLE,2.451295852661133,200,0,6,0.7137150602839468,4.668745205051027,0.049199365383968185,0.049199365383968185,0.6060479175996418,0.4410509031198686,0.9630574619228733,0.9707700885718639,0.9723216528613206,5.099254119770102,5.10498596216321,0.7293356216458029,0.5060773158087779,2.256799798099733,0.5135645592896961,0.44527601929815974,1.1473603003344657,7.1860536628638485,0.0,3.587505015629431,0.030742250770299684,,,20,6
ihdp_disconnected_sweep,Glmtrans_OptionB,32,1737669819,FEASIBLE,14.731967687606812,200,0,6,0.47327131366486885,4.548212460282145,0.0713333793849138,-0.0713333793849138,0.8864196148678908,0.7157307060755337,0.9911489376995987,0.9890373728564442,0.9910639433060138,5.24799454206939,5.201048079174681,0.9245355026662232,0.6674085148639918,1.5840301162642523,0.769953527076763,0.33294571644469906,0.7278703203961667,7.1860536628638485,0.0,3.6067174390317254,0.011529827368005119,,,20,6
ihdp_disconnected_sweep,ProxyOnly,31,2053454650,FEASIBLE,1.7324926853179932,200,0,6,0.7990338882029474,3.9628562381918697,0.315157449022363,-0.315157449022363,0.23461203556020702,0.1633001168228441,0.951000434330502,0.9529482506865861,0.9591778308860132,4.438723107992539,4.442813903696977,0.5816586167370901,0.5079254055757818,2.265178325192112,0.5514397208449419,0.4959055610201299,1.6155386803348433,6.246419734586373,0.0,2.8525488596987203,0.043872721502408396,,,1,6
ihdp_disconnected_sweep,IPWTransport,31,2053454650,FEASIBLE,0.32758307456970215,200,0,6,1.258285808691121,4.848707139179221,0.5706934519649884,0.5706934519649884,0.543024114701533,0.3745206908257801,0.98579490038759,0.9850777956379245,0.9841626167640495,4.601123665282069,4.592607545614486,0.6585448676550261,0.28199142386688425,2.910719857123557,0.22862644714799152,0.9432001845696748,1.9787850690987518,6.241999766173558,0.004419968412814335,2.8825075880822224,0.013913993118906287,,,1,6
ihdp_disconnected_sweep,EntropyBalancing,31,2053454650,FEASIBLE,0.6537585258483887,200,0,6,1.271078223056006,4.401198185814834,0.12318449860060099,0.12318449860060099,0.5225261618635828,0.3554872579212094,0.988892123862099,0.9751063085547856,0.9789914036503399,4.615579723250748,4.546118702782165,0.5754016978501952,0.21159539365943825,3.346740424513536,0.1449982828454811,0.9122063436212342,1.921491902366907,6.241999766173558,0.004419968412814335,2.873209819515758,0.023211761685370647,,,1,6
ihdp_disconnected_sweep,OutcomeModelTransport,31,2053454650,FEASIBLE,0.022916316986083984,200,0,6,0.7786764376609542,4.396564149124105,0.11855046190987206,0.11855046190987206,0.7378698961319798,0.5394209635122827,0.9897213132029766,0.9914206465079398,0.9907639501857471,4.619449902227948,4.622179042297624,0.8638949612061533,0.48465282272122695,2.1472064620662854,0.46961296495612515,0.5213953085431893,1.1732245834290413,6.241999766173558,0.004419968412814335,2.888421887418849,0.007999693782279493,,,1,6
ihdp_disconnected_sweep,AnchorPlugin,31,2053454650,FEASIBLE,2.8427717685699463,200,0,6,0.7159827928485236,4.086113833637727,0.19189985357650574,-0.19189985357650574,0.46618459167608867,0.33190601361466143,0.973652442762501,0.971819445452797,0.970197840049514,4.544449656204201,4.530794763545651,0.6510525986883744,0.5482551413503315,2.0377807697796375,0.45895254752277936,0.4735366358614573,0.9480295075630965,6.226214931486594,0.020204803099778346,2.8701450316684545,0.02627654953267422,,,1,6
ihdp_disconnected_sweep,Glmtrans_OptionB,31,2053454650,FEASIBLE,14.1077721118927,200,0,6,0.5292161308921373,4.341116502857548,0.06310281564331532,0.06310281564331532,0.885431304870748,0.7098796723567575,0.9967934451479188,0.9958965943619142,0.9963168577888872,4.652458546970457,4.643046705723768,0.9467808462881311,0.7412801480100909,1.0600302034469404,0.5753359361280896,0.28019868729501074,0.7056063525995535,6.241999766173558,0.004419968412814335,2.8925954201040787,0.0038261610970500293,,,1,6
ihdp_disconnected_sweep,ProxyOnly,33,1749078658,FEASIBLE,3.5087356567382812,200,0,6,9.15267967866063,27.506639770143284,6.525545158835673,6.525545158835673,0.9384719320858705,0.7947203579418344,0.9787435564792233,0.9917404791803076,0.9739880850190009,41.7711887411511,40.04677690522194,0.9508534344716246,0.9629099283580056,-5.505321919130527,0.8925493909130839,6.525545158835674,10.24407169035549,51.95724008910397,0.26907184578065824,36.92726166912122,0.06670438376855259,,,9,6
ihdp_disconnected_sweep,IPWTransport,33,1749078658,FEASIBLE,0.4007377624511719,200,0,6,9.867218058715073,24.791297758032197,3.810203146724586,3.810203146724586,0.9764256189163965,0.8736465324384786,0.9962332424912262,0.992404498198539,0.9944898132098765,42.51762019461462,40.07359019160299,0.9807915750979171,0.83674711781249,0.23704766544292621,0.8121319890174465,5.402577177616962,20.967751393059245,52.12331018227418,0.10300175261044586,36.93262432639743,0.06134172649234415,,,9,6
ihdp_disconnected_sweep,EntropyBalancing,33,1749078658,FEASIBLE,0.4720618724822998,200,0,6,8.611653023919036,21.437784262973548,0.4566896516659362,0.4566896516659362,0.9735277123427709,0.8664876957494406,0.9962332424912264,0.9965529433969207,0.9948148820362936,42.51762019461463,40.241105648368894,0.9786468283257358,0.9234675099224811,1.183997359724086,0.8102664462673086,5.178153912403579,14.150328603068047,52.1072652028642,0.11904673202042915,36.96612741775061,0.027838635139161738,,,9,6
ihdp_disconnected_sweep,OutcomeModelTransport,33,1749078658,FEASIBLE,0.01361227035522461,200,0,6,12.229131156197951,25.77690832331542,4.79581371200781,4.79581371200781,0.9859691541846305,0.9040715883668904,0.9999999999999999,0.9954305820808588,0.998127115279075,42.67837930030634,40.195784363037745,0.9879776416939391,0.7036410821982659,2.843402942964464,0.8093662201246536,7.1995444634808985,30.51882853817525,52.10617342539372,0.1201385094909071,36.95706316068438,0.03690289220539711,,,9,6
ihdp_disconnected_sweep,AnchorPlugin,33,1749078658,FEASIBLE,1.8101680278778076,200,0,6,5.893471036936736,21.032044710269584,0.05095009896197311,0.05095009896197311,0.9602720120894261,0.8290827740492169,0.9694744477255436,0.9859307781936743,0.9828573131860685,41.37559820198577,39.81217944330322,0.9680081375069989,0.965230239708332,0.680329054057754,0.9094611307881593,1.9449176524250098,6.116099518871323,52.01157200111851,0.21473993376611844,36.88034217673748,0.11362387615229608,,,9,6
ihdp_disconnected_sweep,Glmtrans_OptionB,33,1749078658,FEASIBLE,11.764885187149048,200,0,6,11.4277959771478,23.782830493062164,2.801735881754553,2.801735881754553,0.9835157118094138,0.8960178970917225,0.9999999999999997,0.9954305820808588,0.998127115279075,42.67837930030633,40.195784363037745,0.9849555918486489,0.714486780416301,3.9885766231330013,0.8042759520414483,6.839641915562268,27.74056426626614,52.093151826533614,0.13316010835101366,36.95706316068438,0.03690289220539711,,,9,6
ihdp_disconnected_sweep,ProxyOnly,34,1632675423,FEASIBLE,3.4689693450927734,200,0,6,2.7343876429826484,1.3477314582367446,1.2038414294895197,-1.2038414294895197,0.8736844730410493,0.7046125880481708,0.9498910953779583,0.9439596478022413,0.9539371439592317,8.654737334057874,7.882210381125359,0.913152277389084,0.8045299263786726,1.4672825968528358,0.8701838133356212,1.4758329639200438,4.407841383819299,15.823539765285428,0.15513828353411974,13.644597412332915,0.09186663793116168,,,24,6
ihdp_disconnected_sweep,IPWTransport,34,1632675423,FEASIBLE,0.14655542373657227,200,0,6,2.4775674163312376,1.8218658690323668,0.7297070186938974,-0.7297070186938974,0.9429841333178158,0.8018632129061576,0.9435776105734497,0.9848205056177559,0.9776645481778787,8.597213315871508,8.223404920960828,0.9559421700219795,0.9653427977047799,0.7928477926717087,0.8325675722799012,1.4377806167664924,2.2995637830261217,15.792123686474486,0.18655436234506162,13.711580389478529,0.024883660785548045,,,24,6
ihdp_disconnected_sweep,EntropyBalancing,34,1632675423,FEASIBLE,0.14534592628479004,200,0,6,2.5544310735257785,2.4213581217126596,0.1302147660136046,-0.1302147660136046,0.9248452402724436,0.7677800499886388,0.9673775294686935,0.9533063461745082,0.9572779963937749,8.814061381520819,7.960256771255125,0.9438301708920224,0.9254788018674884,0.3106572743515192,0.8096219945602098,1.2130596766545667,2.8724635120878403,15.795803274256373,0.18287477456317447,13.659919403033236,0.07654464723084153,,,24,6
ihdp_disconnected_sweep,OutcomeModelTransport,34,1632675423,FEASIBLE,0.01385188102722168,200,0,6,2.4153452932720247,1.6752248864165158,0.8763480013097484,-0.8763480013097484,0.9788490420691529,0.8815420737711125,0.9953640780659139,0.9940736379410678,0.9905193896229947,9.069055062558972,8.300670019979146,0.983303553939835,1.1467464990837384,0.6305146140501714,0.8618382589236566,1.6098377731871285,3.0574538572707723,15.80601214312127,0.17266590569827756,13.726748997874765,0.009715052389312362,,,24,6
ihdp_disconnected_sweep,AnchorPlugin,34,1632675423,FEASIBLE,1.995469093322754,200,0,6,1.955898320723014,2.108400774112437,0.44317211361382736,-0.44317211361382736,0.9528543956196209,0.818980534726956,0.9458788839087557,0.9750860060625837,0.9810453788807489,8.618180894521164,8.142120330430414,0.9622385163527407,0.9537265932501138,0.5407350002261082,0.8930147873636897,0.6960856585386941,1.7792484274987608,15.867910723197701,0.11076732562184688,13.695622678454152,0.04084137180992542,,,24,6
ihdp_disconnected_sweep,Glmtrans_OptionB,34,1632675423,FEASIBLE,10.888140678405762,200,0,6,2.255141572904599,2.070869271411071,0.4807036163151932,-0.4807036163151932,0.9887636401926392,0.9160796788608648,0.9959875410194042,0.9947139211275405,0.9989141959149119,9.074735617020668,8.306016484513965,0.9915139109110918,1.1707179723508105,0.12716901329629576,0.872633087671843,1.4797356932983716,3.516973003890744,15.932978399691011,0.045699649128536635,13.727798610544177,0.008665439719900192,,,24,6
ihdp_disconnected_sweep,ProxyOnly,36,1385853450,FEASIBLE,2.9601314067840576,200,0,6,0.8114211047588112,4.155497472944533,0.13277896356829189,-0.13277896356829189,0.5945706312673603,0.4238871071452893,0.9917998045849685,0.9888811718347624,0.983960658326929,4.630294010593923,4.612657499631504,0.6764929384167516,0.40322551348627067,2.6126738341938656,0.36013123811691006,0.5065829872671095,1.1355712505907247,6.224751233394282,0.0017691340342436135,2.8476170190308907,0.01024474334299974,,,1,6
ihdp_disconnected_sweep,IPWTransport,36,1385853450,FEASIBLE,0.3707163333892822,200,0,6,1.0240164707725405,3.5963532508894933,0.6919231856233314,-0.6919231856233314,0.535199688690815,0.37783593764864465,0.9698468975775753,0.9730915202485317,0.9739344900984589,4.527805168227197,4.539006330127828,0.6616193535997877,0.41754050338577825,2.7866532897833474,0.2860275400062464,0.8013605660921715,1.3431976696200303,6.224751233394282,0.0017691340342436135,2.8330686398696705,0.024793122504219944,,,1,6
ihdp_disconnected_sweep,EntropyBalancing,36,1385853450,FEASIBLE,0.6154053211212158,200,0,6,1.8263484299811943,3.0839262174266944,1.2043502190861304,-1.2043502190861304,0.15684952270632377,0.10508320556281324,0.9484032667682211,0.9359857950827474,0.946859900145402,4.427693921135866,4.3659258768437805,0.30946616958153117,0.10339049703821603,3.969427772063897,0.04316555584627313,1.4832974467396511,2.5740004459379584,6.199876658773877,0.026643708654648712,2.7988799083567724,0.058981854017118085,,,1,6
ihdp_disconnected_sweep,OutcomeModelTransport,36,1385853450,FEASIBLE,0.0491943359375,200,0,6,0.6981224124981819,4.262964936418578,0.02531150009424632,-0.02531150009424632,0.8326431273018945,0.6563064323900998,0.9935454509851421,0.9920855137304667,0.9941812931965621,4.638443695675502,4.6276042213384,0.9043637924841869,0.48125918573552495,2.2366854023929283,0.5267693765881745,0.49219958771488903,1.1814849634057998,6.224751233394282,0.0017691340342436135,2.8505694578865737,0.00729230448731677,,,1,6
ihdp_disconnected_sweep,AnchorPlugin,36,1385853450,FEASIBLE,3.7200369834899902,200,0,6,0.6602395585964115,4.048589915647739,0.23968652086508602,-0.23968652086508602,0.48443374207184803,0.3455383053506624,0.9815402036193815,0.9859322247515369,0.9772370523437183,4.582396270866177,4.598902072521673,0.6377952340201253,0.5432284768229863,2.0889671033545993,0.5329806284664158,0.40726104656483275,0.8168272194544324,6.226520367428526,0.0,2.8448998976264797,0.01296186474741079,,,1,6
ihdp_disconnected_sweep,Glmtrans_OptionB,36,1385853450,FEASIBLE,8.369327068328857,200,0,6,0.3950071067395443,4.392795916625259,0.10451948011243406,0.10451948011243406,0.9581024153698593,0.847619680164751,0.9995582328642042,0.9991436212254571,0.9991683394449978,4.666514832403825,4.660526915588476,0.9842163066106043,0.7894424953566888,0.8204166664995075,0.7282712598746643,0.2679157292138966,0.6046283656933085,6.224751233394282,0.0017691340342436135,2.857072706133503,0.0007890562403876089,,,1,6
ihdp_disconnected_sweep,ProxyOnly,35,938414851,FEASIBLE,3.2691309452056885,200,0,6,0.9858417721113768,4.303682552042176,0.059279200613291394,-0.059279200613291394,0.09313261906130889,0.05939382342740729,0.9058555201258455,0.9054570767546415,0.9193013220886033,4.513560339358005,4.439699485591922,0.18176681428494762,0.0888654252346046,3.9805131725934904,0.029037534141539423,0.6948837227106199,1.4038838575696815,8.211277556080073,0.0,4.725930818018356,0.09163580593030751,,,2,6
ihdp_disconnected_sweep,IPWTransport,35,938414851,FEASIBLE,0.28662919998168945,200,0,6,1.0922864095760132,3.5362412056747,0.8267205469807672,-0.8267205469807672,0.6770993752939722,0.49127468381364026,0.9569861274173471,0.9652760641532313,0.9708746383703278,4.768326222074213,4.733008063546871,0.7234684544813588,0.36605740040401075,3.068494489704641,0.5589486262265481,0.8782536019695365,1.983703642504882,8.211277556080073,0.0,4.783910420637358,0.033656203311305255,,,2,6
ihdp_disconnected_sweep,EntropyBalancing,35,938414851,FEASIBLE,0.16279292106628418,200,0,6,1.228652325164382,3.8758360069282873,0.4871257457271798,-0.4871257457271798,0.516689110652467,0.36255404930659035,0.9419947555009023,0.951418225191805,0.9637835474914829,4.693629473849694,4.6650593533451925,0.567370740609696,0.22967541029561905,3.4727775275256807,0.4182083376660416,0.8816055302396992,2.6355201466053977,8.10819458160999,0.10308297447008385,4.7704786988533066,0.047087925095357086,,,2,6
ihdp_disconnected_sweep,OutcomeModelTransport,35,938414851,FEASIBLE,0.016955137252807617,200,0,6,0.8952312648719349,4.06138469901386,0.3015770536416076,-0.3015770536416076,0.4609439671540582,0.31969252724557484,0.9538676256273213,0.9536603246569277,0.9446055784936519,4.7527878214297905,4.676052969826307,0.5100145943823342,0.2516785109623291,3.3407984991624726,0.248961634208393,0.66943498795217,1.3876635502506827,8.211277556080073,0.0,4.772651855599572,0.04491476834909136,,,2,6
ihdp_disconnected_sweep,AnchorPlugin,35,938414851,FEASIBLE,1.9330224990844727,200,0,6,0.539175347202088,4.2744335437027425,0.08852820895272462,-0.08852820895272462,0.47529355997954653,0.3358846578019585,0.9273127707074754,0.9431351942945743,0.9471187187605136,4.6204742931455325,4.6244454259071475,0.5501115677115443,0.4569613193285246,2.4097109611429604,0.4252819247857734,0.29169462686112013,0.7229398178035611,8.211277556080073,0.0,4.762450364359738,0.05511625958892541,,,2,6
ihdp_disconnected_sweep,Glmtrans_OptionB,35,938414851,FEASIBLE,11.880086898803711,200,0,6,0.3102300055231085,4.399906517827057,0.03694476517159018,0.03694476517159018,0.7342949254959188,0.5578120942512169,0.9748986636242424,0.9726581183127306,0.9745094761421372,4.857578107396416,4.769204259806124,0.7662388938222979,0.9067989399667034,0.373131186337303,0.6122596265986655,0.0479509547751059,0.11684113121744755,8.211277556080073,0.0,4.791065482688606,0.026501141260057537,,,2,6
ihdp_disconnected_sweep,ProxyOnly,38,1767734209,FEASIBLE,1.739043951034546,200,0,6,5.150468229683898,-3.285294820896706,3.4351105531856567,-3.4351105531856567,0.954378706186152,0.825284972199986,0.9912733277557394,0.9692121269559002,0.9495664427290607,12.79512661462109,10.51757286575887,0.9650530449719799,0.7644327108663346,2.6612025582221484,0.9370849275745013,3.4351105531856563,11.417318003107482,28.41157490132957,0.22459494065113006,26.84480071289196,0.06642922468927637,,,10,6
ihdp_disconnected_sweep,IPWTransport,38,1767734209,FEASIBLE,0.2782251834869385,200,0,6,3.7165806636568046,0.3163789503522376,0.16656321806328686,0.16656321806328686,0.9718042477334036,0.8586298195616016,0.994857648917159,0.9750571349979316,0.982880775928117,12.841392202329034,10.581000980485513,0.9779025174682242,1.1660682502802022,-0.2191037167737698,0.8755733622017552,2.0541339637050804,6.8391118686685015,28.52731117406702,0.1088586679136796,26.857412150907788,0.05381778667344861,,,10,6
ihdp_disconnected_sweep,EntropyBalancing,38,1767734209,FEASIBLE,0.605262279510498,200,0,6,3.7437486128633073,0.9351005156428592,0.7852847833539085,0.7852847833539085,0.9693177989980614,0.8533938517940751,0.9964039535128648,0.990563900041337,0.9702113016242734,12.861351544049265,10.749275320766895,0.9743110402360666,1.0529832177807539,-0.834829417621109,0.8639857368176171,1.5303617470403301,5.8593547021678685,28.522493961203743,0.113675880776956,26.89087020687017,0.02035973071106767,,,10,6
ihdp_disconnected_sweep,OutcomeModelTransport,38,1767734209,FEASIBLE,0.03252983093261719,200,0,6,4.188676889677876,1.0452928641798227,0.895477131890872,0.895477131890872,0.978729583472622,0.8779202271261725,0.9879869767966054,0.9864198760070878,0.9792908383936404,12.752707157298051,10.70430572791361,0.9838451344001083,1.3795569609385356,-1.2922253147097027,0.8950581096507886,2.1660040135762095,8.807013864187333,28.55942972254982,0.07674011943088033,26.881928884314544,0.029301053266692634,,,10,6
ihdp_disconnected_sweep,AnchorPlugin,38,1767734209,FEASIBLE,3.7032690048217773,200,0,6,2.781274420119875,-0.10951702371300538,0.25933275600195616,-0.25933275600195616,0.9840708881642282,0.896935057439821,0.994857648917159,0.9954199467358984,0.9901887555974047,12.841392202329034,10.801971550548902,0.9869905984899451,0.9843586988419697,0.2576197672521297,0.9211397618263608,1.2900470897168004,2.289211665081938,28.544969232407645,0.09120060957305398,26.901347819809285,0.00988211777195147,,,10,6
ihdp_disconnected_sweep,Glmtrans_OptionB,38,1767734209,FEASIBLE,8.93540906906128,200,0,6,4.367532634917554,1.2434289361367106,1.0936132038477597,1.0936132038477597,0.9909722234330283,0.9240794166556817,0.9949345581009819,0.9959683130163203,0.9919454846687341,12.842384928267771,10.807922241993072,0.9932788203013854,1.4613146921635065,-1.6672252407488612,0.905861475367698,2.4097288193289548,10.686168116626666,28.622185643424277,0.013984198556421745,26.902530998225078,0.008698939356158064,,,10,6
ihdp_disconnected_sweep,ProxyOnly,37,520905212,FEASIBLE,1.7179057598114014,200,0,6,12.414266020270409,6.4750084915940445,8.26601992229497,-8.26601992229497,0.9511466727412511,0.8126370340841139,0.9726941470449572,0.9835584855499332,0.9737447372453992,54.07358860141003,49.89889902071844,0.962705566492158,0.9144546458695612,8.819926816705973,0.93061684808806,8.26601992229497,15.238230826559686,79.57796614443181,1.2541807661647226,68.09522777860414,0.16299048837743157,,,13,6
ihdp_disconnected_sweep,IPWTransport,37,520905212,FEASIBLE,0.26576709747314453,200,0,6,13.692974865170724,17.43710461136369,2.6960761974746763,2.6960761974746763,0.9718830262820696,0.8647265962394525,0.9946343072628524,0.9954957276165016,0.9908868879758572,55.29327641496964,50.504511442569004,0.9756368364236867,0.9573284589484586,-1.9520080722308513,0.8387905532523703,6.7692119915692235,20.26675076291329,80.54529383162202,0.2868530789745165,68.21356583804621,0.044652428935364696,,,13,6
ihdp_disconnected_sweep,EntropyBalancing,37,520905212,FEASIBLE,0.49721527099609375,200,0,6,14.261295165151967,16.682429200934415,1.941400787045401,1.941400787045401,0.9643452262308152,0.8422696166367682,0.990817218618439,0.9891071599053244,0.9917428731499152,55.081078488581184,50.18040006557365,0.9696811427777154,1.1106198362868125,-3.7868083741191074,0.8278162507122492,6.10943117508763,25.7692168655361,80.43471584831883,0.397431062277704,68.15023372989769,0.10798453708387967,,,13,6
ihdp_disconnected_sweep,OutcomeModelTransport,37,520905212,FEASIBLE,0.024150848388671875,200,0,6,13.31718196793432,17.420048811105307,2.679020397216293,2.679020397216293,0.9764822460776217,0.8740283037671915,1.0000000000000002,0.9930491839620942,0.9931361582596037,55.591563664370234,50.38039087774789,0.9804561296434757,0.9899647247154177,-2.504205411925984,0.8463010986719364,6.739424770941601,20.941408588471745,80.45904990089471,0.3730970097018229,68.18931239434552,0.06890587263605141,,,13,6
ihdp_disconnected_sweep,AnchorPlugin,37,520905212,FEASIBLE,3.7236523628234863,200,0,6,10.520754322457615,14.482904605482783,0.2581238084062303,-0.2581238084062303,0.97051852273698,0.8576838748255929,0.9828884682440318,0.9886932739554534,0.984310876200891,54.64030685736343,50.15940237858083,0.976636984995479,0.9974490986749853,0.29506826895441013,0.9000369191556972,5.0098432045260175,10.823069023194464,80.37011105116476,0.46203585943177927,68.14613073358873,0.11208753339283817,,,13,6
ihdp_disconnected_sweep,Glmtrans_OptionB,37,520905212,FEASIBLE,9.443996667861938,200,0,6,13.536946780666392,18.694102472403923,3.9530740585149093,3.9530740585149093,0.9782795637688998,0.8801408544282772,1.0000000000000002,0.9930491839620943,0.9931361582596037,55.591563664370234,50.3803908777479,0.9823775753526778,1.0044598893114072,-4.03644768631794,0.8485335823103841,6.560386340654022,22.806830492947306,80.62208678709864,0.2100601234978967,68.18931239434552,0.06890587263605141,,,13,6
ihdp_disconnected_sweep,ProxyOnly,39,103952958,FEASIBLE,4.11566948890686,200,0,6,13.124642106369286,-3.3889078574834035,7.439401656848565,-7.439401656848565,0.9511587789694743,0.8198994974874371,0.9556568315486411,0.9656771987251903,0.9676223439396643,36.746936921760344,34.040233259550895,0.9635219370051932,0.8152830506058782,6.81341293563646,0.9403137081733856,7.439401656848562,24.581114377725513,60.141826857883245,0.8421299785185781,53.12560483562443,0.24197654517639933,,,9,6
ihdp_disconnected_sweep,IPWTransport,39,103952958,FEASIBLE,0.14719271659851074,200,0,6,20.747595670758816,11.387368904375371,7.33687510501021,7.33687510501021,0.93601590039751,0.7817085427135677,0.9864075739950533,0.9565174368041427,0.9678970707902631,37.9293651278607,33.717350589435014,0.9439071082610385,1.417755655634163,-12.094012867605628,0.7142321174067268,8.474183806791693,39.11117944262989,60.20271529887904,0.7812415375227815,53.061028301601254,0.3065530791995741,,,9,6
ihdp_disconnected_sweep,EntropyBalancing,39,103952958,FEASIBLE,0.12744808197021484,200,0,6,19.137205177730078,9.971522063160114,5.921028263794953,5.921028263794953,0.9387969699242482,0.7863316582914572,0.9909183766876875,0.9638762372594896,0.9609883167140134,38.1028146094535,33.976749158999645,0.9463745174733388,1.2334555159730232,-8.248935092086374,0.7199879349498757,7.436563642889688,31.032915118292447,60.2728857059488,0.7110711304530213,53.112908015514186,0.2546733652866422,,,9,6
ihdp_disconnected_sweep,OutcomeModelTransport,39,103952958,FEASIBLE,0.019585132598876953,200,0,6,19.49881121669769,9.289070789831777,5.238576990466616,5.238576990466616,0.9540313507837695,0.8175879396984924,0.9909183766876872,0.9855553212766567,0.9688975155771923,38.102814609453496,34.74093938506273,0.9597252527199621,1.4653113516915441,-9.560887075641679,0.7498795454988819,8.772861030179596,37.23356204488828,60.53372333499377,0.4502335014080501,53.2657460607268,0.10183532007403073,,,9,6
ihdp_disconnected_sweep,AnchorPlugin,39,103952958,FEASIBLE,0.9186887741088867,200,0,6,12.01232247818244,3.736806387317957,0.3136874120472042,-0.3136874120472042,0.9767689192229806,0.8713567839195979,0.9793596171387158,0.9772194355243844,0.9867174003535518,37.65835694011256,34.44709844545382,0.9803079230098647,1.0032425679488282,0.3015705634247097,0.8668579454958533,5.360534362842264,11.538666866819867,60.61725407688342,0.3667027595184038,53.20697787280502,0.16060350799580903,,,9,6
ihdp_disconnected_sweep,Glmtrans_OptionB,39,103952958,FEASIBLE,8.369358777999878,200,0,6,19.86386993836071,10.063889198570536,6.013395399205375,6.013395399205375,0.9569864246606166,0.8219095477386934,0.9909183766876872,0.9910053094665743,0.9784084149854487,38.102814609453496,34.933052100876566,0.9620282256578018,1.4879267344340155,-10.923835991569657,0.7496578797530533,9.013509789996716,38.944414537004484,60.30148346609611,0.6824733703057149,53.30416860388956,0.0634127769112709,,,9,6
ihdp_disconnected_sweep,ProxyOnly,40,293625740,FEASIBLE,2.289996862411499,200,0,6,0.8162211738411511,4.453158969338116,0.183473508118297,-0.183473508118297,0.665329699409658,0.4933961264923104,0.9514282691474405,0.9616857336787528,0.9711505822084744,5.211784994900341,5.2058869815291136,0.7709718285396089,0.5387345525963753,2.2375618724695086,0.5717854258613018,0.44400378437220456,1.1695399299982625,7.433319775433104,0.010212793929035513,3.8480774882115507,0.04148127257448753,,,41,6
ihdp_disconnected_sweep,IPWTransport,40,293625740,FEASIBLE,0.17093396186828613,200,0,6,0.8203208689948686,4.741192750288283,0.1045602728318702,0.1045602728318702,0.9101422839949368,0.7405419176209451,0.9887958416737639,0.9947484252299159,0.9922044290780694,5.416479095447781,5.384865029651026,0.9147393543200211,0.5234709152467217,2.154755969101885,0.6607043978413167,0.5035454294214289,1.6838782346117949,7.44353256936214,0.0,3.883873097835934,0.005685662950104309,,,41,6
ihdp_disconnected_sweep,EntropyBalancing,40,293625740,FEASIBLE,0.3193991184234619,200,0,6,1.2480759053931139,4.89357795835536,0.2569454808989473,0.2569454808989473,0.753109071363913,0.5621671292411479,0.9821106069455237,0.9769867118095097,0.9779658447388984,5.379858356739596,5.288715664607174,0.742227490192704,0.35236733110281965,2.912295472727149,0.4197839365453516,0.807916576123937,2.184584835814997,7.44353256936214,0.0,3.864643224827164,0.02491553595887419,,,41,6
ihdp_disconnected_sweep,OutcomeModelTransport,40,293625740,FEASIBLE,0.023230552673339844,200,0,6,0.6681213229111598,5.062853295097076,0.42622081764066344,0.42622081764066344,0.9320955719233822,0.7799419712791332,0.9932502402599023,0.995102585662455,0.9950291959343069,5.440879639834952,5.386782203963341,0.9409446016196896,0.730413380274931,0.9386566883484853,0.7471563374093062,0.4262673132662339,1.2901493812814655,7.44353256936214,0.0,3.8842565326983967,0.005302228087641581,,,41,6
ihdp_disconnected_sweep,AnchorPlugin,40,293625740,FEASIBLE,2.683542251586914,200,0,6,0.6216516156004711,4.68093522269287,0.0443027452364575,0.0443027452364575,0.643326630782962,0.47477064658116697,0.9398613878338263,0.9461556498056487,0.9601990418536431,5.148423309712968,5.121818081860841,0.7410216930204937,0.7261131932680621,1.2377436554259438,0.5653733026479423,0.2803509696661354,0.7369969107864565,7.44353256936214,0.0,3.8312637082778975,0.05829505250814071,,,41,6
ihdp_disconnected_sweep,Glmtrans_OptionB,40,293625740,FEASIBLE,12.219390630722046,200,0,6,0.46411203572759924,4.835421443339143,0.19878896588273065,0.19878896588273065,0.9633523212532877,0.8496574652288874,0.9970817464454117,0.9989066279708091,0.9969238401883187,5.46186807069522,5.407374600872975,0.9746232739185838,0.8601596710432166,0.4773979593985006,0.7851360952110816,0.25785811857537105,0.9488682331958209,7.44353256936214,0.0,3.8883750120803233,0.0011837487057149154,,,41,6
ihdp_disconnected_sweep,ProxyOnly,42,1237974384,FEASIBLE,2.3752009868621826,200,0,6,3.890239601275288,3.613988609447522,0.7464135144152051,0.7464135144152051,0.8379971978781762,0.649762154317504,0.8357663393374224,0.8780818499818093,0.9006166796877072,8.428252216738972,8.080929595684234,0.874018120768656,0.6452901627839737,0.5355037969424988,0.8030931393098903,2.6796845529073337,4.601098002206193,19.298973258785754,0.1927169091130878,16.981934188024656,0.2201401680362629,,,35,6
ihdp_disconnected_sweep,IPWTransport,42,1237974384,FEASIBLE,0.34670233726501465,200,0,6,2.1031519097045615,2.8481600729159617,0.019415022116355374,-0.019415022116355374,0.9542959022391113,0.8193985326130775,0.9750905420588633,0.9852273438743343,0.9799212019650652,9.833261565839226,9.066982538992704,0.9659638864072014,1.0029923683975592,0.01089227792297058,0.8666345784650746,0.9522255269193127,2.1922763978161592,19.38521913913817,0.10647102876067294,17.175400271838345,0.02667408422257367,,,35,6
ihdp_disconnected_sweep,EntropyBalancing,42,1237974384,FEASIBLE,0.42103052139282227,200,0,6,2.7135616704656353,2.1321929614754227,0.7353821335568944,-0.7353821335568944,0.9340634265294915,0.7881157784406999,0.9746467170361868,0.9896314425221697,0.9757196977707495,9.828785830151926,9.107513169601164,0.954612385737826,0.8139054423937051,1.1321716394539203,0.838074231025308,1.6342129676428385,3.650298237608453,19.23962741471734,0.2520627531815016,17.183352484172914,0.01872187188800467,,,35,6
ihdp_disconnected_sweep,OutcomeModelTransport,42,1237974384,FEASIBLE,0.014377355575561523,200,0,6,1.7810831789948771,2.6538872956500987,0.21368779938221838,-0.21368779938221838,0.9843920901668647,0.9014754494880272,0.9908262207341088,0.995144046367034,0.9955136778225573,9.99194738798142,9.158245300734691,0.9891844215336228,0.9947031897488361,0.22774493681525113,0.9057421842949362,1.1602568913571658,2.357663242002542,19.424985933879075,0.06670423401976677,17.19330625673709,0.008768099323830825,,,35,6
ihdp_disconnected_sweep,AnchorPlugin,42,1237974384,FEASIBLE,2.667182207107544,200,0,6,2.252675122055818,2.882767520538491,0.015192425506173723,0.015192425506173723,0.9460173208246939,0.8014996371845522,0.9753347574367958,0.9802842949843731,0.9799237372690649,9.835724346048888,9.021491984702545,0.9580197406917238,0.9204131416882493,0.2142379846966397,0.8533628171008607,0.9481292798914872,2.863758327232807,19.314194538150378,0.17749562974846356,17.166474909920655,0.03559944614026378,,,35,6
ihdp_disconnected_sweep,Glmtrans_OptionB,42,1237974384,FEASIBLE,10.912420511245728,200,0,6,1.847676507711944,2.4569795788327453,0.4105955161995718,-0.4105955161995718,0.9898746347125391,0.9221156171893897,0.9978246687278746,0.9985990561035082,0.9933155524359284,10.062522956822766,9.190041528425116,0.9933076861403902,1.0672811710507981,0.24528705288780916,0.9057357165442076,1.2222593632697707,2.8064753959288335,19.45584219131089,0.035847976587952246,17.19954475710673,0.0025295989541902486,,,35,6
ihdp_disconnected_sweep,ProxyOnly,41,842250535,FEASIBLE,1.6774070262908936,200,0,6,2.1632909686544646,9.248738507350467,1.2388445682119187,1.2388445682119187,0.888148913125771,0.7234051240303471,0.9916085120515414,0.988557070801453,0.9695654034138897,12.852347450458916,12.390611810725794,0.9215044581903566,0.9263158022070237,-0.5573586907007931,0.8589612357288811,1.2798285082880612,2.3855654996460984,21.443742457971375,0.07202471651365272,15.713445165003836,0.028685221696278518,,,36,6
ihdp_disconnected_sweep,IPWTransport,41,842250535,FEASIBLE,0.34550023078918457,200,0,6,2.019532722840809,7.186990701932982,0.8229032372055665,-0.8229032372055665,0.9643008603492748,0.8441827413458226,0.9878844782097785,0.9915240083187706,0.9931314016449256,12.80407983650653,12.42779951807177,0.9801531474730836,0.8023825186879863,2.2431782379344236,0.8959377787397186,1.4688721566974303,2.9785158121868935,21.448084666885876,0.06768250759915162,15.720882706473033,0.021247680227082455,,,36,6
ihdp_disconnected_sweep,EntropyBalancing,41,842250535,FEASIBLE,0.45833921432495117,200,0,6,1.6746818118379632,7.6779707656326135,0.3319231735059347,-0.3319231735059347,0.9609715572004237,0.8435882464575508,0.9890251758809069,0.991352762057986,0.9905875515661239,12.818864545015071,12.425653110945573,0.9787418984646422,0.887981543690713,1.19199760625993,0.8886583802774316,1.0096920251603736,2.1059117035315804,21.485321770989263,0.030445403495765078,15.720453425047793,0.02167696165232158,,,36,6
ihdp_disconnected_sweep,OutcomeModelTransport,41,842250535,FEASIBLE,0.021384716033935547,200,0,6,1.9183726031909771,7.603720456995399,0.4061734821431493,-0.4061734821431493,0.9830261865668906,0.8972414101240722,0.9934198731668231,0.9985712092558191,0.9973835484391746,12.875824701943664,12.51612940184101,0.9896266009561219,0.7666464850535156,2.180528377453514,0.921683083885836,1.448595540637797,2.8845501049166984,21.468051975797398,0.04771519868763008,15.738548683226881,0.0035817034732339437,,,36,6
ihdp_disconnected_sweep,AnchorPlugin,41,842250535,FEASIBLE,2.9522719383239746,200,0,6,2.0219893113038223,7.99832278301832,0.011571156120227855,-0.011571156120227855,0.9512348150861271,0.8166873527632562,0.9920666492580537,0.9963874974411548,0.9885817587506686,12.858285417394976,12.488758675151386,0.9558910858423496,0.8851409346080366,0.9302510356809586,0.823464574473289,0.5199594264519877,1.690579160084764,21.469116883184665,0.04665029130036302,15.733074537888955,0.009055848811160061,,,36,6
ihdp_disconnected_sweep,Glmtrans_OptionB,41,842250535,FEASIBLE,11.69245457649231,200,0,6,1.6546237298099535,8.119426416947924,0.1095324778093758,0.1095324778093758,0.9880014373398925,0.9183459786577178,0.9975510615231511,0.9994857924680882,0.9975284157758761,12.929369490530611,12.52759282250386,0.9934727378371083,0.8078101653737295,1.4509387425240123,0.9254371994720672,1.1800237649658378,2.86972288692726,21.49781486296156,0.01795231152346588,15.740841367359451,0.0012890193406640549,,,36,6
ihdp_disconnected_sweep,ProxyOnly,43,1633831993,FEASIBLE,3.0172042846679688,200,0,6,1.3471001400904965,4.209394137641489,0.6458006014129891,0.6458006014129891,0.8867505549038104,0.7253023635893397,0.9208604650572667,0.9392039390689663,0.9377886656033019,6.480435495103619,6.251474175355145,0.9178417510046913,0.9074984351157808,-0.2564250564666938,0.8442455720061082,0.7435161319587392,1.775830754168943,14.943808821309965,0.014371793757817386,12.341781162344464,0.07842387114502891,,,44,6
ihdp_disconnected_sweep,IPWTransport,43,1633831993,FEASIBLE,0.6179430484771729,200,0,6,1.0496327143461228,3.2724746615173093,0.2911188747111906,-0.2911188747111906,0.9528021697381276,0.8197786551830665,0.981258115701792,0.9830441474362404,0.9790125657458479,6.905476089102091,6.543280799081494,0.9608233119129287,0.9138515317638181,0.5730375541426254,0.8881756798152864,0.4552756293842783,0.8466553579856915,14.86747785400679,0.09070276106099229,12.398332833609262,0.02187219988023159,,,44,6
ihdp_disconnected_sweep,EntropyBalancing,43,1633831993,FEASIBLE,0.8884048461914062,200,0,6,0.9697140063621709,3.5945334154650204,0.03093987923652053,0.03093987923652053,0.9570474055006858,0.8303580315854889,0.9750124988851943,0.9831569636299222,0.99167495353402,6.861523374827861,6.544031719613261,0.9661366872001454,0.940496222532106,0.18294843721821938,0.8929910905633328,0.2724338589824249,1.0955404336930252,14.929343172573105,0.02883744249467668,12.398478360844098,0.02172667264539463,,,44,6
ihdp_disconnected_sweep,OutcomeModelTransport,43,1633831993,FEASIBLE,0.010425806045532227,200,0,6,0.8053855721510029,3.2859655583976295,0.27762797783087034,-0.27762797783087034,0.9752400737224328,0.8820247535508082,0.981258115701792,0.9834733149769238,0.989123573994935,6.905476089102091,6.546137398895313,0.9842107585361863,0.9459052064278893,0.45538160639745545,0.93577619169661,0.4820376317484269,0.848146714035008,14.9336911486539,0.02448946641388261,12.398886438224341,0.021318595265151785,,,44,6
ihdp_disconnected_sweep,AnchorPlugin,43,1633831993,FEASIBLE,2.0256505012512207,200,0,6,0.908242854909066,3.8685351294732384,0.3049415932447386,0.3049415932447386,0.9580380537933328,0.839215183922401,0.9900731071900282,0.9767612929826868,0.9877632285467411,6.967510442727914,6.501461231754251,0.9707804858660941,0.9441826531620541,-0.08901022616815255,0.9170448037792586,0.4761901633170211,1.2048646828333034,14.957037535591866,0.0011430794759164087,12.39022826629778,0.029976767191712383,,,44,6
ihdp_disconnected_sweep,Glmtrans_OptionB,43,1633831993,FEASIBLE,8.86989974975586,200,0,6,0.6893951525905143,3.350654061458316,0.21293947477018405,-0.21293947477018405,0.9804843531021521,0.8990009621965561,0.9908306027140233,0.9867102512639168,0.9887028900237942,6.972841218743773,6.567682904363982,0.9886375695264243,1.0007264463525498,0.21050540434858034,0.949390617937712,0.45047978673298633,0.8074321867539691,14.949804613776433,0.00837600129134941,12.403061923780283,0.017143109709209625,,,44,6
ihdp_disconnected_sweep,ProxyOnly,44,1485722046,FEASIBLE,3.475259304046631,200,0,6,2.335520950812707,4.813885646396236,1.2292539861626288,1.2292539861626288,0.9461765899549243,0.8044177665219616,0.9107440326915908,0.9540880894118267,0.9834513614813686,9.718692455362913,9.425869885264374,0.952331354909261,0.8890676467895392,-0.6952383233218349,0.8921650553081966,1.3645902578756712,3.406041217113078,18.33512013641006,0.08414605374032647,15.698804641332703,0.09007354403829204,,,47,6
ihdp_disconnected_sweep,IPWTransport,44,1485722046,FEASIBLE,0.2144782543182373,200,0,6,2.3654175750273323,2.33577233830663,1.2488593219269775,-1.2488593219269775,0.9827211604426909,0.8996187540956455,0.9942180177265093,0.9962951862218903,0.9927269120619275,10.60945644552639,9.84285297852537,0.9879884429569463,1.117832395253084,0.9736296725384108,0.8852737631765109,1.7566577247303128,2.5571276712596545,18.157105047698725,0.26216114245166366,15.781609794604394,0.007268390766601129,,,47,6
ihdp_disconnected_sweep,EntropyBalancing,44,1485722046,FEASIBLE,0.1878809928894043,200,0,6,7.972743105322345,8.101027173724313,4.516395513490706,4.516395513490706,0.6024383899208625,0.4358452064936529,0.9076007781466927,0.8863849747143766,0.8357235375012508,9.68515029298332,8.757000042901385,0.6339066303331597,0.4243696667027838,0.1468014585700258,0.395758480632724,5.963487953802508,12.33132436193332,17.804538162741615,0.6147280274087734,15.565979424409559,0.2228987609614368,,,47,6
ihdp_disconnected_sweep,OutcomeModelTransport,44,1485722046,FEASIBLE,0.013882160186767578,200,0,6,2.1623473553435777,2.684488395788437,0.9001432644451701,-0.9001432644451701,0.9834234053967004,0.9028804581666925,1.0,0.9986368083144975,0.9939232295707444,10.67115688547585,9.865986927487025,0.9885249870198061,1.1431482790643868,0.5158633704197392,0.8947160180434137,1.5021289372446522,2.927400621102559,18.305232213841933,0.11403397630845546,15.786203770284722,0.0026744150862736404,,,47,6
ihdp_disconnected_sweep,AnchorPlugin,44,1485722046,FEASIBLE,2.414584159851074,200,0,6,1.9674212293448583,3.743755908934329,0.15912424870072162,0.15912424870072162,0.9776063336282744,0.8745444040494718,0.9890673644173261,0.9792718637547296,0.9963437814763183,10.554493016001402,9.674671838470186,0.9806818590817235,1.0209408978130137,-0.23752185862658043,0.8816763811617125,0.48881277324709405,1.339560865317675,18.40507429397565,0.014191896174736485,15.748212121401941,0.04066606396905392,,,47,6
ihdp_disconnected_sweep,Glmtrans_OptionB,44,1485722046,FEASIBLE,8.167078018188477,200,0,6,2.2439321337288933,2.8838558131778034,0.7007758470558039,-0.7007758470558039,0.9898121216856155,0.9248969606462596,1.0,0.9973421626455089,0.9951769223558009,10.67115688547585,9.85319653448366,0.9938247087274713,1.2233826181108385,0.05657258525398538,0.8893913827142536,1.5144778391415266,3.9335168046474314,18.340653536651583,0.07861265349880497,15.78366383408547,0.005214351285525609,,,47,6
ihdp_disconnected_sweep,ProxyOnly,46,1329006262,FEASIBLE,3.4774439334869385,200,0,6,11.05342270236339,11.376004962254221,4.237647853935073,4.237647853935073,0.9280977702310199,0.7724950474403086,0.9380263537290014,0.9210537220241687,0.9425684832102705,44.97287720959119,39.83645996240144,0.9418132734965755,1.0776335331435987,-5.120807312213984,0.8937425136281761,4.450391038166943,10.458006349089747,81.74256444747212,1.0295275491223492,73.85953141002967,0.6632486881636765,,,13,6
ihdp_disconnected_sweep,IPWTransport,46,1329006262,FEASIBLE,0.25110411643981934,200,0,6,19.224593343687737,-5.346383004769458,12.484740113088606,-12.484740113088606,0.9385003798203672,0.783338546554061,0.9451115759534809,0.9758058999064315,0.9654161127563252,45.31257217427684,42.20454435303573,0.9392380099966451,0.9032720670263843,11.967595536151988,0.781557529448022,13.833105754281169,20.956696843236173,79.64455947495422,3.127532521640248,74.31951902547661,0.20326107271674232,,,13,6
ihdp_disconnected_sweep,EntropyBalancing,46,1329006262,FEASIBLE,0.09849739074707031,200,0,6,41.15426179472406,21.964891853277937,14.826534744958789,14.826534744958789,0.4273202555967648,0.29892607653008024,0.6357120158176971,0.6514685098897645,0.6028309655417301,30.478672922542064,28.176640070412677,0.47767173375935523,0.3551157294775116,-0.661721485052298,0.247301416120716,30.389488517564704,46.503507916960494,75.69784981125933,7.074242185335137,71.59467430870812,2.9281057894852296,,,13,6
ihdp_disconnected_sweep,OutcomeModelTransport,46,1329006262,FEASIBLE,0.013202428817749023,200,0,6,16.98800423496581,-4.360636016056306,11.498993124375454,-11.498993124375454,0.9650297153581482,0.8442289646543634,0.9608195826529342,0.9800675384843623,0.9838754461592338,46.065679220463345,42.38886432322256,0.9659329631730784,1.059396327616573,11.75799888980176,0.8362479096071715,13.11031918061506,20.4521472609297,79.86593662928689,2.9061553673075764,74.35532218515318,0.16745791304016677,,,13,6
ihdp_disconnected_sweep,AnchorPlugin,46,1329006262,FEASIBLE,1.6084256172180176,200,0,6,8.78771030957547,7.063121381213467,0.0752357271056816,-0.0752357271056816,0.970016533357165,0.8513189448441246,0.9727602571751042,0.9805441730289454,0.9797331634665056,46.63816472361626,42.40947922602134,0.9734243990845534,0.9633912254118823,0.33380794563904026,0.9191631903603266,3.8360705260248955,9.056984477713847,82.2785455943086,0.49354640228587243,74.35932651879037,0.163453579402983,,,13,6
ihdp_disconnected_sweep,Glmtrans_OptionB,46,1329006262,FEASIBLE,7.781020402908325,200,0,6,10.680865933735017,5.390610137372566,1.747746970946582,-1.747746970946582,0.9810715402833013,0.8913564800333645,0.9771608751111801,0.9819616745190746,0.9920708751903456,46.84914861473905,42.47078752976944,0.982396935298922,1.0647444972128872,1.398734627931703,0.8851352451633171,6.534359796197529,13.478401666841563,82.20268709975021,0.5694048968442615,74.37123532599325,0.1515447722000971,,,13,6
ihdp_disconnected_sweep,ProxyOnly,45,1318012580,FEASIBLE,2.4443538188934326,200,0,6,1.4805864260798445,5.6566740877052935,0.41200793615340014,0.41200793615340014,0.8776186947025992,0.6903979554581965,0.9772323266788051,0.9700305194213327,0.9603240554051201,7.881233609190702,7.660704679257739,0.8908367793596456,0.6950203933162595,1.313162302253065,0.8120577653492529,0.8522623677850781,1.6997696943195315,10.823404499808502,0.022460938125332675,7.046599208556768,0.04705094927824938,,,31,6
ihdp_disconnected_sweep,IPWTransport,45,1318012580,FEASIBLE,0.22925639152526855,200,0,6,1.378373704068383,5.677781190634742,0.4331150390828489,0.4331150390828489,0.9372339658033331,0.7788974078130705,0.9806460960807083,0.9875896549398095,0.9940951812152743,7.908765152519548,7.799375936436699,0.937581326118566,0.9023420026415336,0.12136570143410841,0.7168786780873335,0.6192916307935261,2.109782687381233,10.76835418893092,0.0775112490029155,7.07416638618873,0.01948377164628745,,,31,6
ihdp_disconnected_sweep,EntropyBalancing,45,1318012580,FEASIBLE,0.21406841278076172,200,0,6,1.2940213608047266,5.532437683604243,0.28777153205234995,0.28777153205234995,0.9338182342871761,0.7793355239138372,0.9839821409429045,0.9872934042698699,0.9874315426082787,7.935669858976675,7.7970363307768755,0.9386357632112122,0.9418516401664133,0.033930645130768114,0.731810885036069,0.568862952340439,1.864298574286262,10.76835418893092,0.0775112490029155,7.073701283858765,0.019948873976252557,,,31,6
ihdp_disconnected_sweep,OutcomeModelTransport,45,1318012580,FEASIBLE,0.02017998695373535,200,0,6,1.5089301386269718,6.0230648128382365,0.7783986612863432,0.7783986612863432,0.9465052370614742,0.8010952902519168,0.9910883334239332,0.9906402486550793,0.9925448069796446,7.992980246164951,7.823467650131462,0.9496979878796006,0.8139169466856087,0.3423916293970683,0.7549863754526828,0.8257201663011011,2.790690757698588,10.76835418893092,0.0775112490029155,7.0789557027666055,0.014694455068411827,,,31,6
ihdp_disconnected_sweep,AnchorPlugin,45,1318012580,FEASIBLE,1.7174720764160156,200,0,6,0.8287261029464699,5.393861822322558,0.14919567077066453,0.14919567077066453,0.9637859002695596,0.8357064622124863,0.9878465430211707,0.9978839766184686,0.9931494778340274,7.966835687927674,7.880674160229217,0.9707377481650384,0.9865908194054774,-0.0768684034932421,0.8870300451511963,0.31895921080660355,1.0962419754614636,10.78397656451334,0.06188887342049476,7.090328081280015,0.0033220765550021625,,,31,6
ihdp_disconnected_sweep,Glmtrans_OptionB,45,1318012580,FEASIBLE,7.283382415771484,200,0,6,1.4927646966803267,6.086626208003483,0.8419600564515894,0.8419600564515894,0.9505112447612991,0.811171960569551,0.9919583970886133,0.9932254750094409,0.9925448069796446,7.999997180428185,7.843884178512047,0.9537752998230924,0.8443802854387942,0.10523897667866793,0.7673837639311454,0.8438393024114715,2.748418291863622,10.76835418893092,0.0775112490029155,7.083014410215758,0.010635747619259561,,,31,6
ihdp_disconnected_sweep,ProxyOnly,48,1082826367,FEASIBLE,2.5755600929260254,200,0,6,1.082929424864782,3.5475190316504324,0.2283225561513862,0.2283225561513862,0.920372266575506,0.7734068777184632,0.9873662299120701,0.9556219611071217,0.9658460990394043,7.489158327728034,6.552054993713144,0.9296783266131168,0.9830527393970027,-0.16820182662791378,0.8705588810485051,0.348748807958713,0.7782828157775928,12.604658930439637,0.06616322609007952,10.367333925596308,0.05945511006943072,,,18,6
ihdp_disconnected_sweep,IPWTransport,48,1082826367,FEASIBLE,0.17891812324523926,200,0,6,1.7222685888986426,2.6566036877483294,0.6625927877507167,-0.6625927877507167,0.924455535650989,0.7675593130445887,0.983608247100059,0.986492219671764,0.9807157069228812,7.46065408338646,6.763711527381909,0.9302214510585533,0.7891521298701285,1.2227320170916143,0.7618906969670154,0.994099789757344,1.8313462315703073,12.52789037503354,0.14293178149617702,10.408692098841929,0.01809693682380953,,,18,6
ihdp_disconnected_sweep,EntropyBalancing,48,1082826367,FEASIBLE,0.1350100040435791,200,0,6,1.6302972854903208,2.877741951035292,0.441454524463754,-0.441454524463754,0.9236434377846517,0.7687554058187903,0.9812177487404856,0.9859220258235165,0.9717655666432332,7.442522188498164,6.759802092895423,0.9304638385990519,0.8040564945943994,1.0053293700023604,0.7600695676664926,0.8458324342435078,1.7671836936628917,12.586339388669131,0.08448276786058528,10.407928186356063,0.018860849309675132,,,18,6
ihdp_disconnected_sweep,OutcomeModelTransport,48,1082826367,FEASIBLE,0.02698540687561035,200,0,6,1.4539665565540114,2.7908918579848123,0.5283046175142339,-0.5283046175142339,0.9174724051902393,0.7550667885140387,0.9852653139905826,0.9751377107097956,0.9667860796868202,7.473222911372275,6.685861320738231,0.9298141453669772,0.907304522655004,0.7870076705083994,0.7959333154624019,0.8061791871776993,1.401958182451526,12.569175156322572,0.10164700020714434,10.393479989497761,0.03330904616797703,,,18,6
ihdp_disconnected_sweep,AnchorPlugin,48,1082826367,FEASIBLE,1.3282034397125244,200,0,6,0.9346252594190465,3.2381984835133193,0.08099799198572688,-0.08099799198572688,0.9516818854363036,0.8123463424785817,0.9794118931626399,0.9720636003459127,0.9767039807902044,7.428824800507994,6.664784220189422,0.9586187444963851,0.9378537370660543,0.2822399263744497,0.9036246067944996,0.2072998858974296,0.6255220394357899,12.629460041066134,0.04136211546358304,10.38936147559742,0.037427560068318044,,,18,6
ihdp_disconnected_sweep,Glmtrans_OptionB,48,1082826367,FEASIBLE,8.189565181732178,200,0,6,1.440475023877261,2.747034014055831,0.5721624614432153,-0.5721624614432153,0.9352679410438935,0.7817795271378742,0.9862830900940576,0.9816518207312195,0.9723998689287422,7.480942728143587,6.730524177843377,0.9436386135332386,0.9611287780042485,0.6789430304334585,0.7990383088343515,0.814375314725448,1.1909611370158046,12.592408113232377,0.07841404329733948,10.40220721444934,0.024581821216397515,,,18,6
ihdp_disconnected_sweep,ProxyOnly,47,1324790325,FEASIBLE,2.445624351501465,200,0,6,6.389670583272077,5.001502947506333,0.9421386804714924,0.9421386804714924,0.8971609878502474,0.7336587177864692,0.9983062283848473,0.9622295368524798,0.9573589149391655,19.550190579445605,17.034833656460588,0.9259207965096872,0.8915668518894332,-0.3998099705891007,0.8376217053545363,2.432278054855646,6.024417641391856,34.982192181543404,0.3862536543625339,30.546980420851025,0.13197424620100762,,,26,6
ihdp_disconnected_sweep,IPWTransport,47,1324790325,FEASIBLE,0.22001028060913086,200,0,6,7.057590187341954,0.28483103974011675,3.7745332272947243,-3.7745332272947243,0.966689106304574,0.8554994029213567,0.9980994106168889,0.9895222116579785,0.9849352114370888,19.546140392575246,17.518009611412406,0.9792733231907935,1.123618178821447,3.7393229328902313,0.8547336042040137,5.336740093548368,7.185496227459267,34.59056936858951,0.7778764673164247,30.642344096170458,0.03661057088157449,,,26,6
ihdp_disconnected_sweep,EntropyBalancing,47,1324790325,FEASIBLE,0.09404492378234863,200,0,6,6.985669702250839,-0.12460602411320876,4.18397029114805,-4.18397029114805,0.9747383276949442,0.8701412019933603,0.9961903168767369,0.9818724792895732,0.977685543956357,19.50875392197856,17.38258255017452,0.9825012647319904,0.9891719365886765,4.182621049217517,0.8631692343574968,5.030916156045909,8.149988839640606,34.64955836947682,0.7188874664291163,30.615615070926136,0.06333959612589624,,,26,6
ihdp_disconnected_sweep,OutcomeModelTransport,47,1324790325,FEASIBLE,0.007106781005859375,200,0,6,5.5683758622309645,2.905814301944286,1.153549965090555,-1.153549965090555,0.9838144185515875,0.9079658495960365,0.9927818906343335,0.9954992589511173,0.9866046661943908,19.442005482751874,17.623824287116992,0.9906400630821223,1.0612185254282538,0.9756602983571959,0.8730503811988815,3.7006622266299596,7.047570026295329,34.98479841457841,0.38364742132753094,30.663228571638474,0.01572609541355874,,,26,6
ihdp_disconnected_sweep,AnchorPlugin,47,1324790325,FEASIBLE,1.5430316925048828,200,0,6,5.395170845182176,4.112292849610386,0.05292858257554478,0.05292858257554478,0.9364075629588873,0.7869967001201967,0.949185274229265,0.9735154270066041,0.9707313926994631,18.588237234989823,17.234633448586557,0.9558871864560116,0.9137782226997119,0.30164061569712913,0.8804831120960466,1.7118984722291342,4.537971402058787,35.074608952563445,0.29383688334249314,30.586414590349573,0.09254007670245912,,,26,6
ihdp_disconnected_sweep,Glmtrans_OptionB,47,1324790325,FEASIBLE,8.52434515953064,200,0,6,5.722944190245296,2.379557389694059,1.679806877340782,-1.679806877340782,0.9860185144109758,0.9126721421548948,0.997545470473753,0.9955750609282845,0.9885734574944888,19.5352923831569,17.625166247660104,0.9914405913668003,1.0863168087878845,1.4744110771347627,0.8745543042830566,3.925303465731051,6.942565440052228,34.965547153970576,0.40289868193536194,30.66349343227198,0.01546123478005157,,,26,6
ihdp_disconnected_sweep,ProxyOnly,49,544979024,FEASIBLE,1.996086835861206,200,0,6,1.174613088214531,4.9312770920409,0.43608953360572755,-0.43608953360572755,0.9081099895579534,0.7408980160111382,0.9854458989406425,0.9869216185603856,0.9924610769051638,7.314049403542754,7.2158208513554625,0.9275483005776879,0.7639449947198226,1.6001421736054604,0.8762543838823087,0.724022705792418,1.5615087771653617,9.96569363145135,0.018548125404178606,5.923368326651414,0.019124367268721798,,,25,6
ihdp_disconnected_sweep,IPWTransport,49,544979024,FEASIBLE,0.3253481388092041,200,0,6,1.6384158014527441,5.571916789843852,0.20455016419722494,0.20455016419722494,0.7517553019339159,0.569926905673512,0.979447589050928,0.9610703979318125,0.9506585725919856,7.269529521813789,7.026811133322586,0.8110376624021874,0.8649622086430538,0.5478691727279764,0.552713985512443,0.6162431705190186,1.5414082178688817,9.965266008122452,0.018975748733076614,5.885566383044838,0.05692631087529776,,,25,6
ihdp_disconnected_sweep,EntropyBalancing,49,544979024,FEASIBLE,0.30060768127441406,200,0,6,1.567946191106476,5.507041486377728,0.1396748607311009,0.1396748607311009,0.8206410561733258,0.6357814131569789,0.9862688722310133,0.9783915852092622,0.9745541490570166,7.320157569714067,7.153454001384562,0.8607178920916968,1.0404435045877565,-0.36239891835038185,0.5756152648450719,0.43976841757956375,1.2009934531295618,9.904588306418033,0.07965345043749572,5.910894956657234,0.03159773726290194,,,25,6
ihdp_disconnected_sweep,OutcomeModelTransport,49,544979024,FEASIBLE,0.013500690460205078,200,0,6,1.756044501038749,6.341886117730797,0.9745194920841698,0.9745194920841698,0.9158065717722779,0.7534284719805082,0.9919301655974598,0.9920851335618412,0.9955083292544749,7.362176090887732,7.25357359535568,0.9348371413558446,0.7961536968867327,0.31825054778060324,0.6719665888377557,1.0359054101107776,3.094840286068999,9.965266008122452,0.018975748733076614,5.930918875451457,0.011573818468678887,,,25,6
ihdp_disconnected_sweep,AnchorPlugin,49,544979024,FEASIBLE,1.3372983932495117,200,0,6,0.8994075209421596,5.365765390152901,0.0016012354937267048,-0.0016012354937267048,0.8881931595434811,0.7187608771319179,0.9773525047728758,0.9823699952623843,0.9724147702446907,7.253979657604367,7.18254191847613,0.9213353756700796,0.914176214504295,0.4621115333584888,0.8665926314013181,0.35743631510497986,0.9722979470747708,9.958470393105177,0.025771363750351384,5.916712540075547,0.02578015384458876,,,25,6
ihdp_disconnected_sweep,Glmtrans_OptionB,49,544979024,FEASIBLE,7.372868299484253,200,0,6,1.6416492797299678,6.204586264026744,0.8372196383801169,0.8372196383801169,0.9252691422255606,0.7672119735468153,0.9949739803389664,0.9895224388456976,0.9935334126389311,7.384767499932656,7.234836599812526,0.9422688291945633,0.8524076684186523,0.0785297148251963,0.672473943618742,0.837219638380116,2.6724411153515533,9.965266008122452,0.018975748733076614,5.927171476342826,0.015321217577310087,,,25,6
