benchmark_id,scenario_id,rep,method,feasibility,seed,m0,m1,n_proxy_total,C_sources,nontransfer_scale,overlap_lambda,intercept_drift_scale,pehe,ate_hat,ate_abs_err,ate_bias,tau_corr,tau_kendall,qini_auc,topk_10_ratio,topk_20_ratio,topk_30_ratio,topk_10_captured,topk_20_captured,calib_slope,calib_intercept,calib_r2,tau_ece,tau_mce,policy_value,policy_regret,policy_value_top20,policy_regret_top20,stage2_lambda,stage2_n_selected,stepb_M_fro_norm,stepb_M_effective_rank,runtime_sec
gold_fair_sweep,ce4daf7737a1,1,TargetOnlyDR,infeasible_no_target_treated,1708536315,500,0,20000,10,0.1,0.25,0.5,,,,,,,,,,,,,,,,,,,,,,,,,,0.0
gold_fair_sweep,ce4daf7737a1,1,ProxyOnly,FeasibleRestricted,1708536315,500,0,20000,10,0.1,,,3.5591724903245225,3.011962655000331,1.8107010316284702,1.8107010316284702,0.6921681921681923,0.5013013013013012,0.7072305745333543,0.7151401130255409,0.7651907484850474,0.7739040139222133,6.327666933693345,5.4999631648254965,1.0722409895866738,-2.028288194423801,0.4787479482307929,1.8107010316284706,2.8807886410339836,0.27875245173823876,0.7411915012353159,-0.22943817823532298,0.3375477909656721,0.0,0.0,,,5.442672252655029
gold_fair_sweep,ce4daf7737a1,1,AnchorOnly,infeasible_no_target_treated,1708536315,500,0,20000,10,0.1,0.25,0.5,,,,,,,,,,,,,,,,,,,,,,,,,,0.0
gold_fair_sweep,ce4daf7737a1,1,AnchorPlugin,FeasibleRestricted,1708536315,500,0,20000,10,0.1,,,2.4819405168406052,1.9664712268699718,0.7652096034981111,0.7652096034981111,0.8220750180750181,0.6293413413413413,0.8343677177922845,0.8271113975505102,0.8535893730963009,0.861146093187805,7.318405645879824,6.135346146318288,0.9763425828520291,-0.718687973374566,0.6896366693634663,0.7652096034981116,1.07503792414752,0.7464773525918347,0.2734666003817199,-0.10236158193676446,0.21047119466711361,0.0045156305910627895,30.0,,,5.113314628601074
gold_fair_sweep,ce4daf7737a1,1,ProposedA,infeasible_no_target_treated,1708536315,500,0,20000,10,0.1,0.25,0.5,,,,,,,,,,,,,,,,,,,,,,,,,,0.0
gold_fair_sweep,ce4daf7737a1,1,ProposedA_Together,infeasible_no_target_treated,1708536315,500,0,20000,10,0.1,0.25,0.5,,,,,,,,,,,,,,,,,,,,,,,,,,0.0
gold_fair_sweep,ce4daf7737a1,1,ProposedA_JointProxy,infeasible_no_target_treated,1708536315,500,0,20000,10,0.1,0.25,0.5,,,,,,,,,,,,,,,,,,,,,,,,,,0.0
gold_fair_sweep,ce4daf7737a1,1,ProposedA_FullyJoint,infeasible_no_target_treated,1708536315,500,0,20000,10,0.1,0.25,0.5,,,,,,,,,,,,,,,,,,,,,,,,,,0.0
gold_fair_sweep,ce4daf7737a1,1,ProposedA_Direct,infeasible_no_target_treated,1708536315,500,0,20000,10,0.1,0.25,0.5,,,,,,,,,,,,,,,,,,,,,,,,,,0.0
gold_fair_sweep,ce4daf7737a1,1,ProposedA_Together_Direct,infeasible_no_target_treated,1708536315,500,0,20000,10,0.1,0.25,0.5,,,,,,,,,,,,,,,,,,,,,,,,,,0.0
gold_fair_sweep,ce4daf7737a1,1,ProposedA_FullyDirect,infeasible_no_target_treated,1708536315,500,0,20000,10,0.1,0.25,0.5,,,,,,,,,,,,,,,,,,,,,,,,,,0.0
gold_fair_sweep,ce4daf7737a1,1,ProposedA_NoCrossfit,infeasible_no_target_treated,1708536315,500,0,20000,10,0.1,0.25,0.5,,,,,,,,,,,,,,,,,,,,,,,,,,0.0
gold_fair_sweep,ce4daf7737a1,1,ProposedA_Direct_NoCrossfit,infeasible_no_target_treated,1708536315,500,0,20000,10,0.1,0.25,0.5,,,,,,,,,,,,,,,,,,,,,,,,,,0.0
gold_fair_sweep,ce4daf7737a1,1,ProposedA_Together_NoCrossfit,infeasible_no_target_treated,1708536315,500,0,20000,10,0.1,0.25,0.5,,,,,,,,,,,,,,,,,,,,,,,,,,0.0
gold_fair_sweep,ce4daf7737a1,1,ProposedA_Together_Direct_NoCrossfit,infeasible_no_target_treated,1708536315,500,0,20000,10,0.1,0.25,0.5,,,,,,,,,,,,,,,,,,,,,,,,,,0.0
gold_fair_sweep,ce4daf7737a1,1,ProposedB_LinearStepB,infeasible_no_target_treated,1708536315,500,0,20000,10,0.1,0.25,0.5,,,,,,,,,,,,,,,,,,,,,,,,,,0.0
gold_fair_sweep,ce4daf7737a1,1,ProposedB_SourceDR,FeasibleRestricted,1708536315,500,0,20000,10,0.1,,,3.3030444978019857,0.40973458295667287,0.7915270404151878,-0.7915270404151878,0.6583675183675184,0.47312512512512517,0.6753371936289323,0.7793739707178816,0.7385418586094193,0.7198327390733292,6.896017736480535,5.308418882580022,1.304015008315256,0.6669615777705674,0.45123287099120446,0.818538744770673,2.908232380318968,0.4809450157830104,0.5389989371905441,-0.26774703468441785,0.375856647414767,0.0041641689255954096,30.0,8.549062243679378,10.0,26.123478412628174
gold_fair_sweep,ce4daf7737a1,1,IPWTransport,FeasibleRestricted,1708536315,500,0,20000,10,0.1,,,2.2016031864679784,1.5258239648087524,0.32456234143689167,0.32456234143689167,0.8459060099060101,0.6576936936936938,0.8577304225167005,0.8775724985587596,0.8707827444303073,0.8871839379987582,7.7648930327176195,6.258926977899723,0.9862050307355316,-0.30351364673936604,0.7358011285151125,0.3245623414368919,0.6211932765147523,0.8016167862904024,0.2183271666831521,-0.07764541562047739,0.18575502835082652,,,,,1.1229009628295898
gold_fair_sweep,ce4daf7737a1,1,EntropyBalancing,FeasibleRestricted,1708536315,500,0,20000,10,0.1,,,2.20387327777391,1.5347135864545611,0.3334519630827004,0.3334519630827004,0.8457749457749458,0.6574734734734735,0.8575915093815346,0.8775724985587596,0.8707827444303073,0.8852658921477873,7.7648930327176195,6.258926977899723,0.9859637398868678,-0.31191032398406654,0.7355748059102089,0.3334519630827011,0.59751428124869,0.8016167862904024,0.2183271666831521,-0.07764541562047739,0.18575502835082652,,,,,2.5249338150024414
gold_fair_sweep,ce4daf7737a1,1,OutcomeModelTransport,FeasibleRestricted,1708536315,500,0,20000,10,0.1,,,2.1902436380032078,1.550724110293346,0.3494624869214853,0.3494624869214853,0.8478268878268879,0.6601121121121121,0.8595645976170608,0.8770228672011344,0.8754287189768524,0.8837173892840372,7.760029812064744,6.292320858995782,0.9997824374799567,-0.34912510747615744,0.7393740888209209,0.34946248692148546,0.5911747393872129,0.7936763840524257,0.22626756892112887,-0.07096663940126546,0.1790762521316146,,,,,0.14368796348571777
gold_fair_sweep,ce4daf7737a1,1,DRLearner_PooledWithSite,infeasible_no_target_treated,1708536315,500,0,20000,10,0.1,0.25,0.5,,,,,,,,,,,,,,,,,,,,,,,,,,0.0
gold_fair_sweep,ce4daf7737a1,1,DRLearner_PooledNoSite,infeasible_no_target_treated,1708536315,500,0,20000,10,0.1,0.25,0.5,,,,,,,,,,,,,,,,,,,,,,,,,,0.0
gold_fair_sweep,ce4daf7737a1,0,TargetOnlyDR,infeasible_no_target_treated,819564364,500,0,20000,10,0.1,0.25,0.5,,,,,,,,,,,,,,,,,,,,,,,,,,0.0
gold_fair_sweep,ce4daf7737a1,0,ProxyOnly,FeasibleRestricted,819564364,500,0,20000,10,0.1,,,4.217055728433222,-0.6187766662501554,1.3891879541269203,-1.3891879541269203,0.4642831042831043,0.3226026026026026,0.48656433953250044,0.5943954081130021,0.5780635220167697,0.5729668508654849,5.282980988165483,4.1578357585549615,1.2203832107693682,1.5255559425842957,0.2340194811725933,1.3891879541269205,2.8229006401433954,1.4286369477297358,1.0663823670496335,1.1300696941818407,0.6069722475747295,0.0,0.0,,,5.158937215805054
gold_fair_sweep,ce4daf7737a1,0,AnchorOnly,infeasible_no_target_treated,819564364,500,0,20000,10,0.1,0.25,0.5,,,,,,,,,,,,,,,,,,,,,,,,,,0.0
gold_fair_sweep,ce4daf7737a1,0,AnchorPlugin,FeasibleRestricted,819564364,500,0,20000,10,0.1,,,3.564425104723835,0.060798031523830454,0.7096132563529346,-0.7096132563529346,0.6156899076899077,0.43912712712712715,0.6337331293432196,0.6952431071341861,0.7090294426932788,0.6776607478390976,6.179314421023805,5.099833942839396,0.9358015090130455,0.713516398231742,0.4065141755648928,0.728600353678427,1.441930502929103,1.8188353425250379,0.6761839722543315,1.3184693310387277,0.41857261071784246,0.0042476987351421375,30.0,,,5.100856304168701
gold_fair_sweep,ce4daf7737a1,0,ProposedA,infeasible_no_target_treated,819564364,500,0,20000,10,0.1,0.25,0.5,,,,,,,,,,,,,,,,,,,,,,,,,,0.0
gold_fair_sweep,ce4daf7737a1,0,ProposedA_Together,infeasible_no_target_treated,819564364,500,0,20000,10,0.1,0.25,0.5,,,,,,,,,,,,,,,,,,,,,,,,,,0.0
gold_fair_sweep,ce4daf7737a1,0,ProposedA_JointProxy,infeasible_no_target_treated,819564364,500,0,20000,10,0.1,0.25,0.5,,,,,,,,,,,,,,,,,,,,,,,,,,0.0
gold_fair_sweep,ce4daf7737a1,0,ProposedA_FullyJoint,infeasible_no_target_treated,819564364,500,0,20000,10,0.1,0.25,0.5,,,,,,,,,,,,,,,,,,,,,,,,,,0.0
gold_fair_sweep,ce4daf7737a1,0,ProposedA_Direct,infeasible_no_target_treated,819564364,500,0,20000,10,0.1,0.25,0.5,,,,,,,,,,,,,,,,,,,,,,,,,,0.0
gold_fair_sweep,ce4daf7737a1,0,ProposedA_Together_Direct,infeasible_no_target_treated,819564364,500,0,20000,10,0.1,0.25,0.5,,,,,,,,,,,,,,,,,,,,,,,,,,0.0
gold_fair_sweep,ce4daf7737a1,0,ProposedA_FullyDirect,infeasible_no_target_treated,819564364,500,0,20000,10,0.1,0.25,0.5,,,,,,,,,,,,,,,,,,,,,,,,,,0.0
gold_fair_sweep,ce4daf7737a1,0,ProposedA_NoCrossfit,infeasible_no_target_treated,819564364,500,0,20000,10,0.1,0.25,0.5,,,,,,,,,,,,,,,,,,,,,,,,,,0.0
gold_fair_sweep,ce4daf7737a1,0,ProposedA_Direct_NoCrossfit,infeasible_no_target_treated,819564364,500,0,20000,10,0.1,0.25,0.5,,,,,,,,,,,,,,,,,,,,,,,,,,0.0
gold_fair_sweep,ce4daf7737a1,0,ProposedA_Together_NoCrossfit,infeasible_no_target_treated,819564364,500,0,20000,10,0.1,0.25,0.5,,,,,,,,,,,,,,,,,,,,,,,,,,0.0
gold_fair_sweep,ce4daf7737a1,0,ProposedA_Together_Direct_NoCrossfit,infeasible_no_target_treated,819564364,500,0,20000,10,0.1,0.25,0.5,,,,,,,,,,,,,,,,,,,,,,,,,,0.0
gold_fair_sweep,ce4daf7737a1,0,ProposedB_LinearStepB,infeasible_no_target_treated,819564364,500,0,20000,10,0.1,0.25,0.5,,,,,,,,,,,,,,,,,,,,,,,,,,0.0
gold_fair_sweep,ce4daf7737a1,0,ProposedB_SourceDR,FeasibleRestricted,819564364,500,0,20000,10,0.1,,,4.4879212268983055,0.06739817463005553,0.7030131132467096,-0.7030131132467096,0.23374816174816176,0.1589029029029029,0.24986454394339097,0.30205262834910984,0.37720628375454895,0.3368802849698325,2.6846410170961343,2.7131305041953415,0.6286775704393522,0.728039567198295,0.06339174996673058,0.9887700038144381,2.0291199751828657,1.063149798766028,1.4318695160133412,0.8411286433099167,0.8959132984466535,0.004427870509385892,30.0,11.014538409207264,10.0,28.01822566986084
gold_fair_sweep,ce4daf7737a1,0,IPWTransport,FeasibleRestricted,819564364,500,0,20000,10,0.1,,,4.01103339915193,0.6647596486519902,0.10565163922477483,-0.10565163922477483,0.5167517047517047,0.3599039039039039,0.5314600115683649,0.6296673175349451,0.6423854458033574,0.6212340106278558,5.596477398718161,4.620483866579261,0.6674836737779367,0.32669507541520487,0.28660797221079937,1.054774704042529,2.56535062756759,1.60234812577911,0.8926711890002594,1.2225993157867006,0.5144426259698696,,,,,1.103940725326538
gold_fair_sweep,ce4daf7737a1,0,EntropyBalancing,FeasibleRestricted,819564364,500,0,20000,10,0.1,,,4.038019244451797,0.6866562364627243,0.08375505141404072,-0.08375505141404072,0.5107157707157708,0.3552072072072072,0.5252833542195283,0.6282761758405243,0.6379776830515858,0.6162114909359978,5.584112943974472,4.588780164673623,0.6580762330687818,0.3185391383721887,0.28036933529399366,1.0759745758862072,2.4753224817878823,1.608509595008064,0.8865097197713054,1.216258575405573,0.5207833663509971,,,,,2.3010196685791016
gold_fair_sweep,ce4daf7737a1,0,OutcomeModelTransport,FeasibleRestricted,819564364,500,0,20000,10,0.1,,,3.978075739309961,0.8181097310690989,0.04769844319233385,0.04769844319233385,0.5242328482328482,0.3663823823823824,0.5391635767446884,0.6429959582181304,0.6439643382486432,0.6286124656758073,5.714942236040676,4.631840361528152,0.6763103779211975,0.21711518647641406,0.2956111075811301,1.0822477292259016,2.37876450297312,1.6134224212741661,0.8815968935052032,1.2248706147764787,0.5121713269800914,,,,,0.04266667366027832
gold_fair_sweep,ce4daf7737a1,0,DRLearner_PooledWithSite,infeasible_no_target_treated,819564364,500,0,20000,10,0.1,0.25,0.5,,,,,,,,,,,,,,,,,,,,,,,,,,0.0
gold_fair_sweep,ce4daf7737a1,0,DRLearner_PooledNoSite,infeasible_no_target_treated,819564364,500,0,20000,10,0.1,0.25,0.5,,,,,,,,,,,,,,,,,,,,,,,,,,0.0
gold_fair_sweep,0cb8fe452618,1,TargetOnlyDR,infeasible_no_target_treated,192860223,100,0,20000,10,0.1,0.25,0.5,,,,,,,,,,,,,,,,,,,,,,,,,,0.0
gold_fair_sweep,0cb8fe452618,1,ProxyOnly,FeasibleRestricted,192860223,100,0,20000,10,0.1,,,4.047252389618589,-1.634126973212692,1.219193787127298,-1.219193787127298,0.3870656310656311,0.2700860860860861,0.4048221319771528,0.40322244680082253,0.3532917119451113,0.2994666426305796,2.8178341530851747,1.8989676510751519,0.6593275201986017,0.6624916988525776,0.15916990042031454,1.4832302761146356,3.250575040973967,1.2336523032097602,1.0304546892359614,1.2279646454505622,0.6952204522076215,0.0,0.0,,,5.064045429229736
gold_fair_sweep,0cb8fe452618,1,AnchorOnly,infeasible_no_target_treated,192860223,100,0,20000,10,0.1,0.25,0.5,,,,,,,,,,,,,,,,,,,,,,,,,,0.0
gold_fair_sweep,0cb8fe452618,1,AnchorPlugin,FeasibleRestricted,192860223,100,0,20000,10,0.1,,,2.5881540841331416,-1.0187284444492006,0.6037952583638067,-0.6037952583638067,0.7733536253536254,0.5786626626626626,0.7905625749958924,0.8051332077769706,0.7762322884713538,0.7525158424527848,5.626501869271287,4.172302818573193,1.1025113366164876,0.7082264728535296,0.6297885648369749,0.6037952583638065,1.444871567670984,1.9171025063877363,0.3470044860579853,1.6826316789501705,0.24055341870801317,0.02695457820425674,27.0,,,4.675741910934448
gold_fair_sweep,0cb8fe452618,1,ProposedA,infeasible_no_target_treated,192860223,100,0,20000,10,0.1,0.25,0.5,,,,,,,,,,,,,,,,,,,,,,,,,,0.0
gold_fair_sweep,0cb8fe452618,1,ProposedA_Together,infeasible_no_target_treated,192860223,100,0,20000,10,0.1,0.25,0.5,,,,,,,,,,,,,,,,,,,,,,,,,,0.0
gold_fair_sweep,0cb8fe452618,1,ProposedA_JointProxy,infeasible_no_target_treated,192860223,100,0,20000,10,0.1,0.25,0.5,,,,,,,,,,,,,,,,,,,,,,,,,,0.0
gold_fair_sweep,0cb8fe452618,1,ProposedA_FullyJoint,infeasible_no_target_treated,192860223,100,0,20000,10,0.1,0.25,0.5,,,,,,,,,,,,,,,,,,,,,,,,,,0.0
gold_fair_sweep,0cb8fe452618,1,ProposedA_Direct,infeasible_no_target_treated,192860223,100,0,20000,10,0.1,0.25,0.5,,,,,,,,,,,,,,,,,,,,,,,,,,0.0
gold_fair_sweep,0cb8fe452618,1,ProposedA_Together_Direct,infeasible_no_target_treated,192860223,100,0,20000,10,0.1,0.25,0.5,,,,,,,,,,,,,,,,,,,,,,,,,,0.0
gold_fair_sweep,0cb8fe452618,1,ProposedA_FullyDirect,infeasible_no_target_treated,192860223,100,0,20000,10,0.1,0.25,0.5,,,,,,,,,,,,,,,,,,,,,,,,,,0.0
gold_fair_sweep,0cb8fe452618,1,ProposedA_NoCrossfit,infeasible_no_target_treated,192860223,100,0,20000,10,0.1,0.25,0.5,,,,,,,,,,,,,,,,,,,,,,,,,,0.0
gold_fair_sweep,0cb8fe452618,1,ProposedA_Direct_NoCrossfit,infeasible_no_target_treated,192860223,100,0,20000,10,0.1,0.25,0.5,,,,,,,,,,,,,,,,,,,,,,,,,,0.0
gold_fair_sweep,0cb8fe452618,1,ProposedA_Together_NoCrossfit,infeasible_no_target_treated,192860223,100,0,20000,10,0.1,0.25,0.5,,,,,,,,,,,,,,,,,,,,,,,,,,0.0
gold_fair_sweep,0cb8fe452618,1,ProposedA_Together_Direct_NoCrossfit,infeasible_no_target_treated,192860223,100,0,20000,10,0.1,0.25,0.5,,,,,,,,,,,,,,,,,,,,,,,,,,0.0
gold_fair_sweep,0cb8fe452618,1,ProposedB_LinearStepB,infeasible_no_target_treated,192860223,100,0,20000,10,0.1,0.25,0.5,,,,,,,,,,,,,,,,,,,,,,,,,,0.0
gold_fair_sweep,0cb8fe452618,1,ProposedB_SourceDR,FeasibleRestricted,192860223,100,0,20000,10,0.1,,,3.2472345323980054,-0.20260618966000102,0.21232699642539296,0.21232699642539296,0.616018672018672,0.43981581581581586,0.6448217379294648,0.6616388725289741,0.6583565948956662,0.6220769982536837,4.623722282360568,3.5387127246650327,1.4864164609371882,-0.11377601068700657,0.4225463315023348,0.69177320548126,1.7311729104731906,1.6985805838748083,0.5655264085709133,1.5559136601685382,0.3672714374896455,0.027005494123385015,27.0,9.2470044692281,10.0,28.757510662078857
gold_fair_sweep,0cb8fe452618,1,IPWTransport,FeasibleRestricted,192860223,100,0,20000,10,0.1,,,1.9344339907432437,-0.12293645623353433,0.29199672985185965,0.29199672985185965,0.8702035382035382,0.693021021021021,0.8853990619182921,0.8896069506676795,0.8789189348292238,0.882121013895909,6.216828622270619,4.724250721787195,0.8933755068772773,-0.3051047671840644,0.7944399927847232,0.4392444340133205,0.9487512367199393,2.0643136082895372,0.1997933841561843,1.7930212595929707,0.13016383806521303,,,,,0.974341630935669
gold_fair_sweep,0cb8fe452618,1,EntropyBalancing,FeasibleRestricted,192860223,100,0,20000,10,0.1,,,2.0023040935848835,-0.12246100730590183,0.29247217877949216,0.29247217877949216,0.8625485505485506,0.6838078078078078,0.8780589789289885,0.8532269888553825,0.8754445822856739,0.8689919174196339,5.962595010784048,4.705575833966286,0.8802162371688638,-0.3071410190346844,0.7817713673159583,0.4825923722133035,1.2234662043480098,2.0670461853694473,0.19706080707627427,1.789286282028789,0.13389881562939476,,,,,2.4574382305145264
gold_fair_sweep,0cb8fe452618,1,OutcomeModelTransport,FeasibleRestricted,192860223,100,0,20000,10,0.1,,,1.8992517437118426,-0.08211228389602701,0.332820902189367,0.332820902189367,0.874862458862459,0.698890890890891,0.8897414559577241,0.8959072059604041,0.8812219978443516,0.8878686174826893,6.260856613960685,4.736629846505509,0.8983377971331157,-0.3411686178526683,0.8029185778668823,0.4368475319801535,0.9529817896146353,2.068638362550765,0.1954686298949566,1.7954970845366334,0.12768801312155031,,,,,0.13848185539245605
gold_fair_sweep,0cb8fe452618,1,DRLearner_PooledWithSite,infeasible_no_target_treated,192860223,100,0,20000,10,0.1,0.25,0.5,,,,,,,,,,,,,,,,,,,,,,,,,,0.0
gold_fair_sweep,0cb8fe452618,1,DRLearner_PooledNoSite,infeasible_no_target_treated,192860223,100,0,20000,10,0.1,0.25,0.5,,,,,,,,,,,,,,,,,,,,,,,,,,0.0
gold_fair_sweep,0cb8fe452618,0,TargetOnlyDR,infeasible_no_target_treated,623143576,100,0,20000,10,0.1,0.25,0.5,,,,,,,,,,,,,,,,,,,,,,,,,,0.0
gold_fair_sweep,0cb8fe452618,0,ProxyOnly,FeasibleRestricted,623143576,100,0,20000,10,0.1,,,3.3656705563552367,-1.1044007436630392,0.35205922038867676,0.35205922038867676,0.5657769017769018,0.3939259259259259,0.5797647400696798,0.4403352145316604,0.4140548335752086,0.4090410040879318,2.4818716892700765,1.7158293472899293,0.9566706594240745,-0.3999121763431583,0.3187480519768542,0.42871118670225183,0.836444057957584,1.721834795803224,0.5877308402453751,1.6726968432136227,0.48562742464481934,0.0,0.0,,,5.481429815292358
gold_fair_sweep,0cb8fe452618,0,AnchorOnly,infeasible_no_target_treated,623143576,100,0,20000,10,0.1,0.25,0.5,,,,,,,,,,,,,,,,,,,,,,,,,,0.0
gold_fair_sweep,0cb8fe452618,0,AnchorPlugin,FeasibleRestricted,623143576,100,0,20000,10,0.1,,,2.32849444589701,-0.8158591690870856,0.6406007949646304,0.6406007949646304,0.8317136077136078,0.63801001001001,0.8453416514045498,0.8310394232702111,0.7674670618364337,0.7418582540494015,4.684006977446432,3.1803577714740947,0.8583424584088425,-0.7561733991421119,0.7144389704917303,0.6774738472884457,1.7001074437380899,2.045156583517539,0.26440905253106006,1.9656025280504559,0.19272173980798613,0.0023782175090347937,30.0,,,5.265481948852539
gold_fair_sweep,0cb8fe452618,0,ProposedA,infeasible_no_target_treated,623143576,100,0,20000,10,0.1,0.25,0.5,,,,,,,,,,,,,,,,,,,,,,,,,,0.0
gold_fair_sweep,0cb8fe452618,0,ProposedA_Together,infeasible_no_target_treated,623143576,100,0,20000,10,0.1,0.25,0.5,,,,,,,,,,,,,,,,,,,,,,,,,,0.0
gold_fair_sweep,0cb8fe452618,0,ProposedA_JointProxy,infeasible_no_target_treated,623143576,100,0,20000,10,0.1,0.25,0.5,,,,,,,,,,,,,,,,,,,,,,,,,,0.0
gold_fair_sweep,0cb8fe452618,0,ProposedA_FullyJoint,infeasible_no_target_treated,623143576,100,0,20000,10,0.1,0.25,0.5,,,,,,,,,,,,,,,,,,,,,,,,,,0.0
gold_fair_sweep,0cb8fe452618,0,ProposedA_Direct,infeasible_no_target_treated,623143576,100,0,20000,10,0.1,0.25,0.5,,,,,,,,,,,,,,,,,,,,,,,,,,0.0
gold_fair_sweep,0cb8fe452618,0,ProposedA_Together_Direct,infeasible_no_target_treated,623143576,100,0,20000,10,0.1,0.25,0.5,,,,,,,,,,,,,,,,,,,,,,,,,,0.0
gold_fair_sweep,0cb8fe452618,0,ProposedA_FullyDirect,infeasible_no_target_treated,623143576,100,0,20000,10,0.1,0.25,0.5,,,,,,,,,,,,,,,,,,,,,,,,,,0.0
gold_fair_sweep,0cb8fe452618,0,ProposedA_NoCrossfit,infeasible_no_target_treated,623143576,100,0,20000,10,0.1,0.25,0.5,,,,,,,,,,,,,,,,,,,,,,,,,,0.0
gold_fair_sweep,0cb8fe452618,0,ProposedA_Direct_NoCrossfit,infeasible_no_target_treated,623143576,100,0,20000,10,0.1,0.25,0.5,,,,,,,,,,,,,,,,,,,,,,,,,,0.0
gold_fair_sweep,0cb8fe452618,0,ProposedA_Together_NoCrossfit,infeasible_no_target_treated,623143576,100,0,20000,10,0.1,0.25,0.5,,,,,,,,,,,,,,,,,,,,,,,,,,0.0
gold_fair_sweep,0cb8fe452618,0,ProposedA_Together_Direct_NoCrossfit,infeasible_no_target_treated,623143576,100,0,20000,10,0.1,0.25,0.5,,,,,,,,,,,,,,,,,,,,,,,,,,0.0
gold_fair_sweep,0cb8fe452618,0,ProposedB_LinearStepB,infeasible_no_target_treated,623143576,100,0,20000,10,0.1,0.25,0.5,,,,,,,,,,,,,,,,,,,,,,,,,,0.0
gold_fair_sweep,0cb8fe452618,0,ProposedB_SourceDR,FeasibleRestricted,623143576,100,0,20000,10,0.1,,,3.2589668026776937,-0.3759107104887104,1.0805492535630057,1.0805492535630057,0.6554202794202795,0.4702022022022022,0.6738418385607136,0.5188803026433922,0.582922609325025,0.5812305470853343,2.9245772101607175,2.41561174794745,1.2464707600554525,-0.9878982550358691,0.44191573072274615,1.0805492535630057,2.3482842125281533,1.7381538012790072,0.571411834769592,1.812653323345127,0.34567094451331504,0.0027750831000039025,30.0,7.574644771361576,10.0,29.075327157974243
gold_fair_sweep,0cb8fe452618,0,IPWTransport,FeasibleRestricted,623143576,100,0,20000,10,0.1,,,1.9604543657374738,-1.0154087930607891,0.44105117099092683,0.44105117099092683,0.8826719106719109,0.7027027027027027,0.8941691499475976,0.8750446963227875,0.8665318721108944,0.8306741015901209,4.932034929251173,3.590879023659294,0.8522651710613266,-0.5910624153365879,0.8020156792506754,0.5934618782815149,1.508475539275711,2.130893037530785,0.17867259851781414,2.0477067784874956,0.1106174893709464,,,,,0.8751163482666016
gold_fair_sweep,0cb8fe452618,0,EntropyBalancing,FeasibleRestricted,623143576,100,0,20000,10,0.1,,,2.126332486594443,-1.0931834263002012,0.3632765377515148,0.3632765377515148,0.8626858426858427,0.6774894894894895,0.8758681047640537,0.8793930607013314,0.8373247188492168,0.8111461348425497,4.956543717305331,3.469845559843737,0.8180773024398088,-0.5621514155921404,0.7709755308402388,0.695976693885309,1.5310668154752003,2.1021050638084797,0.2074605722401195,2.0235000857243843,0.13482418213405767,,,,,2.6233978271484375
gold_fair_sweep,0cb8fe452618,0,OutcomeModelTransport,FeasibleRestricted,623143576,100,0,20000,10,0.1,,,1.8793655540380179,-0.9215141020603016,0.5349458619914144,0.5349458619914144,0.8936625056625056,0.7174134134134135,0.9041302098810415,0.8588107193763193,0.8851036009793699,0.8491307229463126,4.840534984531658,3.6678396453897335,0.8771784968014242,-0.6481276092251473,0.8184920046808959,0.6124322451058584,1.5660014295729603,2.136713788437068,0.17285184761153127,2.0630989028335835,0.09522536502485845,,,,,0.0647437572479248
gold_fair_sweep,0cb8fe452618,0,DRLearner_PooledWithSite,infeasible_no_target_treated,623143576,100,0,20000,10,0.1,0.25,0.5,,,,,,,,,,,,,,,,,,,,,,,,,,0.0
gold_fair_sweep,0cb8fe452618,0,DRLearner_PooledNoSite,infeasible_no_target_treated,623143576,100,0,20000,10,0.1,0.25,0.5,,,,,,,,,,,,,,,,,,,,,,,,,,0.0
gold_fair_sweep,a5d69e46eae2,0,TargetOnlyDR,OracleTargetTreated,768189625,100,100,20000,10,0.1,,,3.6169709593583983,-1.5063633352548738,0.45180601387070163,0.45180601387070163,0.6195956235956236,0.4401681681681682,0.637023082199753,0.586924554873371,0.4716582452107305,0.41288136395063496,3.745771083234385,2.1976488392626066,1.1640104584403776,-0.20474667267777397,0.4109603169123718,0.6440131730504838,0.9997721435321028,0.9517346859585848,0.6156048857294044,0.9504977880512276,0.49235210279334296,0.0,0.0,,,14.085588455200195
gold_fair_sweep,a5d69e46eae2,0,ProxyOnly,FeasibleRestricted,768189625,100,100,20000,10,0.1,,,4.008640657354703,-0.8161265478234797,1.1420428013020958,1.1420428013020958,0.5435303315303316,0.379931931931932,0.564876403846181,0.5022590138704004,0.40312709343030684,0.3397381017633759,3.205432921196259,1.8783341496693222,1.160262056808156,-1.0112486821321653,0.32144890192908515,1.1510587479844818,1.7757730548777007,0.7887624755482452,0.778577096139744,0.8866348501325707,0.5562150407119999,0.0,0.0,,,6.318318843841553
gold_fair_sweep,a5d69e46eae2,0,AnchorOnly,OracleTargetTreated,768189625,100,100,20000,10,0.1,,,3.5787327798158577,-1.5391661931891527,0.4190031559364227,0.4190031559364227,0.6486767766767767,0.4668548548548549,0.6682926633600763,0.6692197066575135,0.5764389834289977,0.48796205019890304,4.270981346263731,2.6858651909550737,1.419010474624755,0.22592360119814128,0.45380449538246104,0.8529377343598361,1.8848009435497928,1.0559947904229452,0.511344781265044,1.0481410583897208,0.3947088324548498,0.0006188957151380783,13.0,,,10.454381465911865
gold_fair_sweep,a5d69e46eae2,0,AnchorPlugin,FeasibleRestricted,768189625,100,100,20000,10,0.1,,,2.6206889854865008,-1.0490659281836592,0.9091034209419162,0.9091034209419162,0.8377220017220017,0.6473553553553554,0.8493309175934787,0.7835214087907828,0.7823367297152201,0.7814610545802392,5.00045842651239,3.645227075809936,0.9591622750686365,-0.951944886751946,0.7211471629228796,0.9091034209419162,1.3589975918555837,1.2902645050242176,0.2770750666637716,1.2400134353606935,0.20283645548387708,0.017593664762550414,30.0,,,5.170985698699951
gold_fair_sweep,a5d69e46eae2,0,ProposedA,OracleTargetTreated,768189625,100,100,20000,10,0.1,,,3.5693301681397487,-1.6992088656993842,0.25896048342619116,0.25896048342619116,0.6661897381897383,0.47948348348348346,0.6834704303047305,0.60624546719958,0.6033276033107797,0.5453910008656997,3.86907775713702,2.811150277927677,1.5197716692227423,0.6242401450564604,0.4669383979917042,0.9685547639893515,1.9728457169262175,1.066573783625248,0.5007657880627412,1.0731980757842416,0.36965181506032896,0.020265109707673624,29.0,,,15.980709552764893
gold_fair_sweep,a5d69e46eae2,0,ProposedA_Together,OracleTargetTreated,768189625,100,100,20000,10,0.1,,,3.5463112340460174,-1.829531756844438,0.12863759228113736,0.12863759228113736,0.6501522741522742,0.46328328328328333,0.6698358041251294,0.5590208506990789,0.5599610084189646,0.5344505162112142,3.567688760143063,2.6090875600710466,1.3503721133899236,0.5123793158784272,0.44771523773610633,0.7550644662311595,1.2013344959387715,1.0381773336694016,0.5291622380185876,1.0327855322129158,0.4100643586316548,0.0,0.0,,,14.652239561080933
gold_fair_sweep,a5d69e46eae2,0,ProposedA_JointProxy,OracleTargetTreated,768189625,100,100,20000,10,0.1,,,3.5807724480282066,-1.7357230756820565,0.22244627344351886,0.22244627344351886,0.6727974967974969,0.48642242242242245,0.6883578067626194,0.5413998060325989,0.570341934616597,0.5382340085544679,3.4552306954394605,2.657456544691478,1.4789659384095373,0.608905958319626,0.4554834791828505,0.8902561759847726,2.434259341120222,1.031718699658128,0.5356208720298612,1.042459329137002,0.4003905617075687,0.01858990400127041,29.0,,,16.9156653881073
gold_fair_sweep,a5d69e46eae2,0,ProposedA_FullyJoint,OracleTargetTreated,768189625,100,100,20000,10,0.1,,,3.537550190180928,-1.7919114059961183,0.16625794312945708,0.16625794312945708,0.6521521721521722,0.466946946946947,0.6720719966385407,0.5947027446921419,0.6305039564157922,0.5526687439139824,3.7954117368092657,2.9377760317718344,1.358013815090625,0.4752710956356176,0.4524098529250634,0.8347332209966911,1.5300749683573351,1.0879318045107171,0.47940776717727207,1.098523226553073,0.3443266642914975,0.0,0.0,,,9.943487167358398
gold_fair_sweep,a5d69e46eae2,0,ProposedA_Direct,OracleTargetTreated,768189625,100,100,20000,10,0.1,,,3.6695438022706,-1.7319519134239385,0.22621743570163688,0.22621743570163688,0.6515057315057315,0.46685885885885886,0.6677977614941091,0.4930765197645423,0.5573368361930292,0.5336914685980976,3.1468299532200525,2.5968604674570384,1.352221803563781,0.38381379093028434,0.40545386374967907,0.9652806773881457,1.9971969119778237,0.9904776970218968,0.5768618746660924,1.0303401136901138,0.4125097771544568,,,,,11.849425077438354
gold_fair_sweep,a5d69e46eae2,0,ProposedA_Together_Direct,OracleTargetTreated,768189625,100,100,20000,10,0.1,,,3.5124537738684785,-1.990631281609888,0.032461932484312506,-0.032461932484312506,0.6743365943365944,0.48495695695695695,0.6939371056966249,0.5813716809591383,0.6044787885972325,0.5649759487399383,3.7103324661854407,2.816514121418675,1.4130033058951021,0.8545992326073993,0.46791339195036175,0.8573007138851946,1.6416204388439852,1.0451142912222147,0.5222252804657745,1.0742708444824414,0.36857904636212924,0.0,0.0,,,10.367722749710083
gold_fair_sweep,a5d69e46eae2,0,ProposedA_FullyDirect,OracleTargetTreated,768189625,100,100,20000,10,0.1,,,3.512453773868478,-1.990631281609888,0.032461932484312506,-0.032461932484312506,0.6743365943365944,0.48495695695695695,0.6939371056966249,0.5813716809591383,0.6044787885972325,0.5649759487399383,3.7103324661854407,2.816514121418675,1.4130033058951021,0.8545992326073993,0.46791339195036175,0.8573007138851944,1.6416204388439852,1.0451142912222147,0.5222252804657745,1.0742708444824414,0.36857904636212924,0.0,0.0,,,7.7318785190582275
gold_fair_sweep,a5d69e46eae2,0,ProposedA_NoCrossfit,OracleTargetTreated,768189625,100,100,20000,10,0.1,,,3.5958030354383483,-1.7358020901880535,0.22236725893752185,0.22236725893752185,0.6556154236154237,0.4708468468468469,0.6701370563260136,0.5336707222822087,0.5752956387901733,0.5240691987181553,3.4059034383470146,2.680537880250971,1.4840650258577581,0.6178738247333077,0.4506537588161045,0.9331618261224691,2.186728711259306,1.0443859784734082,0.522953593214581,1.0470755962489007,0.39577429459566993,,,,,10.641932249069214
gold_fair_sweep,a5d69e46eae2,0,ProposedA_Direct_NoCrossfit,OracleTargetTreated,768189625,100,100,20000,10,0.1,,,3.6833931682168064,-1.7548760471961742,0.2032933019294012,0.2032933019294012,0.6431857871857872,0.45948748748748747,0.6582122503312704,0.4797878336072263,0.5223618534542456,0.49064414550552776,3.0620211376253623,2.433897705754916,1.3576034687000922,0.42425645968665815,0.4005580210974715,0.8914511827941034,2.1663729685035085,0.9397404203495076,0.6275991513384817,0.9977475613496894,0.44510232949488115,,,,,9.09315800666809
gold_fair_sweep,a5d69e46eae2,0,ProposedA_Together_NoCrossfit,OracleTargetTreated,768189625,100,100,20000,10,0.1,,,3.6232495091099373,-1.7934952904095338,0.16467405871604157,0.16467405871604157,0.6471875871875872,0.46188988988988994,0.6643868148116706,0.5411281100529749,0.5570918766764287,0.5294676256264853,3.4534967230993083,2.5957191007942275,1.4866087725345016,0.7080564830965508,0.4395836590976704,0.8875224477641951,1.9732193934598063,1.0035663102893286,0.5637732613986606,1.030111840357552,0.4127380504870186,,,,,9.063882827758789
gold_fair_sweep,a5d69e46eae2,0,ProposedA_Together_Direct_NoCrossfit,OracleTargetTreated,768189625,100,100,20000,10,0.1,,,3.655830914039417,-1.8980003527041818,0.06016899642139362,0.06016899642139362,0.6602957642957643,0.47357757757757757,0.6771335965433612,0.47365174263222887,0.6000885975851081,0.5382166270938922,3.0228604108379136,2.796058424354319,1.5748275252919985,1.030853849326889,0.4388691522821051,1.0790840621161495,2.56247134397035,0.9611584081004924,0.6061811635874969,1.07017970506957,0.37267018577500055,,,,,9.891568899154663
gold_fair_sweep,a5d69e46eae2,0,ProposedB_LinearStepB,OracleTargetTreated,768189625,100,100,20000,10,0.1,,,3.5447698697106658,-1.6776880800977898,0.2804812690277856,0.2804812690277856,0.6791489231489233,0.48866866866866865,0.6931870576538668,0.5686717701427575,0.5601616038097029,0.544163164623043,3.629281233449202,2.6100222161108673,1.5614057073042014,0.6613823942153414,0.4834628280789963,0.9836865495658673,2.439789733880273,1.0476718871704302,0.519667684517559,1.0329724634208797,0.40987742742369093,0.016161500671820657,30.0,5.040952179840845,10.0,28.53467297554016
gold_fair_sweep,a5d69e46eae2,0,ProposedB_SourceDR,FeasibleRestricted,768189625,100,100,20000,10,0.1,,,3.718847271730328,-1.073064213316964,0.8851051358086113,0.8851051358086113,0.6282724482724483,0.4487087087087087,0.652901099202123,0.5365539044471813,0.5161968543362064,0.5155298452446619,3.424303998166124,2.4051724512016737,1.2979494501122046,-0.5653862435157374,0.4169807776428339,0.9588279911600254,2.0000378243220034,1.057795491419167,0.5095440802688223,0.9920025104390411,0.4508473804055295,0.016207179522258156,30.0,5.040952179840835,10.0,30.733787298202515
gold_fair_sweep,a5d69e46eae2,0,IPWTransport,FeasibleRestricted,768189625,100,100,20000,10,0.1,,,1.4245959723890973,-1.8851047475163167,0.07306460160925865,0.07306460160925865,0.9475533475533477,0.8025305305305306,0.9524598985284011,0.930703460448416,0.9456032188789378,0.9265748208290404,5.9397789379692965,4.405952482488276,0.9698266629109106,-0.12994450260431162,0.9070141773494216,0.17413329913180373,0.33617384255757354,1.4914930644577797,0.07584650723020947,1.392158516696362,0.05069137414820868,,,,,0.43460798263549805
gold_fair_sweep,a5d69e46eae2,0,EntropyBalancing,FeasibleRestricted,768189625,100,100,20000,10,0.1,,,1.413679991915457,-1.8848118885441691,0.07335746058140624,0.07335746058140624,0.9482689442689441,0.803971971971972,0.9531051903929741,0.9355086685479248,0.9473169471116499,0.9239209792968218,5.970445928127762,4.413937443844668,0.9791169855697439,-0.11271801444819413,0.9079879875996857,0.12828655941430575,0.33326559634445163,1.488088611341278,0.07925096034671131,1.39375550896764,0.04909438187693049,,,,,0.9686095714569092
gold_fair_sweep,a5d69e46eae2,0,OutcomeModelTransport,FeasibleRestricted,768189625,100,100,20000,10,0.1,,,1.4309624899191489,-1.9187360673409142,0.03943328178466121,0.03943328178466121,0.9472167232167233,0.8017937937937939,0.9521646278255933,0.930703460448416,0.9465137227969322,0.9323025703213452,5.9397789379692965,4.4101948929599315,0.9658745406236264,-0.10491103150468753,0.9062489898048799,0.19209628176936752,0.3347866402598587,1.4900049064141558,0.07733466527383337,1.3930069987906928,0.04984289205387782,,,,,0.04907560348510742
gold_fair_sweep,a5d69e46eae2,0,DRLearner_PooledWithSite,OracleTargetTreated,768189625,100,100,20000,10,0.1,,,1.4152259924382646,-1.9203077048534027,0.037861644272172645,0.037861644272172645,0.9482457482457483,0.8037237237237238,0.9531132460442605,0.930703460448416,0.9464365469619194,0.9323025703213452,5.9397789379692965,4.409835299152429,0.9670829918507997,-0.10107242864180589,0.9082413039898496,0.17284833364170898,0.3290457489011107,1.4900049064141558,0.07733466527383337,1.3929350800291922,0.04991481081537841,,,,,0.3601672649383545
gold_fair_sweep,a5d69e46eae2,0,DRLearner_PooledNoSite,OracleTargetTreated,768189625,100,100,20000,10,0.1,,,1.4158681758568668,-1.9172903966305044,0.04087895249507101,0.04087895249507101,0.9482018642018644,0.8036956956956958,0.9530591671341535,0.9307034604484158,0.9465137227969325,0.9323025703213452,5.939778937969295,4.410194892959932,0.9673960324753966,-0.10339022632204722,0.9081473195645176,0.1641889517863071,0.33230965663323264,1.490216521156241,0.07712305053174817,1.3930069987906928,0.04984289205387782,,,,,0.15845823287963867
gold_fair_sweep,a5d69e46eae2,1,TargetOnlyDR,OracleTargetTreated,858689334,100,100,20000,10,0.1,,,3.3658915862068084,3.683200050483229,1.0121488020065281,1.0121488020065281,0.5777235737235736,0.40610210210210207,0.5984739973166517,0.7055089018852508,0.707941007145745,0.723301476082039,6.56841486634327,5.720557225911674,1.4533682818044555,-2.6819948804361946,0.35714430224830873,1.0121488020065277,2.888183988512543,2.169254837634334,0.5522664761016145,0.6215185596231156,0.47199983193541284,0.0,0.0,,,14.992326021194458
gold_fair_sweep,a5d69e46eae2,1,ProxyOnly,FeasibleRestricted,858689334,100,100,20000,10,0.1,,,3.366008622732245,3.5264330569833433,0.8553818085066425,0.8553818085066425,0.5304830544830544,0.3711711711711712,0.5525720810430415,0.666691128731134,0.7153126825769289,0.7209024885468801,6.207014411178904,5.780124464889614,1.0107720582915052,-0.893368750957558,0.30312231851164306,0.855381808506642,1.5766863911593243,2.2311690700797393,0.4903522436562091,0.6334320074187035,0.46008638413982494,0.0,0.0,,,7.062039613723755
gold_fair_sweep,a5d69e46eae2,1,AnchorOnly,OracleTargetTreated,858689334,100,100,20000,10,0.1,,,3.2999396438878086,3.8410675431010133,1.1700162946243124,1.1700162946243124,0.6566769446769447,0.47144744744744743,0.6718029013854527,0.7617443742607777,0.7792529290156425,0.7936271338664044,7.091977236400119,6.296797231546078,1.6144651731381887,-3.530218527531356,0.4372973793358439,1.2297720446222842,3.166009348058682,2.1716589448463464,0.549862368889602,0.7367665607499965,0.356751830808532,0.007271770192145623,13.0,,,9.89940619468689
gold_fair_sweep,a5d69e46eae2,1,AnchorPlugin,FeasibleRestricted,858689334,100,100,20000,10,0.1,,,2.7386071557257172,2.259680310437549,0.4113709380391519,-0.4113709380391519,0.7205885765885767,0.5250810810810811,0.7336569412203354,0.7944500010609619,0.7967210681601179,0.8203560398766642,7.396472508838716,6.4379495148543215,0.8379226645524862,0.7776139017180813,0.5380862513348947,0.5869203222606532,1.3023374703193746,2.409301788076911,0.31221952565903743,0.7649970174116452,0.3285213741468833,0.02454572977399545,29.0,,,7.531043767929077
gold_fair_sweep,a5d69e46eae2,1,ProposedA,OracleTargetTreated,858689334,100,100,20000,10,0.1,,,3.1773469752540864,3.5669612070677577,0.8959099585910568,0.8959099585910568,0.6541816741816742,0.46972972972972976,0.6698807925507675,0.8370927883140125,0.8177115897281113,0.7895521910639626,7.793484533756875,6.607564607947409,1.5208313077761473,-2.753695028854943,0.44060568988305593,1.1465463522666424,2.790516177365057,2.1804194974258446,0.5411018163101038,0.7989200360302624,0.2945983555282661,0.024021217418145564,28.0,,,14.182067632675171
gold_fair_sweep,a5d69e46eae2,1,ProposedA_Together,OracleTargetTreated,858689334,100,100,20000,10,0.1,,,3.1010779386927685,3.4945720475785675,0.8235207991018667,0.8235207991018667,0.6816538176538177,0.49590790790790795,0.6985692933257723,0.8269478600477157,0.8162683738159249,0.8139711644022168,7.699033425536603,6.595902620392407,1.6968460323464338,-3.258699465205741,0.49586085161188476,1.1265123724742967,3.2219633800786944,2.203454214953522,0.5180670987824265,0.7965876385192623,0.2969307530392662,0.0,0.0,,,14.815268754959106
gold_fair_sweep,a5d69e46eae2,1,ProposedA_JointProxy,OracleTargetTreated,858689334,100,100,20000,10,0.1,,,3.125150336288676,3.4748108334498693,0.8037595849731685,0.8037595849731685,0.669942717942718,0.4831471471471471,0.6827825144788661,0.8159190522506112,0.798252098928844,0.7936088970893561,7.596353239788463,6.450321095309084,1.5391767239716136,-2.6772967065737414,0.45625045036230016,1.03203399506749,2.541942560659873,2.2110872615861394,0.510434052149809,0.7674713335025978,0.3260470580559307,0.013709692397099502,29.0,,,14.748010158538818
gold_fair_sweep,a5d69e46eae2,1,ProposedA_FullyJoint,OracleTargetTreated,858689334,100,100,20000,10,0.1,,,3.0965909041207738,3.434506806210961,0.7634555577342601,0.7634555577342601,0.709024117024117,0.5164124124124124,0.723670402101982,0.8290698274023731,0.8155337317923406,0.8360008533544854,7.718789323557141,6.5899663040976115,1.8701592175130741,-3.7520233127701164,0.5204715320046098,1.2419378935232848,2.9135663976167514,2.183268987817073,0.5382523259188754,0.7954003752603029,0.29811801629822554,0.0,0.0,,,11.467792987823486
gold_fair_sweep,a5d69e46eae2,1,ProposedA_Direct,OracleTargetTreated,858689334,100,100,20000,10,0.1,,,2.98111761225173,3.279275322155934,0.6082240736792333,0.6082240736792333,0.727950235950236,0.5355315315315315,0.7377420277688974,0.8262594115972051,0.8404780468754334,0.8332315915972581,7.692623846543395,6.791530248626435,1.7310218368179842,-3.005445943113551,0.5354319522374555,1.0730789086924426,2.731319353779689,2.2188854302936387,0.5026358834423097,0.8357131641660678,0.2578052273924607,,,,,11.721939325332642
gold_fair_sweep,a5d69e46eae2,1,ProposedA_Together_Direct,OracleTargetTreated,858689334,100,100,20000,10,0.1,,,3.0933373947671745,3.368788164827119,0.6977369163504181,0.6977369163504181,0.7212128532128532,0.5303903903903905,0.7344765808521085,0.8036557223260458,0.8280558828978589,0.8377718896462978,7.482179430822847,6.691152252174615,2.028868430113316,-4.163776706880414,0.54225210911313,1.2756194536248797,3.178372556316503,2.1840150775848595,0.537506236151089,0.8156375648757042,0.2778808266828243,0.0,0.0,,,11.364689588546753
gold_fair_sweep,a5d69e46eae2,1,ProposedA_FullyDirect,OracleTargetTreated,858689334,100,100,20000,10,0.1,,,3.0933373947671745,3.3687881648271194,0.6977369163504186,0.6977369163504186,0.7212128532128532,0.5303903903903905,0.7344765808521085,0.8036557223260458,0.8280558828978589,0.8377718896462978,7.482179430822847,6.691152252174615,2.028868430113316,-4.163776706880414,0.54225210911313,1.2756194536248795,3.1783725563165035,2.1840150775848595,0.537506236151089,0.8156375648757042,0.2778808266828243,0.0,0.0,,,8.210807800292969
gold_fair_sweep,a5d69e46eae2,1,ProposedA_NoCrossfit,OracleTargetTreated,858689334,100,100,20000,10,0.1,,,3.1367839118876533,3.5184108445496696,0.8473595960729687,0.8473595960729687,0.6632516192516192,0.4780580580580581,0.6783289081442879,0.7998042683708362,0.8153453448463892,0.8113096617072741,7.44632170124802,6.588444032758543,1.5869305123166821,-2.9124222756050755,0.463626689571618,1.0982566173585242,2.9485856510702853,2.206421740659244,0.5150995730767045,0.7950959209924895,0.298422470566039,,,,,10.393932819366455
gold_fair_sweep,a5d69e46eae2,1,ProposedA_Direct_NoCrossfit,OracleTargetTreated,858689334,100,100,20000,10,0.1,,,2.9896123974318543,3.3240544518881707,0.6530032034114699,0.6530032034114699,0.7206329766329768,0.529069069069069,0.7322135828016426,0.8163753119073058,0.8376960743111064,0.8211493077885698,7.600601099317857,6.76905036245723,1.7175140942217835,-3.0380591226018976,0.533414829424649,1.054726847551912,3.0556128152683475,2.21618823351199,0.5053330802239584,0.8312171869322267,0.2623012046263018,,,,,9.098123550415039
gold_fair_sweep,a5d69e46eae2,1,ProposedA_Together_NoCrossfit,OracleTargetTreated,858689334,100,100,20000,10,0.1,,,3.0638250614275906,3.3989746368399034,0.7279233883632026,0.7279233883632026,0.7086061806061806,0.5186466466466467,0.7240107166555856,0.8210206337850979,0.8095995647787931,0.8256754546701579,7.643849882146117,6.542014932943141,1.8380148815347779,-3.576314715994307,0.5271684570988251,1.113038918137068,3.4732294774298813,2.1959324257423685,0.52558888799358,0.785810101029409,0.3077082905291195,,,,,9.155126094818115
gold_fair_sweep,a5d69e46eae2,1,ProposedA_Together_Direct_NoCrossfit,OracleTargetTreated,858689334,100,100,20000,10,0.1,,,3.1501892006510928,3.285157407564471,0.6141061590877701,0.6141061590877701,0.7173166293166293,0.5268908908908909,0.7324156216982977,0.8153207283600344,0.8421756154338026,0.8451303829199005,7.590782736670429,6.80524754708074,2.257633363629861,-4.745629719616628,0.5397367105457175,1.3698112939618468,3.612985531537456,2.1708221548154234,0.550699158920525,0.8384566238569289,0.2550617677015996,,,,,8.96446442604065
gold_fair_sweep,a5d69e46eae2,1,ProposedB_LinearStepB,OracleTargetTreated,858689334,100,100,20000,10,0.1,,,3.233272143912601,3.7196466540332342,1.0485954055565334,1.0485954055565334,0.6423961263961264,0.4614054054054055,0.6573522434418416,0.8259568140677942,0.8177165327460069,0.8205114402481797,7.6898066090778014,6.607604550282229,1.422716025689909,-2.6209496561202315,0.42214563771376334,1.245347102149847,2.255864363362634,2.200498263605137,0.5210230501308115,0.7989280244972263,0.29459036706130215,0.02279847814898671,29.0,10.909840302486538,10.0,30.44670271873474
gold_fair_sweep,a5d69e46eae2,1,ProposedB_SourceDR,FeasibleRestricted,858689334,100,100,20000,10,0.1,,,3.361934532598967,1.0388397372381004,1.6322115112386004,-1.6322115112386004,0.6503258663258664,0.46710310310310316,0.6678633870092445,0.813625868780315,0.7809101864687326,0.7743557494425988,7.575003288912866,6.31018879384121,1.1189094817035072,1.50868361651061,0.4368952728572927,1.6322115112386002,3.2015096290102933,2.2185093356253227,0.5030119781106257,0.7394448732090229,0.3540735183495056,0.022382655867480786,29.0,10.909840302486545,10.0,28.960678100585938
gold_fair_sweep,a5d69e46eae2,1,IPWTransport,FeasibleRestricted,858689334,100,100,20000,10,0.1,,,1.9882744698921226,2.8068546049758054,0.13580335649910458,0.13580335649910458,0.8532500532500533,0.6658298298298299,0.8653201168499579,0.9114916997173694,0.9200491939356514,0.9149825750677807,8.48615179053523,7.434509389112501,0.8825554151199886,0.19384651740082584,0.7546240891199223,0.3932027824293276,0.8398476976521891,2.561586157653879,0.15993515608206943,0.964308992263281,0.12920939929524744,,,,,0.6267678737640381
gold_fair_sweep,a5d69e46eae2,1,EntropyBalancing,FeasibleRestricted,858689334,100,100,20000,10,0.1,,,1.9998772085354373,2.711905432108313,0.040854183631612084,0.040854183631612084,0.8519069279069279,0.6646006006006006,0.8645210975627925,0.9050001400119146,0.9181828023053368,0.9181107263657057,8.42571420121336,7.419427906306152,0.8640757194805111,0.3277596110646042,0.7558179012946878,0.458636256188122,0.9432202538001491,2.553477621504324,0.1680436922316244,0.961292695702011,0.13222569585651744,,,,,2.1828696727752686
gold_fair_sweep,a5d69e46eae2,1,OutcomeModelTransport,FeasibleRestricted,858689334,100,100,20000,10,0.1,,,1.9437502588667066,2.7707186491196443,0.09966740064294344,0.09966740064294344,0.8578765738765739,0.6712112112112113,0.8694530086423932,0.9085114702248148,0.9243460241353584,0.9242602359970626,8.458405317525887,7.469230167820533,0.9050862857534108,0.16331179747729632,0.7605774954612108,0.3160386486792444,0.7101717355743595,2.565060032670973,0.15646128106497548,0.9712531480048876,0.12226524355364088,,,,,0.05695796012878418
gold_fair_sweep,a5d69e46eae2,1,DRLearner_PooledWithSite,OracleTargetTreated,858689334,100,100,20000,10,0.1,,,1.9194237526519389,2.7662914266537433,0.09524017817704244,0.09524017817704244,0.8608240288240289,0.6748548548548549,0.8722594958307142,0.9118590282928094,0.9263769321977368,0.9248627976092173,8.489571685690777,7.485641034932528,0.9121401861518945,0.14780567161836577,0.7654380511688313,0.2944297822412657,0.6476926182446068,2.5725878246993514,0.14893348903659698,0.9745353214272864,0.1189830701312421,,,,,0.37432861328125
gold_fair_sweep,a5d69e46eae2,1,DRLearner_PooledNoSite,OracleTargetTreated,858689334,100,100,20000,10,0.1,,,1.9248332216402058,2.7752689423858157,0.10421769390911484,0.10421769390911484,0.8604110604110605,0.6743103103103103,0.8718732784655727,0.9085114702248148,0.9243460241353585,0.9242602359970626,8.458405317525887,7.469230167820534,0.908621416489863,0.1493824509057777,0.7648219857602132,0.30480199497444604,0.7075850272899036,2.5687815259775415,0.1527397877584069,0.9712531480048876,0.12226524355364088,,,,,0.23971223831176758
gold_fair_sweep,265f3ca3fcf9,1,TargetOnlyDR,OracleTargetTreated,1206661999,100,500,20000,10,0.1,,,2.912757030348762,-0.17525485014795208,0.06885417637983157,0.06885417637983157,0.6873985953985954,0.4995755755755756,0.7050925860403705,0.6802604585343738,0.6956405439453035,0.6944993222601503,4.2670912041266345,3.4392475681708152,1.3897366101363953,-0.0005509451732067953,0.43473054671038314,0.8225947981489237,1.8973453121016268,1.135364250112344,0.44531130729286805,0.9067405603132855,0.30095069305454725,0.0,0.0,,,14.932114601135254
gold_fair_sweep,265f3ca3fcf9,1,ProxyOnly,FeasibleRestricted,1206661999,100,500,20000,10,0.1,,,7.178849547879164,-4.529847607189991,4.2857385806622075,-4.2857385806622075,0.39078291078291083,0.2633033033033033,0.4087570423194616,0.36039440760188235,0.3167547547268116,0.3700324353970516,2.260657351755679,1.5660358347175154,0.23696284478026058,0.8292965488930132,0.1435461390061038,5.711779376006299,10.158963475613628,0.5944979519012841,0.986177605503928,0.5320982136226255,0.6755930397452072,0.0,0.0,,,7.522749662399292
gold_fair_sweep,265f3ca3fcf9,1,AnchorOnly,OracleTargetTreated,1206661999,100,500,20000,10,0.1,,,2.6742376940136023,-0.10810356374413128,0.1360054627836524,0.1360054627836524,0.7604073404073405,0.5634394394394395,0.7768906640364944,0.7528082604909416,0.7605041041873204,0.7399819888997191,4.7221640864672585,3.759933077040175,1.709431827241677,-0.059313354025316616,0.598868129026763,0.9640590321371562,2.3758378508647624,1.2794378126576256,0.30123774474758647,0.9708776620871574,0.23681359128067536,0.0004932219468536574,15.0,,,9.784593105316162
gold_fair_sweep,265f3ca3fcf9,1,AnchorPlugin,FeasibleRestricted,1206661999,100,500,20000,10,0.1,,,2.358230170939367,-0.5938578614321214,0.3497488349043377,-0.3497488349043377,0.7700847500847502,0.5748948948948949,0.7865633358284447,0.7406783583475307,0.7585282927305846,0.7792917928439461,4.6460764672418495,3.7501646631561836,1.0632677463682971,0.38732088346024446,0.6176774833399348,0.4320429648751857,0.7708288760635023,1.27463257534681,0.3060429820584021,0.9689239793103592,0.23876727405747356,0.000905295886994638,30.0,,,6.978245735168457
gold_fair_sweep,265f3ca3fcf9,1,ProposedA,OracleTargetTreated,1206661999,100,500,20000,10,0.1,,,2.687175935626183,-0.12225061085510612,0.12185841567267754,0.12185841567267754,0.7531982731982733,0.5575335335335335,0.7700459261467635,0.7487718505637311,0.7278765908031176,0.7309199857725465,4.696844770783736,3.598622617149983,1.673256528567733,-0.03955239379308427,0.5853224165877113,0.9379450554248941,2.508610863078464,1.2734449986766323,0.30723055872857974,0.9386155701091191,0.26907568325871367,0.002345814775158081,30.0,,,14.19449496269226
gold_fair_sweep,265f3ca3fcf9,1,ProposedA_Together,OracleTargetTreated,1206661999,100,500,20000,10,0.1,,,3.2273676169735914,-0.34309527664263545,0.09898625011485179,-0.09898625011485179,0.622103206103206,0.44489689689689693,0.6397856389043999,0.60554692624383,0.6350803593814404,0.6443366013268735,3.798433276906981,3.1398379531015435,0.9614314665424167,0.08575356845852136,0.26475767691977525,0.796144241714917,1.9520678565707728,1.045915026363878,0.5347605310413341,0.8468586372994311,0.36083261606840167,0.0,0.0,,,15.35792851448059
gold_fair_sweep,265f3ca3fcf9,1,ProposedA_JointProxy,OracleTargetTreated,1206661999,100,500,20000,10,0.1,,,2.6974500346662516,-0.16515984732858563,0.07894917919919803,0.07894917919919803,0.7562174522174523,0.5605765765765766,0.7731051141312074,0.7910401456702519,0.745917051183983,0.7494046726316281,4.961982436805155,3.687814671916779,1.7473047950368072,0.044475566657000774,0.5948500945567738,0.9467752324242911,2.38687325386549,1.2834507359011718,0.2972248215040403,0.9564539810624783,0.25123727230535453,0.003033469792912784,30.0,,,16.86149287223816
gold_fair_sweep,265f3ca3fcf9,1,ProposedA_FullyJoint,OracleTargetTreated,1206661999,100,500,20000,10,0.1,,,3.4036531560613033,-0.34760086318691347,0.10349183665912981,-0.10349183665912981,0.6204293604293605,0.44405205205205206,0.6355941258910183,0.5822145970321588,0.6362017583344953,0.671238957556805,3.652075840572354,3.1453821506843496,0.8039878813016944,0.035357855004502614,0.19324195167401004,1.0879692977647366,1.9824501538483434,1.086078246408804,0.49459731099640813,0.8479674768159925,0.3597237765518403,0.0,0.0,,,12.037925720214844
gold_fair_sweep,265f3ca3fcf9,1,ProposedA_Direct,OracleTargetTreated,1206661999,100,500,20000,10,0.1,,,2.681965524791414,-0.14899373922677495,0.09511528730100871,0.09511528730100871,0.7563988803988804,0.5596436436436436,0.770998116637335,0.7855218217441079,0.7519823002351352,0.7583870159713084,4.927367472505299,3.717801269493768,1.6966345380225676,0.008678897393490429,0.591920905321169,0.9321860724350415,2.315687282736268,1.2549575040071326,0.32571805339807947,0.9624513005778761,0.2452399527899567,,,,,12.3296217918396
gold_fair_sweep,265f3ca3fcf9,1,ProposedA_Together_Direct,OracleTargetTreated,1206661999,100,500,20000,10,0.1,,,3.6805827348555566,-0.397525940402183,0.15341691387439932,-0.15341691387439932,0.525931053931054,0.36689889889889893,0.547647609070721,0.47705239580877434,0.5114662199827745,0.5784096461228287,2.992421588708728,2.528689520166304,0.5514981702822755,-0.02487419775623916,0.1298417950079862,1.050840079330615,1.9659884069637825,0.9528770692133725,0.6277984881918396,0.7246289507123833,0.48306230265544947,0.0,0.0,,,10.504416704177856
gold_fair_sweep,265f3ca3fcf9,1,ProposedA_FullyDirect,OracleTargetTreated,1206661999,100,500,20000,10,0.1,,,3.6805827348555566,-0.397525940402183,0.15341691387439932,-0.15341691387439932,0.525931053931054,0.36689889889889893,0.547647609070721,0.47705239580877434,0.5114662199827745,0.5784096461228287,2.992421588708728,2.528689520166304,0.5514981702822757,-0.02487419775623912,0.1298417950079862,1.050840079330615,1.9659884069637825,0.9528770692133725,0.6277984881918396,0.7246289507123833,0.48306230265544947,0.0,0.0,,,10.323451042175293
gold_fair_sweep,265f3ca3fcf9,1,ProposedA_NoCrossfit,OracleTargetTreated,1206661999,100,500,20000,10,0.1,,,2.69291978451663,-0.11650008448599317,0.1276089420417905,0.1276089420417905,0.756956856956857,0.5621341341341342,0.774663251967922,0.8198397666406037,0.7440773813191164,0.7438285950300899,5.142634726355451,3.6787193422036832,1.7537710172104983,-0.039794554853674675,0.5991594214890043,0.9148909675889356,2.8403333009659875,1.2664657400922772,0.31420981731293485,0.9546349151198592,0.2530563382479736,,,,,8.549620628356934
gold_fair_sweep,265f3ca3fcf9,1,ProposedA_Direct_NoCrossfit,OracleTargetTreated,1206661999,100,500,20000,10,0.1,,,2.7303858275807746,-0.14150068133940336,0.1026083451883803,0.1026083451883803,0.7560264000264,0.5596236236236236,0.7716101466851395,0.7802202188808451,0.7428317151631281,0.7522134785559973,4.894111941242551,3.6725607674411513,1.8126761932754805,0.012385889868412686,0.5928733905689778,0.9811964730337525,2.54846734928679,1.256642768609736,0.32403278879547615,0.9534032001673529,0.25428805320047987,,,,,9.53871750831604
gold_fair_sweep,265f3ca3fcf9,1,ProposedA_Together_NoCrossfit,OracleTargetTreated,1206661999,100,500,20000,10,0.1,,,3.2376727167672454,-0.3828791885776783,0.13877016204989462,-0.13877016204989462,0.6165235605235606,0.44143343343343344,0.6344466322865895,0.5807521069243763,0.6454972207431284,0.6267304698963617,3.6429020328098294,3.1913389264389678,0.9808820660645055,0.13145030301739052,0.26038926847629607,0.7561928667698727,1.6909820097730497,1.0503142370039655,0.5303613204012465,0.8571588319669161,0.35053242140091667,,,,,10.190500020980835
gold_fair_sweep,265f3ca3fcf9,1,ProposedA_Together_Direct_NoCrossfit,OracleTargetTreated,1206661999,100,500,20000,10,0.1,,,3.6665535405172993,-0.40256929653815016,0.1584602700103665,-0.1584602700103665,0.5106501786501787,0.35564764764764767,0.5327150624222712,0.4968212922901218,0.4800740572900495,0.5422922375997704,3.1164265683199095,2.3734866353714437,0.5659623585405519,-0.016269957983041577,0.12471984860877883,0.9769611520664786,1.6296370087950587,0.9283450088595563,0.6523305485456558,0.6935883737534112,0.5141028796144216,,,,,8.57718539237976
gold_fair_sweep,265f3ca3fcf9,1,ProposedB_LinearStepB,OracleTargetTreated,1206661999,100,500,20000,10,0.1,,,2.6935977688816988,-0.1378404456620263,0.10626858086575736,0.10626858086575736,0.746000786000786,0.5503223223223224,0.7635192445427651,0.7777330818029482,0.7149453634530408,0.7263210724901561,4.8785107981577145,3.5346906157675098,1.6539397279475188,-0.01612923732936693,0.5782657713359263,0.9385551470290127,2.2998391970774943,1.2714188430859437,0.3092567143192684,0.9258291698326244,0.28186208353520836,0.008067738128285993,30.0,2.959044938322924,10.0,29.607467651367188
gold_fair_sweep,265f3ca3fcf9,1,ProposedB_SourceDR,FeasibleRestricted,1206661999,100,500,20000,10,0.1,,,3.1937934977631377,0.05810096779637925,0.3022099943241629,0.3022099943241629,0.5363344043344044,0.3715235235235235,0.5573636454996661,0.521219411919838,0.5324704873146578,0.4879177154054985,3.2694694217785614,2.63253463956186,1.3397903532072761,-0.3219521426933793,0.3049511450981718,0.576144986313314,1.6485955601439568,0.9179413984484852,0.6627341589567268,0.7453979745914945,0.4622932787763383,0.000989855742514095,30.0,2.959044938322924,10.0,27.745736122131348
gold_fair_sweep,265f3ca3fcf9,1,IPWTransport,FeasibleRestricted,1206661999,100,500,20000,10,0.1,,,2.338606199732676,0.0862570847924199,0.33036611132020355,0.33036611132020355,0.7716377676377677,0.5797717717717717,0.7900729841224768,0.8024517054841855,0.7823287194756442,0.794130275640346,5.033564087475124,3.8678339975801554,0.9676980770428972,-0.3275798416127348,0.6217674482540784,0.3727688395919962,0.6242554029524685,1.2644078301614876,0.31626772724372443,0.9924578461951538,0.21523340717267903,,,,,0.6083564758300781
gold_fair_sweep,265f3ca3fcf9,1,EntropyBalancing,FeasibleRestricted,1206661999,100,500,20000,10,0.1,,,2.3844683078666846,0.06686214323897995,0.3109711697667636,0.3109711697667636,0.7620430500430501,0.5699019019019019,0.7805365695607537,0.7800979961541449,0.7619332623824139,0.7831812718273671,4.89334527089518,3.7669988366336713,0.9514262962543807,-0.3077234278292764,0.6064625725317168,0.3667563788704791,0.6668033578545978,1.260048886920598,0.32062667048461413,0.9722908140058568,0.23540043936197597,,,,,2.0495316982269287
gold_fair_sweep,265f3ca3fcf9,1,OutcomeModelTransport,FeasibleRestricted,1206661999,100,500,20000,10,0.1,,,2.3129877732737345,0.09020525239494763,0.3343142789227313,0.3343142789227313,0.7766958926958928,0.5853253253253253,0.7950356630885769,0.8120470680007242,0.7996853047210252,0.7911781507421594,5.0937532201537215,3.95364497297037,0.9740500272304009,-0.3319734550794078,0.6301319991025796,0.36228482278677804,0.6198324611708173,1.2670807929779888,0.3135947644272232,1.0096200412731966,0.19807121209463618,,,,,0.06718158721923828
gold_fair_sweep,265f3ca3fcf9,1,DRLearner_PooledWithSite,OracleTargetTreated,1206661999,100,500,20000,10,0.1,,,2.2550137754951125,0.05582529271589041,0.2999343192436741,0.2999343192436741,0.786890394890395,0.5958518518518519,0.8048112436607661,0.8097431217102667,0.8067256321588134,0.7957744405559477,5.07930118369114,3.9884523590985763,0.9923304806848827,-0.2995061660829177,0.6469038969279186,0.35100009748796457,0.5832436053393251,1.2883924662459285,0.2922830911592835,1.0165815184988376,0.19110973486899518,,,,,0.6611900329589844
gold_fair_sweep,265f3ca3fcf9,1,DRLearner_PooledNoSite,OracleTargetTreated,1206661999,100,500,20000,10,0.1,,,2.234787181971573,0.12365715414809986,0.3677661806758835,0.3677661806758835,0.7923749763749763,0.6017417417417418,0.8101616342363485,0.8377080780895542,0.807996000138659,0.8005155379425335,5.254717846371986,3.9947330597037864,0.9955319089959485,-0.36721366925784804,0.6565005203307825,0.4137147945574986,0.6281710785511052,1.2912078432445087,0.2894677141607034,1.0178376586198796,0.18985359474795316,,,,,0.2642226219177246
gold_fair_sweep,265f3ca3fcf9,0,TargetOnlyDR,OracleTargetTreated,341507987,100,500,20000,10,0.1,,,3.3561564325850854,-0.503182332268391,0.3630823071667657,0.3630823071667657,0.6823187383187383,0.4970610610610611,0.7013153295283119,0.6815111243762617,0.6514811468560522,0.6448229218369559,4.529170667895015,3.3697555186780117,1.4573137723841918,-0.13297009660003167,0.42826000092725014,1.0283336643739704,1.8668638086795388,1.6342215818988564,0.47971502669302346,1.485185030773179,0.36053946746202414,0.0,0.0,,,15.460116147994995
gold_fair_sweep,265f3ca3fcf9,0,ProxyOnly,FeasibleRestricted,341507987,100,500,20000,10,0.1,,,4.826268878975355,-3.3150827074937443,2.4488180680585874,-2.4488180680585874,0.4204327084327084,0.29000200200200205,0.44532050886202496,0.29125556059360114,0.2475704221923911,0.2343640441465633,1.9356193827491481,1.2805463373272212,0.5316135817785995,0.8960783525878904,0.2062359710007412,2.688957888573007,4.740942012684479,1.047908220471007,1.0660283881208727,1.0673431945030212,0.7783813037321821,0.0,0.0,,,7.93487286567688
gold_fair_sweep,265f3ca3fcf9,0,AnchorOnly,OracleTargetTreated,341507987,100,500,20000,10,0.1,,,3.030598418245144,-0.648047972639474,0.21821666679568275,0.21821666679568275,0.7660998460998462,0.5684884884884885,0.7804039121523905,0.7516068918689323,0.6825094967209612,0.720511004250928,4.9950114777012455,3.530248195553359,1.6783574709451714,0.22139151697517706,0.5929818080581624,1.1574821040750174,2.7407549852955966,1.7368256935830684,0.37711091500881144,1.5172835661482487,0.3284409320869546,0.0004426661107890423,12.0,,,10.6873459815979
gold_fair_sweep,265f3ca3fcf9,0,AnchorPlugin,FeasibleRestricted,341507987,100,500,20000,10,0.1,,,2.0775260980657158,-1.149382278752405,0.2831176393172483,-0.2831176393172483,0.8726396366396367,0.6856176176176176,0.8805606838679514,0.8641405515166946,0.8732488133955963,0.8617008089177343,5.742885037203306,4.516838318836301,1.0818217770091851,0.3771621398276368,0.7708018148461968,0.35823437106734285,0.9184554162908194,1.8936577264210845,0.22027888217079528,1.7146015908048369,0.13112290743036636,0.004039510845844826,30.0,,,8.838934421539307
gold_fair_sweep,265f3ca3fcf9,0,ProposedA,OracleTargetTreated,341507987,100,500,20000,10,0.1,,,3.018420435457933,-0.6364392264040403,0.22982541303111648,0.22982541303111648,0.7612883812883813,0.5653733733733733,0.776300198719084,0.7474291523715412,0.6933267558512028,0.6895382918330542,4.967247154401303,3.5861999584355413,1.6253138978979325,0.16814888040673867,0.5874097252860525,1.0839242013239487,2.901812612646914,1.6776551086891813,0.4362814999026985,1.528473918724685,0.31725057951051827,0.008852371275172343,30.0,,,14.26468825340271
gold_fair_sweep,265f3ca3fcf9,0,ProposedA_Together,OracleTargetTreated,341507987,100,500,20000,10,0.1,,,3.2449183649730973,-0.6114871476984742,0.2547774917366825,0.2547774917366825,0.6805656205656206,0.48999799799799804,0.6955383738813717,0.6717364555348804,0.5972001236976656,0.5948088791181129,4.464210402653139,3.088989485416457,1.1772546767280745,-0.14638853504801702,0.43270162034975523,0.7545395776630875,1.8026608798445833,1.5874240273253066,0.5265125812665732,1.4290318241208684,0.41669267411433486,0.0,0.0,,,14.067434787750244
gold_fair_sweep,265f3ca3fcf9,0,ProposedA_JointProxy,OracleTargetTreated,341507987,100,500,20000,10,0.1,,,2.9834855386191497,-0.7015214185182846,0.1647432209168721,0.1647432209168721,0.7684649044649045,0.572032032032032,0.7836985597136698,0.747818808728533,0.7155254867230315,0.7033821119396048,4.969836723491993,3.701021847332844,1.6203211565825715,0.27042535678583574,0.5982979287456288,1.0529174322673025,2.9842574483356894,1.71214162336881,0.4017949852230698,1.5514382965041456,0.2942862017310577,0.005760900301718972,30.0,,,15.896783590316772
gold_fair_sweep,265f3ca3fcf9,0,ProposedA_FullyJoint,OracleTargetTreated,341507987,100,500,20000,10,0.1,,,3.496771368898855,-0.5130949069994918,0.35316973243566496,0.35316973243566496,0.6482037482037483,0.4621021021021022,0.6648666542344633,0.6075893131083223,0.6199788723749793,0.5909945382877337,4.037902825981437,3.206811489068264,1.1530634613422326,-0.27463364997325185,0.33851843512519164,0.8997802069018985,2.0928878576385266,1.5918949670703486,0.5220416415215312,1.4525962248512296,0.3931282733839736,0.0,0.0,,,11.92708945274353
gold_fair_sweep,265f3ca3fcf9,0,ProposedA_Direct,OracleTargetTreated,341507987,100,500,20000,10,0.1,,,2.9659173480169323,-0.6233520019979519,0.24291263743720481,0.24291263743720481,0.7688119448119448,0.571963963963964,0.7837802480948848,0.7536361212758486,0.6963810301538649,0.7363597820143265,5.008497282964728,3.601998048275317,1.5715706373867506,0.11337706366107117,0.5971116804223864,1.0017984225077716,2.8114346266664305,1.7602905910259528,0.35364601756592706,1.5316335366926404,0.3140909615425629,,,,,12.08641242980957
gold_fair_sweep,265f3ca3fcf9,0,ProposedA_Together_Direct,OracleTargetTreated,341507987,100,500,20000,10,0.1,,,3.6875786753356423,-0.3613761653460341,0.5048884740891226,0.5048884740891226,0.6031258867446421,0.42822908554457295,0.6205595002076724,0.5076969965138236,0.540650530682436,0.5305822468048242,3.374040808054786,2.796489381519866,1.171041850998618,-0.4430780258615541,0.2698912127933465,1.181471909386472,2.4423500532315563,1.5593820652294554,0.5545545433624244,1.37053180334155,0.47519269489365334,0.0,0.0,,,9.59589171409607
gold_fair_sweep,265f3ca3fcf9,0,ProposedA_FullyDirect,OracleTargetTreated,341507987,100,500,20000,10,0.1,,,3.6875786753356423,-0.3613761653460341,0.5048884740891226,0.5048884740891226,0.6031258867446421,0.42822908554457295,0.6205595002076724,0.5076969965138236,0.540650530682436,0.5305822468048242,3.374040808054786,2.796489381519866,1.171041850998618,-0.4430780258615541,0.2698912127933466,1.181471909386472,2.4423500532315563,1.5593820652294554,0.5545545433624244,1.37053180334155,0.47519269489365334,0.0,0.0,,,10.31174635887146
gold_fair_sweep,265f3ca3fcf9,0,ProposedA_NoCrossfit,OracleTargetTreated,341507987,100,500,20000,10,0.1,,,2.9868929963879585,-0.6451852671838997,0.22107937225125707,0.22107937225125707,0.7600610800610801,0.5620900900900901,0.7738184855077722,0.7579878833661058,0.6894862501558684,0.6867682173993068,5.0374181215363505,3.56633512378327,1.5738435870256249,0.14915605576563787,0.5889863465552263,0.9957192263473845,2.3685935388067487,1.727267281872917,0.3866693267189629,1.5245009517942307,0.3212235464409725,,,,,9.986664772033691
gold_fair_sweep,265f3ca3fcf9,0,ProposedA_Direct_NoCrossfit,OracleTargetTreated,341507987,100,500,20000,10,0.1,,,2.9483492039465435,-0.6323872496856372,0.23387738974951955,0.23387738974951955,0.7644572124572125,0.5675755755755756,0.7793536090384573,0.753405795225188,0.6942752033509204,0.7011509137429666,5.0069665874919895,3.5911057584142103,1.551831111077494,0.11509356887574676,0.5994197305461761,0.9820306547076072,2.417072995872495,1.7504871981993229,0.36344941039255696,1.5294550787204189,0.3162694195147844,,,,,9.677494525909424
gold_fair_sweep,265f3ca3fcf9,0,ProposedA_Together_NoCrossfit,OracleTargetTreated,341507987,100,500,20000,10,0.1,,,3.246660009078649,-0.618152045831117,0.2481125936040397,0.2481125936040397,0.6811014931014931,0.48989789789789795,0.6972361340471812,0.6340728689993618,0.5954877988384023,0.5728792280201225,4.213906621419163,3.0801325658077814,1.2575653461442469,-0.08889804794977336,0.44056476823427715,0.7971447337185847,1.627889694304662,1.5701786737877261,0.5437579348041537,1.427260440199133,0.41846405803607034,,,,,10.274516582489014
gold_fair_sweep,265f3ca3fcf9,0,ProposedA_Together_Direct_NoCrossfit,OracleTargetTreated,341507987,100,500,20000,10,0.1,,,3.7473450002359563,-0.34103532616226556,0.5252293132728911,0.5252293132728911,0.6038383016498166,0.42844687532241216,0.6218879320001779,0.4596221633654981,0.5263947854054309,0.5380172060116049,3.0545462079356405,2.722752211147582,1.1934969333371164,-0.45924002350086923,0.24728312017658827,1.3200146866506255,2.4603382808972567,1.5852686384902912,0.5286679701015886,1.3557843692670932,0.48994012896811,,,,,9.069867610931396
gold_fair_sweep,265f3ca3fcf9,0,ProposedB_LinearStepB,OracleTargetTreated,341507987,100,500,20000,10,0.1,,,3.042076151933754,-0.6653780358382619,0.2008866035968948,0.2008866035968948,0.7561868161868163,0.5602762762762763,0.7713406727544878,0.7407835559554371,0.6696964161530937,0.6679096253046527,4.923082005393597,3.463973140376087,1.598538653606244,0.1973678701129057,0.5720696196092001,1.0784297069858708,2.734440232837496,1.6699165549920645,0.44402005359981533,1.5040285551127943,0.3416959431224089,0.008412024953479041,30.0,8.159020961499037,10.0,29.300299167633057
gold_fair_sweep,265f3ca3fcf9,0,ProposedB_SourceDR,FeasibleRestricted,341507987,100,500,20000,10,0.1,,,3.0558536226212247,-0.26489348961708775,0.6013711498180689,0.6013711498180689,0.7372471012471012,0.5398918918918919,0.7504119580290832,0.6722473613636301,0.7173081487697606,0.7198480030811988,4.467605768643309,3.7102425827277092,1.3764516873054873,-0.5016515486954778,0.5457764419350006,0.891663308818028,2.0640086675795306,1.666124685095744,0.44781192349613574,1.5532824435831187,0.2924420546520845,0.0016378807955834574,30.0,8.159020961499072,10.0,27.465725660324097
gold_fair_sweep,265f3ca3fcf9,0,IPWTransport,FeasibleRestricted,341507987,100,500,20000,10,0.1,,,1.0883713983139796,-1.1120100819713816,0.24574544253622488,-0.24574544253622488,0.963872127872128,0.837945945945946,0.9678534163191638,0.9565184278950132,0.9657265661610266,0.9672342784623953,6.356807764345932,4.995175135243215,0.9752230499079769,0.218193224233393,0.9386098585272081,0.24574544253622446,0.4610670563631727,2.064354433709651,0.04958217488222871,1.8102689540862202,0.035455544148983,,,,,0.39679384231567383
gold_fair_sweep,265f3ca3fcf9,0,EntropyBalancing,FeasibleRestricted,341507987,100,500,20000,10,0.1,,,1.0997059315571287,-1.1467592327741762,0.2804945933390195,-0.2804945933390195,0.9635396915396915,0.8373373373373374,0.9676572952901521,0.9577134332712365,0.9676367986304963,0.9644123732585067,6.364749503085592,5.005055722635525,0.9708254961084725,0.24703846163980386,0.9384922654257732,0.2804945933390192,0.5397596861066383,2.0659377009271136,0.04799890766476622,1.8122450715646818,0.033479426670521395,,,,,2.0880143642425537
gold_fair_sweep,265f3ca3fcf9,0,OutcomeModelTransport,FeasibleRestricted,341507987,100,500,20000,10,0.1,,,1.0995104747137114,-1.1257678310276047,0.25950319159244795,-0.25950319159244795,0.9636352236352237,0.8374734734734736,0.967603292217144,0.9601495327877014,0.9702908679657842,0.9679941205958624,6.380939276193322,5.018783771148826,0.9713152267856099,0.22721079666736507,0.9378612527544046,0.2595031915924478,0.5239337071196299,2.054147617876784,0.05978899071509591,1.814990681267342,0.03073381696786126,,,,,0.04995894432067871
gold_fair_sweep,265f3ca3fcf9,0,DRLearner_PooledWithSite,OracleTargetTreated,341507987,100,500,20000,10,0.1,,,1.071693156278643,-1.1007711885055311,0.23450654907037438,-0.23450654907037438,0.9650349050349051,0.8407207207207207,0.96887833061576,0.9580484617209646,0.9710031548709888,0.9679941205958623,6.366976027309693,5.022468041585934,0.9738291798998855,0.205698464324607,0.9403722778457502,0.23450654907037408,0.47089920482916625,2.0623447065459968,0.05159190204588304,1.8157275353547637,0.029996962880439515,,,,,0.34505724906921387
gold_fair_sweep,265f3ca3fcf9,0,DRLearner_PooledNoSite,OracleTargetTreated,341507987,100,500,20000,10,0.1,,,1.0489948374577367,-1.0809552482086702,0.21469060877351342,-0.21469060877351342,0.9661738141738143,0.8434994994994996,0.9699114874509517,0.9640317599717653,0.9712989066664934,0.9679941205958624,6.406739690682901,5.023997803805256,0.9764457711839091,0.18922954151725188,0.9424052459101312,0.21469060877351293,0.4365867737572007,2.061456535777578,0.05248007281430178,1.816033487798628,0.029691010436575294,,,,,0.10516238212585449
gold_fair_sweep,1b1f7c08b02b,1,TargetOnlyDR,OracleTargetTreated,898638242,100,1000,20000,10,0.1,,,4.961607512237448,0.9218645003043063,0.007142746102763109,0.007142746102763109,0.37703506216616733,0.2603906510418232,0.3919153620776129,0.49000194388489127,0.54275642597657,0.4890332232794558,4.378399881930972,3.906599644484527,0.3390747885810431,0.6021407436604909,0.06945362543773581,1.4016225286904593,2.5544486537545543,1.2579739392340807,1.1922766603946167,0.9250039725762588,0.6582207038852735,0.0,0.0,,,15.95846176147461
gold_fair_sweep,1b1f7c08b02b,1,ProxyOnly,FeasibleRestricted,898638242,100,1000,20000,10,0.1,,,7.820629304060842,-0.805688558845499,1.7204103130470423,-1.7204103130470423,0.4617365937365937,0.3160800800800801,0.47800297582548007,0.5313923420650185,0.5654987074890734,0.565199205608479,4.748242730039177,4.0702918360816245,0.24816498863284076,1.114665446249046,0.22302211541436945,5.345744873514877,12.51143838977208,1.4520300583641101,0.9982205412645873,0.9577424108956785,0.6254822655658538,0.0,0.0,,,7.1325953006744385
gold_fair_sweep,1b1f7c08b02b,1,AnchorOnly,OracleTargetTreated,898638242,100,1000,20000,10,0.1,,,3.698284974108477,0.9614135861937168,0.04669183199217353,0.04669183199217353,0.5924188724188725,0.42444044044044044,0.6122973186760317,0.6618683796088899,0.6256012320913233,0.6114093878490405,5.914108038343155,4.502891967570272,1.1968729585314812,-0.2359681690784918,0.3458475585059455,0.7761406278897286,1.90183590096877,1.8333346036830216,0.6169159959456758,1.0442624371934077,0.5389622392681246,0.001807420797551363,14.0,,,9.77479887008667
gold_fair_sweep,1b1f7c08b02b,1,AnchorPlugin,FeasibleRestricted,898638242,100,1000,20000,10,0.1,,,2.176566153239417,0.8893152801976648,0.02540647400387841,-0.02540647400387841,0.8644303924303925,0.6778418418418418,0.8759403636318253,0.8990762695041256,0.913430719429258,0.9078717716829445,8.033673093281744,6.574603179249375,1.0554330628517659,-0.023890995818355073,0.7723037079936131,0.227410296494825,0.45973023144965364,2.2034957260737364,0.24675487355496095,1.4586046795292287,0.12461999693230363,0.008330361814156313,30.0,,,8.956474304199219
gold_fair_sweep,1b1f7c08b02b,1,ProposedA,OracleTargetTreated,898638242,100,1000,20000,10,0.1,,,3.7077750101634317,0.9699361617305567,0.05521440752901352,0.05521440752901352,0.5857463497463499,0.41811011011011007,0.6062766373677997,0.6638787806139439,0.6062101757518542,0.5906713707672956,5.9320719252889385,4.3633209000041004,1.1876259388047528,-0.23719959045438796,0.3416492562931479,0.8004848679540622,2.2366037979716458,1.8248943633975172,0.6253562362311802,1.0163482236801735,0.5668764527813588,0.0029246907817836562,30.0,,,15.102357149124146
gold_fair_sweep,1b1f7c08b02b,1,ProposedA_Together,OracleTargetTreated,898638242,100,1000,20000,10,0.1,,,4.381081749278575,0.7856171510413208,0.12910460316022243,-0.12910460316022243,0.429017361017361,0.297965965965966,0.4490328036296857,0.6033002680611675,0.5862474849849605,0.5547911664665411,5.390774170211179,4.219635377511055,0.5943093124443495,0.4478221653216863,0.13020467529450241,1.195647606374335,2.405928227823893,1.2814234020612958,1.1688271975674016,0.9876111191815645,0.5956135572799678,0.0,0.0,,,14.559733629226685
gold_fair_sweep,1b1f7c08b02b,1,ProposedA_JointProxy,OracleTargetTreated,898638242,100,1000,20000,10,0.1,,,3.558773270256069,0.9818372495798042,0.067115495378261,0.067115495378261,0.6605955365955366,0.4836276276276277,0.6773144514185796,0.6769395619039261,0.6844528701505296,0.6658693729470972,6.048776203652818,4.92648858903036,1.4034006613973469,-0.4631892912433064,0.4204670358755197,1.0000480798889213,2.936098619115544,1.9662372871956173,0.4840133124330801,1.1289817614854256,0.4542429149761067,0.006534536285591416,29.0,,,16.099217176437378
gold_fair_sweep,1b1f7c08b02b,1,ProposedA_FullyJoint,OracleTargetTreated,898638242,100,1000,20000,10,0.1,,,4.606590270943091,0.7537440555820025,0.1609776986195407,-0.1609776986195407,0.3920113139519627,0.2688148585817199,0.4112801480668488,0.5017757076591169,0.6020005865330341,0.565795723552659,4.483604048082326,4.333021526365034,0.46741197285870467,0.5624127581514379,0.09505852181778063,1.0495474739422415,3.1684096637677435,1.3891466151035192,1.0611039845251782,1.0102883489523602,0.5729363275091721,0.0,0.0,,,12.548056602478027
gold_fair_sweep,1b1f7c08b02b,1,ProposedA_Direct,OracleTargetTreated,898638242,100,1000,20000,10,0.1,,,3.4488886644456325,1.0924622897358698,0.17774053553432656,0.17774053553432656,0.6994778554778555,0.5108308308308309,0.7175549364164772,0.7068924284453745,0.7141224339726456,0.7239666087056846,6.316419279288003,5.1400413024246605,1.657820755546435,-0.8963849043743656,0.5037107421358826,0.986796756838751,3.443131835758412,1.98965551620564,0.46059508342305744,1.1716923041642855,0.4115323722972468,,,,,13.023996114730835
gold_fair_sweep,1b1f7c08b02b,1,ProposedA_Together_Direct,OracleTargetTreated,898638242,100,1000,20000,10,0.1,,,4.907844410348915,0.9330846534603318,0.018362899258788534,0.018362899258788534,0.3877186107975077,0.2689491350363521,0.4088336628910675,0.45721314394439705,0.5789189620022009,0.5794092350264072,4.085416395682103,4.166886844451253,0.3380382522510462,0.5993034487435392,0.059500939773595274,1.29059736594959,3.4299033720465975,1.1981032712530082,1.2521473283756892,0.9770614125696041,0.6061632638919282,0.0,0.0,,,9.630585670471191
gold_fair_sweep,1b1f7c08b02b,1,ProposedA_FullyDirect,OracleTargetTreated,898638242,100,1000,20000,10,0.1,,,4.907844410348915,0.9330846534603318,0.018362899258788534,0.018362899258788534,0.3877186107975077,0.2689491350363521,0.4088336628910675,0.45721314394439705,0.5789189620022009,0.5794092350264072,4.085416395682103,4.166886844451253,0.3380382522510462,0.5993034487435392,0.059500939773595274,1.29059736594959,3.4299033720465975,1.1981032712530082,1.2521473283756892,0.9770614125696041,0.6061632638919282,0.0,0.0,,,9.973073720932007
gold_fair_sweep,1b1f7c08b02b,1,ProposedA_NoCrossfit,OracleTargetTreated,898638242,100,1000,20000,10,0.1,,,3.5266493471945783,0.9989730711000618,0.08425131689851861,0.08425131689851861,0.6446589086589087,0.46608208208208207,0.6652438291138273,0.6835408773957927,0.641355692120588,0.6524655663682946,6.107762089996501,4.616287894368617,1.3866247029802725,-0.4704789837978718,0.4303524054565486,0.9007912153666611,2.9052873347197083,1.9127117377913545,0.5375388618373429,1.0669416225530768,0.5162830539084555,,,,,9.850057363510132
gold_fair_sweep,1b1f7c08b02b,1,ProposedA_Direct_NoCrossfit,OracleTargetTreated,898638242,100,1000,20000,10,0.1,,,3.440293796155504,1.0635318702401377,0.1488101160385945,0.1488101160385945,0.6974515814515815,0.5097937937937939,0.7154776829279139,0.7035983883421535,0.7115313209380036,0.7426067217294353,6.286985467893968,5.121391239937167,1.6487564510161266,-0.8387832777181303,0.5050056881237357,1.0125212666690557,3.4133130187773046,1.9729364772732123,0.4773141223554851,1.1679622916667867,0.41526238479474564,,,,,10.118198156356812
gold_fair_sweep,1b1f7c08b02b,1,ProposedA_Together_NoCrossfit,OracleTargetTreated,898638242,100,1000,20000,10,0.1,,,4.3583465793413465,0.8008956512985337,0.11382610290300954,-0.11382610290300954,0.4258836778836779,0.29504704704704704,0.4431424576889214,0.5842022769622214,0.5843804540326674,0.5452566853410963,5.220124557457015,4.206197042918615,0.6098210680098777,0.4263187127622046,0.1337443619541272,1.151373675039414,2.5211210261305466,1.306493159679932,1.1437574399487653,0.9849234522630763,0.598301224198456,,,,,11.069176197052002
gold_fair_sweep,1b1f7c08b02b,1,ProposedA_Together_Direct_NoCrossfit,OracleTargetTreated,898638242,100,1000,20000,10,0.1,,,4.763465007824596,0.9420962816214697,0.02737452741992652,0.02737452741992652,0.40420667039597097,0.2805725005430747,0.42601090528876895,0.5154597855297914,0.5882375816058556,0.5786450212573351,4.605877777158328,4.23395950225576,0.3839359262986747,0.5530171456546663,0.06407333498176493,1.1334032113796089,3.0752559860520545,1.2256385922609383,1.224612007367759,0.9904759441305054,0.5927487323310269,,,,,9.75537896156311
gold_fair_sweep,1b1f7c08b02b,1,ProposedB_LinearStepB,OracleTargetTreated,898638242,100,1000,20000,10,0.1,,,3.6700979627912798,1.0057491127117069,0.09102735851016364,0.09102735851016364,0.59801347001347,0.42812412412412415,0.6189708048604966,0.6820489709759235,0.6046949352271147,0.6115879644168425,6.094431198202852,4.352414648485097,1.2505925866855787,-0.3430606302213168,0.36137320359457337,0.8520704635669017,2.3731288883364012,1.8392056508698065,0.6110449487588909,1.0141669733763727,0.5690577030851596,0.014778463453166153,30.0,7.52061833094827,10.0,30.185648441314697
gold_fair_sweep,1b1f7c08b02b,1,ProposedB_SourceDR,FeasibleRestricted,898638242,100,1000,20000,10,0.1,,,3.525458836571618,0.49339813911494773,0.4213236150865955,-0.4213236150865955,0.6384561864561865,0.4548748748748749,0.657256476460668,0.6714239404749122,0.6997551020655036,0.7066158973047509,5.999491508938946,5.036629512099666,1.298413306923611,0.27408704476334733,0.4281888890783919,0.641045164446594,1.5416079033251604,1.8639681144916942,0.5862824851370032,1.1510099460992866,0.43221473036224567,0.008081812015293484,30.0,7.5206183309483405,10.0,26.338233470916748
gold_fair_sweep,1b1f7c08b02b,1,IPWTransport,FeasibleRestricted,898638242,100,1000,20000,10,0.1,,,1.1408110712882646,1.5478478482527176,0.6331260940511744,0.6331260940511744,0.975901695901696,0.8665985985985986,0.9783309799897227,0.9866700929879584,0.980215508555709,0.9812909293442558,8.816365470701355,7.055300267245953,0.9797641780922784,-0.6018041206536833,0.9567114285589481,0.6331260940511741,0.8196184253443635,2.3953915499211997,0.054859049707497665,1.5547440971285442,0.028480579332988087,,,,,0.6189777851104736
gold_fair_sweep,1b1f7c08b02b,1,EntropyBalancing,FeasibleRestricted,898638242,100,1000,20000,10,0.1,,,1.1221953554741166,1.5140667797822625,0.5993450255807192,0.5993450255807192,0.9759414999415,0.8665545545545547,0.9783133212743629,0.9854018465121298,0.9806697429349298,0.9796841314180041,8.805033086637728,7.058569711474428,0.9790685165543979,-0.567653361844171,0.9567645501503045,0.5993450255807194,0.7453471720657747,2.3989325673673685,0.051318032261328916,1.555397985974239,0.02782669048729325,,,,,1.5716164112091064
gold_fair_sweep,1b1f7c08b02b,1,OutcomeModelTransport,FeasibleRestricted,898638242,100,1000,20000,10,0.1,,,1.1203139752254776,1.4562389921977221,0.5415172379961789,0.5415172379961789,0.9744300624300625,0.8622942942942943,0.9770041282823011,0.9889915553878719,0.9799499032967927,0.9779807300262245,8.837108838813535,7.0533885194335,0.979125401617496,-0.5111188338851084,0.9537644661855891,0.5415172379961786,0.7730538342339255,2.401555515756936,0.04869508387176147,1.5543617475660534,0.028862928895478923,,,,,0.0669558048248291
gold_fair_sweep,1b1f7c08b02b,1,DRLearner_PooledWithSite,OracleTargetTreated,898638242,100,1000,20000,10,0.1,,,1.047995396324492,1.3781883832468829,0.46346662904533964,0.46346662904533964,0.9762605082605084,0.8675795795795795,0.9786842831858856,0.9890105785192623,0.979770852197055,0.9808992655492953,8.837278819519272,7.0520997627664155,0.9850729188702841,-0.44289429923658175,0.9573532268135136,0.4634666290453393,0.6696718969230959,2.406082433787632,0.04416816584106531,1.5541039962326366,0.02912068022889569,,,,,0.5257575511932373
gold_fair_sweep,1b1f7c08b02b,1,DRLearner_PooledNoSite,OracleTargetTreated,898638242,100,1000,20000,10,0.1,,,1.0374801790688963,1.346789081515973,0.43206732731442987,0.43206732731442987,0.9760904560904562,0.866986986986987,0.978538128376635,0.9853733368820214,0.9807600380209486,0.9805050786093841,8.804778339564459,7.059219628700751,0.9846030033515702,-0.411330820340187,0.957067107599757,0.43206732731442965,0.6017714979445152,2.4059587770012354,0.04429182262746201,1.5555279694195032,0.02769670704202909,,,,,0.18706798553466797
gold_fair_sweep,1b1f7c08b02b,0,TargetOnlyDR,OracleTargetTreated,2053073014,100,1000,20000,10,0.1,,,4.497217881843137,1.584219659241693,0.8108098870754847,0.8108098870754847,0.4686605766605767,0.3285045045045045,0.4876496677447408,0.4668219566697666,0.5573345049376762,0.5515447670745535,4.077005830505908,3.9784182858781905,0.5893463114573123,-0.1602442405460431,0.130699641450285,0.918785902713052,2.5066196201567443,1.386542707340201,0.8859517290506953,0.8239325765056503,0.6319754059656527,0.0,0.0,,,16.269896745681763
gold_fair_sweep,1b1f7c08b02b,0,ProxyOnly,FeasibleRestricted,2053073014,100,1000,20000,10,0.1,,,10.926235958285988,6.993579240516836,6.220169468350628,6.220169468350628,0.3396135876135876,0.2324964964964965,0.35110445120652484,0.29238097808584645,0.41821408623161227,0.42267372119757646,2.5535194635848577,2.985335652709573,0.16095428251804106,-0.35223675672424537,0.10874895988127464,7.668906354458434,22.50214896084651,1.130460404206757,1.1420340321841393,0.6253160498719269,0.8305919325993761,0.0,0.0,,,7.756708145141602
gold_fair_sweep,1b1f7c08b02b,0,AnchorOnly,OracleTargetTreated,2053073014,100,1000,20000,10,0.1,,,3.5646756907661445,0.9173428481338649,0.1439330759676566,0.1439330759676566,0.7011081531081532,0.5113113113113114,0.7186099715607169,0.7550548499225422,0.7212392199925414,0.7316547398786561,6.594297850612081,5.148418545576535,1.4423783709999258,-0.5497457107735485,0.4363081723650801,1.2034872388510645,2.3097565132902393,1.7876799911829142,0.4848144452079821,1.0579326284453188,0.3979753540259843,0.0010497211615685376,12.0,,,10.528848648071289
gold_fair_sweep,1b1f7c08b02b,0,AnchorPlugin,FeasibleRestricted,2053073014,100,1000,20000,10,0.1,,,3.331036470607964,0.7930877271838273,0.01967795501761893,0.01967795501761893,0.6741955941955943,0.4883083083083083,0.6872333699047698,0.738837922740898,0.7403484927442565,0.720433229035007,6.452666751800624,5.284826177746661,0.9185987302760038,0.044880392977663226,0.47482554322704684,0.3796753459892009,0.6810952688527143,1.7164065244183644,0.5560879119725319,1.0852141548793446,0.37069382759195846,0.012848993521414567,29.0,,,8.821290016174316
gold_fair_sweep,1b1f7c08b02b,0,ProposedA,OracleTargetTreated,2053073014,100,1000,20000,10,0.1,,,3.5782567635012015,0.950843033592498,0.17743326142628968,0.17743326142628968,0.697982437982438,0.5081001001001001,0.7175304570683765,0.7829668435421155,0.748035506301462,0.7622688217326592,6.838068219812057,5.3396983506138325,1.5166868865022485,-0.6687213880055506,0.44251117947632557,1.1825615908355607,2.537255026560116,1.713153818875439,0.5593406175154574,1.0961885894527787,0.3597193930185243,0.004328143326729137,29.0,,,13.481590032577515
gold_fair_sweep,1b1f7c08b02b,0,ProposedA_Together,OracleTargetTreated,2053073014,100,1000,20000,10,0.1,,,5.418349602446,1.4102896415696788,0.6368798694034705,0.6368798694034705,0.46931570531570527,0.32732732732732733,0.47303059598403896,0.34027386473281496,0.49778933252246765,0.5696710146077485,2.971793658510049,3.553367260553774,0.20758589188210527,0.4806535391088722,0.02801016906145093,1.677225681876241,3.433948342258968,0.8949117580402031,1.3775826783506933,0.7389223714407669,0.7169856110305362,0.0,0.0,,,15.148386716842651
gold_fair_sweep,1b1f7c08b02b,0,ProposedA_JointProxy,OracleTargetTreated,2053073014,100,1000,20000,10,0.1,,,3.503125178877202,0.841471051207534,0.06806127904132564,0.06806127904132564,0.7045573765573767,0.5155475475475475,0.721012791937509,0.7105875312397101,0.7303208824966225,0.7380936321173852,6.205940972906093,5.213246134488245,1.6738723038102494,-0.6351053149081785,0.4955528346173762,1.183443639309535,2.403785773883324,1.8078703492719055,0.46462408711899084,1.070898146227661,0.38500983624364205,0.0038035388272019592,29.0,,,17.595425128936768
gold_fair_sweep,1b1f7c08b02b,0,ProposedA_FullyJoint,OracleTargetTreated,2053073014,100,1000,20000,10,0.1,,,5.517697111265894,1.460266629419919,0.6868568572537106,0.6868568572537106,0.3354880740365085,0.22860207944434582,0.34279501600893,0.326930047133032,0.42469659499718715,0.47513083982961174,2.855254962379251,3.0316097146649024,0.18367718413282189,0.505192109591231,0.022865754456731557,1.7305934673804417,3.164916497622232,0.8866141937113595,1.3858802426795367,0.6345708622629926,0.8213371202083104,0.0,0.0,,,12.746911764144897
gold_fair_sweep,1b1f7c08b02b,0,ProposedA_Direct,OracleTargetTreated,2053073014,100,1000,20000,10,0.1,,,3.3662091790759248,0.8077372355861759,0.03432746341996762,0.03432746341996762,0.7465231705231705,0.5498618618618618,0.7607920832142164,0.7503935617143654,0.748202250341092,0.7578586129050543,6.553588327568269,5.340888618810846,1.7405919156560925,-0.6325311300694896,0.5615700039827884,1.2782990040043178,2.3421933951641973,1.880134147910287,0.3923602884806092,1.0964266430921814,0.35948133937912163,,,,,12.932394027709961
gold_fair_sweep,1b1f7c08b02b,0,ProposedA_Together_Direct,OracleTargetTreated,2053073014,100,1000,20000,10,0.1,,,5.8493006661872835,1.3090214410157608,0.5356116688495525,0.5356116688495525,0.37375313448775577,0.2564707361973321,0.3761779650882972,0.3718211120477404,0.45122978108383766,0.5339597925806122,3.2473126425717784,3.2210114326180075,0.14051603077306504,0.5894712750778358,0.016951962765828,2.0405027254101324,4.519713950184483,0.8694451886932197,1.4030492476976766,0.6724512058536137,0.7834567766176893,0.0,0.0,,,10.650159120559692
gold_fair_sweep,1b1f7c08b02b,0,ProposedA_FullyDirect,OracleTargetTreated,2053073014,100,1000,20000,10,0.1,,,5.849300666187283,1.3090214410157608,0.5356116688495525,0.5356116688495525,0.37375313448775577,0.2564707361973321,0.3761779650882972,0.3718211120477404,0.45122978108383766,0.5339597925806122,3.2473126425717784,3.2210114326180075,0.14051603077306504,0.5894712750778358,0.016951962765828,2.0405027254101324,4.519713950184484,0.8694451886932197,1.4030492476976766,0.6724512058536137,0.7834567766176893,0.0,0.0,,,9.582617044448853
gold_fair_sweep,1b1f7c08b02b,0,ProposedA_NoCrossfit,OracleTargetTreated,2053073014,100,1000,20000,10,0.1,,,3.406923448900517,0.8580274943343345,0.08461772216812613,0.08461772216812613,0.7195437955437956,0.528956956956957,0.735103736762452,0.7884085926115445,0.7486833960163657,0.7601410168939248,6.885593924992001,5.344323178730824,1.658139375462104,-0.649319401418639,0.5306439255099111,1.1355064515461417,2.7223275491905037,1.781856587510025,0.49063784888087136,1.0971135550761768,0.35879442739512624,,,,,10.888270139694214
gold_fair_sweep,1b1f7c08b02b,0,ProposedA_Direct_NoCrossfit,OracleTargetTreated,2053073014,100,1000,20000,10,0.1,,,3.324958235972285,0.8301164486795316,0.056706676513323284,0.056706676513323284,0.755824403824404,0.5596756756756757,0.7703828390603208,0.7845703821663207,0.7747066520050169,0.7902254216267882,6.852072780280816,5.530084865054043,1.7584018775349604,-0.6862685497645329,0.5812931657592109,1.2717408393544536,2.8135099013858156,1.8784020826295773,0.394092353761319,1.1342658923408206,0.3216420901304824,,,,,9.302523612976074
gold_fair_sweep,1b1f7c08b02b,0,ProposedA_Together_NoCrossfit,OracleTargetTreated,2053073014,100,1000,20000,10,0.1,,,5.347126391862997,1.3475942439764481,0.5741844718102398,0.5741844718102398,0.4704645818759756,0.3245468714184523,0.47724695482099316,0.4180872352137384,0.5587767621918194,0.5969858928441388,3.651379441932107,3.9887135440794843,0.21865315260214516,0.4787540422922534,0.029500962130668773,1.5916493933850266,2.9742193956144334,0.8858485123167882,1.386645924074108,0.8259916281459091,0.629916354325394,,,,,11.234765529632568
gold_fair_sweep,1b1f7c08b02b,0,ProposedA_Together_Direct_NoCrossfit,OracleTargetTreated,2053073014,100,1000,20000,10,0.1,,,5.681819390783145,1.2847185730385868,0.5113088008723785,0.5113088008723785,0.38398857090559724,0.2638850344763614,0.38497504729501997,0.3508439573360381,0.42863688635160746,0.5009356882318887,3.0641079307001498,3.05973667798268,0.15936569180484217,0.5686697079993843,0.019624978261385984,1.9858919610534396,4.119559264732069,0.905939089132351,1.3665553472585454,0.6401962549265481,0.815711727544755,,,,,9.570520877838135
gold_fair_sweep,1b1f7c08b02b,0,ProposedB_LinearStepB,OracleTargetTreated,2053073014,100,1000,20000,10,0.1,,,3.57308241954289,0.9454251790169899,0.17201540685078154,0.17201540685078154,0.7004671364671365,0.5097457457457458,0.7190336288879752,0.7804408329628174,0.7446356503078553,0.7764426750752519,6.8160072183690525,5.3154291745005935,1.4648505259838585,-0.6114967985952128,0.4368179352134828,1.1862825310921128,2.357008020075007,1.7384675679447263,0.53402686844617,1.091334754230131,0.364573228241172,0.019906980935575514,29.0,7.074463589051398,10.0,29.96851634979248
gold_fair_sweep,1b1f7c08b02b,0,ProposedB_SourceDR,FeasibleRestricted,2053073014,100,1000,20000,10,0.1,,,4.1545425838730425,0.31445217210624127,0.45895760005996705,-0.45895760005996705,0.41816156216156214,0.28669469469469466,0.4312105468187722,0.5048372223968928,0.5023546986947026,0.5086848055309845,4.409013478825168,3.585956192515523,0.8700487960572296,0.49982103840759273,0.19154326810541433,0.5907549371676518,1.3458059764302397,1.2915214229717267,0.9809730134191696,0.7454401578331169,0.7104678246381861,0.011917932924698314,29.0,7.0744635890513194,10.0,28.087581157684326
gold_fair_sweep,1b1f7c08b02b,0,IPWTransport,FeasibleRestricted,2053073014,100,1000,20000,10,0.1,,,2.7307829505422316,0.3374108626069872,0.4359989095592211,-0.4359989095592211,0.7980593820593821,0.6026906906906907,0.8113073025815106,0.8314899732041902,0.8340642264054606,0.8394381398819565,7.261846664077947,5.953796760348427,0.9538114553601323,0.45158342624872055,0.6551246747326176,0.43599890955922127,0.7773581495404485,1.9146911503679793,0.357803286022917,1.2190082713996977,0.23689971107160535,,,,,0.4100830554962158
gold_fair_sweep,1b1f7c08b02b,0,EntropyBalancing,FeasibleRestricted,2053073014,100,1000,20000,10,0.1,,,2.6720697507745226,0.3768841430271994,0.3965256291390089,-0.3965256291390089,0.8062564342564343,0.6118798798798799,0.8193886807108712,0.8450258482910862,0.8394490678080553,0.8443980459892432,7.380062700966961,5.992235348508391,0.9561649146295015,0.41304637772339375,0.6685483852962242,0.3965256291390091,0.6188719718416476,1.9344240238044896,0.3380704125864067,1.22669598903169,0.22921199343961307,,,,,0.6551544666290283
gold_fair_sweep,1b1f7c08b02b,0,OutcomeModelTransport,FeasibleRestricted,2053073014,100,1000,20000,10,0.1,,,2.728692816974451,0.4418106503993656,0.3315991217668427,-0.3315991217668427,0.7963970683970685,0.6006646646646647,0.8095991230146945,0.8251973165213645,0.8284285285392182,0.8312360618029468,7.206889527596466,5.913567484669093,0.9531665352299911,0.3522906452973364,0.6518861205277829,0.3341635029496768,0.49818547440295013,1.9246334638467293,0.34786097254416704,1.2109624162638306,0.24494556620747243,,,,,0.023531198501586914
gold_fair_sweep,1b1f7c08b02b,0,DRLearner_PooledWithSite,OracleTargetTreated,2053073014,100,1000,20000,10,0.1,,,2.57424367826398,0.48505274894903977,0.28835702321716855,-0.28835702321716855,0.8197846117846119,0.6256656656656657,0.832045655813907,0.8470445600830363,0.8534201861037845,0.8444301722569185,7.397693190767837,6.091965316793976,0.9807251278523605,0.29770635293802233,0.6883425131378289,0.28835702321716816,0.5506817515619791,1.9844454222754466,0.2880490141154497,1.2466419826888075,0.2092659997824955,,,,,0.3010823726654053
gold_fair_sweep,1b1f7c08b02b,0,DRLearner_PooledNoSite,OracleTargetTreated,2053073014,100,1000,20000,10,0.1,,,2.5596062830882915,0.32576798652238087,0.44764178564382745,-0.44764178564382745,0.8261411141411142,0.6326846846846846,0.8382213831053477,0.8610509156729771,0.8534651395945704,0.8507915259410196,7.520018185529649,6.092286208086677,0.9882324904036053,0.4514752635514278,0.6973459731995306,0.44764178564382745,0.6650836183364215,1.9827033958857745,0.28979104050512183,1.2467061609473475,0.2092018215239555,,,,,0.09363079071044922
gold_fair_sweep,43cfa865ed52,0,TargetOnlyDR,OracleTargetTreated,1595579658,500,100,20000,10,0.1,,,4.579599095422549,-1.4456979557088612,0.8911374039780378,-0.8911374039780378,0.49720819720819726,0.3463583583583584,0.5205406265437148,0.4255502163612779,0.47388019501690726,0.4633223421412577,3.4784332113572485,3.0086417559912855,0.8623415559059369,0.6921248727651879,0.1957796588753712,1.067873553633933,1.9117331462369023,1.0555450670174402,1.0848947164722402,1.0311243753113621,0.6680616875620429,0.0,0.0,,,10.70773983001709
gold_fair_sweep,43cfa865ed52,0,ProxyOnly,FeasibleRestricted,1595579658,500,100,20000,10,0.1,,,4.097377178630791,-0.7197213946376387,0.16516084290681532,-0.16516084290681532,0.5746270666270666,0.4030790790790791,0.5936846965527076,0.4593529869882879,0.5696921586192304,0.5232472036097907,3.754735925970513,3.616947140872757,1.3215887240231994,0.3966151278605314,0.3484691474143191,0.6283703452985726,1.6461067819627233,1.3545600503444561,0.7858797331452243,1.1527854522876566,0.5464006105857484,0.0,0.0,,,7.941128969192505
gold_fair_sweep,43cfa865ed52,0,AnchorOnly,OracleTargetTreated,1595579658,500,100,20000,10,0.1,,,4.55310560578529,-1.433799524064854,0.8792389723340306,-0.8792389723340306,0.5070106110106111,0.3516156156156156,0.5296633677255522,0.5387658212149921,0.5155524312384042,0.3971190167730921,4.403853772376831,3.2732167082259003,0.8664413247322093,0.68774260730034,0.20450828921026853,1.3007111187849951,2.328714268371703,1.0372268408387468,1.1032129426509336,1.0840393657582854,0.6151466971151196,0.000630674370825548,15.0,,,11.83838701248169
gold_fair_sweep,43cfa865ed52,0,AnchorPlugin,FeasibleRestricted,1595579658,500,100,20000,10,0.1,,,3.422067800385887,-0.3898522916516665,0.1647082600791569,0.1647082600791569,0.7238806838806839,0.5310070070070071,0.7419010706081783,0.6722108165887388,0.6792663697150486,0.6907276555733043,5.49462869376327,4.312628349645198,0.8996686404968253,-0.20382267050599673,0.5381604236227868,0.4524862588731326,1.03433487764008,1.683822699989481,0.45661708350019947,1.2919216940421447,0.40726436883126027,0.0012913370096996996,30.0,,,6.648216485977173
gold_fair_sweep,43cfa865ed52,0,ProposedA,OracleTargetTreated,1595579658,500,100,20000,10,0.1,,,3.6588180399295234,-0.7301320231711319,0.1755714714403085,-0.1755714714403085,0.7084056004056005,0.518014014014014,0.7279681521537403,0.7307281099287265,0.7007884509450881,0.6894181868647615,5.972947089023447,4.44927097144167,1.5553750273202571,0.58106856375637,0.5322485178506291,1.0417312761930488,2.595826770445122,1.5583759064736642,0.5820638770160163,1.3192502184014387,0.37993584447196627,0.004350637607084673,30.0,,,14.745693445205688
gold_fair_sweep,43cfa865ed52,0,ProposedA_Together,OracleTargetTreated,1595579658,500,100,20000,10,0.1,,,4.49601230736709,-1.2902672613746133,0.7357067096437899,-0.7357067096437899,0.5212990132990133,0.3625265265265265,0.5450187408098054,0.4181288062259064,0.4996534859194298,0.44691245355026654,3.4177708535497193,3.1722750962617585,0.9786480284101778,0.7081569597356417,0.21117251769890932,1.041888435553474,2.2884121780954505,1.1226422142554378,1.0177975692342427,1.0638510433654569,0.6353350195079481,0.0,0.0,,,14.63093113899231
gold_fair_sweep,43cfa865ed52,0,ProposedA_JointProxy,OracleTargetTreated,1595579658,500,100,20000,10,0.1,,,3.6120496600614627,-0.7212019532627598,0.1666414015319364,-0.1666414015319364,0.7116975036975037,0.5221181181181181,0.7328192750687086,0.7508129940656272,0.7031910310952556,0.7119343805171582,6.137120259055971,4.464524833151699,1.5539021684708465,0.5661167273495898,0.5474646034758541,1.0492592257547155,2.775366737318195,1.5865914489966522,0.5538483344930283,1.3223009907434449,0.37688507212996014,0.0012981634359860586,30.0,,,16.336583614349365
gold_fair_sweep,43cfa865ed52,0,ProposedA_FullyJoint,OracleTargetTreated,1595579658,500,100,20000,10,0.1,,,4.787387074001858,-1.1212747165980648,0.5667141648672414,-0.5667141648672414,0.46752073152073154,0.3255055055055055,0.48639063913813607,0.2994413023305784,0.45651239851444214,0.42618663175606997,2.4476231730886457,2.8983744810210545,0.6872263875259365,0.21600902118103318,0.1182686926925095,1.033394604088433,3.0134733474304256,1.0203443953647178,1.1200953881249627,1.009070920317316,0.690115142556089,0.0,0.0,,,14.798176765441895
gold_fair_sweep,43cfa865ed52,0,ProposedA_Direct,OracleTargetTreated,1595579658,500,100,20000,10,0.1,,,3.540229119586955,-0.6622640466373867,0.10770349490656328,-0.10770349490656328,0.7321646521646522,0.5393593593593594,0.7518965320370565,0.7682479010350163,0.7423662846932609,0.6945375718414919,6.27963260450326,4.713246567074978,1.5413163275645896,0.46619783651037755,0.5679007912612957,1.0781562627251269,2.7913627283198625,1.6508920075128926,0.4895477759767879,1.3720453375281005,0.3271407253453045,,,,,13.45504117012024
gold_fair_sweep,43cfa865ed52,0,ProposedA_Together_Direct,OracleTargetTreated,1595579658,500,100,20000,10,0.1,,,5.142682862688683,-0.9713691625665092,0.41680861083568577,-0.41680861083568577,0.4161907641907642,0.2878958958958959,0.4338175481254994,0.2428396362845907,0.37486702960613366,0.3988501195046973,1.984963051150494,2.3800121002676544,0.424710416477857,-0.14200995014345447,0.06424029956214428,1.2690221631442016,2.4276105273956334,0.9218613320105343,1.218578451479146,0.9053984441666361,0.793787618706769,0.0,0.0,,,11.510167121887207
gold_fair_sweep,43cfa865ed52,0,ProposedA_FullyDirect,OracleTargetTreated,1595579658,500,100,20000,10,0.1,,,5.142682862688683,-0.971369162566509,0.41680861083568554,-0.41680861083568554,0.4161907641907642,0.2878958958958959,0.4338175481254994,0.2428396362845907,0.37486702960613366,0.3988501195046973,1.984963051150494,2.3800121002676544,0.424710416477857,-0.14200995014345447,0.06424029956214428,1.2690221631442016,2.4276105273956334,0.9218613320105343,1.218578451479146,0.9053984441666361,0.793787618706769,0.0,0.0,,,9.742263078689575
gold_fair_sweep,43cfa865ed52,0,ProposedA_NoCrossfit,OracleTargetTreated,1595579658,500,100,20000,10,0.1,,,3.59816398757623,-0.7338756364687318,0.17931508473790836,-0.17931508473790836,0.7050760770760771,0.5161361361361362,0.7260508512102937,0.7662585886001894,0.7135395173559704,0.6802125852574598,6.2633720313087835,4.530226857002217,1.4950225905217425,0.5426001034234517,0.5414562670771574,0.9141560874122423,2.7871011133742436,1.5218403851730775,0.6185993983166029,1.3354413955135487,0.36374466735985633,,,,,10.25607967376709
gold_fair_sweep,43cfa865ed52,0,ProposedA_Direct_NoCrossfit,OracleTargetTreated,1595579658,500,100,20000,10,0.1,,,3.5632970470779313,-0.6882555806491836,0.13369502891836016,-0.13369502891836016,0.7245717045717047,0.5346786786786787,0.7450572933705605,0.7959970289986156,0.7329311868834779,0.6793006772508787,6.506453046800582,4.65334360100702,1.5391299039474062,0.5047541940050212,0.5602787159193026,1.0625055873798916,3.10768771976797,1.5774242318076337,0.5630155516820468,1.3600647443145095,0.3391213185588955,,,,,7.7306904792785645
gold_fair_sweep,43cfa865ed52,0,ProposedA_Together_NoCrossfit,OracleTargetTreated,1595579658,500,100,20000,10,0.1,,,4.4255269117676,-1.2856274071986862,0.7310668554678628,-0.7310668554678628,0.5303055983055984,0.36946146146146147,0.5530406388625569,0.4522074016125968,0.5249623524788056,0.47967255654164626,3.6963281505076724,3.3329598295088037,1.0632970842224612,0.8124433217400224,0.23685631504979698,1.074180426683882,2.2117825851513007,1.1343860402589065,1.006053743230774,1.0959879900148661,0.6031980728585389,,,,,9.239295244216919
gold_fair_sweep,43cfa865ed52,0,ProposedA_Together_Direct_NoCrossfit,OracleTargetTreated,1595579658,500,100,20000,10,0.1,,,5.1314444752974255,-0.9944296853561574,0.439869133625334,-0.439869133625334,0.4219371524687754,0.2933939807693183,0.43789860629240684,0.24705720020473543,0.3651071352224484,0.43483255241065294,2.019437277333001,2.318047016928874,0.42446740854433085,-0.13245756020814098,0.05749288367131178,1.22643753953854,2.4046405881836934,0.8110235249263406,1.3294162585633398,0.8930054274988798,0.8061806353745252,,,,,7.512995958328247
gold_fair_sweep,43cfa865ed52,0,ProposedB_LinearStepB,OracleTargetTreated,1595579658,500,100,20000,10,0.1,,,3.5413409222184953,-0.6872719916606239,0.1327114399298005,-0.1327114399298005,0.7336467616467617,0.5421901901901902,0.7532448272863267,0.7625924256779559,0.6912446287567182,0.6987051449390267,6.233404938409653,4.388677719709211,1.575109256158482,0.5279679238323005,0.5743481833370425,1.1080615590560223,2.8438950913859182,1.5961063464991836,0.5443334369904969,1.3071315680549476,0.39205449481845744,0.0013710268163585617,30.0,7.299690790694666,10.0,26.54636311531067
gold_fair_sweep,43cfa865ed52,0,ProposedB_SourceDR,FeasibleRestricted,1595579658,500,100,20000,10,0.1,,,4.163245076978257,-0.2596863724469201,0.2948741792839033,0.2948741792839033,0.5501973341973342,0.38456456456456456,0.5708415618443348,0.4681580663950949,0.5264723622139657,0.5244954627141335,3.8267083500457786,3.34254680610949,1.1731629104445849,-0.2499061312281983,0.3152774412685697,0.502326860764546,1.718059025574341,1.25140198104318,0.8890378024465004,1.0979053853350034,0.6012806775384016,0.001332713973564402,30.0,7.299690790694664,10.0,28.34098219871521
gold_fair_sweep,43cfa865ed52,0,IPWTransport,FeasibleRestricted,1595579658,500,100,20000,10,0.1,,,2.8021246769601618,0.07316658562637147,0.6277271373571949,0.6277271373571949,0.8177983217983219,0.6259299299299299,0.8354722228948362,0.8447114530124943,0.7983613785557963,0.8105388524131106,6.904643116614006,5.068756629105454,0.9275449527009332,-0.622425848934925,0.7052254739555939,0.627727137357195,1.3466927118239536,1.7932780642481376,0.3471617192415428,1.443147349934196,0.256038712939209,,,,,0.3974461555480957
gold_fair_sweep,43cfa865ed52,0,EntropyBalancing,FeasibleRestricted,1595579658,500,100,20000,10,0.1,,,2.829790433091629,0.08441902312732293,0.6389795748581464,0.6389795748581464,0.8143558663558664,0.622058058058058,0.832137583491288,0.8154349562877405,0.7883181450883829,0.8070832619800083,6.665338013234338,5.004992640036127,0.9237604317569679,-0.632543504983421,0.7000135774042993,0.6389795748581464,1.2596435007992945,1.7931475251638604,0.34729225832582,1.4303945521203307,0.2687915107530743,,,,,1.6537652015686035
gold_fair_sweep,43cfa865ed52,0,OutcomeModelTransport,FeasibleRestricted,1595579658,500,100,20000,10,0.1,,,2.5496764213943925,0.09490726664351788,0.6494678183743413,0.6494678183743413,0.8521169401169402,0.6650890890890891,0.867387019885471,0.8692083231516483,0.8262310487062434,0.8495646065197988,7.104879712414483,5.24569977680832,0.9472539520256735,-0.6444618351348502,0.7585681788611334,0.6494678183743409,1.2299277090295848,1.8291811974314742,0.3112585860582062,1.4785359794747692,0.2206500833986358,,,,,0.10986900329589844
gold_fair_sweep,43cfa865ed52,0,DRLearner_PooledWithSite,OracleTargetTreated,1595579658,500,100,20000,10,0.1,,,2.457385420187456,0.0012586659689912878,0.5558192176998147,0.5558192176998147,0.8605181725181726,0.6750990990990992,0.8749498520281254,0.8797865205761007,0.8312899638224122,0.861257823495794,7.191345543761331,5.277818576915545,0.9577442945784814,-0.5557660318814052,0.7717234507795232,0.5558192176998143,1.1347514071249383,1.8644953572105523,0.2759444262791282,1.4849597394962144,0.2142263233771906,,,,,0.6086909770965576
gold_fair_sweep,43cfa865ed52,0,DRLearner_PooledNoSite,OracleTargetTreated,1595579658,500,100,20000,10,0.1,,,2.513812266900582,0.04142796836120209,0.5959885200920255,0.5959885200920255,0.8548754308754309,0.6682522522522523,0.8698561252139946,0.8692083231516484,0.8317907445256968,0.8543280297109266,7.104879712414484,5.280998008658716,0.9496890225331256,-0.5939042385093066,0.7629688496824205,0.5959885200920254,1.1034227741032763,1.8443513041938178,0.2960884792958627,1.4855956258448482,0.21359043702855685,,,,,0.17690634727478027
gold_fair_sweep,43cfa865ed52,1,TargetOnlyDR,OracleTargetTreated,1566639175,500,100,20000,10,0.1,,,4.02458346406713,-1.8356791022188785,0.2916428041328545,-0.2916428041328545,0.5927664407664408,0.41957557557557557,0.609475700020359,0.28178528959875027,0.3964284461496219,0.4014399175009697,1.8375111145668612,1.9581296022493972,1.1735656663364429,0.6102536706893581,0.2543411803556821,1.1539431046730888,2.5273572029727855,1.2372121430032201,0.9932717701117582,1.458260394673443,0.5962595964791202,0.0,0.0,,,9.834821701049805
gold_fair_sweep,43cfa865ed52,1,ProxyOnly,FeasibleRestricted,1566639175,500,100,20000,10,0.1,,,3.7264923035508657,-0.8822069514990596,0.6618293465869645,0.6618293465869645,0.6677215637215637,0.4816936936936937,0.6918147672389107,0.6074865583535439,0.6057100539416821,0.568743781520021,3.961396652444549,2.991860948736355,1.8651813742572068,0.10143967609025266,0.475210205978455,1.2758000337716195,3.7787849214206837,1.6802570783496116,0.5502268347653667,1.6650066639708347,0.3895133271817284,0.0,0.0,,,7.950110673904419
gold_fair_sweep,43cfa865ed52,1,AnchorOnly,OracleTargetTreated,1566639175,500,100,20000,10,0.1,,,4.041594983474957,-2.04503083110198,0.5009945330159558,-0.5009945330159558,0.6647116607116608,0.48082482482482486,0.6823009353724493,0.6392513172692137,0.661598315985668,0.6218302127912476,4.168533432516332,3.2679169719342873,0.9948046713093126,0.4903699256657912,0.2501238875556938,1.2184040966238308,3.4034404116001524,1.5268689287175756,0.7036149843974027,1.720217868610421,0.3343021225421421,0.0013235385740111415,14.0,,,11.585979223251343
gold_fair_sweep,43cfa865ed52,1,AnchorPlugin,FeasibleRestricted,1566639175,500,100,20000,10,0.1,,,2.8367486050156723,-0.42299175217736,1.121044545908664,1.121044545908664,0.8243038643038645,0.6342262262262263,0.8419154073100295,0.8496976290526285,0.783071920168939,0.7586692324637626,5.540845796558712,3.867927043243384,1.2598060649229483,-1.0111487232806018,0.7137575526237241,1.2119645991469206,2.580334237519099,1.9140425006808937,0.31644141243408463,1.8402198828722403,0.21430010828032287,0.005733171951188179,30.0,,,6.3333916664123535
gold_fair_sweep,43cfa865ed52,1,ProposedA,OracleTargetTreated,1566639175,500,100,20000,10,0.1,,,3.418972158281731,-1.8872654465076202,0.34322914842159613,-0.34322914842159613,0.7264922344922345,0.5345585585585586,0.7477538836454602,0.6927259213482021,0.6729790661466745,0.6527950332954511,4.517239283989706,3.3241313632135157,1.6125759846096226,1.4993226375357194,0.5381387965340158,1.0738425726119052,2.9120748903629208,1.7313651760570474,0.49911873705793086,1.7314607468662664,0.32305924428629673,0.0061063319492873636,30.0,,,15.513315439224243
gold_fair_sweep,43cfa865ed52,1,ProposedA_Together,OracleTargetTreated,1566639175,500,100,20000,10,0.1,,,4.1388046311320545,-1.9853700334877766,0.4413337354017526,-0.4413337354017526,0.5892565092565093,0.41658458458458464,0.6008932213780556,0.5375108312244278,0.5577931688168677,0.5155157995547143,3.5050876075943274,2.755178964580581,0.8651594690581943,0.1736253859703095,0.2156580818183219,1.0215322190835998,2.147874268170674,1.5342031258689486,0.6962807872460297,1.6176702671396797,0.43684972401288347,0.0,0.0,,,14.150353193283081
gold_fair_sweep,43cfa865ed52,1,ProposedA_JointProxy,OracleTargetTreated,1566639175,500,100,20000,10,0.1,,,3.4289596295283693,-1.984721952033702,0.440685653947678,-0.440685653947678,0.7214206454206454,0.5313513513513514,0.7426250274404302,0.7238688108175121,0.7038406932706773,0.6623934304103151,4.720320877145513,3.4765701355368437,1.6504239121390831,1.7315962704977554,0.5455926890322353,1.0714530469469616,3.313323622926492,1.7146243753451458,0.5158595377698325,1.7619485013309322,0.29257148982163095,0.005843457111934333,30.0,,,17.366138458251953
gold_fair_sweep,43cfa865ed52,1,ProposedA_FullyJoint,OracleTargetTreated,1566639175,500,100,20000,10,0.1,,,4.434211238225674,-1.8092418512171544,0.26520555313113037,-0.26520555313113037,0.5197129237129237,0.36295495495495494,0.5340089466548651,0.23227137695937658,0.34150937707875145,0.4260270559039533,1.5146327807471769,1.6868608375577157,0.6302753583806125,-0.40371574191292925,0.13194275949688905,1.0570460078526425,2.0722875193520705,1.247631356118247,0.9828525569967312,1.4040066417351067,0.6505133494174564,0.0,0.0,,,14.344465494155884
gold_fair_sweep,43cfa865ed52,1,ProposedA_Direct,OracleTargetTreated,1566639175,500,100,20000,10,0.1,,,3.413343960228803,-1.8108096788609518,0.26677338077492774,-0.26677338077492774,0.7055163695163696,0.518074074074074,0.7322104184898047,0.7616980085544623,0.7118156343029396,0.6560658871528593,4.967003631223183,3.515961779257517,1.6327862472388546,1.4126288419251438,0.5414199577791736,0.9537719984890698,3.411498728472109,1.7863919959216843,0.444091917193294,1.769826830075067,0.2846931610774961,,,,,12.336554527282715
gold_fair_sweep,43cfa865ed52,1,ProposedA_Together_Direct,OracleTargetTreated,1566639175,500,100,20000,10,0.1,,,4.727709573914794,-1.641289601451406,0.09725330336538196,-0.09725330336538196,0.4942461066252751,0.34241881575586386,0.5088053088998221,0.22137009216198453,0.2899606450529578,0.35538825643117006,1.443545918807754,1.4322396086360374,0.44486461251418413,-0.8138846355127851,0.07478859082482947,1.1474908977054528,2.075987627763696,1.2139425259580707,1.0165413871569076,1.353082395950771,0.7014375952017922,0.0,0.0,,,11.41133165359497
gold_fair_sweep,43cfa865ed52,1,ProposedA_FullyDirect,OracleTargetTreated,1566639175,500,100,20000,10,0.1,,,4.727709573914794,-1.641289601451406,0.09725330336538196,-0.09725330336538196,0.4942461066252751,0.34241881575586386,0.5088053088998221,0.22137009216198453,0.2899606450529578,0.35538825643117006,1.443545918807754,1.4322396086360374,0.4448646125141842,-0.813884635512785,0.07478859082482947,1.147490897705453,2.0759876277636966,1.2139425259580707,1.0165413871569076,1.353082395950771,0.7014375952017922,0.0,0.0,,,10.216637372970581
gold_fair_sweep,43cfa865ed52,1,ProposedA_NoCrossfit,OracleTargetTreated,1566639175,500,100,20000,10,0.1,,,3.3815404097195043,-1.9121019071883048,0.3680656091022807,-0.3680656091022807,0.7443939843939845,0.5525485485485485,0.765414815292334,0.7122226266468771,0.7251781789304224,0.6799448216685081,4.6443765548343405,3.5819651007915554,1.773196592138498,1.846496287561799,0.5842654903540376,1.2397565160200186,3.2660560402871597,1.7190348123984196,0.5114491007165587,1.7830274943818745,0.27149249677068865,,,,,9.998549461364746
gold_fair_sweep,43cfa865ed52,1,ProposedA_Direct_NoCrossfit,OracleTargetTreated,1566639175,500,100,20000,10,0.1,,,3.416403454545469,-1.8101398980037333,0.26610359991770927,-0.26610359991770927,0.7167266127266128,0.5274594594594595,0.7413009638375327,0.7615448804420619,0.7262364795085718,0.6864716807074239,4.9660050886488385,3.587192499860113,1.6792146521949536,1.495577141164522,0.5489171631232577,1.1068873260121923,3.45189228429932,1.7876898377657744,0.4427940753492039,1.7840729741955859,0.27044701695697726,,,,,7.5103654861450195
gold_fair_sweep,43cfa865ed52,1,ProposedA_Together_NoCrossfit,OracleTargetTreated,1566639175,500,100,20000,10,0.1,,,4.122980407596913,-1.9871652901638321,0.4431289920778081,-0.4431289920778081,0.5807845127845128,0.4093773773773774,0.5929352743000387,0.4707622995228078,0.5191400524886738,0.49031406237390734,3.069822980908545,2.564254695556608,0.8928289145302558,0.2301623309231504,0.21975537040139925,0.9871931240409296,1.9921295478511154,1.5368898925637169,0.6935940205512614,1.5794854133348852,0.4750345778176779,,,,,8.57072377204895
gold_fair_sweep,43cfa865ed52,1,ProposedA_Together_Direct_NoCrossfit,OracleTargetTreated,1566639175,500,100,20000,10,0.1,,,4.699705668112653,-1.6224461714727705,0.07840987338674643,-0.07840987338674643,0.49536147181972506,0.34298601497456443,0.5119715399815326,0.22400281536563646,0.2931626333224635,0.34800558228450124,1.4607138062981802,1.4480555978201435,0.4575539012907248,-0.801679722694458,0.07279258576283754,1.1262448986741647,1.9343541938993298,1.194007375762299,1.0364765373526792,1.3562455937875924,0.6982743973649708,,,,,7.8843255043029785
gold_fair_sweep,43cfa865ed52,1,ProposedB_LinearStepB,OracleTargetTreated,1566639175,500,100,20000,10,0.1,,,3.3639779060438575,-1.8802505402882324,0.3362142422022083,-0.3362142422022083,0.7571094371094371,0.5631631631631632,0.7767082992392338,0.703376445016567,0.7251788207007676,0.6743985501253369,4.58669094218111,3.5819682707697016,1.8445213776936422,1.9241260188956402,0.6043408745243939,1.2492931653657737,3.3331605196387772,1.7263665932376908,0.5041173198772875,1.7830281283775038,0.2714918627750593,0.004877922336409642,30.0,9.67133705054227,10.0,27.841925621032715
gold_fair_sweep,43cfa865ed52,1,ProposedB_SourceDR,FeasibleRestricted,1566639175,500,100,20000,10,0.1,,,4.3383554804333135,0.7350683966399979,2.279104694726022,2.279104694726022,0.6204738684738685,0.44056456456456455,0.6449906530089177,0.6089057980088358,0.5047175961814534,0.48217706069202043,3.970651460048404,2.4930160170343867,1.5124477034521937,-2.6557888064644755,0.41193938309827105,2.284281414357938,4.47663258905985,1.3264848608408608,0.9039990522741175,1.5652376776304409,0.48928231352212226,0.005648701118190878,30.0,9.671337050542276,10.0,27.87948775291443
gold_fair_sweep,43cfa865ed52,1,IPWTransport,FeasibleRestricted,1566639175,500,100,20000,10,0.1,,,2.353587030051006,-0.10130300114623213,1.442733296939792,1.442733296939792,0.9105785625785626,0.7398198198198198,0.918138689756515,0.8763636322522586,0.8888938706456947,0.8717803554760147,5.714733785282922,4.390626904489208,1.0314126732846387,-1.439551098862032,0.8395566536636234,1.4427332969397924,1.6856894695770164,2.0203968640358525,0.2100870490791258,1.9447598551214051,0.10976013603115797,,,,,0.6886687278747559
gold_fair_sweep,43cfa865ed52,1,EntropyBalancing,FeasibleRestricted,1566639175,500,100,20000,10,0.1,,,2.360899668121672,-0.11771288968126746,1.4263234084047567,1.4263234084047567,0.9085083685083686,0.7367167167167168,0.916189532909984,0.8762746469004146,0.8827093664804193,0.8753628617765534,5.714153515201117,4.360078994017895,1.0265058001952971,-1.4232033340704542,0.835532486728999,1.4263234084047571,1.705936625305088,2.0167667069516457,0.21371720616333256,1.9386502730271424,0.11586971812542068,,,,,1.960986852645874
gold_fair_sweep,43cfa865ed52,1,OutcomeModelTransport,FeasibleRestricted,1566639175,500,100,20000,10,0.1,,,2.26849888704874,-0.16935608825617146,1.3746802098298525,1.3746802098298525,0.9145850545850548,0.7465505505505506,0.9222134705485833,0.8915295813626035,0.900576407906186,0.875805053376443,5.813630360377018,4.448331951292322,1.02767246350644,-1.3699937096579906,0.8487905418892802,1.3746802098298527,1.6078248304025147,2.0060270793508495,0.22445683376412884,1.956300864482028,0.09821912667053523,,,,,0.11136484146118164
gold_fair_sweep,43cfa865ed52,1,DRLearner_PooledWithSite,OracleTargetTreated,1566639175,500,100,20000,10,0.1,,,2.135695705648693,-0.3100909221212245,1.2339453759647996,1.2339453759647996,0.9205467805467806,0.755963963963964,0.9277073854252463,0.896336371409821,0.9090066686683759,0.8886824460263926,5.844975254745807,4.489972613846833,1.03013780510177,-1.2245999161900822,0.8590636199330477,1.2339453759647996,1.543171215425982,2.0299623879422297,0.20052152517274857,1.9646289969929298,0.08989099415963331,,,,,0.5275411605834961
gold_fair_sweep,43cfa865ed52,1,DRLearner_PooledNoSite,OracleTargetTreated,1566639175,500,100,20000,10,0.1,,,2.158822490582071,-0.2851438511871581,1.2588924468988658,1.2588924468988658,0.9194866754866754,0.7542382382382382,0.9267627360327195,0.896336371409821,0.903887263596131,0.8855282094529386,5.844975254745807,4.4646856832160156,1.0305143418032672,-1.2501914699606413,0.8573489186243359,1.2588924468988663,1.5615896987197493,2.026301187329886,0.20418272578509233,1.9595716108667667,0.09494838028579644,,,,,0.20696640014648438
gold_fair_sweep,e052eb5434b2,1,TargetOnlyDR,OracleTargetTreated,1862235760,500,500,20000,10,0.1,,,2.959464834711443,-0.4864486879041048,0.0711227359507357,0.0711227359507357,0.8167293967293968,0.618970970970971,0.826314835449621,0.8551650776930607,0.8226586760955907,0.8032068642240044,5.967167076508231,4.468278480233384,1.987431615484576,0.4092120777967665,0.6546786967339273,1.487575125191346,3.6901776089523843,1.7334923272577376,0.27656018299587015,1.4917529650307675,0.19264621994118336,0.0,0.0,,,9.894193172454834
gold_fair_sweep,e052eb5434b2,1,ProxyOnly,FeasibleRestricted,1862235760,500,500,20000,10,0.1,,,3.6677567670296707,-1.5415876950186176,0.9840162711637771,-0.9840162711637771,0.543827703827704,0.38190590590590595,0.5572016367746246,0.5066465598550922,0.5230986620372047,0.4747089471422589,3.5352761124777574,2.8412153941085085,1.3924694080802198,1.5890422813314848,0.30091999066060793,0.9975545793762037,2.2948992445522705,1.1048465827707479,0.9052059274828599,1.166340347805792,0.5180588371661587,0.0,0.0,,,7.477677583694458
gold_fair_sweep,e052eb5434b2,1,AnchorOnly,OracleTargetTreated,1862235760,500,500,20000,10,0.1,,,2.9697746723358245,-0.5679412523795789,0.010369828524738445,-0.010369828524738445,0.8077498357498358,0.609925925925926,0.819163312569681,0.8427582416727645,0.8293561989165203,0.8081954577887261,5.880594711294645,4.504656139597126,1.9645960492860979,0.5582037167966795,0.6446525171281257,1.4739691584882233,3.5654285382504014,1.7014480266658896,0.3086044835877182,1.4990284969035157,0.18537068806843515,0.0003323455143313195,15.0,,,12.437400102615356
gold_fair_sweep,e052eb5434b2,1,AnchorPlugin,FeasibleRestricted,1862235760,500,500,20000,10,0.1,,,2.3488507462979364,-1.3984061473047402,0.8408347234498997,-0.8408347234498997,0.8462597342597343,0.6546746746746747,0.85649880464457,0.8243394173449562,0.8216245392016284,0.8195045914951578,5.7520719208021,4.462661555786859,1.087216205734181,0.9627984016931744,0.7261091972336409,0.8408347234498997,1.317274166424368,1.7425326337741116,0.26751987647949615,1.4906295801414622,0.19376960483048866,0.0007560585101186092,30.0,,,5.986788988113403
gold_fair_sweep,e052eb5434b2,1,ProposedA,OracleTargetTreated,1862235760,500,500,20000,10,0.1,,,3.023222859046849,-0.6956310983566737,0.1380596745018332,-0.1380596745018332,0.8203779883779884,0.6235635635635636,0.8297953660838617,0.8407208841220336,0.8335774483713169,0.8156773817648996,5.866378446836568,4.5275838964501665,2.1545586157082046,0.9412065524640922,0.6618447049091488,1.639012565621427,3.855720904224354,1.6958629405046668,0.31418956974894097,1.5036140482741238,0.18078513669782703,0.0008193624481248911,30.0,,,15.40534520149231
gold_fair_sweep,e052eb5434b2,1,ProposedA_Together,OracleTargetTreated,1862235760,500,500,20000,10,0.1,,,3.0489028820001023,-0.686929912752618,0.12935848889777757,-0.12935848889777757,0.8138097818097818,0.6176656656656657,0.8242795472165394,0.8340433590067686,0.8531918030018877,0.8140700532869598,5.8197840417798785,4.634119451530439,2.186433816969203,0.9443553672751877,0.6557001566880075,1.5827298406552062,3.873107665572955,1.6777478117664977,0.3323046984871101,1.5249211592901784,0.1594780256817725,0.0,0.0,,,16.247817754745483
gold_fair_sweep,e052eb5434b2,1,ProposedA_JointProxy,OracleTargetTreated,1862235760,500,500,20000,10,0.1,,,3.0061315623594353,-0.7169949640480966,0.1594235401932561,-0.1594235401932561,0.823823083823084,0.6262382382382382,0.8334413833832378,0.8516885710539429,0.817305234591336,0.8117396711820676,5.942908723940597,4.43920121141738,2.1669790577537733,0.996141647752305,0.6734330033053233,1.5734044265362999,3.8805290854874626,1.678196639788281,0.3318558704653267,1.4859375112675666,0.19846167370438428,0.0030787345623736907,30.0,,,17.594780206680298
gold_fair_sweep,e052eb5434b2,1,ProposedA_FullyJoint,OracleTargetTreated,1862235760,500,500,20000,10,0.1,,,3.024850415092381,-0.6977685723582409,0.14019714850340037,-0.14019714850340037,0.8143519783519783,0.6167727727727729,0.8239626200243415,0.8275363026697163,0.8162469137484271,0.8098171895473472,5.7743791330057865,4.4334529316204705,2.122679206114863,0.9235674153704513,0.6542810785769657,1.5362246917850944,3.718610799794764,1.6791684271550038,0.33088408309860395,1.4847878553081844,0.1996113296637665,0.0,0.0,,,13.680778980255127
gold_fair_sweep,e052eb5434b2,1,ProposedA_Direct,OracleTargetTreated,1862235760,500,500,20000,10,0.1,,,3.039920160819149,-0.6677937702050359,0.11022234635019545,-0.11022234635019545,0.8143277983277983,0.6165525525525526,0.8243867313931805,0.8261624390359704,0.8135340065709457,0.8031082069735371,5.764792593451323,4.418717750296494,2.1559854097710582,0.8821822014432239,0.6533603343244447,1.6180469356494829,3.7387939172727944,1.6946674634052956,0.31538504684831214,1.4818408190433896,0.20255836592856125,,,,,14.613766431808472
gold_fair_sweep,e052eb5434b2,1,ProposedA_Together_Direct,OracleTargetTreated,1862235760,500,500,20000,10,0.1,,,3.0436985760794157,-0.6392551746649349,0.08168375081009438,-0.08168375081009438,0.8101937701937704,0.6134414414414415,0.8216558778523594,0.8510376703360913,0.835463857538119,0.8219110818922286,5.9383668718059,4.537829945911338,2.147974798973907,0.8155325814391027,0.6493591106846095,1.5073018584603641,3.924861871506237,1.6946779751749754,0.31537453507863233,1.505663258166358,0.1787359268055928,0.0,0.0,,,11.75191044807434
gold_fair_sweep,e052eb5434b2,1,ProposedA_FullyDirect,OracleTargetTreated,1862235760,500,500,20000,10,0.1,,,3.0436985760794157,-0.6392551746649349,0.08168375081009438,-0.08168375081009438,0.8101937701937704,0.6134414414414415,0.8216558778523594,0.8510376703360913,0.835463857538119,0.8219110818922286,5.9383668718059,4.537829945911338,2.147974798973907,0.8155325814391027,0.6493591106846095,1.5073018584603641,3.9248618715062373,1.6946779751749754,0.31537453507863233,1.505663258166358,0.1787359268055928,0.0,0.0,,,9.492445230484009
gold_fair_sweep,e052eb5434b2,1,ProposedA_NoCrossfit,OracleTargetTreated,1862235760,500,500,20000,10,0.1,,,3.0268336926738018,-0.6886943207950852,0.1311228969402447,-0.1311228969402447,0.8204261804261804,0.623971971971972,0.8295137282146778,0.831716405896411,0.8224948350802689,0.8097350572084712,5.8035470387135675,4.467388576189077,2.15735660167849,0.928187815650921,0.6605163536840515,1.6425497617024223,3.8019986713737093,1.6947685735284364,0.3152839367251714,1.4915749842219057,0.19282420075004514,,,,,8.896652698516846
gold_fair_sweep,e052eb5434b2,1,ProposedA_Direct_NoCrossfit,OracleTargetTreated,1862235760,500,500,20000,10,0.1,,,3.0395598561918087,-0.6707241415242952,0.11315271766945467,-0.11315271766945467,0.815940251940252,0.6176936936936936,0.8261714739192217,0.8291038713690482,0.8211533715235056,0.8073284345257669,5.785317306905557,4.460102404029378,2.165651352704177,0.8949832205285964,0.6556382709608296,1.6185426178968811,3.77719616982257,1.6840972982283762,0.3259552120252316,1.4901177497899663,0.1942814351819846,,,,,8.729167938232422
gold_fair_sweep,e052eb5434b2,1,ProposedA_Together_NoCrossfit,OracleTargetTreated,1862235760,500,500,20000,10,0.1,,,3.0365633809848407,-0.702996228838646,0.1454248049838055,-0.1454248049838055,0.8155923235923236,0.6184304304304304,0.82566386819836,0.8390831599271737,0.8417381455484416,0.8007747612645303,5.854950742232059,4.571908801346703,2.1741217618030846,0.9708279757287614,0.6596045330182458,1.5897175641070533,3.88023416203025,1.6541868207682797,0.35586568948532804,1.5124790292534311,0.1719201557185197,,,,,9.679578065872192
gold_fair_sweep,e052eb5434b2,1,ProposedA_Together_Direct_NoCrossfit,OracleTargetTreated,1862235760,500,500,20000,10,0.1,,,3.065012352551891,-0.6757149821893916,0.11814355833455115,-0.11814355833455115,0.8129489849489849,0.6153873873873874,0.8239596268121558,0.8446927191117174,0.8269345037299562,0.8227537520051621,5.89409309936623,4.49150267899161,2.234548061182126,0.9523461795081792,0.6574372814939748,1.61204204496092,3.9344746017850123,1.6947057513170323,0.3153467589365755,1.4963978047824125,0.18800138018953838,,,,,8.051434993743896
gold_fair_sweep,e052eb5434b2,1,ProposedB_LinearStepB,OracleTargetTreated,1862235760,500,500,20000,10,0.1,,,3.0265652829361893,-0.6614273336535225,0.10385590979868198,-0.10385590979868198,0.807026775026775,0.6085205205205205,0.8180195752619102,0.8186121651794358,0.8101984804985594,0.798632557571859,5.712108326108608,4.400600808480191,2.1420294363209957,0.8592253948183131,0.6568554804764399,1.5123498941603888,3.6405517530912097,1.7111790921239667,0.2988734181296411,1.4782174306801288,0.20618175429182206,0.0007558612539880466,30.0,9.217385524522399,10.0,27.116085052490234
gold_fair_sweep,e052eb5434b2,1,ProposedB_SourceDR,FeasibleRestricted,1862235760,500,500,20000,10,0.1,,,3.309742203599346,-0.4127936690412459,0.14477775481359456,0.14477775481359456,0.6336037776037776,0.45543543543543547,0.653575944858975,0.6727957497281726,0.7001205607792218,0.618033498818964,4.694631190767112,3.8027115329848193,1.6064684631339277,0.10556858724126558,0.4277883030242502,0.9150216640579961,2.1532227655207845,1.4322438425348336,0.5778086677187741,1.3586395755810545,0.3257596093908963,0.0007193459926239682,30.0,9.217385524522381,10.0,27.47318744659424
gold_fair_sweep,e052eb5434b2,1,IPWTransport,FeasibleRestricted,1862235760,500,500,20000,10,0.1,,,2.5751258678173983,-2.1801903337830666,1.6226189099282262,-1.6226189099282262,0.8674125754125755,0.6830870870870871,0.8785389175637947,0.8522350816299374,0.8577661331725543,0.8610302083339625,5.946722163007632,4.65896496967422,0.9396214884281373,1.4909822626310412,0.7716309726636983,1.6226189099282264,2.1751885216265494,1.7104949300567223,0.2995575801968855,1.5298902629189346,0.15450892205301625,,,,,0.7510874271392822
gold_fair_sweep,e052eb5434b2,1,EntropyBalancing,FeasibleRestricted,1862235760,500,500,20000,10,0.1,,,2.5727805980215557,-2.158316652036199,1.6007452281813586,-1.6007452281813586,0.8659921099921101,0.680976976976977,0.8770859234353201,0.8473389634224705,0.8568546675906196,0.8608583959103725,5.912558051150885,4.654014335634156,0.9339555299634464,1.4582003487265593,0.768905760221709,1.6007452281813581,2.199864387540906,1.7048205547727016,0.3052319554809062,1.5289001361109218,0.15549904886102905,,,,,1.4195225238800049
gold_fair_sweep,e052eb5434b2,1,OutcomeModelTransport,FeasibleRestricted,1862235760,500,500,20000,10,0.1,,,2.5094804269211974,-2.1278381907283364,1.570266766873496,-1.570266766873496,0.8712403872403873,0.6882682682682683,0.8825859863482529,0.880708683789612,0.8773515954362929,0.8675200826372788,6.145405137545311,4.765343595587256,0.9576407111447811,1.4801330543152678,0.7796199063646702,1.570266766873496,1.9616969233596429,1.7201175312973536,0.2899349789562542,1.5511659881015416,0.13323319687040924,,,,,0.026947498321533203
gold_fair_sweep,e052eb5434b2,1,DRLearner_PooledWithSite,OracleTargetTreated,1862235760,500,500,20000,10,0.1,,,2.280275222726218,-1.9026231060128773,1.345051682158037,-1.345051682158037,0.8856874656874658,0.7068468468468468,0.8961088720253191,0.9009553849659003,0.8905982198965264,0.8818988367753974,6.286682478983256,4.837292763244872,0.983040749431927,1.3127846201665592,0.8038883354737436,1.3450516821580372,1.6009659576389863,1.7607900512307078,0.2492624590229,1.5655558216330652,0.11884336333888568,,,,,0.13172602653503418
gold_fair_sweep,e052eb5434b2,1,DRLearner_PooledNoSite,OracleTargetTreated,1862235760,500,500,20000,10,0.1,,,2.293654909876759,-1.8999606712046362,1.3423892473497956,-1.3423892473497956,0.8833582393582394,0.7038278278278278,0.8939310843366175,0.8965611475540586,0.8838474426768839,0.8774547811011071,6.256020388710535,4.800625852104348,0.9801247373456009,1.3046270299765759,0.8000195845204117,1.342389247349796,1.6277711655783333,1.7549883350824902,0.25506417517111757,1.5582224394049604,0.12617674556699043,,,,,0.16664528846740723
gold_fair_sweep,4c49f9d3281d,0,TargetOnlyDR,infeasible_no_target_treated,1781946689,1000,0,20000,10,0.1,0.25,0.5,,,,,,,,,,,,,,,,,,,,,,,,,,0.0
gold_fair_sweep,4c49f9d3281d,0,ProxyOnly,FeasibleRestricted,1781946689,1000,0,20000,10,0.1,,,4.171697783943621,-1.8028403792770928,1.830110840805115,-1.830110840805115,0.5525812325812326,0.3882082082082082,0.5625300062089665,0.48476933336113537,0.5610967770758767,0.5501763844955239,3.7438443337625005,3.4934531690183257,1.0143871730509062,1.8560486173249353,0.3048901233939333,1.8301108408051152,3.089646492094898,1.0054621595535822,1.064558817004112,0.9598338091656983,0.546532404982711,0.0,0.0,,,7.41938328742981
gold_fair_sweep,4c49f9d3281d,0,AnchorOnly,infeasible_no_target_treated,1781946689,1000,0,20000,10,0.1,0.25,0.5,,,,,,,,,,,,,,,,,,,,,,,,,,0.0
gold_fair_sweep,4c49f9d3281d,0,AnchorPlugin,FeasibleRestricted,1781946689,1000,0,20000,10,0.1,,,1.8361086417496997,-0.6621995533025012,0.6894700148305235,-0.6894700148305235,0.9296071976071978,0.7714074074074074,0.9342494461754227,0.929325385566396,0.9385035276456016,0.9344393326211801,7.177123921703375,5.843231073032951,1.1424944286917598,0.7838297618583018,0.8702904951741582,0.7365085834049552,1.600231003294839,1.9005550413360408,0.16946593522165343,1.4297893899686236,0.07657682417978573,0.0009774735298666577,30.0,,,4.95828914642334
gold_fair_sweep,4c49f9d3281d,0,ProposedA,infeasible_no_target_treated,1781946689,1000,0,20000,10,0.1,0.25,0.5,,,,,,,,,,,,,,,,,,,,,,,,,,0.0
gold_fair_sweep,4c49f9d3281d,0,ProposedA_Together,infeasible_no_target_treated,1781946689,1000,0,20000,10,0.1,0.25,0.5,,,,,,,,,,,,,,,,,,,,,,,,,,0.0
gold_fair_sweep,4c49f9d3281d,0,ProposedA_JointProxy,infeasible_no_target_treated,1781946689,1000,0,20000,10,0.1,0.25,0.5,,,,,,,,,,,,,,,,,,,,,,,,,,0.0
gold_fair_sweep,4c49f9d3281d,0,ProposedA_FullyJoint,infeasible_no_target_treated,1781946689,1000,0,20000,10,0.1,0.25,0.5,,,,,,,,,,,,,,,,,,,,,,,,,,0.0
gold_fair_sweep,4c49f9d3281d,0,ProposedA_Direct,infeasible_no_target_treated,1781946689,1000,0,20000,10,0.1,0.25,0.5,,,,,,,,,,,,,,,,,,,,,,,,,,0.0
gold_fair_sweep,4c49f9d3281d,0,ProposedA_Together_Direct,infeasible_no_target_treated,1781946689,1000,0,20000,10,0.1,0.25,0.5,,,,,,,,,,,,,,,,,,,,,,,,,,0.0
gold_fair_sweep,4c49f9d3281d,0,ProposedA_FullyDirect,infeasible_no_target_treated,1781946689,1000,0,20000,10,0.1,0.25,0.5,,,,,,,,,,,,,,,,,,,,,,,,,,0.0
gold_fair_sweep,4c49f9d3281d,0,ProposedA_NoCrossfit,infeasible_no_target_treated,1781946689,1000,0,20000,10,0.1,0.25,0.5,,,,,,,,,,,,,,,,,,,,,,,,,,0.0
gold_fair_sweep,4c49f9d3281d,0,ProposedA_Direct_NoCrossfit,infeasible_no_target_treated,1781946689,1000,0,20000,10,0.1,0.25,0.5,,,,,,,,,,,,,,,,,,,,,,,,,,0.0
gold_fair_sweep,4c49f9d3281d,0,ProposedA_Together_NoCrossfit,infeasible_no_target_treated,1781946689,1000,0,20000,10,0.1,0.25,0.5,,,,,,,,,,,,,,,,,,,,,,,,,,0.0
gold_fair_sweep,4c49f9d3281d,0,ProposedA_Together_Direct_NoCrossfit,infeasible_no_target_treated,1781946689,1000,0,20000,10,0.1,0.25,0.5,,,,,,,,,,,,,,,,,,,,,,,,,,0.0
gold_fair_sweep,4c49f9d3281d,0,ProposedB_LinearStepB,infeasible_no_target_treated,1781946689,1000,0,20000,10,0.1,0.25,0.5,,,,,,,,,,,,,,,,,,,,,,,,,,0.0
gold_fair_sweep,4c49f9d3281d,0,ProposedB_SourceDR,FeasibleRestricted,1781946689,1000,0,20000,10,0.1,,,3.682542060671017,0.4745287357565167,0.4472582742284945,0.4472582742284945,0.6055578775578776,0.43085485485485486,0.6222491225137358,0.610813398788928,0.6041582372599095,0.5986231992755863,4.717275051593596,3.7615587805430253,1.583554005056878,-0.7241714184937862,0.3923766780150112,0.8404607468459679,2.653736715092683,1.3284522170594173,0.7415687594982769,1.0134549314706383,0.49291128267777107,0.0010000760108142205,30.0,6.245079379051392,10.0,29.060444355010986
gold_fair_sweep,4c49f9d3281d,0,IPWTransport,FeasibleRestricted,1781946689,1000,0,20000,10,0.1,,,1.453769283275928,0.33336937830716534,0.30609891677914314,0.30609891677914314,0.94778381978382,0.8023543543543543,0.9519497799553126,0.9524692441487244,0.9288973274317354,0.9473256706966456,7.3558625461416955,5.783421763925446,1.0943161576247076,-0.3375410356108128,0.9068289832509305,0.40673806041349203,0.9117444687344252,1.9886155008287978,0.08140547572889645,1.4178275281471222,0.08853868600128711,,,,,0.554213285446167
gold_fair_sweep,4c49f9d3281d,0,EntropyBalancing,FeasibleRestricted,1781946689,1000,0,20000,10,0.1,,,1.4541957812513386,0.3326694050227123,0.3053989434946901,0.3053989434946901,0.9475543795543796,0.8017697697697699,0.9517256448813743,0.9524692441487244,0.9241733491208058,0.9470367854289337,7.3558625461416955,5.754009730787963,1.0927730523471357,-0.3362616996211524,0.9065442121305767,0.41460217531779925,0.902509116284925,1.9908075906432983,0.07921338591439597,1.4119451215196261,0.09442109262878318,,,,,2.40566349029541
gold_fair_sweep,4c49f9d3281d,0,OutcomeModelTransport,FeasibleRestricted,1781946689,1000,0,20000,10,0.1,,,1.4369216936985565,0.3189636505760002,0.291693189047978,0.291693189047978,0.9471242391242392,0.8004204204204204,0.9511565691737595,0.9524775743357698,0.9196214869614613,0.9470989354103899,7.355926879674002,5.725669312636985,1.0656523977558183,-0.3126339175052413,0.9055127472638613,0.3682128995936477,0.6675490751743673,1.9911477900812298,0.07887318647646446,1.40627703788943,0.10008917625897928,,,,,0.06977057456970215
gold_fair_sweep,4c49f9d3281d,0,DRLearner_PooledWithSite,infeasible_no_target_treated,1781946689,1000,0,20000,10,0.1,0.25,0.5,,,,,,,,,,,,,,,,,,,,,,,,,,0.0
gold_fair_sweep,4c49f9d3281d,0,DRLearner_PooledNoSite,infeasible_no_target_treated,1781946689,1000,0,20000,10,0.1,0.25,0.5,,,,,,,,,,,,,,,,,,,,,,,,,,0.0
gold_fair_sweep,e052eb5434b2,0,TargetOnlyDR,OracleTargetTreated,440350406,500,500,20000,10,0.1,,,3.8070012531979747,0.5928072336866057,0.35775110676466737,0.35775110676466737,0.7721954441954443,0.5764484484484484,0.7834330334986888,0.8024539935982548,0.7483637073118565,0.7785943019872225,8.14118438312789,6.159740157773629,1.3837976863690509,-0.5852691515164241,0.6071634246531663,1.0414851401615286,2.453426957800507,1.9346277415003488,0.4623211962824103,1.203419140024026,0.41424087300869483,0.0,0.0,,,10.071379661560059
gold_fair_sweep,e052eb5434b2,0,ProxyOnly,FeasibleRestricted,440350406,500,500,20000,10,0.1,,,4.541620891482977,1.1684429184962248,0.9333867915742865,0.9333867915742865,0.6914328914328914,0.501009009009009,0.7033457067961693,0.7449048299944547,0.6992419136671995,0.7071759527657075,7.557327419699416,5.755421399423187,1.7990551500970695,-1.867037123193146,0.49274771250368543,1.5289797815579433,4.266793242162777,1.5801153488666926,0.8168335889160665,1.1225553883539374,0.49510462467878336,0.0,0.0,,,8.268087387084961
gold_fair_sweep,e052eb5434b2,0,AnchorOnly,OracleTargetTreated,440350406,500,500,20000,10,0.1,,,3.8363539007289233,0.5222650600048346,0.2872089330828963,0.2872089330828963,0.7911592791592793,0.5963243243243244,0.8021771693552167,0.8507036619744472,0.8223901230100015,0.788836817741507,8.630694622729258,6.769047478608058,1.548900144291661,-0.5738802998780435,0.6315100830133542,1.3051890901211087,3.160716810430311,1.9711848534974874,0.4257640842852717,1.3252806041909113,0.29237940884180946,0.0002680496746399947,15.0,,,13.138113021850586
gold_fair_sweep,e052eb5434b2,0,AnchorPlugin,FeasibleRestricted,440350406,500,500,20000,10,0.1,,,3.181757091702622,0.42039791021647366,0.1853417832945353,0.1853417832945353,0.8486749886749888,0.6596996996996998,0.85725984308452,0.8804806781811977,0.8626162356518635,0.8505479510932787,8.932793162025593,7.100146380131816,1.311983786089749,-0.3164991149880893,0.7327279920659835,0.9682355996787329,2.1474650715458603,2.060567382569127,0.3363815552136322,1.3915003844956633,0.2261596285370575,0.0006310442976205297,30.0,,,4.998962879180908
gold_fair_sweep,e052eb5434b2,0,ProposedA,OracleTargetTreated,440350406,500,500,20000,10,0.1,,,3.8523432388776992,0.584561187547729,0.3495050606257907,0.3495050606257907,0.7710498390498391,0.576976976976977,0.7825839833725533,0.8241289998529266,0.8207617640485885,0.790357410244283,8.361085117416064,6.755644546333436,1.4622494095459557,-0.6197181244132112,0.6106808796738965,1.1190134085382701,2.947615576446708,1.8333045989571033,0.5636443388256558,1.3226000177359871,0.29505999529673366,0.0015516230396126545,30.0,,,15.47297739982605
gold_fair_sweep,e052eb5434b2,0,ProposedA_Together,OracleTargetTreated,440350406,500,500,20000,10,0.1,,,3.846517206238886,0.6226203700839302,0.3875642431619919,0.3875642431619919,0.7737930897930898,0.5789109109109108,0.7846963911820739,0.8139472949729267,0.8048608755272864,0.7814853557134323,8.257788059361703,6.624765215051098,1.4673896568526654,-0.6785705642849995,0.6141967754788167,1.1505863129257667,2.79684122961895,1.8639098456921988,0.5330390920905603,1.2964241514795194,0.3212358615532014,0.0,0.0,,,15.315943479537964
gold_fair_sweep,e052eb5434b2,0,ProposedA_JointProxy,OracleTargetTreated,440350406,500,500,20000,10,0.1,,,3.841954633271057,0.5673675067107611,0.33231137978882275,0.33231137978882275,0.7754579354579355,0.5813773773773775,0.7871402377118184,0.835523748592756,0.8205228060518186,0.7949161403832774,8.47668894172304,6.753677696318739,1.4869620962876824,-0.6085978502222105,0.6180225219317637,1.172712056339396,2.9269792800230077,1.9032569987582697,0.4936919390244894,1.3222066477330474,0.29545336529967337,0.0018154566407249041,30.0,,,15.434444665908813
gold_fair_sweep,e052eb5434b2,0,ProposedA_FullyJoint,OracleTargetTreated,440350406,500,500,20000,10,0.1,,,3.852934173377118,0.5763597201195824,0.34130359319764403,0.34130359319764403,0.7717813477813479,0.5769329329329329,0.7824327056216585,0.8067059528780424,0.7972083017863326,0.7981736295527709,8.184322039320591,6.561777305132541,1.4453795160554268,-0.598002406418345,0.6069732441244264,1.1737774268162733,2.6176816280590467,1.858902618937548,0.5380463188452111,1.283826569495808,0.3338334435369128,0.0,0.0,,,14.77027177810669
gold_fair_sweep,e052eb5434b2,0,ProposedA_Direct,OracleTargetTreated,440350406,500,500,20000,10,0.1,,,3.8400930895394634,0.5518480920902958,0.3167919651683575,0.3167919651683575,0.77390528990529,0.5796756756756757,0.7856060267095305,0.8340106954067512,0.8171986914672968,0.7799436459132472,8.461338472952228,6.7263170935860535,1.4820652743040286,-0.5828187670560199,0.6171646964954325,1.128734773128472,2.8809160441506663,1.8617818140320521,0.535167123750707,1.3167345271865105,0.30092548584621026,,,,,15.388171195983887
gold_fair_sweep,e052eb5434b2,0,ProposedA_Together_Direct,OracleTargetTreated,440350406,500,500,20000,10,0.1,,,3.8284514547347115,0.564841767985834,0.32978564106389563,0.32978564106389563,0.7739756099756101,0.58008008008008,0.7855407943049685,0.8228811262461183,0.8236184684508905,0.8009616980527557,8.348424990853154,6.7791579217868705,1.453088343169299,-0.5857088618734146,0.6146150802745478,1.13264158055061,2.7500528322290263,1.8620676710411113,0.5348812667416478,1.3273026928266738,0.290357320206047,0.0,0.0,,,12.481540203094482
gold_fair_sweep,e052eb5434b2,0,ProposedA_FullyDirect,OracleTargetTreated,440350406,500,500,20000,10,0.1,,,3.8284514547347115,0.564841767985834,0.32978564106389563,0.32978564106389563,0.7739756099756101,0.58008008008008,0.7855407943049685,0.8228811262461183,0.8236184684508905,0.8009616980527557,8.348424990853154,6.7791579217868705,1.4530883431692996,-0.5857088618734148,0.6146150802745478,1.1326415805506105,2.7500528322290263,1.8620676710411113,0.5348812667416478,1.3273026928266738,0.290357320206047,0.0,0.0,,,9.462179899215698
gold_fair_sweep,e052eb5434b2,0,ProposedA_NoCrossfit,OracleTargetTreated,440350406,500,500,20000,10,0.1,,,3.858407793055055,0.5667647797666364,0.3317086528446981,0.3317086528446981,0.7713260673260675,0.5764724724724726,0.7827203035615176,0.8150592347137184,0.8244869230263171,0.7851731570308145,8.269069087962633,6.786306123217794,1.4742850541055985,-0.6005167170814651,0.611096799077721,1.1242067783863448,2.989002111639378,1.8715233279677168,0.5254256098150423,1.3287323331128587,0.2889276799198621,,,,,8.97095274925232
gold_fair_sweep,e052eb5434b2,0,ProposedA_Direct_NoCrossfit,OracleTargetTreated,440350406,500,500,20000,10,0.1,,,3.8444228666609757,0.5495696752518318,0.3145135483298934,0.3145135483298934,0.7744664104664105,0.5802802802802803,0.7858244949891475,0.8277034460795132,0.8095643200314657,0.7862786860940966,8.397349160003388,6.663479005831148,1.4834101715384316,-0.5801811193157015,0.6162514904542243,1.0974262876209002,2.871763652399257,1.854680806414899,0.5422681313678601,1.3041669096355293,0.3134931033971915,,,,,8.167994976043701
gold_fair_sweep,e052eb5434b2,0,ProposedA_Together_NoCrossfit,OracleTargetTreated,440350406,500,500,20000,10,0.1,,,3.865302759133142,0.598174890189298,0.3631187632673597,0.3631187632673597,0.7706529026529028,0.5758398398398399,0.7819642291229759,0.8118240995729115,0.8030878899716901,0.7885477070997825,8.236247478380324,6.61017186930323,1.4716811974731079,-0.6452666117701932,0.6095001109177889,1.145585327348825,3.0289617576726613,1.8496711775600092,0.5472777602227499,1.2935054823299459,0.3241545307027749,,,,,9.42991590499878
gold_fair_sweep,e052eb5434b2,0,ProposedA_Together_Direct_NoCrossfit,OracleTargetTreated,440350406,500,500,20000,10,0.1,,,3.871382954000286,0.5421997378714167,0.3071436109494784,0.3071436109494784,0.7702085782085782,0.5756596596596597,0.7815816219831898,0.8138301621130003,0.8200862860153072,0.7951745872305663,8.256599704368654,6.750084724115116,1.4824677765829393,-0.5687375129441531,0.6087834461315487,1.1553530146478777,2.894062739905646,1.890373729292778,0.506575208489981,1.321488053292323,0.2961719597403978,,,,,8.62437915802002
gold_fair_sweep,e052eb5434b2,0,ProposedB_LinearStepB,OracleTargetTreated,440350406,500,500,20000,10,0.1,,,3.872180527188429,0.6208841226011981,0.38582799567925974,0.38582799567925974,0.7662835782835784,0.5713513513513514,0.7781532081993038,0.7949470083876929,0.7862584269222588,0.7760904418073866,8.065023318134553,6.47164949259456,1.4449732069485046,-0.6621047948565231,0.6029613992567298,1.061224374306916,2.891225833256672,1.8974408615219305,0.4995080762608286,1.2658010069882115,0.35185900604450926,0.0009924850900210256,30.0,6.847669047898916,10.0,30.693950414657593
gold_fair_sweep,e052eb5434b2,0,ProposedB_SourceDR,FeasibleRestricted,440350406,500,500,20000,10,0.1,,,4.42969882636448,0.15919043327630128,0.07586569364563708,-0.07586569364563708,0.6417753417753418,0.45974374374374377,0.651534846419628,0.6792704387591176,0.6575595630218987,0.6780061786962087,6.891442913940761,5.412336283681107,1.338263982885931,0.02201730364825825,0.427069586591589,0.7795434761353286,1.989287494921327,1.5714757717867198,0.8254731659960393,1.0539383652055212,0.5637216478271996,0.0005957235299734088,30.0,6.8476690478989095,10.0,29.382372617721558
gold_fair_sweep,e052eb5434b2,0,IPWTransport,FeasibleRestricted,440350406,500,500,20000,10,0.1,,,2.5905150607287677,0.41827878951082326,0.1832226625888849,0.1832226625888849,0.893987753987754,0.7158518518518519,0.8997788835995882,0.880412365888569,0.8811571992383015,0.9066399919073515,8.93210010924704,7.252756022811359,1.1130105681173739,-0.2304925862229505,0.8039829883297471,0.5418934844622307,0.9176563833247098,2.1998665545003315,0.19708238328242755,1.4220223130315717,0.1956377000011491,,,,,0.5072534084320068
gold_fair_sweep,e052eb5434b2,0,EntropyBalancing,FeasibleRestricted,440350406,500,500,20000,10,0.1,,,2.5927256471459823,0.43083799063266764,0.19578186371072928,0.19578186371072928,0.893908277908278,0.7157957957957958,0.8997090426953772,0.882356013599303,0.8771884608017799,0.9076902147522649,8.951819114342866,7.220089556914778,1.1147310243207307,-0.24521234769230046,0.8040062352043145,0.5490167279113642,1.033140753298409,2.1983613373235364,0.19858760045922264,1.4154890198522556,0.20217099318046516,,,,,1.2618210315704346
gold_fair_sweep,e052eb5434b2,0,OutcomeModelTransport,FeasibleRestricted,440350406,500,500,20000,10,0.1,,,2.6095863795495,0.4509716002937352,0.2159154733717968,0.2159154733717968,0.8931266451266452,0.7148628628628628,0.8989669152856636,0.886622375584237,0.8867009806345879,0.9082298122293313,8.995102891159489,7.298386579930818,1.1232210502085986,-0.2714846675742429,0.8027196937617915,0.5548768061325977,1.099694214208756,2.192550500022972,0.20439843775978694,1.4311484244554635,0.18651158857725725,,,,,0.11492323875427246
gold_fair_sweep,e052eb5434b2,0,DRLearner_PooledWithSite,OracleTargetTreated,440350406,500,500,20000,10,0.1,,,2.5019657490575704,0.4531559559643991,0.21809982904246075,0.21809982904246075,0.9034425394425395,0.7294854854854855,0.9088330764053938,0.8967553485137024,0.9025596511111142,0.9155047746137166,9.09790554604829,7.428918416828744,1.130961490698734,-0.27744580855456835,0.8209277752731915,0.6001915758218258,1.3368629190560384,2.2129279704598064,0.1840209673229527,1.4572547918350487,0.1604052211976721,,,,,0.3558623790740967
gold_fair_sweep,e052eb5434b2,0,DRLearner_PooledNoSite,OracleTargetTreated,440350406,500,500,20000,10,0.1,,,2.494485104949203,0.44118936452119994,0.20613323759926158,0.20613323759926158,0.903891207891208,0.7301501501501502,0.9092498409663881,0.8987440288586858,0.9016590802050286,0.9155047746137166,9.118081423415433,7.42150586766189,1.130645843521849,-0.2637727942800023,0.8218819355959479,0.5813877772917827,1.3213295758225234,2.2142142017451474,0.1827347360376117,1.4557722820016779,0.16188773103104293,,,,,0.17110681533813477
gold_fair_sweep,4c49f9d3281d,1,TargetOnlyDR,infeasible_no_target_treated,1464093029,1000,0,20000,10,0.1,0.25,0.5,,,,,,,,,,,,,,,,,,,,,,,,,,0.0
gold_fair_sweep,4c49f9d3281d,1,ProxyOnly,FeasibleRestricted,1464093029,1000,0,20000,10,0.1,,,3.367797608918532,0.6271566141234705,0.9249632028475746,-0.9249632028475746,0.5921258561258561,0.41674074074074074,0.6129445360872391,0.6875972408072017,0.6862845023077765,0.7060887571529422,5.903774355104227,4.93149410341636,1.5769929152218514,0.5630982797638083,0.37501591293082637,1.0220886663477697,2.3803151104531546,1.729966966771871,0.5821970332410136,0.8388524226473685,0.4508585351460289,0.0,0.0,,,8.042439460754395
gold_fair_sweep,4c49f9d3281d,1,AnchorOnly,infeasible_no_target_treated,1464093029,1000,0,20000,10,0.1,0.25,0.5,,,,,,,,,,,,,,,,,,,,,,,,,,0.0
gold_fair_sweep,4c49f9d3281d,1,AnchorPlugin,FeasibleRestricted,1464093029,1000,0,20000,10,0.1,,,2.4780687849249863,0.4833385917923836,1.0687812251786615,-1.0687812251786615,0.8109718389718391,0.6162922922922923,0.824062617527662,0.8791013551706303,0.8882717284039753,0.8884999949894485,7.548046629886041,6.382931242254902,1.0124371444359546,1.0627698733010695,0.6782653606902452,1.0687812251786613,1.3777685396622728,1.9515204905607078,0.3606435094521767,1.1291398504150771,0.16057110737832025,0.0006282181097230292,30.0,,,5.831990957260132
gold_fair_sweep,4c49f9d3281d,1,ProposedA,infeasible_no_target_treated,1464093029,1000,0,20000,10,0.1,0.25,0.5,,,,,,,,,,,,,,,,,,,,,,,,,,0.0
gold_fair_sweep,4c49f9d3281d,1,ProposedA_Together,infeasible_no_target_treated,1464093029,1000,0,20000,10,0.1,0.25,0.5,,,,,,,,,,,,,,,,,,,,,,,,,,0.0
gold_fair_sweep,4c49f9d3281d,1,ProposedA_JointProxy,infeasible_no_target_treated,1464093029,1000,0,20000,10,0.1,0.25,0.5,,,,,,,,,,,,,,,,,,,,,,,,,,0.0
gold_fair_sweep,4c49f9d3281d,1,ProposedA_FullyJoint,infeasible_no_target_treated,1464093029,1000,0,20000,10,0.1,0.25,0.5,,,,,,,,,,,,,,,,,,,,,,,,,,0.0
gold_fair_sweep,4c49f9d3281d,1,ProposedA_Direct,infeasible_no_target_treated,1464093029,1000,0,20000,10,0.1,0.25,0.5,,,,,,,,,,,,,,,,,,,,,,,,,,0.0
gold_fair_sweep,4c49f9d3281d,1,ProposedA_Together_Direct,infeasible_no_target_treated,1464093029,1000,0,20000,10,0.1,0.25,0.5,,,,,,,,,,,,,,,,,,,,,,,,,,0.0
gold_fair_sweep,4c49f9d3281d,1,ProposedA_FullyDirect,infeasible_no_target_treated,1464093029,1000,0,20000,10,0.1,0.25,0.5,,,,,,,,,,,,,,,,,,,,,,,,,,0.0
gold_fair_sweep,4c49f9d3281d,1,ProposedA_NoCrossfit,infeasible_no_target_treated,1464093029,1000,0,20000,10,0.1,0.25,0.5,,,,,,,,,,,,,,,,,,,,,,,,,,0.0
gold_fair_sweep,4c49f9d3281d,1,ProposedA_Direct_NoCrossfit,infeasible_no_target_treated,1464093029,1000,0,20000,10,0.1,0.25,0.5,,,,,,,,,,,,,,,,,,,,,,,,,,0.0
gold_fair_sweep,4c49f9d3281d,1,ProposedA_Together_NoCrossfit,infeasible_no_target_treated,1464093029,1000,0,20000,10,0.1,0.25,0.5,,,,,,,,,,,,,,,,,,,,,,,,,,0.0
gold_fair_sweep,4c49f9d3281d,1,ProposedA_Together_Direct_NoCrossfit,infeasible_no_target_treated,1464093029,1000,0,20000,10,0.1,0.25,0.5,,,,,,,,,,,,,,,,,,,,,,,,,,0.0
gold_fair_sweep,4c49f9d3281d,1,ProposedB_LinearStepB,infeasible_no_target_treated,1464093029,1000,0,20000,10,0.1,0.25,0.5,,,,,,,,,,,,,,,,,,,,,,,,,,0.0
gold_fair_sweep,4c49f9d3281d,1,ProposedB_SourceDR,FeasibleRestricted,1464093029,1000,0,20000,10,0.1,,,3.3397623938636922,0.6914441224305792,0.8606756945404659,-0.8606756945404659,0.5825747465747466,0.40693893893893895,0.5966007029526019,0.6283563749758125,0.6753480437210698,0.7344038040902662,5.395126728684225,4.85290704389332,1.2681475351761697,0.6752666573986557,0.344952201939167,0.8606756945404659,1.9161427305528091,1.7243358887169815,0.587828111295903,0.8231350107427605,0.4665759470506369,0.0006532088135724845,30.0,8.241553470829674,10.0,30.36669635772705
gold_fair_sweep,4c49f9d3281d,1,IPWTransport,FeasibleRestricted,1464093029,1000,0,20000,10,0.1,,,1.7832057616616446,0.9646539964943456,0.5874658204766995,-0.5874658204766995,0.904908412908413,0.7320840840840841,0.9115767841428468,0.9140021937366278,0.944995644492203,0.9407892426950094,7.847708500919266,6.790537208543103,0.9005362368298065,0.6834139371251932,0.8275794169742675,0.6205842114423119,1.442385019834572,2.1544563804307146,0.15770761958216983,1.2106610436727172,0.07904991412068019,,,,,0.46606945991516113
gold_fair_sweep,4c49f9d3281d,1,EntropyBalancing,FeasibleRestricted,1464093029,1000,0,20000,10,0.1,,,1.7703963676508705,0.9679532830625354,0.5841665339085097,-0.5841665339085097,0.9061709101709103,0.734042042042042,0.9127904389509657,0.9140021937366278,0.9478870567261234,0.9421531453953853,7.847708500919266,6.8113142803466715,0.9015468119818598,0.6794646204786419,0.8300647285894389,0.6184056051176514,1.4367721425048563,2.1637783200673164,0.14838567994556806,1.2148164580334309,0.07489449975996654,,,,,1.5674455165863037
gold_fair_sweep,4c49f9d3281d,1,OutcomeModelTransport,FeasibleRestricted,1464093029,1000,0,20000,10,0.1,,,1.6588383458402676,0.9873799164759223,0.5647399004951228,-0.5647399004951228,0.9178351978351978,0.7516716716716717,0.9237340957667406,0.9358401462892268,0.9483269081102383,0.9455645683875695,8.0352112083133,6.814474958607434,0.9129952455151737,0.6506466477113589,0.8510891333428162,0.5697046593634949,1.3325974614434148,2.1904214837898763,0.12174251622300813,1.2154485936855832,0.07426236410781417,,,,,0.03252696990966797
gold_fair_sweep,4c49f9d3281d,1,DRLearner_PooledWithSite,infeasible_no_target_treated,1464093029,1000,0,20000,10,0.1,0.25,0.5,,,,,,,,,,,,,,,,,,,,,,,,,,0.0
gold_fair_sweep,4c49f9d3281d,1,DRLearner_PooledNoSite,infeasible_no_target_treated,1464093029,1000,0,20000,10,0.1,0.25,0.5,,,,,,,,,,,,,,,,,,,,,,,,,,0.0
gold_fair_sweep,3e0884da9f26,0,TargetOnlyDR,OracleTargetTreated,1840088912,500,1000,20000,10,0.1,,,3.224758356477721,1.0874592937698329,0.16224799963031866,0.16224799963031866,0.7468332628332629,0.5516436436436436,0.7622301512899352,0.6679268355895555,0.7743875805927471,0.8263297982518327,6.122488612471984,5.773036091784237,1.373915057137797,-0.5688654035952948,0.5588595081822767,0.9008766420459777,2.2333558467464503,2.5368980496707993,0.4194690290443739,1.773577035694179,0.3363867584229261,0.0,0.0,,,15.83512806892395
gold_fair_sweep,3e0884da9f26,0,ProxyOnly,FeasibleRestricted,1840088912,500,1000,20000,10,0.1,,,4.079254079180972,-0.4299820537202968,1.355193347859811,-1.355193347859811,0.5382724422724424,0.377941941941942,0.5584488800644303,0.6179930804409813,0.6348112351980456,0.6257908168799494,5.664775535252587,4.7324986403620715,0.9343469608798414,1.3269637192659463,0.3128826440137351,1.355193347859811,2.2741182113494376,1.9860932575004504,0.9702738212147228,1.565469545409746,0.544494248707359,0.0,0.0,,,6.856817007064819
gold_fair_sweep,3e0884da9f26,0,AnchorOnly,OracleTargetTreated,1840088912,500,1000,20000,10,0.1,,,3.2277648276418858,1.0385864594692784,0.11337516532976422,0.11337516532976422,0.7427220347220348,0.5486166166166166,0.7597966171957148,0.6880775703254498,0.7773159750615404,0.7959863411992644,6.307198430044383,5.794867184357267,1.3981719704412896,-0.5269111823702899,0.5614726031373761,0.8560973959339272,2.540416912413761,2.5245555938843363,0.431811484830837,1.7779432542087852,0.3320205399083198,0.0004399081806090993,15.0,,,10.828203678131104
gold_fair_sweep,3e0884da9f26,0,AnchorPlugin,FeasibleRestricted,1840088912,500,1000,20000,10,0.1,,,3.1113336207483866,-0.468806789079325,1.3940180832188391,-1.3940180832188391,0.7935728295728296,0.5984664664664665,0.809232385414544,0.8076607143765707,0.8317627614956434,0.8402965807669158,7.403346089765742,6.200766337498579,1.20709697694286,1.4911065520074565,0.659486251062936,1.394018083218839,2.4981631097264314,2.501713913097688,0.45465316561748503,1.8591230848370477,0.2508407092800573,0.0008683944535672036,30.0,,,5.609637022018433
gold_fair_sweep,3e0884da9f26,0,ProposedA,OracleTargetTreated,1840088912,500,1000,20000,10,0.1,,,3.2282700836776264,1.0459820348552635,0.12077074071574934,0.12077074071574934,0.7421001701001702,0.5464744744744745,0.7596230136652536,0.7142638005127221,0.7709863023117011,0.7968989460001185,6.547232049869871,5.74767966463228,1.401204242392152,-0.5404231705656567,0.5619356902136202,0.8992594764489085,2.3804196049877433,2.5342895438253135,0.4220775348898598,1.7685057502637873,0.3414580438533177,0.0024393686958473076,30.0,,,18.86919355392456
gold_fair_sweep,3e0884da9f26,0,ProposedA_Together,OracleTargetTreated,1840088912,500,1000,20000,10,0.1,,,3.21954892877744,1.0779893945792918,0.15277810043977758,0.15277810043977758,0.7487149847149848,0.5542862862862863,0.7668194552893404,0.7370019244541038,0.745021629171718,0.7921108125222865,6.755658927608968,5.554113808328428,1.4517790804593576,-0.6397911578677489,0.574525882071567,1.0008975914062006,2.7598776739622424,2.5596794467027713,0.396687632012402,1.7297925790030173,0.3801712151140877,0.0,0.0,,,13.542289972305298
gold_fair_sweep,3e0884da9f26,0,ProposedA_JointProxy,OracleTargetTreated,1840088912,500,1000,20000,10,0.1,,,3.2244719236858033,1.036639987117448,0.1114286929779339,0.1114286929779339,0.7455810495810496,0.5506386386386386,0.7631922644241838,0.6987452446981636,0.7708593281281882,0.8038178626000008,6.404982665365382,5.746733075918159,1.4134007708895953,-0.5399764627872671,0.5652625802970346,0.9179314962768574,2.529537845730404,2.5468086374424184,0.40955844127275487,1.7683164325209635,0.3416473615961415,0.0016958410307566637,30.0,,,15.8448646068573
gold_fair_sweep,3e0884da9f26,0,ProposedA_FullyJoint,OracleTargetTreated,1840088912,500,1000,20000,10,0.1,,,3.238136893465881,1.0872451629780828,0.16203386883856863,0.16203386883856863,0.7560540360540361,0.5603163163163163,0.7722090195801623,0.7416595618994241,0.7690661461261383,0.7777855063822272,6.798352723846135,5.733364958096527,1.479512891334706,-0.6833819405278633,0.5737038538224383,1.0529374114913852,2.604212009581044,2.5515693760467957,0.40479770266837756,1.765642808956637,0.34432098516046805,0.0,0.0,,,11.680648803710938
gold_fair_sweep,3e0884da9f26,0,ProposedA_Direct,OracleTargetTreated,1840088912,500,1000,20000,10,0.1,,,3.2050649734939776,1.0565530315750684,0.13134173743555422,0.13134173743555422,0.7585128265128266,0.5619179179179179,0.7746068090442416,0.7280901027148287,0.7789436065904716,0.8121745200615335,6.673969550557764,5.807001128387533,1.4642227580561795,-0.6218176997859498,0.581372421172911,1.0168041583910212,2.6088386417133442,2.567273457558842,0.38909362115633117,1.7803700430148381,0.32959375110226685,,,,,11.718417882919312
gold_fair_sweep,3e0884da9f26,0,ProposedA_Together_Direct,OracleTargetTreated,1840088912,500,1000,20000,10,0.1,,,3.2669508102617675,1.102705901385751,0.17749460724623678,0.17749460724623678,0.7405909285909287,0.5458938938938939,0.7582042249719908,0.7643937344542001,0.7521514001536819,0.7873768875835103,7.006743381570992,5.607266036278065,1.4757746140892716,-0.7021340819320061,0.5635368717452494,1.0023745695527353,2.2683679043097693,2.5282677956364163,0.4280992830787569,1.7404230245929448,0.36954076952416015,0.0,0.0,,,10.298195362091064
gold_fair_sweep,3e0884da9f26,0,ProposedA_FullyDirect,OracleTargetTreated,1840088912,500,1000,20000,10,0.1,,,3.2669508102617675,1.1027059013857516,0.17749460724623745,0.17749460724623745,0.7405909285909287,0.5458938938938939,0.7582042249719908,0.7643937344542001,0.7521514001536819,0.7873768875835103,7.006743381570992,5.607266036278065,1.4757746140892716,-0.7021340819320061,0.5635368717452494,1.0023745695527353,2.2683679043097693,2.5282677956364163,0.4280992830787569,1.7404230245929448,0.36954076952416015,0.0,0.0,,,8.807347774505615
gold_fair_sweep,3e0884da9f26,0,ProposedA_NoCrossfit,OracleTargetTreated,1840088912,500,1000,20000,10,0.1,,,3.222927613865399,1.0372584586368399,0.11204716449732566,0.11204716449732566,0.7418356778356779,0.5463943943943944,0.7594221815900204,0.70405473447864,0.7646746183329991,0.8130497149930946,6.453651604816377,5.70062625065437,1.4010977644578502,-0.528089213421558,0.5635601967518196,0.8829497509683926,2.5438109609279143,2.536097365303924,0.4202697134112494,1.7590950674682055,0.35086872664889945,,,,,9.066984176635742
gold_fair_sweep,3e0884da9f26,0,ProposedA_Direct_NoCrossfit,OracleTargetTreated,1840088912,500,1000,20000,10,0.1,,,3.2134491279463173,1.054088383725694,0.12887708958617983,0.12887708958617983,0.7542674982674983,0.5580900900900901,0.7711833844979893,0.7159983882968203,0.7817887498061358,0.8085365492530616,6.5631319858951995,5.828211585375689,1.4584195163358156,-0.6120917766289145,0.5774546005474928,0.9924387103014116,2.673648901218857,2.5514611357344266,0.40490594298074667,1.7846121344124695,0.32535165970463553,,,,,8.550718069076538
gold_fair_sweep,3e0884da9f26,0,ProposedA_Together_NoCrossfit,OracleTargetTreated,1840088912,500,1000,20000,10,0.1,,,3.2422825949460545,1.0966212140789897,0.17140991993947552,0.17140991993947552,0.7483039363039363,0.552956956956957,0.7662600073242231,0.744860176197873,0.7566325064837699,0.792159606194311,6.827690854238624,5.640672549015419,1.4679564937664304,-0.6845809382697653,0.5702900942666189,0.9758412479279375,2.7750160915888613,2.5589196818159836,0.3974473968991896,1.7471043271404154,0.3628594669766896,,,,,10.07386302947998
gold_fair_sweep,3e0884da9f26,0,ProposedA_Together_Direct_NoCrossfit,OracleTargetTreated,1840088912,500,1000,20000,10,0.1,,,3.2680049770643915,1.1106728140069526,0.18546151986743842,0.18546151986743842,0.7475656235656236,0.5522642642642643,0.7650139969005668,0.7592408336785217,0.7495264155402729,0.7908590399844104,6.95950980052698,5.587696855039403,1.5225937574067512,-0.765892198988861,0.5721854064754435,1.0914787127398262,2.6222168692226657,2.524037210369247,0.432329868345926,1.736509188345212,0.37345460577189304,,,,,8.174173593521118
gold_fair_sweep,3e0884da9f26,0,ProposedB_LinearStepB,OracleTargetTreated,1840088912,500,1000,20000,10,0.1,,,3.232129619175198,1.0521659768577196,0.12695468271820542,0.12695468271820542,0.7408204168204168,0.5462502502502502,0.7580087117226847,0.6877352978588065,0.7563213463527735,0.8118486249686679,6.304061021622192,5.638352859609771,1.3899563268777357,-0.5372534623193667,0.5587571455471096,0.8893262364517349,2.6105079966432,2.511566133950324,0.4448009447648493,1.7466403892592857,0.36332340485781933,0.001056332016657107,30.0,10.193319178997953,10.0,26.30377197265625
gold_fair_sweep,3e0884da9f26,0,ProposedB_SourceDR,FeasibleRestricted,1840088912,500,1000,20000,10,0.1,,,3.806259255265338,-0.4131886840821743,1.3383999782216884,-1.3383999782216884,0.6365132165132166,0.45489089089089085,0.6582696722136195,0.6801439432782468,0.7013534477740571,0.7160469358158003,6.234475582774403,5.228568831124233,1.2879822062623254,1.4573909670663,0.4309191105126925,1.3383999782216884,2.532613718312496,2.2460968637419,0.7102702149732734,1.6646835835621783,0.4452802105549267,0.0008676549328959892,30.0,10.193319178997953,10.0,24.63537573814392
gold_fair_sweep,3e0884da9f26,0,IPWTransport,FeasibleRestricted,1840088912,500,1000,20000,10,0.1,,,2.402555937027273,0.1803144832170375,0.7448968109224767,-0.7448968109224767,0.8584917544917545,0.6735695695695696,0.8719973596473247,0.884971773369507,0.9072835738977986,0.8778831005554173,8.11201065163292,6.763771719564222,1.0980499153603513,0.7272169911048003,0.7633763388889473,0.7577221273554937,1.3781522089945808,2.6971076245314305,0.25925945418374274,1.9717241612501757,0.1382396328669293,,,,,0.09704422950744629
gold_fair_sweep,3e0884da9f26,0,EntropyBalancing,FeasibleRestricted,1840088912,500,1000,20000,10,0.1,,,2.4085913594354698,0.1747991647483412,0.750412129391173,-0.750412129391173,0.8578512538512539,0.6728288288288289,0.8714223436416842,0.8833376310737813,0.9013821401198295,0.8789420134127007,8.097031439743779,6.719776708477639,1.0977727155491894,0.7333215403779972,0.7623698970351162,0.7584989893650499,1.370842681941613,2.691217608377146,0.26514947033802727,1.9629251590328591,0.14703863508424586,,,,,1.0281643867492676
gold_fair_sweep,3e0884da9f26,0,OutcomeModelTransport,FeasibleRestricted,1840088912,500,1000,20000,10,0.1,,,2.391831483788412,0.1635768949919239,0.7616343991475902,-0.7616343991475902,0.8618521778521779,0.677957957957958,0.875033486247487,0.9018536022129395,0.8929325188665296,0.8808392799640679,8.266756350329672,6.656785036503936,1.110944540923131,0.7434864356270795,0.7685189169834293,0.7616343991475905,1.6113589735075342,2.7037517721970024,0.2526153065181709,1.950326824638119,0.1596369694789861,,,,,0.05145692825317383
gold_fair_sweep,3e0884da9f26,0,DRLearner_PooledWithSite,OracleTargetTreated,1840088912,500,1000,20000,10,0.1,,,2.188281831517457,0.31820279016418035,0.6070085039753339,-0.6070085039753339,0.8843274203274205,0.7062182182182183,0.8957351077788424,0.9159437084313502,0.9112631889142963,0.8982463992022093,8.395911985758806,6.793439629661723,1.1296929200035384,0.5657398549656671,0.8049884457053518,0.6508455830892244,1.5392095382467357,2.7504176365087645,0.20594944220640876,1.977657743269676,0.13230605084742897,,,,,0.11758184432983398
gold_fair_sweep,3e0884da9f26,0,DRLearner_PooledNoSite,OracleTargetTreated,1840088912,500,1000,20000,10,0.1,,,2.145192744247138,0.3658584825897524,0.5593528115497618,-0.5593528115497618,0.8887529647529648,0.7122082082082082,0.8997906553089849,0.9159437084313502,0.9226277612958563,0.9008452420480294,8.395911985758806,6.878162174509643,1.1340599590035292,0.5103058383726857,0.8118239901110247,0.6401732446968114,1.4899330785470877,2.7602073319531484,0.19615974676202486,1.99460225223926,0.11536154187784509,,,,,0.061002254486083984
gold_fair_sweep,e6f34a79dfd5,0,TargetOnlyDR,OracleTargetTreated,2100889601,1000,100,20000,10,0.1,,,4.112503899569807,1.0272913383107294,0.027563782053342978,0.027563782053342978,0.6136905395316112,0.43771214986223117,0.631292503328303,0.6471718524903595,0.7130007248060415,0.6978628419041489,6.139407224386445,5.434031644809973,1.161921624054452,-0.19390446392968688,0.2624540196773627,1.1829707555826696,2.662284361364579,1.75761202925136,0.8658811519122307,1.2763265155086587,0.4374646726665663,0.0,0.0,,,17.26888155937195
gold_fair_sweep,e6f34a79dfd5,0,ProxyOnly,FeasibleRestricted,2100889601,1000,100,20000,10,0.1,,,3.7581379385652705,0.13966547601651255,0.8600620802408738,-0.8600620802408738,0.6862149622149623,0.4977697697697698,0.7029784757149137,0.7481379925728329,0.7277899022915854,0.7376126692791951,7.097224297943401,5.546745216705736,1.6659692672687976,0.7670491655154098,0.4906939129143354,1.2487875412788823,3.530055157998105,2.049807530185315,0.5736856509782755,1.2988692298878113,0.41492195828741374,0.0,0.0,,,6.478044033050537
gold_fair_sweep,e6f34a79dfd5,0,AnchorOnly,OracleTargetTreated,2100889601,1000,100,20000,10,0.1,,,4.030537571679062,0.9317578276672115,0.06796972859017492,-0.06796972859017492,0.6221829821829822,0.443963963963964,0.6393346951357618,0.5740387749562614,0.6377321742112787,0.7046687140691853,5.44562899094397,4.860383299778928,1.2000263013114951,-0.11840634339613063,0.2950332976136262,1.0648585383326736,2.1373599761484177,1.958779831072571,0.6647133500910196,1.1615968465024495,0.5521943416727755,0.0002928317406011079,14.0,,,14.080469369888306
gold_fair_sweep,e6f34a79dfd5,0,AnchorPlugin,FeasibleRestricted,2100889601,1000,100,20000,10,0.1,,,2.1532583528922165,0.2164218670725046,0.7833056891848817,-0.7833056891848817,0.9107662307662308,0.740980980980981,0.9189168482381417,0.9250026211061916,0.9374222075366283,0.9249687187656537,8.775053724513375,7.144427436153564,1.1832010810607383,0.7436569691720164,0.8435661369483011,0.8642600027555895,2.027296497884241,2.4449120023737576,0.17858117878983304,1.618405673777377,0.09538551439784793,0.0034989623842860288,30.0,,,6.54033637046814
gold_fair_sweep,e6f34a79dfd5,0,ProposedA,OracleTargetTreated,2100889601,1000,100,20000,10,0.1,,,3.4903774800203835,0.8192163770653434,0.18051117919204296,-0.18051117919204296,0.7396310956310957,0.5486726726726727,0.7553548320426768,0.7892352590282447,0.822009882919057,0.8186191072957144,7.487094243009729,6.264829137928034,1.6971477682521439,-0.39060368979466686,0.5611437777228765,1.172253424834666,3.2419689157409772,2.1459362465483394,0.4775569346152513,1.442486014132271,0.27130517404295396,0.0034791067227892625,30.0,,,13.767996072769165
gold_fair_sweep,e6f34a79dfd5,0,ProposedA_Together,OracleTargetTreated,2100889601,1000,100,20000,10,0.1,,,4.4900132947350215,0.812028456228058,0.18769910002932844,-0.18769910002932844,0.562440853815499,0.39456335247997487,0.575139458603711,0.5536341468296802,0.5824371837914099,0.6625469910297386,5.252060125349466,4.438960547617252,0.693907348519594,0.4362550432737159,0.14435238562382524,1.2958835485884717,2.4682550068810434,1.6609368059244907,0.9625563752391,1.0773122960701145,0.6364788921051105,0.0,0.0,,,13.577830791473389
gold_fair_sweep,e6f34a79dfd5,0,ProposedA_JointProxy,OracleTargetTreated,2100889601,1000,100,20000,10,0.1,,,3.4686210796386265,0.8414824207980248,0.15824513545936159,-0.15824513545936159,0.7387695907695908,0.5435235235235235,0.7547903587141754,0.7988437217780683,0.8086883171530757,0.7818124227207053,7.578245094819054,6.163300755961169,1.6270736606503142,-0.3694263265233424,0.555247865274267,1.1286663550778884,3.097526394170659,2.1927539373281046,0.430739243835486,1.4221803377388977,0.2916108504363273,0.004458200594304589,30.0,,,14.044079303741455
gold_fair_sweep,e6f34a79dfd5,0,ProposedA_FullyJoint,OracleTargetTreated,2100889601,1000,100,20000,10,0.1,,,4.731395300566297,0.8560980686527639,0.14362948760462246,-0.14362948760462246,0.5542150871306387,0.38921299733520404,0.565687959092786,0.5537732300913818,0.5966031895293143,0.5858741268811793,5.253379541171395,4.54692470639321,0.5214231980689917,0.5533381634397758,0.1134516286597983,1.5623584725006772,2.5172025537826377,1.572246650461285,1.0512465307023056,1.0989051278253064,0.6148860603499187,0.0,0.0,,,11.032931089401245
gold_fair_sweep,e6f34a79dfd5,0,ProposedA_Direct,OracleTargetTreated,2100889601,1000,100,20000,10,0.1,,,3.443688826982027,0.9122598732555702,0.08746768300181618,-0.08746768300181618,0.7492229812229813,0.5572772772772773,0.7642609722399009,0.8002899521627199,0.8297900558556551,0.8126814666662836,7.591964784940759,6.3241245979025935,1.6739708551503545,-0.5273688838955932,0.5723596793632666,1.162153867774364,3.248980164966401,2.1492152805004645,0.47427790066312614,1.454345106127183,0.259446082048042,,,,,10.596346139907837
gold_fair_sweep,e6f34a79dfd5,0,ProposedA_Together_Direct,OracleTargetTreated,2100889601,1000,100,20000,10,0.1,,,4.8668569747109505,0.8635495741966968,0.13617798206068965,-0.13617798206068965,0.4701310411435758,0.3272422574741675,0.48447995564968227,0.4961867660705551,0.5287326836390429,0.5489834628310958,4.707084531776498,4.029659486421204,0.4583214793358756,0.6039442379316918,0.09905352650077193,1.42554582795384,2.148420719988635,1.5071909571038582,1.1163022240597325,0.9954520838309049,0.7183391043443201,0.0,0.0,,,9.616126298904419
gold_fair_sweep,e6f34a79dfd5,0,ProposedA_FullyDirect,OracleTargetTreated,2100889601,1000,100,20000,10,0.1,,,4.8668569747109505,0.8635495741966969,0.13617798206068954,-0.13617798206068954,0.4701310411435758,0.3272422574741675,0.48447995564968227,0.4961867660705551,0.5287326836390429,0.5489834628310958,4.707084531776498,4.029659486421204,0.4583214793358758,0.6039442379316918,0.0990535265007717,1.4255458279538402,2.148420719988635,1.5071909571038582,1.1163022240597325,0.9954520838309049,0.7183391043443201,0.0,0.0,,,8.327314853668213
gold_fair_sweep,e6f34a79dfd5,0,ProposedA_NoCrossfit,OracleTargetTreated,2100889601,1000,100,20000,10,0.1,,,3.450420757717494,0.8135624071024745,0.1861651491549119,-0.1861651491549119,0.7438889878889878,0.5524604604604605,0.7586179037426061,0.8377691670843875,0.8251012048271863,0.8109891542350459,7.947512020144172,6.288389199634337,1.6296260302407672,-0.32607491958214163,0.5627292391006309,1.1417646212978387,3.632656011721398,2.179341335053563,0.44415184611002756,1.4471980264735311,0.2665931617016939,,,,,9.0088369846344
gold_fair_sweep,e6f34a79dfd5,0,ProposedA_Direct_NoCrossfit,OracleTargetTreated,2100889601,1000,100,20000,10,0.1,,,3.4144640317341715,0.8955799764079936,0.10414757984939282,-0.10414757984939282,0.7538767418767419,0.5613573573573574,0.767743197534362,0.8274624144953852,0.8266078787457812,0.8065893207480387,7.849736829425679,6.299872096449459,1.6538801171613786,-0.48145436005165,0.579029462309558,1.1807669925714237,3.411296452536681,2.20881227537099,0.41468090579260064,1.4494946058365559,0.26429658233866915,,,,,7.33670449256897
gold_fair_sweep,e6f34a79dfd5,0,ProposedA_Together_NoCrossfit,OracleTargetTreated,2100889601,1000,100,20000,10,0.1,,,4.464009245041458,0.8234485635375158,0.17627899271987058,-0.17627899271987058,0.5813402573402574,0.40791991991991994,0.5911351319868468,0.5715291030028785,0.6209377220358536,0.6620518684547965,5.421820943572706,4.732386817582737,0.7069203361328942,0.41761502093329755,0.15252182044582796,1.3341676990920257,2.274492416113908,1.6992143758871847,0.9242788052764059,1.1359975500632113,0.5777936381120137,,,,,8.63329005241394
gold_fair_sweep,e6f34a79dfd5,0,ProposedA_Together_Direct_NoCrossfit,OracleTargetTreated,2100889601,1000,100,20000,10,0.1,,,4.854034621103719,0.8742580071987829,0.12546954905860352,-0.12546954905860352,0.4861452734637478,0.3374747530272888,0.5009577799890048,0.4744267397320659,0.49018346420702424,0.5769027743032357,4.500657657073461,3.735862199842993,0.4629722083074021,0.5949703960341374,0.09828298167048721,1.4863041439545672,2.6089557113347164,1.5307978263732644,1.0926953547903262,0.9366926265152626,0.7770985616599624,,,,,8.110539197921753
gold_fair_sweep,e6f34a79dfd5,0,ProposedB_LinearStepB,OracleTargetTreated,2100889601,1000,100,20000,10,0.1,,,3.6682700985435996,0.8863450623364674,0.11338249392091904,-0.11338249392091904,0.687024759024759,0.5009489489489489,0.7039079900106934,0.7203349221944877,0.7444725764966762,0.7557933984033482,6.833469979080345,5.673889799307919,1.5341792785682713,-0.36008467204052386,0.46618811554258,1.000850605603123,2.286473292888341,2.083594322705406,0.5398988584581845,1.324298146408248,0.3894930417669771,0.0026388615907729698,30.0,2.672501408812729,10.0,26.41991138458252
gold_fair_sweep,e6f34a79dfd5,0,ProposedB_SourceDR,FeasibleRestricted,2100889601,1000,100,20000,10,0.1,,,3.700740825393971,0.35335029898519055,0.6463772572721959,-0.6463772572721959,0.6645734685734687,0.4786346346346347,0.6841076730039419,0.7314349187920243,0.7640384824857951,0.7358279124450459,6.938770293114933,5.823008514906942,1.4828169335886683,0.4757737494335272,0.46639280721666476,0.958787940914092,2.6716922750825436,2.0033323375564858,0.6201608436071049,1.3541218895280527,0.35966929864717234,0.0034088095724036185,30.0,2.672501408812729,10.0,24.80497097969055
gold_fair_sweep,e6f34a79dfd5,0,IPWTransport,FeasibleRestricted,2100889601,1000,100,20000,10,0.1,,,0.6862400474593272,0.6960495935861375,0.3036779626712489,-0.3036779626712489,0.9901891621891623,0.9155355355355356,0.9914383502691172,0.9964640378615102,0.9892580413096109,0.9927532329119555,9.45297371841334,7.5394867274805435,1.0195743553137122,0.2900532406104304,0.9837327491376201,0.3036779626712489,0.4769468214810981,2.6071802064642142,0.016312974699376426,1.6974175320427727,0.01637365613245234,,,,,0.1547544002532959
gold_fair_sweep,e6f34a79dfd5,0,EntropyBalancing,FeasibleRestricted,2100889601,1000,100,20000,10,0.1,,,0.682286998989222,0.6970164398337919,0.3027111164235945,-0.3027111164235945,0.9903861183861186,0.9163483483483483,0.9916092281299655,0.9964640378615102,0.9892580413096109,0.9927532329119555,9.45297371841334,7.5394867274805435,1.0207885619904866,0.2882211469557218,0.9839900761393706,0.3027111164235945,0.48487845884574376,2.6073969704977618,0.01609621066582889,1.6974175320427727,0.01637365613245234,,,,,1.102536916732788
gold_fair_sweep,e6f34a79dfd5,0,OutcomeModelTransport,FeasibleRestricted,2100889601,1000,100,20000,10,0.1,,,0.6427326733536389,0.6889997130724577,0.31072784318492874,-0.31072784318492874,0.9916498156498156,0.9230430430430431,0.9927874133479607,0.9946098510569726,0.992359519818466,0.9933139628759604,9.435383942499362,7.563124196246654,1.0072316940797204,0.3057452080389746,0.9861502199156129,0.3107278431849283,0.43955763136042836,2.6075313559659388,0.01596182519765188,1.702145025795995,0.011646162379230107,,,,,0.09825778007507324
gold_fair_sweep,e6f34a79dfd5,0,DRLearner_PooledWithSite,OracleTargetTreated,2100889601,1000,100,20000,10,0.1,,,0.5974649085650283,0.732911210339475,0.26681634591791137,-0.26681634591791137,0.9924812844812845,0.9272352352352353,0.9935167552134585,0.9964235248497021,0.994538638642789,0.9941215846225404,9.452589391010319,7.579732034411745,1.0067603676475294,0.26186159668302117,0.9874955408389011,0.26681634591791115,0.38291779009805316,2.610851836590414,0.01264134457317656,1.705466593429013,0.008324594746212055,,,,,0.29169654846191406
gold_fair_sweep,e6f34a79dfd5,0,DRLearner_PooledNoSite,OracleTargetTreated,2100889601,1000,100,20000,10,0.1,,,0.70239050511152,0.5690136407061271,0.43071391555125926,-0.43071391555125926,0.9918250998250999,0.9239759759759761,0.992944109616762,0.994726228301823,0.9937570233469338,0.9938328444840724,9.436487957290856,7.573775066762239,1.0084150529516347,0.4259256356345156,0.9865508049630961,0.43071391555125926,0.5693611410216715,2.6051107035747814,0.018382477588809287,1.704275199899112,0.009515988276113108,,,,,0.13434553146362305
gold_fair_sweep,3e0884da9f26,1,TargetOnlyDR,OracleTargetTreated,703378243,500,1000,20000,10,0.1,,,3.4848487729013122,1.108418080518707,0.07067639816831162,0.07067639816831162,0.6752965952965954,0.48918518518518517,0.6926632275746751,0.6873027980770562,0.724636084435893,0.7421274378040774,6.368494282763969,5.517948839125314,1.3226118775502138,-0.42826523623505597,0.48072451017350204,0.5952539186040556,2.176269901730408,0.9198759774717364,0.5455476464651141,0.12437508038120958,0.41936746757699905,0.0,0.0,,,17.934078693389893
gold_fair_sweep,3e0884da9f26,1,ProxyOnly,FeasibleRestricted,703378243,500,1000,20000,10,0.1,,,4.097865924768917,2.2775472704937045,1.2398055881433092,1.2398055881433092,0.5782387102387103,0.4056976976976977,0.5955697304997517,0.48118562954735217,0.5708547364482176,0.606364810736417,4.458628626704541,4.346936756186751,1.3319414009947312,-1.995817819942715,0.3321055264079934,1.2398055881433094,3.3180599185715205,0.5910447735499613,0.8743788503868892,-0.10982733620650298,0.6535698841647116,0.0,0.0,,,6.247487783432007
gold_fair_sweep,3e0884da9f26,1,AnchorOnly,OracleTargetTreated,703378243,500,1000,20000,10,0.1,,,3.548417126626287,0.9908619095134245,0.04687977283697087,-0.04687977283697087,0.6623851703851704,0.47675275275275275,0.676787284551687,0.7026090605081183,0.7152260995869671,0.7166159392562867,6.510320920245191,5.446293816571837,1.3350735865991805,-0.28513188100820486,0.4608465001555144,0.6132906820403117,2.147979258781809,0.8777981382672373,0.5876254856696133,0.11004407587051407,0.4336984720876946,0.00024813747115886274,15.0,,,12.67480182647705
gold_fair_sweep,3e0884da9f26,1,AnchorPlugin,FeasibleRestricted,703378243,500,1000,20000,10,0.1,,,3.0130587947131287,0.8713024718875838,0.16643921046281152,-0.16643921046281152,0.7824102624102625,0.5854974974974975,0.7951592438272956,0.8285927836573805,0.8179273872174516,0.8276335081056005,7.677676302533978,6.22834216198161,1.3271567682652958,-0.11861329042149384,0.6297791964145776,0.8203768144811623,1.8340730815036146,1.1227023812726071,0.3427212426642434,0.26645374495246893,0.2772888030057397,0.0018689960190653872,30.0,,,6.7191901206970215
gold_fair_sweep,3e0884da9f26,1,ProposedA,OracleTargetTreated,703378243,500,1000,20000,10,0.1,,,3.557115441108634,1.1481407035911921,0.11039902124079681,0.11039902124079681,0.6530798090798091,0.46843243243243243,0.669932214136066,0.6761780296173822,0.7170087809043294,0.6949793573325701,6.265413043271381,5.459868553625301,1.2703465218124068,-0.4207948670079258,0.44985287557771614,0.5444617635659741,1.7924092131003238,0.8954981302246977,0.5699254937121528,0.11275902328120689,0.43098352467700174,0.0014618343866776022,30.0,,,17.456538677215576
gold_fair_sweep,3e0884da9f26,1,ProposedA_Together,OracleTargetTreated,703378243,500,1000,20000,10,0.1,,,3.5323847293216226,1.3057056368309128,0.26796395448051746,0.26796395448051746,0.6616030576030576,0.4754514514514515,0.6780033709707756,0.7271748051619646,0.7131482352459981,0.7291984094764997,6.737945199991422,5.430471323910523,1.3186983170003668,-0.6840901434364223,0.46738164954591666,0.6431602418225932,1.632416905858478,0.8263430320356958,0.6390805919011547,0.1068795773382514,0.43686297061995727,0.0,0.0,,,14.124184131622314
gold_fair_sweep,3e0884da9f26,1,ProposedA_JointProxy,OracleTargetTreated,703378243,500,1000,20000,10,0.1,,,3.5898809303798087,1.1246924544524628,0.08695077210206748,0.08695077210206748,0.6452650532650533,0.4610650650650651,0.6610867045471909,0.679255544722318,0.6831886827476326,0.6851738006099799,6.293929058928145,5.202335737676554,1.2572791897302793,-0.376310735479356,0.4370004346245886,0.508737983687553,1.7409676776294143,0.8659349051716222,0.5994887187652284,0.061252460091457704,0.48249008786675096,0.0014712523267649115,30.0,,,15.041857481002808
gold_fair_sweep,3e0884da9f26,1,ProposedA_FullyJoint,OracleTargetTreated,703378243,500,1000,20000,10,0.1,,,3.5748885408431392,1.2997354107943935,0.26199372844399815,0.26199372844399815,0.6474982554982555,0.4638358358358358,0.6649836229804209,0.72433272190775,0.6992534372005204,0.704718995814724,6.711610677556413,5.3246654078214695,1.2947319458026563,-0.6450672750960443,0.4496045671916633,0.5567444537405963,1.9111756826143944,0.8411684844766715,0.6242551394601791,0.08571839412044058,0.45802415383776807,0.0,0.0,,,13.15731930732727
gold_fair_sweep,3e0884da9f26,1,ProposedA_Direct,OracleTargetTreated,703378243,500,1000,20000,10,0.1,,,3.5620761373259495,1.1362215279485195,0.09847984559812417,0.09847984559812417,0.6527765687765689,0.46766366366366374,0.6695471515319791,0.6837063838240764,0.7105639301448949,0.7197769606863087,6.335170187950689,5.410792393149466,1.2855996535121572,-0.42298432029327626,0.44998037726414986,0.5216508305988619,1.7873203291142774,0.8777544312210032,0.5876691927158474,0.10294379118603994,0.44079875677216873,,,,,10.576541900634766
gold_fair_sweep,3e0884da9f26,1,ProposedA_Together_Direct,OracleTargetTreated,703378243,500,1000,20000,10,0.1,,,3.561947355652957,1.341785199179231,0.30404351682883557,0.30404351682883557,0.654952758952759,0.4704024024024024,0.6721919672640415,0.7146081915034201,0.7025018680219671,0.7023411811218337,6.6215039350030445,5.349401513937597,1.3253207682335935,-0.7405541086302889,0.45921835846698544,0.5907289841800896,1.7658630597286127,0.8427480018528247,0.6226756220840258,0.09066561534366621,0.4530769326145424,0.0,0.0,,,9.662344455718994
gold_fair_sweep,3e0884da9f26,1,ProposedA_FullyDirect,OracleTargetTreated,703378243,500,1000,20000,10,0.1,,,3.561947355652957,1.3417851991792311,0.3040435168288358,0.3040435168288358,0.654952758952759,0.4704024024024024,0.6721919672640415,0.7146081915034201,0.7025018680219671,0.7023411811218337,6.6215039350030445,5.349401513937597,1.3253207682335935,-0.7405541086302889,0.45921835846698544,0.5907289841800896,1.7658630597286127,0.8427480018528247,0.6226756220840258,0.09066561534366621,0.4530769326145424,0.0,0.0,,,9.349214553833008
gold_fair_sweep,3e0884da9f26,1,ProposedA_NoCrossfit,OracleTargetTreated,703378243,500,1000,20000,10,0.1,,,3.560703846540736,1.154668953380114,0.11692727102971867,0.11692727102971867,0.6512674952674953,0.4661861861861862,0.6678347589794672,0.6729437546526807,0.7114793862190719,0.7051878937941851,6.235444502943572,5.417763395408769,1.257556125374203,-0.4143193327521887,0.447149559217379,0.4976303693891002,1.583436977576624,0.8866158090162142,0.5788078149206364,0.10433799163790053,0.4394045563203081,,,,,9.076111316680908
gold_fair_sweep,3e0884da9f26,1,ProposedA_Direct_NoCrossfit,OracleTargetTreated,703378243,500,1000,20000,10,0.1,,,3.5616773585660315,1.1341091356479738,0.09636745329757845,0.09636745329757845,0.6527042687042688,0.4676316316316317,0.6697858795060375,0.6820938943247534,0.6988891270973965,0.70489195094528,6.320228985636096,5.321891264284057,1.2864515159006453,-0.4212347344007111,0.45020421020879264,0.46056083786589547,1.8538372521574287,0.872618299361995,0.5928053245748556,0.08516356541295815,0.4585789825452505,,,,,7.688611268997192
gold_fair_sweep,3e0884da9f26,1,ProposedA_Together_NoCrossfit,OracleTargetTreated,703378243,500,1000,20000,10,0.1,,,3.569488421378971,1.3083299221827867,0.27058823983239133,0.27058823983239133,0.6506869346869347,0.4667107107107107,0.6677176290246853,0.7274697719734821,0.715945717384589,0.7024476055804721,6.740678339530516,5.4517735522298985,1.309174696673014,-0.6750907466714824,0.45354918194334604,0.5941673808073366,1.976486471132826,0.8451096624068529,0.6203139615299976,0.11114002300212639,0.43260252495608226,,,,,9.39736795425415
gold_fair_sweep,3e0884da9f26,1,ProposedA_Together_Direct_NoCrossfit,OracleTargetTreated,703378243,500,1000,20000,10,0.1,,,3.5662607808013567,1.3020668786872311,0.2643251963368358,0.2643251963368358,0.6584464904464905,0.47332932932932936,0.6747274339780428,0.7343633756377458,0.7026280106042968,0.719545495821735,6.804553935041452,5.350362062729853,1.3785211072686978,-0.7571849929954234,0.46413679040671696,0.6823522582373722,1.8602810762923667,0.8593303155236829,0.6060933084131677,0.0908577251021174,0.4528848228560912,,,,,9.565510749816895
gold_fair_sweep,3e0884da9f26,1,ProposedB_LinearStepB,OracleTargetTreated,703378243,500,1000,20000,10,0.1,,,3.551324976829307,1.1354466186832464,0.09770493633285104,0.09770493633285104,0.6574645534645536,0.472924924924925,0.6733657081315403,0.6899238736696005,0.7074151867634223,0.7057677665164773,6.392780965391353,5.386815385573275,1.2856937441389205,-0.4220949320943452,0.45361606792053166,0.6160969743217735,1.658142775053629,0.900470386931656,0.5649532370051945,0.09814838967080178,0.4455941582874069,0.0005694282154443334,30.0,8.688510264872647,10.0,28.71519708633423
gold_fair_sweep,3e0884da9f26,1,ProposedB_SourceDR,FeasibleRestricted,703378243,500,1000,20000,10,0.1,,,4.322012112910876,0.032541694413853385,1.0051999879365419,-1.0051999879365419,0.44565802965802975,0.30405205205205205,0.46309457224675965,0.5362053719358988,0.5445034841583961,0.5156962843058405,4.968437281377472,4.146277604503307,1.360250991095802,0.9934768102720146,0.21780616262977837,1.0294650168308361,2.0478521869542874,0.3967269967043125,1.068696627232538,-0.1499591665431918,0.6937017145014004,0.0017581358690482837,30.0,8.68851026487267,10.0,22.03048610687256
gold_fair_sweep,3e0884da9f26,1,IPWTransport,FeasibleRestricted,703378243,500,1000,20000,10,0.1,,,2.989443657195233,0.35159206162277296,0.6861496207276223,-0.6861496207276223,0.7787911307911308,0.5831591591591592,0.7919188951396146,0.7950961298572536,0.828253320866964,0.8357216222006927,7.36729891309999,6.306971938800642,1.0241233257042384,0.6776680509100715,0.6182484616848157,0.6861496207276223,1.0771532292052006,1.0868206101502973,0.37860301378655326,0.2821797003162752,0.26156284764193344,,,,,0.15215325355529785
gold_fair_sweep,3e0884da9f26,1,EntropyBalancing,FeasibleRestricted,703378243,500,1000,20000,10,0.1,,,2.9702455279803304,0.3515174835082064,0.6862241988421889,-0.6862241988421889,0.7821450861450863,0.5864584584584585,0.795159362608638,0.8006247523368177,0.8325032303194217,0.8354628563970498,7.418526699093547,6.3393340905527635,1.0279723758205783,0.6763914196859931,0.6235356323344241,0.6862241988421887,1.0835855997132402,1.0906518783920038,0.3747717455448467,0.2886521306666995,0.25509041729150916,,,,,0.7964127063751221
gold_fair_sweep,3e0884da9f26,1,OutcomeModelTransport,FeasibleRestricted,703378243,500,1000,20000,10,0.1,,,3.0351873470821698,0.3824264353654031,0.6553152469849922,-0.6553152469849922,0.7698060738060738,0.5737177177177177,0.7835499708800207,0.793342260026862,0.8217792272316465,0.8394849218880083,7.351047691631358,6.257673100077756,0.9875239691029958,0.6600864110084421,0.6036967938337396,0.6553152469849923,1.082091551559158,1.088512729765658,0.3769108941711925,0.2723199325716981,0.2714226153865105,,,,,0.05130958557128906
gold_fair_sweep,3e0884da9f26,1,DRLearner_PooledWithSite,OracleTargetTreated,703378243,500,1000,20000,10,0.1,,,2.810325447118596,0.47474279728120855,0.5629988850691867,-0.5629988850691867,0.8047949407949408,0.6097817817817818,0.8171908278200231,0.8578977811832676,0.835210139794924,0.8585972579366806,7.949214130871323,6.3599466274092356,1.0252590373039294,0.5510073390428893,0.6582481396718296,0.5629988850691867,1.1102046577095512,1.1261350327015247,0.33928859123532584,0.29277463803799403,0.2509679099202146,,,,,0.21744418144226074
gold_fair_sweep,3e0884da9f26,1,DRLearner_PooledNoSite,OracleTargetTreated,703378243,500,1000,20000,10,0.1,,,2.784897381825566,0.47599775753169477,0.5617439248187006,-0.5617439248187006,0.8088398088398089,0.6140780780780781,0.8210062615133021,0.858329545058972,0.835393264968778,0.860361036133441,7.953214821369921,6.361341086451762,1.030124912082733,0.54740453422148,0.6647747450502773,0.5617439248187005,1.135428238746139,1.1394560128106062,0.3259676111262444,0.29305352984649913,0.2506890181117095,,,,,0.05667567253112793
gold_fair_sweep,e6f34a79dfd5,1,TargetOnlyDR,OracleTargetTreated,45759384,1000,100,20000,10,0.1,,,4.316055020588594,1.1813621740611675,0.4060885889360635,0.4060885889360635,0.5818458866852458,0.41863677742018346,0.602712907408272,0.5404632767762194,0.67363585501391,0.7230185699275045,4.5302605320230835,4.639952191998443,0.49979436292284174,0.1848354299590594,0.1977273766074471,1.3171064307760678,3.0219925075413814,0.7396645820464339,0.7758351562365114,0.3099154649022828,0.44959424847913904,0.0,0.0,,,16.745097160339355
gold_fair_sweep,e6f34a79dfd5,1,ProxyOnly,FeasibleRestricted,45759384,1000,100,20000,10,0.1,,,3.102229981559476,0.9194945935030037,0.14422100837789964,0.14422100837789964,0.7173304773304774,0.5252932932932933,0.7318480139553257,0.789543950580306,0.7642792491341355,0.7579110790044405,6.618099603264157,5.2642969505321675,1.399609731532786,-0.5116599960334846,0.5222966188139082,0.8518279129453189,2.093362033822454,0.9882962052405159,0.5272035330424295,0.4347844166090275,0.3247252967723943,0.0,0.0,,,6.211970806121826
gold_fair_sweep,e6f34a79dfd5,1,AnchorOnly,OracleTargetTreated,45759384,1000,100,20000,10,0.1,,,3.546063568522495,0.9633093959223042,0.18803581079720022,0.18803581079720022,0.6442454362454363,0.4656256256256256,0.6658370717113358,0.6906817283142704,0.7261872782182949,0.7552354212228483,5.789418649561992,5.001922371398689,0.7577211111270308,0.04535371928774646,0.35715597430618773,0.5241878730251218,1.5007897773869983,0.9056060001305393,0.6098937381524061,0.3823095007823319,0.3772002125990899,0.000368907995154696,15.0,,,16.20863938331604
gold_fair_sweep,e6f34a79dfd5,1,AnchorPlugin,FeasibleRestricted,45759384,1000,100,20000,10,0.1,,,2.3744269311773567,0.7535114862802318,0.021762098844872235,-0.021762098844872235,0.8217235737235737,0.6272552552552553,0.8337836284560713,0.8517022822880478,0.8510622017252584,0.8704531837881633,7.139121935348666,5.862051283390478,1.045520302746931,-0.012537972133894654,0.6958901200156264,0.16536567116299744,0.40624321528246776,1.236810970048994,0.2786887682339514,0.5543352831806899,0.2051744302007319,0.001806764752938159,30.0,,,4.705601692199707
gold_fair_sweep,e6f34a79dfd5,1,ProposedA,OracleTargetTreated,45759384,1000,100,20000,10,0.1,,,2.9014286740306248,0.8689219729351993,0.09364838781009532,0.09364838781009532,0.7319831999831999,0.5382382382382382,0.7468091957075016,0.799663805097295,0.7781731734096675,0.7689515537856152,6.702926046573298,5.359997237145302,1.2023748850540625,-0.2694963722038061,0.5602541607276026,0.5914579044507591,0.9939871801556737,1.0340156263205484,0.48148411196239693,0.4539244739316547,0.3055852394497671,0.008692539313147212,30.0,,,14.724226951599121
gold_fair_sweep,e6f34a79dfd5,1,ProposedA_Together,OracleTargetTreated,45759384,1000,100,20000,10,0.1,,,3.494891203214273,0.783495240164552,0.00822165503944794,0.00822165503944794,0.6462209493008927,0.4664209508899581,0.6650280407828926,0.7496938802639007,0.7588490388383419,0.7550637253604939,6.28406913623669,5.226894077782083,0.8365168951359183,0.11986657946888266,0.35168201297988233,0.7374253630325234,1.2959565082642004,0.8484611268690342,0.6670386114139112,0.4273038420590109,0.3322058713224109,0.0,0.0,,,14.67362380027771
gold_fair_sweep,e6f34a79dfd5,1,ProposedA_JointProxy,OracleTargetTreated,45759384,1000,100,20000,10,0.1,,,2.932388686168641,0.8282750875382078,0.05300150241310375,0.05300150241310375,0.7184885264885266,0.5267267267267267,0.7328857752243165,0.8050446927583558,0.7815547271483164,0.7604982622942233,6.748029616132285,5.383289120386405,1.1128153627285267,-0.14644365685273025,0.5398222453336159,0.4070192267619306,0.8436609886328794,1.0162770274492174,0.49922271083372793,0.4585828505798752,0.3009268628015466,0.004316691544295822,30.0,,,12.965900421142578
gold_fair_sweep,e6f34a79dfd5,1,ProposedA_FullyJoint,OracleTargetTreated,45759384,1000,100,20000,10,0.1,,,3.949931569339557,0.9581464265005708,0.18287284137546678,0.18287284137546678,0.6020237153576365,0.42867753805730285,0.6251747540729502,0.6716430651605978,0.6932988766809646,0.7289284145163815,5.629833145840012,4.775389579729947,0.6174828185254706,0.18363462912942397,0.25398416801763835,0.9119422638555296,1.478119116061301,0.8578213476715464,0.657678390611399,0.3370029424485835,0.42250677093283834,0.0,0.0,,,11.968202829360962
gold_fair_sweep,e6f34a79dfd5,1,ProposedA_Direct,OracleTargetTreated,45759384,1000,100,20000,10,0.1,,,2.843471844967246,0.7791907093675478,0.003917124242443726,0.003917124242443726,0.7454841854841855,0.5513473473473474,0.7583190734514116,0.8219911657602842,0.7827179721973012,0.7719947911548323,6.890078005165419,5.391301463219251,1.193824036454208,-0.15494301269967925,0.5771610694593321,0.5071188389858521,1.075678033924481,1.1020563634507368,0.4134433748322086,0.4601853191464442,0.2993243942349776,,,,,12.73081350326538
gold_fair_sweep,e6f34a79dfd5,1,ProposedA_Together_Direct,OracleTargetTreated,45759384,1000,100,20000,10,0.1,,,3.9976819394942593,1.0470978571886784,0.2718242720635744,0.2718242720635744,0.5664181197114092,0.3997029005365443,0.5904290447344277,0.5931504563412662,0.6960752348352,0.7066823185865114,4.971893960941462,4.7945129221227765,0.6169935430494269,0.1292209682987987,0.224756220538193,0.9578793113718335,1.9320230317596652,0.7639743061972284,0.751525432085717,0.3408276109271495,0.4186821024542723,0.0,0.0,,,9.734214782714844
gold_fair_sweep,e6f34a79dfd5,1,ProposedA_FullyDirect,OracleTargetTreated,45759384,1000,100,20000,10,0.1,,,3.9976819394942593,1.0470978571886784,0.2718242720635744,0.2718242720635744,0.5664181197114092,0.3997029005365443,0.5904290447344277,0.5931504563412662,0.6960752348352,0.7066823185865114,4.971893960941462,4.7945129221227765,0.6169935430494269,0.1292209682987987,0.224756220538193,0.9578793113718332,1.9320230317596652,0.7639743061972284,0.751525432085717,0.3408276109271495,0.4186821024542723,0.0,0.0,,,8.870198726654053
gold_fair_sweep,e6f34a79dfd5,1,ProposedA_NoCrossfit,OracleTargetTreated,45759384,1000,100,20000,10,0.1,,,2.8560429500776454,0.8448281180749796,0.06955453294987557,0.06955453294987557,0.7427353907353909,0.5499019019019019,0.7562261441529375,0.8404504492282123,0.8002371544379845,0.7937295683529891,7.044807044005936,5.511972249126274,1.2299351310789441,-0.26381019701862374,0.5785470688765668,0.528566250089736,1.3776864694271733,1.0479531910157085,0.4675465472672369,0.48431947632784916,0.27519023705357265,,,,,8.977452278137207
gold_fair_sweep,e6f34a79dfd5,1,ProposedA_Direct_NoCrossfit,OracleTargetTreated,45759384,1000,100,20000,10,0.1,,,2.8284736409030926,0.784467046628213,0.009193461503108957,0.009193461503108957,0.7467906147906148,0.552032032032032,0.7602496602129716,0.8362603696169048,0.7985427332600605,0.7756752324253438,7.009685042003567,5.500301205787118,1.205678864009239,-0.17054175250628317,0.5835421399816724,0.5116351186271967,1.224973476360038,1.0993306770222844,0.416169061260661,0.4819852676600179,0.2775244457214039,,,,,8.873971939086914
gold_fair_sweep,e6f34a79dfd5,1,ProposedA_Together_NoCrossfit,OracleTargetTreated,45759384,1000,100,20000,10,0.1,,,3.4599803524995285,0.7942468404115958,0.01897325528649174,0.01897325528649174,0.6491834825540883,0.46801916740659194,0.6677057842746953,0.7622898299105454,0.7400978204976261,0.7732506809091348,6.389650654906962,5.097737121549625,0.8674761897630288,0.08628336227352809,0.3598179122813966,0.8094902350529164,1.2487501888927213,0.898626412502592,0.6168733257803534,0.40147245081251914,0.35803726256890267,,,,,9.63393235206604
gold_fair_sweep,e6f34a79dfd5,1,ProposedA_Together_Direct_NoCrossfit,OracleTargetTreated,45759384,1000,100,20000,10,0.1,,,3.9947852019248633,1.0587737242591033,0.2835001391339993,0.2835001391339993,0.5676852027157591,0.40027387635747214,0.591560627565504,0.6104207053172098,0.6664825441569447,0.6966123471675553,5.116656298506026,4.590680734513246,0.6221541441763181,0.11655312483230833,0.2214209556548068,0.9130207199834739,1.6113559852414232,0.7417403510137655,0.7737593872691799,0.3000611734052433,0.4594485399761785,,,,,7.659205436706543
gold_fair_sweep,e6f34a79dfd5,1,ProposedB_LinearStepB,OracleTargetTreated,45759384,1000,100,20000,10,0.1,,,3.0159176514738886,0.6952499608226312,0.08002362430247278,-0.08002362430247278,0.722809562809563,0.5286246246246247,0.7371604694410235,0.7450797422143186,0.7381955921620084,0.78221083022103,6.245392600024994,5.084634718419156,1.1749831507006716,-0.04163340436679017,0.5190618325282121,0.5665312166381844,1.3982883916273576,1.1044087471463635,0.4110909911365819,0.3988519701864254,0.36065774319499644,0.0017188931999138,30.0,9.577332546311558,10.0,26.457236766815186
gold_fair_sweep,e6f34a79dfd5,1,ProposedB_SourceDR,FeasibleRestricted,45759384,1000,100,20000,10,0.1,,,3.2324258653572646,0.000858450238573333,0.7744151348865307,-0.7744151348865307,0.6875329216581192,0.495464455385288,0.695351839276014,0.7465808554625135,0.6862388612919327,0.7135563261907165,6.2579752016458805,4.726760734284651,1.1962278455198136,0.7742466830457296,0.47929829402396407,0.8493402144793666,1.8599823304570435,0.9393731364581752,0.5761266018247702,0.32727717335952444,0.43223254002189737,0.001935572565123608,30.0,9.5773325463116,10.0,22.52797269821167
gold_fair_sweep,e6f34a79dfd5,1,IPWTransport,FeasibleRestricted,45759384,1000,100,20000,10,0.1,,,2.1071323028117943,-0.011867322313170711,0.7871409074382747,-0.7871409074382747,0.88605139005139,0.7072752752752753,0.894438751854264,0.9172584152547516,0.9027794970872508,0.9182750764262237,7.688625249584176,6.21827605407783,0.9012552651380326,0.7859690718429391,0.8026497211816451,0.7871409074382746,1.393115348588105,1.3003814326308742,0.21511830565207113,0.6255802373181599,0.1339294760632619,,,,,0.14632606506347656
gold_fair_sweep,e6f34a79dfd5,1,EntropyBalancing,FeasibleRestricted,45759384,1000,100,20000,10,0.1,,,2.079217611231041,-0.0029992912105434185,0.7782728763356475,-0.7782728763356475,0.888961896961897,0.7111671671671672,0.8972028040624465,0.9176202444237317,0.9027794970872508,0.9176825715120733,7.691658166849789,6.21827605407783,0.9058790453238257,0.7779905801835592,0.8073089164865059,0.7782728763356477,1.3454616968370336,1.298385071505466,0.21711466677747948,0.6255802373181599,0.1339294760632619,,,,,0.7062375545501709
gold_fair_sweep,e6f34a79dfd5,1,OutcomeModelTransport,FeasibleRestricted,45759384,1000,100,20000,10,0.1,,,1.7408884763371453,0.03324101835542143,0.7420325667696825,-0.7420325667696825,0.9243059403059404,0.763007007007007,0.9306438604818004,0.944587463954084,0.947224927103281,0.9361304336275775,7.917702258180978,6.5244127730369685,0.9585413565023162,0.7434106942991803,0.86725468619827,0.7420325667696824,0.9967537893993974,1.3631489926731957,0.1523507456097497,0.686807581109988,0.07270213227143385,,,,,0.021210193634033203
gold_fair_sweep,e6f34a79dfd5,1,DRLearner_PooledWithSite,OracleTargetTreated,45759384,1000,100,20000,10,0.1,,,1.5915265452349021,0.2019297648718885,0.5733438202532155,-0.5733438202532155,0.9324510684510685,0.7763763763763764,0.9381867863617284,0.9512033400719293,0.9504241487489505,0.949734115766147,7.973157723425916,6.546448766781997,0.9679861075392374,0.579808378030451,0.8815415662232038,0.5733438202532157,0.7797732530978019,1.3797192853546203,0.13578045292832508,0.6912147798589936,0.06829493352242821,,,,,0.09211516380310059
gold_fair_sweep,e6f34a79dfd5,1,DRLearner_PooledNoSite,OracleTargetTreated,45759384,1000,100,20000,10,0.1,,,1.607571603173843,0.2402587137702514,0.5350148713548526,-0.5350148713548526,0.9296685656685657,0.771951951951952,0.9355847677676931,0.9449587259373506,0.9504776947405913,0.9408636465419321,7.920814242994943,6.546817587472637,0.966895551899287,0.542968503475604,0.8765222062290803,0.5350148713548526,0.767192696092076,1.383325321776047,0.13217441650689832,0.6912885439971213,0.06822116938430056,,,,,0.04667544364929199
gold_fair_sweep,16e09ff06624,0,TargetOnlyDR,OracleTargetTreated,1956445060,1000,500,20000,10,0.1,,,2.8522317560742656,1.4655811504348475,0.07947102955824548,0.07947102955824548,0.7555208995208995,0.5584944944944945,0.7672150167545969,0.796357055510909,0.7831010092680174,0.8062110189093987,7.030192311324587,5.832913794838058,1.211599528213814,-0.389587309549317,0.5768389882711846,0.5799245541470303,1.5440425475669515,1.4300533686783088,0.31497563297190645,0.4056483733583592,0.3231136469379859,0.0,0.0,,,16.360015153884888
gold_fair_sweep,16e09ff06624,0,ProxyOnly,FeasibleRestricted,1956445060,1000,500,20000,10,0.1,,,3.364153691900279,0.6066742858994094,0.7794358349771926,-0.7794358349771926,0.6490458130458131,0.4642322322322322,0.6628514726320618,0.7389063018379747,0.7195347432664272,0.7205302118485516,6.5230205044619645,5.359441604841018,0.8945520238405584,0.8434084106132597,0.4252042695573516,0.7827767743662035,2.1128038548611063,1.1897396940146552,0.5552893076355601,0.31095393535895116,0.4178080849373939,0.0,0.0,,,4.705875396728516
gold_fair_sweep,16e09ff06624,0,AnchorOnly,OracleTargetTreated,1956445060,1000,500,20000,10,0.1,,,2.904313764324451,1.4940844521634018,0.10797433128679979,0.10797433128679979,0.7470724470724471,0.5516356356356357,0.7580574170144421,0.7890181848597972,0.8052123035863756,0.8012563179769,6.96540520148709,5.997609373217954,1.2337228754790908,-0.4571760456550316,0.5635024044868584,0.623032307012916,1.6475225161331424,1.388212851870474,0.3568161497797413,0.4385874890343383,0.29017453126200676,0.0004655214862108418,14.0,,,12.950283288955688
gold_fair_sweep,16e09ff06624,0,AnchorPlugin,FeasibleRestricted,1956445060,1000,500,20000,10,0.1,,,2.5497902088430577,0.48319485730917267,0.9029152635674293,-0.9029152635674293,0.8152782712782713,0.6242762762762764,0.8290193678173451,0.8510945776613444,0.8449336034283782,0.8725851111809606,7.513411873077661,6.2934727612806025,0.9632422207486444,0.9206764334677909,0.6927004871474384,0.9029152635674293,1.276509958631335,1.414554702465743,0.33047429918447224,0.49776016664686806,0.231001853649477,0.002119122748783228,30.0,,,4.624707221984863
gold_fair_sweep,16e09ff06624,0,ProposedA,OracleTargetTreated,1956445060,1000,500,20000,10,0.1,,,2.8465440194149716,1.4297921678809875,0.043682047004385494,0.043682047004385494,0.7662533862533863,0.5682922922922923,0.7744556060823088,0.7955695528074582,0.8118533867390518,0.8134847372591544,7.023240284702062,6.047075361737264,1.285639375544081,-0.4520869889957284,0.5898814926322975,0.6711678899242566,1.4558061521074022,1.414137899892105,0.3308911017581102,0.44848068673820024,0.28028133355814483,0.005415161904430531,30.0,,,14.927440881729126
gold_fair_sweep,16e09ff06624,0,ProposedA_Together,OracleTargetTreated,1956445060,1000,500,20000,10,0.1,,,2.891428232518924,1.4896897538569085,0.10357963298030648,0.10357963298030648,0.7531338931338932,0.5555515515515516,0.7628363096854754,0.809639638616249,0.780457006720387,0.7880438308547173,7.1474501581352525,5.813219989376007,1.2778110173184027,-0.5174318589880947,0.5744294868717896,0.6866019470325635,1.3588585507237534,1.4170787147312247,0.32795028691899053,0.40170961226594887,0.3270524080303962,0.0,0.0,,,14.336230039596558
gold_fair_sweep,16e09ff06624,0,ProposedA_JointProxy,OracleTargetTreated,1956445060,1000,500,20000,10,0.1,,,2.8403157304759183,1.4184071127917213,0.032296991915119255,0.032296991915119255,0.767901563901564,0.5697617617617617,0.7762060776786394,0.8163103227573115,0.8162358348305946,0.8130790071510319,7.206338557547607,6.079717947592459,1.2947588161116417,-0.4503849932459394,0.5933906249357656,0.6695557447724648,1.4927195645055793,1.4187803449601863,0.3262486566900289,0.4550092039092393,0.27375281638710575,0.006007270997675103,29.0,,,15.08228325843811
gold_fair_sweep,16e09ff06624,0,ProposedA_FullyJoint,OracleTargetTreated,1956445060,1000,500,20000,10,0.1,,,2.9017812814255843,1.482721218103111,0.09661109722650907,0.09661109722650907,0.7524743244743245,0.5548988988988989,0.7621039647181116,0.8197826483689953,0.7853959946564592,0.8012137012228476,7.236992039737218,5.850007952261896,1.2906760210521346,-0.5276026012342965,0.5730133472245449,0.6914167583116415,1.5187622056451264,1.4283473302652123,0.3166816713850029,0.40906720484312664,0.31969481545321843,0.0,0.0,,,13.853774309158325
gold_fair_sweep,16e09ff06624,0,ProposedA_Direct,OracleTargetTreated,1956445060,1000,500,20000,10,0.1,,,2.860654895142231,1.4316181841678937,0.045508063291291645,0.045508063291291645,0.765864141864142,0.5692092092092093,0.7738168094319535,0.7945147490854239,0.8061468014194462,0.8200347314417693,7.013928540723295,6.0045699635342125,1.3115761496510645,-0.49156614488477224,0.5896839333292936,0.7494312833655818,1.5450246154300897,1.428369831371047,0.31665917027916834,0.4399796070975901,0.288782413198755,,,,,11.905489444732666
gold_fair_sweep,16e09ff06624,0,ProposedA_Together_Direct,OracleTargetTreated,1956445060,1000,500,20000,10,0.1,,,2.9343123377588425,1.5156765263825354,0.12956640550593335,0.12956640550593335,0.7480562920562922,0.5503343343343343,0.7584575038018414,0.7728185057674511,0.7953397459419576,0.7835790003817575,6.822395406304359,5.924073805018026,1.3171758993869662,-0.6103024709410272,0.5669333280948166,0.7010280480727356,1.3806464130854328,1.4062433727568069,0.33878562889340835,0.42388037539435297,0.3048816449019921,0.0,0.0,,,10.61791706085205
gold_fair_sweep,16e09ff06624,0,ProposedA_FullyDirect,OracleTargetTreated,1956445060,1000,500,20000,10,0.1,,,2.9343123377588425,1.5156765263825354,0.12956640550593335,0.12956640550593335,0.7480562920562922,0.5503343343343343,0.7584575038018414,0.7728185057674511,0.7953397459419576,0.7835790003817575,6.822395406304359,5.924073805018026,1.3171758993869662,-0.6103024709410272,0.5669333280948166,0.7010280480727356,1.3806464130854328,1.4062433727568069,0.33878562889340835,0.42388037539435297,0.3048816449019921,0.0,0.0,,,8.786242246627808
gold_fair_sweep,16e09ff06624,0,ProposedA_NoCrossfit,OracleTargetTreated,1956445060,1000,500,20000,10,0.1,,,2.839083126330059,1.4300288683532336,0.0439187474766316,0.0439187474766316,0.7671453591453592,0.5693133133133134,0.7757603430882329,0.7985506615353335,0.8074919213464201,0.807859305416069,7.049557333710294,6.014589065137838,1.2889414292812322,-0.4571133326120381,0.592856815071928,0.6764318945689823,1.5931257978819144,1.4023819061554492,0.342647095494766,0.4419834274183153,0.28677859287802976,,,,,9.983768224716187
gold_fair_sweep,16e09ff06624,0,ProposedA_Direct_NoCrossfit,OracleTargetTreated,1956445060,1000,500,20000,10,0.1,,,2.8628164539753596,1.4262702823433409,0.04016016146673884,0.04016016146673884,0.764960168960169,0.5675635635635636,0.7729424614597024,0.7937420146123352,0.8088011606392352,0.8189932621281031,7.007106887152438,6.0243409104827235,1.3077452424302551,-0.47908805527755866,0.5882881869455545,0.7482489224609589,1.3790088632007127,1.4260841111717915,0.3189448904784238,0.44393379648729225,0.2848282238090528,,,,,7.312659025192261
gold_fair_sweep,16e09ff06624,0,ProposedA_Together_NoCrossfit,OracleTargetTreated,1956445060,1000,500,20000,10,0.1,,,2.883327662444831,1.4954987848769228,0.10938866400032077,0.10938866400032077,0.7556822876822877,0.5581261261261262,0.7652094945664576,0.8173553441989783,0.7897744237071782,0.811575948493948,7.2155639441421435,5.88262060236374,1.2803244367101383,-0.5286135184716397,0.5775685115316196,0.6654148512207334,1.4366084128704166,1.4083966332045206,0.33663236844569466,0.4155897348634956,0.3131722854328495,,,,,8.393629550933838
gold_fair_sweep,16e09ff06624,0,ProposedA_Together_Direct_NoCrossfit,OracleTargetTreated,1956445060,1000,500,20000,10,0.1,,,2.9553661763331642,1.5299733875625672,0.14386326668596516,0.14386326668596516,0.7485172125172126,0.5494534534534534,0.7580731251414451,0.7970485731147913,0.7945531530992945,0.7917503115492386,7.036296987246419,5.918214882364896,1.350741261625903,-0.6804880628937165,0.5656909430478878,0.7312286142160331,1.6706706549016515,1.3724617409735098,0.3725672606767054,0.42270859086372686,0.3060534294326182,,,,,7.069158315658569
gold_fair_sweep,16e09ff06624,0,ProposedB_LinearStepB,OracleTargetTreated,1956445060,1000,500,20000,10,0.1,,,2.82028919304591,1.4492431609222394,0.06313304004563736,0.06313304004563736,0.7761926841926843,0.5797997997997998,0.7845425068226962,0.8239018168771419,0.8231697228563077,0.8259918110167326,7.273355812211669,6.131364887946742,1.3325220958885087,-0.5450384133675881,0.6067250478611985,0.8421869385394367,1.709739130244487,1.4405509422523324,0.30447805939788286,0.46533859198009625,0.2634234283162488,0.002768071994059846,30.0,8.33363975745183,10.0,23.40411376953125
gold_fair_sweep,16e09ff06624,0,ProposedB_SourceDR,FeasibleRestricted,1956445060,1000,500,20000,10,0.1,,,3.3055713874759483,0.3346921491140068,1.051417971762595,-1.051417971762595,0.6944992184992186,0.5035315315315315,0.7079901188042591,0.7569500558284107,0.7312184773247695,0.77239588282895,6.682309682216047,5.446467688012365,1.337646462876005,0.9384103514618825,0.4992937014183315,1.051417971762595,2.454972950290366,1.2516115011944657,0.4934175004557495,0.32835915199322074,0.4004028683031243,0.0021623661128349265,30.0,8.333639757451794,10.0,16.37887740135193
gold_fair_sweep,16e09ff06624,0,IPWTransport,FeasibleRestricted,1956445060,1000,500,20000,10,0.1,,,1.846674395654199,0.23991798456263005,1.146192136313972,-1.146192136313972,0.9381342141342142,0.7841321321321322,0.9427046103709001,0.953441290447952,0.9516398896571748,0.9649820725731506,8.416922513615834,7.088272616693464,1.0266455549037319,1.1397993884839162,0.8869264990441572,1.1461921363139718,1.5719765292987469,1.5857143310384132,0.15931467061180205,0.6567201377294404,0.07204188256690469,,,,,0.4781019687652588
gold_fair_sweep,16e09ff06624,0,EntropyBalancing,FeasibleRestricted,1956445060,1000,500,20000,10,0.1,,,1.845891463673751,0.2426889301475041,1.1434211907290979,-1.1434211907290979,0.9380284580284579,0.783915915915916,0.9425847463383538,0.9554199767113707,0.9499978003355238,0.964800857852125,8.43439023724476,7.076041543890267,1.0254149572922069,1.137253261934108,0.8866865029036537,1.1434211907290979,1.5895593726579222,1.5857143310384132,0.15931467061180205,0.654273923168801,0.07448809712754412,,,,,0.7540767192840576
gold_fair_sweep,16e09ff06624,0,OutcomeModelTransport,FeasibleRestricted,1956445060,1000,500,20000,10,0.1,,,1.7641354931094013,0.2614898463105358,1.1246202745660663,-1.1246202745660663,0.9459608979608981,0.7979859859859859,0.9497933371649955,0.9581848926815171,0.9541628959476962,0.9639481729594649,8.458798749557507,7.107065183708799,1.0274540247686437,1.1174413258487081,0.900475458095862,1.1246202745660658,1.487201580505423,1.6050484086871486,0.13998059296306664,0.6604786511325075,0.06828336916383759,,,,,0.026693105697631836
gold_fair_sweep,16e09ff06624,0,DRLearner_PooledWithSite,OracleTargetTreated,1956445060,1000,500,20000,10,0.1,,,1.5720014318140039,0.46139631060491054,0.9247138102716914,-0.9247138102716914,0.9534565494565495,0.8125445445445446,0.9567193166016029,0.9611069264629548,0.9615369159121345,0.9688241504064039,8.484594288482588,7.1619904388992985,1.032248464800997,0.9098344875898393,0.9132656895950976,0.9247138102716912,1.249331157001008,1.6320715859308388,0.11295741571937645,0.6714637021706072,0.057298318125737824,,,,,0.1429436206817627
gold_fair_sweep,16e09ff06624,0,DRLearner_PooledNoSite,OracleTargetTreated,1956445060,1000,500,20000,10,0.1,,,1.6304741244289367,0.37585241575140244,1.0102577051251995,-1.0102577051251995,0.9524731844731845,0.8107107107107108,0.9558707291658276,0.9611069264629548,0.9572161678453412,0.9690504572739697,8.484594288482588,7.1298074245696705,1.027639327178641,0.9998693972353637,0.9118556276336864,1.0102577051251995,1.396999205659391,1.6214281694200154,0.1236008322301998,0.6650270993046816,0.06373492099166345,,,,,0.09059572219848633
gold_fair_sweep,16e09ff06624,1,TargetOnlyDR,OracleTargetTreated,31292714,1000,500,20000,10,0.1,,,3.634342333907177,-1.4320797064623327,0.19378259161909117,-0.19378259161909117,0.7794188154188155,0.5858778778778779,0.7887396863780994,0.7780550206592964,0.7704380268122928,0.7741939210704434,6.150438701282752,4.644906301140772,1.5121488695881018,0.9272205944438351,0.5951623049565058,1.3220084640166196,3.458203233580122,1.79334105943843,0.41693314841023366,1.5705340061331605,0.27680197982275323,0.0,0.0,,,16.929654121398926
gold_fair_sweep,16e09ff06624,1,ProxyOnly,FeasibleRestricted,31292714,1000,500,20000,10,0.1,,,4.3926775374352545,-1.2423049103068837,0.004007795463642161,-0.004007795463642161,0.5762595962595962,0.408016016016016,0.5837899439612768,0.571719382881787,0.547869350436025,0.47274109191768876,4.519378354206911,3.3030584024666814,1.459100370518971,0.5743504400830691,0.3406073692041588,0.8115295498303383,2.1438253292518272,1.333676441237323,0.8765977666113407,1.3021644263983425,0.5451715595575712,0.0,0.0,,,4.256959438323975
gold_fair_sweep,16e09ff06624,1,AnchorOnly,OracleTargetTreated,31292714,1000,500,20000,10,0.1,,,3.551009446795871,-1.43598815067502,0.1976910358317785,-0.1976910358317785,0.7862656382656384,0.5884004004004004,0.7949429602286467,0.7499338228281368,0.7168407858593826,0.733901442925879,5.928143749287411,4.321773026870825,1.5251764301006712,0.9518381664701494,0.6222316285316212,1.3305386053520585,2.995551664845011,1.7587564248354814,0.45151778301318224,1.5059073512791714,0.34142863467674234,0.0007390347467732182,14.0,,,12.948010206222534
gold_fair_sweep,16e09ff06624,1,AnchorPlugin,FeasibleRestricted,31292714,1000,500,20000,10,0.1,,,3.1662345892357853,-1.0525308630777845,0.18576625176545702,0.18576625176545702,0.7964072564072565,0.5978898898898899,0.8045995070143339,0.7713329862623293,0.7656903102648255,0.7557901943292984,6.097301764422647,4.616282715933529,1.0286576550001114,-0.15560318541440402,0.6416300097321952,0.286224424145896,0.7220143048238619,1.7981501467490224,0.4121240610996413,1.5648092890917122,0.2825266968642015,0.0026625860178947696,29.0,,,4.590508460998535
gold_fair_sweep,16e09ff06624,1,ProposedA,OracleTargetTreated,31292714,1000,500,20000,10,0.1,,,3.624592302332148,-1.1872316024810556,0.05106551236218593,0.05106551236218593,0.7718317358317359,0.5753313313313313,0.7793243148281997,0.7123642967288798,0.7406317182802883,0.6864952527244209,5.631160809554019,4.465206564762385,1.5584759599813296,0.6119747965535932,0.6059956639097548,1.147709002125573,2.7888455942561468,1.6982025901215578,0.5120716177271059,1.5345940588574833,0.3127419270984304,0.004015979561083914,29.0,,,16.680866479873657
gold_fair_sweep,16e09ff06624,1,ProposedA_Together,OracleTargetTreated,31292714,1000,500,20000,10,0.1,,,3.5644927805720807,-1.3016466803202347,0.06334956547699311,-0.06334956547699311,0.7872362472362473,0.5893853853853854,0.7958329559218993,0.7784115017057416,0.7598292773444403,0.7330359994296042,6.153256644443728,4.580947039609594,1.5762884223624454,0.8134734773520552,0.6276401655130643,1.32976637175124,3.07285225294454,1.747363595792365,0.4629106120562987,1.557742153826925,0.2895938321289888,0.0,0.0,,,13.41717791557312
gold_fair_sweep,16e09ff06624,1,ProposedA_JointProxy,OracleTargetTreated,31292714,1000,500,20000,10,0.1,,,3.6344544947755586,-1.246083495818118,0.0077863809748763835,-0.0077863809748763835,0.7657146577146579,0.5690850850850852,0.7738279075573584,0.7689234464750432,0.7492360387085151,0.7011895483646043,6.078254619469521,4.517081291584302,1.5518135638614945,0.6953921556712612,0.6015827491072578,1.1818486882478978,2.936519564428816,1.692190597095201,0.5180836107534628,1.5449690042218667,0.3023669817340471,0.005342611372631579,29.0,,,13.65405559539795
gold_fair_sweep,16e09ff06624,1,ProposedA_FullyJoint,OracleTargetTreated,31292714,1000,500,20000,10,0.1,,,3.6399610511042186,-1.3986253289142707,0.16032821407102915,-0.16032821407102915,0.7733722973722974,0.5763083083083084,0.781231036199529,0.766474923613597,0.7654353736622443,0.7169573107785071,6.058899317635914,4.61474572452019,1.5892652043045121,0.9844894542591622,0.6086759187228543,1.3372264380507777,3.2242141402453637,1.7020365292907744,0.5082376785578893,1.5645018908090442,0.2828340951468695,0.0,0.0,,,13.874048948287964
gold_fair_sweep,16e09ff06624,1,ProposedA_Direct,OracleTargetTreated,31292714,1000,500,20000,10,0.1,,,3.6653526234372613,-1.2346734369063348,0.003623677936906766,0.003623677936906766,0.7562234402234402,0.5608288288288289,0.7636795847395875,0.7498254797452071,0.7725832341427961,0.7084992165788191,5.927287309225238,4.657839576368548,1.5286669051797548,0.649107306860016,0.5877015551742597,1.0256513201490083,2.8561341824512634,1.6593783736579648,0.5508958341906989,1.573120661178716,0.2742153247771977,,,,,12.159332990646362
gold_fair_sweep,16e09ff06624,1,ProposedA_Together_Direct,OracleTargetTreated,31292714,1000,500,20000,10,0.1,,,3.6270125974948186,-1.402151291973456,0.16385417713021444,-0.16385417713021444,0.7800280320280322,0.5835915915915916,0.7884727004979873,0.7898013927396016,0.7587705001630818,0.7379493657844433,6.243292470648777,4.5745637607084415,1.6280380636311147,1.044458559459089,0.6208021179247887,1.3045962685859371,3.4969447190600738,1.7166326123955715,0.49364159545309216,1.5564654980466948,0.290870487909219,0.0,0.0,,,10.727308988571167
gold_fair_sweep,16e09ff06624,1,ProposedA_FullyDirect,OracleTargetTreated,31292714,1000,500,20000,10,0.1,,,3.6270125974948186,-1.402151291973456,0.16385417713021444,-0.16385417713021444,0.7800280320280322,0.5835915915915916,0.7884727004979873,0.7898013927396016,0.7587705001630818,0.7379493657844433,6.243292470648777,4.5745637607084415,1.6280380636311151,1.0444585594590903,0.6208021179247887,1.3045962685859374,3.4969447190600738,1.7166326123955715,0.49364159545309216,1.5564654980466948,0.290870487909219,0.0,0.0,,,9.111510038375854
gold_fair_sweep,16e09ff06624,1,ProposedA_NoCrossfit,OracleTargetTreated,31292714,1000,500,20000,10,0.1,,,3.6250949623358513,-1.193185642438758,0.045111472404483655,0.045111472404483655,0.7673431073431073,0.5713073073073074,0.7755880130534105,0.7173384412914701,0.7523521341789541,0.6793906285834838,5.670480871003666,4.535867970047572,1.5371426800444952,0.5957994613656826,0.6014722463398352,1.1069211166374318,2.7219927442502927,1.6693385471498823,0.5409356606987814,1.5487263399145206,0.2986096460413932,,,,,9.483595609664917
gold_fair_sweep,16e09ff06624,1,ProposedA_Direct_NoCrossfit,OracleTargetTreated,31292714,1000,500,20000,10,0.1,,,3.668477479311118,-1.2412741216422982,0.0029770067990566584,-0.0029770067990566584,0.754978294978295,0.5596196196196197,0.7625030140861951,0.7633839991393008,0.7577087304222203,0.7101818460117145,6.034465902254384,4.568162439916822,1.5262571214768637,0.6562063530182547,0.5862913147412373,1.0734959179430863,2.9419872790338166,1.6551453002278553,0.5551289076208084,1.555185233888371,0.2921507520675428,,,,,8.178308010101318
gold_fair_sweep,16e09ff06624,1,ProposedA_Together_NoCrossfit,OracleTargetTreated,31292714,1000,500,20000,10,0.1,,,3.592066587941348,-1.2885918638245548,0.05029474898131325,-0.05029474898131325,0.7820729540729541,0.5848008008008008,0.7901229122564203,0.7780660405813983,0.7491134043428711,0.7337036835005547,6.150525812545556,4.516341939270563,1.5688062692092415,0.7832538795767408,0.6178254375867309,1.3347420251469364,3.0789830558370643,1.7059559881940716,0.5043182196545921,1.544821133759119,0.30251485219679486,,,,,8.471058130264282
gold_fair_sweep,16e09ff06624,1,ProposedA_Together_Direct_NoCrossfit,OracleTargetTreated,31292714,1000,500,20000,10,0.1,,,3.6719692326734705,-1.386432366550328,0.1481352517070864,-0.1481352517070864,0.768901020901021,0.5726126126126126,0.7775387235035468,0.782109122399559,0.7633504351378995,0.7393564791556152,6.182485926196383,4.602175804874232,1.6323604357170152,1.0248602271110228,0.6076451663898275,1.2730511917982286,3.353684256463865,1.7203062081639096,0.48996799968475413,1.561987906879853,0.28534807907606075,,,,,7.233737468719482
gold_fair_sweep,16e09ff06624,1,ProposedB_LinearStepB,OracleTargetTreated,31292714,1000,500,20000,10,0.1,,,3.5981451434581166,-1.2292544811433437,0.009042633699897884,0.009042633699897884,0.7784185904185905,0.5828908908908909,0.787231418080111,0.7514569666972578,0.7491079270329888,0.691440292895354,5.940184032752615,4.5163089170282795,1.5849002529705107,0.7099486232859775,0.6192932459607607,1.2358662148356627,2.964053589405295,1.6967933196842573,0.5134808881644064,1.5448145293106623,0.30252145664525143,0.002006522792566514,30.0,8.396985357441627,10.0,22.07373285293579
gold_fair_sweep,16e09ff06624,1,ProposedB_SourceDR,FeasibleRestricted,31292714,1000,500,20000,10,0.1,,,4.445816536339135,0.43657804249449556,1.6748751573377372,1.6748751573377372,0.6474203634203635,0.46096896896896894,0.6581264709034679,0.6186175860841994,0.609970916148558,0.5718541714522988,4.890103452481222,3.677463538052143,1.414365111579469,-1.8557778666291158,0.4274704598670621,1.7625457375138753,3.2611162713264057,1.2951821580011216,0.9150920498475421,1.3770454535154348,0.4702905324404789,0.0026977663158808595,29.0,8.39698535744161,10.0,18.224889039993286
gold_fair_sweep,16e09ff06624,1,IPWTransport,FeasibleRestricted,31292714,1000,500,20000,10,0.1,,,2.199786038231107,-0.01709703667662553,1.2212000781666161,1.2212000781666161,0.9388207708207709,0.7833793793793795,0.9426049282934815,0.9325755698966587,0.9280344403187409,0.9243419543983324,7.371906516460695,5.5950418716318095,1.0857502657497775,-1.2197340027280619,0.8852687437519242,1.2212000781666161,1.8814250489603932,2.0383713944763544,0.17190281337230928,1.7605611202313685,0.08677486572454529,,,,,0.11806631088256836
gold_fair_sweep,16e09ff06624,1,EntropyBalancing,FeasibleRestricted,31292714,1000,500,20000,10,0.1,,,2.2040163811714404,-0.021635524188713798,1.2166615906545277,1.2166615906545277,0.9383990663990663,0.7826146146146147,0.9421932921801227,0.9325755698966587,0.9284279899607941,0.9203040016884091,7.371906516460695,5.597414549444388,1.087706277620916,-1.2147640193635585,0.8844306992228869,1.2166615906545277,1.9092050788069042,2.037426427707157,0.17284778014150648,1.7610356557938844,0.08630033016202932,,,,,0.5763001441955566
gold_fair_sweep,16e09ff06624,1,OutcomeModelTransport,FeasibleRestricted,31292714,1000,500,20000,10,0.1,,,2.0980095891935897,-0.07147206050648328,1.1668250543367582,1.1668250543367582,0.9484306804306805,0.8016696696696697,0.951593288989522,0.9360890646360102,0.9353578067347297,0.9348844571077465,7.399680302951205,5.639193834057564,1.1263365199630413,-1.1577955229377819,0.9021449234717616,1.1668250543367578,2.1705049642667005,2.0601154177941354,0.15015879005452826,1.7693915127165192,0.07794447323939457,,,,,0.048383235931396484
gold_fair_sweep,16e09ff06624,1,DRLearner_PooledWithSite,OracleTargetTreated,31292714,1000,500,20000,10,0.1,,,1.880460922619932,-0.308839793614811,0.9294573212284305,0.9294573212284305,0.9549697389697389,0.8152112112112113,0.95788703961105,0.9415905799472601,0.9458986803060062,0.9404746756559951,7.443169171716989,5.702743877496268,1.1197516753288057,-0.8924732385348552,0.9144698735669443,0.9294573212284304,1.859249144709116,2.1067738733076102,0.10350033454105345,1.78210152140426,0.06523446455165383,,,,,0.17319989204406738
gold_fair_sweep,16e09ff06624,1,DRLearner_PooledNoSite,OracleTargetTreated,31292714,1000,500,20000,10,0.1,,,1.898841318567555,-0.30302210280452596,0.9352750120387157,0.9352750120387157,0.9541494781494781,0.8133773773773774,0.9570940147589841,0.9382184858043117,0.9455010915987737,0.9377880671694209,7.416513141268673,5.700346848498196,1.1229604482015045,-0.8980152784629094,0.9128499780116142,0.9352750120387158,1.8866815955150535,2.094172495051771,0.11610171279689263,1.7816221156046455,0.0657138703512683,,,,,0.08475017547607422
gold_fair_sweep,ee3fd1e09436,1,TargetOnlyDR,OracleTargetTreated,1208518059,1000,1000,20000,10,0.1,,,3.243578366924818,-0.6908241603131531,0.11305588455795701,-0.11305588455795701,0.7456926136926137,0.5525365365365366,0.7639649380492043,0.799635097218962,0.7693195090921675,0.7310653598218393,5.798229450811119,4.433867109052198,1.6860474167092285,0.586994015141118,0.5882982811347969,1.0911210652531185,2.8003847666158275,1.0972137522451137,0.4689737814137822,0.8969359645179259,0.2658990521488821,0.0,0.0,,,15.964175701141357
gold_fair_sweep,ee3fd1e09436,1,ProxyOnly,FeasibleRestricted,1208518059,1000,1000,20000,10,0.1,,,3.854496230849095,0.1137561840394607,0.6915244597946568,0.6915244597946568,0.5436682956682958,0.38111311311311313,0.5550744004086409,0.5883293788205497,0.6013416935282955,0.5323474231997973,4.266031772390581,3.4657500878707426,1.232062781392958,-0.7179230362635035,0.3145124116283229,0.8433852634821636,1.3577195155592041,0.678271335058428,0.887916198600468,0.7033125602816349,0.4595224563851731,0.0,0.0,,,5.800252914428711
gold_fair_sweep,ee3fd1e09436,1,AnchorOnly,OracleTargetTreated,1208518059,1000,1000,20000,10,0.1,,,3.3014610853632953,-0.7126013762314121,0.134833100476216,-0.134833100476216,0.7378115458115458,0.5455135135135135,0.754941610375827,0.8071860115975485,0.7482703337056736,0.7230628470373133,5.8529818425992515,4.31255308371443,1.7169998011836518,0.645768145557335,0.572665068137834,1.1324089348244364,3.254904164853081,1.0684755215813189,0.4977120120775771,0.8726731594503723,0.2901618572164357,0.00029409483001084885,15.0,,,12.480867862701416
gold_fair_sweep,ee3fd1e09436,1,AnchorPlugin,FeasibleRestricted,1208518059,1000,1000,20000,10,0.1,,,3.026698416973624,0.22978600018015924,0.8075542759353553,0.8075542759353553,0.759052347052347,0.5622102102102102,0.7713997207248946,0.7471976026811975,0.7356587955097693,0.7306598602474098,5.418000235994205,4.239868219050902,1.069999669370635,-0.8236392199739673,0.590285142905328,0.8075542759353553,1.2366840011576778,1.0826162455568333,0.4835712881020626,0.8581361865176669,0.3046988301491411,0.0010226743982942011,30.0,,,5.129380226135254
gold_fair_sweep,ee3fd1e09436,1,ProposedA,OracleTargetTreated,1208518059,1000,1000,20000,10,0.1,,,3.2679769220797725,-0.7490009703925031,0.17123269463730706,-0.17123269463730706,0.7356256236256237,0.5418978978978979,0.7532085557429662,0.7667595657516795,0.7657599162019755,0.7428630348990536,5.559845873817539,4.41335188533707,1.6288684809335041,0.642255797105761,0.5687805034024149,1.0800939681391146,2.5279548598459423,1.1201828504157176,0.4460046832431783,0.8928329197749003,0.2700020968919077,0.0010445691879716935,30.0,,,14.792884588241577
gold_fair_sweep,ee3fd1e09436,1,ProposedA_Together,OracleTargetTreated,1208518059,1000,1000,20000,10,0.1,,,3.2570742412181866,-0.7228676659501729,0.14509939019497686,-0.14509939019497686,0.7379911979911981,0.5456656656656657,0.7563719455771257,0.7805684284467459,0.7766442916774399,0.7406988695338818,5.659975238623067,4.476082485371098,1.639248540336334,0.6071914905099577,0.5743966635367229,1.1413706197766633,2.589783919643191,1.1251600952926621,0.4410274383662338,0.9053790397817061,0.2574559768851019,0.0,0.0,,,13.631360530853271
gold_fair_sweep,ee3fd1e09436,1,ProposedA_JointProxy,OracleTargetTreated,1208518059,1000,1000,20000,10,0.1,,,3.277614974672533,-0.771301509145258,0.1935332333900619,-0.1935332333900619,0.7362101682101682,0.5422862862862863,0.7540414152802332,0.7815107830592748,0.7503345724394661,0.736902516126893,5.666808340729861,4.324450039555046,1.6473467042468437,0.6928327233158617,0.5692405154317195,1.0852350777267832,2.701434981998071,1.122045277301328,0.4441422563575679,0.8750525506184956,0.28778246604831237,0.0011454487671890673,30.0,,,15.53823184967041
gold_fair_sweep,ee3fd1e09436,1,ProposedA_FullyJoint,OracleTargetTreated,1208518059,1000,1000,20000,10,0.1,,,3.2819837642925416,-0.7495961884344956,0.17182791267929953,-0.17182791267929953,0.7339323739323739,0.5412972972972973,0.7522027965607863,0.8001332127118035,0.7410961298851877,0.7296581664247787,5.801841333194151,4.27120554738219,1.6509142600077462,0.6597507609787668,0.5678376366132709,1.016755694736512,2.7870432156268237,1.1277435507236457,0.4384439829352502,0.8644036521839243,0.29843136448288365,0.0,0.0,,,14.307409286499023
gold_fair_sweep,ee3fd1e09436,1,ProposedA_Direct,OracleTargetTreated,1208518059,1000,1000,20000,10,0.1,,,3.2797815066966103,-0.767888831223568,0.19012055546837192,-0.19012055546837192,0.7336643056643057,0.5392232232232232,0.7505675369106398,0.7671282388752738,0.7589906637003903,0.7209396035433325,5.562519157381982,4.374338230197782,1.6221935377252705,0.667896023947088,0.5634809330883875,1.0339266237394626,2.5417049988105282,1.1431732599913602,0.42301427366753575,0.8850301887470425,0.27780482791976546,,,,,11.998350858688354
gold_fair_sweep,ee3fd1e09436,1,ProposedA_Together_Direct,OracleTargetTreated,1208518059,1000,1000,20000,10,0.1,,,3.2799684387681816,-0.7294209554079485,0.15165267965275242,-0.15165267965275242,0.7321345201345202,0.5390630630630631,0.7501932531193001,0.7562200330092491,0.7712783842574321,0.7343010145171238,5.483422728613579,4.445156816466813,1.6326371899852312,0.6131115031983795,0.5646774519748576,0.993432775425665,2.435320662319696,1.1071676001808524,0.4590199334780436,0.899193906000849,0.26364111066595897,0.0,0.0,,,10.569185733795166
gold_fair_sweep,ee3fd1e09436,1,ProposedA_FullyDirect,OracleTargetTreated,1208518059,1000,1000,20000,10,0.1,,,3.2799684387681816,-0.7294209554079485,0.15165267965275242,-0.15165267965275242,0.7321345201345202,0.5390630630630631,0.7501932531193001,0.7562200330092491,0.7712783842574321,0.7343010145171238,5.483422728613579,4.445156816466813,1.6326371899852312,0.6131115031983795,0.5646774519748576,0.9934327754256649,2.435320662319695,1.1071676001808524,0.4590199334780436,0.899193906000849,0.26364111066595897,0.0,0.0,,,8.433460712432861
gold_fair_sweep,ee3fd1e09436,1,ProposedA_NoCrossfit,OracleTargetTreated,1208518059,1000,1000,20000,10,0.1,,,3.2730012660143446,-0.7464032102567848,0.16863493450158873,-0.16863493450158873,0.7335705495705496,0.5397317317317318,0.7511717062080782,0.7652944736226083,0.7614705133083456,0.7396579612175298,5.54922235271338,4.388630502111027,1.6199234822751034,0.6313478117852906,0.5651283306643846,1.1417728502069207,2.5059548195221155,1.1270274821314408,0.4391600515274552,0.8878886431296916,0.2749463735371164,,,,,8.3289635181427
gold_fair_sweep,ee3fd1e09436,1,ProposedA_Direct_NoCrossfit,OracleTargetTreated,1208518059,1000,1000,20000,10,0.1,,,3.279298473806276,-0.7622894907225223,0.1845212149673262,-0.1845212149673262,0.7344253584253585,0.5401761761761762,0.7516265338582656,0.7650523772950145,0.768393203257708,0.7270518508753835,5.547466889425851,4.428528472862951,1.6319938721975755,0.6662835019445719,0.5654334443971771,1.031462221134927,2.540513157227391,1.1353220932770263,0.4308654403818697,0.8958682372800764,0.26696677938673163,,,,,7.134437322616577
gold_fair_sweep,ee3fd1e09436,1,ProposedA_Together_NoCrossfit,OracleTargetTreated,1208518059,1000,1000,20000,10,0.1,,,3.2801339236459697,-0.7279199800973868,0.15015170434219072,-0.15015170434219072,0.7328180288180288,0.540960960960961,0.7518091365155086,0.7665437839789597,0.7625623352569797,0.731979952004916,5.558281219847394,4.394923067644302,1.6485334595400094,0.6222321673030435,0.5676704767477934,1.1217824942009171,2.5638490292371476,1.1086280923042355,0.4575594413546604,0.8891471562363468,0.2736878604304612,,,,,9.14538311958313
gold_fair_sweep,ee3fd1e09436,1,ProposedA_Together_Direct_NoCrossfit,OracleTargetTreated,1208518059,1000,1000,20000,10,0.1,,,3.301489906270287,-0.7263645458250225,0.14859627006982645,-0.14859627006982645,0.7291550251550252,0.5363523523523523,0.7471680397605835,0.784117075994899,0.7637192502431256,0.7227735965007211,5.685706816433759,4.401590787940509,1.645330454655888,0.617341432673006,0.5589735712614523,1.0357075365887283,2.6734915226823444,1.1063841687153217,0.4598033649435742,0.8904807002955883,0.27235431637121965,,,,,7.595800399780273
gold_fair_sweep,ee3fd1e09436,1,ProposedB_LinearStepB,OracleTargetTreated,1208518059,1000,1000,20000,10,0.1,,,3.2629944022538098,-0.7720245575502858,0.1942562817950897,-0.1942562817950897,0.7410441570441572,0.5436196196196197,0.7558913427785828,0.7427687956028295,0.75758307356557,0.7587489863196586,5.385886538480096,4.366225778182661,1.626926508252509,0.6782589419452788,0.5707331811887641,1.112741294441857,2.4018273600729314,1.1536537951771102,0.41253373848178576,0.8834076983440187,0.27942731832278933,0.0008423680863868547,30.0,7.989398292973733,10.0,21.219111442565918
gold_fair_sweep,ee3fd1e09436,1,ProposedB_SourceDR,FeasibleRestricted,1208518059,1000,1000,20000,10,0.1,,,3.986658377868051,0.2133557787566472,0.7911240545118433,0.7911240545118433,0.5322610722610723,0.3702302302302302,0.5441988509153134,0.4966175905233621,0.4882180457798699,0.47112886551820893,3.60102095215429,2.81377751330334,1.525549012892112,-0.9032529734322272,0.2953533646154076,0.9217621166922424,2.640128189513131,0.6879504172575127,0.8782371164013832,0.5729180453681545,0.5899169712986535,0.000977657080496309,30.0,7.9893982929737355,10.0,14.855664730072021
gold_fair_sweep,ee3fd1e09436,1,IPWTransport,FeasibleRestricted,1208518059,1000,1000,20000,10,0.1,,,3.038218370526536,0.3197002890834444,0.8974685648386405,0.8974685648386405,0.7610933090933092,0.5626466466466467,0.772834912819706,0.7292745546582103,0.7300501016407533,0.7345545375893214,5.2880385256383,4.207543283862507,1.0198590287543086,-0.9038175020723092,0.5920258205203551,0.8974685648386402,1.3485017287540888,1.1075108993012412,0.4586766343576547,0.8516711994799878,0.3111638171868202,,,,,0.05904746055603027
gold_fair_sweep,ee3fd1e09436,1,EntropyBalancing,FeasibleRestricted,1208518059,1000,1000,20000,10,0.1,,,3.039309675831281,0.3191702088829047,0.8969384846381008,0.8969384846381008,0.7604812124812126,0.5617417417417417,0.7722848113401729,0.7145598142042483,0.7275483614445447,0.7327839733293254,5.181340555829402,4.19312484855667,1.0197183660019706,-0.9032319996337791,0.5916551552683883,0.8969384846381009,1.3546685035822474,1.1050042725222293,0.46118326113666663,0.8487875124188204,0.31404750424798755,,,,,0.394336462020874
gold_fair_sweep,ee3fd1e09436,1,OutcomeModelTransport,FeasibleRestricted,1208518059,1000,1000,20000,10,0.1,,,3.0542517291743634,0.2982276382865349,0.875995914041731,0.875995914041731,0.755079719079719,0.5570890890890892,0.7671590389753663,0.7193392735444983,0.718715017989216,0.7418610322251247,5.215996865941317,4.14221508928674,1.0067842861508565,-0.878019175677961,0.5852502943955593,0.8759959140417308,1.1049480310899686,1.0926066727204096,0.4735808609384864,0.8386055605648344,0.3242294561019736,,,,,0.025025606155395508
gold_fair_sweep,ee3fd1e09436,1,DRLearner_PooledWithSite,OracleTargetTreated,1208518059,1000,1000,20000,10,0.1,,,2.717959130191028,0.014755875339534071,0.5925241510947301,0.5925241510947301,0.8056181896181897,0.6077837837837838,0.8160336131969225,0.7784485901212767,0.7755869345806328,0.7905601691698642,5.644604091142871,4.469988553267923,1.0681110048542721,-0.5935291885916103,0.6617931550332291,0.5925241510947301,0.9773622613501338,1.204291413675052,0.36189611998384397,0.904160253361071,0.258674763305737,,,,,0.09761166572570801
gold_fair_sweep,ee3fd1e09436,1,DRLearner_PooledNoSite,OracleTargetTreated,1208518059,1000,1000,20000,10,0.1,,,2.7177100171231334,0.03044001902119814,0.6082082947763943,0.6082082947763943,0.8061904101904103,0.6086126126126127,0.8165811472563674,0.7796917492197843,0.7731325926698706,0.7875273833268408,5.6536183549265395,4.455843291456821,1.0676835322850529,-0.6102685827865733,0.6627434485421303,0.6082082947763938,1.0028133676432458,1.2019007949300926,0.36428673872880335,0.9013312009988506,0.26150381566795744,,,,,0.04939746856689453
gold_fair_sweep,ee3fd1e09436,0,TargetOnlyDR,OracleTargetTreated,1817007268,1000,1000,20000,10,0.1,,,2.7005756576575455,-0.6353597659424882,0.19940569211547776,0.19940569211547776,0.7593983913983915,0.5645885885885886,0.7740204736625592,0.8130707881413759,0.7198945301563093,0.6968003654247742,4.849470616710994,3.2989015315623766,1.7241286020105644,0.2606764869702164,0.604794498849625,0.9989889336626565,2.4232003508474396,1.9727670851650236,0.36384057504225753,1.8233045012461118,0.2567154839378254,0.0,0.0,,,16.930091619491577
gold_fair_sweep,ee3fd1e09436,0,ProxyOnly,FeasibleRestricted,1817007268,1000,1000,20000,10,0.1,,,3.700744382481818,-2.101100816638156,1.26633535858019,-1.26633535858019,0.42935630135630143,0.29396996996997,0.4444668391836665,0.405219015884302,0.35214502185194607,0.3334353864143803,2.4168839165351725,1.613697150424543,0.7019184460654171,0.6400359621834681,0.19924178073017973,1.26633535858019,2.685444650318804,1.4871241353624374,0.8494835248448438,1.486263625018545,0.5937563601653921,0.0,0.0,,,7.32584810256958
gold_fair_sweep,ee3fd1e09436,0,AnchorOnly,OracleTargetTreated,1817007268,1000,1000,20000,10,0.1,,,2.7263903240206435,-0.7201712196872129,0.11459423837075311,0.11459423837075311,0.7613154293154294,0.5662622622622623,0.7751257651444612,0.8090461103702311,0.7428613044584875,0.6844608893319847,4.825465872133327,3.4041462913802523,1.8018719526428544,0.4628908637970189,0.6067340357691706,1.03110618644953,2.6065673734757513,1.9309867697429144,0.4056208904643668,1.8443534532096868,0.23566653197425036,0.00044372911518903704,15.0,,,12.317798137664795
gold_fair_sweep,ee3fd1e09436,0,AnchorPlugin,FeasibleRestricted,1817007268,1000,1000,20000,10,0.1,,,2.8045893273980806,-1.3231127693601927,0.48834731130222675,-0.48834731130222675,0.678852270852271,0.4936736736736737,0.6949269622528566,0.7140176672498,0.6936803865919576,0.6115833247791757,4.258679253568705,3.17877577045365,0.8237812775595668,0.25519006944095035,0.49488480984829364,0.6596330547948489,1.3806602271333892,1.841219913117769,0.4953877470895123,1.7992793490243666,0.28074063615957057,0.0009395746667309748,30.0,,,5.360650300979614
gold_fair_sweep,ee3fd1e09436,0,ProposedA,OracleTargetTreated,1817007268,1000,1000,20000,10,0.1,,,2.718551506322499,-0.7182003044159506,0.11656515364201536,0.11656515364201536,0.7481846681846682,0.5551711711711712,0.7639768398943213,0.7781294687538411,0.738376362499348,0.6980960893162663,4.641066989191295,3.3835941392549107,1.7250367796084456,0.40415648218553135,0.5945965579601313,0.9683369625136985,2.381469094840318,1.9340041014242713,0.4026035587830099,1.8402430227846187,0.23977696239931845,0.0011592497340367801,30.0,,,14.849533557891846
gold_fair_sweep,ee3fd1e09436,0,ProposedA_Together,OracleTargetTreated,1817007268,1000,1000,20000,10,0.1,,,2.7091619654438848,-0.7200140449235118,0.11475141313445414,0.11475141313445414,0.752968892968893,0.5593633633633633,0.7687770131717948,0.8100042323800198,0.7507965670498021,0.7070117388675875,4.831180484687931,3.440509465177605,1.7433182077825684,0.42044813631636907,0.6026114398403282,1.0066115149221448,2.5138387928795707,1.9410504088752376,0.39555725133204356,1.8516260879691575,0.22839389721477965,0.0,0.0,,,14.8185555934906
gold_fair_sweep,ee3fd1e09436,0,ProposedA_JointProxy,OracleTargetTreated,1817007268,1000,1000,20000,10,0.1,,,2.736692455305948,-0.7192250489324916,0.11554040912547436,0.11554040912547436,0.7463747183747184,0.5538738738738739,0.7614384455770534,0.8040787618371242,0.7481702185383193,0.69610542886289,4.795838672256512,3.4284742784050843,1.7476775458003369,0.4222080103384994,0.5908301917750026,0.9617305221240067,2.539435708620737,1.9400575349025462,0.396550125304735,1.8492190506146533,0.23080093456928386,0.004017329177560444,29.0,,,15.47645354270935
gold_fair_sweep,ee3fd1e09436,0,ProposedA_FullyJoint,OracleTargetTreated,1817007268,1000,1000,20000,10,0.1,,,2.7274157050029744,-0.7134258682638304,0.12133958979413562,0.12133958979413562,0.7555199755199755,0.5625105105105105,0.770065675601409,0.8010993533689733,0.7296528827451211,0.6869236278782939,4.77806832060668,3.3436189768994975,1.7853410807194854,0.4389430526014176,0.6029698954644354,1.0499665858529865,2.518405663042257,1.9338379326905868,0.4027697275166944,1.8322479903135358,0.24777199487040136,0.0,0.0,,,14.171539783477783
gold_fair_sweep,ee3fd1e09436,0,ProposedA_Direct,OracleTargetTreated,1817007268,1000,1000,20000,10,0.1,,,2.727371164129447,-0.7197925238970784,0.11497293416088761,0.11497293416088761,0.7407218247218248,0.5475515515515516,0.7568326825381425,0.79158378144409,0.730174974356145,0.6794307546118843,4.7213137463138235,3.3460114507176395,1.6960184634323205,0.3860159523120286,0.584678230662369,0.9111039655072516,2.3941028037581704,1.9220879958784103,0.4145196643288709,1.8327264850771643,0.24729350010677287,,,,,11.339471340179443
gold_fair_sweep,ee3fd1e09436,0,ProposedA_Together_Direct,OracleTargetTreated,1817007268,1000,1000,20000,10,0.1,,,2.7124502284304697,-0.726265390462828,0.10850006759513797,0.10850006759513797,0.752015828015828,0.5577137137137137,0.7670300307339463,0.7963597005928974,0.7523275424067095,0.6950800191937314,4.74979918684093,3.447525127525518,1.7278226766953808,0.42009235288273344,0.5977998772400507,0.976928028388868,2.4170090354971108,1.937629086496647,0.39897857371063417,1.8530292204387402,0.22699076474519697,0.0,0.0,,,10.221850872039795
gold_fair_sweep,ee3fd1e09436,0,ProposedA_FullyDirect,OracleTargetTreated,1817007268,1000,1000,20000,10,0.1,,,2.7124502284304697,-0.726265390462828,0.10850006759513797,0.10850006759513797,0.752015828015828,0.5577137137137137,0.7670300307339463,0.7963597005928974,0.7523275424067095,0.6950800191937314,4.74979918684093,3.447525127525518,1.7278226766953808,0.42009235288273344,0.5977998772400507,0.9769280283888678,2.4170090354971108,1.937629086496647,0.39897857371063417,1.8530292204387402,0.22699076474519697,0.0,0.0,,,8.360015153884888
gold_fair_sweep,ee3fd1e09436,0,ProposedA_NoCrossfit,OracleTargetTreated,1817007268,1000,1000,20000,10,0.1,,,2.7175496948485858,-0.7234046994848061,0.11136075857315986,0.11136075857315986,0.7468347868347869,0.5537857857857859,0.7628842271056457,0.7903639224425903,0.7242908842258259,0.690284723475397,4.7140380324761315,3.3190477315481854,1.7238173300512323,0.4122520995544465,0.594705676341712,0.9465914350669622,2.389069415875967,1.9325544737649212,0.40405318644236,1.8273337412432733,0.25268624394066386,,,,,8.635669946670532
gold_fair_sweep,ee3fd1e09436,0,ProposedA_Direct_NoCrossfit,OracleTargetTreated,1817007268,1000,1000,20000,10,0.1,,,2.7302431338183166,-0.7147302320162907,0.12003522604167527,0.12003522604167527,0.7388217788217788,0.5458058058058058,0.7549458474882186,0.781119229746652,0.7386543968364396,0.6556819084111497,4.658899087327262,3.3848682257523586,1.6867729652775407,0.3708221747736567,0.5816250830784471,0.8894710966764722,2.314242238220343,1.9263081563110618,0.4102995038962194,1.8404978400841083,0.23952214509982883,,,,,7.564620494842529
gold_fair_sweep,ee3fd1e09436,0,ProposedA_Together_NoCrossfit,OracleTargetTreated,1817007268,1000,1000,20000,10,0.1,,,2.7250697443507854,-0.7061353808343236,0.1286300772236424,0.1286300772236424,0.7465323985323985,0.5535495495495496,0.7621876333243347,0.7843710977158801,0.7117243184589395,0.6920701986536271,4.678294493479098,3.2614617084319106,1.7325789916425396,0.388669868031088,0.5933966137617976,1.0078663922298665,2.356447926977293,1.944747076986688,0.39186058322059325,1.8158165366200185,0.26420344856391864,,,,,8.684989213943481
gold_fair_sweep,ee3fd1e09436,0,ProposedA_Together_Direct_NoCrossfit,OracleTargetTreated,1817007268,1000,1000,20000,10,0.1,,,2.7249417810177006,-0.7297480222280782,0.10501743582988776,0.10501743582988776,0.7486920886920888,0.5553673673673674,0.7640944033674224,0.7947955954027504,0.7569948088841141,0.6941238329651833,4.74047025475815,3.468912777918106,1.74675858183431,0.4399281623455448,0.5958813998172663,0.9716799938603239,2.475453754858288,1.946010530331513,0.3905971298757682,1.8573067505172576,0.22271323466667958,,,,,7.371130704879761
gold_fair_sweep,ee3fd1e09436,0,ProposedB_LinearStepB,OracleTargetTreated,1817007268,1000,1000,20000,10,0.1,,,2.7049538524474457,-0.7378696870686838,0.09689577098928215,0.09689577098928215,0.7563585963585964,0.562982982982983,0.771948817108485,0.8159081089370614,0.7576517798015715,0.6931381881597483,4.8663935021836275,3.471923333318939,1.77243662426683,0.47306179923887487,0.6102788512295352,0.9883184758840646,2.617070417244039,1.935508915823381,0.40109874438390025,1.8579088615974242,0.22211112358651297,0.0009512222197151262,30.0,8.40607822306272,10.0,21.059218883514404
gold_fair_sweep,ee3fd1e09436,0,ProposedB_SourceDR,FeasibleRestricted,1817007268,1000,1000,20000,10,0.1,,,3.4284856190798836,-0.10294528072885901,0.731820177329107,0.731820177329107,0.46322661122661135,0.3198038038038038,0.4767393481449114,0.41579289514498896,0.40087323210642084,0.34834888084160925,2.479950647657771,1.8369931482478312,1.0662680638711597,-0.7249981928905322,0.2245807336261323,0.7318201773291068,1.1618699837616877,1.4854410922715398,0.8511665679357414,1.5309228245832025,0.5490971606007347,0.0009472575701233518,30.0,8.406078223062627,10.0,16.852879524230957
gold_fair_sweep,ee3fd1e09436,0,IPWTransport,FeasibleRestricted,1817007268,1000,1000,20000,10,0.1,,,3.0031032993024893,-1.10324349926227,0.26847804120430396,-0.26847804120430396,0.6828441948441949,0.4936256256256257,0.6996096143363935,0.6563555331180365,0.6473145585358552,0.6185530329981127,3.9147598442783376,2.9663053393292143,0.6790286991105879,-0.08563145995169387,0.49056002347069805,1.0831202977780676,2.5147349368172947,1.8414176816422883,0.4951899785649929,1.7567852627994793,0.32323472238445783,,,,,0.08067750930786133
gold_fair_sweep,ee3fd1e09436,0,EntropyBalancing,FeasibleRestricted,1817007268,1000,1000,20000,10,0.1,,,2.997891634977841,-1.0964815485143726,0.26171609045640665,-0.26171609045640665,0.6845441045441046,0.4950670670670671,0.7012632145703677,0.6758979929966904,0.6470293632273454,0.6165406950289919,4.03131868065767,2.964998437830973,0.679344444375701,-0.08987680971426107,0.49261710386348234,1.0666363569728508,2.5154814265216787,1.838539661790861,0.49806799841642024,1.756523882499831,0.3234961026841061,,,,,0.3348066806793213
gold_fair_sweep,ee3fd1e09436,0,OutcomeModelTransport,FeasibleRestricted,1817007268,1000,1000,20000,10,0.1,,,2.8768226416945732,-1.0129154317036029,0.1781499736456369,-0.1781499736456369,0.7012731052731053,0.5097257257257257,0.717650824784669,0.687585468578223,0.660540933497184,0.62960357230391,4.101027333634531,3.0269149241908635,0.7091723455147063,-0.11643384554867992,0.5163807600380657,0.960745693405413,2.1755525480710283,1.8596653631240205,0.47694229708326064,1.7689071797718092,0.31111280541212794,,,,,0.021158933639526367
gold_fair_sweep,ee3fd1e09436,0,DRLearner_PooledWithSite,OracleTargetTreated,1817007268,1000,1000,20000,10,0.1,,,2.6021750474142076,-0.9411851554787599,0.10641969742079394,-0.10641969742079394,0.7471655191655192,0.5519039039039039,0.7622559010133273,0.7368017579555752,0.706448787787814,0.6899768741292106,4.39457243780019,3.2372867001747965,0.7747029709174679,-0.10562652192515176,0.5814212918155215,0.6917632695898482,1.7277467425769215,1.934983933520032,0.4016237266872491,1.810981534968596,0.2690384502153411,,,,,0.0806889533996582
gold_fair_sweep,ee3fd1e09436,0,DRLearner_PooledNoSite,OracleTargetTreated,1817007268,1000,1000,20000,10,0.1,,,2.617755195799968,-0.9450146553475709,0.11024919728960492,-0.11024919728960492,0.7444863364863366,0.5495135135135135,0.7596753386740888,0.7349497457774705,0.706448787787814,0.6881558024264159,4.383526316391696,3.2372867001747965,0.7710643197803763,-0.10609837564990413,0.5775955915579689,0.7016917883305445,1.7394726571252477,1.9343578008040603,0.4022498594032209,1.810981534968596,0.2690384502153411,,,,,0.0492250919342041
