benchmark_id,scenario_id,method,feasibility,m0,m1,n_proxy_total,C_sources,p_dim,a5_sparsity_ratio,a5_nonlin_lambda,a5_nonlin_type,nontransfer_scale,pehe_mean,pehe_sd,pehe_median,pehe_n,ate_hat_mean,ate_hat_sd,ate_hat_median,ate_hat_n,ate_abs_err_mean,ate_abs_err_sd,ate_abs_err_median,ate_abs_err_n,ate_bias_mean,ate_bias_sd,ate_bias_median,ate_bias_n,tau_corr_mean,tau_corr_sd,tau_corr_median,tau_corr_n,tau_kendall_mean,tau_kendall_sd,tau_kendall_median,tau_kendall_n,qini_auc_mean,qini_auc_sd,qini_auc_median,qini_auc_n,topk_10_ratio_mean,topk_10_ratio_sd,topk_10_ratio_median,topk_10_ratio_n,topk_20_ratio_mean,topk_20_ratio_sd,topk_20_ratio_median,topk_20_ratio_n,topk_30_ratio_mean,topk_30_ratio_sd,topk_30_ratio_median,topk_30_ratio_n,topk_10_captured_mean,topk_10_captured_sd,topk_10_captured_median,topk_10_captured_n,topk_20_captured_mean,topk_20_captured_sd,topk_20_captured_median,topk_20_captured_n,calib_slope_mean,calib_slope_sd,calib_slope_median,calib_slope_n,calib_intercept_mean,calib_intercept_sd,calib_intercept_median,calib_intercept_n,calib_r2_mean,calib_r2_sd,calib_r2_median,calib_r2_n,tau_ece_mean,tau_ece_sd,tau_ece_median,tau_ece_n,tau_mce_mean,tau_mce_sd,tau_mce_median,tau_mce_n,policy_value_mean,policy_value_sd,policy_value_median,policy_value_n,policy_regret_mean,policy_regret_sd,policy_regret_median,policy_regret_n,policy_value_top20_mean,policy_value_top20_sd,policy_value_top20_median,policy_value_top20_n,policy_regret_top20_mean,policy_regret_top20_sd,policy_regret_top20_median,policy_regret_top20_n,stage2_lambda_mean,stage2_lambda_sd,stage2_lambda_median,stage2_lambda_n,stage2_n_selected_mean,stage2_n_selected_sd,stage2_n_selected_median,stage2_n_selected_n,runtime_sec_mean,runtime_sec_sd,runtime_sec_median,runtime_sec_n,pehe_delta_vs_ProxyOnly,pehe_p_value,pehe_q_value,ate_hat_delta_vs_ProxyOnly,ate_hat_p_value,ate_hat_q_value,ate_abs_err_delta_vs_ProxyOnly,ate_abs_err_p_value,ate_abs_err_q_value,ate_bias_delta_vs_ProxyOnly,ate_bias_p_value,ate_bias_q_value,tau_corr_delta_vs_ProxyOnly,tau_corr_p_value,tau_corr_q_value,tau_kendall_delta_vs_ProxyOnly,tau_kendall_p_value,tau_kendall_q_value,qini_auc_delta_vs_ProxyOnly,qini_auc_p_value,qini_auc_q_value,topk_10_ratio_delta_vs_ProxyOnly,topk_10_ratio_p_value,topk_10_ratio_q_value,topk_20_ratio_delta_vs_ProxyOnly,topk_20_ratio_p_value,topk_20_ratio_q_value,topk_30_ratio_delta_vs_ProxyOnly,topk_30_ratio_p_value,topk_30_ratio_q_value,topk_10_captured_delta_vs_ProxyOnly,topk_10_captured_p_value,topk_10_captured_q_value,topk_20_captured_delta_vs_ProxyOnly,topk_20_captured_p_value,topk_20_captured_q_value,calib_slope_delta_vs_ProxyOnly,calib_slope_p_value,calib_slope_q_value,calib_intercept_delta_vs_ProxyOnly,calib_intercept_p_value,calib_intercept_q_value,calib_r2_delta_vs_ProxyOnly,calib_r2_p_value,calib_r2_q_value,tau_ece_delta_vs_ProxyOnly,tau_ece_p_value,tau_ece_q_value,tau_mce_delta_vs_ProxyOnly,tau_mce_p_value,tau_mce_q_value,policy_value_delta_vs_ProxyOnly,policy_value_p_value,policy_value_q_value,policy_regret_delta_vs_ProxyOnly,policy_regret_p_value,policy_regret_q_value,policy_value_top20_delta_vs_ProxyOnly,policy_value_top20_p_value,policy_value_top20_q_value,policy_regret_top20_delta_vs_ProxyOnly,policy_regret_top20_p_value,policy_regret_top20_q_value,stage2_lambda_delta_vs_ProxyOnly,stage2_lambda_p_value,stage2_lambda_q_value,stage2_n_selected_delta_vs_ProxyOnly,stage2_n_selected_p_value,stage2_n_selected_q_value,runtime_sec_delta_vs_ProxyOnly,runtime_sec_p_value,runtime_sec_q_value
a5_violation_sweep,2f783a2df4e6,AnchorOnly,OracleTargetTreated,550,500,20000,10,50,0.05,1.0,additive,0.1,4.336184047760236,0.5587216172040933,4.215038342270086,100,-0.09050030790878084,1.326360337017623,-0.14868610687702388,100,0.152612312318513,0.11581966247164517,0.13389161764231144,100,-0.000505924572116731,0.192197063706499,-0.0004907967338773078,100,0.6597306532506532,0.04365276312359759,0.6626494226494227,100,0.4752190190190191,0.03660701047855889,0.4770930930930931,100,0.6765898415562642,0.04175897318184336,0.6779950035936471,100,0.6723559929274255,0.07796283443432667,0.6847443749532534,100,0.6617708997141432,0.09452342521957591,0.6703328355986254,100,0.650684129743526,0.1291867677073432,0.6763922847109842,100,6.499449032947813,1.724597492802115,6.478903820410009,100,5.139771443166153,1.6233276485721195,4.930018614508458,100,1.6778852865481908,0.3054799468561226,1.642624305585632,100,0.05996493119505598,0.941029750051639,0.04688286198245935,100,0.45334845068740826,0.05641754639782168,0.4526335853704131,100,1.2478967358657778,0.32675555477917256,1.204402272826955,100,3.166753955567703,0.7844341727162565,3.150806452828047,100,1.4922194560117092,0.786851298358901,1.4896577529097845,100,0.7249212725815802,0.15035316450159164,0.716751347504305,100,1.0288483537775546,0.8024467926860853,1.0508266727168574,100,0.49658238215173134,0.10161264574993206,0.481773609506336,100,0.0013052892728632568,0.0012642924986771022,0.0008363373890465273,100,24.02,0.6663635674617903,24.0,100,13.180023272037506,2.967083772746008,14.08633553981781,100,-0.5050745196630211,3.896559845095909e-18,3.156213474527686e-16,-0.14035173978976603,0.23014890602725357,1.0,-0.8308894391069265,1.5137158701684123e-16,9.082295221010473e-15,-0.14035173978976606,0.23014890602725357,1.0,0.11114529386529388,2.4114800543560524e-17,3.156213474527686e-16,0.08956452452452453,2.2069547466224186e-17,3.156035430494824e-16,0.11043916208439092,1.960659347540535e-17,3.156213474527686e-16,0.11667966872102585,4.235271113204814e-16,2.333709052055608e-15,0.11622812533274367,1.5003772862159899e-15,3.0007545724319797e-15,0.11760952684757658,1.167230343096855e-15,2.33446068619371e-15,1.0911978577111545,3.67462457090672e-16,1.83731228545336e-15,0.8626022817038284,5.020142338158485e-16,1.4640103263039256e-15,0.1466710285629224,0.0004530336131755067,0.0012236501362430762,0.17916364911791252,0.23826065856422385,1.0,0.13091902514446105,1.7939298766693858e-17,3.156213474527686e-16,-0.20306185815960745,0.027285808816424915,0.4868409542368004,0.02533192965689693,0.6108418935855868,1.0,0.35258708434407027,1.960659347540535e-17,3.156213474527686e-16,-0.35258708434407027,1.960659347540535e-17,3.156213474527686e-16,0.17252045634076565,5.020142338158485e-16,1.4640103263039256e-15,-0.17252045634076565,5.020142338158485e-16,1.4640103263039256e-15,0.0013052892728632568,3.896559845095909e-18,7.013807721172637e-17,24.02,3.157011938066676e-19,2.488191672302221e-18,7.805059938430786,1.5932071996658114e-17,3.156213474527686e-16
a5_violation_sweep,2f783a2df4e6,AnchorPlugin,FeasibleRestricted,550,500,20000,10,50,0.05,1.0,additive,0.1,3.4088115359861644,0.528180267695366,3.271785584698268,100,0.020106299384937704,1.0917700529940422,0.11233079216587302,100,0.7084438889222895,0.5582835127024887,0.5595758813264089,100,0.11010068272160181,0.8979967937477631,0.16883283685522474,100,0.7900150116550116,0.051980534182860444,0.7939352179352179,100,0.597355995995996,0.052971345878952296,0.5991011011011012,100,0.8035047517990899,0.04997723468299333,0.8080205894239949,100,0.7954095350386916,0.06720035469334218,0.8047675293069467,100,0.7950293099261045,0.07088064697381564,0.8068721833623591,100,0.7914913847068666,0.07741272411703676,0.8001428769393055,100,7.677790234235359,1.9277827517611803,7.6976381904792,100,6.129530198879673,1.7172750462967952,6.09856112864497,100,1.0168791263310897,0.14682896234377107,1.0120608174496968,100,-0.08682978858791081,0.8894084201405945,-0.17117459753318123,100,0.6483695964656003,0.0774868659708666,0.6512038872462921,100,0.9015665019634514,0.5054091129732035,0.7996502124647484,100,1.7659997441516109,0.8703866255692542,1.5588636043203188,100,1.7702255307008299,0.8103562736713977,1.759285322949102,100,0.4469151978924594,0.11954915628881692,0.42980709489051244,100,1.2268001049202584,0.818850503095982,1.1788887743040082,100,0.2986306310090276,0.07998837198216222,0.2849505237522247,100,0.004345604569718885,0.0032537371560187717,0.0037524961973637383,100,49.49,0.7719187689508435,50.0,100,6.600047569274903,1.6575784857246247,6.681899785995483,100,-1.432447031437092,4.0161556854627e-18,3.156213474527686e-16,-0.029745132496047485,0.4981839177712257,1.0,-0.2750578625031496,2.0751639472212624e-05,0.0009338237762495681,-0.029745132496047492,0.4981839177712257,1.0,0.24142965226965227,3.896559845095909e-18,3.156213474527686e-16,0.21170150150150152,3.896559845095909e-18,3.156035430494824e-16,0.23735407232721656,3.896559845095909e-18,3.156213474527686e-16,0.23973321083229213,3.896559845095909e-18,3.156213474527686e-16,0.24948653554470518,3.896559845095909e-18,3.156213474527686e-16,0.2584167818109173,3.896559845095909e-18,3.156213474527686e-16,2.269539058998701,3.896559845095909e-18,3.156213474527686e-16,1.8523610374173471,3.896559845095909e-18,3.156213474527686e-16,-0.5143351316541791,1.219062650217942e-17,5.973406986067916e-16,0.032368929334945756,0.43509678080987746,1.0,0.3259401709226531,3.896559845095909e-18,3.156213474527686e-16,-0.5493920920619338,7.397715002246113e-15,4.142720401257823e-13,-1.3754222817591941,7.0062856931374904e-15,2.452199992598122e-13,0.6305931590331911,3.896559845095909e-18,3.156213474527686e-16,-0.6305931590331911,3.896559845095909e-18,3.156213474527686e-16,0.37047220748346943,3.896559845095909e-18,3.156213474527686e-16,-0.37047220748346943,3.896559845095909e-18,3.156213474527686e-16,0.004345604569718885,3.896559845095909e-18,7.013807721172637e-17,49.49,2.6585964687069736e-19,2.392736821836276e-18,1.2250842356681824,8.95258354575295e-07,7.16206683660236e-06
a5_violation_sweep,2f783a2df4e6,EntropyBalancing,FeasibleRestricted,550,500,20000,10,50,0.05,1.0,additive,0.1,2.2138044019492162,1.108845117883213,1.9467472986813896,100,0.10448106755834646,1.2871058813534655,0.09613697216593464,100,0.6064040651503695,0.4649716106362459,0.48165044434574555,100,0.1944754508950106,0.741239612795032,0.225253259244532,100,0.9084570926970927,0.08065228852677463,0.9362817722817723,100,0.7592473673673673,0.11197676331660028,0.7848268268268268,100,0.916247081971238,0.07491124951051382,0.9410725355835295,100,0.9148288297118283,0.07745595169696858,0.9366191678384905,100,0.9128341609078064,0.07745413782922073,0.938286139404069,100,0.912569286681075,0.0768089842537698,0.9361665431446697,100,8.699134022421697,1.6438411376748936,8.800577397736724,100,6.923354718517348,1.5488554913280588,6.9674755411424005,100,0.9763629853507304,0.03117767264164732,0.9797101715472594,100,-0.18730864005881004,0.7361532329163938,-0.2231983990877635,100,0.8456780633257428,0.12737019848715975,0.8862643342834042,100,0.6391776825809055,0.43992579081757677,0.4852902668356135,100,1.0394296610493479,0.533679775809241,0.8683033232253866,100,1.9976377623433708,0.8096662627581388,1.876493666076728,100,0.21950296624991864,0.22082811014504936,0.14174474993016628,100,1.3855650088477933,0.8167479969949893,1.3304939926754318,100,0.13986572708149247,0.14985620977445568,0.08707490647600957,100,,,,0,,,,0,1.949647343158722,0.6584399101398984,1.9683102369308472,100,-2.6274541654740404,3.896559845095909e-18,3.156213474527686e-16,0.05462963567736129,0.6976233342391592,1.0,-0.37709768627507,0.00019631968285300285,0.007852787314120114,0.05462963567736129,0.6976233342391592,1.0,0.3598717333117334,3.896559845095909e-18,3.156213474527686e-16,0.3735928728728728,3.896559845095909e-18,3.156035430494824e-16,0.3500964024993646,3.896559845095909e-18,3.156213474527686e-16,0.3591525055054286,3.896559845095909e-18,3.156213474527686e-16,0.3672913865264071,4.0161556854627e-18,3.156213474527686e-16,0.3794946837851254,3.896559845095909e-18,3.156213474527686e-16,3.2908828471850393,3.896559845095909e-18,3.156213474527686e-16,2.6461855570550235,4.0161556854627e-18,3.156213474527686e-16,-0.5548512726345384,2.964263914228315e-17,1.2449908439758923e-15,-0.06810992213595345,0.9014897097022484,1.0,0.5232486377827957,3.896559845095909e-18,3.156213474527686e-16,-0.81178091144448,2.8364093447304158e-14,1.5316610461544246e-12,-2.1019923648614576,9.044445868078014e-18,5.064889686123688e-16,0.8580053906757317,3.896559845095909e-18,3.156213474527686e-16,-0.8580053906757317,3.896559845095909e-18,3.156213474527686e-16,0.5292371114110046,4.0161556854627e-18,3.156213474527686e-16,-0.5292371114110046,4.0161556854627e-18,3.156213474527686e-16,,,,,,,-3.425315990447998,3.896559845095909e-18,3.156213474527686e-16
a5_violation_sweep,2f783a2df4e6,Glmtrans_Auto,OracleTargetTreated,550,500,20000,10,50,0.05,1.0,additive,0.1,1.9178457785204852,1.1933793377268511,1.5881668090659473,100,-0.08876314542799578,1.3567487050778573,-0.20102467713091102,100,0.09452871286240812,0.07430813028420089,0.07908068931771342,100,0.0012312379086683162,0.12060722984805895,-0.00718178913644122,100,0.9180783497583497,0.08110381385917063,0.948918078918079,100,0.7797082682682681,0.1213088237816478,0.8056056056056056,100,0.9252219556526282,0.07511215143126433,0.9534821441114132,100,0.9258795505434395,0.07529548349251274,0.9492754883053367,100,0.9233038344266751,0.07673807932015327,0.9514130842837185,100,0.9210208725177488,0.07713015232616174,0.944366581687461,100,8.804054216181427,1.6411297460288523,8.9629214403264,100,6.997884339517084,1.5424932934649505,7.017978041486257,100,1.0440955935642804,0.02983831364008349,1.0368588967157968,100,0.0011030362926725899,0.1509518290752417,0.02829962769114569,100,0.8623662583925595,0.12924329138340288,0.9088194484807236,100,0.2457983657031901,0.13480180016237903,0.2153692978375788,100,0.5784045208451266,0.3158649883449535,0.5164542756952235,100,2.036084604220183,0.8036060840885012,1.8877533244908486,100,0.1810561243731064,0.21282548940285845,0.10074078103625683,100,1.4004709330477403,0.8138448622704658,1.338962042655472,100,0.1249598028815456,0.14722086627307426,0.06505939102739455,100,,,,0,,,,0,16.618851981163026,1.118733074309451,16.688996195793152,100,-2.9234127889027706,3.896559845095909e-18,3.156213474527686e-16,-0.138614577308981,0.24797695110160245,1.0,-0.8889730385630311,4.342298919012428e-17,3.0830322324988237e-15,-0.138614577308981,0.24797695110160245,1.0,0.3694929903729903,3.896559845095909e-18,3.156213474527686e-16,0.39405377377377376,3.896559845095909e-18,3.156035430494824e-16,0.3590712761807551,3.896559845095909e-18,3.156213474527686e-16,0.3702032263370403,3.896559845095909e-18,3.156213474527686e-16,0.37776106004527543,3.896559845095909e-18,3.156213474527686e-16,0.38794626962179934,3.896559845095909e-18,3.156213474527686e-16,3.3958030409447675,3.896559845095909e-18,3.156213474527686e-16,2.720715178054757,3.896559845095909e-18,3.156213474527686e-16,-0.48711866442098817,4.880034421013085e-16,1.2808210044657675e-14,0.12030175421552913,0.39573316385218726,1.0,0.5399368328496122,3.896559845095909e-18,3.156213474527686e-16,-1.2051602283221952,3.896559845095909e-18,3.156213474527686e-16,-2.563017505065679,3.896559845095909e-18,3.156213474527686e-16,0.896452232552544,3.896559845095909e-18,3.156213474527686e-16,-0.896452232552544,3.896559845095909e-18,3.156213474527686e-16,0.5441430356109515,3.896559845095909e-18,3.156213474527686e-16,-0.5441430356109515,3.896559845095909e-18,3.156213474527686e-16,,,,,,,11.243888647556306,3.896559845095909e-18,3.156213474527686e-16
a5_violation_sweep,2f783a2df4e6,Glmtrans_DR_CrossFit,OracleTargetTreated,550,500,20000,10,50,0.05,1.0,additive,0.1,2.0431044286108633,1.2467677381165656,1.7044362122502514,100,-0.10148504773760646,1.3554860358029248,-0.18860803605697896,100,0.09655193520191573,0.08326753389018339,0.07933478316598233,100,-0.011490664400942326,0.1273442332357265,-0.011623388715562122,100,0.9063032371832374,0.09111612337009826,0.939097809097809,100,0.7626664664664666,0.12759106061653408,0.7865945945945946,100,0.914058272381116,0.0849804273477419,0.9443809237152506,100,0.9123989361796647,0.08595104932731386,0.9402229132133868,100,0.9125357010330772,0.08663059156956407,0.9396368777354522,100,0.909091186512143,0.08792761171018317,0.9360950830889938,100,8.670931167996706,1.6481012987458825,8.867306686929052,100,6.913928756078746,1.5526940203355057,6.978560527610252,100,0.9928378564481775,0.032151050795486316,0.9937899458389132,100,0.010458928266871172,0.13678540693823985,-0.0014412174778557106,100,0.8432209817032912,0.14351366515858577,0.8914558588656178,100,0.20423575706907898,0.12801798696592184,0.16306419988454973,100,0.47568506297684016,0.3115745269023632,0.3950590781035648,100,2.0132772155171823,0.8075767859634889,1.8809788139637735,100,0.20386351307610703,0.23734525133696704,0.1123234286510515,100,1.3836798163600728,0.816257504087433,1.3169369456786701,100,0.1417509195692129,0.16437141004892455,0.07750498275549089,100,,,,0,,,,0,20.72367207765579,1.8949511297260573,20.559661865234375,100,-2.798154138812393,3.896559845095909e-18,3.156213474527686e-16,-0.15133647961859162,0.2132517564117422,1.0,-0.8869498162235235,4.8816168731894246e-17,3.417131811232597e-15,-0.15133647961859162,0.2132517564117422,1.0,0.3577178777978777,4.0161556854627e-18,3.156213474527686e-16,0.377011971971972,4.0161556854627e-18,3.156035430494824e-16,0.3479075929092428,4.0161556854627e-18,3.156213474527686e-16,0.3567226119732652,4.0161556854627e-18,3.156213474527686e-16,0.3669929266516775,4.0161556854627e-18,3.156213474527686e-16,0.3760165836161933,3.896559845095909e-18,3.156213474527686e-16,3.262679992760047,4.0161556854627e-18,3.156213474527686e-16,2.63675959461642,4.0161556854627e-18,3.156213474527686e-16,-0.5383764015370912,9.815788244911677e-17,2.9560043753829465e-15,0.12965764618972775,0.34614092891907466,1.0,0.520791556160344,4.0161556854627e-18,3.156213474527686e-16,-1.2467228369563064,3.896559845095909e-18,3.156213474527686e-16,-2.6657369629339644,3.896559845095909e-18,3.156213474527686e-16,0.8736448438495436,3.896559845095909e-18,3.156213474527686e-16,-0.8736448438495436,3.896559845095909e-18,3.156213474527686e-16,0.527351918923284,4.0161556854627e-18,3.156213474527686e-16,-0.527351918923284,4.0161556854627e-18,3.156213474527686e-16,,,,,,,15.348708744049071,3.896559845095909e-18,3.156213474527686e-16
a5_violation_sweep,2f783a2df4e6,Glmtrans_OptionB,FeasibleRestricted,550,500,20000,10,50,0.05,1.0,additive,0.1,2.0785336938965764,1.1316982010216192,1.7417943007640686,100,0.07246223501254014,1.2752959801443864,0.10460247671020403,100,0.573846345814533,0.4348267459638534,0.4674541681909721,100,0.16245661834920422,0.703591817915091,0.17560792634449363,100,0.9170076524076524,0.07965369134416965,0.9483107643107644,100,0.7758739939939941,0.11653659014051614,0.8047927927927929,100,0.9242512373843864,0.07374707844836988,0.9534843496444619,100,0.9238759240552669,0.07435982290319332,0.9481706241700034,100,0.9213051675637927,0.076178835359423,0.9491654539248983,100,0.9214239566817817,0.07476792482446426,0.9456087651365417,100,8.785204215128367,1.6359741026195107,8.901025509075865,100,6.983052488534827,1.5366601938489879,7.011420219275898,100,0.9993304346313339,0.023388287269077625,1.0020034356984455,100,-0.1629930966711655,0.7021236690287695,-0.17220450335639598,100,0.860316322916115,0.12651303415582105,0.9093099163212424,100,0.5990588429132155,0.41423447181301876,0.4742985653340088,100,0.9051766221601164,0.4939372416738621,0.8028217908450324,100,2.0141230074615537,0.8067123817513521,1.8771164326537564,100,0.20301772113173563,0.21723206061369005,0.10773354156401449,100,1.3975045628512894,0.8151401959285509,1.3346867804619922,100,0.12792617307799642,0.14756429042371574,0.06247888702328788,100,,,,0,,,,0,15.991197347640991,2.1377303991731234,15.589466094970703,100,-2.7627248735266803,3.896559845095909e-18,3.156213474527686e-16,0.022610803131554946,0.8338723094405576,1.0,-0.4096554056109062,4.283950081907581e-05,0.0018849380360393354,0.022610803131554946,0.8338723094405576,1.0,0.368422293022293,3.896559845095909e-18,3.156213474527686e-16,0.39021949949949947,3.896559845095909e-18,3.156035430494824e-16,0.358100557912513,3.896559845095909e-18,3.156213474527686e-16,0.36819959984886713,3.896559845095909e-18,3.156213474527686e-16,0.3757623931823933,3.896559845095909e-18,3.156213474527686e-16,0.388349353785832,3.896559845095909e-18,3.156213474527686e-16,3.376953039891709,3.896559845095909e-18,3.156213474527686e-16,2.705883327072503,3.896559845095909e-18,3.156213474527686e-16,-0.5318838233539349,5.816713162471362e-17,1.977682475240263e-15,-0.04379437874830889,0.9780556767995897,1.0,0.5378868973731677,3.896559845095909e-18,3.156213474527686e-16,-0.8518997511121698,2.339075754036752e-15,1.4736177250431537e-13,-2.2362454037506883,7.78699366986276e-18,4.594326265219029e-16,0.8744906357939151,3.896559845095909e-18,3.156213474527686e-16,-0.8744906357939151,3.896559845095909e-18,3.156213474527686e-16,0.5411766654145006,3.896559845095909e-18,3.156213474527686e-16,-0.5411766654145006,3.896559845095909e-18,3.156213474527686e-16,,,,,,,10.616234014034271,3.896559845095909e-18,3.156213474527686e-16
a5_violation_sweep,2f783a2df4e6,IPWTransport,FeasibleRestricted,550,500,20000,10,50,0.05,1.0,additive,0.1,2.20306262258024,1.1142037843832329,1.9372961331029783,100,0.10789539756336847,1.29071477781172,0.10513553525558561,100,0.6107562003932119,0.4679871045113761,0.47931653621405346,100,0.19788978090003254,0.7458197182594387,0.24051449763479632,100,0.9092757931557932,0.0807764378176615,0.9384562404562405,100,0.7608411211211211,0.11258636811823694,0.7888888888888889,100,0.9170157570212254,0.0750166235317016,0.9427880821568841,100,0.9155827689515708,0.07710234767947981,0.9382678745009561,100,0.9134842258033204,0.07751712686762434,0.9386509257807143,100,0.9135994842613906,0.07713447761900973,0.9382169378392045,100,8.706452444130298,1.6439062030117864,8.800014634868033,100,6.928529711102948,1.549639481799698,6.963964939346637,100,0.9780345194900013,0.030756135505432578,0.9806669460910697,100,-0.19126601089480416,0.740235591492566,-0.227995506430443,100,0.8471181629148358,0.12764790108013194,0.8886533844601752,100,0.643187999619769,0.44272699621587536,0.4880886297610828,100,1.0398993544191422,0.5365213333722638,0.8543615892868832,100,1.9981334329936513,0.8092238196087959,1.8760917963309653,100,0.21900729559963827,0.22259360020599822,0.14035248675657463,100,1.3866000073649132,0.8166329383846312,1.3295756612999585,100,0.13883072856437237,0.14963837443113176,0.08641174420081621,100,,,,0,,,,0,0.5235382652282715,0.24640994086610463,0.5402921438217163,100,-2.6381959448430172,3.896559845095909e-18,3.156213474527686e-16,0.058043965682383264,0.687475023529822,1.0,-0.37274555103222745,0.00021300115798831716,0.008307045161544369,0.05804396568238324,0.687475023529822,1.0,0.3606904337704338,3.896559845095909e-18,3.156213474527686e-16,0.3751866266266266,3.896559845095909e-18,3.156035430494824e-16,0.350865077549352,3.896559845095909e-18,3.156213474527686e-16,0.35990644474517114,3.896559845095909e-18,3.156213474527686e-16,0.3679414514219207,4.0161556854627e-18,3.156213474527686e-16,0.3805248813654412,3.896559845095909e-18,3.156213474527686e-16,3.2982012688936377,3.896559845095909e-18,3.156213474527686e-16,2.651360549640623,4.0161556854627e-18,3.156213474527686e-16,-0.5531797384952671,2.964263914228315e-17,1.2449908439758923e-15,-0.07206729297194758,0.8770384213786963,1.0,0.5246887373718884,3.896559845095909e-18,3.156213474527686e-16,-0.8077705944056164,3.899148553775431e-14,2.027557247963224e-12,-2.1015226714916633,8.023842397878198e-18,4.653828590769355e-16,0.858501061326012,3.896559845095909e-18,3.156213474527686e-16,-0.8585010613260121,3.896559845095909e-18,3.156213474527686e-16,0.5302721099281247,4.0161556854627e-18,3.156213474527686e-16,-0.5302721099281247,4.0161556854627e-18,3.156213474527686e-16,,,,,,,-4.851425068378449,3.896559845095909e-18,3.156213474527686e-16
a5_violation_sweep,2f783a2df4e6,OutcomeModelTransport,FeasibleRestricted,550,500,20000,10,50,0.05,1.0,additive,0.1,2.095797790310113,1.1272343324737317,1.878234689500185,100,0.08512727665884758,1.270786977864177,0.09807997166095914,100,0.5978161920951996,0.46580598768687576,0.516557641689462,100,0.17512165999551166,0.7395890680716067,0.16602994620532252,100,0.9169320032520034,0.0793099404353804,0.9479693279693282,100,0.7754906906906908,0.11583605760784668,0.8050470470470471,100,0.9241709288614931,0.07342988489241772,0.9530756257161812,100,0.9239617205347913,0.0744280061128857,0.9496594565476638,100,0.9210933271028381,0.07534722121305946,0.947255721168494,100,0.9216635259564547,0.07420755411140338,0.9465809733822845,100,8.785375021683862,1.6328407509278429,8.904817626917984,100,6.9826902856931925,1.538552153493655,7.007784292203466,100,0.9925513102794425,0.024411937785250176,0.9950808799126858,100,-0.17479725170027277,0.7376551927160406,-0.14639286033597274,100,0.8600884270663951,0.12590717428173756,0.9086507222605096,100,0.6213619461205038,0.44743860562620397,0.5299254387055085,100,0.9350038006104464,0.515283154656409,0.8538227835715931,100,2.013557909712518,0.8061400357474204,1.8806321715063943,100,0.20358281888077115,0.21575371896314963,0.1334285480769416,100,1.3974321222829624,0.8142801118874322,1.3319974707843265,100,0.1279986136463232,0.145698164902085,0.06696551417510055,100,,,,0,,,,0,0.08793596744537353,0.04605612395541609,0.07701492309570312,100,-2.745460777113144,3.896559845095909e-18,3.156213474527686e-16,0.03527584477786238,0.7387436743898753,1.0,-0.38568555933023957,0.00017358336141942972,0.0071169178181966185,0.035275844777862365,0.7387436743898753,1.0,0.36834664386664384,3.896559845095909e-18,3.156213474527686e-16,0.38983619619619625,3.896559845095909e-18,3.156035430494824e-16,0.35802024938961985,3.896559845095909e-18,3.156213474527686e-16,0.36828539632839175,3.896559845095909e-18,3.156213474527686e-16,0.3755505527214386,3.896559845095909e-18,3.156213474527686e-16,0.3885889230605055,3.896559845095909e-18,3.156213474527686e-16,3.3771238464472053,3.896559845095909e-18,3.156213474527686e-16,2.7055211242308688,3.896559845095909e-18,3.156213474527686e-16,-0.538662947705826,4.2169267302822515e-17,1.560262890204433e-15,-0.05559853377741627,0.947912712213223,1.0,0.537659001523448,3.896559845095909e-18,3.156213474527686e-16,-0.8295966479048813,1.0240740550959064e-14,5.632407303027485e-13,-2.2064182253003586,9.318997235593406e-18,5.064889686123688e-16,0.8739255380448793,3.896559845095909e-18,3.156213474527686e-16,-0.8739255380448793,3.896559845095909e-18,3.156213474527686e-16,0.5411042248461737,3.896559845095909e-18,3.156213474527686e-16,-0.5411042248461737,3.896559845095909e-18,3.156213474527686e-16,,,,,,,-5.287027366161347,3.896559845095909e-18,3.156213474527686e-16
a5_violation_sweep,2f783a2df4e6,ProxyOnly,FeasibleRestricted,550,500,20000,10,50,0.05,1.0,additive,0.1,4.841258567423257,0.7220462685027426,4.73198549552214,100,0.04985143188098516,1.6848399108507526,0.1909866999682739,100,0.9835017514254393,0.7940496196547362,0.8422455485844698,100,0.13984581521764927,1.2600819652320805,0.12074984552644871,100,0.5485853593853595,0.0820192436211806,0.5692950292950294,100,0.3856544944944945,0.06268062807898192,0.4015695695695696,100,0.5661506794718731,0.0813846247670375,0.5877699236752847,100,0.5556763242063997,0.1158911915055617,0.579902475473612,100,0.5455427743813995,0.13360903057415677,0.5803391134161385,100,0.5330746028959494,0.15616943962511948,0.5683737890519158,100,5.408251175236658,1.777845767732879,5.541498826787114,100,4.277169161462325,1.6394551641808441,4.325777341700504,100,1.5312142579852683,0.3834074302372123,1.5117436229612333,100,-0.11919871792285658,1.9297909516550824,-0.06528792215994057,100,0.32242942554294723,0.08447739876382558,0.33868817103874577,100,1.4509585940253857,0.6107796194865104,1.3122286832492327,100,3.141422025910805,1.231421134308833,2.935601174074705,100,1.1396323716676386,0.8679241177925915,1.184004660515587,100,1.0775083569256507,0.3051241407598739,1.0154499480785488,100,0.8563278974367888,0.827516521088615,0.8467885024370307,100,0.6691028384924969,0.1685911705416918,0.6165166377120017,100,0.0,0.0,0.0,100,0.0,0.0,0.0,100,5.37496333360672,1.9440481922904174,5.072511792182922,100,,,,,,,,,,,,,,,,,,,,,,,,,,,,,,,,,,,,,,,,,,,,,,,,,,,,,,,,,,,,,,,,,,,,,,,,
a5_violation_sweep,2f783a2df4e6,TargetOnlyDR,OracleTargetTreated,550,500,20000,10,50,0.05,1.0,additive,0.1,4.301122530377522,0.5656219838393847,4.158248724359592,100,-0.07714036430888994,1.324534977770742,-0.10617884216334042,100,0.16362444519436692,0.11654475076722658,0.14121237433918077,100,0.012854019027774189,0.2011446672766076,0.02186377077432483,100,0.6689983124383124,0.04190819444796615,0.6687354687354687,100,0.4831622022022023,0.03593256463025655,0.48158958958958964,100,0.6856898286764763,0.04071161475668305,0.6855604088516554,100,0.6803574197544475,0.08257143701036636,0.6945197091951784,100,0.6675798241448823,0.10125177980892375,0.6943732485921128,100,0.6561850631255638,0.13312708942501394,0.6832184292831386,100,6.569958856086835,1.721716555821373,6.531132249361817,100,5.185326644406261,1.637559168608699,5.13035799117161,100,1.6809967390043914,0.30384657374537727,1.6461327313883785,100,0.0017047422059406183,0.9896682432664693,-0.02659117516656761,100,0.4666594799106317,0.056857546324523896,0.4690510829758184,100,1.257801957920114,0.3313981773643085,1.1923140163504793,100,3.199582563236492,0.7633950252103142,3.121358884681098,100,1.5202398937619999,0.7850096755402179,1.5474896841678467,100,0.6969008348312896,0.14985282619473916,0.6796174617446875,100,1.037959394025576,0.8033303936377449,1.0137207008340463,100,0.48747134190370994,0.11257294072426229,0.4770930991810278,100,0.0,0.0,0.0,100,0.0,0.0,0.0,100,13.98656997680664,3.810685516888992,13.494663000106812,100,-0.5401360370457349,3.896559845095909e-18,3.156213474527686e-16,-0.1269917961898751,0.2959070922839476,1.0,-0.8198773062310724,5.020142338158485e-16,2.861481132750336e-14,-0.1269917961898751,0.2959070922839476,1.0,0.12041295305295303,6.906672275406012e-18,3.156213474527686e-16,0.09750770770770771,6.702409068617996e-18,3.156035430494824e-16,0.11953914920460329,6.906672275406012e-18,3.156213474527686e-16,0.12468109554804792,1.043664781540866e-15,2.333709052055608e-15,0.12203704976348279,3.18726485553945e-16,1.5488665622510963e-15,0.12311046022961415,4.1167803303556016e-16,1.2350340991066804e-15,1.1617076808501756,1.822758080253685e-15,1.83731228545336e-15,0.9081574829439354,1.6501804744705308e-16,9.901082846823186e-16,0.14978248101912267,0.0003141246127325076,0.0012236501362430762,0.12090346012879712,0.4270481369484205,1.0,0.1442300543676845,8.267798584515514e-18,3.156213474527686e-16,-0.1931566361052712,0.027046719679822244,0.4868409542368004,0.05816053732568691,0.44939054842060555,1.0,0.38060752209436083,9.318997235593406e-18,3.156213474527686e-16,-0.38060752209436083,9.318997235593406e-18,3.156213474527686e-16,0.18163149658878708,1.6501804744705308e-16,9.901082846823186e-16,-0.18163149658878713,1.6501804744705308e-16,9.901082846823186e-16,0.0,,,0.0,,,8.61160664319992,3.896559845095909e-18,3.156213474527686e-16
a5_violation_sweep,47ffb5e9a6c1,AnchorOnly,OracleTargetTreated,550,500,20000,10,50,0.2,1.0,additive,0.1,4.465672902049741,0.6201040459792566,4.3966684147433135,100,0.10730016270262699,1.5851464743960682,0.21067947274652835,100,0.16400373742028618,0.1485466816533295,0.1138378048241949,100,-0.02765419976261606,0.2201421179790638,-0.018424433086002556,100,0.6386367475167475,0.047246273225926574,0.6411799131799132,100,0.45772148148148156,0.03947135275462681,0.4578978978978979,100,0.656219869809524,0.04697500750796572,0.6574072929571082,100,0.6566170102315639,0.09089522178196209,0.6761300322300734,100,0.6505337250012713,0.09864699099761459,0.6748220911236045,100,0.6373012421498341,0.12707335245581494,0.673310432851763,100,6.589644623244786,1.9009524954831853,6.629247905205347,100,5.2807642988497605,1.7818598904708711,5.219428189624777,100,1.6439857481977556,0.2985637152734435,1.6217391852991252,100,-0.04695542523154815,1.0732163958883758,-0.13326537883639064,100,0.4249027200189483,0.06126686952139493,0.4177212004674862,100,1.2169778648653622,0.33690505414432836,1.2244771863416162,100,3.0596831862233627,0.754359357090735,3.077427549105882,100,1.558859001029085,0.8233321593521166,1.5865581117672702,100,0.769404727742053,0.16306738580887617,0.7616030374091035,100,1.001198228456625,0.958384117921679,0.9597852189085795,100,0.5290393581080344,0.11480852022193218,0.5291297679569843,100,0.001703605555361387,0.0014369501277868122,0.0014392281638685356,100,23.9,0.674199862463242,24.0,100,12.57566585302353,3.2738123716482006,13.274545431137085,100,-0.5169867114868015,3.896559845095909e-18,3.156213474527686e-16,-0.04504275060329665,0.6132542176643868,1.0,-0.8112564243694544,2.7607481043139143e-15,1.4631964952863746e-13,-0.04504275060329665,0.6132542176643868,1.0,0.1220224187824188,9.318997235593406e-18,3.156213474527686e-16,0.09737501501501504,7.55704804907942e-18,3.156035430494824e-16,0.122858498771276,9.601770743442903e-18,3.156213474527686e-16,0.13814854035632718,3.641679657916183e-17,5.098351521082657e-16,0.13069579341271684,1.690631665125153e-17,3.156213474527686e-16,0.12698338864447328,5.486894326681338e-17,4.938204894013205e-16,1.3380443289682473,4.2169267302822515e-17,5.482004749366927e-16,0.992939344868044,1.4146791640488978e-17,3.156213474527686e-16,0.18035284023000642,5.666659455897179e-05,0.0003399995673538307,0.007754925217548494,0.7595963382015569,1.0,0.13967113744336415,1.2938800168252932e-17,3.156213474527686e-16,-0.1689099123044037,0.03657277334845504,0.5485916002268256,0.15760573773220207,0.1234703042536796,0.7408218255220775,0.3473850313888695,2.5581057720235416e-17,3.156213474527686e-16,-0.3473850313888695,2.5581057720235416e-17,3.156213474527686e-16,0.1985878689736088,1.4146791640488978e-17,3.156213474527686e-16,-0.19858786897360883,1.4146791640488978e-17,3.156213474527686e-16,0.001703605555361387,3.896559845095909e-18,7.013807721172637e-17,23.9,1.9754723584990543e-19,2.3705668301988652e-18,7.019340405464172,1.7242622413327714e-15,2.2415409137326027e-14
a5_violation_sweep,47ffb5e9a6c1,AnchorPlugin,FeasibleRestricted,550,500,20000,10,50,0.2,1.0,additive,0.1,3.557617870662929,0.5332228836851082,3.4933867018384896,100,0.08729812544377608,1.2701197027652469,0.11624745067313765,100,0.7277670127458161,0.524221683995247,0.6315218628140818,100,-0.04765623702146698,0.8986150950409084,-0.08566674153353171,100,0.7718954464154464,0.06313932213678851,0.7783559563559563,100,0.5795978378378378,0.06163413771972425,0.5835575575575576,100,0.7858050816709908,0.06074829314730267,0.7962654645426012,100,0.7804161387010986,0.08589645221538506,0.7973433449951306,100,0.7743099222824285,0.09313952532637372,0.7927182917197451,100,0.7706265186456356,0.1093708781420015,0.7969549207437996,100,7.822824097849023,2.18431403747278,7.861565923616544,100,6.261144571085684,2.0030165096211894,6.267905904113741,100,1.0113154866464094,0.1414760305144325,1.0208784304089278,100,0.04165613890174576,0.8836923031916737,0.0012651796218379713,100,0.6209115544696162,0.09102960388892259,0.6326680223615528,100,0.9258901222775549,0.43287048526939614,0.8364137837995361,100,1.7362750582319613,0.6529077338524424,1.62425557894085,100,1.846912923988863,0.8562637627931022,1.9542689863982003,100,0.4813508047822749,0.14870490704220587,0.4574477309148598,100,1.1972742829038099,0.964908986929224,1.2176159047244912,100,0.3329633036608491,0.09607637512931011,0.3138909126004704,100,0.0052145166221591955,0.0032751713729198433,0.004999968548791859,100,49.4,0.8989331499509894,50.0,100,6.4376177716255185,1.9378751635097522,6.684314727783203,100,-1.4250417428736133,4.0161556854627e-18,3.156213474527686e-16,-0.06504478786214754,0.29116666608101216,1.0,-0.2474931490439244,0.0049150423911688106,0.12779110217038908,-0.06504478786214754,0.29116666608101216,1.0,0.2552811176811177,3.896559845095909e-18,3.156213474527686e-16,0.21925137137137135,3.896559845095909e-18,3.156035430494824e-16,0.25244371063274285,3.896559845095909e-18,3.156213474527686e-16,0.26194766882586185,3.896559845095909e-18,3.156213474527686e-16,0.2544719906938742,3.896559845095909e-18,3.156213474527686e-16,0.26030866514027484,3.896559845095909e-18,3.156213474527686e-16,2.5712238035724835,3.896559845095909e-18,3.156213474527686e-16,1.9733196171039697,3.896559845095909e-18,3.156213474527686e-16,-0.4523174213213397,9.601770743442903e-18,4.992920786590309e-16,0.09636648935084241,0.44939054842060555,1.0,0.3356799718940321,3.896559845095909e-18,3.156213474527686e-16,-0.45999765489221095,4.067884888807612e-11,1.6271539555230448e-09,-1.1658023902591998,1.0240740550959064e-14,3.481851787326082e-13,0.6354389543486473,4.139373908714419e-18,3.156213474527686e-16,-0.6354389543486473,4.139373908714419e-18,3.156213474527686e-16,0.3946639234207939,3.896559845095909e-18,3.156213474527686e-16,-0.3946639234207939,3.896559845095909e-18,3.156213474527686e-16,0.0052145166221591955,3.896559845095909e-18,7.013807721172637e-17,49.4,3.9381037420732856e-19,2.488191672302221e-18,0.8812923240661621,0.004862747585576055,0.01765706235871661
a5_violation_sweep,47ffb5e9a6c1,EntropyBalancing,FeasibleRestricted,550,500,20000,10,50,0.2,1.0,additive,0.1,2.710306060563291,1.011511022955408,2.4185588880720585,100,0.07271004638773362,1.3472136648531328,0.09047083729197558,100,0.635145388126421,0.422080449523536,0.5982721398985318,100,-0.06224431607750943,0.7627076276254061,-0.10608696663791226,100,0.8690542941742944,0.0826270263789695,0.8903046983046984,100,0.6976720320320322,0.10268601332322336,0.7080620620620621,100,0.8789349576721247,0.07796392681839523,0.8968449919165558,100,0.8790552647071741,0.08364251496046886,0.8929996391817036,100,0.8723306315262128,0.08878677209505913,0.8886779726018554,100,0.8724470934055444,0.091274441990245,0.8981225667809019,100,8.656125759591765,1.8483403516030275,8.618026485923355,100,6.903821827549474,1.7711759894410395,7.0778381754286155,100,0.973087445407924,0.038713999435267404,0.9775414102805453,100,0.0713103126351556,0.7609991630985937,0.12736769987085275,100,0.7784401121821951,0.13129031032161878,0.8001412428255299,100,0.6851980703638826,0.3748122123929607,0.6348396662307478,100,1.174655188867469,0.4749918848840892,1.0717186370347442,100,2.0311865074238513,0.8220029199538491,2.0558924186145573,100,0.29707722134728654,0.20731076721775626,0.22786095321184263,100,1.3258097341965678,0.9616962313164307,1.320513167667859,100,0.20442785236809155,0.1546715355932731,0.15311357505151224,100,,,,0,,,,0,1.8849567532539369,0.8199464300389456,1.8167897462844849,100,-2.272353552973252,3.896559845095909e-18,3.156213474527686e-16,-0.07963286691819,0.35680454481095936,1.0,-0.34011477366331955,0.00206487521136988,0.05988138112972651,-0.07963286691819002,0.35680454481095936,1.0,0.35243996543996553,3.896559845095909e-18,3.156213474527686e-16,0.3373255655655656,3.896559845095909e-18,3.156035430494824e-16,0.34557358663387666,3.896559845095909e-18,3.156213474527686e-16,0.3605867948319373,3.896559845095909e-18,3.156213474527686e-16,0.3524926999376584,3.896559845095909e-18,3.156213474527686e-16,0.3621292399001835,3.896559845095909e-18,3.156213474527686e-16,3.4045254653152255,3.896559845095909e-18,3.156213474527686e-16,2.6159968735677577,3.896559845095909e-18,3.156213474527686e-16,-0.49054546255982506,5.94331234302936e-18,4.041452393259965e-16,0.12602066308425225,0.4787621325036495,1.0,0.49320852960661077,3.896559845095909e-18,3.156213474527686e-16,-0.7006897068058833,3.9197457473169017e-13,1.8814779587121128e-11,-1.727422259623692,3.14398699044227e-17,1.5719934952211352e-15,0.8197125377836357,3.896559845095909e-18,3.156213474527686e-16,-0.8197125377836357,3.896559845095909e-18,3.156213474527686e-16,0.5231993747135515,3.896559845095909e-18,3.156213474527686e-16,-0.5231993747135515,3.896559845095909e-18,3.156213474527686e-16,,,,,,,-3.67136869430542,3.896559845095909e-18,3.156213474527686e-16
a5_violation_sweep,47ffb5e9a6c1,Glmtrans_Auto,OracleTargetTreated,550,500,20000,10,50,0.2,1.0,additive,0.1,2.412294746220293,1.1830339662160332,2.259293717603212,100,0.09396813770633504,1.60250884946554,0.17343113657005638,100,0.11991812240548644,0.1074714079829192,0.1029683318547514,100,-0.040986224758908,0.1561373649291949,-0.040944823148383505,100,0.8823229386829387,0.08565672581521255,0.9015746475746476,100,0.722046086086086,0.1196725787617838,0.726086086086086,100,0.8913327060533043,0.08053488722847194,0.9086757149589134,100,0.888989216360389,0.08666776786191342,0.9079618916539764,100,0.8859647360710892,0.08969029604174514,0.902129207475084,100,0.8842020662418767,0.09621458465414728,0.9030574217543821,100,8.74960305393491,1.8535815910772322,8.797073623664826,100,7.008340502923029,1.7794246993477634,7.173695219375588,100,1.0538958514658157,0.03054890310788491,1.0516142527592032,100,0.03793741418981564,0.194503954628507,0.024455961403039107,100,0.8006869081756622,0.1386324093472973,0.8260345401211041,100,0.3008435910823158,0.13873003413471166,0.26807355485744155,100,0.7185285553228357,0.33033006887884325,0.6703713563211631,100,2.079303783438276,0.82902012689726,2.123588093415351,100,0.2489599453328623,0.21449497599708522,0.18425565768438323,100,1.3467134692712783,0.95980300351881,1.3454063657573505,100,0.18352411729338067,0.15098488684659434,0.14222758081789078,100,,,,0,,,,0,16.855750665664672,1.4031401875306098,16.64098882675171,100,-2.5703648673162487,3.896559845095909e-18,3.156213474527686e-16,-0.05837477559958856,0.5869540189208129,1.0,-0.855342039384254,1.0104199612316775e-16,6.668771744129072e-15,-0.05837477559958856,0.5869540189208129,1.0,0.36570860994860993,3.896559845095909e-18,3.156213474527686e-16,0.3616996196196196,3.896559845095909e-18,3.156035430494824e-16,0.3579713350150559,3.896559845095909e-18,3.156213474527686e-16,0.3705207464851523,3.896559845095909e-18,3.156213474527686e-16,0.3661268044825349,3.896559845095909e-18,3.156213474527686e-16,0.37388421273651595,3.896559845095909e-18,3.156213474527686e-16,3.498002759658371,3.896559845095909e-18,3.156213474527686e-16,2.7205155489413126,3.896559845095909e-18,3.156213474527686e-16,-0.4097370565019336,5.0264575344033727e-17,1.7592601370411804e-15,0.0926477646389123,0.6012349777584516,1.0,0.5154553256000779,3.896559845095909e-18,3.156213474527686e-16,-1.0850441860874502,3.896559845095909e-18,3.156213474527686e-16,-2.183548893168325,3.896559845095909e-18,3.156213474527686e-16,0.8678298137980599,3.896559845095909e-18,3.156213474527686e-16,-0.8678298137980599,3.896559845095909e-18,3.156213474527686e-16,0.5441031097882625,3.896559845095909e-18,3.156213474527686e-16,-0.5441031097882625,3.896559845095909e-18,3.156213474527686e-16,,,,,,,11.299425218105316,3.896559845095909e-18,3.156213474527686e-16
a5_violation_sweep,47ffb5e9a6c1,Glmtrans_DR_CrossFit,OracleTargetTreated,550,500,20000,10,50,0.2,1.0,additive,0.1,2.571017043661387,1.224655929514322,2.428237078795512,100,0.09099962400477729,1.6058823669097717,0.15579307009755033,100,0.11356989315225369,0.10758658365005201,0.0849629172059051,100,-0.043954738460465735,0.15050496098793859,-0.0357500115754778,100,0.8650343933543934,0.09494565744947207,0.8834450774450775,100,0.6999097097097098,0.12473289235978224,0.7020620620620621,100,0.8748379295473137,0.08987968084032713,0.892732699865411,100,0.8705255241132812,0.09859238114072716,0.8889778467337318,100,0.8706688570293362,0.10022063284608283,0.8897993843188865,100,0.8665974363109831,0.10792564225379926,0.8878290591184592,100,8.55933168701111,1.8488213984149653,8.566453721758528,100,6.882325444723571,1.7695340194293703,7.053450740374926,100,0.990282841905711,0.043486323213049786,0.9948742756153544,100,0.046724122654814265,0.167137129778011,0.04096475571076352,100,0.7730972409688232,0.15138696848770467,0.7961751894216189,100,0.26578952010323564,0.13323448569462074,0.23853486814103872,100,0.6187091771456038,0.3312232356560277,0.5750189997523906,100,2.0441149402160597,0.8307496651948141,2.0661065141418513,100,0.2841487885550785,0.23892082287871583,0.21914377937612028,100,1.3215104576313872,0.9593981940343427,1.3238339284799143,100,0.2087271289332722,0.1708798129555845,0.16181342996409936,100,,,,0,,,,0,20.710576434135437,1.411815835681826,20.53509533405304,100,-2.411642569875155,3.896559845095909e-18,3.156213474527686e-16,-0.06134328930114629,0.5519569797477354,1.0,-0.8616902686374867,6.536103994610526e-17,4.509911756281263e-15,-0.06134328930114629,0.5519569797477354,1.0,0.34842006462006475,3.896559845095909e-18,3.156213474527686e-16,0.3395632432432433,3.896559845095909e-18,3.156035430494824e-16,0.3414765585090656,3.896559845095909e-18,3.156213474527686e-16,0.35205705423804445,3.896559845095909e-18,3.156213474527686e-16,0.3508309254407819,3.896559845095909e-18,3.156213474527686e-16,0.35627958280562216,3.896559845095909e-18,3.156213474527686e-16,3.307731392734567,3.896559845095909e-18,3.156213474527686e-16,2.5945004907418543,3.896559845095909e-18,3.156213474527686e-16,-0.4733500660620381,1.8478899002670448e-17,8.500293541228407e-16,0.10143447310391092,0.6012349777584516,1.0,0.487865658393239,3.896559845095909e-18,3.156213474527686e-16,-1.1200982570665303,4.0161556854627e-18,3.156213474527686e-16,-2.283368271345557,4.0161556854627e-18,3.156213474527686e-16,0.832640970575844,3.896559845095909e-18,3.156213474527686e-16,-0.832640970575844,3.896559845095909e-18,3.156213474527686e-16,0.5189000981483709,3.896559845095909e-18,3.156213474527686e-16,-0.5189000981483709,3.896559845095909e-18,3.156213474527686e-16,,,,,,,15.15425098657608,3.896559845095909e-18,3.156213474527686e-16
a5_violation_sweep,47ffb5e9a6c1,Glmtrans_OptionB,FeasibleRestricted,550,500,20000,10,50,0.2,1.0,additive,0.1,2.5485461733350756,1.0607668621203028,2.2832649530228077,100,0.07366189860838658,1.3914780794956836,0.0978260050094652,100,0.5415039670497008,0.40341298174906687,0.42025487182466187,100,-0.061292463856856445,0.6746374961580327,-0.10476132512955438,100,0.880840657840658,0.08214230158160823,0.9040836760836761,100,0.7155957157157158,0.10776986183250065,0.7284784784784785,100,0.8900384422531381,0.07720907556069673,0.9094848626105629,100,0.8888743428478426,0.0817831135484727,0.906933327962336,100,0.8855448544062213,0.08553814807436448,0.9024010292842,100,0.8826949952041475,0.09218576185686762,0.9069569249450358,100,8.754935351350207,1.8665797712886596,8.728318329012207,100,7.008175614526197,1.7803752428026691,7.193213623275113,100,0.998219283954497,0.029993170264919992,0.9968762075995268,100,0.06322366230117363,0.6725176486832655,0.1092669730911656,100,0.7979345795845566,0.13181884678828545,0.8255797411506194,100,0.5923971991874669,0.36181213268848944,0.4680268005804738,100,0.9365144068066631,0.43485328563875797,0.8713360425307928,100,2.061051828684902,0.8242415780339474,2.088411689785956,100,0.26721190008623563,0.20269521042596042,0.19743116769889624,100,1.346680491591912,0.9615181203904045,1.343631121572296,100,0.18355709497274705,0.14656502865162788,0.14387588210544158,100,,,,0,,,,0,16.073230845928194,1.8580009300769744,16.113088011741638,100,-2.4341134402014664,3.896559845095909e-18,3.156213474527686e-16,-0.07868101469753705,0.3731834417772567,1.0,-0.43375619474003946,5.834610829586528e-05,0.002508882656722207,-0.07868101469753704,0.3731834417772567,1.0,0.3642263291063291,3.896559845095909e-18,3.156213474527686e-16,0.3552492492492492,3.896559845095909e-18,3.156035430494824e-16,0.3566770712148902,3.896559845095909e-18,3.156213474527686e-16,0.37040587297260563,3.896559845095909e-18,3.156213474527686e-16,0.365706922817667,3.896559845095909e-18,3.156213474527686e-16,0.37237714169878666,3.896559845095909e-18,3.156213474527686e-16,3.5033350570736665,3.896559845095909e-18,3.156213474527686e-16,2.7203506605444803,3.896559845095909e-18,3.156213474527686e-16,-0.46541362401325204,9.601770743442903e-18,4.992920786590309e-16,0.11793401275027028,0.42305657051311696,1.0,0.5127029970089724,3.896559845095909e-18,3.156213474527686e-16,-0.7934905779822992,7.0062856931374904e-15,3.9935828450883695e-13,-1.965563041684498,4.813701823147399e-18,3.156213474527686e-16,0.8495778590446866,3.896559845095909e-18,3.156213474527686e-16,-0.8495778590446866,3.896559845095909e-18,3.156213474527686e-16,0.544070132108896,3.896559845095909e-18,3.156213474527686e-16,-0.544070132108896,3.896559845095909e-18,3.156213474527686e-16,,,,,,,10.516905398368836,3.896559845095909e-18,3.156213474527686e-16
a5_violation_sweep,47ffb5e9a6c1,IPWTransport,FeasibleRestricted,550,500,20000,10,50,0.2,1.0,additive,0.1,2.6936254763506984,1.0184666673828253,2.412948878594353,100,0.07376901384334186,1.349661449714089,0.0831641684148165,100,0.6377042067662767,0.4238718563073367,0.6013183033320613,100,-0.06118534862190119,0.7659375225101889,-0.10204607939556934,100,0.8706237581037581,0.08282340606319147,0.8912824412824414,100,0.7001226026026026,0.10388549482811836,0.7093993993993994,100,0.8803923072794536,0.07811854642947952,0.8978212385473233,100,0.8802057197951301,0.08377553841925092,0.8950668739406518,100,0.8743353814635622,0.08768286862799474,0.894243570338155,100,0.8732804387347788,0.09186054388985727,0.8995999433703515,100,8.66770318632129,1.8512241699772394,8.680412642770591,100,6.919424494946267,1.76941450401093,7.09156643400068,100,0.9756166328851422,0.037488279502376654,0.9785455211714698,100,0.06848871078162863,0.7651328876414224,0.1153530221765348,100,0.7809623202045388,0.1318428864268897,0.8020660372826998,100,0.6850689229629541,0.3785638387337694,0.6149434413996353,100,1.1598005033962913,0.4783263727760025,1.101868774735677,100,2.033844178371213,0.8221354378326785,2.058749982370946,100,0.29441955039992457,0.2082755975203771,0.23214846926613025,100,1.3289302676759263,0.961725793631194,1.329890371725392,100,0.20130731888873268,0.15276705339090837,0.15658702241067612,100,,,,0,,,,0,0.5280958247184754,0.2635364403540718,0.5765465497970581,100,-2.2890341371858436,3.896559845095909e-18,3.156213474527686e-16,-0.07857389946258175,0.35144711435544207,1.0,-0.3375559550234638,0.002316335468209835,0.06485739310987539,-0.07857389946258177,0.35144711435544207,1.0,0.3540094293694294,3.896559845095909e-18,3.156213474527686e-16,0.33977613613613605,3.896559845095909e-18,3.156035430494824e-16,0.34703093624120546,3.896559845095909e-18,3.156213474527686e-16,0.3617372499198933,3.896559845095909e-18,3.156213474527686e-16,0.35449744987500786,3.896559845095909e-18,3.156213474527686e-16,0.36296258522941804,3.896559845095909e-18,3.156213474527686e-16,3.4161028920447496,3.896559845095909e-18,3.156213474527686e-16,2.631599540964552,3.896559845095909e-18,3.156213474527686e-16,-0.4880162750826069,6.311606041551026e-18,4.1656599874236773e-16,0.12319906123072533,0.49166378509120057,1.0,0.49573073762895453,3.896559845095909e-18,3.156213474527686e-16,-0.7008188542068118,4.681588885474814e-13,2.1067149984636665e-11,-1.7422769450948694,3.536288390303153e-17,1.6974184273455134e-15,0.8223702087309975,3.896559845095909e-18,3.156213474527686e-16,-0.8223702087309975,3.896559845095909e-18,3.156213474527686e-16,0.5263199081929104,3.896559845095909e-18,3.156213474527686e-16,-0.5263199081929104,3.896559845095909e-18,3.156213474527686e-16,,,,,,,-5.028229622840882,3.896559845095909e-18,3.156213474527686e-16
a5_violation_sweep,47ffb5e9a6c1,OutcomeModelTransport,FeasibleRestricted,550,500,20000,10,50,0.2,1.0,additive,0.1,2.559000755853406,1.0608192108426693,2.2904040449068965,100,0.0789260320824517,1.35925285367783,0.08133255964406863,100,0.5975857366056931,0.4117508499461473,0.49882361533449165,100,-0.056028330382791355,0.7260053382084863,-0.12683229951649722,100,0.8812684933084931,0.0822824720450341,0.9046044406044407,100,0.7162804004004005,0.10808633442070628,0.7283783783783784,100,0.8904316252345085,0.07734499805455664,0.9094653674535689,100,0.8888326822738647,0.08319189333456722,0.91005592291183,100,0.8859349446987599,0.08670554503720015,0.9037328523412014,100,0.8832557918246711,0.09220093589334413,0.9043436796853903,100,8.75412821861774,1.8716711346974038,8.75125493850103,100,7.0106606039416075,1.7840216974379146,7.179022996336318,100,0.9932542516216455,0.029241635381642768,0.9930360273590315,100,0.05783987151854409,0.7252746231162223,0.12635933925842247,100,0.7986105851111697,0.1321273732070562,0.8255257473615736,100,0.6369366568341747,0.37649370592807985,0.5339907298927065,100,1.0094436836556762,0.445916295853239,0.9489810033893966,100,2.059813368991595,0.8229791884136234,2.0912571753065077,100,0.26845035977954285,0.20283828233578327,0.19789478562849894,100,1.3471774894749942,0.9612504224144048,1.3434841870936798,100,0.1830600970896647,0.1484039827533345,0.13671477833550663,100,,,,0,,,,0,0.08264349460601807,0.048829698031604224,0.07031667232513428,100,-2.423658857683136,3.896559845095909e-18,3.156213474527686e-16,-0.07341688122347191,0.36402735891799287,1.0,-0.37767442518404737,0.0004709164279142287,0.017894824260740693,-0.07341688122347191,0.36402735891799287,1.0,0.36465416457416466,3.896559845095909e-18,3.156213474527686e-16,0.3559339339339339,3.896559845095909e-18,3.156035430494824e-16,0.3570702541962602,3.896559845095909e-18,3.156213474527686e-16,0.3703642123986279,3.896559845095909e-18,3.156213474527686e-16,0.3660970131102056,3.896559845095909e-18,3.156213474527686e-16,0.3729379383193102,3.896559845095909e-18,3.156213474527686e-16,3.5025279243412024,3.896559845095909e-18,3.156213474527686e-16,2.722835649959892,3.896559845095909e-18,3.156213474527686e-16,-0.4703786563461037,8.519072542858556e-18,4.770680624000792e-16,0.11255022196764075,0.48518973727290204,1.0,0.5133790025355855,3.896559845095909e-18,3.156213474527686e-16,-0.7489511203355913,3.797351804308381e-14,2.0125964562834417e-12,-1.8926337648354847,6.12472726248735e-18,3.7973309027421574e-16,0.8483393993513795,3.896559845095909e-18,3.156213474527686e-16,-0.8483393993513795,3.896559845095909e-18,3.156213474527686e-16,0.5445671299919783,3.896559845095909e-18,3.156213474527686e-16,-0.5445671299919783,3.896559845095909e-18,3.156213474527686e-16,,,,,,,-5.4736819529533385,3.896559845095909e-18,3.156213474527686e-16
a5_violation_sweep,47ffb5e9a6c1,ProxyOnly,FeasibleRestricted,550,500,20000,10,50,0.2,1.0,additive,0.1,4.9826596135365415,0.7253580035957303,4.838434166959713,100,0.15234291330592356,2.0415213568826847,0.36118678390616443,100,0.9752601617897405,0.794765693638018,0.767378217458381,100,0.017388550840680573,1.2617792488819042,-0.11792466868637552,100,0.5166143287343287,0.07887473448765539,0.5238693558693559,100,0.3603464664664665,0.059918457454782026,0.3658858858858859,100,0.5333613710382482,0.07928129265540708,0.5413295348291054,100,0.5184684698752368,0.12661688235021434,0.5285747299429806,100,0.5198379315885543,0.13998072425185643,0.5443623595351856,100,0.5103178535053607,0.17266302899934982,0.562018633934289,100,5.25160029427654,1.9355846698015113,5.230720513728546,100,4.2878249539817155,1.7580296793235342,4.39351596301235,100,1.4636329079677493,0.3223535893013945,1.435033810416418,100,-0.05471035044909667,2.048341171652065,-0.12433151774982681,100,0.2852315825755842,0.08228173263748205,0.28503855949384427,100,1.3858877771697655,0.6187643129971553,1.231912958091423,100,2.9020774484911613,1.0967509477337105,2.71015185858566,100,1.211473969640216,0.864260218684389,1.293467413812924,100,1.1167897591309222,0.3234835347404724,1.0312255097986744,100,0.802610359483016,0.9719980888265984,0.8540805048282019,100,0.7276272270816431,0.17753938479663545,0.701689548290233,100,0.0,0.0,0.0,100,0.0,0.0,0.0,100,5.556325447559357,2.0786613559877485,5.025618672370911,100,,,,,,,,,,,,,,,,,,,,,,,,,,,,,,,,,,,,,,,,,,,,,,,,,,,,,,,,,,,,,,,,,,,,,,,,
a5_violation_sweep,47ffb5e9a6c1,TargetOnlyDR,OracleTargetTreated,550,500,20000,10,50,0.2,1.0,additive,0.1,4.425695745562843,0.6010518111270187,4.3727799048313525,100,0.09057334779040178,1.585264971759989,0.18238792083972585,100,0.18268864415381095,0.14207768464482673,0.13707766760416912,100,-0.04438101467484124,0.22783494386272948,-0.03113644628779877,100,0.6508313476313476,0.04505128133816677,0.6495753495753496,100,0.4674986186186185,0.03774390930642884,0.4644104104104104,100,0.6679761149683163,0.044012114809306564,0.6674259183814206,100,0.6628876383153208,0.08949594111346174,0.6912551682767161,100,0.6588636508884242,0.10285922291084948,0.6827490721420204,100,0.6468444611610035,0.12888231966938024,0.6828856123172999,100,6.657319623491125,1.9316225973050358,6.674360537685882,100,5.358630731076829,1.8322209292688085,5.334598453998654,100,1.6678556984989379,0.2757704981551172,1.6511260537757164,100,-0.04854035453927481,1.0790767981658163,-0.11914414361101167,100,0.4413206374938185,0.05683725728306671,0.4402205625206094,100,1.242326086036353,0.32554031427918134,1.2367944454491084,100,3.0563883916222436,0.7084983324812818,3.011851503172549,100,1.5874844202970015,0.8154960149980214,1.6378941165391319,100,0.7407793084741366,0.14484113147065214,0.7488680012844402,100,1.0167715149020389,0.9487509616837118,0.9739767736328868,100,0.5134660716626201,0.10654256369299561,0.4983964023709861,100,0.0,0.0,0.0,100,0.0,0.0,0.0,100,13.703528904914856,3.591247367559418,12.826171159744263,100,-0.5569638679736998,3.896559845095909e-18,3.156213474527686e-16,-0.06176956551552181,0.5224792307772006,1.0,-0.7925715176359296,8.025540682607472e-15,4.093025748129811e-13,-0.06176956551552181,0.5224792307772006,1.0,0.13421701889701892,4.813701823147399e-18,3.156213474527686e-16,0.10715215215215217,4.531861061109546e-18,3.156035430494824e-16,0.1346147439300682,4.813701823147399e-18,3.156213474527686e-16,0.14441916844008387,2.2731525308328643e-17,3.7518230692581117e-16,0.13902571929987004,4.4713463414559033e-17,5.210758702814913e-16,0.1365266076556427,6.348428415673146e-17,5.078742732538517e-16,1.405719329214585,2.7135201386354882e-17,4.222333581018758e-16,1.0708057770951143,2.1426597410614454e-17,3.156213474527686e-16,0.20422279053118866,1.010991662904815e-05,0.0001010991662904815,0.006169995909821844,0.7779874954111793,1.0,0.15608905491823433,4.531861061109546e-18,3.156213474527686e-16,-0.14356169113341288,0.08940730920445931,1.0,0.1543109431310827,0.08434038384173659,0.5903826868921561,0.3760104506567856,9.601770743442903e-18,3.156213474527686e-16,-0.3760104506567856,9.601770743442903e-18,3.156213474527686e-16,0.21416115541902278,2.1426597410614454e-17,3.156213474527686e-16,-0.21416115541902278,2.1426597410614454e-17,3.156213474527686e-16,0.0,,,0.0,,,8.147203457355499,4.0161556854627e-18,3.156213474527686e-16
a5_violation_sweep,48da0a7d34e3,AnchorOnly,OracleTargetTreated,550,500,20000,10,50,0.05,0.0,additive,0.1,4.451130837851932,0.7029972306708135,4.318958821241308,100,0.20197313412366147,1.5801720623445779,0.2484568273283786,100,0.20346060524000692,0.13610512044213688,0.1926935808939787,100,0.03536963943897364,0.243054145073529,0.045153635708471196,100,0.6682738675138675,0.04246629390405257,0.6666590406590407,100,0.48278126126126125,0.03615627296474577,0.48140340340340343,100,0.6860488552953334,0.040765927738080875,0.6845058560056735,100,0.6995473498182289,0.06987505053038807,0.7000743969196144,100,0.6885119694120053,0.0773882445399569,0.6915804459818156,100,0.6786000840970443,0.09265944440804637,0.688048933559849,100,7.142661342960443,1.8516041937418444,6.883847299878084,100,5.666445511085812,1.7242775098216472,5.463034685434649,100,1.7059463450746173,0.2970054135641958,1.652352186996287,100,-0.2211778224380452,1.2746202978445995,-0.21651916262235452,100,0.4664366867402706,0.05694361907157318,0.46264922822816135,100,1.3372840858512791,0.4109955450515852,1.2981905787994341,100,3.3988585846431003,0.9452261250409941,3.223974658626936,100,1.685388865632254,0.7963496476832187,1.6830981490577175,100,0.7287054464982876,0.15661845953215411,0.6939389660538862,100,1.1214809581978136,0.8542333432442548,1.0763037365015609,100,0.48950207620508324,0.10649920178005412,0.48217517206712285,100,0.0009960896039758272,0.0009791594996564237,0.0005393039125960834,100,24.08,0.6618004215621186,24.0,100,13.429164514541625,3.2226829043684537,14.442445755004883,100,-0.5178770800090826,5.269204481546392e-18,3.156213474527686e-16,0.08685016663691711,0.35501304550262447,1.0,-0.7120279475971626,3.4412810293497976e-15,1.7894661352618947e-13,0.08685016663691707,0.35501304550262447,1.0,0.1275317972117972,2.964263914228315e-17,3.156213474527686e-16,0.10310734734734733,2.6346826245998054e-17,3.156035430494824e-16,0.12814811235117343,2.7135201386354882e-17,3.156213474527686e-16,0.13725713259885539,5.328972389674846e-17,5.861869628642331e-16,0.13147854637876522,9.263103378466659e-17,7.642017400084128e-16,0.12962855167094495,2.262528715891485e-16,1.1312643579457425e-15,1.402378406362385,5.988879490693734e-17,5.988879490693734e-16,1.0718966488241681,1.040096387925698e-16,8.320771103405584e-16,0.19697887936555797,6.881249880501417e-06,7.569374868551558e-05,-0.1746001734963695,0.20823741115716032,1.0,0.15033442599551516,2.8782421504419467e-17,3.156213474527686e-16,-0.03481534214291872,0.8716198589954062,1.0,0.3207924559037255,0.013301478357765004,0.14631626193541503,0.3839644290745824,2.2731525308328643e-17,3.156213474527686e-16,-0.3839644290745824,2.2731525308328643e-17,3.156213474527686e-16,0.21437932976483368,1.040096387925698e-16,8.320771103405584e-16,-0.21437932976483365,1.040096387925698e-16,8.320771103405584e-16,0.0009960896039758272,3.896559845095909e-18,7.013807721172637e-17,24.08,2.1286540659479368e-19,2.3705668301988652e-18,6.6917789578437805,2.8782421504419467e-17,4.893011655751309e-16
a5_violation_sweep,48da0a7d34e3,AnchorPlugin,FeasibleRestricted,550,500,20000,10,50,0.05,0.0,additive,0.1,3.7043780930147028,0.9232325901945287,3.5084673006770464,100,0.07233972433227258,1.0977956146090286,-0.036000520918448145,100,0.7631346360949445,0.5745189152370744,0.5919561548531649,100,-0.0942637703524152,0.9536003432670492,-0.22180689603210368,100,0.7585560255960256,0.08459109376525681,0.7653338433338435,100,0.5685815415415415,0.07897126563631038,0.57193993993994,100,0.7728241006773934,0.08295618016189556,0.7849768604840466,100,0.7694296957743515,0.08954280164184783,0.7735242657032319,100,0.7724562718645476,0.08858620966726127,0.7870993180300032,100,0.7724073344848449,0.09590062979233659,0.7994651118384895,100,7.802359617655567,1.8815583906055144,7.600593244882566,100,6.289427331624929,1.6888561977283478,6.071703528402695,100,1.0522888959617314,0.1259877797428558,1.054980999201461,100,0.0943877364203446,0.9511172420098152,0.20085961764013568,100,0.6032255826960515,0.11929550319416088,0.6172560768909897,100,0.876845019230338,0.5148336755355272,0.7217733697718569,100,1.7816886221312158,0.9871828509678413,1.638811653261182,100,1.883098904232831,0.8398233871192734,1.8265866137591478,100,0.5309954078977106,0.265704813941755,0.4616260480792944,100,1.246077322305637,0.875505851953229,1.1557140652933513,100,0.36490571209725997,0.17536633319148398,0.3291397603729884,100,0.0032118290379243904,0.0026160305712133168,0.002691065458176237,100,49.64,0.7456269817808339,50.0,100,7.44503776550293,2.4738945784295385,7.295521020889282,100,-1.264629824846312,4.0161556854627e-18,3.156213474527686e-16,-0.042783243154471746,0.6474574389756316,1.0,-0.1523539167422248,0.012674538462229224,0.2535518557754207,-0.042783243154471746,0.6474574389756316,1.0,0.21781395529395528,3.896559845095909e-18,3.156213474527686e-16,0.1889076276276276,3.896559845095909e-18,3.156035430494824e-16,0.21492335773323337,3.896559845095909e-18,3.156213474527686e-16,0.207139478554978,3.896559845095909e-18,3.156213474527686e-16,0.21542284883130777,3.896559845095909e-18,3.156213474527686e-16,0.22343580205874544,3.896559845095909e-18,3.156213474527686e-16,2.0620766810575106,3.896559845095909e-18,3.156213474527686e-16,1.6948784693632846,3.896559845095909e-18,3.156213474527686e-16,-0.456678569747328,2.1426597410614454e-17,9.42770286067036e-16,0.1409653853620204,0.8527039152769147,1.0,0.28712332195129614,3.896559845095909e-18,3.156213474527686e-16,-0.49525440876385995,1.369299546879079e-13,6.709567779707487e-12,-1.2963775066081595,1.4190703440363424e-15,5.108653238530833e-14,0.5816744676751594,3.896559845095909e-18,3.156213474527686e-16,-0.5816744676751594,3.896559845095909e-18,3.156213474527686e-16,0.33897569387265686,3.896559845095909e-18,3.156213474527686e-16,-0.33897569387265686,3.896559845095909e-18,3.156213474527686e-16,0.0032118290379243904,3.896559845095909e-18,7.013807721172637e-17,49.64,3.013973508044424e-20,5.1237549636755205e-19,0.7076522088050843,0.00032683051898161746,0.001960983113889705
a5_violation_sweep,48da0a7d34e3,EntropyBalancing,FeasibleRestricted,550,500,20000,10,50,0.05,0.0,additive,0.1,2.8015807197498273,1.2539381699838532,2.5419697733102042,100,0.22991635193690232,1.2935004658263787,0.12960416752755416,100,0.8022088434406517,0.5982641087623694,0.6862129729416376,100,0.06331285725221462,1.001953271655752,0.12203778396278556,100,0.8670142958542959,0.10996488716186545,0.8988096588096588,100,0.7032881681681681,0.12769366421487116,0.7242702702702704,100,0.8764228944179588,0.10523082003053917,0.9082653028055728,100,0.8799850218035402,0.09878429165808876,0.9050782116638973,100,0.8787532307920373,0.10027980677066585,0.910638631914735,100,0.8790792504067185,0.10143403384647572,0.909183044776694,100,8.8591875732665,1.8444685920242705,8.681431363557467,100,7.100011609458436,1.7134075753109268,6.957319869231979,100,0.9476157269204185,0.1234828821167907,0.9695073051602994,100,-0.0639639743841228,0.9951424820563415,-0.07540120758289201,100,0.7792428077519926,0.163801777781818,0.8243296355827759,100,0.9267758027320387,0.6026837219207694,0.7555196090110161,100,1.7682002003641548,1.2978204196976026,1.4219800272053715,100,2.096080283935501,0.8541758007461713,2.1483523877891164,100,0.3180140281950407,0.2910774141884066,0.2283577919584785,100,1.4081941778723388,0.8932896027508281,1.3600269234389408,100,0.20278885653055856,0.19087848055529213,0.14563865743097448,100,,,,0,,,,0,2.177932493686676,0.9197433315978708,2.1794066429138184,100,-2.1674271981111874,4.9610417082651575e-18,3.156213474527686e-16,0.11479338445015812,0.43307645328435596,1.0,-0.1132797093965178,0.31704318981210255,1.0,0.11479338445015808,0.43307645328435596,1.0,0.32627222555222557,4.0161556854627e-18,3.156213474527686e-16,0.32361425425425433,4.0161556854627e-18,3.156035430494824e-16,0.31852215147379886,4.0161556854627e-18,3.156213474527686e-16,0.3176948045841668,3.896559845095909e-18,3.156213474527686e-16,0.3217198077587973,3.896559845095909e-18,3.156213474527686e-16,0.33010771798061894,4.0161556854627e-18,3.156213474527686e-16,3.118904636668444,3.896559845095909e-18,3.156213474527686e-16,2.5054627471967916,3.896559845095909e-18,3.156213474527686e-16,-0.561351738788641,5.112831740936498e-18,3.8346238057023736e-16,-0.01738632544244705,0.6132542176643868,1.0,0.46314054700723717,3.896559845095909e-18,3.156213474527686e-16,-0.4453236252621592,1.8631210320966557e-07,5.216738889870636e-06,-1.3098659283752199,4.56750360438978e-11,1.3245760452730362e-09,0.7946558473778293,4.139373908714419e-18,3.156213474527686e-16,-0.7946558473778293,4.139373908714419e-18,3.156213474527686e-16,0.5010925494393583,3.896559845095909e-18,3.156213474527686e-16,-0.5010925494393583,3.896559845095909e-18,3.156213474527686e-16,,,,,,,-4.559453063011169,4.0161556854627e-18,3.156213474527686e-16
a5_violation_sweep,48da0a7d34e3,Glmtrans_Auto,OracleTargetTreated,550,500,20000,10,50,0.05,0.0,additive,0.1,0.43651474222651115,0.1087359157299566,0.4133591636099582,100,0.1684546132583461,1.5546900674253936,0.21775701007246995,100,0.0361865567583387,0.0263855068307452,0.032791834376527884,100,0.001851118573658313,0.044893513412564576,0.0018050573564381278,100,0.9969687306087306,0.0018678331344537868,0.9973197193197192,100,0.9565765365365365,0.010364852907227958,0.9578858858858859,100,0.9973595254793746,0.0016546031150389438,0.9976559286821343,100,0.9975134723239161,0.0018785236486567763,0.9980538835051576,100,0.9974830152736652,0.0015288945619876303,0.9977553546584933,100,0.9973535305602887,0.0018768317762920333,0.9977342764082279,100,10.102765571591824,2.0648724712703723,9.73945028888799,100,8.09452234514816,1.8710249388605633,7.783053244177174,100,1.0310940497450347,0.012314775697648037,1.0313376664421523,100,-0.006879376755467682,0.06726870877479608,-0.012141035173872248,100,0.9946916269824331,0.003257685230561297,0.9954704899955955,100,0.14131446310132056,0.04996032857795465,0.1369167919925587,100,0.3377081912403024,0.11965486820691783,0.34741028737181345,100,2.408052924141944,0.8214863406072979,2.3393831390321247,100,0.006041387988597857,0.004045891296677606,0.005036699016764068,100,1.6070963250102834,0.8590603187315685,1.5615086952139332,100,0.0038867093926135067,0.0023079576778184206,0.003476204787284609,100,,,,0,,,,0,15.86038503885269,1.2905440070899274,15.763659596443176,100,-4.532493175634503,3.896559845095909e-18,3.156213474527686e-16,0.053331645771601786,0.5269610710548687,1.0,-0.8793019960788309,5.767203615817138e-18,4.3254027118628536e-16,0.053331645771601786,0.5269610710548687,1.0,0.45622666030666026,3.896559845095909e-18,3.156213474527686e-16,0.5769026226226227,3.896559845095909e-18,3.156035430494824e-16,0.43945878253521475,3.896559845095909e-18,3.156213474527686e-16,0.4352232551045426,3.896559845095909e-18,3.156213474527686e-16,0.44044959224042557,3.896559845095909e-18,3.156213474527686e-16,0.4483819981341894,3.896559845095909e-18,3.156213474527686e-16,4.362482634993769,3.896559845095909e-18,3.156213474527686e-16,3.499973482886517,3.896559845095909e-18,3.156213474527686e-16,-0.4778734159640246,8.74112997534717e-17,2.884572891864566e-15,0.0396982721862081,0.7832655420427076,1.0,0.6785893662376773,3.896559845095909e-18,3.156213474527686e-16,-1.2307849648928775,3.896559845095909e-18,3.156213474527686e-16,-2.7403579374990725,3.896559845095909e-18,3.156213474527686e-16,1.1066284875842722,3.896559845095909e-18,3.156213474527686e-16,-1.1066284875842722,3.896559845095909e-18,3.156213474527686e-16,0.6999946965773032,3.896559845095909e-18,3.156213474527686e-16,-0.6999946965773032,3.896559845095909e-18,3.156213474527686e-16,,,,,,,9.122999482154846,3.896559845095909e-18,3.156213474527686e-16
a5_violation_sweep,48da0a7d34e3,Glmtrans_DR_CrossFit,OracleTargetTreated,550,500,20000,10,50,0.05,0.0,additive,0.1,0.37538900985150664,0.11530960797238721,0.3443370299282442,100,0.1673881173218892,1.5568874700409414,0.21903961150698892,100,0.03525417110441193,0.02680455637627187,0.02951857780033018,100,0.0007846226372015097,0.04442153845224677,0.0037727273952972706,100,0.9973305367305367,0.001835113714925959,0.9977924837924839,100,0.9598625825825826,0.01038542604086218,0.9621321321321322,100,0.9976775956939238,0.0016269224794772628,0.9981180333941628,100,0.9978214282147304,0.0018419353228607727,0.9982207200141475,100,0.9978140906826966,0.001315289480175589,0.9980672226830546,100,0.9976419508049618,0.0018862144321354494,0.9980228660004717,100,10.105553816010305,2.0640225527860494,9.748882288517207,100,8.096935177583113,1.8705170706971264,7.785765107071513,100,1.004031185824636,0.007780151362686329,1.0051218034575982,100,0.0010998499457983673,0.04732231569587104,0.0007533209278386601,100,0.9953144342992306,0.0032005074820638003,0.9962680716874357,100,0.05721206743099636,0.02579850232771081,0.05109345998643512,100,0.1292854642630079,0.06248016180556501,0.11721369756490407,100,2.408797038501435,0.8215387686799029,2.3408163956066623,100,0.005297273629106528,0.004136867679019905,0.0044657835462103,100,1.6075788914972742,0.8590671564515187,1.561640185606599,100,0.003404142905622817,0.0021538017957705544,0.0029641608250739523,100,,,,0,,,,0,19.349685204029083,1.4683427184543234,19.261080145835876,100,-4.593618908009508,3.896559845095909e-18,3.156213474527686e-16,0.05226514983514499,0.5359832452872442,1.0,-0.8802343817327574,6.12472726248735e-18,4.53229817424064e-16,0.052265149835144964,0.5359832452872442,1.0,0.4565884664284664,3.896559845095909e-18,3.156213474527686e-16,0.5801886686686687,3.896559845095909e-18,3.156035430494824e-16,0.43977685274976375,3.896559845095909e-18,3.156213474527686e-16,0.4355312109953571,3.896559845095909e-18,3.156213474527686e-16,0.44078066764945684,3.896559845095909e-18,3.156213474527686e-16,0.4486704183788624,3.896559845095909e-18,3.156213474527686e-16,4.365270879412248,3.896559845095909e-18,3.156213474527686e-16,3.5023863153214707,3.896559845095909e-18,3.156213474527686e-16,-0.5049362798844232,3.0528209793531665e-17,1.2449908439758923e-15,0.047677498887474135,0.8124671821144986,1.0,0.6792121735544753,3.896559845095909e-18,3.156213474527686e-16,-1.3148873605632014,3.896559845095909e-18,3.156213474527686e-16,-2.948780664476366,3.896559845095909e-18,3.156213474527686e-16,1.1073726019437635,3.896559845095909e-18,3.156213474527686e-16,-1.1073726019437635,3.896559845095909e-18,3.156213474527686e-16,0.7004772630642943,3.896559845095909e-18,3.156213474527686e-16,-0.7004772630642941,3.896559845095909e-18,3.156213474527686e-16,,,,,,,12.612299647331238,3.896559845095909e-18,3.156213474527686e-16
a5_violation_sweep,48da0a7d34e3,Glmtrans_OptionB,FeasibleRestricted,550,500,20000,10,50,0.05,0.0,additive,0.1,2.6365875889784225,1.2055892579454928,2.4442534326625793,100,0.16163407827609322,1.270473958196341,0.08360001767899028,100,0.8268402275555133,0.6159409333668646,0.7284811329618402,100,-0.004969416408594583,1.0343736053388564,0.05948489109812982,100,0.8829320861720861,0.10373925539064278,0.909019365019365,100,0.7253197597597599,0.1263409886444342,0.7381241241241242,100,0.8914604475772074,0.09923332355965585,0.9177634823490772,100,0.8933079895486212,0.09309100971728904,0.9157630952415188,100,0.893920309576366,0.09535152086132791,0.9246099097466589,100,0.8936763722325662,0.0949029279713044,0.9263418093183731,100,9.005270381520269,1.8992583618443308,8.76714669053465,100,7.225895522388181,1.7426808326753263,7.009879205247612,100,0.9743304715226252,0.12005002824382034,0.9927553997491145,100,0.01076769221534947,1.041812975376394,0.030229888637959973,100,0.8046863662950996,0.15639700270288448,0.842116419731172,100,0.9343349321558009,0.6008933478704246,0.766553357582114,100,1.6843894370080614,1.2394136912770735,1.3007530952926203,100,2.1294592022519065,0.8503013203476129,2.1441153816677287,100,0.2846351098786358,0.2702818832875401,0.20442096452765635,100,1.4333709604582874,0.8957530794938465,1.3605217256035682,100,0.17761207394460946,0.18054997843153361,0.12311347994634936,100,,,,0,,,,0,15.116593418121338,1.5535220488250847,15.058421730995178,100,-2.3324203288825913,4.531861061109546e-18,3.156213474527686e-16,0.04651111078934889,0.7727196720119712,1.0,-0.0886483252816561,0.4473324208168965,1.0,0.04651111078934889,0.7727196720119712,1.0,0.34219001587001585,3.896559845095909e-18,3.156213474527686e-16,0.34564584584584584,3.896559845095909e-18,3.156035430494824e-16,0.3335597046330475,3.896559845095909e-18,3.156213474527686e-16,0.3310177723292477,3.896559845095909e-18,3.156213474527686e-16,0.3368868865431262,3.896559845095909e-18,3.156213474527686e-16,0.3447048398064666,3.896559845095909e-18,3.156213474527686e-16,3.2649874449222125,3.896559845095909e-18,3.156213474527686e-16,2.631346660126537,3.896559845095909e-18,3.156213474527686e-16,-0.534636994186434,5.767203615817138e-18,4.0370425310719966e-16,0.057345341157025186,0.8554012757415651,1.0,0.48858410555034415,3.896559845095909e-18,3.156213474527686e-16,-0.437764495838397,4.018256827052526e-07,1.084929343304182e-05,-1.3936766917313137,1.6784884860821076e-12,5.3711631554627443e-11,0.8280347656942343,4.139373908714419e-18,3.156213474527686e-16,-0.8280347656942343,4.139373908714419e-18,3.156213474527686e-16,0.5262693320253075,3.896559845095909e-18,3.156213474527686e-16,-0.5262693320253075,3.896559845095909e-18,3.156213474527686e-16,,,,,,,8.379207861423492,3.896559845095909e-18,3.156213474527686e-16
a5_violation_sweep,48da0a7d34e3,IPWTransport,FeasibleRestricted,550,500,20000,10,50,0.05,0.0,additive,0.1,2.78626705018479,1.2505559610697259,2.5477244572875435,100,0.23359093526504612,1.2955564869647782,0.1385621248476016,100,0.8008855344757423,0.6015341536922277,0.6886030875454087,100,0.06698744058035834,1.0026002692064062,0.10809769371200617,100,0.8684207313407313,0.10867097204085034,0.9007761007761008,100,0.7051352152152153,0.12727246732417064,0.7271291291291292,100,0.8777668040886546,0.10393839555508991,0.9094188653568753,100,0.8812349480950732,0.09801267782786763,0.9047306942730706,100,0.880260896700731,0.09998232257152566,0.9112966634461686,100,0.8800693740696537,0.09991241786092846,0.9090012005249354,100,8.871580074040228,1.8399499316820906,8.716992385063635,100,7.1121062582574375,1.7118726163019553,6.965742870521603,100,0.9507566379459453,0.12158675450448751,0.9684014609662812,100,-0.06860137932242974,0.9955175565902974,-0.08669105587811639,100,0.7813484816477699,0.1626098836481491,0.8249095847552073,100,0.9221824264902856,0.6040325410653299,0.7241089688778297,100,1.7388525262261945,1.2844686672862824,1.3542116994436288,100,2.0975437987769414,0.854650604162452,2.143461192106522,100,0.31655051335360024,0.2898846806137107,0.22691849757497673,100,1.4106131076321389,0.8923934332780066,1.3619237994645887,100,0.20036992677075824,0.18990170814939245,0.14302785718420263,100,,,,0,,,,0,0.5296636176109314,0.2939907003061859,0.5184895992279053,100,-2.182740867676224,4.9610417082651575e-18,3.156213474527686e-16,0.11846796777830182,0.4270481369484205,1.0,-0.11460301836142726,0.3271243358754563,1.0,0.11846796777830182,0.4270481369484205,1.0,0.32767866103866117,4.0161556854627e-18,3.156213474527686e-16,0.3254613013013013,3.896559845095909e-18,3.156035430494824e-16,0.31986606114449456,3.896559845095909e-18,3.156213474527686e-16,0.31894473087569986,3.896559845095909e-18,3.156213474527686e-16,0.32322747366749105,3.896559845095909e-18,3.156213474527686e-16,0.33109784164355416,4.0161556854627e-18,3.156213474527686e-16,3.131297137442171,3.896559845095909e-18,3.156213474527686e-16,2.5175573959957935,3.896559845095909e-18,3.156213474527686e-16,-0.558210827763114,5.269204481546392e-18,3.8992113163443305e-16,-0.02202373038075394,0.5845892174029008,1.0,0.4652462209030145,3.896559845095909e-18,3.156213474527686e-16,-0.4499170015039122,1.259072889123473e-07,3.6513113784580713e-06,-1.3392136025131804,2.435058878352676e-11,7.305176635058028e-10,0.7961193622192698,4.139373908714419e-18,3.156213474527686e-16,-0.7961193622192698,4.139373908714419e-18,3.156213474527686e-16,0.5035114791991586,3.896559845095909e-18,3.156213474527686e-16,-0.5035114791991586,3.896559845095909e-18,3.156213474527686e-16,,,,,,,-6.207721939086914,3.896559845095909e-18,3.156213474527686e-16
a5_violation_sweep,48da0a7d34e3,OutcomeModelTransport,FeasibleRestricted,550,500,20000,10,50,0.05,0.0,additive,0.1,2.6725157778417796,1.259370304753973,2.5101021326937145,100,0.219368769672007,1.2849159494544413,0.09341266686661834,100,0.7936313646285166,0.5750143018764687,0.7021832204603946,100,0.05276527498731922,0.9818564160733153,0.15533749457447454,100,0.8775886160686162,0.10608717205067193,0.9048390468390468,100,0.7192504904904902,0.13012124665711416,0.7332752752752754,100,0.8864035614706032,0.10148667174611267,0.9123378936510984,100,0.8878465675424039,0.09648138201101782,0.9098705742199615,100,0.8883698032382316,0.09899818751014429,0.9199762607565451,100,0.8883538665647854,0.09713323339597581,0.9179058942554967,100,8.94024219997692,1.8414784950250371,8.699999575357154,100,7.175092749556508,1.710103867614386,7.0329193775555785,100,0.9671730805917786,0.11660156689292434,0.9900228793153674,100,-0.05340895127487919,0.9793694246558268,-0.04087859348648325,100,0.7961726292345271,0.1606986412957723,0.8324943727864615,100,0.8927309378611378,0.5751879298276862,0.7363233177520299,100,1.629552531367425,1.2277924929112636,1.2089516777215508,100,2.118965781570397,0.8440612864356003,2.1997010690842203,100,0.2951285305601446,0.2787891733762648,0.22507455235863105,100,1.4232104058919526,0.8887164962587287,1.3679008666843726,100,0.18777262851094403,0.18746527406455085,0.13672547407528057,100,,,,0,,,,0,0.09246277332305908,0.06396487061871149,0.06871724128723145,100,-2.296492140019234,4.531861061109546e-18,3.156213474527686e-16,0.10424580218526269,0.45976137200079736,1.0,-0.12185718820865282,0.2864775738440115,1.0,0.10424580218526269,0.45976137200079736,1.0,0.3368465457665458,3.896559845095909e-18,3.156213474527686e-16,0.33957657657657664,3.896559845095909e-18,3.156035430494824e-16,0.3285028185264431,3.896559845095909e-18,3.156213474527686e-16,0.3255563503230304,3.896559845095909e-18,3.156213474527686e-16,0.3313363802049916,3.896559845095909e-18,3.156213474527686e-16,0.33938233413868574,3.896559845095909e-18,3.156213474527686e-16,3.1999592633788625,3.896559845095909e-18,3.156213474527686e-16,2.5805438872948643,3.896559845095909e-18,3.156213474527686e-16,-0.5417943851172805,5.94331234302936e-18,4.041452393259965e-16,-0.00683130233320339,0.6205162798090659,1.0,0.48007036848977164,3.896559845095909e-18,3.156213474527686e-16,-0.47936849013306004,3.625288140148871e-08,1.12383932344615e-06,-1.44851359737195,1.9466785470150746e-12,6.034703495746731e-11,0.8175413450127255,4.139373908714419e-18,3.156213474527686e-16,-0.8175413450127255,4.139373908714419e-18,3.156213474527686e-16,0.5161087774589729,3.896559845095909e-18,3.156213474527686e-16,-0.5161087774589729,3.896559845095909e-18,3.156213474527686e-16,,,,,,,-6.644922783374787,3.896559845095909e-18,3.156213474527686e-16
a5_violation_sweep,48da0a7d34e3,ProxyOnly,FeasibleRestricted,550,500,20000,10,50,0.05,0.0,additive,0.1,4.969007917861014,0.8909872601565804,4.775312201019192,100,0.11512296748674428,1.7491115163444813,-0.05148004444555094,100,0.9154885528371695,0.750118474613072,0.6970974379324273,100,-0.051480527197943465,1.1859957221342783,-0.030144424565250794,100,0.5407420703020703,0.09026436840733124,0.5553256473256474,100,0.37967391391391386,0.06901251502575456,0.38872672672672676,100,0.5579007429441599,0.09098737475970878,0.5754551895517876,100,0.5622902172193733,0.10108069354293943,0.5681689964412604,100,0.5570334230332399,0.11628991558856684,0.5700540673691477,100,0.5489715324260994,0.12889236491513395,0.5698276105122062,100,5.7402829365980566,1.7161840377027096,5.480967836697125,100,4.594548862261643,1.6323264717247035,4.39594352142973,100,1.5089674657090595,0.34571455868191897,1.5310732819968682,100,-0.046577648941675764,2.0144453106662157,0.002809495180367337,100,0.3161022607447555,0.09482176674373052,0.32840924843091013,100,1.3720994279941978,0.5807469953521474,1.3374923390264648,100,3.0780661287393754,1.1920974472686003,3.070634850926151,100,1.3014244365576715,0.8781621585740937,1.3686556069804783,100,1.11266987557287,0.4003438483044016,1.0423105412055695,100,0.9071016284329799,0.8661168670256325,0.8659834040244709,100,0.7038814059699169,0.21796493822079185,0.6478606328778129,100,0.0,0.0,0.0,100,0.0,0.0,0.0,100,6.737385556697846,2.6429690710719873,6.0999778509140015,100,,,,,,,,,,,,,,,,,,,,,,,,,,,,,,,,,,,,,,,,,,,,,,,,,,,,,,,,,,,,,,,,,,,,,,,,
a5_violation_sweep,48da0a7d34e3,TargetOnlyDR,OracleTargetTreated,550,500,20000,10,50,0.05,0.0,additive,0.1,4.409059560849064,0.6995778693508835,4.313309621746373,100,0.20209859743235037,1.5952914200383652,0.23786187067086484,100,0.21623175965909996,0.13897324264287325,0.2196225888829212,100,0.03549510274766254,0.2554787506536054,0.03851973723409863,100,0.6766080805680805,0.038659931171018125,0.6723005523005523,100,0.4900414014014014,0.03342041666210673,0.48432032032032035,100,0.694239293048781,0.03718719637954782,0.6872961267273312,100,0.7046678268857121,0.0670977666990784,0.7088819835684407,100,0.6952602572692094,0.07437363433500403,0.7043544667496903,100,0.6882138137206936,0.08625541558684002,0.6961620574518785,100,7.195758990448535,1.873224168853558,6.874272108000598,100,5.714989806371862,1.7057720881857812,5.617592799318356,100,1.6946112800837592,0.28177170118375755,1.658328752321114,100,-0.21028717609744635,1.2810459794247397,-0.1494170914290745,100,0.47897137856236255,0.052645219571944006,0.4731418427653524,100,1.3281357893817383,0.3837466632923006,1.3137040938807032,100,3.407562049404333,0.8533372024591614,3.389715198914531,100,1.6996019773920268,0.8097548272323462,1.6865532278976318,100,0.7144923347385148,0.1529504069508872,0.6955485183951413,100,1.1311898172550234,0.8562319768911035,1.104264024480423,100,0.4797932171478735,0.10427129253995776,0.46987090501313455,100,0.0,0.0,0.0,100,0.0,0.0,0.0,100,11.902559924125672,3.5638571454273356,11.99291980266571,100,-0.5599483570119494,3.896559845095909e-18,3.156213474527686e-16,0.08697562994560598,0.35501304550262447,1.0,-0.6992567931780695,1.4934266550748764e-14,7.467133275374382e-13,0.08697562994560601,0.35501304550262447,1.0,0.13586601026601028,7.55704804907942e-18,3.156213474527686e-16,0.1103674874874875,7.55704804907942e-18,3.156035430494824e-16,0.13633855010462098,6.906672275406012e-18,3.156213474527686e-16,0.14237760966633883,1.1676417541676908e-16,9.341134033341526e-16,0.13822683423596943,4.342298919012428e-17,5.210758702814913e-16,0.139242281294594,2.4114800543560524e-17,3.156213474527686e-16,1.4554760538504785,1.1020511023218772e-16,8.816408818575018e-16,1.1204409441102172,4.2169267302822515e-17,4.638619403310477e-16,0.18564381437469973,1.891940866353517e-05,0.00017027467797181653,-0.16370952715577058,0.23417989735759404,1.0,0.16286911781760707,7.333806979251821e-18,3.156213474527686e-16,-0.04396363861245956,0.756979822125134,1.0,0.3294959206649579,0.004658564912524636,0.055902778950295634,0.39817754083435525,1.6412062569258175e-17,3.156213474527686e-16,-0.39817754083435525,1.6412062569258175e-17,3.156213474527686e-16,0.22408818882204348,4.2169267302822515e-17,4.638619403310477e-16,-0.22408818882204348,4.2169267302822515e-17,4.638619403310477e-16,0.0,,,0.0,,,5.165174367427826,2.6151797240223703e-12,2.6151797240223704e-11
a5_violation_sweep,5a83f07c35d7,AnchorOnly,OracleTargetTreated,550,500,20000,10,50,1.0,0.0,additive,0.1,4.989241360850172,0.9424666889422516,4.840754698947441,100,-0.22416234698070694,1.707646645171231,-0.2932250187718438,100,0.24218023673590916,0.21528986895933838,0.16942129602632583,100,-0.04391374887956867,0.3219402669430474,-0.013920014782382154,100,0.6667337763737764,0.042218138397256855,0.6696619356619357,100,0.4814494094094095,0.035814396921005534,0.4845865865865866,100,0.6840855473587446,0.04012368462164803,0.6855016734228516,100,0.6708824347798255,0.07335295919771927,0.6722000009129834,100,0.6636343096057084,0.08954581751112806,0.674300264839542,100,0.649110064895125,0.11790993829656712,0.6644067041832239,100,7.379219380439297,2.355513544551609,7.088860315492012,100,5.8709077917484525,2.2396221402976093,5.600589012356382,100,1.7443150838358132,0.3337494443042404,1.6645463469574753,100,0.2623174941965642,1.4480689078584545,0.16948556109155516,100,0.4587290518796657,0.0583618642742146,0.4577059659910914,100,1.5638332360546772,0.5534592169593092,1.459295052285532,100,3.899046499054385,1.2519329830710686,3.676537977436668,100,1.921534292817955,1.0239510027232854,1.7587480400729456,100,0.828786293747297,0.19876689968077926,0.793485386804819,100,1.415642245186573,0.9565888303602319,1.371356006338949,100,0.5547173853740032,0.13524289806961334,0.5336597091127349,100,0.0009412127027212768,0.0007202311894472324,0.0005913034805552213,100,24.19,0.5978919195596704,24.0,100,12.313687269687653,3.293363759381485,13.56327998638153,100,-0.7589492373203219,3.896559845095909e-18,3.156213474527686e-16,0.19163512363675664,0.3976487523328709,1.0,-1.0175477982726986,1.4190703440363424e-15,7.66297985779625e-14,0.19163512363675664,0.3976487523328709,1.0,0.1840681148281148,6.12472726248735e-18,3.156213474527686e-16,0.14545205205205206,6.504110965076778e-18,3.156035430494824e-16,0.18436679800143183,6.12472726248735e-18,3.156213474527686e-16,0.18556876097973268,2.2069547466224186e-17,3.7518230692581117e-16,0.19584137855519376,2.0195637546078604e-17,3.156213474527686e-16,0.20558642489673126,1.3329700507875106e-17,3.156213474527686e-16,2.0358239445931052,4.4713463414559033e-17,5.482004749366927e-16,1.7125176600081806,1.7939298766693858e-17,3.156213474527686e-16,0.333178287102772,1.4586346341259053e-08,2.6255423414266294e-07,0.051954222946925074,0.5588737261094053,1.0,0.19980601644582607,6.906672275406012e-18,3.156213474527686e-16,-0.05004612666717021,0.9014897097022484,1.0,0.5370905342012733,0.00016204662932499966,0.002754792698524994,0.5717602544475932,6.311606041551026e-18,3.156213474527686e-16,-0.5717602544475932,6.311606041551026e-18,3.156213474527686e-16,0.34250353200163614,1.7939298766693858e-17,3.156213474527686e-16,-0.34250353200163614,1.7939298766693858e-17,3.156213474527686e-16,0.0009412127027212768,3.896559845095909e-18,7.013807721172637e-17,24.19,3.1102395903777764e-19,2.488191672302221e-18,6.697553660869598,4.782479999455785e-15,5.260727999401363e-14
a5_violation_sweep,5a83f07c35d7,AnchorPlugin,FeasibleRestricted,550,500,20000,10,50,1.0,0.0,additive,0.1,4.5808500528836795,1.3551112687834086,4.419204984414654,100,-0.15919799398169615,1.1832888016336802,-0.14911603833180312,100,0.979067870892928,0.72246907054969,0.7659424124614558,100,0.02105060411944211,1.2205615160025347,0.3092819221358841,100,0.6914763095163096,0.12773693393790556,0.7231336411336412,100,0.5097941941941943,0.1113986498561399,0.529981981981982,100,0.7071410359044477,0.12636074333262676,0.740509571184784,100,0.6994164251236,0.1350079767172178,0.7241755040256861,100,0.69525551491832,0.13338053492351645,0.7209118165938446,100,0.6851648458392409,0.14309417781644537,0.7119762415143961,100,7.571270277051376,2.3255219996019267,7.730369980360257,100,6.014177472378119,2.082069065393293,5.977430678288877,100,1.0593113864986865,0.20390271683846367,1.0614217733028812,100,-0.02099905439083752,1.2337165563811783,-0.2587729912950124,100,0.5165184554281361,0.16616738136437184,0.5436980554896321,100,1.1923703614512964,0.6729133049487778,1.0093904661626039,100,2.3797736266209566,1.2080130655923789,2.154814510289434,100,1.9693039706288198,0.9780703952043618,1.9192312515685368,100,0.781016615936432,0.4271758853371466,0.681490026748374,100,1.4442961813125057,0.9526135216290706,1.4071096426861955,100,0.5260634492480701,0.30238352836667404,0.45304667545240795,100,0.003092304373628704,0.0022203980590784645,0.0021186322316454047,100,49.65,0.657128740672771,50.0,100,6.429282619953155,2.0496746858033945,6.676601886749268,100,-1.1673405452868135,5.269204481546392e-18,3.156213474527686e-16,0.25659947663576754,0.0040917391418793594,0.33143087049222814,-0.28066016411567973,0.0010374753182760608,0.03631163613966213,0.25659947663576754,0.0040917391418793594,0.33143087049222814,0.20881064797064802,4.3971135541818935e-18,3.156213474527686e-16,0.1737968368368369,4.2663227307182344e-18,3.156035430494824e-16,0.20742228654713532,4.2663227307182344e-18,3.156213474527686e-16,0.214102751323507,7.333806979251821e-18,3.156213474527686e-16,0.22746258386780543,4.670683307897806e-18,3.156213474527686e-16,0.2416412058408471,4.531861061109546e-18,3.156213474527686e-16,2.227874841205186,1.5465938818405608e-17,3.156213474527686e-16,1.8557873406378462,6.12472726248735e-18,3.156213474527686e-16,-0.35182541023435454,4.338759045761872e-13,8.677518091523744e-12,-0.23136232564047657,0.03657277334845504,1.0,0.2575954199942967,4.139373908714419e-18,3.156213474527686e-16,-0.421509001270551,1.4881766911541784e-08,4.762165411693371e-07,-0.9821823382321558,1.7532632363263363e-10,4.733810738081108e-09,0.6195299322584582,5.112831740936498e-18,3.156213474527686e-16,-0.6195299322584581,5.112831740936498e-18,3.156213474527686e-16,0.3711574681275692,6.12472726248735e-18,3.156213474527686e-16,-0.3711574681275692,6.12472726248735e-18,3.156213474527686e-16,0.003092304373628704,3.896559845095909e-18,7.013807721172637e-17,49.65,5.2864078702288266e-20,7.92961180534324e-19,0.8131490111351013,0.009062468723194324,0.01812493744638865
a5_violation_sweep,5a83f07c35d7,EntropyBalancing,FeasibleRestricted,550,500,20000,10,50,1.0,0.0,additive,0.1,4.136307443791417,1.6778681918864555,3.866319840236586,100,-0.0009315959866064083,1.476187045621342,-0.05174527281024717,100,0.9843025499241371,0.8376934827899275,0.7829295459419877,100,0.1793170021145318,1.2837012420048106,0.23004335258879594,100,0.7527720927720929,0.1660755826577928,0.7907587247587248,100,0.5781451851851852,0.15656361846166772,0.5985765765765766,100,0.7660260366936761,0.16268085361851384,0.8074561745349431,100,0.7623349417350499,0.1708085952407942,0.8151414515272286,100,0.7568917318669648,0.16878049196442707,0.804537277136835,100,0.7502572083159451,0.177615487691058,0.8054207171957717,100,8.223479457174259,2.6123955691726044,8.172706915280422,100,6.5046868244081555,2.2648155948523105,6.58329679449771,100,0.8996576098471836,0.18775012037764868,0.9238713018640338,100,-0.18080465579002578,1.271880374076058,-0.2771897194538916,100,0.6134975367010709,0.22029094297837698,0.6545301100711249,100,1.2884215830474435,0.8591787500933536,1.0671111518044918,100,2.5020949472740677,1.655301321066249,2.0477104156176944,100,2.097449017477965,1.0113157184901347,1.9908267110855764,100,0.6528715690872869,0.5006320044103031,0.4958819817661809,100,1.5423980517185134,0.9741915564209614,1.5407287261664877,100,0.42796157884206254,0.34829856792971636,0.3280407915842454,100,,,,0,,,,0,1.7529588866233825,0.6974736995301489,1.7278283834457397,100,-1.6118831543790768,1.4289849453522757e-16,3.156213474527686e-16,0.41486587463085717,0.01670786677500543,1.0,-0.27542548508447057,0.015642897586608466,0.26770757177491944,0.41486587463085717,0.01670786677500543,1.0,0.27010643122643124,8.267798584515514e-18,3.156213474527686e-16,0.24214782782782784,7.78699366986276e-18,3.156035430494824e-16,0.26630728733636355,7.78699366986276e-18,3.156213474527686e-16,0.27702126793495707,4.095126545597987e-17,5.323664509277383e-16,0.28909880081645006,1.2938800168252932e-17,3.156213474527686e-16,0.3067335683175514,1.3329700507875106e-17,3.156213474527686e-16,2.8800840213280656,2.8782421504419467e-17,4.222333581018758e-16,2.3462966926678837,1.2938800168252932e-17,3.156213474527686e-16,-0.5114791868858573,8.74112997534717e-17,2.884572891864566e-15,-0.3911679270396647,0.05205803368568372,1.0,0.35457450126723145,6.311606041551026e-18,3.156213474527686e-16,-0.32545777967440404,0.0010501913014833851,0.024299273389399925,-0.8598610175790447,2.531779089977173e-05,0.0005063558179954346,0.7476749791076032,2.794684092654649e-17,3.156213474527686e-16,-0.7476749791076032,2.794684092654649e-17,3.156213474527686e-16,0.46925933853357693,1.2938800168252932e-17,3.156213474527686e-16,-0.46925933853357693,1.2938800168252932e-17,3.156213474527686e-16,,,,,,,-3.8631747221946715,3.896559845095909e-18,3.156213474527686e-16
a5_violation_sweep,5a83f07c35d7,Glmtrans_Auto,OracleTargetTreated,550,500,20000,10,50,1.0,0.0,additive,0.1,0.4488417654206412,0.12967110700263218,0.42114302810903415,100,-0.1853068329312891,1.6793375179679315,-0.23847913030769405,100,0.0357993095867686,0.02693468747839459,0.029785843809551682,100,-0.005058234830150845,0.04465612090518537,-0.0037383462256143918,100,0.9972332354732356,0.0019902294886002744,0.9977628377628378,100,0.9593391391391392,0.011971900732316791,0.9612992992992994,100,0.9975711818559571,0.0018223394184487154,0.9980501824225694,100,0.997191600160948,0.002554183692146345,0.9978787762158603,100,0.9976130277780915,0.0016815385700391712,0.9981093475495721,100,0.997339499568872,0.0024796579126225935,0.9980551182160553,100,10.857515061082715,2.899889836628402,10.488633357491024,100,8.62518593438205,2.5642430999455015,8.364375762377328,100,1.027263807226929,0.0129417349916724,1.026583340266014,100,0.011071447858267002,0.060194545003754325,0.003916320275028552,100,0.9950712341755602,0.0037124366793575975,0.9960135743762228,100,0.13751712741706212,0.05204245881645018,0.138403408800157,100,0.3235863548952973,0.12187503446222366,0.32695100023934653,100,2.7444993232960138,1.0463643067583404,2.569615015321679,100,0.005821263269238005,0.004228821790795271,0.004507254484273915,100,1.9664978737132919,0.9533463677296881,1.9822998350466192,100,0.003861756847283896,0.002804202639856234,0.0029812219390514816,100,,,,0,,,,0,16.27196324825287,1.726087427875578,16.043630599975586,100,-5.2993488327498515,3.896559845095909e-18,3.156213474527686e-16,0.23049063768617448,0.24100890272556064,1.0,-1.2239287254218392,4.3971135541818935e-18,3.5616619788873337e-16,0.2304906376861745,0.24100890272556064,1.0,0.514567573927574,3.896559845095909e-18,3.156213474527686e-16,0.6233417817817819,3.896559845095909e-18,3.156035430494824e-16,0.49785243249864436,3.896559845095909e-18,3.156213474527686e-16,0.5118779263608549,3.896559845095909e-18,3.156213474527686e-16,0.529820096727577,3.896559845095909e-18,3.156213474527686e-16,0.5538158595704783,3.896559845095909e-18,3.156213474527686e-16,5.514119625236521,3.896559845095909e-18,3.156213474527686e-16,4.4667958026417764,3.896559845095909e-18,3.156213474527686e-16,-0.3838729895061123,3.725407650063557e-13,7.82335606513347e-12,-0.19929182339137202,0.29116666608101216,1.0,0.7361481987417205,3.896559845095909e-18,3.156213474527686e-16,-1.4763622353047854,3.896559845095909e-18,3.156213474527686e-16,-3.0383696099578152,3.896559845095909e-18,3.156213474527686e-16,1.3947252849256524,3.896559845095909e-18,3.156213474527686e-16,-1.3947252849256524,3.896559845095909e-18,3.156213474527686e-16,0.8933591605283554,3.896559845095909e-18,3.156213474527686e-16,-0.8933591605283554,3.896559845095909e-18,3.156213474527686e-16,,,,,,,10.655829639434815,3.896559845095909e-18,3.156213474527686e-16
a5_violation_sweep,5a83f07c35d7,Glmtrans_DR_CrossFit,OracleTargetTreated,550,500,20000,10,50,1.0,0.0,additive,0.1,0.3891181965679759,0.13386816125379408,0.3428850547800145,100,-0.18415903472086256,1.6828928123123217,-0.21657699660183566,100,0.03625943876195069,0.027722902269804034,0.028631438644099227,100,-0.003910436619724239,0.04561951892560135,-0.007840947766582396,100,0.9975529072729072,0.0019302999971620683,0.9982071562071563,100,0.9624484484484485,0.011927152438439618,0.9647187187187187,100,0.9978559862807345,0.0017689785786211259,0.9984550387158253,100,0.9975782263563809,0.0023647549977305125,0.9982956570299316,100,0.9979559947743367,0.00153304309148714,0.9984148192862503,100,0.9976818301554998,0.002389147526447037,0.9985289341604153,100,10.861676879681763,2.900760038485073,10.492378283415286,100,8.627775551886229,2.563551758226891,8.368718315942143,100,1.002954995496421,0.006680644423856158,1.0024568282252289,100,0.004109199896579937,0.04842279569190746,0.012462367624060545,100,0.9956515892492973,0.003605830389022144,0.9969720151633996,100,0.05591372723571086,0.02353134910011708,0.051626980031973094,100,0.12262845028759733,0.04967378988137518,0.11548108613169217,100,2.7453744474892368,1.0463897173441101,2.5714223836863144,100,0.0049461390760146065,0.004117667913976394,0.0034562354155585062,100,1.9670157972141278,0.9533196961091407,1.9834906687229834,100,0.003343833346447927,0.00263870853684385,0.0026708560770740686,100,,,,0,,,,0,19.433308000564576,1.096484561351785,19.349470019340515,100,-5.359072401602519,3.896559845095909e-18,3.156213474527686e-16,0.23163843589660119,0.24100890272556064,1.0,-1.223468596246657,4.670683307897806e-18,3.6431329801602887e-16,0.23163843589660119,0.24100890272556064,1.0,0.5148872457272458,3.896559845095909e-18,3.156213474527686e-16,0.6264510910910911,3.896559845095909e-18,3.156035430494824e-16,0.49813723692342227,3.896559845095909e-18,3.156213474527686e-16,0.5122645525562879,3.896559845095909e-18,3.156213474527686e-16,0.5301630637238219,3.896559845095909e-18,3.156213474527686e-16,0.5541581901571062,3.896559845095909e-18,3.156213474527686e-16,5.518281443835568,3.896559845095909e-18,3.156213474527686e-16,4.469385420145957,3.896559845095909e-18,3.156213474527686e-16,-0.40818180123661996,4.00362761898488e-14,9.208343523665224e-13,-0.2062540713530591,0.27422378711525397,1.0,0.7367285538154578,3.896559845095909e-18,3.156213474527686e-16,-1.5579656354861364,3.896559845095909e-18,3.156213474527686e-16,-3.239327514565515,3.896559845095909e-18,3.156213474527686e-16,1.3956004091188754,3.896559845095909e-18,3.156213474527686e-16,-1.3956004091188754,3.896559845095909e-18,3.156213474527686e-16,0.8938770840291916,3.896559845095909e-18,3.156213474527686e-16,-0.8938770840291916,3.896559845095909e-18,3.156213474527686e-16,,,,,,,13.817174391746521,3.896559845095909e-18,3.156213474527686e-16
a5_violation_sweep,5a83f07c35d7,Glmtrans_OptionB,FeasibleRestricted,550,500,20000,10,50,1.0,0.0,additive,0.1,3.9844663142204313,1.7350424415605057,3.773472270878363,100,0.013662646235729327,1.4493479984815443,0.025249986560221843,100,0.9567561301202508,0.8034616780827278,0.7751585061578903,100,0.1939112443368676,1.2378198018805973,0.20263778524828815,100,0.7662932493332493,0.16905684897456646,0.8024238524238525,100,0.5949905505505506,0.16521956062577592,0.6089049049049049,100,0.7789077180634788,0.16500746664374744,0.8168445366288772,100,0.7741283463638209,0.17132276439723423,0.8150535190559949,100,0.7702480453445151,0.17170137294668056,0.8115732396770237,100,0.7631562255011934,0.1768039645466561,0.8121787966335424,100,8.344951635715946,2.6407904538669387,8.290622488698485,100,6.6156206760669205,2.3098007906260496,6.6823548933508645,100,0.9357031270910012,0.19329330044897236,0.9798568225932147,100,-0.1963481506720407,1.2394777396871293,-0.22097193864867187,100,0.6341229827531556,0.2278914458049655,0.6681282094214868,100,1.2275584859245992,0.8240860516646004,1.13477034318321,100,2.3916427919488767,1.605791750894077,2.112761755878033,100,2.1335637543104373,1.0234671630659733,2.029156073113626,100,0.6167568322548144,0.5009074808888142,0.48099493965836804,100,1.5645848220502663,0.9818142091967165,1.5714158774259286,100,0.4057748085103096,0.35653476195533607,0.3012995706426139,100,,,,0,,,,0,15.927865734100342,1.4674787881493185,15.997108101844788,100,-1.7637242839500633,5.486894326681338e-17,3.156213474527686e-16,0.4294601168531931,0.01172574799602767,0.9380598396822136,-0.30297190488835685,0.01138653215292208,0.2505037073642858,0.4294601168531931,0.01172574799602767,0.9380598396822136,0.2836275877875878,8.777880718979924e-18,3.156213474527686e-16,0.2589931931931932,8.023842397878198e-18,3.156035430494824e-16,0.27918896870616633,9.044445868078014e-18,3.156213474527686e-16,0.2888146725637278,1.6412062569258175e-17,3.156213474527686e-16,0.3024551142940004,9.893009181510365e-18,3.156213474527686e-16,0.3196325855027998,9.044445868078014e-18,3.156213474527686e-16,3.0015561998697535,2.3413085997284582e-17,4.2143554795112245e-16,2.4572305443266482,2.1426597410614454e-17,3.156213474527686e-16,-0.4754336696420396,6.473311925753083e-16,1.6183279814382707e-14,-0.40671142192167975,0.04882002072628644,1.0,0.37519994731931616,5.430296382634715e-18,3.156213474527686e-16,-0.3863208767972484,0.00011123624528893801,0.0028921423775123884,-0.9703131729042357,1.6428528082270905e-06,3.942846739745017e-05,0.7837897159400756,3.0528209793531665e-17,3.156213474527686e-16,-0.7837897159400758,3.0528209793531665e-17,3.156213474527686e-16,0.49144610886532974,2.1426597410614454e-17,3.156213474527686e-16,-0.49144610886532974,2.1426597410614454e-17,3.156213474527686e-16,,,,,,,10.311732125282287,3.896559845095909e-18,3.156213474527686e-16
a5_violation_sweep,5a83f07c35d7,IPWTransport,FeasibleRestricted,550,500,20000,10,50,1.0,0.0,additive,0.1,4.121329009033308,1.6814240786547532,3.8622862227732457,100,-0.000915991964607138,1.4788479640722358,-0.09567310262037479,100,0.9877846123248508,0.841248575912002,0.7767868997319622,100,0.17933260613653115,1.2887157617869223,0.22862789091391433,100,0.7545185560385562,0.1661110259541391,0.7914155394155395,100,0.5802572172172172,0.1574779055489334,0.5977217217217218,100,0.7676983392346287,0.16263354936998725,0.8068290803327307,100,0.7636727789580969,0.17002228038369488,0.8144597478796431,100,0.7591261759274128,0.16811278637664223,0.8086223065674927,100,0.7519087091964576,0.17747715781237197,0.8128753897600731,100,8.239881493457476,2.6217430069424976,8.212484289888927,100,6.52565656417113,2.278496731491104,6.59787638764371,100,0.9022860502203316,0.18767979735464568,0.931269968531835,100,-0.18073484836338657,1.2766393554939344,-0.2916155999488885,100,0.6160197948551602,0.22116077188772448,0.6517783293914281,100,1.2860906495344426,0.8567483097930138,1.0520472404228283,100,2.5198238502471937,1.6654210539389667,2.067357699997746,100,2.1014284907587584,1.0154382203216141,1.9955193431393905,100,0.6488920958064939,0.4989148249606665,0.5122689645575931,100,1.5465919996711077,0.9745704790778124,1.550454723534682,100,0.423767630889468,0.34735232345002864,0.31584529095644864,100,,,,0,,,,0,0.44046064853668215,0.2506896766844269,0.4461444616317749,100,-1.6268615891371851,1.2370784421819017e-16,3.156213474527686e-16,0.4148814786528565,0.016551932705929733,1.0,-0.271943422683757,0.017344574395330364,0.26770757177491944,0.41488147865285663,0.016551932705929733,1.0,0.2718528944928945,8.777880718979924e-18,3.156213474527686e-16,0.24425985985985987,7.78699366986276e-18,3.156035430494824e-16,0.2679795898773161,8.023842397878198e-18,3.156213474527686e-16,0.27835910515800383,2.8782421504419467e-17,4.31736322566292e-16,0.2913332448768983,1.1147719595548441e-17,3.156213474527686e-16,0.308385069198064,1.3329700507875106e-17,3.156213474527686e-16,2.8964860576112827,2.5581057720235416e-17,4.222333581018758e-16,2.3672664324308568,1.1485179010089616e-17,3.156213474527686e-16,-0.5088507465127095,9.535497985106279e-17,2.9560043753829465e-15,-0.3910981196130256,0.0528950328867865,1.0,0.3570967594213208,6.12472726248735e-18,3.156213474527686e-16,-0.32778871318740455,0.0010124697245583302,0.024299273389399925,-0.8421321146059184,3.323909134273585e-05,0.0006315427355119811,0.7516544523883962,2.6346826245998054e-17,3.156213474527686e-16,-0.7516544523883961,2.6346826245998054e-17,3.156213474527686e-16,0.47345328648617135,1.1485179010089616e-17,3.156213474527686e-16,-0.47345328648617135,1.1485179010089616e-17,3.156213474527686e-16,,,,,,,-5.175672960281372,3.896559845095909e-18,3.156213474527686e-16
a5_violation_sweep,5a83f07c35d7,OutcomeModelTransport,FeasibleRestricted,550,500,20000,10,50,1.0,0.0,additive,0.1,4.015319588598078,1.7120485568296357,3.79877779612461,100,0.0003794277561036563,1.4568194462476256,0.004310201179689285,100,0.9706992951338591,0.8063466442723809,0.7900661218600802,100,0.18062802585724191,1.2526027849397068,0.20390323908051292,100,0.7640276099876101,0.16759572770913003,0.7994964434964436,100,0.5916624224224225,0.1624397083270898,0.6059119119119118,100,0.7768178771022518,0.16364553456845296,0.8152341221025382,100,0.7723749546734645,0.1695527817038135,0.8146752487860478,100,0.7687504149626606,0.17078165716932073,0.8115732396770237,100,0.7612066955243937,0.1760355219785163,0.8105897521440468,100,8.326133413262454,2.6288903621109805,8.28506748904151,100,6.602336412960788,2.3025190483942115,6.6916220316602875,100,0.9289138224028949,0.19195083066713822,0.9713813482773388,100,-0.1835739157872684,1.2514127506846449,-0.22863724126815269,100,0.6304603658859621,0.2253158648000901,0.6628362854967491,100,1.2444303674714632,0.82415226010885,1.129793083552437,100,2.4247022303534833,1.607859549581832,2.122647066331819,100,2.1275518872114625,1.0170531709326918,2.0273064238720386,100,0.622768699353789,0.4982281949699132,0.49120492050106335,100,1.5619279694290398,0.9796042622984822,1.5714158774259286,100,0.408431661131536,0.35501423373971097,0.30423698276191946,100,,,,0,,,,0,0.0790954875946045,0.049079216802093234,0.06417179107666016,100,-1.7328710095724162,5.816713162471362e-17,3.156213474527686e-16,0.4161768983735673,0.014638113950059876,1.0,-0.28902873987474886,0.014089872198679972,0.26770757177491944,0.4161768983735673,0.014638113950059876,1.0,0.28136194844194845,8.777880718979924e-18,3.156213474527686e-16,0.2556650650650651,8.023842397878198e-18,3.156035430494824e-16,0.27709912774493933,9.044445868078014e-18,3.156213474527686e-16,0.28706128087337146,1.6412062569258175e-17,3.156213474527686e-16,0.30095748391214605,1.0192962404545369e-17,3.156213474527686e-16,0.31768305552599996,8.519072542858556e-18,3.156213474527686e-16,2.9827379774162632,2.483725635893387e-17,4.222333581018758e-16,2.4439462812205157,2.1426597410614454e-17,3.156213474527686e-16,-0.48222297433014616,4.743781498021361e-16,1.2808210044657675e-14,-0.3939371870369074,0.052475138087962746,1.0,0.3715373304521224,5.430296382634715e-18,3.156213474527686e-16,-0.36944899525038416,0.00018087164966483978,0.004521791241620995,-0.9372537344996289,2.1582542412854836e-06,4.9639847549566124e-05,0.7777778488411012,2.964263914228315e-17,3.156213474527686e-16,-0.777777848841101,2.964263914228315e-17,3.156213474527686e-16,0.4887892562441033,2.1426597410614454e-17,3.156213474527686e-16,-0.4887892562441033,2.1426597410614454e-17,3.156213474527686e-16,,,,,,,-5.53703812122345,3.896559845095909e-18,3.156213474527686e-16
a5_violation_sweep,5a83f07c35d7,ProxyOnly,FeasibleRestricted,550,500,20000,10,50,1.0,0.0,additive,0.1,5.748190598170493,1.2129035565679758,5.543151337303249,100,-0.4157974706174637,1.8493103049583193,-0.47242913218271854,100,1.2597280350086077,0.908294554083512,1.0429002072114373,100,-0.23554887251632534,1.5400972217281188,0.041799329393330364,100,0.48266566154566154,0.10564035514892117,0.49378728778728787,100,0.33599735735735725,0.07877830933504747,0.34212012012012016,100,0.49971874935731253,0.10745014659394553,0.513175646604156,100,0.48531367380009294,0.1327870498761204,0.48483366131322164,100,0.46779293105051467,0.15103921898412045,0.47113444453485265,100,0.44352363999839384,0.1862153734541674,0.4431816200465081,100,5.343395435846191,2.1086033596488085,5.009823500716443,100,4.158390131740273,1.9220879939264015,3.9689355811231,100,1.4111367967330406,0.44111701421196453,1.3347205295480933,100,0.21036327124963897,2.2889791715556354,0.18816585748354775,100,0.25892303543383954,0.10265798338865428,0.26531183528093166,100,1.6138793627218475,0.7441018967346752,1.4731982030371575,100,3.3619559648531117,1.351840996950947,3.2191966085732817,100,1.3497740383703616,0.9223361009152783,1.4519500268815304,100,1.4005465481948902,0.5231536414667995,1.2542037058899618,100,1.0731387131849366,0.9117112530340884,1.1110698022253516,100,0.8972209173756395,0.3284940398328078,0.8258848365511098,100,0.0,0.0,0.0,100,0.0,0.0,0.0,100,5.616133608818054,2.0774105253623203,5.0358651876449585,100,,,,,,,,,,,,,,,,,,,,,,,,,,,,,,,,,,,,,,,,,,,,,,,,,,,,,,,,,,,,,,,,,,,,,,,,
a5_violation_sweep,5a83f07c35d7,TargetOnlyDR,OracleTargetTreated,550,500,20000,10,50,1.0,0.0,additive,0.1,4.915969885680116,0.9152568638674556,4.787492632335553,100,-0.23446982131526972,1.691188880436332,-0.3556036638440605,100,0.2307572774219347,0.198470764016101,0.1665380184353219,100,-0.05422122321413139,0.30034612652904413,-0.06508322237951414,100,0.6791159405159405,0.040010716972382114,0.679902373902374,100,0.4919414214214215,0.0344945121095772,0.49252052052052053,100,0.6962212373813592,0.03806888720048219,0.6971038638103724,100,0.6884093696662902,0.07282302838195365,0.6970371503307495,100,0.6761571413461107,0.0913165537850481,0.6977571799515669,100,0.6639849191651221,0.11501167747982627,0.6797842892332298,100,7.5960582697923,2.515712125543948,7.149423021929691,100,5.988684663984915,2.2998914248135,5.781349028789703,100,1.7419351321954661,0.31439402100548763,1.6784247808887411,100,0.239281079614345,1.4179048251028072,0.1995615235329194,100,0.4794200810444834,0.05061530956453809,0.48021252424376926,100,1.5543278902120068,0.5491422849207533,1.461364281836001,100,3.9169011777624654,1.1683440729237313,3.7432743199050034,100,1.9560730833644215,1.0135086918457556,1.7793443076486857,100,0.7942475032008299,0.19170327849114846,0.7675722432750273,100,1.4391976196338652,0.9480625738654282,1.4272577712674948,100,0.531162010926711,0.12378287100182846,0.5151271772289987,100,0.0,0.0,0.0,100,0.0,0.0,0.0,100,13.56864004611969,3.3435658372999395,12.611433744430542,100,-0.8322207124903769,3.896559845095909e-18,3.156213474527686e-16,0.18132764930219394,0.439153713588891,1.0,-1.0289707575866731,6.293307461307002e-16,3.4613191037188516e-14,0.18132764930219394,0.439153713588891,1.0,0.19645027897027897,3.896559845095909e-18,3.156213474527686e-16,0.15594406406406408,3.896559845095909e-18,3.156035430494824e-16,0.19650248802404668,3.896559845095909e-18,3.156213474527686e-16,0.20309569586619708,1.082004916926409e-17,3.156213474527686e-16,0.20836421029559585,1.4573676877736123e-17,3.156213474527686e-16,0.22046127916672834,6.504110965076778e-18,3.156213474527686e-16,2.2526628339461077,1.1147719595548441e-17,3.156213474527686e-16,1.8302945322446413,1.3329700507875106e-17,3.156213474527686e-16,0.3307983354624256,2.352657766517876e-08,3.999518203080389e-07,0.02891780836470599,0.5893232417473824,1.0,0.22049704561064382,3.896559845095909e-18,3.156213474527686e-16,-0.059551472509840477,0.6849466319950608,1.0,0.5549452129093535,0.00018087164966483978,0.0028939463946374365,0.6062990449940601,4.3971135541818935e-18,3.156213474527686e-16,-0.6062990449940601,4.3971135541818935e-18,3.156213474527686e-16,0.36605890644892847,1.3329700507875106e-17,3.156213474527686e-16,-0.36605890644892847,1.3329700507875106e-17,3.156213474527686e-16,0.0,,,0.0,,,7.952506437301635,3.896559845095909e-18,3.156213474527686e-16
a5_violation_sweep,62d469982843,AnchorOnly,OracleTargetTreated,550,500,20000,10,50,0.2,0.5,additive,0.1,4.367613473695686,0.5658660890796723,4.318662371398692,100,0.02327093175765953,1.578115314085925,0.12140166811664423,100,0.2169753394170488,0.14564938614360753,0.18854813402725862,100,0.03130245052344701,0.26034177372252454,0.0459010715600115,100,0.6563932001932004,0.03911853494229739,0.6557000897000897,100,0.4727713713713714,0.03301340664844954,0.4726666666666667,100,0.6741758319278729,0.038098798436533875,0.6754146949784084,100,0.6755441838214573,0.08545373116311811,0.6860365111248539,100,0.6629214690889259,0.09828130921237267,0.6828082836191831,100,0.640128117167159,0.15415080661444527,0.6672664431224428,100,6.614592705311294,1.9169162124105923,6.462589801711216,100,5.235015481197581,1.7756460950726245,5.154101369435693,100,1.6885960798052426,0.27193832959548825,1.6407222865119537,100,-0.036445666541093186,1.2446968349291225,-0.07281863376477216,100,0.44940824065221113,0.05383947850555134,0.45026629097446563,100,1.281960960956111,0.33534257072102314,1.2037701584357723,100,3.2971599900552944,0.7873930263807768,3.2437338039252133,100,1.6591206532000882,0.8554121642273631,1.7023458082412195,100,0.7470004394199558,0.137657784714513,0.7410367336286028,100,1.1761893402498869,0.9220911274890634,1.2988836569783155,100,0.4936281148111513,0.09027237193586117,0.48996619010405096,100,0.00114680257482733,0.0010232096835966955,0.0007966450012765454,100,24.09,0.6830561152391921,24.0,100,12.221359112262725,3.2014326751625357,12.731560230255127,100,-0.4599050508464915,4.0161556854627e-18,3.156213474527686e-16,0.23335883148585926,0.050013890934493634,1.0,-0.7187495929749658,1.3001708683897704e-13,6.240820168270898e-12,0.23335883148585926,0.050013890934493634,1.0,0.10374256818256818,2.8782421504419467e-17,3.156213474527686e-16,0.08466038038038037,2.4835922386491166e-17,3.156035430494824e-16,0.10454812429371402,2.3413085997284582e-17,3.156213474527686e-16,0.11920726435181064,8.74112997534717e-17,7.867016977812453e-16,0.1172279672175484,8.49113044453792e-17,7.642017400084128e-16,0.10972619254065596,2.0366656656333666e-15,2.33446068619371e-15,1.1268742616219363,7.132581379887996e-17,6.419323241899197e-16,0.8666413564984243,8.998385137455785e-17,8.098546623710206e-16,0.12749263016803283,0.0018602351666628283,0.0018602351666628283,-0.35084962033730877,0.05547376726176119,1.0,0.12288057672156141,2.1426597410614454e-17,3.156213474527686e-16,-0.12079077148915873,0.32882454634893676,1.0,0.15620989400175744,0.20699728974792586,1.0,0.2834320990722696,9.815788244911677e-17,3.156213474527686e-16,-0.2834320990722695,9.815788244911677e-17,3.156213474527686e-16,0.1733282712996849,8.998385137455785e-17,8.098546623710206e-16,-0.1733282712996849,8.998385137455785e-17,8.098546623710206e-16,0.00114680257482733,3.896559845095909e-18,7.013807721172637e-17,24.09,2.0985662449211234e-19,2.3705668301988652e-18,6.646781497001648,1.5137158701684123e-16,2.4219453922694596e-15
a5_violation_sweep,62d469982843,AnchorPlugin,FeasibleRestricted,550,500,20000,10,50,0.2,0.5,additive,0.1,3.503482493475637,0.6778921312718605,3.389097348374141,100,-0.11249467651435513,1.170104107077048,-0.0979706166397906,100,0.7283430907323591,0.5676903598754786,0.6410476035332429,100,-0.1044631577485676,0.9203758168167883,-0.19986282387504878,100,0.7749693228093228,0.05901490156845987,0.7806843606843608,100,0.58236012012012,0.05873256706946539,0.5852712712712713,100,0.7885308728324081,0.05728719707735621,0.7941958962073377,100,0.7795560311024669,0.07484713362951256,0.7892757452944912,100,0.7771217748905958,0.08207926928744574,0.7935531584711986,100,0.767414310734282,0.11960556642149092,0.7862324528747251,100,7.576114197154352,1.9642474075450718,7.592294707936087,100,6.062393884538599,1.8133880112375684,5.978940600650043,100,1.0474514783520714,0.09703680059705426,1.0392759815490655,100,0.10912019240416944,0.8921603318417121,0.17469353633649698,100,0.6240853863729104,0.08797315320465839,0.6276648326311823,100,0.8276749803750763,0.5064768882563028,0.6881955086943405,100,1.5311273067516797,0.7539217852953071,1.4063314284405857,100,1.927863266955095,0.8431226303714092,1.872271384601194,100,0.47825782566494857,0.1739465101202582,0.4489389351049874,100,1.3416650209180903,0.9179846929898395,1.4470762916401487,100,0.3281524341429478,0.10568696926162036,0.3166672809535958,100,0.00374562260221034,0.0027147959758748092,0.0033989768310094385,100,49.63,0.7474535896541461,50.0,100,6.277389600276947,2.0393781903581414,6.511375427246094,100,-1.324036031066539,3.896559845095909e-18,3.156213474527686e-16,0.09759322321384462,0.22354068509721836,1.0,-0.20738184165965542,0.012073897894067653,0.2535518557754207,0.09759322321384462,0.22354068509721836,1.0,0.22231869079869082,3.896559845095909e-18,3.156213474527686e-16,0.19424912912912912,3.896559845095909e-18,3.156035430494824e-16,0.21890316519824918,3.896559845095909e-18,3.156213474527686e-16,0.22321911163282027,3.896559845095909e-18,3.156213474527686e-16,0.23142827301921817,3.896559845095909e-18,3.156213474527686e-16,0.23701238610777892,3.896559845095909e-18,3.156213474527686e-16,2.0883957534649973,3.896559845095909e-18,3.156213474527686e-16,1.694019759839442,3.896559845095909e-18,3.156213474527686e-16,-0.5136519712851385,5.430296382634715e-18,3.9641163593233416e-16,-0.20528376139204607,0.2288162707681446,1.0,0.29755772244226075,3.896559845095909e-18,3.156213474527686e-16,-0.5750767520701935,6.2835872740427154e-15,3.7073164916852023e-13,-1.609822789301858,1.2559216589141089e-17,6.405200460461955e-16,0.5521747128272768,3.896559845095909e-18,3.156213474527686e-16,-0.5521747128272768,3.896559845095909e-18,3.156213474527686e-16,0.3388039519678884,3.896559845095909e-18,3.156213474527686e-16,-0.3388039519678884,3.896559845095909e-18,3.156213474527686e-16,0.00374562260221034,3.896559845095909e-18,7.013807721172637e-17,49.63,7.133430880693629e-20,9.98680323297108e-19,0.7028119850158692,0.0023970689635707514,0.011985344817853757
a5_violation_sweep,62d469982843,EntropyBalancing,FeasibleRestricted,550,500,20000,10,50,0.2,0.5,additive,0.1,2.537895865309202,0.8957761302041203,2.5034235684801462,100,-0.007058764735656622,1.424202158714405,0.09812561924864852,100,0.7439543458834826,0.5917788461286451,0.5890996938573514,100,0.0009727540301308457,0.9535512058766975,-0.021758517099247976,100,0.8897022444222444,0.06655062507813879,0.9046858666858668,100,0.723575975975976,0.09009580546677863,0.7344364364364364,100,0.8979950856175638,0.06309635477703655,0.9126225474021997,100,0.8957692073558617,0.06986583816806129,0.9082304130179398,100,0.891380861501908,0.0754744687014357,0.90343241450958,100,0.888391696952697,0.0952110783792758,0.9031653769167161,100,8.642373386304163,1.9390797315623323,8.452864810896989,100,6.89064047698541,1.8137790293997922,6.806674898994718,100,0.9667243064460971,0.06923814340790771,0.9697398854818945,100,-0.003573781097944002,0.9245619923230998,0.03762239490490723,100,0.8099609114057432,0.10947778412330784,0.8333144506234756,100,0.8216322923177352,0.5352487502410294,0.6623162890222982,100,1.4078382768386815,0.781511989248629,1.226963918403705,100,2.1563752602598525,0.8590318292107026,2.1867814511115053,100,0.24974583236019132,0.16976656175368682,0.21386110948617965,100,1.5073143394074524,0.9316895681646955,1.5907533252265238,100,0.16250311565358555,0.110977799244744,0.1364170760112861,100,,,,0,,,,0,1.8431195211410523,0.810570501358423,1.742334008216858,100,-2.289622659232976,3.896559845095909e-18,3.156213474527686e-16,0.20302913499254305,0.1303144795171302,1.0,-0.19177058650853177,0.09886198404788216,1.0,0.20302913499254313,0.1303144795171302,1.0,0.33705161241161236,3.896559845095909e-18,3.156213474527686e-16,0.33546498498498495,3.896559845095909e-18,3.156035430494824e-16,0.3283673779834047,3.896559845095909e-18,3.156213474527686e-16,0.33943228788621516,3.896559845095909e-18,3.156213474527686e-16,0.3456873596305303,3.896559845095909e-18,3.156213474527686e-16,0.35798977232619394,3.896559845095909e-18,3.156213474527686e-16,3.154654942614808,3.896559845095909e-18,3.156213474527686e-16,2.5222663522862536,3.896559845095909e-18,3.156213474527686e-16,-0.5943791431911131,4.3971135541818935e-18,3.4737197078036956e-16,-0.3179777348941595,0.09539763158898176,1.0,0.4834332474750937,3.896559845095909e-18,3.156213474527686e-16,-0.5811194401275346,4.067884888807612e-11,1.6271539555230448e-09,-1.7331118192148565,1.3489339428091349e-16,5.125948982674712e-15,0.7806867061320341,3.896559845095909e-18,3.156213474527686e-16,-0.7806867061320341,3.896559845095909e-18,3.156213474527686e-16,0.5044532704572506,3.896559845095909e-18,3.156213474527686e-16,-0.5044532704572506,3.896559845095909e-18,3.156213474527686e-16,,,,,,,-3.7314580941200255,3.896559845095909e-18,3.156213474527686e-16
a5_violation_sweep,62d469982843,Glmtrans_Auto,OracleTargetTreated,550,500,20000,10,50,0.2,0.5,additive,0.1,1.417245152955378,0.6436709429294758,1.3151870080105497,100,0.01235261669339713,1.5483652845409837,0.08083852449180196,100,0.08500613716967713,0.06375795773566598,0.07183858887238362,100,0.020384135459184605,0.10461549019555798,0.019235459196840887,100,0.9604222269022269,0.029149437195786353,0.966867780867781,100,0.840271831831832,0.06328923865855156,0.8434374374374374,100,0.964046524463018,0.026908186254379445,0.9698962480326949,100,0.9630119941439554,0.029876231139668943,0.9715589153319506,100,0.9626601978270628,0.032314685499843045,0.9710154806845801,100,0.9599512173990586,0.04003547374186776,0.9708312138914446,100,9.285374403604989,1.9595387682888,9.187651563493406,100,7.417798354528127,1.815505074987936,7.304289282500497,100,1.041631516736158,0.028539419856839124,1.0415384367191685,100,-0.015436623881047336,0.13864910261614585,0.006504009156370509,100,0.9298687685089475,0.051389246231047146,0.9396290307482592,100,0.22430680194695676,0.1062292274275942,0.20370774760869537,100,0.5285181538475339,0.251552703614518,0.47557111159167276,100,2.326642159566083,0.8645507109008475,2.4263750060106988,100,0.07947893305396064,0.06386589580881885,0.059615248212902316,100,1.6127459149159962,0.9329319493271221,1.6963082614340403,100,0.05707154014504215,0.04991694414546091,0.04260146035782561,100,,,,0,,,,0,16.4177285695076,1.7473269114896188,16.19277834892273,100,-3.4102733715867988,3.896559845095909e-18,3.156213474527686e-16,0.2224405164215969,0.06945700702786524,1.0,-0.8507187952223373,1.0104199612316775e-16,6.668771744129072e-15,0.2224405164215969,0.06945700702786524,1.0,0.4077715948915949,3.896559845095909e-18,3.156213474527686e-16,0.45216084084084085,3.896559845095909e-18,3.156035430494824e-16,0.3944188168288589,3.896559845095909e-18,3.156213474527686e-16,0.4066750746743088,3.896559845095909e-18,3.156213474527686e-16,0.41696669595568503,3.896559845095909e-18,3.156213474527686e-16,0.4295492927725555,3.896559845095909e-18,3.156213474527686e-16,3.797655959915632,3.896559845095909e-18,3.156213474527686e-16,3.0494242298289707,3.896559845095909e-18,3.156213474527686e-16,-0.5194719329010518,8.519072542858556e-18,4.770680624000792e-16,-0.3298405776772628,0.07775544419099599,1.0,0.6033411045782975,3.896559845095909e-18,3.156213474527686e-16,-1.178444930498313,3.896559845095909e-18,3.156213474527686e-16,-2.612431942206004,3.896559845095909e-18,3.156213474527686e-16,0.9509536054382649,3.896559845095909e-18,3.156213474527686e-16,-0.9509536054382649,3.896559845095909e-18,3.156213474527686e-16,0.6098848459657941,3.896559845095909e-18,3.156213474527686e-16,-0.6098848459657941,3.896559845095909e-18,3.156213474527686e-16,,,,,,,10.843150954246521,3.896559845095909e-18,3.156213474527686e-16
a5_violation_sweep,62d469982843,Glmtrans_DR_CrossFit,OracleTargetTreated,550,500,20000,10,50,0.2,0.5,additive,0.1,1.4033298927641287,0.645149887169257,1.2895924337148794,100,0.012389237120413977,1.5493591487444125,0.10642877082950686,100,0.08510785958765921,0.06736722464477375,0.07303965958588443,100,0.020420755886201444,0.10692818329718912,0.014926991929951283,100,0.960248978048978,0.029131773788043738,0.9663728463728465,100,0.839822822822823,0.06332362944980488,0.8424764764764765,100,0.9638829112264848,0.02684294364632111,0.9697743036801276,100,0.9627047994112162,0.029071187795865944,0.966745970574195,100,0.9625095551753522,0.03054000199973108,0.9689457373307159,100,0.9594967019975205,0.04087702954342894,0.9685488677037637,100,9.280651126639992,1.9490757953884452,9.185749795063185,100,7.415434683678324,1.8068098735544982,7.299474910831945,100,1.001037556746899,0.01793943737271462,0.9994418354346009,100,-0.021346013094034482,0.1094176002060881,-0.013404607906614019,100,0.9295025002257066,0.051219704206140027,0.9395370014930874,100,0.14683578333665057,0.0649650794592087,0.13817643717521705,100,0.32212800128858504,0.15860438927821136,0.3037690360623646,100,2.327782639565664,0.8639015668559786,2.4098324699628,100,0.07833845305437964,0.06395246639239602,0.059394585215910345,100,1.6122731807460358,0.9337641583222255,1.703056114144885,100,0.05754427431500266,0.047432162863585176,0.045987710406100335,100,,,,0,,,,0,20.233700256347657,1.7218003749298154,19.880857706069946,100,-3.4241886317780494,3.896559845095909e-18,3.156213474527686e-16,0.2224771368486137,0.07717817232321368,1.0,-0.8506170728043553,8.49113044453792e-17,5.689057397840406e-15,0.2224771368486137,0.07717817232321368,1.0,0.40759834603834605,3.896559845095909e-18,3.156213474527686e-16,0.4517118318318317,3.896559845095909e-18,3.156035430494824e-16,0.394255203592326,3.896559845095909e-18,3.156213474527686e-16,0.4063678799415695,3.896559845095909e-18,3.156213474527686e-16,0.4168160533039748,3.896559845095909e-18,3.156213474527686e-16,0.42909477737101753,3.896559845095909e-18,3.156213474527686e-16,3.7929326829506356,3.896559845095909e-18,3.156213474527686e-16,3.0470605589791675,3.896559845095909e-18,3.156213474527686e-16,-0.560065892890311,5.767203615817138e-18,4.0370425310719966e-16,-0.33574996689025,0.08129332564998845,1.0,0.6029748362950568,3.896559845095909e-18,3.156213474527686e-16,-1.2559159491086191,3.896559845095909e-18,3.156213474527686e-16,-2.818822094764952,3.896559845095909e-18,3.156213474527686e-16,0.9520940854378458,3.896559845095909e-18,3.156213474527686e-16,-0.9520940854378458,3.896559845095909e-18,3.156213474527686e-16,0.6094121117958335,3.896559845095909e-18,3.156213474527686e-16,-0.6094121117958334,3.896559845095909e-18,3.156213474527686e-16,,,,,,,14.659122641086578,3.896559845095909e-18,3.156213474527686e-16
a5_violation_sweep,62d469982843,Glmtrans_OptionB,FeasibleRestricted,550,500,20000,10,50,0.2,0.5,additive,0.1,2.430273459906,0.9510975875456323,2.287339474195796,100,-0.025218132577886843,1.4205365314653124,0.07629668804865707,100,0.7105706715554324,0.5811374389561798,0.5435505769920022,100,-0.017186613812099356,0.920561321572412,-0.0862638995514497,100,0.8956265337065337,0.07063997155649247,0.9135593175593176,100,0.7353692092092092,0.09982112308157674,0.7472632632632632,100,0.9034662588872987,0.0668369998595347,0.921606677123989,100,0.9010941520342872,0.07071691030448468,0.9152747734085063,100,0.8983034813665486,0.07782592088870446,0.9130219973009004,100,0.8934228547264026,0.10237335433790803,0.9049509109988483,100,8.700666584082965,1.9833457526667146,8.547602274299049,100,6.943663421793143,1.8298399635388736,6.856085794031873,100,0.971153333044233,0.07361344822340964,0.9765887722806206,100,0.010821490112240595,0.898758021509268,0.09575097155866666,100,0.8203854230886999,0.11658948100730913,0.846812796322566,100,0.7807611089337747,0.5426205732985294,0.6540026410278845,100,1.326230806963435,0.8341655794566214,1.130290383176121,100,2.1696213456186015,0.8716668098353637,2.1843476894273834,100,0.2364997470014423,0.1730529112016711,0.1964315440932286,100,1.5179189283689996,0.938819945803449,1.607980645570451,100,0.1518985266920388,0.11560617299460998,0.1120636430353571,100,,,,0,,,,0,15.57066633462906,1.8464209302054264,15.54447340965271,100,-2.397245064636177,3.896559845095909e-18,3.156213474527686e-16,0.1848697671503129,0.16796621506063614,1.0,-0.22515426083658194,0.015349801753282155,0.26770757177491944,0.18486976715031292,0.16796621506063614,1.0,0.34297590169590164,3.896559845095909e-18,3.156213474527686e-16,0.34725821821821823,3.896559845095909e-18,3.156035430494824e-16,0.33383855125314,3.896559845095909e-18,3.156213474527686e-16,0.3447572325646404,3.896559845095909e-18,3.156213474527686e-16,0.352609979495171,3.896559845095909e-18,3.156213474527686e-16,0.36302093009989944,3.896559845095909e-18,3.156213474527686e-16,3.212948140393611,3.896559845095909e-18,3.156213474527686e-16,2.575289297093987,3.896559845095909e-18,3.156213474527686e-16,-0.5899501165929769,4.2663227307182344e-18,3.45572141188177e-16,-0.30358246368397496,0.0849607498952159,1.0,0.4938577591580504,3.896559845095909e-18,3.156213474527686e-16,-0.6219906235114947,7.984361437594533e-12,3.2735881894137587e-10,-1.8147192890901025,2.198665592591444e-16,8.135062692588342e-15,0.793932791490783,3.896559845095909e-18,3.156213474527686e-16,-0.793932791490783,3.896559845095909e-18,3.156213474527686e-16,0.5150578594187974,3.896559845095909e-18,3.156213474527686e-16,-0.5150578594187974,3.896559845095909e-18,3.156213474527686e-16,,,,,,,9.99608871936798,3.896559845095909e-18,3.156213474527686e-16
a5_violation_sweep,62d469982843,IPWTransport,FeasibleRestricted,550,500,20000,10,50,0.2,0.5,additive,0.1,2.5335962291710796,0.8948476332815983,2.50197347365236,100,-0.008550293826912183,1.4265536590485837,0.08707332219242236,100,0.7491520363945234,0.5902705672311354,0.6017429446731923,100,-0.0005187750611247199,0.9567219145806469,-0.028775014603696428,100,0.8901855822255823,0.0663267495930695,0.9042137022137022,100,0.7242419619619621,0.08992995776973194,0.7329449449449449,100,0.8984578306583826,0.06288963146834432,0.9133448440188694,100,0.8961269497672779,0.06933770729125896,0.9066761304688875,100,0.8918654541145714,0.07592103226469621,0.9019031598113526,100,0.8891108846705112,0.09417488214119338,0.9004434542208919,100,8.64754131717312,1.9447226472739472,8.489272740682988,100,6.894947232164928,1.8176542934428583,6.813002834775867,100,0.9677341692666743,0.06942939704328004,0.9693861725539306,100,-0.003347548070582752,0.9277091701485685,0.02069291948007058,100,0.8107837457083389,0.10911122422929029,0.8349187574312422,100,0.8235045918439765,0.5360485930850314,0.6720221507160951,100,1.4098867344875623,0.7784198175797864,1.2542180063638977,100,2.1562000775129677,0.8577158374112939,2.189012215105302,100,0.24992101510707646,0.17027444063751523,0.2089113952849131,100,1.5081756904433563,0.930931047651857,1.596733290144137,100,0.16164176461768182,0.11129950951262615,0.13039634299856617,100,,,,0,,,,0,0.48457529544830324,0.2954900590926581,0.44853949546813965,100,-2.293922295371098,3.896559845095909e-18,3.156213474527686e-16,0.20153760590128758,0.1294431942035884,1.0,-0.18657289599749113,0.1090982647047737,1.0,0.20153760590128758,0.1294431942035884,1.0,0.3375349502149503,3.896559845095909e-18,3.156213474527686e-16,0.33613097097097105,3.896559845095909e-18,3.156035430494824e-16,0.3288301230242237,3.896559845095909e-18,3.156213474527686e-16,0.33979003029763105,3.896559845095909e-18,3.156213474527686e-16,0.3461719522431938,3.896559845095909e-18,3.156213474527686e-16,0.35870896004400826,3.896559845095909e-18,3.156213474527686e-16,3.1598228734837637,3.896559845095909e-18,3.156213474527686e-16,2.526573107465772,3.896559845095909e-18,3.156213474527686e-16,-0.5933692803705355,4.3971135541818935e-18,3.4737197078036956e-16,-0.31775150186679824,0.09816119491270844,1.0,0.4842560817776892,3.896559845095909e-18,3.156213474527686e-16,-0.5792471406012932,4.3608373720483984e-11,1.6271539555230448e-09,-1.7310633615659747,1.273307953842098e-16,4.965901019984182e-15,0.780511523385149,3.896559845095909e-18,3.156213474527686e-16,-0.780511523385149,3.896559845095909e-18,3.156213474527686e-16,0.5053146214931543,3.896559845095909e-18,3.156213474527686e-16,-0.5053146214931543,3.896559845095909e-18,3.156213474527686e-16,,,,,,,-5.090002319812775,3.896559845095909e-18,3.156213474527686e-16
a5_violation_sweep,62d469982843,OutcomeModelTransport,FeasibleRestricted,550,500,20000,10,50,0.2,0.5,additive,0.1,2.4648454418721544,0.908039261234598,2.3380777118017466,100,-0.011338897827554791,1.4277783670422322,0.12068244190993133,100,0.7426925050666019,0.5991173930521614,0.62400459245137,100,-0.003307379061767296,0.9571282027196256,-0.07145717402251647,100,0.8961374776574776,0.06416945689791918,0.9131370251370252,100,0.7330116116116117,0.09001756572365449,0.7446306306306307,100,0.9040331738513914,0.06073445328489903,0.9194488230629516,100,0.9014858177736655,0.0666312205073608,0.9125333431129821,100,0.8989316629269175,0.07413148068643194,0.9084992656445349,100,0.8931135667014384,0.09987816667895645,0.901986477563381,100,8.69916026071719,1.9435256753267292,8.544795681205361,100,6.949486157426682,1.8242643450264528,6.941656943655516,100,0.9781401674093674,0.06508018815736634,0.9818647879814959,100,-0.005780635519104521,0.9312265821937689,0.0754535103315975,100,0.8205813100137972,0.10626600092339537,0.8424745091960266,100,0.8054106430771287,0.553574384550517,0.6563232748407684,100,1.3346680946965315,0.7677899504503785,1.1952380225821573,100,2.1679978599845064,0.8594286182773139,2.183290087661896,100,0.2381232326355372,0.1629985073026082,0.20029459067765631,100,1.5190834754957072,0.9305919981932395,1.6074157943208227,100,0.15073397956533113,0.10806966872709879,0.1214985749590971,100,,,,0,,,,0,0.08305604696273804,0.05553325608687478,0.06866872310638428,100,-2.362673082670023,3.896559845095909e-18,3.156213474527686e-16,0.198749001900645,0.1658553570902883,1.0,-0.19303242732541281,0.09956676117970463,1.0,0.198749001900645,0.1658553570902883,1.0,0.3434868456468456,3.896559845095909e-18,3.156213474527686e-16,0.3449006206206207,3.896559845095909e-18,3.156035430494824e-16,0.3344054662172323,3.896559845095909e-18,3.156213474527686e-16,0.34514889830401885,3.896559845095909e-18,3.156213474527686e-16,0.35323816105553973,3.896559845095909e-18,3.156213474527686e-16,0.3627116420749355,3.896559845095909e-18,3.156213474527686e-16,3.211441817027833,3.896559845095909e-18,3.156213474527686e-16,2.5811120327275257,3.896559845095909e-18,3.156213474527686e-16,-0.5829632822278427,4.3971135541818935e-18,3.4737197078036956e-16,-0.32018458931532,0.09886198404788216,1.0,0.49405364608314756,3.896559845095909e-18,3.156213474527686e-16,-0.597341089368141,4.260963777218884e-11,1.6271539555230448e-09,-1.8062820013570058,1.0706319350413213e-16,4.2825277401652855e-15,0.7923093058566881,3.896559845095909e-18,3.156213474527686e-16,-0.7923093058566881,3.896559845095909e-18,3.156213474527686e-16,0.5162224065455051,3.896559845095909e-18,3.156213474527686e-16,-0.5162224065455051,3.896559845095909e-18,3.156213474527686e-16,,,,,,,-5.49152156829834,3.896559845095909e-18,3.156213474527686e-16
a5_violation_sweep,62d469982843,ProxyOnly,FeasibleRestricted,550,500,20000,10,50,0.2,0.5,additive,0.1,4.827518524542176,0.6773527815906422,4.808839070672488,100,-0.21008789972819972,1.831377555600339,-0.17285300550073074,100,0.9357249323920145,0.7922410982892862,0.7465570906564278,100,-0.20205638096241227,1.212778705343305,-0.15544485332245853,100,0.5526506320106321,0.06807729270073207,0.5586176766176767,100,0.388110990990991,0.05290288705479992,0.39103303303303305,100,0.569627707634159,0.06958354637187793,0.5754813773286903,100,0.5563369194696467,0.11349308958531772,0.5747325643096279,100,0.5456935018713776,0.13881015235168337,0.5637463795318942,100,0.5304019246265032,0.19386665531619518,0.5724643129783473,100,5.487718443689355,1.920398599994279,5.348510819587162,100,4.368374124699157,1.7834779655555482,4.194105181562316,100,1.5611034496372098,0.32579293070051085,1.5439807232664733,100,0.31440395379621555,1.845483483894261,0.3417439505323916,100,0.32652766393064964,0.07707865917382645,0.33035316394451214,100,1.4027517324452696,0.6133977395565843,1.2731519112359242,100,3.1409500960535377,1.1011350576043177,3.0559737990471927,100,1.3756885541278185,0.8091962285889089,1.3961852309925877,100,1.0304325384922253,0.2860224281741603,1.0187281448610035,100,1.002861068950202,0.9167886129039061,1.0995992636739085,100,0.6669563861108362,0.14887492989359238,0.6511541853331213,100,0.0,0.0,0.0,100,0.0,0.0,0.0,100,5.574577615261078,2.1010369799535566,5.30689001083374,100,,,,,,,,,,,,,,,,,,,,,,,,,,,,,,,,,,,,,,,,,,,,,,,,,,,,,,,,,,,,,,,,,,,,,,,,
a5_violation_sweep,62d469982843,TargetOnlyDR,OracleTargetTreated,550,500,20000,10,50,0.2,0.5,additive,0.1,4.323948954816971,0.5520586377085537,4.299095912068051,100,0.03977349270191205,1.5788774323694814,0.08483526067031087,100,0.22978599517824794,0.1589936655238305,0.2123839536115077,100,0.047805011467699526,0.2762345663289023,0.04085759950395204,100,0.6660786343986342,0.037471017186926664,0.6686367686367687,100,0.4808294694694695,0.03171438772518971,0.4815575575575576,100,0.6837337999357809,0.03652914447066865,0.6858611007159194,100,0.6875056187256371,0.09135109228837121,0.7012952252187963,100,0.6690301621539336,0.10612694376257702,0.6914705740508176,100,0.6492619411887639,0.15093658646586203,0.6843690085367342,100,6.735718029358276,1.9770886405155144,6.652640200488098,100,5.287442120342831,1.8137147701519876,5.283235931665438,100,1.6909496598587859,0.2494329807745799,1.6611742695203258,100,-0.09971125279523224,1.2781263939813305,-0.06827506044292952,100,0.4645817519051548,0.05079911384092976,0.4657775509632321,100,1.288433554222187,0.32341880303680376,1.3018970993984138,100,3.368257661210555,0.770055505740728,3.358996024558957,100,1.6819330477502812,0.8497078823916477,1.6988353282891757,100,0.7241880448697627,0.14184449703245325,0.7033778000126982,100,1.1866746680789368,0.9241795261518865,1.3337177010274197,100,0.4831427869821014,0.09668708274753626,0.4742571327687721,100,0.0,0.0,0.0,100,0.0,0.0,0.0,100,13.07408122062683,3.5648175523367835,13.150138974189758,100,-0.5035695697252054,4.0161556854627e-18,3.156213474527686e-16,0.2498613924301118,0.03750842722040098,1.0,-0.7059389372137665,1.1720436023075125e-13,5.743013651306811e-12,0.2498613924301118,0.03750842722040098,1.0,0.11342800238800237,1.4573676877736123e-17,3.156213474527686e-16,0.0927184784784785,1.1485179010089616e-17,3.156035430494824e-16,0.11410609230162161,1.0501887534614503e-17,3.156213474527686e-16,0.13116869925599062,7.782675474469018e-17,7.782675474469017e-16,0.12333666028255597,5.816713162471362e-17,5.816713162471361e-16,0.11886001656226089,1.4289849453522757e-16,1.000289461746593e-15,1.2479995856689208,5.1755353272287037e-17,5.693088859951574e-16,0.9190679956436747,4.4713463414559033e-17,4.638619403310477e-16,0.129846210221576,0.00030591253406076906,0.0012236501362430762,-0.41411520659144785,0.02304229152554076,1.0,0.13805408797450508,8.777880718979924e-18,3.156213474527686e-16,-0.1143181782230826,0.5916968660875195,1.0,0.227307565157017,0.06238182359673901,0.5614364123706511,0.30624449362246264,1.5932071996658114e-17,3.156213474527686e-16,-0.30624449362246264,1.5932071996658114e-17,3.156213474527686e-16,0.18381359912873493,4.4713463414559033e-17,4.638619403310477e-16,-0.18381359912873493,4.4713463414559033e-17,4.638619403310477e-16,0.0,,,0.0,,,7.499503605365753,3.896559845095909e-18,3.156213474527686e-16
a5_violation_sweep,a873ebc0a360,AnchorOnly,OracleTargetTreated,550,500,20000,10,50,1.0,0.5,additive,0.1,4.287383629050588,0.5987708304995135,4.239065932425378,100,-0.16615710944344717,1.6242977011962616,-0.1416299794639677,100,0.17771793613790315,0.13321468838335906,0.15452997204677105,100,-0.017215492962224372,0.22214742419622674,-0.019072266776092944,100,0.6571027015027017,0.04612376743981103,0.6556701436701438,100,0.47300332332332323,0.039040603720512795,0.4715915915915916,100,0.6745895538524391,0.044624117869010604,0.6749867921169529,100,0.6665458588686383,0.08876468182551167,0.673149348193913,100,0.6570325013167618,0.11078011116065237,0.6645394871486261,100,0.6391000014109833,0.1632736049289883,0.6677627868428088,100,6.317821805050336,1.8576700131258996,6.330273451064816,100,4.993348246764894,1.7330837835348538,4.956588166605595,100,1.700852029198512,0.3405318014984847,1.6029605523579544,100,0.12688784165712033,1.3272570835996618,0.037128705318851964,100,0.4493906576869629,0.06096137290559461,0.4472481494906077,100,1.2599409036067533,0.35094044250037065,1.201732766849745,100,3.107181085640233,0.7756850217708157,3.127863534882207,100,1.4664453347163655,0.8663095305351428,1.4060596176467013,100,0.7288490477137256,0.14349363379413355,0.7327598795228787,100,1.0249322961826501,0.9390397630611418,1.0567029884753665,100,0.4856771222647592,0.11663642086104734,0.4660140234621632,100,0.0009480019366204166,0.0007662911947410332,0.0005391834514526374,100,24.02,0.69602043392737,24.0,100,12.138589906692506,3.369110819190127,13.074803948402405,100,-0.4865086352813439,4.2663227307182344e-18,3.156213474527686e-16,-0.10800896504204788,0.4873426103065558,1.0,-0.9184915530855449,4.880034421013085e-16,2.8304199641875893e-14,-0.10800896504204789,0.4873426103065558,1.0,0.11193607905607907,1.5932071996658114e-17,3.156213474527686e-16,0.09012428428428426,1.6412062569258175e-17,3.156035430494824e-16,0.11134712698914356,1.690631665125153e-17,3.156213474527686e-16,0.12373862494775642,2.926041629852011e-16,2.0482291408964074e-15,0.12679217918665317,2.0762237175488676e-16,1.2457342305293206e-15,0.13136686142787085,1.5932071996658114e-17,3.156213474527686e-16,1.117872361062579,1.698310160677352e-16,1.1888171124741465e-15,0.8814736856954752,1.3105832102334346e-16,9.174082471634043e-16,0.18302118133210346,2.2406356918037286e-05,0.00017925085534429829,0.19726738056879764,0.4618514981768562,1.0,0.1301785527302491,3.750168121901122e-17,3.156213474527686e-16,-0.1752055832946213,0.027285808816424915,0.4868409542368004,-0.04516150110670724,0.947912712213223,1.0,0.34268340150805016,1.6412062569258175e-17,3.156213474527686e-16,-0.34268340150805016,1.6412062569258175e-17,3.156213474527686e-16,0.17629473713909502,1.3105832102334346e-16,9.174082471634043e-16,-0.17629473713909502,1.3105832102334346e-16,9.174082471634043e-16,0.0009480019366204166,3.896559845095909e-18,7.013807721172637e-17,24.02,4.75545586200703e-19,2.488191672302221e-18,6.515213997364044,1.9267905457755787e-15,2.3121486549306944e-14
a5_violation_sweep,a873ebc0a360,AnchorPlugin,FeasibleRestricted,550,500,20000,10,50,1.0,0.5,additive,0.1,3.457468077432123,0.7448379200863343,3.3402085883039048,100,-0.07872067609101378,1.2645582539126408,0.08042841935708711,100,0.8032174076441629,0.6166418945629779,0.6468192441943786,100,0.07022094039020897,1.0133811678015279,0.16805444393681368,100,0.7728501785301787,0.07142770284558633,0.7884878544878545,100,0.581858898898899,0.06958062180536574,0.5948828828828829,100,0.7873909177434503,0.0688497482862825,0.8018821476426516,100,0.7798388039752259,0.08145922419575784,0.7909132856048857,100,0.77210592029369,0.09669965622473643,0.790484516571975,100,0.7621646951193003,0.12914815172956257,0.791755911341042,100,7.325558107201168,1.8683865704548437,7.214195246071601,100,5.799520243262902,1.7609848118281048,5.728930997632702,100,1.0404715885174047,0.10216476684939374,1.044357309113596,100,-0.07661083497998188,1.0097966135678829,-0.18228677926191172,100,0.624479010680899,0.10446705019572129,0.6451959792629842,100,0.8944026659554807,0.5560371925672479,0.7174180521136657,100,1.6300750718669341,0.8223891861385836,1.4464227132568066,100,1.7107329404919493,0.8625035999291275,1.7201830451655842,100,0.4845614419381418,0.19119838316174007,0.4588089309554835,100,1.1861666954822514,0.9457384879888782,1.2697499837922044,100,0.32444272296515797,0.13584094152611698,0.2990149470693565,100,0.003396914858316684,0.002343811384844785,0.0033075063655584854,100,49.56,0.700937323384289,50.0,100,6.041712710857391,2.1014457536169946,6.272899150848389,100,-1.3164241868998081,3.896559845095909e-18,3.156213474527686e-16,-0.02057253168961454,0.8044753358016482,1.0,-0.29299208157928497,6.0954018307393815e-05,0.0025600687689105403,-0.02057253168961453,0.8044753358016482,1.0,0.2276835560835561,3.896559845095909e-18,3.156213474527686e-16,0.19897985985985986,3.896559845095909e-18,3.156035430494824e-16,0.22414849088015468,3.896559845095909e-18,3.156213474527686e-16,0.2370315700543442,3.896559845095909e-18,3.156213474527686e-16,0.24186559816358147,3.896559845095909e-18,3.156213474527686e-16,0.2544315551361878,3.896559845095909e-18,3.156213474527686e-16,2.1256086632134124,3.896559845095909e-18,3.156213474527686e-16,1.687645682193482,3.896559845095909e-18,3.156213474527686e-16,-0.4773592593490045,7.117077537219983e-18,4.4202702562598474e-16,-0.006231296068304553,0.8824627520873338,1.0,0.3052669057241851,3.896559845095909e-18,3.156213474527686e-16,-0.5407438209458937,1.6374626684324282e-12,7.204835741102684e-11,-1.5222675148800062,3.750168121901122e-17,1.725077336074516e-15,0.5869710072836342,4.139373908714419e-18,3.156213474527686e-16,-0.5869710072836342,4.139373908714419e-18,3.156213474527686e-16,0.3375291364386963,3.896559845095909e-18,3.156213474527686e-16,-0.3375291364386963,3.896559845095909e-18,3.156213474527686e-16,0.003396914858316684,3.896559845095909e-18,7.013807721172637e-17,49.56,1.753283243950816e-19,2.279268217136061e-18,0.41833680152893066,0.02346019694692216,0.02346019694692216
a5_violation_sweep,a873ebc0a360,EntropyBalancing,FeasibleRestricted,550,500,20000,10,50,1.0,0.5,additive,0.1,2.3697376168522615,0.9095440564850256,2.1992019964128042,100,-0.218107057079402,1.47253418933371,-0.02456454725319098,100,0.760946515815971,0.6065383086414649,0.5472412306922078,100,-0.06916544059817936,0.9736246836728453,-0.012983448852277951,100,0.9017033672633673,0.06678460534210896,0.9123322263322264,100,0.7409110310310311,0.08930695041718463,0.7430670670670672,100,0.9096313650523483,0.06298634528734559,0.9200766012725553,100,0.9049056402919519,0.07912509041135074,0.925770920075953,100,0.9043004238541623,0.07694310141114197,0.9254909053795206,100,0.8979125210321363,0.09268050091400212,0.9184737357406397,100,8.460075551897464,1.9390759505226705,8.307732650433593,100,6.722920104945924,1.7709465433970943,6.65342543438919,100,0.9702741510276325,0.05993861649652788,0.972131476971106,100,0.06322083498639466,0.9501922799860075,0.021383345028379762,100,0.8311904880139894,0.10819659842180765,0.8456306076233915,100,0.817335493760136,0.5615168966992686,0.6054768860749244,100,1.348674792916226,0.7318717688538368,1.2215099660579085,100,1.9639236989850617,0.8589510892647394,2.009888583640163,100,0.23137068344502965,0.18105788122024832,0.1768381131249548,100,1.3708466678188562,0.9397683101616121,1.443258362261722,100,0.13976275062855298,0.11236406646638797,0.10396941905481738,100,,,,0,,,,0,1.7892947459220887,0.9562949515466882,1.6276590824127197,100,-2.404154647479669,3.896559845095909e-18,3.156213474527686e-16,-0.15995891267800283,0.32205802039588505,1.0,-0.3352629734074771,0.0013368144742360328,0.04411487764978908,-0.15995891267800283,0.32205802039588505,1.0,0.35653674481674485,3.896559845095909e-18,3.156213474527686e-16,0.358031991991992,3.896559845095909e-18,3.156035430494824e-16,0.34638893818905286,3.896559845095909e-18,3.156213474527686e-16,0.3620984063710702,3.896559845095909e-18,3.156213474527686e-16,0.3740601017240536,3.896559845095909e-18,3.156213474527686e-16,0.39017938104902333,3.896559845095909e-18,3.156213474527686e-16,3.26012610790971,3.896559845095909e-18,3.156213474527686e-16,2.611045543876507,3.896559845095909e-18,3.156213474527686e-16,-0.5475566968387765,6.504110965076778e-18,4.2276721272999055e-16,0.13360037389807194,0.7648376056140332,1.0,0.5119783830572756,3.896559845095909e-18,3.156213474527686e-16,-0.6178109931412387,2.1449627443178486e-10,7.292873330680685e-09,-1.8036677938307135,8.998385137455785e-17,3.689337906356872e-15,0.8401617657767464,3.896559845095909e-18,3.156213474527686e-16,-0.8401617657767464,3.896559845095909e-18,3.156213474527686e-16,0.5222091087753014,3.896559845095909e-18,3.156213474527686e-16,-0.5222091087753014,3.896559845095909e-18,3.156213474527686e-16,,,,,,,-3.8340811634063723,6.12472726248735e-18,3.156213474527686e-16
a5_violation_sweep,a873ebc0a360,Glmtrans_Auto,OracleTargetTreated,550,500,20000,10,50,1.0,0.5,additive,0.1,1.2888410678968267,0.6386585252653362,1.1794248555810218,100,-0.16392616915428002,1.5796968680244456,-0.17846855691338087,100,0.06774561241435179,0.04781412934358979,0.05545374206138903,100,-0.014984552673057263,0.08182427733524432,-0.017963927414245517,100,0.9656070875670877,0.028179382212575536,0.9716409776409778,100,0.8528493293293293,0.06196977997383869,0.8584664664664664,100,0.9688940477514446,0.025732237171453825,0.9751097117414333,100,0.9677081403784712,0.02857713866097817,0.9749005632947934,100,0.9679128455497871,0.028795284036864998,0.9770508422957482,100,0.9661532614463881,0.03228976908019048,0.972498296639936,100,9.039356007951358,1.9642199014854502,8.862186888161924,100,7.18022859659285,1.8196844541335502,7.000088166360097,100,1.0334141263670578,0.028935202629845762,1.0329619082452475,100,0.024442503611265095,0.10883012121418843,0.013779644175229932,100,0.939262281908146,0.04860802334963018,0.9517942878147112,100,0.1986982830131422,0.09809486727930451,0.17785303772492644,100,0.4621693050821687,0.23547002666239125,0.42343341833626935,100,2.1280034690805643,0.874330994288471,2.148299553131089,100,0.06729091334952647,0.06504786187071342,0.045190818277980105,100,1.4623083661482412,0.9461417765068234,1.521840046254405,100,0.04830105229916809,0.04915226004903205,0.030509824737746716,100,,,,0,,,,0,16.554398272037506,2.0211855510067482,16.30718731880188,100,-3.485051196435104,3.896559845095909e-18,3.156213474527686e-16,-0.10577802475288077,0.5202456779483677,1.0,-1.028463876809096,4.813701823147399e-18,3.7065504038234974e-16,-0.10577802475288074,0.5202456779483677,1.0,0.4204404651204651,3.896559845095909e-18,3.156213474527686e-16,0.4699702902902904,3.896559845095909e-18,3.156035430494824e-16,0.4056516208881487,3.896559845095909e-18,3.156213474527686e-16,0.4249009064575895,3.896559845095909e-18,3.156213474527686e-16,0.43767252341967866,3.896559845095909e-18,3.156213474527686e-16,0.45842012146327527,3.896559845095909e-18,3.156213474527686e-16,3.8394065639636032,3.896559845095909e-18,3.156213474527686e-16,3.068354035523431,3.896559845095909e-18,3.156213474527686e-16,-0.4844167214993514,2.7135201386354882e-17,1.16681365961326e-15,0.09482204252294235,0.7859083271789165,1.0,0.6200501769514318,3.896559845095909e-18,3.156213474527686e-16,-1.2364482038882323,3.896559845095909e-18,3.156213474527686e-16,-2.6901732816647708,3.896559845095909e-18,3.156213474527686e-16,1.0042415358722494,3.896559845095909e-18,3.156213474527686e-16,-1.0042415358722494,3.896559845095909e-18,3.156213474527686e-16,0.6136708071046861,3.896559845095909e-18,3.156213474527686e-16,-0.6136708071046861,3.896559845095909e-18,3.156213474527686e-16,,,,,,,10.931022362709045,3.896559845095909e-18,3.156213474527686e-16
a5_violation_sweep,a873ebc0a360,Glmtrans_DR_CrossFit,OracleTargetTreated,550,500,20000,10,50,1.0,0.5,additive,0.1,1.2814201642546206,0.6448075180161248,1.1710023281431532,100,-0.16333296523999,1.5807312830019717,-0.19852031280844862,100,0.06982421467478564,0.05089932352006682,0.05551766624800181,100,-0.01439134875876721,0.08547634653798275,-0.015110969063668211,100,0.9652109584109586,0.02846313800155514,0.9726008646008647,100,0.8521542742742743,0.06285484171891093,0.8592952952952955,100,0.9684907678855046,0.02605969608980032,0.9757135178987757,100,0.9662462064293379,0.029804280168270452,0.9732000630579092,100,0.9675502720855041,0.029755536364692838,0.9764032299744752,100,0.9652879951185288,0.032687010978828,0.9725425905348712,100,9.024798366440846,1.9558280198847293,8.853960066770064,100,7.176608918407722,1.8150302313974958,7.003653921841389,100,0.99706149651611,0.020778333138458418,1.0003613670688503,100,0.017127040940899733,0.09602263830455664,0.02771659871247546,100,0.9384444987041565,0.049175194277449194,0.9512273633258023,100,0.13999039111619987,0.07187322443322619,0.12457972750675839,100,0.3222865687533053,0.16561244222068516,0.288390870069353,100,2.126359930304883,0.8743757130629712,2.1490130447831444,100,0.06893445212520832,0.06736894996263242,0.046986192717850095,100,1.4615844305112156,0.945920053211456,1.5273444226923996,100,0.04902498793619376,0.051185865235322286,0.031099071931506628,100,,,,0,,,,0,20.39745913505554,1.6299693163441948,20.111918210983276,100,-3.4924721000773093,3.896559845095909e-18,3.156213474527686e-16,-0.10518482083859068,0.5337204302967387,1.0,-1.0263852745486624,5.112831740936498e-18,3.8857521231117384e-16,-0.10518482083859068,0.5337204302967387,1.0,0.42004433596433594,3.896559845095909e-18,3.156213474527686e-16,0.4692752352352352,3.896559845095909e-18,3.156035430494824e-16,0.405248341022209,3.896559845095909e-18,3.156213474527686e-16,0.4234389725084563,3.896559845095909e-18,3.156213474527686e-16,0.43730994995539546,3.896559845095909e-18,3.156213474527686e-16,0.4575548551354162,3.896559845095909e-18,3.156213474527686e-16,3.8248489224530915,3.896559845095909e-18,3.156213474527686e-16,3.064734357338302,3.896559845095909e-18,3.156213474527686e-16,-0.520769351350299,1.219062650217942e-17,5.973406986067916e-16,0.08750657985257705,0.8018158769149264,1.0,0.6192323937474425,3.896559845095909e-18,3.156213474527686e-16,-1.2951560957851747,3.896559845095909e-18,3.156213474527686e-16,-2.830056017993635,3.896559845095909e-18,3.156213474527686e-16,1.0025979970965677,3.896559845095909e-18,3.156213474527686e-16,-1.0025979970965677,3.896559845095909e-18,3.156213474527686e-16,0.6129468714676605,3.896559845095909e-18,3.156213474527686e-16,-0.6129468714676605,3.896559845095909e-18,3.156213474527686e-16,,,,,,,14.77408322572708,3.896559845095909e-18,3.156213474527686e-16
a5_violation_sweep,a873ebc0a360,Glmtrans_OptionB,FeasibleRestricted,550,500,20000,10,50,1.0,0.5,additive,0.1,2.337350162250744,1.0499876936252162,2.1025273264486266,100,-0.22051754179441288,1.508806420471686,-0.0779769615806894,100,0.7706247964033355,0.6081529400860481,0.6587931882480811,100,-0.07157592531319011,0.9821081027833551,-0.0654189460343993,100,0.9020009044409045,0.07741635568398483,0.9278880998880998,100,0.7449595195195193,0.10117955238611122,0.7686606606606606,100,0.9096639984206846,0.07341100944821481,0.934581050343517,100,0.9067039645401495,0.07749599965256897,0.9274945609986979,100,0.9060789010028618,0.07466340397391663,0.9310932077883023,100,0.9008289805515755,0.08649657549915103,0.9287990325021392,100,8.468696395328815,1.9496389613669616,8.432003660995012,100,6.727398116512996,1.7812392630963525,6.575755176374817,100,0.9668439365643896,0.08024580112815163,0.9774339208249498,100,0.059894109790355435,0.9192558278278327,0.11796940782522422,100,0.8325357336852584,0.123788091705297,0.8710151948503204,100,0.8304588406571858,0.6013334585478182,0.7095511256842553,100,1.4301428665841425,1.0683998215746298,1.1139685708747638,100,1.9654347967332442,0.8471107679095708,2.0214060402051004,100,0.2298595856968472,0.21213549709417745,0.1577161880205311,100,1.371742270132271,0.9372033388022314,1.425437231028348,100,0.13886714831513888,0.12347578149951878,0.10916434785452234,100,,,,0,,,,0,15.472393205165863,1.5665425844881877,15.461362719535828,100,-2.4365421020811864,4.139373908714419e-18,3.156213474527686e-16,-0.1623693973930136,0.24657218196690034,1.0,-0.32558469282011254,0.0019040300514065042,0.057667290166547674,-0.1623693973930136,0.24657218196690034,1.0,0.356834281994282,3.896559845095909e-18,3.156213474527686e-16,0.3620804804804806,3.896559845095909e-18,3.156035430494824e-16,0.34642157155738895,3.896559845095909e-18,3.156213474527686e-16,0.3638967306192679,3.896559845095909e-18,3.156213474527686e-16,0.3758385788727531,3.896559845095909e-18,3.156213474527686e-16,0.3930958405684627,3.896559845095909e-18,3.156213474527686e-16,3.268746951341057,3.896559845095909e-18,3.156213474527686e-16,2.615523555443577,3.896559845095909e-18,3.156213474527686e-16,-0.5509869113020194,7.333806979251821e-18,4.4202702562598474e-16,0.1302736487020327,0.6598606407090197,1.0,0.5133236287285444,3.896559845095909e-18,3.156213474527686e-16,-0.6046876462441887,5.54891699681139e-10,1.8311426089477587e-08,-1.7221997201627972,1.0521265456623128e-14,3.481851787326082e-13,0.8416728635249286,3.896559845095909e-18,3.156213474527686e-16,-0.8416728635249286,3.896559845095909e-18,3.156213474527686e-16,0.5231047110887155,3.896559845095909e-18,3.156213474527686e-16,-0.5231047110887155,3.896559845095909e-18,3.156213474527686e-16,,,,,,,9.849017295837402,3.896559845095909e-18,3.156213474527686e-16
a5_violation_sweep,a873ebc0a360,IPWTransport,FeasibleRestricted,550,500,20000,10,50,1.0,0.5,additive,0.1,2.3582062416852723,0.907803157126932,2.191735637878712,100,-0.21527695985491188,1.4730736310706134,-0.02540933356948412,100,0.7604072951044303,0.6075568762372643,0.5570567357317255,100,-0.06633534337368917,0.9740330511846517,-0.014919474918146061,100,0.9027626690426692,0.06618166919442588,0.9146533526533527,100,0.7424653053053055,0.08902075268373842,0.7465405405405405,100,0.9106292679010984,0.062352378764654666,0.9223054990919575,100,0.9068857698470164,0.07492535793344372,0.9254639356968921,100,0.9059435161957144,0.07335299088548249,0.9267855591707503,100,0.8995371033334478,0.09124174684455173,0.9184794820665385,100,8.476844584035574,1.9301496375928067,8.320061880662696,100,6.732037594833412,1.7620285180554636,6.636297896078322,100,0.9719864581162319,0.058626599309195955,0.9732717137967268,100,0.06250686721527904,0.9507850401571872,0.042176613891890875,100,0.8329032476694488,0.10727371535811454,0.8492349424635219,100,0.815646595097455,0.5632218054013485,0.5971712023375673,100,1.3483934588620672,0.7295489549668004,1.1712784158400456,100,1.965729472210859,0.858862122845862,2.0141652999553243,100,0.22956491021923295,0.18178990682220098,0.17303150736998052,100,1.3726701657963536,0.9405234392036719,1.4450107721457734,100,0.13793925265105567,0.1107599720363806,0.10027351584647215,100,,,,0,,,,0,0.4300850486755371,0.2742901580749033,0.3845505714416504,100,-2.4156860226466588,3.896559845095909e-18,3.156213474527686e-16,-0.15712881545351265,0.3408860574680771,1.0,-0.33580219411901774,0.001352884762170484,0.04411487764978908,-0.15712881545351268,0.3408860574680771,1.0,0.3575960465960466,3.896559845095909e-18,3.156213474527686e-16,0.35958626626626633,3.896559845095909e-18,3.156035430494824e-16,0.3473868410378027,3.896559845095909e-18,3.156213474527686e-16,0.36407853592613454,3.896559845095909e-18,3.156213474527686e-16,0.3757031940656057,3.896559845095909e-18,3.156213474527686e-16,0.3918039633503352,3.896559845095909e-18,3.156213474527686e-16,3.276895140047819,3.896559845095909e-18,3.156213474527686e-16,2.6201630337639927,3.896559845095909e-18,3.156213474527686e-16,-0.545844389750177,6.906672275406012e-18,4.4202702562598474e-16,0.1328864061269563,0.7674623006604582,1.0,0.5136911427127347,3.896559845095909e-18,3.156213474527686e-16,-0.6194998918039195,1.9178671764212904e-10,6.7125351174745165e-09,-1.8039491278848732,8.74112997534717e-17,3.671274589645811e-15,0.8419675390025431,3.896559845095909e-18,3.156213474527686e-16,-0.8419675390025431,3.896559845095909e-18,3.156213474527686e-16,0.5240326067527986,3.896559845095909e-18,3.156213474527686e-16,-0.5240326067527986,3.896559845095909e-18,3.156213474527686e-16,,,,,,,-5.193290860652923,3.896559845095909e-18,3.156213474527686e-16
a5_violation_sweep,a873ebc0a360,OutcomeModelTransport,FeasibleRestricted,550,500,20000,10,50,1.0,0.5,additive,0.1,2.2754566288223974,0.9116072841066646,2.085443511510809,100,-0.2446802337120353,1.467005591332301,-0.08231418033417043,100,0.7540237338767517,0.6009242561564783,0.5479056166495135,100,-0.09573861723081256,0.9623649166343828,-0.019221765341082192,100,0.9093843912243913,0.0640995532173784,0.9198052818052818,100,0.7526144544544546,0.08848745007558988,0.7584644644644645,100,0.9167911125918168,0.06035643339170328,0.9289321185888195,100,0.9136926924716825,0.06647774803532985,0.9280474204376814,100,0.913022457330558,0.0661082528238007,0.9264933003459088,100,0.9080360085407034,0.08320159770437142,0.9230106040905812,100,8.531878144106225,1.896711459104766,8.38351144316192,100,6.777481442972763,1.7548303842497688,6.658625539571781,100,0.9856035053065831,0.05233915891622516,0.9827690840198178,100,0.09341038640485133,0.9414104171309361,0.10836564460317764,100,0.8439063259673086,0.10419533305483875,0.861030541808089,100,0.7902205680614266,0.5685185827001189,0.5479056166495136,100,1.2506923315412088,0.7204365766552908,1.0298457922575617,100,1.9787707392032352,0.8572594471680206,2.0206934422594305,100,0.21652364322685624,0.17886178357391228,0.16023708094551736,100,1.381758935424224,0.9430484385712066,1.4341461293647022,100,0.1288504830231854,0.10919840471953009,0.09980103146799668,100,,,,0,,,,0,0.08234773635864258,0.05856707945892915,0.0658566951751709,100,-2.498435635509533,3.896559845095909e-18,3.156213474527686e-16,-0.18653208931063603,0.2536519936353009,1.0,-0.342185755346696,0.0009641238143119254,0.03470845731522931,-0.18653208931063603,0.2536519936353009,1.0,0.36421776877776885,3.896559845095909e-18,3.156213474527686e-16,0.3697354154154155,3.896340037647931e-18,3.156035430494824e-16,0.3535486857285212,3.896559845095909e-18,3.156213474527686e-16,0.3708854585508009,3.896559845095909e-18,3.156213474527686e-16,0.3827821352004495,3.896559845095909e-18,3.156213474527686e-16,0.40030286855759073,3.896559845095909e-18,3.156213474527686e-16,3.331928700118468,3.896559845095909e-18,3.156213474527686e-16,2.665606881903344,3.896559845095909e-18,3.156213474527686e-16,-0.5322273425598257,8.267798584515514e-18,4.712645193173843e-16,0.1637899253165286,0.6799004477897137,1.0,0.5246942210105948,3.896559845095909e-18,3.156213474527686e-16,-0.6449259188399479,1.3379830845101028e-10,4.81673910423637e-09,-1.9016502552057313,5.328972389674846e-17,2.2914581275601837e-15,0.8550088059949197,3.896559845095909e-18,3.156213474527686e-16,-0.8550088059949197,3.896559845095909e-18,3.156213474527686e-16,0.5331213763806688,3.896559845095909e-18,3.156213474527686e-16,-0.5331213763806688,3.896559845095909e-18,3.156213474527686e-16,,,,,,,-5.541028172969818,3.896559845095909e-18,3.156213474527686e-16
a5_violation_sweep,a873ebc0a360,ProxyOnly,FeasibleRestricted,550,500,20000,10,50,1.0,0.5,additive,0.1,4.773892264331931,0.7072862055094684,4.602609326616772,100,-0.05814814440139919,1.959034460668639,0.35769323395816754,100,1.0962094892234482,0.7263514005875744,1.052549792842746,100,0.0907934720798235,1.3164623099007777,0.056983931957050205,100,0.5451666224466226,0.07494417401609625,0.5457411117411117,100,0.3828790390390391,0.05877814924906569,0.3817917917917918,100,0.5632424268632955,0.07431947454355785,0.5622496982145323,100,0.5428072339208818,0.12082239546331862,0.5611426019759543,100,0.5302403221301085,0.14829274001888906,0.5613845407466673,100,0.5077331399831126,0.20628174772969543,0.5501413359414646,100,5.199949443987756,1.8931351613158665,5.102645095937038,100,4.111874561069419,1.790301790094945,4.017997484289688,100,1.5178308478664093,0.3203092633336755,1.501503146687476,100,-0.0703795389116773,2.269358995850188,0.12262970813089474,100,0.31921210495671387,0.08439178054458456,0.31286462154513495,100,1.4351464869013748,0.59256940489216,1.3809896386304832,100,3.15234258674694,1.1005163817133485,3.2107547739384117,100,1.1237619332083153,0.9269140160474241,1.1709838549130556,100,1.071532449221776,0.31261260672086566,0.9776927544186944,100,0.8486375590435551,0.9335093238147127,0.8796633432717532,100,0.6619718594038543,0.1584883212788838,0.6185487987988709,100,0.0,0.0,0.0,100,0.0,0.0,0.0,100,5.623375909328461,2.0216687805174116,5.369472503662109,100,,,,,,,,,,,,,,,,,,,,,,,,,,,,,,,,,,,,,,,,,,,,,,,,,,,,,,,,,,,,,,,,,,,,,,,,
a5_violation_sweep,a873ebc0a360,TargetOnlyDR,OracleTargetTreated,550,500,20000,10,50,1.0,0.5,additive,0.1,4.234979283301435,0.5847796146183559,4.184883853348079,100,-0.1619401146028353,1.620419737968432,-0.07763717774648662,100,0.1804694509659599,0.1406324599441672,0.15047574847208348,100,-0.012998498121612587,0.22913975198552,-0.009655488408440847,100,0.6726351133551134,0.0419557438981705,0.6736709476709477,100,0.48600296296296297,0.03590479855444146,0.48707107107107106,100,0.6895699725276365,0.04063506028742091,0.6900156362112315,100,0.681357954278135,0.09351911951290402,0.682393520233772,100,0.6732598229239605,0.1019153729046815,0.6961827491550302,100,0.6533109027379083,0.15325259929985452,0.6815592558013905,100,6.45836502464495,1.8493408385051933,6.453536987373143,100,5.108257897931396,1.7175109227489356,5.062407647197645,100,1.7312604736114223,0.30471335545648326,1.6778561436768453,100,0.14930447208820571,1.319953015712591,0.06694084799919685,100,0.47213051939087974,0.05470432593651405,0.4709976104849096,100,1.29102813982544,0.3621689968474313,1.2836597148506588,100,3.1452282408696255,0.78548022364552,3.1420442960306447,100,1.4940980948295388,0.8691736036448618,1.4069827196966354,100,0.7011962876005523,0.12303340195413669,0.7055742028544075,100,1.0479142264159507,0.9412721933420755,1.0656015327053245,100,0.46269519203145876,0.10517106157640893,0.4487693158996481,100,0.0,0.0,0.0,100,0.0,0.0,0.0,100,12.462541201114654,3.359288947678002,12.282593131065369,100,-0.5389129810304962,4.0161556854627e-18,3.156213474527686e-16,-0.1037919702014361,0.5091522042708133,1.0,-0.9157400382574881,5.464684499148851e-16,3.060223319523357e-14,-0.1037919702014361,0.5091522042708133,1.0,0.1274684909084909,7.117077537219983e-18,3.156213474527686e-16,0.10312392392392393,7.11668231406785e-18,3.156035430494824e-16,0.126327545664341,7.55704804907942e-18,3.156213474527686e-16,0.13855072035725302,4.7408945782600864e-17,5.689073493912104e-16,0.14301950079385178,9.044445868078014e-18,3.156213474527686e-16,0.14557776275479553,8.267798584515514e-18,3.156213474527686e-16,1.2584155806571935,1.5465938818405608e-17,3.156213474527686e-16,0.9963833368619776,7.78699366986276e-18,3.156213474527686e-16,0.2134296257450134,5.651450648832187e-07,7.3468858434818435e-06,0.21968401099988302,0.4210690066046685,1.0,0.15291841443416593,8.023842397878198e-18,3.156213474527686e-16,-0.1441183470759343,0.07434398189444387,1.0,-0.007114345877314414,0.9342333768907125,1.0,0.3703361616212238,5.767203615817138e-18,3.156213474527686e-16,-0.37033616162122374,5.767203615817138e-18,3.156213474527686e-16,0.19927666737239547,7.78699366986276e-18,3.156213474527686e-16,-0.19927666737239547,7.78699366986276e-18,3.156213474527686e-16,0.0,,,0.0,,,6.839165291786194,4.139373908714419e-18,3.156213474527686e-16
a5_violation_sweep,c46fce4fac7e,AnchorOnly,OracleTargetTreated,550,500,20000,10,50,1.0,1.0,additive,0.1,4.634121446900481,0.8423074202721585,4.634552717741877,100,-0.04418291217805657,1.5202216989607273,0.09289587998171261,100,0.20430448751087005,0.15555160018915568,0.1628896252453661,100,0.07201590420273539,0.24722371678000432,0.07085157956114241,100,0.6343734437334438,0.049044274293235976,0.6387030807030807,100,0.45402018018018014,0.04082886216931776,0.4581001001001001,100,0.6524339448993953,0.04867999885577853,0.6560657391889892,100,0.6476771558300842,0.08840004531609587,0.6676930347000728,100,0.632908814400966,0.10032970720545178,0.6546702450562688,100,0.6183233224018374,0.126118460546601,0.6309514303242112,100,6.485810344859821,1.7643535267874397,6.453747853645915,100,5.089263566999878,1.6472385916881678,4.954765015125675,100,1.7236344673845045,0.300560181082408,1.6977800694974485,100,-0.13251151184666457,1.2083297932047823,-0.12844454025640592,100,0.4212073469531984,0.06432624376953933,0.4255504130489398,100,1.3111204073682308,0.4068113567594711,1.2665481584776739,100,3.28801305707583,0.9933715153933046,3.248018529609766,100,1.5023098208482384,0.8801044267216844,1.4210994159647279,100,0.8130331884180173,0.2236201405843927,0.8012312816582337,100,1.0340193168222787,0.9902973185206106,1.0048893569782027,100,0.5610680719051796,0.14661664360033175,0.5490637915949756,100,0.001750017948027529,0.0014590117264282022,0.001368766140216423,100,23.7,0.7587869106393282,24.0,100,11.76054806470871,3.4768542368289888,12.790319800376892,100,-0.40934666453628693,4.531861061109546e-18,3.156213474527686e-16,-0.006196669146559395,0.6449883613873455,1.0,-0.6779654351923959,1.405205713543345e-13,6.463946282299387e-12,-0.006196669146559412,0.6449883613873455,1.0,0.10282170322170323,2.2069547466224186e-17,3.156213474527686e-16,0.08205093093093095,1.7415252083634357e-17,3.156035430494824e-16,0.10291202573134013,1.7415252083634357e-17,3.156213474527686e-16,0.11244613563379613,4.743781498021361e-16,2.333709052055608e-15,0.1072113870700285,1.7478232297301266e-16,1.2234762608110886e-15,0.10380922913041608,1.7478232297301266e-16,1.048693937838076e-15,1.1174970889569873,2.7637372191402876e-16,1.6582423314841726e-15,0.8419473557716458,2.7637372191402876e-16,1.105494887656115e-15,0.18296037782511226,3.225460839514926e-05,0.00022578225876604483,-0.09379409987845272,0.7595963382015569,1.0,0.11803782623493539,1.903450784800175e-17,3.156213474527686e-16,-0.045683357479668237,0.9123884418157544,1.0,0.2559154944599738,0.01974364659467001,0.1974364659467001,0.3223576794477547,2.2731525308328643e-17,3.156213474527686e-16,-0.3223576794477547,2.2731525308328643e-17,3.156213474527686e-16,0.1683894711543291,2.7637372191402876e-16,1.105494887656115e-15,-0.16838947115432912,2.7637372191402876e-16,1.105494887656115e-15,0.001750017948027529,3.896559845095909e-18,7.013807721172637e-17,23.7,7.333346018168251e-19,2.488191672302221e-18,6.740417728424072,6.473311925753083e-16,9.709967888629624e-15
a5_violation_sweep,c46fce4fac7e,AnchorPlugin,FeasibleRestricted,550,500,20000,10,50,1.0,1.0,additive,0.1,3.7188640990767072,0.8914671662604142,3.552064822941203,100,-0.04172683784477683,1.2056951070983688,-0.00943318828761823,100,0.6277526886397995,0.4925281316184053,0.5220657120873265,100,0.07447197853601513,0.7968913613260918,0.12197850403694194,100,0.7582718751518752,0.06435379167252982,0.7658608898608898,100,0.5660934934934935,0.06188834995782841,0.5712792792792794,100,0.7733309927086293,0.06289825427657246,0.782297568854216,100,0.7674498016712943,0.07746709265499023,0.7787229181942363,100,0.7596938147638131,0.08614671138710418,0.7785506498654591,100,0.7542989655697793,0.10032090204802689,0.7772181333306215,100,7.623494033551157,1.7705561710398567,7.463932919826055,100,6.035318157730439,1.6602006805688854,5.98987682003905,100,1.0328115691653783,0.09536055718983649,1.0335148844810254,100,-0.06310397873613006,0.8020717114308532,-0.0818280607651724,100,0.6007883209807761,0.09424601196829599,0.611241982179462,100,0.7617548441994064,0.41289004295590626,0.695351103202222,100,1.4383542389695618,0.582216997408725,1.296278460129031,100,1.786041725098259,0.8606225766153176,1.7675377927952325,100,0.5293012841679965,0.22214672471777538,0.4524458416970277,100,1.223230234968391,0.9805361954294227,1.2265626902710194,100,0.3718571537590677,0.15300443163454705,0.33370301821341164,100,0.005620829749207957,0.004110829431913095,0.005642900137443584,100,49.32,1.2623531017648562,50.0,100,5.790814392566681,2.126725179366049,6.000553369522095,100,-1.324604012360059,3.896559845095909e-18,3.156213474527686e-16,-0.0037405948132796583,0.8392435483441993,1.0,-0.25451723406346644,0.0018602351666628283,0.057667290166547674,-0.003740594813279654,0.8392435483441993,1.0,0.22672013464013469,3.896559845095909e-18,3.156213474527686e-16,0.19412424424424424,3.896559845095909e-18,3.156035430494824e-16,0.22380907354057428,3.896559845095909e-18,3.156213474527686e-16,0.23221878147500624,3.896559845095909e-18,3.156213474527686e-16,0.23399638743287576,3.896559845095909e-18,3.156213474527686e-16,0.23978487229835793,3.896559845095909e-18,3.156213474527686e-16,2.2551807776483246,3.896559845095909e-18,3.156213474527686e-16,1.7880019465022052,3.896559845095909e-18,3.156213474527686e-16,-0.5078625203940141,7.333806979251821e-18,4.4202702562598474e-16,-0.02438656676791807,0.956127949633218,1.0,0.29761880026251314,3.896559845095909e-18,3.156213474527686e-16,-0.5950489206484926,2.404661875175231e-15,1.490890362608643e-13,-1.5937433236462943,3.861843481183515e-17,1.7378295665325818e-15,0.6060895836977757,3.896559845095909e-18,3.156213474527686e-16,-0.6060895836977757,3.896559845095909e-18,3.156213474527686e-16,0.357600389300441,3.896559845095909e-18,3.156213474527686e-16,-0.357600389300441,3.896559845095909e-18,3.156213474527686e-16,0.005620829749207957,3.896559845095909e-18,7.013807721172637e-17,49.32,4.380211841561306e-19,2.488191672302221e-18,0.7706840562820435,0.004414265589679152,0.01765706235871661
a5_violation_sweep,c46fce4fac7e,EntropyBalancing,FeasibleRestricted,550,500,20000,10,50,1.0,1.0,additive,0.1,2.8336900009586183,1.20663249714985,2.687046291925747,100,-0.13071635739916876,1.2396256643050518,-0.11433253902390328,100,0.6418719709272654,0.4861475255558188,0.6311126398510327,100,-0.014517541018376863,0.8076433421905266,0.03384867323115626,100,0.863509643149643,0.0907873109007051,0.8751467031467032,100,0.6937635635635635,0.11250860813767895,0.6936916916916918,100,0.873290715547387,0.08636996898959008,0.8872016324268042,100,0.8650893418244726,0.09859700541669829,0.8851095601264312,100,0.8669682130340847,0.09390393506600732,0.8913299853736487,100,0.8663740042933032,0.09597368682929144,0.8892930557038004,100,8.515671759623917,1.753886346670967,8.44787331846112,100,6.8085507564422105,1.6352082940594979,6.781619868201528,100,0.9704511022757357,0.04356360997420672,0.969713304446588,100,0.008237472763963399,0.8031236936098852,-0.01830718233586544,100,0.7691229644820716,0.14462886986445592,0.7897345341994255,100,0.7034559561694158,0.43266441721333354,0.6311126398510326,100,1.2398178151027945,0.53966591594381,1.1659268533617095,100,1.9889411528259435,0.8659083768076854,1.9867733915330799,100,0.32640185644031205,0.2551431361254113,0.25877078552758903,100,1.3778767547107464,0.9733769368449346,1.381261506475774,100,0.2172106340167128,0.17888786522595004,0.17318903345129677,100,,,,0,,,,0,1.5776449966430663,0.7434045319797602,1.4478338956832886,100,-2.209778110478149,3.896559845095909e-18,3.156213474527686e-16,-0.09273011436767165,0.5845892174029008,1.0,-0.24039795177600026,0.12515445955953292,1.0,-0.09273011436767165,0.5845892174029008,1.0,0.3319579026379026,3.896559845095909e-18,3.156213474527686e-16,0.3217943143143143,3.896559845095909e-18,3.156035430494824e-16,0.323768796379332,3.896559845095909e-18,3.156213474527686e-16,0.32985832162818474,3.896559845095909e-18,3.156213474527686e-16,0.3412707857031472,3.896559845095909e-18,3.156213474527686e-16,0.35185991102188197,3.896559845095909e-18,3.156213474527686e-16,3.147358503721085,3.896559845095909e-18,3.156213474527686e-16,2.5612345452139795,3.896559845095909e-18,3.156213474527686e-16,-0.5702229872836568,4.2663227307182344e-18,3.45572141188177e-16,0.04695488473217536,0.8635033772834252,1.0,0.4659534437638087,3.896559845095909e-18,3.156213474527686e-16,-0.6533478086784831,1.7635880957805926e-12,7.583428811856548e-11,-1.7922797475130616,4.6041751652443625e-17,2.0258370727075197e-15,0.80898901142546,3.896559845095909e-18,3.156213474527686e-16,-0.80898901142546,3.896559845095909e-18,3.156213474527686e-16,0.5122469090427958,3.896559845095909e-18,3.156213474527686e-16,-0.5122469090427957,3.896559845095909e-18,3.156213474527686e-16,,,,,,,-3.442485339641571,3.896559845095909e-18,3.156213474527686e-16
a5_violation_sweep,c46fce4fac7e,Glmtrans_Auto,OracleTargetTreated,550,500,20000,10,50,1.0,1.0,additive,0.1,2.537928722882752,1.3483822709886875,2.490281671505926,100,-0.07125247222157,1.5127965979186568,0.07869893375185899,100,0.13050778288079087,0.14452949018721342,0.0802080599930271,100,0.04494634415922196,0.1898750076309333,0.02490201362276201,100,0.8762148136548137,0.09317940074801465,0.8827386007386008,100,0.7163466266266266,0.12692735550665585,0.7007007007007007,100,0.8851796409435628,0.08818229959360281,0.8944761559378971,100,0.8792145726204894,0.09714630591007917,0.8859088909793109,100,0.8795905881276763,0.0936519816047928,0.8912315862029987,100,0.8784329606415873,0.09898036285082518,0.8946136984879575,100,8.647117979198129,1.7219226747423255,8.500216978957912,100,6.904750479698595,1.634183076578535,6.849626157701618,100,1.0489620017006196,0.038546624248555865,1.0430748143369455,100,-0.03554367019809098,0.21905107318738096,-0.03482824340393463,100,0.7904421972069092,0.15063299158670357,0.7992439624924507,100,0.31275190031168243,0.17667661440089466,0.29197540927121457,100,0.7439061370628849,0.45077397916765327,0.6148142612060132,100,2.0391952348925466,0.8530039177103697,2.021276160553529,100,0.27614777437370935,0.25248463441587254,0.22631533748961308,100,1.3971166993620223,0.9720829268594662,1.4016627346472832,100,0.19797068936543621,0.17393421652109733,0.16524313247473632,100,,,,0,,,,0,17.206559309959413,1.7072534552192569,16.86326503753662,100,-2.505539388554015,3.896559845095909e-18,3.156213474527686e-16,-0.033266229190072855,0.5135746748177931,1.0,-0.7517621398224751,1.4289849453522757e-16,8.716808166648883e-15,-0.033266229190072875,0.5135746748177931,1.0,0.34466307314307315,3.896559845095909e-18,3.156213474527686e-16,0.3443773773773774,3.896559845095909e-18,3.156035430494824e-16,0.3356577217755076,3.896559845095909e-18,3.156213474527686e-16,0.34398355242420153,3.896559845095909e-18,3.156213474527686e-16,0.3538931607967388,3.896559845095909e-18,3.156213474527686e-16,0.36391886737016593,3.896559845095909e-18,3.156213474527686e-16,3.2788047232952966,3.896559845095909e-18,3.156213474527686e-16,2.6574342684703622,3.896559845095909e-18,3.156213474527686e-16,-0.49171208785877285,1.4146791640488978e-17,6.648992071029819e-16,0.003173741770120988,0.8338723094405576,1.0,0.4872726764886463,3.896559845095909e-18,3.156213474527686e-16,-1.0440518645362165,3.896559845095909e-18,3.156213474527686e-16,-2.2881914255529714,4.0161556854627e-18,3.156213474527686e-16,0.8592430934920625,3.896559845095909e-18,3.156213474527686e-16,-0.8592430934920625,3.896559845095909e-18,3.156213474527686e-16,0.5314868536940726,3.896559845095909e-18,3.156213474527686e-16,-0.5314868536940726,3.896559845095909e-18,3.156213474527686e-16,,,,,,,12.186428973674774,3.896559845095909e-18,3.156213474527686e-16
a5_violation_sweep,c46fce4fac7e,Glmtrans_DR_CrossFit,OracleTargetTreated,550,500,20000,10,50,1.0,1.0,additive,0.1,2.685997990652768,1.3791397173763942,2.680705197086852,100,-0.06926662716100097,1.5184149122731543,0.055999907888458295,100,0.13624142829479596,0.14372035989014043,0.09491962698437856,100,0.046932189219790976,0.1928208537574797,0.03392118460187114,100,0.860568369048369,0.10102602870089897,0.871816153816154,100,0.6961655255255255,0.1305167044704755,0.6881601601601601,100,0.8702086950169554,0.09609262716340558,0.8832786793190909,100,0.8621676274268103,0.10588974975238546,0.8712442759878802,100,0.8632240396946639,0.10566201825298988,0.877271910432422,100,0.8624185401677102,0.10681253390734684,0.8775903356212233,100,8.474398985983287,1.7240218651239767,8.472876215744051,100,6.76706240685017,1.6294393461574972,6.686871627252568,100,0.993958103417643,0.03864062375383258,0.9945143062439705,100,-0.05197434616304277,0.2138530234770846,-0.0418144406630684,100,0.7652782331403362,0.16161715067308696,0.7781993818441916,100,0.2793505667535766,0.15771705484326057,0.2638680662894438,100,0.656745933747531,0.36130263910815946,0.5805313387476755,100,2.010944094762657,0.8544333652609745,2.0078708766715714,100,0.3043989145035987,0.2660450072369588,0.2522241701959883,100,1.369579084792337,0.9718102001248949,1.3905518121961762,100,0.2255083039351216,0.19880528749055187,0.18395201763251667,100,,,,0,,,,0,21.480903136730195,2.12190996548037,21.124363780021667,100,-2.357470120784,3.896559845095909e-18,3.156213474527686e-16,-0.03128038412950382,0.49166378509120057,1.0,-0.74602849440847,1.1676417541676908e-16,7.356143051256452e-15,-0.03128038412950382,0.49166378509120057,1.0,0.32901662853662855,3.896559845095909e-18,3.156213474527686e-16,0.3241962762762763,3.896559845095909e-18,3.156035430494824e-16,0.3206867758489001,3.896559845095909e-18,3.156213474527686e-16,0.32693660723052226,3.896559845095909e-18,3.156213474527686e-16,0.33752661236372655,3.896559845095909e-18,3.156213474527686e-16,0.3479044468962891,3.896559845095909e-18,3.156213474527686e-16,3.1060857300804536,3.896559845095909e-18,3.156213474527686e-16,2.519746195621935,3.896559845095909e-18,3.156213474527686e-16,-0.5467159861417494,8.519072542858556e-18,4.770680624000792e-16,-0.013256934194830787,0.7727196720119712,1.0,0.46210871242207313,3.896559845095909e-18,3.156213474527686e-16,-1.0774531980943225,3.896559845095909e-18,3.156213474527686e-16,-2.375351628868325,3.896559845095909e-18,3.156213474527686e-16,0.8309919533621735,3.896559845095909e-18,3.156213474527686e-16,-0.8309919533621735,3.896559845095909e-18,3.156213474527686e-16,0.5039492391243869,3.896559845095909e-18,3.156213474527686e-16,-0.503949239124387,3.896559845095909e-18,3.156213474527686e-16,,,,,,,16.460772800445557,3.896559845095909e-18,3.156213474527686e-16
a5_violation_sweep,c46fce4fac7e,Glmtrans_OptionB,FeasibleRestricted,550,500,20000,10,50,1.0,1.0,additive,0.1,2.672794364275761,1.252008639640593,2.5257560413225546,100,-0.12674929823609,1.2387248216385554,-0.06789946190983434,100,0.5639533808749355,0.4349999285364777,0.5117664052528021,100,-0.010550481855298065,0.7144007813159309,0.05645628460059032,100,0.875030643950644,0.09008140586870067,0.8845327105327105,100,0.7110806806806806,0.11735043127987195,0.7056796796796796,100,0.8840326265592001,0.08546894952306373,0.8975027625467815,100,0.8782896444161626,0.09475516003081502,0.8921374521254367,100,0.8776723663595589,0.09233522053957471,0.8888827909415429,100,0.8765947387516552,0.09481275309374107,0.8970863189690403,100,8.64352759150823,1.7358316923278714,8.516361940760689,100,6.88687643417955,1.6207966405369822,6.840383694080698,100,0.9977225622840874,0.035790195447886426,0.9985822197583163,100,0.010086558600947986,0.7136790214636155,-0.015849034397907743,100,0.7879376552986791,0.1450381702039776,0.8061950833617114,100,0.6126257091946399,0.39428277878076645,0.5331876126742909,100,1.0410377175227818,0.4944556766990155,1.001597061234138,100,2.0182564271639816,0.8619441171506689,2.005580383339545,100,0.29708658210227357,0.25029903578866824,0.23074290163367228,100,1.3935418902582135,0.9749075390340178,1.3948087119912769,100,0.2015454984692454,0.1759518370603901,0.1647523325206226,100,,,,0,,,,0,16.059451386928558,1.6763430951928326,15.810128450393677,100,-2.3706737471610064,3.896559845095909e-18,3.156213474527686e-16,-0.08876305520459288,0.5822288568473547,1.0,-0.31831654182833036,0.014638113950059876,0.26770757177491944,-0.08876305520459286,0.5822288568473547,1.0,0.34347890343890347,3.896559845095909e-18,3.156213474527686e-16,0.3391114314314315,3.896559845095909e-18,3.156035430494824e-16,0.33451070739114497,3.896559845095909e-18,3.156213474527686e-16,0.3430586242198747,3.896559845095909e-18,3.156213474527686e-16,0.3519749390286217,3.896559845095909e-18,3.156213474527686e-16,0.3620806454802338,3.896559845095909e-18,3.156213474527686e-16,3.275214335605396,3.896559845095909e-18,3.156213474527686e-16,2.6395602229513173,3.896559845095909e-18,3.156213474527686e-16,-0.5429515272753049,5.430296382634715e-18,3.9641163593233416e-16,0.04880397056915993,0.9178441245028052,1.0,0.48476813458041634,3.896559845095909e-18,3.156213474527686e-16,-0.7441780556532591,6.63525871478931e-15,3.8484500545778e-13,-1.991059845093074,7.117077537219983e-18,4.3414172977041897e-16,0.8383042857634984,3.896559845095909e-18,3.156213474527686e-16,-0.8383042857634984,3.896559845095909e-18,3.156213474527686e-16,0.5279120445902634,3.896559845095909e-18,3.156213474527686e-16,-0.5279120445902634,3.896559845095909e-18,3.156213474527686e-16,,,,,,,11.03932105064392,3.896559845095909e-18,3.156213474527686e-16
a5_violation_sweep,c46fce4fac7e,IPWTransport,FeasibleRestricted,550,500,20000,10,50,1.0,1.0,additive,0.1,2.8225370954834568,1.2113378199898615,2.6765520948930477,100,-0.12956512713520627,1.2413154742622816,-0.123483938614648,100,0.6466834619482106,0.4909801677744833,0.6288313915244791,100,-0.013366310754414319,0.8144352642085092,0.03655629374482938,100,0.8646261926661927,0.09078960495429116,0.8747960327960329,100,0.6954470870870871,0.11326236632037946,0.693041041041041,100,0.8743239611499654,0.08632974485788951,0.8868093295526265,100,0.8664816755544368,0.09884381287925982,0.8864295144683128,100,0.8676034158175095,0.0943298129214715,0.8915580025045349,100,0.8678721078758664,0.09485259015805583,0.887217837908889,100,8.52799484848794,1.7512051347140907,8.4624908603001,100,6.813102947656835,1.6358610111929874,6.789330131844885,100,0.9733180728560912,0.04243784116343807,0.9746918192803462,100,0.007645244641704444,0.8100451912856321,-0.025524172801127728,100,0.7709726615615919,0.14488303641817937,0.7912425922186199,100,0.7060141592814269,0.4397958194908175,0.6508528777105433,100,1.229525173705861,0.5488654406703407,1.1755256897027784,100,1.9916627456596891,0.8659258483980219,1.9883413885521486,100,0.32368026360656665,0.2536449046660172,0.25786108257071355,100,1.3787871929536701,0.9737315927227133,1.38717779234141,100,0.21630019577378826,0.17997915912077916,0.17378770734639581,100,,,,0,,,,0,0.4077128314971924,0.24398806286619357,0.3893789052963257,100,-2.22093101595331,3.896559845095909e-18,3.156213474527686e-16,-0.09157888410370908,0.5869540189208129,1.0,-0.23558646075505532,0.14299558373008794,1.0,-0.09157888410370908,0.5869540189208129,1.0,0.3330744521544522,3.896559845095909e-18,3.156213474527686e-16,0.32347783783783784,3.896559845095909e-18,3.156035430494824e-16,0.3248020419819101,3.896559845095909e-18,3.156213474527686e-16,0.3312506553581487,3.896559845095909e-18,3.156213474527686e-16,0.3419059884865721,3.896559845095909e-18,3.156213474527686e-16,0.353358014604445,3.896559845095909e-18,3.156213474527686e-16,3.159681592585108,3.896559845095909e-18,3.156213474527686e-16,2.565786736428602,3.896559845095909e-18,3.156213474527686e-16,-0.5673560167033012,4.531861061109546e-18,3.4737197078036956e-16,0.04636265660991646,0.8527039152769147,1.0,0.46780314084332886,3.896559845095909e-18,3.156213474527686e-16,-0.650789605566472,2.7466217414808055e-12,1.1535811314219384e-10,-1.8025723889099954,3.536288390303153e-17,1.6974184273455134e-15,0.8117106042592055,3.896559845095909e-18,3.156213474527686e-16,-0.8117106042592055,3.896559845095909e-18,3.156213474527686e-16,0.5131573472857205,3.896559845095909e-18,3.156213474527686e-16,-0.5131573472857205,3.896559845095909e-18,3.156213474527686e-16,,,,,,,-4.612417504787445,3.896559845095909e-18,3.156213474527686e-16
a5_violation_sweep,c46fce4fac7e,OutcomeModelTransport,FeasibleRestricted,550,500,20000,10,50,1.0,1.0,additive,0.1,2.690047637835005,1.2429814608575687,2.5924202183055094,100,-0.1325646918509186,1.2266476377250426,-0.04367317679214916,100,0.6273510329282549,0.4551584156263372,0.563012840223483,100,-0.016365875470126676,0.7774595823192142,0.06669761058468737,100,0.8754473374073374,0.08996262992696524,0.8863965583965585,100,0.7115639639639639,0.11718948217711192,0.7079759759759761,100,0.8844353771080713,0.08535296616947426,0.8992311380810188,100,0.8783224002686516,0.09485141678170983,0.8909443918149168,100,0.8789110213985336,0.09211037349612453,0.896685007433564,100,0.8764088778183207,0.09550893423049135,0.8962338836702276,100,8.64483679333208,1.7421734967989446,8.500413593371206,100,6.897786982681241,1.6268457397960674,6.836531332484318,100,0.9921229742013996,0.03545441692473857,0.9913089993716948,100,0.015157829475784089,0.7771595155979831,-0.06681358498815804,100,0.7886533669987618,0.1448487946242946,0.8080470732310396,100,0.6694351169002298,0.41723448136915103,0.5664370298424075,100,1.1022694747114026,0.5059918407127962,1.053966343272477,100,2.015448857331202,0.8631835457632943,2.0065303590426726,100,0.299894151935053,0.24901284630267614,0.23881038714177394,100,1.3957239999585513,0.9752864167859256,1.3973534433593224,100,0.19936338876890733,0.17515287163593293,0.15853722530984327,100,,,,0,,,,0,0.07049926280975342,0.05038258278803857,0.04295074939727783,100,-2.3534204736017625,3.896559845095909e-18,3.156213474527686e-16,-0.09457844881942144,0.6449883613873455,1.0,-0.2549188897750111,0.08069476711764394,1.0,-0.09457844881942146,0.6449883613873455,1.0,0.34389559689559696,3.896559845095909e-18,3.156213474527686e-16,0.33959471471471475,3.896559845095909e-18,3.156035430494824e-16,0.33491345794001603,3.896559845095909e-18,3.156213474527686e-16,0.3430913800723638,3.896559845095909e-18,3.156213474527686e-16,0.35321359406759617,3.896559845095909e-18,3.156213474527686e-16,0.3618947845468993,3.896559845095909e-18,3.156213474527686e-16,3.276523537429248,3.896559845095909e-18,3.156213474527686e-16,2.650470771453007,3.896559845095909e-18,3.156213474527686e-16,-0.548551115357993,5.430296382634715e-18,3.9641163593233416e-16,0.053875241443996046,0.8716198589954062,1.0,0.4854838462804988,3.896559845095909e-18,3.156213474527686e-16,-0.6873686479476692,7.725188665215539e-14,3.9398462192599246e-12,-1.9298280879044531,1.0192962404545369e-17,5.402270074409045e-16,0.8354967159307187,3.896559845095909e-18,3.156213474527686e-16,-0.8354967159307187,3.896559845095909e-18,3.156213474527686e-16,0.5300941542906014,3.896559845095909e-18,3.156213474527686e-16,-0.5300941542906014,3.896559845095909e-18,3.156213474527686e-16,,,,,,,-4.949631073474884,3.896559845095909e-18,3.156213474527686e-16
a5_violation_sweep,c46fce4fac7e,ProxyOnly,FeasibleRestricted,550,500,20000,10,50,1.0,1.0,additive,0.1,5.043468111436767,0.9371324503962551,4.948983990828566,100,-0.03798624303149712,1.9487291848479735,0.03254557435734414,100,0.8822699227032658,0.7668946284783114,0.6205606788548341,100,0.07821257334929477,1.169705612344149,0.15879415798857865,100,0.5315517405117405,0.07404497928631176,0.5342794682794683,100,0.3719692492492491,0.05678794258046062,0.3735875875875876,100,0.549521919168055,0.07454875135979787,0.5551545464528886,100,0.535231020196288,0.12141115691393517,0.5484702673833163,100,0.5256974273309374,0.12465200370702265,0.5374661526305384,100,0.5145140932714214,0.14593617123603764,0.5345227865104436,100,5.368313255902832,1.8010083960138972,5.278508691961603,100,4.247316211228233,1.617919653252424,4.22246907092545,100,1.5406740895593927,0.3030027792224927,1.5390072893792182,100,-0.038717411968212,2.0720118596255888,0.10235214903594367,100,0.3031695207182629,0.08082037148074366,0.3056364126203771,100,1.356803764847899,0.6034950059237485,1.32477032352267,100,3.032097562615856,1.1666349615636131,3.0349093566070633,100,1.1799521414004834,0.8663430010973757,1.3039935153306894,100,1.135390867865772,0.3601971009529734,1.0651427176352435,100,0.8656298456679498,0.9556644498103667,0.8387955296126227,100,0.7294575430595087,0.21077211304546611,0.6649615925587725,100,0.0,0.0,0.0,100,0.0,0.0,0.0,100,5.0201303362846375,1.9145378149663417,4.547147750854492,100,,,,,,,,,,,,,,,,,,,,,,,,,,,,,,,,,,,,,,,,,,,,,,,,,,,,,,,,,,,,,,,,,,,,,,,,
a5_violation_sweep,c46fce4fac7e,TargetOnlyDR,OracleTargetTreated,550,500,20000,10,50,1.0,1.0,additive,0.1,4.598733028598984,0.8442974070594494,4.569167021544455,100,-0.04893579919147222,1.5144493007941042,0.04567719311366772,100,0.19939640375400397,0.15761148203452977,0.16009590671624557,100,0.06726301718931971,0.2458289990887538,0.05987983246735362,100,0.6432401484401485,0.04912270341992337,0.6453931353931355,100,0.4610581381381381,0.041010268083339525,0.46327527527527523,100,0.6607952057531838,0.048774561724905637,0.6667765059126955,100,0.6468528907544782,0.09157339141890115,0.6535836093404707,100,0.6327069298307373,0.10321510996699637,0.6477429277191145,100,0.6249420183592632,0.1250917498212185,0.6441811621310833,100,6.465827667075194,1.7059140763533656,6.369408140805127,100,5.077291339813315,1.604469518062946,4.957235489910107,100,1.7039650363103336,0.27304769036402926,1.6839206517798537,100,-0.06929546507051126,1.138921525928101,-0.07363384086046854,100,0.43097570429642107,0.0656591611325894,0.43499627568220656,100,1.315087739735292,0.3627998425044281,1.2800135668305046,100,3.2297868647905297,0.9029614614844085,3.1222556906920733,100,1.5211087540941557,0.8619749522623835,1.4369937512747915,100,0.7942342551721001,0.22783089912390417,0.7662717123376317,100,1.031624871384966,0.9805974885282904,1.0659680376105265,100,0.5634625173424923,0.15634522719591304,0.5415514160896284,100,0.0,0.0,0.0,100,0.0,0.0,0.0,100,12.955663826465607,3.845260612335855,12.50419306755066,100,-0.44473508283778357,4.0161556854627e-18,3.156213474527686e-16,-0.010949556159975091,0.6474574389756316,1.0,-0.6828735189492618,1.369299546879079e-13,6.43570787033167e-12,-0.010949556159975074,0.6474574389756316,1.0,0.11168840792840791,6.12472726248735e-18,3.156213474527686e-16,0.08908888888888891,5.94331234302936e-18,3.156035430494824e-16,0.11127328658512874,5.596247901468035e-18,3.156213474527686e-16,0.11162187055819014,2.093894374950665e-15,2.333709052055608e-15,0.1070095024997998,4.001557931101309e-16,1.5488665622510963e-15,0.11042792508784194,2.8782421504419467e-17,3.166066365486141e-16,1.0975144111723607,5.947967596793696e-16,1.83731228545336e-15,0.8299751285850817,1.905059820296527e-16,9.901082846823186e-16,0.16329094675094097,0.0001936617224505555,0.0009683086122527774,-0.03057805310229931,0.9835408496499783,1.0,0.12780618357815807,6.906672275406012e-18,3.156213474527686e-16,-0.04171602511260707,0.8231532975996094,1.0,0.1976893021746733,0.0668580389851297,0.5614364123706511,0.3411566126936719,1.2938800168252932e-17,3.156213474527686e-16,-0.3411566126936719,1.2938800168252932e-17,3.156213474527686e-16,0.16599502571701638,1.905059820296527e-16,9.901082846823186e-16,-0.16599502571701638,1.905059820296527e-16,9.901082846823186e-16,0.0,,,0.0,,,7.935533490180969,3.896559845095909e-18,3.156213474527686e-16
a5_violation_sweep,ccf0b1710c7d,AnchorOnly,OracleTargetTreated,550,500,20000,10,50,0.05,0.5,additive,0.1,4.283706610536972,0.5293872393442475,4.157463833082419,100,0.38260167666432304,1.4718301740883777,0.26340834079968334,100,0.186401368472507,0.14371452584004593,0.15200704590704606,100,-0.004152800463765528,0.23607812160338845,0.02855978889338498,100,0.6615006637806639,0.04449134280430992,0.6594291234291235,100,0.47715843843843847,0.03719706688161698,0.47443843843843847,100,0.6786949280105466,0.04249090030855381,0.6773624450465174,100,0.6977430688306763,0.06790418255120366,0.7022831702096053,100,0.688261796310494,0.07519230693427578,0.6930913412828268,100,0.6795222003759338,0.09193981658836949,0.6953476990130663,100,6.9776045062301195,1.894484809687822,6.9740676901890435,100,5.571708358604759,1.7282901275999958,5.582584660029909,100,1.7380650100082855,0.24836337047122134,1.7082368446846115,100,-0.3122114420683599,1.3247141360752053,-0.1435563708934527,100,0.4569524526617946,0.0561093779988081,0.452950690960246,100,1.298826671891874,0.31620596473922274,1.244556898089507,100,3.3126410867716594,0.7392005045274469,3.2675308202869013,100,1.5098079313676502,0.7353897667971951,1.470724613272582,100,0.7080654557918652,0.13995532253781107,0.6959058449990267,100,0.9000322521415225,0.7752062583876258,0.9100428060770804,100,0.47900450591350024,0.0972084952087765,0.4752446753947025,100,0.001076681852052032,0.0009262592785908634,0.0007179781317269087,100,24.17,0.6521913333934569,24.0,100,12.443280565738679,3.281501695862528,13.589775085449219,100,-0.44107661104474644,4.139373908714419e-18,3.156213474527686e-16,0.008949051963040055,0.603630307822939,1.0,-0.727315771625977,1.0706319350413213e-16,6.852044384264457e-15,0.008949051963040048,0.603630307822939,1.0,0.10815316359316361,3.0528209793531665e-17,3.156213474527686e-16,0.08812852852852854,2.483725635893387e-17,3.156035430494824e-16,0.10859187046412483,2.2731525308328643e-17,3.156213474527686e-16,0.11674363267605102,5.164212615311754e-16,2.333709052055608e-15,0.10531241032935251,2.4720581888887905e-15,3.0007545724319797e-15,0.10631095736730227,2.46529261728969e-16,1.1312643579457425e-15,1.1232548570878857,8.108209916205949e-16,1.83731228545336e-15,0.8013294573987205,2.093894374950665e-15,2.093894374950665e-15,0.2022751750707454,1.2908248770631178e-06,1.5489898524757412e-05,0.008826460637257878,0.4618514981768562,1.0,0.13112779649946404,1.8478899002670448e-17,3.156213474527686e-16,-0.06034170913253579,0.9533889759974613,1.0,0.3005485995767322,0.00039789718288930177,0.005570560560450225,0.30966754924992956,2.7135201386354882e-17,3.156213474527686e-16,-0.30966754924992956,2.7135201386354882e-17,3.156213474527686e-16,0.1602658914797441,2.093894374950665e-15,2.093894374950665e-15,-0.1602658914797441,2.093894374950665e-15,2.093894374950665e-15,0.001076681852052032,3.896559845095909e-18,7.013807721172637e-17,24.17,3.1262239657299697e-19,2.488191672302221e-18,6.941843862533569,1.0148444729189685e-15,1.4207822620865558e-14
a5_violation_sweep,ccf0b1710c7d,AnchorPlugin,FeasibleRestricted,550,500,20000,10,50,0.05,0.5,additive,0.1,3.381605833377061,0.6751679609243847,3.211280390260677,100,0.23706348303268918,1.1017286549629335,0.06453818050120474,100,0.6903412581382614,0.5714084884308714,0.5530653634204491,100,-0.1496909940953993,0.8861483122662461,-0.12931148328628275,100,0.7833188421188421,0.0643075543126372,0.7942924642924643,100,0.5916659859859861,0.06366113304564879,0.5982182182182183,100,0.7969163607588645,0.062001714531493016,0.8054683279507904,100,0.7965113104948013,0.07100317857288566,0.8062535279855481,100,0.7988909591696541,0.07516016321931189,0.8065673465956613,100,0.7968810582503751,0.08434056523319874,0.81354246417221,100,7.928510744607755,2.000366619500784,7.812461413132122,100,6.432100069227302,1.8556700378182955,6.314158599047695,100,1.0499113787797092,0.11000272522676201,1.0358451085809408,100,0.12349857758325317,0.8680087283616851,0.05012688022356536,100,0.6376288195348763,0.09555317001018662,0.6457864098077293,100,0.799248482631572,0.5175651404351568,0.7244179694892666,100,1.5243689548698438,0.7792302063873283,1.3835059397907843,100,1.7629808367612079,0.7239356651423003,1.704938728587976,100,0.45489255039830745,0.1668161020453019,0.40496672752052554,100,1.0721105942660314,0.7729210667970402,1.0769118994137816,100,0.30692616378899157,0.10890445161649939,0.28721403242827936,100,0.003527070922906705,0.002409570491716582,0.003328217680933593,100,49.66,0.7278028371042322,50.0,100,6.717393662929535,2.152408617643894,7.234761118888855,100,-1.3431773882046567,3.896559845095909e-18,3.156213474527686e-16,-0.13658914166859376,0.09886198404788216,1.0,-0.22337588196022293,0.0011572317128310011,0.03934587823625404,-0.13658914166859373,0.09886198404788216,1.0,0.22997134193134197,3.896559845095909e-18,3.156213474527686e-16,0.20263607607607612,3.896340037647931e-18,3.156035430494824e-16,0.22681330321244272,3.896559845095909e-18,3.156213474527686e-16,0.215511874340176,3.896559845095909e-18,3.156213474527686e-16,0.21594157318851268,3.896559845095909e-18,3.156213474527686e-16,0.2236698152417437,3.896559845095909e-18,3.156213474527686e-16,2.0741610954655214,3.896559845095909e-18,3.156213474527686e-16,1.6617211680212634,3.896559845095909e-18,3.156213474527686e-16,-0.4858784561578308,8.023842397878198e-18,4.653828590769355e-16,0.44453648028887094,0.04688342955203153,1.0,0.3118041633725459,3.896559845095909e-18,3.156213474527686e-16,-0.5599198983928381,4.782479999455785e-15,2.869487999673471e-13,-1.4877235323250837,3.433907108732613e-17,1.6826144832789803e-15,0.5628404546434875,5.596247901468035e-18,3.156213474527686e-16,-0.5628404546434875,5.596247901468035e-18,3.156213474527686e-16,0.3323442336042526,3.896559845095909e-18,3.156213474527686e-16,-0.3323442336042526,3.896559845095909e-18,3.156213474527686e-16,0.003527070922906705,3.896559845095909e-18,7.013807721172637e-17,49.66,4.311012923700518e-20,6.897620677920828e-19,1.2159569597244262,0.00018336434663245005,0.0012835504264271504
a5_violation_sweep,ccf0b1710c7d,EntropyBalancing,FeasibleRestricted,550,500,20000,10,50,0.05,0.5,additive,0.1,2.137122305179626,1.0236243444599769,1.951251204625565,100,0.21006910400273085,1.3229052403278005,0.20424411360760875,100,0.6525546098706845,0.5119198152338095,0.5291643030212094,100,-0.17668537312535773,0.8128084968610112,-0.2182432637728071,100,0.9137833785433785,0.08060379432391075,0.9434543474543475,100,0.7692369169169169,0.11441019480868947,0.7951851851851852,100,0.9203703716899634,0.07594232443769718,0.9488510645867476,100,0.9208238481075566,0.07839986869611938,0.9513459282571409,100,0.9206670208682713,0.07690203287243602,0.9512496216444208,100,0.9206331128209357,0.07710379603285394,0.9468172988385053,100,9.089731973575825,1.9499392067037244,8.99066186189938,100,7.333801927542712,1.825561319253014,7.1888200746215265,100,0.9734251558421703,0.05674782567963369,0.9772783192559729,100,0.18686461040784746,0.8244173768355462,0.20906705315045854,100,0.8526140562593681,0.13087265032235734,0.9003891003715581,100,0.711378432665904,0.4766961942997806,0.5778074506776687,100,1.1395865255797497,0.6547969194266328,0.9792288705918093,100,2.0177932415048674,0.7240405251285985,1.8980012740148764,100,0.20008014565464824,0.195391139738951,0.13827429420372084,100,1.2524509659291128,0.7621403394213544,1.2404579595096126,100,0.12658579212590992,0.13541983135730043,0.07021939723664658,100,,,,0,,,,0,1.83571622133255,0.8034566836628105,1.75143301486969,100,-2.587660916402092,3.896559845095909e-18,3.156213474527686e-16,-0.1635835206985522,0.09136948544321029,1.0,-0.26116253022779967,0.008971798768232087,0.2153231704375701,-0.16358352069855223,0.09136948544321029,1.0,0.36043587835587837,3.896559845095909e-18,3.156213474527686e-16,0.380207007007007,3.896559845095909e-18,3.156035430494824e-16,0.3502673141435414,3.896559845095909e-18,3.156213474527686e-16,0.33982441195293134,3.896559845095909e-18,3.156213474527686e-16,0.3377176348871299,3.896559845095909e-18,3.156213474527686e-16,0.3474218698123044,3.896559845095909e-18,3.156213474527686e-16,3.2353823244335915,3.896559845095909e-18,3.156213474527686e-16,2.5634230263366713,3.896559845095909e-18,3.156213474527686e-16,-0.5623646790953698,6.906672275406012e-18,4.4202702562598474e-16,0.5079025131134652,0.021240745629242976,1.0,0.5267894000970378,3.896559845095909e-18,3.156213474527686e-16,-0.6477899483585058,3.9197457473169017e-13,1.8814779587121128e-11,-1.8725059616151782,1.219062650217942e-17,6.339125781133298e-16,0.8176528593871467,4.0161556854627e-18,3.156213474527686e-16,-0.8176528593871467,4.0161556854627e-18,3.156213474527686e-16,0.5126846052673342,3.896559845095909e-18,3.156213474527686e-16,-0.5126846052673343,3.896559845095909e-18,3.156213474527686e-16,,,,,,,-3.6657204818725586,3.896559845095909e-18,3.156213474527686e-16
a5_violation_sweep,ccf0b1710c7d,Glmtrans_Auto,OracleTargetTreated,550,500,20000,10,50,0.05,0.5,additive,0.1,1.1598051380712433,0.6791346821735466,1.0286351495207278,100,0.3807892156174643,1.484626820577561,0.2082057645590804,100,0.06857206376820779,0.06714460274134881,0.05479613603531064,100,-0.005965261510624262,0.09603165137452767,-0.002184784827886199,100,0.9696584165384166,0.029608212338047783,0.9790007470007471,100,0.8670206206206208,0.0704185572511567,0.8759119119119119,100,0.9725127645648081,0.027062317966778236,0.9809527215027204,100,0.9723692663877812,0.02901952132941881,0.9802156158727002,100,0.9723311067945385,0.02942873994259331,0.985221974792251,100,0.9718388511433582,0.02936756439804583,0.9828211584702085,100,9.617410729974067,2.003396616758969,9.722969107889504,100,7.747640281843542,1.8487391010219896,7.765562406741951,100,1.025807169625242,0.020201763372232923,1.0248646870278881,100,-0.0007277631687621355,0.11153181902421998,-0.004493597497640505,100,0.9463209884204598,0.05160458005301364,0.9624179726744271,100,0.16139435058012663,0.08623660073315005,0.13634123688593075,100,0.3808224734781268,0.21126253923583252,0.3127842986161067,100,2.1567090650217553,0.7413628833257883,2.077619404066596,100,0.06116432213775982,0.06635703721088451,0.03961995453302092,100,1.3352186367892787,0.7690640969770518,1.3161976853556157,100,0.04381812126574356,0.05028077129444375,0.025983643060891848,100,,,,0,,,,0,16.333034539222716,1.683714897344765,16.12208068370819,100,-3.5649780835104745,3.896559845095909e-18,3.156213474527686e-16,0.007136590916181334,0.5202456779483677,1.0,-0.8451450763302764,8.519072542858556e-18,6.218922956286745e-16,0.007136590916181334,0.5202456779483677,1.0,0.4163109163509164,3.896559845095909e-18,3.156213474527686e-16,0.47799071071071075,3.896559845095909e-18,3.156035430494824e-16,0.4024097070183862,3.896559845095909e-18,3.156213474527686e-16,0.391369830233156,3.896559845095909e-18,3.156213474527686e-16,0.3893817208133969,3.896559845095909e-18,3.156213474527686e-16,0.398627608134727,3.896559845095909e-18,3.156213474527686e-16,3.763061080831832,3.896559845095909e-18,3.156213474527686e-16,2.9772613806375032,3.896559845095909e-18,3.156213474527686e-16,-0.5099826653122982,3.14398699044227e-17,1.2449908439758923e-15,0.3203101395368556,0.1234703042536796,1.0,0.6204963322581291,3.896559845095909e-18,3.156213474527686e-16,-1.1977740304442832,3.896559845095909e-18,3.156213474527686e-16,-2.631270013716801,3.896559845095909e-18,3.156213474527686e-16,0.9565686829040351,3.896559845095909e-18,3.156213474527686e-16,-0.9565686829040351,3.896559845095909e-18,3.156213474527686e-16,0.5954522761275007,3.896559845095909e-18,3.156213474527686e-16,-0.5954522761275006,3.896559845095909e-18,3.156213474527686e-16,,,,,,,10.83159783601761,3.896559845095909e-18,3.156213474527686e-16
a5_violation_sweep,ccf0b1710c7d,Glmtrans_DR_CrossFit,OracleTargetTreated,550,500,20000,10,50,0.05,0.5,additive,0.1,1.1660488784661711,0.6879041431599303,0.997360035575649,100,0.3815401336055742,1.4888213585049495,0.19483930848908276,100,0.0705423260395839,0.06845822299482608,0.05627876094625742,100,-0.005214343522514308,0.09841518625811571,0.0037625494065633702,100,0.9688913182913184,0.03015898781840861,0.9788787728787729,100,0.8652244244244244,0.07120124410913063,0.8755415415415415,100,0.971787964152631,0.02759842235766167,0.9809496181374717,100,0.970946902051706,0.03102464080616836,0.9821183774574618,100,0.9715398367382353,0.030020984344391714,0.9836954777578393,100,0.9710099983119571,0.030878091182672086,0.9836181317945802,100,9.603082933552603,1.9979720194263995,9.713067651699212,100,7.741716646601361,1.8491377501934019,7.766439201887584,100,0.9976187152450567,0.017443496472719755,1.0001643771632895,100,0.005129994699528604,0.10039639766753854,0.002611952766407517,100,0.9448441772920028,0.052742707292218256,0.9623181089446142,100,0.12735506524887888,0.08002623320034535,0.10761063480285224,100,0.2993557009630072,0.1852915480110953,0.2513435898751082,100,2.155532546736836,0.741606200503776,2.064612676645327,100,0.062340840422680024,0.06664924958907492,0.03860988766651441,100,1.3340339097408422,0.7678913746998405,1.31662505201029,100,0.045002848314179944,0.051512509970850204,0.025411202351108303,100,,,,0,,,,0,20.041547312736512,1.5344781687631506,19.7935631275177,100,-3.5587343431155465,3.896559845095909e-18,3.156213474527686e-16,0.007887508904291298,0.5473692910808176,1.0,-0.8431748140589,9.044445868078014e-18,6.512001025016171e-16,0.007887508904291263,0.5473692910808176,1.0,0.4155438181038181,3.896559845095909e-18,3.156213474527686e-16,0.47619451451451444,3.896559845095909e-18,3.156035430494824e-16,0.4016849066062093,3.896559845095909e-18,3.156213474527686e-16,0.38994746589708074,3.896559845095909e-18,3.156213474527686e-16,0.388590450757094,3.896559845095909e-18,3.156213474527686e-16,0.3977987553033255,3.896559845095909e-18,3.156213474527686e-16,3.7487332844103696,3.896559845095909e-18,3.156213474527686e-16,2.9713377453953207,3.896559845095909e-18,3.156213474527686e-16,-0.5381711196924833,1.903450784800175e-17,8.565528531600788e-16,0.32616789740514635,0.11852387379698198,1.0,0.6190195211296722,3.896559845095909e-18,3.156213474527686e-16,-1.231813315775531,3.896559845095909e-18,3.156213474527686e-16,-2.7127367862319205,3.896559845095909e-18,3.156213474527686e-16,0.9553921646191148,3.896559845095909e-18,3.156213474527686e-16,-0.9553921646191148,3.896559845095909e-18,3.156213474527686e-16,0.5942675490790642,3.896559845095909e-18,3.156213474527686e-16,-0.5942675490790642,3.896559845095909e-18,3.156213474527686e-16,,,,,,,14.540110609531403,3.896559845095909e-18,3.156213474527686e-16
a5_violation_sweep,ccf0b1710c7d,Glmtrans_OptionB,FeasibleRestricted,550,500,20000,10,50,0.05,0.5,additive,0.1,1.921144790349868,0.8727383201993935,1.8457065989137362,100,0.1867136836552976,1.3590963212811542,0.0469948129421108,100,0.601198102126416,0.43851128530212363,0.5116118829748493,100,-0.20004079347279094,0.7190004740105543,-0.1759700044248249,100,0.9317623966423966,0.062031880813475965,0.9434049254049255,100,0.7936948948948949,0.0969854693950616,0.7953693693693693,100,0.9373308722392799,0.05808556999950722,0.9491335547674624,100,0.9377604768161417,0.062449968649075566,0.9514742939026499,100,0.936663346100988,0.06052732082681697,0.95306266208705,100,0.9357587642719031,0.061457794905767846,0.9531353380442964,100,9.267546444137462,1.9944986705170045,9.232790211035775,100,7.467745633380491,1.8653230138268064,7.4072160623911465,100,0.9957145666779286,0.05329947231608536,0.996495616873891,100,0.20195539506941448,0.714522474114306,0.19563520697703465,100,0.8817831907451261,0.10213422937237837,0.8997379568318813,100,0.6420239965768053,0.41272106202588815,0.5494601167794151,100,1.034108070460327,0.5684750579438781,0.9410096836714572,100,2.0593180555824118,0.7522934549495544,1.9666243588868513,100,0.158555331577104,0.1527478054902498,0.13051851148190918,100,1.279239707096669,0.7702483699661165,1.25288317372994,100,0.09979705095835374,0.1050632836118437,0.06694074964096053,100,,,,0,,,,0,15.117240002155304,1.5506530567889194,15.134177923202515,100,-2.8036384312318496,3.896559845095909e-18,3.156213474527686e-16,-0.18693894104598535,0.06000407156781899,1.0,-0.3125190379720682,0.0005422759138800561,0.020064208813562075,-0.18693894104598538,0.06000407156781899,1.0,0.3784148964548965,3.896559845095909e-18,3.156213474527686e-16,0.40466498498498504,3.896559845095909e-18,3.156035430494824e-16,0.36722781469285837,3.896559845095909e-18,3.156213474527686e-16,0.35676104066151637,3.896559845095909e-18,3.156213474527686e-16,0.35371396011984657,3.896559845095909e-18,3.156213474527686e-16,0.3625475212632718,3.896559845095909e-18,3.156213474527686e-16,3.4131967949952298,3.896559845095909e-18,3.156213474527686e-16,2.6973667321744528,3.896559845095909e-18,3.156213474527686e-16,-0.5400752682596113,1.0501887534614503e-17,5.2509437673072515e-16,0.5229932977750322,0.018682104456869655,1.0,0.5559585345827959,3.896559845095909e-18,3.156213474527686e-16,-0.7171443844476046,3.4412810293497976e-15,2.0991814279033765e-13,-1.9779844167346017,7.333806979251821e-18,4.4002841875510927e-16,0.8591776734646908,3.896559845095909e-18,3.156213474527686e-16,-0.8591776734646908,3.896559845095909e-18,3.156213474527686e-16,0.5394733464348905,3.896559845095909e-18,3.156213474527686e-16,-0.5394733464348905,3.896559845095909e-18,3.156213474527686e-16,,,,,,,9.615803298950196,3.896559845095909e-18,3.156213474527686e-16
a5_violation_sweep,ccf0b1710c7d,IPWTransport,FeasibleRestricted,550,500,20000,10,50,0.05,0.5,additive,0.1,2.126378823157519,1.024286017091024,1.924570641545627,100,0.20888439812738938,1.3245384996570968,0.19517606663459908,100,0.6548657314442984,0.5137915742685956,0.5330704927131447,100,-0.17787007900069912,0.8156012377244443,-0.22827845071901887,100,0.9146647761847764,0.08024873470163722,0.944803652803653,100,0.7708442442442444,0.1145814544432621,0.7977457457457457,100,0.9211952886979197,0.07557971239584842,0.9501086463406008,100,0.9212834967051033,0.07866499461462717,0.9515545807366292,100,0.9210678088970831,0.07765212915779716,0.9526152229635503,100,0.921482711079153,0.07616274167718402,0.9482429361816154,100,9.09502148925605,1.955002419986503,8.99934631396335,100,7.337250220848368,1.8274890830539132,7.189319430497816,100,0.9747927326100587,0.055674234251091366,0.9792305513138813,100,0.18656391978422515,0.8274357385514797,0.18861925889048295,100,0.8540519583296853,0.1304150859395428,0.9028317544563229,100,0.7121673448498106,0.4792650174058149,0.5946221331278674,100,1.130156912051155,0.6516883456861755,0.9857952450669751,100,2.019265666849887,0.7238005765318924,1.899139694836435,100,0.1986077203096284,0.19480915057242576,0.13528668839055746,100,1.2531406245902443,0.7624506567365302,1.2405654305841458,100,0.1258961334647784,0.13595689492149945,0.07368359875546848,100,,,,0,,,,0,0.4866963052749634,0.274565416541523,0.45957696437835693,100,-2.598404398424199,3.896559845095909e-18,3.156213474527686e-16,-0.1647682265738936,0.08747921121495726,1.0,-0.25885140865418554,0.009062468723194324,0.2153231704375701,-0.1647682265738936,0.08747921121495726,1.0,0.361317275997276,3.896559845095909e-18,3.156213474527686e-16,0.38181433433433426,3.896559845095909e-18,3.156035430494824e-16,0.3510922311514977,3.896559845095909e-18,3.156213474527686e-16,0.3402840605504779,3.896559845095909e-18,3.156213474527686e-16,0.3381184229159417,3.896559845095909e-18,3.156213474527686e-16,0.34827146807052173,3.896559845095909e-18,3.156213474527686e-16,3.240671840113819,3.896559845095909e-18,3.156213474527686e-16,2.566871319642329,3.896559845095909e-18,3.156213474527686e-16,-0.5609971023274813,7.117077537219983e-18,4.4202702562598474e-16,0.5076018224898429,0.020857486260371746,1.0,0.5282273021673548,3.896559845095909e-18,3.156213474527686e-16,-0.6470010361745991,3.9197457473169017e-13,1.8814779587121128e-11,-1.8819355751437732,9.044445868078014e-18,5.064889686123688e-16,0.8191252847321665,4.0161556854627e-18,3.156213474527686e-16,-0.8191252847321665,4.0161556854627e-18,3.156213474527686e-16,0.5133742639284659,3.896559845095909e-18,3.156213474527686e-16,-0.5133742639284659,3.896559845095909e-18,3.156213474527686e-16,,,,,,,-5.0147403979301455,3.896559845095909e-18,3.156213474527686e-16
a5_violation_sweep,ccf0b1710c7d,OutcomeModelTransport,FeasibleRestricted,550,500,20000,10,50,0.05,0.5,additive,0.1,2.0376050953867333,1.026959313406792,1.8331430926408285,100,0.21528360241734593,1.3124557813094018,0.2238704126736928,100,0.6463799927283318,0.4985917464426921,0.5259882768860457,100,-0.17147087471074263,0.800575945740919,-0.18094302315273683,100,0.920958082998083,0.07782652696673956,0.9504816384816386,100,0.782212132132132,0.1151875614744747,0.8061241241241242,100,0.9270454494453118,0.07315467016475202,0.9542279361055508,100,0.926629389467962,0.07580792001866034,0.9577657579762027,100,0.9266061435536311,0.07553582943925963,0.9582511428574622,100,0.9271800713921514,0.07265373038462518,0.9544958962864725,100,9.146297493126847,1.946298240944056,9.047238557460883,100,7.380214915373915,1.8316900143207349,7.2542897227247725,100,0.9843302099173528,0.050576538759716294,0.9916532968118689,100,0.17777730802974254,0.8121390766126277,0.19017568732499712,100,0.8645018620603447,0.12709948448260944,0.9095413982528948,100,0.6904472587526446,0.4722639540430334,0.5549638810175536,100,1.0784108744773375,0.6213978739865941,0.8783135787006544,100,2.0324760395271793,0.7251837082913286,1.9059378526291484,100,0.18539734763233628,0.18983462337739995,0.1215670097563043,100,1.2617335634953537,0.7602489804207708,1.252445117291634,100,0.11730319455966881,0.13351488035516076,0.0567983588510082,100,,,,0,,,,0,0.08585139274597169,0.05642754971137864,0.06899428367614746,100,-2.687178126194985,3.896559845095909e-18,3.156213474527686e-16,-0.15836902228393707,0.11295094131626206,1.0,-0.26733714737015235,0.0051293465137661285,0.12823366284415322,-0.15836902228393707,0.11295094131626206,1.0,0.3676105828105829,3.896559845095909e-18,3.156213474527686e-16,0.39318222222222216,3.896559845095909e-18,3.156035430494824e-16,0.35694239189889004,3.896559845095909e-18,3.156213474527686e-16,0.3456299533133368,3.896559845095909e-18,3.156213474527686e-16,0.3436567575724896,3.896559845095909e-18,3.156213474527686e-16,0.35396882838352,3.896559845095909e-18,3.156213474527686e-16,3.291947843984614,3.896559845095909e-18,3.156213474527686e-16,2.6098360141678767,3.896559845095909e-18,3.156213474527686e-16,-0.5514596250201873,9.044445868078014e-18,4.793556310081347e-16,0.4988152107353603,0.025878214565521463,1.0,0.5386772058980142,3.896559845095909e-18,3.156213474527686e-16,-0.6687211222717653,1.3342953499027622e-13,6.671476749513811e-12,-1.9336816127175904,8.777880718979924e-18,5.003392009818557e-16,0.8323356574094588,4.0161556854627e-18,3.156213474527686e-16,-0.8323356574094588,4.0161556854627e-18,3.156213474527686e-16,0.5219672028335753,3.896559845095909e-18,3.156213474527686e-16,-0.5219672028335753,3.896559845095909e-18,3.156213474527686e-16,,,,,,,-5.415585310459137,3.896559845095909e-18,3.156213474527686e-16
a5_violation_sweep,ccf0b1710c7d,ProxyOnly,FeasibleRestricted,550,500,20000,10,50,0.05,0.5,additive,0.1,4.724783221581718,0.6843259949775963,4.605473733824531,100,0.3736526247012829,1.7690898828626234,0.4338192220217913,100,0.9137171400984841,0.7397697821676559,0.8387604333671281,100,-0.013101852426805576,1.1791514201284523,0.07965234980321312,100,0.5533475001875003,0.07503125874305663,0.5582180282180282,100,0.3890299099099101,0.05799367631398147,0.3940920920920921,100,0.5701030575464218,0.07504338591457635,0.5789792181130697,100,0.5809994361546253,0.10417292865175634,0.5833419364450443,100,0.5829493859811415,0.11176724863577066,0.5911096325314744,100,0.5732112430086314,0.12673733802973294,0.5828877343089711,100,5.854349649142234,1.94610485383784,5.762960175267775,100,4.77037890120604,1.792529889256766,4.656629011971999,100,1.53578983493754,0.3280487000517372,1.5519755949686505,100,-0.32103790270561766,1.9857266717696243,-0.20243091302512373,100,0.32582465616233036,0.0802822888402692,0.33061929749999214,100,1.35916838102441,0.582429436145499,1.2755002815684686,100,3.012092487194928,1.0960156740475517,2.8627591057690034,100,1.2001403821177206,0.7536896859650383,1.2277848320596758,100,1.017733005041795,0.32673357268767184,0.9351399118110555,100,0.7397663606617786,0.7690701873109743,0.7498253219271267,100,0.6392703973932443,0.15484835280093415,0.602218282386802,100,0.0,0.0,0.0,100,0.0,0.0,0.0,100,5.501436703205108,2.041476898319065,5.171043634414673,100,,,,,,,,,,,,,,,,,,,,,,,,,,,,,,,,,,,,,,,,,,,,,,,,,,,,,,,,,,,,,,,,,,,,,,,,
a5_violation_sweep,ccf0b1710c7d,TargetOnlyDR,OracleTargetTreated,550,500,20000,10,50,0.05,0.5,additive,0.1,4.245931223201801,0.5254039774426419,4.144868268100524,100,0.3761774785671099,1.4711502732069965,0.2708321293925102,100,0.20967941944714283,0.16638555420459772,0.1649085257811432,100,-0.010576998560978719,0.26829219929895465,0.010540608233576304,100,0.672718553878554,0.04078493352554358,0.674951216951217,100,0.48634042042042047,0.03449936560064639,0.48641841841841843,100,0.6897574503627721,0.03922937822501255,0.690599480609091,100,0.6997273533572127,0.06317018064611302,0.7061461683741894,100,0.6945799742503405,0.06984595557702669,0.6976746844154523,100,0.6896348198622111,0.08736272564901229,0.698065379027045,100,6.991820417905142,1.8403210228620899,6.9492622942179985,100,5.616401918244984,1.7019446944300947,5.532500763774511,100,1.7486166309527547,0.27096029909341357,1.7194980387216852,100,-0.2950692340944288,1.3027414474347714,-0.24682013678622858,100,0.4725311386351111,0.050967148038617065,0.47351011257994857,100,1.3172320428688145,0.33947078405283954,1.3254056620983494,100,3.332123228842739,0.765614348292327,3.3362074595130364,100,1.5340617822152631,0.7315879533689518,1.4875835904161363,100,0.6838116049442526,0.13735144432052762,0.6717263248555004,100,0.9089709640695673,0.7893697712860889,0.9527048529962465,100,0.47006579398545534,0.09527384037328282,0.46019780453412107,100,0.0,0.0,0.0,100,0.0,0.0,0.0,100,13.599706020355224,3.642422074834886,12.82458770275116,100,-0.47885199837991616,3.896559845095909e-18,3.156213474527686e-16,0.002524853865826804,0.5728322123507377,1.0,-0.7040377206513413,8.248184779150681e-17,5.608765649822463e-15,0.002524853865826822,0.5728322123507377,1.0,0.11937105369105373,1.1832715745334615e-17,3.156213474527686e-16,0.0973105105105105,9.601770743442903e-18,3.156035430494824e-16,0.11965439281635046,8.777880718979924e-18,3.156213474527686e-16,0.11872791720258727,3.8895150867593465e-16,2.333709052055608e-15,0.11163058826919907,3.097733124502193e-16,1.5488665622510963e-15,0.11642357685357965,3.750168121901122e-17,3.7501681219011217e-16,1.1374707687629086,4.001557931101309e-16,1.83731228545336e-15,0.8460230170389446,4.880034421013085e-16,1.4640103263039256e-15,0.2128267960152146,4.986516364601756e-07,6.981122910442459e-06,0.025968668611188957,0.3426319759495927,1.0,0.14670648247278065,7.55704804907942e-18,3.156213474527686e-16,-0.04193633815559532,0.7912012765498633,1.0,0.32003074164781126,0.00020173876107448905,0.003026081416117336,0.33392140009754223,9.893009181510365e-18,3.156213474527686e-16,-0.33392140009754223,9.893009181510365e-18,3.156213474527686e-16,0.16920460340778892,4.880034421013085e-16,1.4640103263039256e-15,-0.16920460340778892,4.880034421013085e-16,1.4640103263039256e-15,0.0,,,0.0,,,8.098269317150116,3.896559845095909e-18,3.156213474527686e-16
a5_violation_sweep,f1e5a48f23f5,AnchorOnly,OracleTargetTreated,550,500,20000,10,50,0.2,0.0,additive,0.1,4.868060109085868,0.7693361210112103,4.7722666251582435,100,-0.03174927675197199,1.6995947362857449,-0.02445331249181295,100,0.20595362051408148,0.1676489157946504,0.15014180491567208,100,0.014686792352464261,0.2659579394685711,-0.009412814387883772,100,0.6720363866763865,0.04269245454819741,0.6715174555174557,100,0.4860907707707707,0.036259783520685866,0.4855555555555556,100,0.6894016228528501,0.04194729100460658,0.6897214071238437,100,0.6828975244108889,0.0801852685650608,0.6934485497493554,100,0.6748836446668701,0.09391852001370192,0.6913977702929472,100,0.6658662306905085,0.11020930335495085,0.6851006874375386,100,7.449783139952278,2.1792380323788585,7.298986976422679,100,5.910215230407108,2.0101156534026403,5.619240150061627,100,1.7938090578819146,0.34081291426445487,1.726008821568874,100,0.002825204922431762,1.556174034590649,0.10510596349054244,100,0.4695975498771623,0.05769817272355826,0.4696740248719859,100,1.5597370076329957,0.46356333957971424,1.576012167655751,100,3.8014782721322393,0.9267626623411388,3.86951160359207,100,1.7007761080312047,0.8545136607397715,1.6117271840915601,100,0.8043096346573222,0.1901762499260581,0.757158678107831,100,1.1565726179558928,0.9158476209614919,1.0852156180042678,100,0.5339196691227304,0.1290236573178884,0.518521525561974,100,0.0009695432071845179,0.0008425989094063595,0.000618016311020299,100,24.13,0.69128777501037,24.0,100,13.816123595237732,3.1411793081901704,14.531121611595154,100,-0.749535833566523,3.896559845095909e-18,3.156213474527686e-16,-0.04690356878150828,0.5704943464345489,1.0,-0.9347662893100077,1.698310160677352e-16,1.0020029947996377e-14,-0.046903568781508295,0.5704943464345489,1.0,0.19350202830202828,4.9610417082651575e-18,3.156213474527686e-16,0.15340864864864867,4.9610417082651575e-18,3.156035430494824e-16,0.19398637258888207,4.9610417082651575e-18,3.156213474527686e-16,0.20533207107900472,5.112831740936498e-18,3.156213474527686e-16,0.21501197503906055,5.596247901468035e-18,3.156213474527686e-16,0.2226478895245738,5.269204481546392e-18,3.156213474527686e-16,2.158379651759152,5.112831740936498e-18,3.156213474527686e-16,1.7490953343921953,5.430296382634715e-18,3.156213474527686e-16,0.36451024969739637,2.5968634363691743e-08,4.154981498190679e-07,-0.09437765368490575,0.7859083271789165,1.0,0.21601579312576663,5.112831740936498e-18,3.156213474527686e-16,0.03902314633337234,0.45352287270111424,1.0,0.5428922726686831,3.977234352394938e-05,0.0007159021834310889,0.5136606893035872,7.55704804907942e-18,3.156213474527686e-16,-0.5136606893035871,7.55704804907942e-18,3.156213474527686e-16,0.34981906687843906,5.430296382634715e-18,3.156213474527686e-16,-0.34981906687843906,5.430296382634715e-18,3.156213474527686e-16,0.0009695432071845179,3.896559845095909e-18,7.013807721172637e-17,24.13,4.799522165520748e-19,2.488191672302221e-18,8.52297614812851,1.6412062569258175e-17,3.156213474527686e-16
a5_violation_sweep,f1e5a48f23f5,AnchorPlugin,FeasibleRestricted,550,500,20000,10,50,0.2,0.0,additive,0.1,4.545072286833354,1.0626742132574143,4.585130958363863,100,-0.02701295744286536,1.1873746342140095,0.04763444789249863,100,0.9145009166579446,0.7237036287472558,0.6928682256561187,100,0.01942311166157093,1.169668925851221,0.015352549837902962,100,0.6811149434349434,0.11556623526758172,0.6888422748422749,100,0.4990347947947948,0.1006817723289439,0.5023303303303304,100,0.6971470076795135,0.1139644386738784,0.7075891071751388,100,0.6841564034856766,0.12805470608485497,0.7082770073586977,100,0.6769196612574783,0.1368221790672386,0.6990219250086867,100,0.6753432263611968,0.14608644364252654,0.7049665731811667,100,7.432617519510183,2.3800755144044303,7.4896466019551715,100,5.89072678706873,2.1230812055652817,5.941913472686415,100,1.0298934011948968,0.18018147348238897,1.0652784473376546,100,0.004827959011493379,1.1683004396378718,-0.051042185535952286,100,0.49893043247296576,0.14915785139439547,0.5012161071349939,100,1.1280673335932694,0.637441935791082,0.9881455280336895,100,2.209355176225375,1.0251263874602021,1.994372595214402,100,1.7281495626971455,0.8930471226843033,1.6138590662545143,100,0.7769361799913815,0.333071276461589,0.7310911339957409,100,1.1526749292882172,0.9427879228781676,1.129749236352949,100,0.5378173577904061,0.2296650269812214,0.515700073701677,100,0.0030300945913001574,0.002341276873591401,0.002321100127245501,100,49.73,0.5659532050470517,50.0,100,7.2739160442352295,1.989593358533838,7.599469900131226,100,-1.072523655819037,4.139373908714419e-18,3.156213474527686e-16,-0.0421672494724016,0.49600544229157995,1.0,-0.22621899316614472,0.0036279240707813355,0.09795394991109606,-0.04216724947240161,0.49600544229157995,1.0,0.20258058506058507,3.896559845095909e-18,3.156213474527686e-16,0.16635267267267267,3.896559845095909e-18,3.156035430494824e-16,0.20173175741554572,3.896559845095909e-18,3.156213474527686e-16,0.20659095015379264,4.0161556854627e-18,3.156213474527686e-16,0.2170479916296687,3.896559845095909e-18,3.156213474527686e-16,0.2321248851952621,3.896559845095909e-18,3.156213474527686e-16,2.141214031317055,4.0161556854627e-18,3.156213474527686e-16,1.7296068910538174,3.896559845095909e-18,3.156213474527686e-16,-0.3994054069896214,9.967579141863275e-15,2.392218994047186e-13,-0.09237489959584413,0.6548878905640467,1.0,0.24534867572157001,3.896559845095909e-18,3.156213474527686e-16,-0.39264652770635416,4.075087395281079e-08,1.2225262185843235e-06,-1.0492308232381802,1.0912604016700083e-10,3.0555291246760234e-09,0.5410341439695276,3.896559845095909e-18,3.156213474527686e-16,-0.5410341439695276,3.896559845095909e-18,3.156213474527686e-16,0.34592137821076363,3.896559845095909e-18,3.156213474527686e-16,-0.34592137821076363,3.896559845095909e-18,3.156213474527686e-16,0.0030300945913001574,3.896559845095909e-18,7.013807721172637e-17,49.73,1.9168115972518383e-20,3.450260875053309e-19,1.9807685971260072,7.052036774337939e-10,6.346833096904145e-09
a5_violation_sweep,f1e5a48f23f5,EntropyBalancing,FeasibleRestricted,550,500,20000,10,50,0.2,0.0,additive,0.1,4.185361970096211,1.293366612720188,3.975751165915809,100,-0.005769831814192268,1.3672144103196244,0.10604796269327849,100,1.0724032557362413,0.7410907514263775,1.018210683238704,100,0.04066623729024405,1.3073677567553803,0.06529015810386579,100,0.7443347026547028,0.12730101648062703,0.7662154362154363,100,0.5623043443443444,0.1234943673628765,0.5694994994994995,100,0.758622501293725,0.12395620556076331,0.7799993208641723,100,0.7569603020432335,0.13785949666122,0.7688196855526701,100,0.7482509520517798,0.13630971343244117,0.7629512223889562,100,0.745137310622268,0.14102910941842056,0.7509813116567519,100,8.148327179461294,2.410351651773758,8.234530042515422,100,6.442951913481133,2.1201018793655004,6.482996800513174,100,0.8922487728106693,0.14637423056371368,0.9101865239154358,100,-0.02773726339837747,1.2705937269613663,-0.03393047295060851,100,0.591275328947668,0.17989870419582119,0.6069688522882787,100,1.310211948565669,0.6840256777546135,1.186111060869882,100,2.5344127826236114,1.2885267594450556,2.2156464249053394,100,1.8603649932968336,0.9003353098889599,1.8734733615576844,100,0.6447207493916935,0.37393428304979925,0.5335297975947908,100,1.263119954570698,0.9436247297877428,1.248789503063169,100,0.4273723325079253,0.25324992821093,0.37116809051710375,100,,,,0,,,,0,2.0545268154144285,0.8528856363438934,2.0646051168441772,100,-1.432233972556181,8.777880718979924e-18,3.156213474527686e-16,-0.020924123843728513,0.817806007749672,1.0,-0.06831665408784826,0.48518973727290204,1.0,-0.020924123843728513,0.817806007749672,1.0,0.2658003442803443,4.0161556854627e-18,3.156213474527686e-16,0.2296222222222222,4.0161556854627e-18,3.156035430494824e-16,0.2632072510297572,4.0161556854627e-18,3.156213474527686e-16,0.27939484871134934,4.813701823147399e-18,3.156213474527686e-16,0.28837928242397026,4.3971135541818935e-18,3.156213474527686e-16,0.30191896945633295,3.896559845095909e-18,3.156213474527686e-16,2.856923691268165,5.269204481546392e-18,3.156213474527686e-16,2.281832017466221,4.531861061109546e-18,3.156213474527686e-16,-0.537050035373849,3.750168121901122e-17,1.4250638863224263e-15,-0.124940122005715,0.7180814247397251,1.0,0.33769357219627233,4.0161556854627e-18,3.156213474527686e-16,-0.2105019127339543,0.007171580689875418,0.13626003310763296,-0.7241732168399447,1.9512317174970406e-05,0.0004097586606743785,0.673249574569216,3.896559845095909e-18,3.156213474527686e-16,-0.673249574569216,3.896559845095909e-18,3.156213474527686e-16,0.45636640349324414,4.531861061109546e-18,3.156213474527686e-16,-0.45636640349324414,4.531861061109546e-18,3.156213474527686e-16,,,,,,,-3.238620631694794,4.0161556854627e-18,3.156213474527686e-16
a5_violation_sweep,f1e5a48f23f5,Glmtrans_Auto,OracleTargetTreated,550,500,20000,10,50,0.2,0.0,additive,0.1,0.47946635153426664,0.14699255691180618,0.4550582580661311,100,-0.04661321699452176,1.7077799736263861,0.011903804433214538,100,0.030558478763127138,0.025851569321992014,0.022729162868719732,100,-0.00017714789008546687,0.04014380517497633,0.001802367940840932,100,0.9965577010377011,0.002725751938666257,0.9973703953703954,100,0.955741061061061,0.015423178361234354,0.957861861861862,100,0.9969642025534288,0.002476055388654318,0.9977670235657151,100,0.9968451875546677,0.002931517739645581,0.9977365445213039,100,0.9968300805572256,0.003101800766435393,0.9977469535420082,100,0.9966607682240594,0.003981691652890347,0.9978794987632005,100,10.73719775715181,2.454758049913262,10.49921371848778,100,8.555178032144095,2.2002823369576583,8.549664203005841,100,1.030065253984426,0.013038667120329351,1.0321454850738903,100,0.002343558692527292,0.06269391758090512,0.009525885923507275,100,0.9938540236934569,0.005024090271848804,0.9955154882006525,100,0.14745665304842195,0.05166854058020724,0.1456330907945736,100,0.3490235031113811,0.1285640822606336,0.3630504420596532,100,2.498182309454751,0.882954897416489,2.4302853306825583,100,0.006903433233775927,0.00570461259100178,0.005301005972785489,100,1.68556517830329,0.923303443985477,1.5809244612755229,100,0.004927108775333254,0.0038797810794842166,0.0034288280445304853,100,,,,0,,,,0,16.062676424980165,1.5281915378223172,15.860005617141724,100,-5.138129591118124,3.896559845095909e-18,3.156213474527686e-16,-0.06176750902405799,0.5247177003787094,1.0,-1.1101614310609622,4.3971135541818935e-18,3.5616619788873337e-16,-0.06176750902405799,0.5247177003787094,1.0,0.5180233426633427,3.896559845095909e-18,3.156213474527686e-16,0.6230589389389389,3.896559845095909e-18,3.156035430494824e-16,0.5015489522894608,3.896559845095909e-18,3.156213474527686e-16,0.5192797342227837,3.896559845095909e-18,3.156213474527686e-16,0.536958410929416,3.896559845095909e-18,3.156213474527686e-16,0.5534424270581247,3.896559845095909e-18,3.156213474527686e-16,5.445794268958684,3.896559845095909e-18,3.156213474527686e-16,4.394058136129182,3.896559845095909e-18,3.156213474527686e-16,-0.3992335542000924,1.2462984954007447e-12,2.367967141261415e-11,-0.09485929991481021,0.6698511676891292,1.0,0.740272266942061,3.896559845095909e-18,3.156213474527686e-16,-1.3732572082512016,3.896559845095909e-18,3.156213474527686e-16,-2.9095624963521747,3.896559845095909e-18,3.156213474527686e-16,1.3110668907271332,3.896559845095909e-18,3.156213474527686e-16,-1.3110668907271332,3.896559845095909e-18,3.156213474527686e-16,0.8788116272258364,3.896559845095909e-18,3.156213474527686e-16,-0.8788116272258364,3.896559845095909e-18,3.156213474527686e-16,,,,,,,10.76952897787094,3.896559845095909e-18,3.156213474527686e-16
a5_violation_sweep,f1e5a48f23f5,Glmtrans_DR_CrossFit,OracleTargetTreated,550,500,20000,10,50,0.2,0.0,additive,0.1,0.41955490304078524,0.14928333473531885,0.3626650427798751,100,-0.044417057808900165,1.709911690181152,0.0007693860927049621,100,0.03186039084365565,0.023755386966892552,0.027781710243458213,100,0.002019011295536087,0.039818823577008194,0.006480366550194627,100,0.9969002115002117,0.0025991080650412984,0.9976996156996158,100,0.9586145345345346,0.014861895127106995,0.9614014014014014,100,0.99726666032565,0.002359139848252832,0.9980099571708934,100,0.9969650889276015,0.0029847968186552214,0.9980658556141488,100,0.9971634266467793,0.0029668532963076553,0.9982055000935024,100,0.9969202647801424,0.004382193784250353,0.9980213919759876,100,10.738619674859674,2.455356946719504,10.503724239830916,100,8.558020283333331,2.2008584409916363,8.550980667658731,100,1.0040672676454134,0.007090595546834345,1.0039462992344854,100,-0.0016389063101537307,0.040074711220563254,-0.0033676266979008485,100,0.9944402358665889,0.004816890517977116,0.9960783965287573,100,0.05516193720803758,0.023307517812732326,0.050293852115452536,100,0.13155968672660795,0.07041005150615298,0.1103994660574883,100,2.498830572186456,0.8831025207271955,2.43092255220986,100,0.006255170502071467,0.005586918791657305,0.004527713008246725,100,1.6861336285411368,0.9229951588002614,1.5835313603497136,100,0.0043586585374857925,0.003489143362781041,0.0031000235143604504,100,,,,0,,,,0,19.31064638853073,1.7293606421305479,19.13189971446991,100,-5.198041039611606,3.896559845095909e-18,3.156213474527686e-16,-0.05957134983843646,0.5337204302967387,1.0,-1.1088595189804338,4.3971135541818935e-18,3.5616619788873337e-16,-0.05957134983843646,0.5337204302967387,1.0,0.5183658531258531,3.896559845095909e-18,3.156213474527686e-16,0.6259324124124125,3.896559845095909e-18,3.156035430494824e-16,0.5018514100616822,3.896559845095909e-18,3.156213474527686e-16,0.5193996355957177,3.896559845095909e-18,3.156213474527686e-16,0.5372917570189696,3.896559845095909e-18,3.156213474527686e-16,0.5537019236142076,3.896559845095909e-18,3.156213474527686e-16,5.447216186666546,3.896559845095909e-18,3.156213474527686e-16,4.396900387318419,3.896559845095909e-18,3.156213474527686e-16,-0.4252315405391046,1.5185669321220046e-13,3.34084725066841e-12,-0.09884176491749125,0.6598606407090197,1.0,0.7408584791151932,3.896559845095909e-18,3.156213474527686e-16,-1.4655519240915857,3.896559845095909e-18,3.156213474527686e-16,-3.127026312736948,3.896559845095909e-18,3.156213474527686e-16,1.3117151534588383,3.896559845095909e-18,3.156213474527686e-16,-1.3117151534588383,3.896559845095909e-18,3.156213474527686e-16,0.8793800774636837,3.896559845095909e-18,3.156213474527686e-16,-0.8793800774636837,3.896559845095909e-18,3.156213474527686e-16,,,,,,,14.01749894142151,3.896559845095909e-18,3.156213474527686e-16
a5_violation_sweep,f1e5a48f23f5,Glmtrans_OptionB,FeasibleRestricted,550,500,20000,10,50,0.2,0.0,additive,0.1,4.031079791144741,1.3448589172488825,3.805129119194774,100,-0.023427263719850648,1.3828043742869205,0.048509556803104883,100,1.0634119561273232,0.7388795475873398,0.9624020605533263,100,0.023008805384585593,1.2991058071906703,0.02890033708645845,100,0.7618032053232056,0.12690690588023876,0.787069699069699,100,0.5809023823823825,0.12755379814019405,0.589997997997998,100,0.7754110513670937,0.1232547426729065,0.7988336985305633,100,0.771744238184857,0.13714944044182667,0.7891325275328722,100,0.7657041907746199,0.1373895286543084,0.7856561074232526,100,0.7630516428181027,0.1422311164770934,0.7795178014512888,100,8.303940527930061,2.411099657896474,8.359337641861384,100,6.593240944229179,2.1466963990283063,6.63339678532367,100,0.9311805681377563,0.14684273558740935,0.9379374115490666,100,-0.01368259018205126,1.271284794127148,-0.01498809042776943,100,0.6169438627689015,0.1826527552291881,0.6366601622454259,100,1.245983873476954,0.6942362836444194,1.1614536763425871,100,2.3483897607678124,1.2148334621973893,2.0377546758720673,100,1.8975001694610127,0.9024106188728133,1.9760770307316433,100,0.607585573227514,0.3782983536451963,0.5233457570497051,100,1.2931777607203065,0.9424920157414877,1.2988778042003761,100,0.39731452635831666,0.247523520889354,0.339346487383829,100,,,,0,,,,0,15.42353416442871,1.421916397738811,15.188605904579163,100,-1.58651615150765,5.596247901468035e-18,3.156213474527686e-16,-0.038581555749386924,0.6327020543587233,1.0,-0.07730795369676614,0.439153713588891,1.0,-0.03858155574938695,0.6327020543587233,1.0,0.2832688469488469,3.896559845095909e-18,3.156213474527686e-16,0.24822026026026026,3.896559845095909e-18,3.156035430494824e-16,0.2799958011031259,3.896559845095909e-18,3.156213474527686e-16,0.2941787848529732,4.0161556854627e-18,3.156213474527686e-16,0.30583252114681037,3.896559845095909e-18,3.156213474527686e-16,0.3198333016521676,3.896559845095909e-18,3.156213474527686e-16,3.012537039736937,4.139373908714419e-18,3.156213474527686e-16,2.432121048214265,3.896559845095909e-18,3.156213474527686e-16,-0.49811824004676175,1.6033960728283034e-16,4.4895090039192496e-15,-0.11088544878938876,0.6673479673381713,1.0,0.363362106017506,3.896559845095909e-18,3.156213474527686e-16,-0.2747299878226695,0.0011999079320520489,0.026397974505145076,-0.9101962386957433,3.060777495341062e-07,7.958021487886761e-06,0.7103847507333954,3.896559845095909e-18,3.156213474527686e-16,-0.7103847507333954,3.896559845095909e-18,3.156213474527686e-16,0.4864242096428529,3.896559845095909e-18,3.156213474527686e-16,-0.4864242096428529,3.896559845095909e-18,3.156213474527686e-16,,,,,,,10.130386717319489,3.896559845095909e-18,3.156213474527686e-16
a5_violation_sweep,f1e5a48f23f5,IPWTransport,FeasibleRestricted,550,500,20000,10,50,0.2,0.0,additive,0.1,4.175435655550446,1.2910550936629392,3.961620314358224,100,-0.008046227232266511,1.3741457885979191,0.0963492019367306,100,1.075234556485098,0.7404165462863573,1.0115684227729083,100,0.038389841872169796,1.3094026963109056,0.049699130477650594,100,0.7455133870333871,0.1269747466281714,0.7647362307362309,100,0.5634522922922923,0.12331879570243458,0.5686406406406406,100,0.7597600316391667,0.12363039361642666,0.7790830882249875,100,0.7575233046321844,0.13765020296821376,0.7643864979741037,100,0.748754011399464,0.13597813227594158,0.7624918070411865,100,0.7462469877514567,0.14235668248809683,0.7522690319292743,100,8.158150366978006,2.4219541323930045,8.117088245838094,100,6.449012882397256,2.120049606391665,6.495650081354704,100,0.8957101425227632,0.14603048922917022,0.9130953158574411,100,-0.02603675912818954,1.2718290804698207,-0.029169076075234952,100,0.5929440797073714,0.17979449036908038,0.6086375681752694,100,1.3058397501706225,0.6807173603349531,1.1716033049552845,100,2.523542908445316,1.2964374561866958,2.2118145457305936,100,1.8634593060264992,0.8982359064808777,1.892360624706864,100,0.6416264366620277,0.37348871698427816,0.5289237662298696,100,1.264332148353922,0.9459503836143658,1.2524805804527488,100,0.42616013872470093,0.2506578100108982,0.3721331695798107,100,,,,0,,,,0,0.5437367033958435,0.27835813713492447,0.5356817245483398,100,-1.4421602871019454,8.777880718979924e-18,3.156213474527686e-16,-0.02320051926180273,0.817806007749672,1.0,-0.06548535333899118,0.5047497647349051,1.0,-0.02320051926180273,0.817806007749672,1.0,0.26697902865902867,3.896559845095909e-18,3.156213474527686e-16,0.2307701701701702,3.896559845095909e-18,3.156035430494824e-16,0.264344781375199,3.896559845095909e-18,3.156213474527686e-16,0.27995785130030054,4.670683307897806e-18,3.156213474527686e-16,0.28888234177165445,4.0161556854627e-18,3.156213474527686e-16,0.30302864658552214,3.896559845095909e-18,3.156213474527686e-16,2.8667468787848804,4.9610417082651575e-18,3.156213474527686e-16,2.2878929863823427,4.139373908714419e-18,3.156213474527686e-16,-0.5335886656617552,4.7408945782600864e-17,1.706722048173631e-15,-0.12323961773552705,0.7232283767760339,1.0,0.3393623229559759,3.896559845095909e-18,3.156213474527686e-16,-0.214874111129001,0.0057025281218700844,0.11405056243740169,-0.7350430910182402,1.3018380819711494e-05,0.00028640437803365286,0.6763438872988818,3.896559845095909e-18,3.156213474527686e-16,-0.6763438872988821,3.896559845095909e-18,3.156213474527686e-16,0.45757859727646844,4.139373908714419e-18,3.156213474527686e-16,-0.45757859727646844,4.139373908714419e-18,3.156213474527686e-16,,,,,,,-4.749410743713379,3.896559845095909e-18,3.156213474527686e-16
a5_violation_sweep,f1e5a48f23f5,OutcomeModelTransport,FeasibleRestricted,550,500,20000,10,50,0.2,0.0,additive,0.1,4.073013721005532,1.3064619725699773,3.8511692663506225,100,-0.008057770327541548,1.3490707623462694,0.04733066091572463,100,1.0789357169633713,0.7468114880632761,0.9905411058435387,100,0.038378298776894734,1.3160928984735973,0.03167366060503199,100,0.7585303712503711,0.12538040293539263,0.7804056064056064,100,0.5767881081081082,0.12437521219076554,0.5841721721721722,100,0.772341266606049,0.12181310907788458,0.7948084597977867,100,0.768394574706488,0.1358138436710332,0.7851660352293248,100,0.7626208891213886,0.13571723811645026,0.7810032692658411,100,0.7591088533338204,0.1402022835152274,0.7791139372079232,100,8.269901276682724,2.4087751899769643,8.3358838846908,100,6.569711174617239,2.147229801158173,6.567488429080573,100,0.9264855306209937,0.146572816308318,0.9329710556035298,100,-0.026869404968369384,1.2867188246035728,-0.020095536742454456,100,0.6118445518208757,0.17980262906486227,0.6305735329400722,100,1.2694930781190992,0.6951243656918199,1.184597428332343,100,2.3746040934028674,1.2197383706976532,2.0535583979351513,100,1.8898606488996381,0.9035083661480715,1.9702516088318542,100,0.6152250937888892,0.37291540101458537,0.5315068619487056,100,1.2884718067979188,0.9424473260872868,1.2714799908671917,100,0.40202048028070464,0.24501293759927345,0.3522612721387497,100,,,,0,,,,0,0.1005541181564331,0.07468887281908548,0.0839921236038208,100,-1.5445822216468594,5.596247901468035e-18,3.156213474527686e-16,-0.0232120623570778,0.6773827047880141,1.0,-0.06178419286071792,0.5157933846475856,1.0,-0.023212062357077803,0.6773827047880141,1.0,0.2799960128760129,3.896559845095909e-18,3.156213474527686e-16,0.24410598598598596,3.896559845095909e-18,3.156035430494824e-16,0.2769260163420812,3.896559845095909e-18,3.156213474527686e-16,0.2908291213746041,4.2663227307182344e-18,3.156213474527686e-16,0.30274921949357925,3.896559845095909e-18,3.156213474527686e-16,0.31589051216788555,3.896559845095909e-18,3.156213474527686e-16,2.978497788489597,4.2663227307182344e-18,3.156213474527686e-16,2.4085912786023247,3.896559845095909e-18,3.156213474527686e-16,-0.5028132775635246,1.3489339428091349e-16,3.911908434146491e-15,-0.12407226357570693,0.7078260175355122,1.0,0.3582627950694801,3.896559845095909e-18,3.156213474527686e-16,-0.2512207831805243,0.002238099402043779,0.04700008744291936,-0.8839819060606889,5.261691099391917e-07,1.3154227748479794e-05,0.7027452301720202,3.896559845095909e-18,3.156213474527686e-16,-0.7027452301720202,3.896559845095909e-18,3.156213474527686e-16,0.48171825572046495,3.896559845095909e-18,3.156213474527686e-16,-0.48171825572046495,3.896559845095909e-18,3.156213474527686e-16,,,,,,,-5.192593328952789,3.896559845095909e-18,3.156213474527686e-16
a5_violation_sweep,f1e5a48f23f5,ProxyOnly,FeasibleRestricted,550,500,20000,10,50,0.2,0.0,additive,0.1,5.617595942652391,0.9706717447351374,5.480095303973398,100,0.015154292029536241,1.8783534942073106,0.10270843852224765,100,1.1407199098240894,0.7647904797135034,1.0251639806360728,100,0.061590361133972545,1.3767565357585234,0.14912732417494423,100,0.4785343583743585,0.09899383777006521,0.48969192969192976,100,0.3326821221221221,0.07366062107230244,0.33894694694694694,100,0.49541525026396793,0.09963224525574961,0.5062194884776812,100,0.477565453331884,0.15391716678190598,0.4976631571191119,100,0.45987166962780945,0.1790613328841237,0.504804185831706,100,0.4432183411659348,0.2164080386649864,0.47251810901523256,100,5.291403488193128,2.2674623543681593,5.441615025018601,100,4.161119896014913,2.0769870227456044,4.021811511663241,100,1.4292988081845184,0.43806897628535957,1.3754650194697624,100,0.09720285860733754,2.2235740224145446,-0.09169676247692174,100,0.25358175675139555,0.09548227719633749,0.25305182019665523,100,1.5207138612996234,0.6181548191388331,1.4498531429767034,100,3.258585999463555,1.2257629221559239,3.2662685526393203,100,1.1871154187276176,0.83606968610263,1.2209246412035344,100,1.3179703239609097,0.39795797047543596,1.2572185387980768,100,0.8067535510774537,0.9176133893163164,0.6806776472171145,100,0.8837387360011695,0.2365796168390807,0.8620875366089783,100,0.0,0.0,0.0,100,0.0,0.0,0.0,100,5.293147447109223,1.7070996511055225,5.07612943649292,100,,,,,,,,,,,,,,,,,,,,,,,,,,,,,,,,,,,,,,,,,,,,,,,,,,,,,,,,,,,,,,,,,,,,,,,,
a5_violation_sweep,f1e5a48f23f5,TargetOnlyDR,OracleTargetTreated,550,500,20000,10,50,0.2,0.0,additive,0.1,4.801091391907034,0.7475833253041456,4.710628825150745,100,-0.02278509980143502,1.7067215267091278,-0.023941951344642706,100,0.20169366011026285,0.1533982348283284,0.17024091130800145,100,0.02365096930300126,0.25309532767831006,0.037968516955481424,100,0.6803059587859588,0.04103239402834997,0.6806659526659526,100,0.49337609609609606,0.03567101228010498,0.492938938938939,100,0.6975923223453053,0.04045752675671364,0.6981895518417958,100,0.6952328147604746,0.07519086929454492,0.7073282722034282,100,0.6819450139237291,0.0937320227329577,0.697186640614273,100,0.6724224856112354,0.10914277139690007,0.6930739531114821,100,7.580667381423147,2.206463720982587,7.402616864199944,100,5.977497379183771,2.0356741071291418,5.879261383735113,100,1.76507585982543,0.3113819628795737,1.726623748501214,100,-0.024373882822563774,1.460895949462361,0.037468961698558186,100,0.4855321929087198,0.05596930185854396,0.4837095682847178,100,1.5015123208952077,0.43239898264529764,1.4713356134354891,100,3.727756383119522,1.0114726583598586,3.6877273148789302,100,1.7275426957689208,0.8559736191118261,1.602082270494942,100,0.7775430469196064,0.1760234012327964,0.7461667336235747,100,1.1700290477112256,0.9132388451380605,1.1428078593506665,100,0.5204632393673976,0.11449627036548447,0.514571861219755,100,0.0,0.0,0.0,100,0.0,0.0,0.0,100,13.265056853294373,3.060051530564337,12.9981449842453,100,-0.8165045507453573,3.896559845095909e-18,3.156213474527686e-16,-0.03793939183097129,0.6278155248427884,1.0,-0.9390262497138266,1.273307953842098e-16,7.894509313821008e-15,-0.037939391830971295,0.6278155248427884,1.0,0.20177160041160047,4.3971135541818935e-18,3.156213474527686e-16,0.16069397397397395,4.2663227307182344e-18,3.156035430494824e-16,0.20217707208133753,4.3971135541818935e-18,3.156213474527686e-16,0.21766736142859053,4.813701823147399e-18,3.156213474527686e-16,0.2220733442959199,4.2663227307182344e-18,3.156213474527686e-16,0.22920414444530057,4.670683307897806e-18,3.156213474527686e-16,2.2892638932300207,4.813701823147399e-18,3.156213474527686e-16,1.8163774831688597,4.139373908714419e-18,3.156213474527686e-16,0.3357770516409114,5.449252887090733e-08,8.1738793306361e-07,-0.12157674142990135,0.7232283767760339,1.0,0.23195043615732414,4.139373908714419e-18,3.156213474527686e-16,-0.01920154040441596,0.8797498813382739,1.0,0.4691703836559658,0.000515235415827434,0.006698060405756641,0.5404272770413031,6.311606041551026e-18,3.156213474527686e-16,-0.5404272770413031,6.311606041551026e-18,3.156213474527686e-16,0.36327549663377195,4.139373908714419e-18,3.156213474527686e-16,-0.36327549663377195,4.139373908714419e-18,3.156213474527686e-16,0.0,,,0.0,,,7.9719094061851505,3.896559845095909e-18,3.156213474527686e-16
